RestaurantID,Restaurant Name,Latitude,Longitude,Address,Type,Cuisines,Style,Monday,Tuesday,Wednesday,Thursday,Friday,Saturday,Sunday,Has_Online_delivery,Has_Table_booking,Has_Wifi,Price,Product_quality(10),Serving_quality(10),Interior_design(10),Average_rating(5),Total votes
1,Cheesecake Ngon - Lê Văn Miến,10.8052439000000,106.7326553000000,"23B Lê Văn Miến, P. Thảo Điền, Tp. Thủ Đức, TP. HCM","Tiệm bánh, ","Bánh sinh nhật/Bánh kem, Bánh - Kẹo, Ăn vặt - Ăn nhẹ, ","Món Âu, ",12:00 - 21:00,09:00 - 21:00,09:00 - 21:00,09:00 - 21:00,09:00 - 21:00,09:00 - 21:00,Đang cập nhật,yes,no,yes,20.000 -55.000,8.3,7.9,7.6,7.6,233
2,Mekong Quán - Ẩm Thực Sông,10.8309980000000,106.7294530000000,"36 Đường Số 10, KP. 5, P. Hiệp Bình Chánh, Tp. Thủ Đức, TP. HCM","Quán ăn, ","Thịt Gà, Thịt Bò, Thịt Heo, Hải sản, Lẩu, Thịt Vịt, Món chay, Thức uống, Xúc xích, ","Món Việt, ",10:00 - 23:00,10:00 - 23:00,10:00 - 23:00,10:00 - 23:00,10:00 - 23:00,10:00 - 23:00,10:00 - 23:00,no,yes,yes,40.000 -280.000,9.1,6.7,6.7,7.2,"1,436"
3,Bánh Sầu Riêng 9 Sạch - Hoàng Diệu 2,10.8599330000000,106.7619720000000,"29 Hoàng Diệu 2, P. Linh Trung, Tp. Thủ Đức, TP. HCM","Quán ăn, ","Ăn vặt - Ăn nhẹ, Nem, Trái cây, ",,07:30 - 23:00,07:30 - 23:00,07:30 - 23:00,07:30 - 23:00,07:30 - 23:00,07:30 - 23:00,07:30 - 23:00,no,no,no,22.000 -155.000,8.0,7.9,7.9,7.9,"1,408"
4,Papas' Chicken & Beer Thủ Đức,10.8489910000000,106.7718420000000,"165 Thống Nhất, P. Bình Thọ, Tp. Thủ Đức, TP. HCM","Nhà hàng, ","Thịt Gà, Gà rán, Bún, Pizza & Pasta, Thức uống, Bia, Xúc xích, Fastfood - Thức ăn nhanh, ","Món Á, Món Hàn, Châu Phi, ",11:00 - 23:00,11:00 - 23:00,11:00 - 23:00,11:00 - 23:00,11:00 - 23:00,11:00 - 23:00,11:00 - 23:00,yes,no,no,50.000 -150.000,7.4,6.5,7.2,7.0,191
5,Chickita - Gà Nướng Lửa Hồng - Nguyễn Văn Hưởng,10.8118410000000,106.7314400000000,"230 Nguyễn Văn Hưởng, P. Thảo Điền, Tp. Thủ Đức, TP. HCM","Nhà hàng, ","Thịt Gà, Lẩu, Salad, ","Món Việt, ",10:30 - 20:45,10:30 - 20:45,10:30 - 20:45,10:30 - 20:45,10:30 - 20:45,10:30 - 20:45,10:30 - 20:45,no,yes,yes,35.000 -430.000,8.1,7.9,8.0,7.9,196
6,Sumo BBQ - Phan Xích Long - Buffet Nướng & Lẩu,10.7975160000000,106.6898630000000,"210 Phan Xích Long, P. 2, Quận Phú Nhuận, TP. HCM","Nhà hàng, Buffet, ","Thịt Gà, Bò nướng, Thịt Heo, Thịt Bò, Lẩu, ","Món Á, Món Nhật, ","11:00 - 16:00, 17:00 - 22:00","11:00 - 16:00, 17:00 - 22:00","11:00 - 16:00, 17:00 - 22:00","11:00 - 16:00, 17:00 - 22:00","11:00 - 16:00, 17:00 - 22:00","11:00 - 16:00, 17:00 - 22:00","11:00 - 16:00, 17:00 - 22:00",no,yes,yes,300.000 -407.000,7.8,7.7,7.6,7.7,315
6,Sumo BBQ - Lê Văn Sỹ - Buffet Nướng & Lẩu,10.7964850000000,106.6653910000000,"300 Lê Văn Sỹ, P. 1, Quận Tân Bình, TP. HCM","Nhà hàng, Buffet, ","Bò nướng, Thịt Bò, Lẩu, ","Món Á, Món Nhật, ","11:00 - 16:00, 17:00 - 22:00","11:00 - 16:00, 17:00 - 22:00","11:00 - 16:00, 17:00 - 22:00","11:00 - 16:00, 17:00 - 22:00","11:00 - 16:00, 17:00 - 22:00","11:00 - 16:00, 17:00 - 22:00","11:00 - 16:00, 17:00 - 22:00",no,yes,yes,300.000 -407.000,8.0,7.7,7.9,7.7,341
6,Sumo BBQ - Quang Trung - Buffet Nướng & Lẩu,10.8290085000000,106.6732790000000,"50 Quang Trung, P. 10, Quận Gò Vấp, TP. HCM","Nhà hàng, ","Thịt Bò, Lẩu, ","Món Á, Món Nhật, ","05:00 - 22:00, 11:00 - 16:00","05:00 - 22:00, 11:00 - 16:00","05:00 - 22:00, 11:00 - 16:00","05:00 - 22:00, 11:00 - 16:00","05:00 - 22:00, 11:00 - 16:00","05:00 - 22:00, 11:00 - 16:00","05:00 - 22:00, 11:00 - 16:00",no,yes,yes,300.000 -407.000,7.9,7.5,7.5,7.4,102
6,Sumo BBQ - Cao Thắng - Buffet Nướng & Lẩu,10.7705650000000,106.6811300000000,"59B Cao Thắng, Quận 3, TP. HCM","Nhà hàng, Buffet, ","Thịt Gà, Gà rán, Nấm, Thịt Heo, Thịt Bò, Hải sản, Sườn nướng, Món nước, Lẩu, Chân cánh gà nướng, Thức uống, ","Món Á, Món Nhật, ",11:00 - 22:00,11:00 - 22:00,11:00 - 22:00,11:00 - 22:00,11:00 - 22:00,11:00 - 22:00,11:00 - 22:00,no,yes,yes,239.000 -378.000,7.6,7.2,7.4,7.3,346
6,Sumo BBQ - SC VivoCity - Buffet Nướng & Lẩu,10.7300774000000,106.7036149000000,"Tầng 2 Lô 02 - 39 SC Vivo City, 1058 Nguyễn Văn Linh, KP. 1, P. Tân Phong, Quận 7, TP. HCM","Buffet, ","Tôm, Bò nướng, Thịt Bò, Hải sản, Lẩu, Nghêu - Sò - Ốc, Mực, ","Món Á, Món Nhật, ",09:00 - 21:00,09:00 - 21:00,09:00 - 21:00,09:00 - 21:00,09:00 - 21:00,09:00 - 21:00,09:00 - 21:00,yes,yes,yes,300.000 -407.000,8.6,8.4,8.5,8.4,294
6,Sumo BBQ - Vincom Mega Mall Thảo Điền - Buffet Nướng & Lẩu,10.8021270000000,106.7406990000000,"Tầng 4, Vincom Mega Mall Thảo Điền, 159 Xa Lộ Hà Nội, P. Thảo Điền, Tp. Thủ Đức, TP. HCM","Nhà hàng, ","Thịt Bò, Hải sản, Sườn nướng, Chân cánh gà nướng, Lẩu, Cá, Mực, ","Món Á, Món Nhật, ",11:00 - 22:00,11:00 - 22:00,11:00 - 22:00,11:00 - 22:00,11:00 - 22:00,11:00 - 22:00,11:00 - 22:00,no,yes,yes,300.000 -400.000,8.3,8.3,8.3,8.2,129
6,Sumo BBQ - TTTM Đông Phương - Buffet Nướng & Lẩu,10.7897904000000,106.6402486000000,"TTTM Đông Phương, 685 Âu Cơ, P. Tân Thành, Quận Tân Phú, TP. HCM","Nhà hàng, Buffet, ","Thịt Gà, Tôm, Gà rán, Bò nướng, Thịt Heo, Thịt Bò, Hải sản, Sườn nướng, Chân cánh gà nướng, Lẩu, Cá, Nghêu - Sò - Ốc, Sushi & Sashimi, Mực, ","Món Á, Món Nhật, ",10:00 - 22:00,10:00 - 22:00,10:00 - 22:00,10:00 - 22:00,10:00 - 22:00,10:00 - 22:00,10:00 - 22:00,no,yes,yes,300.000 -500.000,8.8,8.5,8.8,8.7,99
6,Sumo BBQ - Aeon Mall Bình Tân - Buffet Nướng & Lẩu,10.7426740000000,106.6121070000000,"Tầng Trệt Aeon Mall Bình Tân, 1 Đường Số 17A, P. Bình Trị Đông, Quận Bình Tân, TP. HCM","Nhà hàng, Buffet, ","Thịt Gà, Gà rán, Thịt Heo, Thịt Bò, Hải sản, Sườn nướng, Chân cánh gà nướng, Lẩu, ","Món Á, Món Nhật, ",10:00 - 22:00,10:00 - 22:00,10:00 - 22:00,10:00 - 22:00,10:00 - 22:00,10:00 - 22:00,10:00 - 22:00,no,yes,yes,300.000 -450.000,8.6,8.7,8.7,8.5,79
6,Sumo BBQ - Vạn Hạnh Mall - Buffet Nướng & Lẩu,10.7708430000000,106.6699317000000,"Tầng 5 Vạn Hạnh Mall, 11 Sư Vạn Hạnh, P. 12, Quận 10, TP. HCM","Nhà hàng, Buffet, ","Thịt Gà, Gà rán, Thịt Heo, Thịt Bò, Hải sản, Sườn nướng, Chân cánh gà nướng, Lẩu, ","Món Á, Món Nhật, ",10:00 - 22:00,10:00 - 22:00,10:00 - 22:00,10:00 - 22:00,10:00 - 22:00,10:00 - 22:00,10:00 - 22:00,no,yes,yes,269.000 -389.000,8.5,8.1,8.7,8.2,66
6,Sumo BBQ - Phan Văn Trị - Buffet Nướng & Lẩu,10.8229990000000,106.6927620000000,"439A1 Phan Văn Trị, P. 5, Quận Gò Vấp, TP. HCM","Nhà hàng, Buffet, ","Gà rán, Thịt Bò, Hải sản, Sườn nướng, Lẩu, Chân cánh gà nướng, ","Món Á, Món Nhật, ",11:00 - 22:00,11:00 - 22:00,11:00 - 22:00,11:00 - 22:00,11:00 - 22:00,11:00 - 22:00,11:00 - 22:00,no,no,yes,300.000 -500.000,6.6,6.6,7.0,6.8,31
6,Sumo BBQ - Gigamall - Buffet Nướng & Lẩu,10.8284250000000,106.7219990000000,"Gian Hàng 05 - 16, 05 - 17, Tầng 5 Giga Mall, 240 - 242 Phạm Văn Đồng, P. Hiệp Bình Chánh, Tp. Thủ Đức, TP. HCM","Nhà hàng, Buffet, ","Thịt Gà, Gà rán, Thịt Heo, Thịt Bò, Hải sản, Sườn nướng, Lẩu, Chân cánh gà nướng, Ăn vặt - Ăn nhẹ, Thức uống, ","Món Á, Món Nhật, ",11:00 - 22:00,11:00 - 22:00,11:00 - 22:00,11:00 - 22:00,11:00 - 22:00,11:00 - 22:00,11:00 - 22:00,no,yes,yes,300.000 -407.000,9.6,9.6,9.6,9.6,275
7,Kichi Kichi Lẩu Băng Chuyền - Nguyễn Văn Trỗi,10.7968080000000,106.6732160000000,"197 Nguyễn Văn Trỗi, P. 10, Quận Phú Nhuận, TP. HCM","Nhà hàng, ","Thịt Gà, Thịt Bò, Hải sản, Lẩu, ","Món Á, Món Nhật, ",10:00 - 22:00,10:00 - 22:00,10:00 - 22:00,10:00 - 22:00,10:00 - 22:00,10:00 - 22:00,10:00 - 22:00,no,yes,yes,150.000 -308.000,9.0,9.0,9.0,9.0,414
7,Kichi Kichi Lẩu Băng Chuyền - Vincom Center,10.7774200000000,106.7019870000000,"Tầng B3 Vincom Center, 72 Lê Thánh Tôn, P. Bến Nghé, Quận 1, TP. HCM","Nhà hàng, ","Thịt Gà, Thịt Bò, Thịt Heo, Hải sản, Lẩu, ","Món Á, Món Nhật, ","10:00 - 17:00, 17:00 - 22:00","10:00 - 17:00, 17:00 - 22:00","10:00 - 17:00, 17:00 - 22:00","10:00 - 17:00, 17:00 - 22:00","10:00 - 17:00, 17:00 - 22:00","10:00 - 17:00, 17:00 - 22:00","10:00 - 17:00, 17:00 - 22:00",no,yes,no,149.000 -250.000,8.3,8.3,8.0,8.2,400
7,Kichi Kichi Lẩu Băng Chuyền - Phú Mỹ Hưng,10.7229067000000,106.7102129000000,"153 Nguyễn Đức Cảnh, P. Tân Phong, Quận 7, TP. HCM","Nhà hàng, ","Thịt Gà, Thịt Bò, Thịt Heo, Hải sản, Lẩu, ","Món Á, Món Nhật, ","10:00 - 17:00, 17:00 - 22:00","10:00 - 17:00, 17:00 - 22:00","10:00 - 17:00, 17:00 - 22:00","10:00 - 17:00, 17:00 - 22:00","10:00 - 17:00, 17:00 - 22:00","10:00 - 17:00, 17:00 - 22:00","10:00 - 17:00, 17:00 - 22:00",no,yes,yes,149.000 -308.000,7.3,7.2,7.2,7.3,106
7,Kichi Kichi Lẩu Băng Chuyền - Sư Vạn Hạnh,10.7764500000000,106.6666840000000,"830 Sư Vạn Hạnh, P. 13, Quận 10, TP. HCM","Nhà hàng, ","Thịt Gà, Thịt Bò, Thịt Heo, Hải sản, Lẩu, ","Món Á, Món Nhật, ","17:00 - 22:00, 17:00 - 22:00","17:00 - 22:00, 17:00 - 22:00","17:00 - 22:00, 17:00 - 22:00","17:00 - 22:00, 17:00 - 22:00","17:00 - 22:00, 17:00 - 22:00","17:00 - 22:00, 17:00 - 22:00","17:00 - 22:00, 17:00 - 22:00",no,yes,yes,149.000 -308.000,8.1,8.0,8.1,8.1,390
7,Kichi Kichi Lẩu Băng Chuyền - Phan Xích Long,10.7976450000000,106.6895840000000,"145 Phan Xích Long, P. 2, Quận Phú Nhuận, TP. HCM","Nhà hàng, ","Thịt Gà, Thịt Bò, Thịt Heo, Hải sản, Lẩu, ","Món Á, Món Nhật, ","10:00 - 17:00, 17:00 - 22:00","10:00 - 17:00, 17:00 - 22:00","10:00 - 17:00, 17:00 - 22:00","10:00 - 17:00, 17:00 - 22:00","10:00 - 17:00, 17:00 - 22:00","10:00 - 17:00, 17:00 - 22:00","10:00 - 17:00, 17:00 - 22:00",no,yes,yes,149.000 -308.000,7.2,7.0,7.2,7.2,247
7,Kichi Kichi Lẩu Băng Chuyền - Pandora City,10.8064000000000,106.6348330000000,"Gian 6A - Tầng 4, Pandora City, 1/1 Trường Chinh, P. Tây Thạnh, Quận Tân Phú, TP. HCM","Nhà hàng, ","Thịt Gà, Trà, Thịt Heo, Thịt Bò, Hải sản, Lẩu, ","Món Á, Món Nhật, ",10:00 - 21:00,10:00 - 21:00,10:00 - 21:00,10:00 - 21:00,10:00 - 21:00,10:00 - 21:00,10:00 - 21:00,no,yes,no,149.000 -273.000,7.6,7.4,7.3,7.3,63
7,Kichi Kichi Lẩu Băng Chuyền - Cộng Hòa,10.8007070000000,106.6602240000000,"Tầng Trệt, 15-17 Cộng Hòa, P. 4, Quận Tân Bình, TP. HCM","Nhà hàng, ","Lẩu, ","Món Á, Món Nhật, ",10:00 - 22:00,10:00 - 22:00,10:00 - 22:00,10:00 - 22:00,10:00 - 22:00,10:00 - 22:00,10:00 - 22:00,no,yes,yes,149.000 -220.000,7.5,7.7,7.4,7.5,114
7,Kichi Kichi Lẩu Băng Chuyền - Quang Trung,10.8267394000000,106.6793746000000,"1 Quang Trung, P. 10, Quận Gò Vấp, TP. HCM","Nhà hàng, ","Thịt Gà, Thịt Bò, Thịt Heo, Hải sản, Lẩu, ","Món Á, Món Nhật, ",09:00 - 22:00,09:00 - 22:00,09:00 - 22:00,09:00 - 22:00,09:00 - 22:00,09:00 - 22:00,09:00 - 22:00,no,yes,yes,179.000 -229.000,9.2,9.1,9.2,9.1,515
7,Kichi Kichi Lẩu Băng Chuyền - Nguyễn Sơn,10.7806950000000,106.6342060000000,"2 Nguyễn Sơn, P.  Phú Thọ Hòa, Quận Tân Phú, TP. HCM","Nhà hàng, ","Lẩu, ","Món Á, Món Nhật, ",10:00 - 22:00,10:00 - 22:00,10:00 - 22:00,10:00 - 22:00,10:00 - 22:00,10:00 - 22:00,10:00 - 22:00,no,no,yes,150.000 -300.000,8.7,8.7,8.5,8.6,160
7,Kichi Kichi Lẩu Băng Chuyền - Vincom Thủ Đức,10.8502727000000,106.7653210000000,"Tầng 3, Vincom Thủ Đức, 216 Võ Văn Ngân, Tp. Thủ Đức, TP. HCM","Nhà hàng, ","Lẩu, ","Món Á, Món Nhật, ",09:00 - 21:00,09:00 - 21:00,09:00 - 21:00,09:00 - 21:00,09:00 - 21:00,09:00 - 21:00,09:00 - 21:00,no,no,no,150.000 -250.000,8.9,8.9,8.6,8.8,320
7,Kichi Kichi Lẩu Băng Chuyền - AEON Mall Tân Phú,10.8015260000000,106.6176530000000,"Tầng 3 AEON Mall Tân Phú, 30 Bờ Bao Tân Thắng, P. Sơn Kỳ, Quận Tân Phú, TP. HCM","Nhà hàng, ","Lẩu, ","Món Á, Món Nhật, ",10:00 - 22:00,10:00 - 22:00,10:00 - 22:00,10:00 - 22:00,10:00 - 22:00,10:00 - 22:00,10:00 - 22:00,no,no,no,189.000 -300.000,8.7,8.6,8.4,8.5,218
7,Kichi Kichi Lẩu Băng Chuyền - Pearl Plaza,10.8012830000000,106.7082890000000,"L4 03-04, Pearl Plaza, 561A Điện Biên Phủ, Quận Bình Thạnh, TP. HCM","Nhà hàng, ","Lẩu, ","Món Á, Món Nhật, ",10:00 - 22:00,10:00 - 22:00,10:00 - 22:00,10:00 - 22:00,10:00 - 22:00,10:00 - 22:00,10:00 - 22:00,no,yes,yes,149.000 -220.000,8.0,7.8,8.1,8.0,75
8,Tokyo Deli Express - Sushi - Park View Phú Mỹ Hưng,10.7260290000000,106.7089710000000,"SC6-1, Nguyễn Đức Cảnh, P. Tân Phong, Quận 7, TP. HCM","Nhà hàng, ","Thịt Gà, Thịt Bò, Hải sản, Mì, Lẩu, Sushi & Sashimi, ","Món Á, Món Nhật, ",11:00 - 20:00,11:00 - 20:00,11:00 - 20:00,11:00 - 20:00,11:00 - 20:00,11:00 - 20:00,11:00 - 20:00,yes,yes,yes,100.000 -330.000,7.5,7.2,7.2,7.3,130
8,Tokyo Deli Express - Sushi - Hồ Bán Nguyệt,10.7275720000000,106.7195500000000,"Lô CR1, 103 Tôn Dật Tiên, Quận 7, TP. HCM","Nhà hàng, ","Thịt Gà, Thịt Bò, Thịt Heo, Hải sản, Món nước, Lẩu, Sushi & Sashimi, Café - Kem, Sinh tố - Nước ép, Cơm văn phòng, Ăn vặt - Ăn nhẹ, Rượu vang, Thức uống, Bia, Nước ngọt, Xúc xích, ","Món Á, Món Nhật, ",11:00 - 20:00,11:00 - 20:00,11:00 - 20:00,11:00 - 20:00,11:00 - 20:00,11:00 - 20:00,11:00 - 20:00,no,yes,yes,55.000 -275.000,7.8,7.3,7.9,7.7,109
8,Tokyo Deli Express - Sushi - Phan Xích Long,10.7980230000000,106.6896070000000,"242 - 244 Phan Xích Long, P. 7, Quận Phú Nhuận, TP. HCM","Nhà hàng, ","Thịt Bò, Thịt Heo, Hải sản, Mì, Cá, Sushi & Sashimi, Salad, Café - Kem, Sinh tố - Nước ép, Ăn vặt - Ăn nhẹ, Cơm, ","Món Á, Món Nhật, ",11:00 - 20:00,11:00 - 20:00,11:00 - 20:00,11:00 - 20:00,11:00 - 20:00,11:00 - 20:00,11:00 - 20:00,no,yes,yes,80.000 -165.000,7.7,7.3,7.7,7.5,243
8,Tokyo Deli Express - Sushi - Hậu Giang,10.8078833000000,106.6642250000000,"7-9 Hậu Giang, P. 4, Quận Tân Bình, TP. HCM","Nhà hàng, ","Sushi & Sashimi, ","Món Á, Món Nhật, ",11:00 - 20:00,11:00 - 20:00,11:00 - 20:00,11:00 - 20:00,11:00 - 20:00,11:00 - 20:00,11:00 - 20:00,no,yes,yes,100.000 -165.000,7.8,7.4,7.7,7.5,209
8,Tokyo Deli Express - Sushi - Trần Hưng Đạo,10.7649670000000,106.6925640000000,"120Bis Trần Hưng Đạo, P. Phạm Ngũ Lão, Quận 1, TP. HCM","Nhà hàng, ","Thịt Bò, Thịt Heo, Hải sản, Món nước, Mì, Lẩu, Sushi & Sashimi, Salad, Café - Kem, Sinh tố - Nước ép, Ăn vặt - Ăn nhẹ, ","Món Á, Món Nhật, ",11:00 - 20:00,11:00 - 20:00,11:00 - 20:00,11:00 - 20:00,11:00 - 20:00,11:00 - 20:00,11:00 - 20:00,no,yes,yes,80.000 -165.000,8.0,7.7,7.8,7.8,153
8,Tokyo Deli Express - Sushi - Song Hành,10.7997523000000,106.7360562000000,"34 Song Hành, Khu Phố 5, P. An Phú, Tp. Thủ Đức, TP. HCM","Nhà hàng, ","Tôm, Hải sản, Cá, Sushi & Sashimi, Mực, Cơm, ","Món Á, Món Nhật, ",11:00 - 20:00,11:00 - 20:00,11:00 - 20:00,11:00 - 20:00,11:00 - 20:00,11:00 - 20:00,11:00 - 20:00,no,no,yes,150.000 -275.000,7.9,7.5,7.6,7.7,110
8,Tokyo Deli Express - Sushi - Nguyễn Thị Thập,10.7408940000000,106.6995919000000,"8 Nguyễn Thị Thập, KDC Him Lam, P. Tân Hưng, Quận 7, TP. HCM","Nhà hàng, ","Sushi & Sashimi, Cơm, ","Món Á, Món Nhật, ",11:00 - 20:00,11:00 - 20:00,11:00 - 20:00,11:00 - 20:00,11:00 - 20:00,11:00 - 20:00,11:00 - 20:00,yes,yes,yes,150.000 -275.000,7.7,7.4,7.6,7.4,100
8,Tokyo Deli Express - Sushi - 770C Sư Vạn Hạnh,10.7733440000000,106.6689900000000,"770C Sư Vạn Hạnh, P. 12, Quận 10, TP. HCM","Nhà hàng, ","Sushi & Sashimi, ","Món Á, Món Nhật, ",11:00 - 20:00,11:00 - 20:00,11:00 - 20:00,11:00 - 20:00,11:00 - 20:00,11:00 - 20:00,11:00 - 20:00,no,yes,yes,50.000 -200.000,7.7,7.7,7.8,7.6,173
8,Tokyo Deli Express - Sushi - Vincom Mega Mall Thảo Điền,10.8021232000000,106.7407316000000,"Tầng 5, Vincom Mega Mall Thảo Điền, 159 Xa Lộ Hà Nội, P. Thảo Điền, Tp. Thủ Đức, TP. HCM","Nhà hàng, ","Sushi & Sashimi, ","Món Á, Món Nhật, ",11:00 - 20:00,11:00 - 20:00,11:00 - 20:00,11:00 - 20:00,11:00 - 20:00,11:00 - 20:00,11:00 - 20:00,no,yes,yes,100.000 -287.000,6.2,6.0,6.6,6.5,35
8,Tokyo Deli Express - Sushi - The Emporium,10.7649350000000,106.6559750000000,"Chung Cư The Emporium, Số 184 Lê Đại Hành, P. 15, Quận 11, TP. HCM","Nhà hàng, ","Lẩu, Sushi & Sashimi, ","Món Á, Món Nhật, ",11:00 - 20:00,11:00 - 20:00,11:00 - 20:00,11:00 - 20:00,11:00 - 20:00,11:00 - 20:00,11:00 - 20:00,no,yes,yes,100.000 -300.000,6.2,0.0,6.5,6.4,43
8,Tokyo Deli Express - Sushi - Phan Văn Trị,10.8238827000000,106.6922706000000,"366A3 Phan Văn Trị, P. 5, Quận Gò Vấp, TP. HCM","Nhà hàng, ","Bún, Mì, Sushi & Sashimi, Salad, ","Món Á, Món Nhật, ",11:00 - 20:00,11:00 - 20:00,11:00 - 20:00,11:00 - 20:00,11:00 - 20:00,11:00 - 20:00,11:00 - 20:00,yes,yes,yes,80.000 -200.000,8.8,8.6,7.9,8.3,44
8,Tokyo Deli Express - Sushi - Tên Lửa,10.7503979000000,106.6112352000000,"306 - 308 Tên Lửa, P. Bình Trị Đông B, Quận Bình Tân, TP. HCM","Nhà hàng, ","Sushi & Sashimi, ","Món Á, Món Nhật, ",11:00 - 20:00,11:00 - 20:00,11:00 - 20:00,11:00 - 20:00,11:00 - 20:00,11:00 - 20:00,11:00 - 20:00,yes,yes,yes,80.000 -200.000,8.2,8.2,7.8,7.9,38
9,Trà Sữa Xiên Que Hot & Cold - Trần Hưng Đạo,10.7674880000000,106.6944171000000,"32 Trần Hưng Đạo, P. Phạm Ngũ Lão, Quận 1, TP. HCM","Café/Dessert, ","Trà, Trà chanh, Sinh tố - Nước ép, Ăn vặt - Ăn nhẹ, Thức uống, Trà sữa, Sữa, ","Món Việt, Món Á, ",07:00 - 23:00,07:00 - 23:00,07:00 - 23:00,07:00 - 23:00,07:00 - 23:00,07:00 - 23:00,07:00 - 23:00,yes,no,yes,20.000 -55.000,6.7,6.0,6.3,6.5,386
9,Trà Sữa Xiên Que Hot & Cold - Sư Vạn Hạnh,10.7722530000000,106.6694540000000,"744 Sư Vạn Hạnh, P. 12, Quận 10, TP. HCM","Café/Dessert, ","Trà, Café - Kem, Sinh tố - Nước ép, Ăn vặt - Ăn nhẹ, Thức uống, Trà sữa, Sữa, ","Món Việt, ",08:30 - 22:00,08:30 - 22:00,08:30 - 22:00,08:30 - 22:00,08:30 - 22:00,08:30 - 22:00,08:30 - 22:00,no,no,no,30.000 -88.000,6.5,6.1,6.7,6.5,462
9,Trà Sữa Xiên Que Hot & Cold - Bình Chánh,10.7348900000000,106.6894660000000,"132 Đường Số 9A, KDC Trung Sơn, X. Bình Hưng, Huyện Bình Chánh, TP. HCM","Café/Dessert, ","Trà, Café - Kem, Sinh tố - Nước ép, Ăn vặt - Ăn nhẹ, Thức uống, Trà sữa, Sữa, ","Món Việt, ",08:30 - 22:00,08:30 - 22:00,08:30 - 22:00,08:30 - 22:00,08:30 - 22:00,08:30 - 22:00,08:30 - 22:00,no,no,yes,30.000 -88.000,7.0,6.6,7.1,6.9,96
9,Trà Sữa Xiên Que Hot & Cold - Trần Não,10.7975052000000,106.7315421000000,"13B Trần Não, P. Bình An, Tp. Thủ Đức, TP. HCM","Café/Dessert, ","Trà, Thức uống, Trà sữa, Sữa, ",,08:30 - 22:30,08:30 - 22:30,08:30 - 22:30,08:30 - 22:30,08:30 - 22:30,08:30 - 22:30,08:30 - 22:30,no,no,yes,14.000 -55.000,7.2,6.8,6.9,7.1,120
9,Trà Sữa Xiên Que Hot & Cold - Nguyễn Thị Thập,10.7390726000000,106.7100570000000,"390A Nguyễn Thị Thập, P. Tân Quy, Quận 7, TP. HCM","Café/Dessert, ","Thức uống, Trà sữa, ","Món Việt, ",08:30 - 22:30,08:30 - 22:30,08:30 - 22:30,08:30 - 22:30,08:30 - 22:30,08:30 - 22:30,08:30 - 22:30,yes,no,no,14.000 -55.000,7.3,6.7,7.1,7.1,175
9,Trà Sữa Xiên Que Hot & Cold - Hậu Giang,10.7496730000000,106.6470620000000,"64 Hậu Giang, P. 6, Quận 6, TP. HCM","Café/Dessert, ","Trà, Sinh tố - Nước ép, Ăn vặt - Ăn nhẹ, Thức uống, Trà sữa, Sữa, ","Món Việt, ",Đang cập nhật,Đang cập nhật,Đang cập nhật,Đang cập nhật,Đang cập nhật,Đang cập nhật,Đang cập nhật,no,no,no,20.000 -55.000,7.4,7.1,7.5,7.4,84
9,Trà Sữa Xiên Que Hot & Cold - Quang Trung,10.8376510000000,106.6546960000000,"804 Quang Trung, Quận Gò Vấp, TP. HCM","Café/Dessert, ","Trà, Ăn vặt - Ăn nhẹ, Thức uống, Trà sữa, Sữa, ","Món Việt, ",07:00 - 22:00,07:00 - 22:00,07:00 - 22:00,07:00 - 22:00,07:00 - 22:00,07:00 - 22:00,07:00 - 22:00,no,no,no,30.000 -80.000,6.5,0.0,6.1,6.3,230
9,Trà Sữa Xiên Que Hot & Cold - Lũy Bán Bích,10.7764907000000,106.6338926000000,"384 Lũy Bán Bích, P. Hòa Thạnh, Quận Tân Phú, TP. HCM","Café/Dessert, ","Trà, Ăn vặt - Ăn nhẹ, Thức uống, Trà sữa, Sữa, ","Món Việt, ",08:30 - 22:00,08:30 - 22:00,08:30 - 22:00,08:30 - 22:00,08:30 - 22:00,08:30 - 22:00,08:30 - 22:00,no,no,yes,25.000 -50.000,7.1,6.6,7.1,7.1,153
9,Trà Sữa Xiên Que Hot & Cold - Tăng Nhơn Phú,10.8288538000000,106.7718209000000,"97B Tăng Nhơn Phú, P. Phước Long B, Tp. Thủ Đức, TP. HCM","Café/Dessert, ","Trà, Ăn vặt - Ăn nhẹ, Thức uống, Trà sữa, Sữa, ","Món Việt, ",10:00 - 22:00,10:00 - 22:00,10:00 - 22:00,10:00 - 22:00,10:00 - 22:00,10:00 - 22:00,10:00 - 22:00,no,no,yes,30.000 -80.000,7.4,7.2,7.2,7.3,147
9,Trà Sữa Xiên Que Hot & Cold - Lê Văn Sỹ,10.7957812000000,106.6664681000000,"238B Lê Văn Sỹ, P. 1, Quận Tân Bình, TP. HCM","Café/Dessert, ","Trà, Thức uống, Trà sữa, Sữa, ","Món Việt, ",09:00 - 21:00,09:00 - 21:00,09:00 - 21:00,09:00 - 21:00,09:00 - 21:00,09:00 - 21:00,09:00 - 21:00,no,no,yes,20.000 -30.000,6.6,6.4,7.1,6.7,129
9,Trà Sữa Xiên Que Hot & Cold - Phạm Hùng,10.7413603000000,106.6690275000000,"123Bis Phạm Hùng, P. 4, Quận 8, TP. HCM","Café/Dessert, ","Trà, Ăn vặt - Ăn nhẹ, Thức uống, Trà sữa, Sữa, ","Món Việt, ",08:30 - 22:15,08:30 - 22:15,08:30 - 22:15,08:30 - 22:15,08:30 - 22:15,08:30 - 22:15,08:30 - 22:15,no,no,yes,20.000 -55.000,7.2,7.0,7.3,7.3,86
9,Trà Sữa Xiên Que Hot & Cold - 393Bis Trần Hưng Đạo,10.7596033000000,106.6882953000000,"393Bis Trần Hưng Đạo, P. Cầu Kho, Quận 1, TP. HCM","Café/Dessert, ","Trà, Sinh tố - Nước ép, Ăn vặt - Ăn nhẹ, Thức uống, Trà sữa, Sữa, ","Món Việt, ",08:15 - 22:15,08:15 - 22:15,08:15 - 22:15,08:15 - 22:15,08:15 - 22:15,08:15 - 22:15,08:15 - 22:15,no,no,yes,2.000 -17.000,8.4,8.4,7.2,8.1,61
10,SuShi Thủ Đức - Phú Châu,10.8647580000000,106.7467580000000,"58 Phú Châu, P. Tam Phú, Tp. Thủ Đức, TP. HCM","Quán ăn, ","Sushi & Sashimi, Salad, Bánh xèo, Thức uống, ","Món Nhật, ",11:30 - 20:00,11:30 - 20:00,11:30 - 20:00,11:30 - 20:00,11:30 - 20:00,11:30 - 20:00,11:30 - 20:00,yes,no,no,18.000 -231.000,7.8,6.8,0.0,6.9,85
11,KOI Thé - SC VivoCity,10.7299087000000,106.7034179000000,"Tầng 1 - 01 - 16, Khu F SC VivoCity, 1058 Nguyễn Văn Linh, KP. 1, P. Tân Phong, Quận 7, TP. HCM","Café/Dessert, ","Trà, Sinh tố - Nước ép, Thức uống, Trà sữa, Sữa, ","Món Á, Singapore, ",10:00 - 22:00,10:00 - 22:00,10:00 - 22:00,10:00 - 22:00,10:00 - 22:00,09:00 - 22:00,09:00 - 22:00,yes,no,no,40.000 -60.000,7.8,7.5,6.7,7.2,466
11,KOI Thé - Vincom Mega Mall Thảo Điền,10.8021270000000,106.7406980000000,"B1-K11-K12-K13, Vincom Mega Mall Thảo Điền, 161 Xa Lộ Hà Nội, P. Thảo Điền, Tp. Thủ Đức, TP. HCM","Café/Dessert, ","Trà, Café - Kem, Sinh tố - Nước ép, Thức uống, Trà sữa, Sữa, ","Món Á, Singapore, ",09:30 - 22:00,09:30 - 22:00,09:30 - 22:00,09:30 - 22:00,09:30 - 22:00,09:30 - 22:00,09:30 - 22:00,no,no,yes,40.000 -60.000,8.0,7.7,7.4,7.5,166
11,KOI Thé - AEON Mall Bình Tân,10.7429605000000,106.6118665000000,"Lô F29B, Tầng 1, Aeon Mall Bình Tân, 1 Đường Số 17A, P. Bình Trị Đông, Quận Bình Tân, TP. HCM","Café/Dessert, ","Trà, Café - Kem, Sinh tố - Nước ép, Thức uống, Trà sữa, Sữa, ","Món Á, Singapore, ",10:00 - 21:30,10:00 - 21:30,10:00 - 21:30,10:00 - 21:30,10:00 - 21:30,09:00 - 21:30,09:00 - 21:30,no,no,yes,40.000 -60.000,7.8,7.5,7.1,7.3,225
11,KOI Thé - Hồ Tùng Mậu,10.7730204000000,106.7033316000000,"108 - 110 Hồ Tùng Mậu, P. Bến Nghé, Quận 1, TP. HCM","Café/Dessert, ","Trà, Café - Kem, Sinh tố - Nước ép, Thức uống, Trà sữa, Sữa, ","Món Á, Singapore, ",09:00 - 22:00,09:00 - 22:00,09:00 - 22:00,09:00 - 22:00,09:00 - 22:00,09:00 - 22:00,09:00 - 22:00,yes,no,yes,40.000 -60.000,7.9,7.5,7.7,7.5,363
11,KOI Thé - Pearl Plaza,10.7999104000000,106.7184609000000,"L1-01 Pearl Plaza, 561A Điện Biên Phủ, P. 25, Quận Bình Thạnh, TP. HCM","Café/Dessert, ","Trà, Thức uống, Trà sữa, Sữa, ","Món Á, Đài Loan, Singapore, ",09:00 - 22:00,09:00 - 22:00,09:00 - 22:00,09:00 - 22:00,09:00 - 22:00,09:00 - 22:00,09:00 - 22:00,no,no,yes,40.000 -60.000,7.9,7.5,7.6,7.5,167
11,KOI Thé - Lotte Mart Nam Sài Gòn,10.7411718000000,106.7012142000000,"Tầng Trệt, Lotte Mart Nguyễn Hữu Thọ, 469 Nguyễn Hữu Thọ, P. Tân Hưng, Quận 7, TP. HCM","Café/Dessert, ","Trà, Thức uống, Trà sữa, Sữa, ","Món Á, Singapore, ",09:00 - 22:00,09:00 - 22:00,09:00 - 22:00,09:00 - 22:00,09:00 - 22:00,08:00 - 22:00,08:00 - 22:00,no,no,yes,40.000 -60.000,7.9,7.7,7.5,7.6,68
11,KOI Thé - Nguyễn Đức Cảnh,10.7221250000000,106.7111767000000,"157 Khu Grand View, Nguyễn Đức Cảnh, P. Tân Phong, Quận 7, TP. HCM","Café/Dessert, ","Trà, Thức uống, Trà sữa, Sữa, ","Món Á, Singapore, ",10:00 - 22:00,10:00 - 22:00,10:00 - 22:00,10:00 - 22:00,10:00 - 22:00,09:00 - 22:00,09:00 - 22:00,no,no,yes,30.000 -60.000,7.4,7.6,7.8,7.6,36
11,KOI Thé - 119 Phan Xích Long,10.7973529000000,106.6900232000000,"119 - 121 Phan Xích Long, P. 2, Quận Phú Nhuận, TP. HCM","Café/Dessert, ","Trà, Thức uống, Trà sữa, Sữa, ","Món Á, Singapore, ",10:00 - 22:00,10:00 - 22:00,10:00 - 22:00,10:00 - 22:00,10:00 - 22:00,10:00 - 22:00,10:00 - 22:00,yes,no,yes,30.000 -70.000,7.5,6.7,6.9,6.9,305
11,KOI Thé - Nowzone,10.7641260000000,106.6825220000000,"Vào Mall Quẹo Trái Tầng G Nowzone, 235 Nguyễn Văn Cừ, P. Nguyễn Cư Trinh, Quận 1, TP. HCM","Café/Dessert, ","Trà, Thức uống, Trà sữa, Sữa, ","Món Á, Singapore, ",08:00 - 21:30,08:00 - 21:30,08:00 - 21:30,08:00 - 21:30,08:00 - 21:30,08:00 - 21:30,08:00 - 21:30,yes,no,yes,40.000 -60.000,7.9,7.6,7.3,7.6,43
11,KOI Thé - Phan Xích Long,10.7987247000000,106.6862778000000,"137 Cù Lao (Ngã 3 Phan Xích Long và Cù Lao), P. 2, Quận Phú Nhuận, TP. HCM","Café/Dessert, ","Trà, Thức uống, Trà sữa, Sữa, ","Món Á, Singapore, ",10:00 - 22:00,10:00 - 22:00,10:00 - 22:00,10:00 - 22:00,10:00 - 22:00,10:00 - 22:00,10:00 - 22:00,yes,no,no,30.000 -70.000,6.1,0.0,6.2,6.1,28
11,KOI Thé - Pasteur,10.7730985000000,106.7016113000000,"120 Pasteur, P. Bến Nghé, Quận 1, TP. HCM","Café/Dessert, ","Trà, Thức uống, Trà sữa, Sữa, ","Món Á, Singapore, ",09:00 - 22:00,09:00 - 22:00,09:00 - 22:00,09:00 - 22:00,09:00 - 22:00,09:00 - 22:00,09:00 - 22:00,no,no,yes,40.000 -60.000,7.6,7.1,7.8,7.5,79
11,KOI Thé - Phan Văn Trị,10.8239125000000,106.6918946000000,"L6.2 Khu Dân Cư City Land, Phan Văn Trị, P. 5, Quận Gò Vấp, TP. HCM","Café/Dessert, ","Trà, Thức uống, Trà sữa, Sữa, ","Món Á, Singapore, ",09:00 - 22:00,09:00 - 22:00,09:00 - 22:00,09:00 - 22:00,09:00 - 22:00,09:00 - 22:00,09:00 - 22:00,no,no,yes,40.000 -70.000,7.4,6.7,7.2,7.0,55
12,Tiệc Lãng Mạn Cho 2 Người - Remember Event,10.8605575000000,106.7232595000000,"16 Đường Số 17, P. Hiệp Bình Phước, Tp. Thủ Đức, TP. HCM","Tiệc tận nơi, ",,"Món Việt, ",09:00 - 22:00,09:00 - 22:00,09:00 - 22:00,09:00 - 22:00,09:00 - 22:00,09:00 - 22:00,09:00 - 22:00,no,yes,yes,500.000 -2.000.000,9.7,9.5,9.4,9.3,132
13,Cơm Tấm Cali - Vincom Mega Mall Thảo Điền,10.8023027000000,106.7409539000000,"Tầng 4 Vincom Mega Mall Thảo Điền, 159 Xa Lộ Hà Nội, P. Thảo Điền, Tp. Thủ Đức, TP. HCM","Nhà hàng, ","Cơm Tấm, Sườn nướng, Cơm, ","Món Việt, ",10:00 - 21:45,10:00 - 21:45,10:00 - 21:45,10:00 - 21:45,10:00 - 21:45,10:00 - 21:45,10:00 - 21:45,yes,no,yes,50.000 -70.000,7.1,7.0,6.9,6.9,354
14,Gogi House - Nướng Hàn Quốc - Phan Xích Long,10.7977220000000,106.6894380000000,"198 Phan Xích Long, P. 7, Quận Phú Nhuận, TP. HCM","Nhà hàng, ","Thịt Bò, ","Món Á, Món Hàn, ",10:00 - 22:00,10:00 - 22:00,10:00 - 22:00,10:00 - 22:00,10:00 - 22:00,10:00 - 22:00,10:00 - 22:00,no,yes,yes,65.000 -315.000,8.0,7.4,7.9,7.7,368
14,Gogi House - Quán Nướng Hàn Quốc - Vincom Thủ Đức,10.8503430000000,106.7652460000000,"Tầng 3 Vincom Thủ Đức, 216 Võ Văn Ngân, Tp. Thủ Đức, TP. HCM","Nhà hàng, ","Thịt Bò, ","Món Á, Món Hàn, ",10:00 - 22:00,10:00 - 22:00,10:00 - 22:00,10:00 - 22:00,10:00 - 22:00,10:00 - 22:00,10:00 - 22:00,no,no,yes,79.000 -250.000,7.7,7.4,7.7,7.5,161
14,Gogi House - Quán Nướng Hàn Quốc - SC VivoCity,10.7300890000000,106.7035220000000,"Tầng 4 - 12A SC VivoCity, 1058 Nguyễn Văn Linh, KP. 1, P. Tân Phong, Quận 7, TP. HCM","Nhà hàng, ","Thịt Bò, ","Món Á, Món Hàn, ",10:00 - 22:00,10:00 - 22:00,10:00 - 22:00,10:00 - 22:00,10:00 - 22:00,10:00 - 22:00,10:00 - 22:00,no,no,no,79.000 -250.000,8.6,8.3,8.5,8.4,410
14,Gogi House - Quán Nướng Hàn Quốc - Vincom Center,10.7772090000000,106.7017936000000,"Vincom Center, 72 Lê Thánh Tôn, P. Bến Nghé, Quận 1, TP. HCM","Nhà hàng, ","Thịt Bò, ","Món Á, Món Hàn, ",10:00 - 22:00,10:00 - 22:00,10:00 - 22:00,10:00 - 22:00,10:00 - 22:00,10:00 - 22:00,10:00 - 22:00,no,yes,yes,100.000 -300.000,8.4,8.2,8.1,8.2,283
14,Gogi House - Nướng Hàn Quốc - Vincom Quang Trung,10.8295430000000,106.6721320000000,"B1-04 Vincom Quang Trung, 190 Quang Trung, Quận Gò Vấp, TP. HCM","Nhà hàng, ","Thịt Bò, Thịt Heo, ","Món Á, Món Hàn, ",09:00 - 21:00,09:00 - 21:00,09:00 - 21:00,09:00 - 21:00,09:00 - 21:00,09:00 - 21:00,09:00 - 21:00,no,no,yes,100.000 -300.000,9.0,8.8,8.8,8.8,192
14,Gogi House - Quán Thịt Nướng Hàn Quốc - Pearl Plaza,10.7998650000000,106.7184590000000,"Lầu 4 - 02 Pearl Plaza, 561A Điện Biên Phủ, P. 25, Quận Bình Thạnh, TP. HCM","Nhà hàng, ","Bò nướng, Nấm, Thịt Heo, Thịt Bò, Hải sản, Sườn nướng, ","Món Á, Món Hàn, ",10:00 - 22:00,10:00 - 22:00,10:00 - 22:00,10:00 - 22:00,10:00 - 22:00,10:00 - 22:00,10:00 - 22:00,yes,no,yes,300.000 -550.000,8.8,8.6,8.8,8.7,335
14,Gogi House - Quán Nướng Hàn Quốc - AEON Mall Tân Phú,10.8021700000000,106.6184360000000,"Lô T45 Tầng 3, Aeon Mall Tân Phú, 30 Bờ Bao Tân Thắng, P. Sơn Kỳ, Quận Tân Phú, TP. HCM","Nhà hàng, ","Thịt Gà, Thịt Bò, Thịt Heo, Hải sản, Ăn vặt - Ăn nhẹ, ","Món Á, Món Hàn, ",08:00 - 22:00,08:00 - 22:00,08:00 - 22:00,08:00 - 22:00,08:00 - 22:00,08:00 - 22:00,08:00 - 22:00,no,no,yes,300.000 -550.000,8.8,8.7,8.6,8.6,198
14,Gogi House - Thịt Nướng Hàn Quốc - E-Mart Gò Vấp,10.8227366000000,106.6935754000000,"Tầng 1 E Mart Gò Vấp, 168 Phan Văn Trị, P. 5, Quận Gò Vấp, TP. HCM","Nhà hàng, ","Thịt Gà, Thịt Bò, ","Món Á, Món Hàn, ",08:30 - 22:00,08:30 - 22:00,08:30 - 22:00,08:30 - 22:00,08:30 - 22:00,08:30 - 22:00,08:30 - 22:00,no,yes,yes,100.000 -500.000,8.9,8.7,8.9,8.9,519
14,Gogi House - Quán Nướng Hàn Quốc - Vincom Lê Văn Việt,10.8456920000000,106.7790250000000,"Tầng L4-02 Vincom Lê Văn Việt, 50 Lê Văn Việt, P. Hiệp Phú, Tp. Thủ Đức, TP. HCM","Quán ăn, ","Bò nướng, Thịt Bò, Lẩu, ","Món Á, Món Hàn, ",10:00 - 22:00,10:00 - 22:00,10:00 - 22:00,10:00 - 22:00,10:00 - 22:00,10:00 - 22:00,10:00 - 22:00,no,yes,yes,300.000 -500.000,8.6,8.4,8.8,8.6,143
14,Gogi House - Quán Nướng Hàn Quốc - Lotte Mart Gò Vấp,10.8384130000000,106.6709520000000,"Lotte Mart Gò Vấp, 242 Nguyễn Văn Lượng, P. 10, Quận Gò Vấp, TP. HCM","Nhà hàng, ","Thịt Bò, ","Món Á, Món Hàn, ",11:00 - 22:00,11:00 - 22:00,11:00 - 22:00,11:00 - 22:00,11:00 - 22:00,11:00 - 22:00,11:00 - 22:00,no,no,yes,300.000 -500.000,9.0,8.8,8.9,8.9,183
14,Gogi House - Quán Nướng Hàn Quốc - Saigon Centre,10.7735990000000,106.7009370000000,"Saigon Centre, 65 Lê Lợi, P. Bến Nghé, Quận 1, TP. HCM","Nhà hàng, ","Nấm, Thịt Bò, ","Món Á, Món Hàn, ",09:00 - 22:00,09:00 - 22:00,09:00 - 22:00,09:00 - 22:00,09:00 - 22:00,09:00 - 22:00,09:00 - 22:00,no,yes,yes,300.000 -500.000,8.6,8.4,8.5,8.5,150
14,GoGi House - Quán Thịt Nướng Hàn Quốc - Aeon Mall Bình Tân,10.7425890000000,106.6114580000000,"Tầng 3, Aeon Mall Bình Tân,1 Đường Số 17A, KP. 11, P. Bình Trị Đông B, Quận Bình Tân, TP. HCM","Nhà hàng, ","Thịt Bò, ","Món Á, Món Hàn, ",10:00 - 22:00,10:00 - 22:00,10:00 - 22:00,10:00 - 22:00,10:00 - 22:00,10:00 - 22:00,10:00 - 22:00,no,no,yes,150.000 -250.000,8.8,8.5,8.4,8.5,241
14,,null,null,,,,,,,,,,,,yes,yes,yes,,0.0,0.0,0.0,,
15,Ozone Cafe,10.8541070000000,106.7706730000000,"236 - 238 Hoàng Diệu 2, P. Linh Chiểu, Tp. Thủ Đức, TP. HCM","Café/Dessert, ","Café - Kem, Sinh tố - Nước ép, Thức uống, Trà sữa, ","Món Việt, ",07:00 - 22:30,07:00 - 22:30,07:00 - 22:30,07:00 - 22:30,07:00 - 22:30,07:00 - 22:30,07:00 - 22:30,no,no,yes,18.000 -39.000,6.9,6.5,7.5,7.0,84
16,"Al Fresco's - Pizza, Mỳ Ý, Sườn, Steak Bò Bít Tết - Xuân Thủy",10.8036140000000,106.7347630000000,"92 Xuân Thủy, P. Thảo Điền, Tp. Thủ Đức, TP. HCM","Nhà hàng, ","Hamburger, Beefsteak - Bò né, Thịt Bò, Pizza & Pasta, Salad, Fastfood - Thức ăn nhanh, ","Món Âu, Mexico, Châu Mỹ, ",11:00 - 21:15,11:00 - 21:15,11:00 - 21:15,11:00 - 21:15,11:00 - 21:15,11:00 - 21:15,11:00 - 21:15,yes,yes,yes,80.000 -695.000,7.6,7.1,7.7,7.3,66
17,Mì Quảng Quỳnh Khương - Block 1B An Phú,10.8000595000000,106.7490688000000,"Block 1B An Phú, Tp. Thủ Đức, TP. HCM","Quán ăn, ","Bún, Mì, Món nước, ","Món Miền Trung, ",07:00 - 23:00,07:00 - 23:00,07:00 - 23:00,07:00 - 23:00,07:00 - 23:00,07:00 - 23:00,07:00 - 23:00,no,no,no,20.000 -50.000,6.4,6.1,6.3,6.3,162
18,The Loop Restaurant & Coffee,10.8060439000000,106.7353588000000,"49 Thảo Điền, P. Thảo Điền, Tp. Thủ Đức, TP. HCM","Nhà hàng, ","Thịt Gà, Nấm, Thịt Heo, Thịt Bò, Hải sản, Cháo, Món chay, ","Món Âu, Ý, Đức, ",07:00 - 20:45,07:00 - 20:45,07:00 - 20:45,07:00 - 20:45,07:00 - 20:45,07:00 - 20:45,07:00 - 20:45,no,yes,yes,50.000 -220.000,8.3,7.6,8.0,7.7,50
19,Quán Bụi - Authentic Vietnamese Cuisine,10.8032040000000,106.7383880000000,"3 Trần Ngọc Diện, P. Thảo Điền, Tp. Thủ Đức, TP. HCM","Nhà hàng, ","Tôm, Cơm Chiên, Hải sản, Cá, Mực, Cơm, ","Món Việt, ",10:00 - 22:00,10:00 - 22:00,10:00 - 22:00,10:00 - 22:00,10:00 - 22:00,10:00 - 22:00,10:00 - 22:00,no,yes,yes,150.000 -550.000,7.3,7.0,7.7,7.2,77
19,Quán Bụi Garden,10.8051210000000,106.7357590000000,"55A - 55B Ngô Quang Huy, P. Thảo Điền, Tp. Thủ Đức, TP. HCM","Quán ăn, ","Thịt Gà, Tôm, Cơm Chiên, Thịt Heo, Bún, Cua - Ghẹ, Thịt Bò, Hải sản, Mì, Lẩu, Cá, Miến, Mực, Cơm văn phòng, Cơm, ","Món Việt, ",10:00 - 22:00,10:00 - 22:00,10:00 - 22:00,10:00 - 22:00,10:00 - 22:00,10:00 - 22:00,10:00 - 22:00,no,no,yes,50.000 -250.000,7.2,7.7,8.2,7.5,21
19,Quán Bụi Central,10.7808380000000,106.7063010000000,"1B Ngô Văn Năm, P. Bến Nghé, Quận 1, TP. HCM","Nhà hàng, ","Thịt Gà, Tôm, Heo quay, Thịt Heo, Thịt Bò, Hải sản, Cá, Mực, Ăn vặt - Ăn nhẹ, Cơm, ","Món Việt, ",10:00 - 22:00,10:00 - 22:00,10:00 - 22:00,10:00 - 22:00,10:00 - 22:00,10:00 - 22:00,10:00 - 22:00,no,yes,yes,30.000 -200.000,7.6,7.8,7.2,7.4,9
19,Quán Bụi - Empire City-Tilia Residences,10.7692364000000,106.7130347000000,"Chung Cư Empire City-Tilia Residences, Đường D11, P. Thủ Thiêm, Tp. Thủ Đức, TP. HCM","Quán ăn, ","Bún, ",,09:00 - 21:00,09:00 - 21:00,09:00 - 21:00,09:00 - 21:00,09:00 - 21:00,09:00 - 21:00,09:00 - 21:00,no,no,no,,0.0,0.0,0.0,_._,0
19,Quán Bụi - Saigon Pearl Villas,10.7909738000000,106.7200715000000,"31-D5 Saigon Pearl Villas, 92 Nguyễn Hữu Cảnh, P. 22, Quận Bình Thạnh, TP. HCM","Quán ăn, ","Thịt Bò, ",,09:00 - 21:00,09:00 - 21:00,09:00 - 21:00,09:00 - 21:00,09:00 - 21:00,09:00 - 21:00,09:00 - 21:00,no,no,no,,0.0,0.0,0.0,_._,0
19,Quán Bụi - 222 Lê Thánh Tôn,10.7742395000000,106.6967265000000,"222 - 224 Lê Thánh Tôn, P. Bến Thành, Quận 1, TP. HCM","Quán ăn, ","Bánh - Kẹo, Cơm, Bánh xèo, Bánh tằm, ",,09:00 - 21:00,09:00 - 21:00,09:00 - 21:00,09:00 - 21:00,09:00 - 21:00,09:00 - 21:00,09:00 - 21:00,no,no,no,,0.0,0.0,0.0,_._,0
20,Quán Chay Bồ Đề Tịnh Tâm,10.7920328000000,106.7302702000000,"160 Trần Não, P. Bình An, Tp. Thủ Đức, TP. HCM","Ăn chay, ","Bún, Hủ tiếu, Mì, Món chay, Cơm, ","Món Việt, ",07:00 - 21:00,07:00 - 21:00,07:00 - 21:00,07:00 - 21:00,07:00 - 21:00,07:00 - 21:00,07:00 - 21:00,no,no,no,20.000 -35.000,9.2,9.1,9.2,9.2,143
21,Trà Sữa Wait Tea Vietnam - Lê Văn Việt,10.8463888000000,106.7974474000000,"503 Lê Văn Việt, P. Tăng Nhơn Phú A, Tp. Thủ Đức, TP. HCM","Café/Dessert, ","Trà, Thức uống, Trà sữa, Sữa, ","Món Việt, ",08:30 - 22:30,08:30 - 22:30,08:30 - 22:30,08:30 - 22:30,08:30 - 22:30,08:30 - 22:30,08:30 - 22:30,yes,no,yes,30.000 -70.000,9.4,9.3,9.4,9.3,135
22,Union Jack's - Fish & Chips,10.8037990000000,106.7362100000000,"10 Nguyễn Bá Lân, P. Thảo Điền, Tp. Thủ Đức, TP. HCM","Quán ăn, ","Thịt Bò, Hải sản, Cá, Salad, Đặc sản vùng, Home-made, Thức uống, Xúc xích, ","Món Âu, ",11:00 - 22:30,11:00 - 22:30,11:00 - 22:30,11:00 - 22:30,11:00 - 22:30,11:00 - 22:30,11:00 - 22:30,yes,yes,yes,109.000 -250.000,6.1,6.1,0.0,5.9,186
23,Phúc Kỳ - Bún Đậu Mắm Tôm - Hoàng Diệu 2,10.8546940000000,106.7682480000000,"200 Hoàng Diệu 2, P. Linh Chiểu, Tp. Thủ Đức, TP. HCM","Quán ăn, ","Bún, Ăn vặt - Ăn nhẹ, Nem, ","Món Việt, ",08:00 - 23:00,08:00 - 23:00,08:00 - 23:00,08:00 - 23:00,08:00 - 23:00,08:00 - 23:00,08:00 - 23:00,no,no,no,26.000 -115.000,7.2,7.3,7.5,7.2,100
24,Spicy Box - Tokbokki Hot Pot - Vincom Mega Mall Thảo Điền,10.8023030000000,106.7409540000000,"Tầng 4 Vincom Mega Mall Thảo Điền, 159 Xa Lộ Hà Nội, P. Thảo Điền, Tp. Thủ Đức, TP. HCM","Nhà hàng, ","Lẩu, Ăn vặt - Ăn nhẹ, Thức uống, ","Món Á, Món Hàn, ",09:00 - 22:00,09:00 - 22:00,09:00 - 22:00,09:00 - 22:00,09:00 - 22:00,09:00 - 22:00,09:00 - 22:00,no,no,yes,79.000 -220.000,8.1,7.9,8.0,7.9,110
24,Spicy Box - Tokbokki Hot Pot - Estella Place,10.8020610000000,106.7484650000000,"L4-08, Tầng 4 Estella Place, 88 Song Hành, P. An Phú, Tp. Thủ Đức, TP. HCM","Nhà hàng, ","Thịt Gà, Gà rán, Pho mai que, Thịt Bò, Lẩu, Chân cánh gà nướng, Ăn vặt - Ăn nhẹ, Thức uống, ","Món Á, Món Hàn, ",09:00 - 22:00,09:00 - 22:00,09:00 - 22:00,09:00 - 22:00,09:00 - 22:00,09:00 - 22:00,09:00 - 22:00,no,no,yes,79.000 -220.000,8.3,8.1,7.8,7.9,11
24,Spicy Box - Tokbokki Hot Pot - Giga Mall,10.8279760000000,106.7217140000000,"L5-22, Tầng 5, Giga Mall, 242 Phạm Văn Đồng, P. Hiệp Bình Chánh, Tp. Thủ Đức, TP. HCM","Nhà hàng, ","Thịt Bò, Lẩu, Chân cánh gà nướng, Ăn vặt - Ăn nhẹ, ","Món Á, Món Hàn, ",09:00 - 22:00,09:00 - 22:00,09:00 - 22:00,09:00 - 22:00,09:00 - 22:00,09:00 - 22:00,09:00 - 22:00,no,yes,yes,79.000 -220.000,0.0,0.0,0.0,5.3,9
25,HIA Corner - Trà Sữa & Gà Rán Hàn Quốc - Thân Văn Nhiếp,10.7881285000000,106.7531448000000,"177 Thân Văn Nhiếp, P. An Phú, Tp. Thủ Đức, TP. HCM","Café/Dessert, ","Trà, Café - Kem, Sinh tố - Nước ép, Thức uống, Trà sữa, Sữa, ","Món Việt, ",08:00 - 22:00,08:00 - 22:00,08:00 - 22:00,08:00 - 22:00,08:00 - 22:00,08:00 - 22:00,08:00 - 22:00,no,no,yes,25.000 -45.000,9.6,9.3,9.1,9.4,133
26,Nhà Hàng Sân Vườn Bên Sông - Kha Vạn Cân,10.8299700000000,106.7331540000000,"17/3 Kha Vạn Cân, P. Hiệp Bình Chánh, Tp. Thủ Đức, TP. HCM","Nhà hàng, ","Tôm, Thịt Gà, Thịt Dê, Thịt Bò, Cua - Ghẹ, Thịt Heo, Hải sản, Cá, Nghêu - Sò - Ốc, Mực, Rượu vang, Thức uống, Bia, Nước ngọt, ","Món Việt, ",08:00 - 22:00,08:00 - 22:00,08:00 - 22:00,08:00 - 22:00,08:00 - 22:00,08:00 - 22:00,08:00 - 22:00,no,yes,no,80.000 -165.000,6.9,6.1,7.5,6.8,99
27,"Ơ BISTRO Thống Nhất Thủ Đức - Steakhouse, Pasta & Bar",10.8485110000000,106.7714610000000,"141 Thống Nhất, P. Bình Thọ, Tp. Thủ Đức, TP. HCM","Nhà hàng, ","Thịt Bò, Cháo, Pizza & Pasta, Salad, Fastfood - Thức ăn nhanh, ","Món Việt, Pháp, ",10:00 - 22:00,10:00 - 22:00,10:00 - 22:00,10:00 - 22:00,10:00 - 22:00,10:00 - 22:00,10:00 - 22:00,no,no,yes,25.000 -150.000,8.8,8.8,8.6,8.6,86
28,U.BBQ - Nhà Hàng Buffet Nướng & Lẩu,10.8270720000000,106.7175650000000,"178 Phạm Văn Đồng, P. Hiệp Bình Chánh, Tp. Thủ Đức, TP. HCM","Buffet, ",,"Món Việt, ",10:00 - 22:30,10:00 - 22:30,10:00 - 22:30,10:00 - 22:30,10:00 - 22:30,10:00 - 22:30,10:00 - 22:30,yes,yes,no,159.000 -259.000,6.5,6.7,7.7,7.0,121
29,Nhà Hàng Tư Trì - Lẩu Dê & Hải Sản,10.8436750000000,106.7690800000000,"6 Khổng Tử, P. Bình Thọ, Tp. Thủ Đức, TP. HCM","Nhà hàng, ","Thịt Gà, Thịt Dê, Thịt Bò, Hải sản, Lẩu, Thịt Vịt, Sinh tố - Nước ép, Đặc sản rừng, ","Món Việt, ",09:00 - 23:00,09:00 - 23:00,09:00 - 23:00,09:00 - 23:00,09:00 - 23:00,09:00 - 23:00,09:00 - 23:00,yes,yes,yes,100.000 -220.000,7.3,7.3,8.1,7.6,48
30,Poké - The Hawaiian Salad Bowl,10.7993215000000,106.7422929000000,"7 Đường Số 14, Khu B, P. An Phú, Tp. Thủ Đức, TP. HCM","Quán ăn, ","Salad, ","Mỹ, Châu Mỹ, ",10:00 - 21:00,10:00 - 21:00,10:00 - 21:00,10:00 - 21:00,10:00 - 21:00,10:00 - 21:00,10:00 - 21:00,yes,no,yes,79.000 -120.000,7.8,7.5,7.2,7.4,89
31,Hutong - Hotpot Paradise - Lê Quý Đôn,10.7801968000000,106.6921418000000,"6B Lê Quý Đôn, P. 6, Quận 3, TP. HCM","Nhà hàng, ","Tôm, Thịt Bò, Hải sản, Lẩu, Cá, Mực, ","Món Á, Món Trung Hoa, ",09:30 - 22:00,09:30 - 22:00,09:30 - 22:00,09:30 - 22:00,09:30 - 22:00,09:30 - 22:00,09:30 - 22:00,no,yes,yes,30.000 -350.000,8.8,8.7,9.1,8.8,262
31,Hutong - Hotpot Paradise - Aeon Mall Bình Tân,10.7437405000000,106.6118022000000,"Lô T12, Lầu 3, TTTM AEON Bình Tân, Số 1 Đường Số 17A, P. Bình Trị Đông B, Quận Bình Tân, TP. HCM","Nhà hàng, ","Tôm, Thịt Bò, Hải sản, Lẩu, Cá, Mực, ","Món Á, Món Trung Hoa, ",10:00 - 22:00,10:00 - 22:00,10:00 - 22:00,10:00 - 22:00,10:00 - 22:00,10:00 - 22:00,10:00 - 22:00,no,yes,yes,30.000 -350.000,9.2,9.0,9.2,9.1,154
31,Hutong - Hotpot Paradise - Vincom Lê Văn Việt,10.8456724000000,106.7791289000000,"Tầng 4 Vincom Lê Văn Việt, 50 Lê Văn Việt, P. Hiệp Phú, Tp. Thủ Đức, TP. HCM","Nhà hàng, ","Lẩu, Thức uống, ","Món Á, Món Trung Hoa, ",10:00 - 22:00,10:00 - 22:00,10:00 - 22:00,10:00 - 22:00,10:00 - 22:00,10:00 - 22:00,10:00 - 22:00,no,yes,yes,30.000 -350.000,7.5,7.7,8.0,7.5,24
31,Hutong - Hotpot Paradise - Vạn Hạnh Mall,10.7702270000000,106.6703890000000,"Tầng 5 Vạn Hạnh Mall, 11 Sư Vạn Hạnh, P. 12, Quận 10, TP. HCM","Nhà hàng, ","Thịt Bò, Hải sản, Bào Ngư, Cá, Lẩu, Mực, ","Món Á, Món Trung Hoa, ",10:00 - 22:00,10:00 - 22:00,10:00 - 22:00,10:00 - 22:00,10:00 - 22:00,10:00 - 22:00,10:00 - 22:00,no,yes,yes,30.000 -350.000,8.3,8.2,8.5,8.3,192
31,Hutong - Hotpot Paradise - Quang Trung,10.8265750000000,106.6785670000000,"1 Quang Trung, P. 3, Quận Gò Vấp, TP. HCM","Nhà hàng, ","Tôm, Thịt Bò, Hải sản, Lẩu, Cá, Mực, Thức uống, ","Món Á, Món Trung Hoa, ",10:00 - 22:00,10:00 - 22:00,10:00 - 22:00,10:00 - 22:00,10:00 - 22:00,10:00 - 22:00,10:00 - 22:00,no,yes,yes,30.000 -350.000,8.1,7.5,8.3,8.0,60
31,Hutong - Hotpot Paradise - Phan Xích Long,10.7981240000000,106.6884750000000,"169 - 171 Phan Xích Long, P. 2, Quận Phú Nhuận, TP. HCM","Nhà hàng, ","Thịt Bò, Hải sản, Bào Ngư, Cá, Lẩu, Mực, ","Món Á, Món Trung Hoa, ",10:00 - 22:00,10:00 - 22:00,10:00 - 22:00,10:00 - 22:00,10:00 - 22:00,10:00 - 22:00,10:00 - 22:00,no,no,yes,30.000 -350.000,8.2,8.0,8.4,8.1,158
31,Hutong - Hotpot Paradise - Vincom Thủ Đức,10.8505548000000,106.7652001000000,"Tầng 5 Vincom Thủ Đức, 216 Võ Văn Ngân, P. Bình Thọ, Tp. Thủ Đức, TP. HCM","Nhà hàng, ","Thịt Gà, Thịt Bò, Thịt Heo, Hải sản, Món nước, Lẩu, ","Món Á, Món Trung Hoa, ",10:00 - 22:00,10:00 - 22:00,10:00 - 22:00,10:00 - 22:00,10:00 - 22:00,10:00 - 22:00,10:00 - 22:00,no,yes,yes,30.000 -350.000,8.8,8.8,9.0,8.8,86
31,Hutong - Hotpot Paradise - AEON Mall Tân Phú,10.8016840000000,106.6179220000000,"Lô T42, Tầng 3 AEON Mall Tân Phú, 30 Bờ Bao Tân Thắng, P. Sơn Kỳ, Quận Tân Phú, TP. HCM","Nhà hàng, ","Tôm, Thịt Bò, Hải sản, Lẩu, Cá, Mực, ","Món Á, Món Trung Hoa, ",09:00 - 22:00,09:00 - 22:00,09:00 - 22:00,09:00 - 22:00,09:00 - 22:00,09:00 - 22:00,09:00 - 22:00,no,yes,yes,30.000 -350.000,9.1,9.0,8.9,8.9,26
31,Hutong - Hotpot Paradise - Nguyễn Trãi,10.7611470000000,106.6858230000000,"347 - 349 - 351 Nguyễn Trãi, P. Nguyễn Cư Trinh, Quận 1, TP. HCM","Nhà hàng, ","Tôm, Thịt Bò, Thịt Heo, Hải sản, Lẩu, Cá, Mực, ","Món Á, Món Nhật, ",10:00 - 22:00,10:00 - 22:00,10:00 - 22:00,10:00 - 22:00,10:00 - 22:00,10:00 - 22:00,10:00 - 22:00,no,yes,yes,30.000 -350.000,8.2,8.0,9.0,8.3,23
31,Hutong - Hot Pot Paradise - Cao Thắng,10.7719310000000,106.6800840000000,"106A Cao Thắng, P. 4, Quận 3, TP. HCM","Nhà hàng, ","Thịt Bò, Lẩu, ","Món Á, Món Trung Hoa, ",10:00 - 22:00,10:00 - 22:00,10:00 - 22:00,10:00 - 22:00,10:00 - 22:00,10:00 - 22:00,10:00 - 22:00,no,yes,yes,30.000 -350.000,9.7,9.7,9.8,9.7,23
31,Hutong - Hotpot Paradise - Nguyễn Tri Phương,10.7579850000000,106.6694761000000,"134 Nguyễn Tri Phương, P. 9, Quận 5, TP. HCM","Nhà hàng, ","Thịt Bò, Hải sản, Lẩu, Dimsum, ","Món Á, Món Trung Hoa, ",10:00 - 22:00,10:00 - 22:00,10:00 - 22:00,10:00 - 22:00,10:00 - 22:00,10:00 - 22:00,10:00 - 22:00,no,yes,yes,30.000 -350.000,9.7,9.0,9.4,9.5,34
32,The Coffee House - Cách Mạng Tháng 8,10.7782945000000,106.6808992000000,"130 Cách Mạng Tháng 8, Quận 3, TP. HCM","Café/Dessert, ","Café - Kem, Sinh tố - Nước ép, Thức uống, Trà sữa, ","Món Việt, ",07:30 - 22:00,07:30 - 22:00,07:30 - 22:00,07:30 - 22:00,07:30 - 22:00,07:30 - 22:00,07:30 - 22:00,no,no,yes,40.000 -100.000,7.4,7.2,7.6,7.3,190
32,The Coffee House - Võ Văn Ngân,10.8505345000000,106.7605448000000,"114 Võ Văn Ngân, P. Bình Thọ, Tp. Thủ Đức, TP. HCM","Café/Dessert, ","Café - Kem, Sinh tố - Nước ép, Thức uống, Trà sữa, ","Món Việt, ",07:30 - 22:00,07:30 - 22:00,07:30 - 22:00,07:30 - 22:00,07:30 - 22:00,07:30 - 22:00,07:30 - 22:00,no,no,yes,29.000 -69.000,7.6,7.7,7.8,7.5,137
32,The Coffee House - Út Tịch,10.7964536000000,106.6587764000000,"17B Út Tịch, Quận Tân Bình, TP. HCM","Café/Dessert, ","Bánh - Kẹo, Café - Kem, Thức uống, Trà sữa, ","Món Việt, ",08:00 - 22:00,08:00 - 22:00,08:00 - 22:00,08:00 - 22:00,08:00 - 22:00,08:00 - 22:00,08:00 - 22:00,yes,no,yes,30.000 -60.000,7.5,7.7,7.7,7.5,103
32,The Coffee House - Nguyễn Thái Bình,10.7680020000000,106.6988750000000,"141 Nguyễn Thái Bình, Quận 1, TP. HCM","Café/Dessert, ","Café - Kem, Sinh tố - Nước ép, Thức uống, Trà sữa, ","Món Việt, ",09:00 - 22:00,09:00 - 22:00,09:00 - 22:00,09:00 - 22:00,09:00 - 22:00,09:00 - 22:00,09:00 - 22:00,no,no,yes,30.000 -80.000,7.7,7.4,7.5,7.5,108
32,The Coffee House - Trần Quốc Thảo (closed),10.7855391000000,106.6819380000000,"183F Trần Quốc Thảo, P. 9, Quận 3, TP. HCM","Café/Dessert, ","Café - Kem, Thức uống, Trà sữa, ","Món Việt, ",07:00 - 22:00,07:00 - 22:00,07:00 - 22:00,07:00 - 22:00,07:00 - 22:00,07:00 - 22:00,07:00 - 22:00,no,no,no,30.000 -80.000,7.1,7.4,7.8,7.4,55
32,The Coffee House - 8Bis Hoàng Hoa Thám,10.8045070000000,106.6917850000000,"8Bis Hoàng Hoa Thám, P. 7, Quận Bình Thạnh, TP. HCM","Café/Dessert, ","Bánh - Kẹo, Café - Kem, Sinh tố - Nước ép, Ăn vặt - Ăn nhẹ, Thức uống, Trà sữa, ","Món Việt, ",07:00 - 22:00,07:00 - 22:00,07:00 - 22:00,07:00 - 22:00,07:00 - 22:00,07:00 - 22:00,07:00 - 22:00,no,no,yes,19.000 -55.000,7.5,7.4,8.1,7.6,58
32,The Coffee House - Lãnh Binh Thăng,10.7648193898023,106.6473434865474,"329 Lãnh Binh Thăng, Quận 11, TP. HCM","Café/Dessert, ","Café - Kem, Thức uống, ","Món Việt, ",07:30 - 22:00,07:30 - 22:00,07:30 - 22:00,07:30 - 22:00,07:30 - 22:00,07:30 - 22:00,07:30 - 22:00,no,no,yes,29.000 -55.000,7.1,7.4,7.6,7.5,24
32,The Coffee House - Trường Chinh,10.8016924000000,106.6368017000000,"559 Trường Chinh, Quận Tân Bình, TP. HCM","Café/Dessert, ","Café - Kem, Sinh tố - Nước ép, Ăn vặt - Ăn nhẹ, Thức uống, Trà sữa, ","Món Việt, ",07:00 - 22:30,07:00 - 22:30,07:00 - 22:30,07:00 - 22:30,07:00 - 22:30,07:00 - 22:30,07:00 - 22:30,no,no,yes,30.000 -50.000,7.4,7.5,7.9,7.5,26
32,The Coffee House - Huỳnh Tấn Phát,10.6744770000000,106.7636240000000,"2712 Huỳnh Tấn Phát, Huyện Nhà Bè, TP. HCM","Café/Dessert, ","Café - Kem, Sinh tố - Nước ép, Thức uống, ","Món Việt, ",09:00 - 22:00,09:00 - 22:00,09:00 - 22:00,09:00 - 22:00,09:00 - 22:00,09:00 - 22:00,09:00 - 22:00,no,no,yes,15.000 -30.000,6.7,7.2,8.5,7.3,15
32,The Coffee House - Nguyễn Ảnh Thủ,10.8648100000000,106.6136220000000,"95B Nguyễn Ảnh Thủ, Ấp Vạn Hạnh, Huyện Hóc Môn, TP. HCM","Café/Dessert, ","Café - Kem, Sinh tố - Nước ép, Thức uống, ","Món Việt, ",07:00 - 22:00,07:00 - 22:00,07:00 - 22:00,07:00 - 22:00,07:00 - 22:00,07:00 - 22:00,07:00 - 22:00,no,no,yes,30.000 -70.000,7.4,7.9,7.9,7.5,19
32,The Coffee House - Nguyễn Văn Công,10.8165728000000,106.6770791000000,"2 Nguyễn Văn Công, P. 3, Quận Gò Vấp, TP. HCM","Café/Dessert, ","Trà, Café - Kem, Thức uống, ","Món Việt, ",07:00 - 22:30,07:00 - 22:30,07:00 - 22:30,07:00 - 22:30,07:00 - 22:30,07:00 - 22:30,07:00 - 22:30,no,no,yes,20.000 -59.000,0.0,0.0,8.0,5.7,4
32,The Coffee House - Bùi Tư Toàn,10.7318056000000,106.6125881000000,"12 Bùi Tư Toàn, P. An Lạc, Quận Bình Tân, TP. HCM","Café/Dessert, ","Café - Kem, Sinh tố - Nước ép, Thức uống, ","Món Việt, ",07:30 - 22:00,07:30 - 22:00,07:30 - 22:00,07:30 - 22:00,07:30 - 22:00,07:30 - 22:00,07:30 - 22:00,no,no,yes,20.000 -50.000,0.0,0.0,0.0,_._,0
33,Pizza Hut - Trương Định,10.7768400000000,106.6905500000000,"61 Trương Định, Quận 3, TP. HCM","Nhà hàng, ","Pizza & Pasta, Fastfood - Thức ăn nhanh, ","Mỹ, Món Âu, Ý, Châu Mỹ, ",10:00 - 22:00,10:00 - 22:00,10:00 - 22:00,10:00 - 22:00,10:00 - 22:00,10:00 - 22:00,10:00 - 22:00,yes,yes,yes,150.000 -330.000,7.1,7.0,7.3,7.1,214
33,Pizza Hut - Phan Xích Long,10.7972120000000,106.6907190000000,"93 Phan Xich Long, P. 2, Quận Phú Nhuận, TP. HCM","Nhà hàng, ","Pizza & Pasta, Fastfood - Thức ăn nhanh, ","Mỹ, Món Âu, Ý, Châu Mỹ, ",10:00 - 21:30,10:00 - 21:30,10:00 - 21:30,10:00 - 21:30,10:00 - 21:30,10:00 - 21:30,10:00 - 21:30,yes,yes,yes,150.000 -330.000,7.3,6.9,6.9,7.0,198
33,Pizza Hut - Crescent Mall,10.7286720119973,106.7181351958007,"Tầng 5 Crescent Mall, 101 Tôn Dật Tiên, P. Tân Phú, Quận 7, TP. HCM","Nhà hàng, ","Pizza & Pasta, Fastfood - Thức ăn nhanh, ","Mỹ, Món Âu, Ý, Châu Mỹ, ",07:00 - 23:00,07:00 - 23:00,07:00 - 23:00,07:00 - 23:00,07:00 - 23:00,07:00 - 23:00,07:00 - 23:00,yes,yes,yes,200.000 -330.000,7.2,7.1,7.3,7.1,105
33,Pizza Hut - Vincom Maximark Cộng Hoà,10.8000790000000,106.6584010000000,"Vincom Maximark Cộng Hoà, 15 – 17 Cộng Hòa, Quận Tân Bình, TP. HCM","Nhà hàng, ","Pizza & Pasta, Fastfood - Thức ăn nhanh, ","Mỹ, Món Âu, Ý, Châu Mỹ, ",10:00 - 22:00,10:00 - 22:00,10:00 - 22:00,10:00 - 22:00,10:00 - 22:00,10:00 - 22:00,10:00 - 22:00,yes,yes,yes,200.000 -330.000,7.2,7.4,7.6,7.3,107
33,Pizza Hut - Nguyễn Trãi,10.7563290000000,106.6761300000000,"264-266 Nguyễn Trãi, Quận 5, TP. HCM","Nhà hàng, ","Pizza & Pasta, Fastfood - Thức ăn nhanh, ","Món Âu, Ý, ",10:00 - 21:30,10:00 - 21:30,10:00 - 21:30,10:00 - 21:30,10:00 - 21:30,10:00 - 21:30,10:00 - 21:30,yes,yes,yes,150.000 -330.000,7.5,7.1,7.3,7.3,290
33,Pizza Hut - Parkson CT Plaza,10.8129150000000,106.6652300000000,"Tầng Hầm B1 Parkson CT Plaza, 60A Trường Sơn, p. 2, Quận Tân Bình, TP. HCM","Nhà hàng, ","Pizza & Pasta, Fastfood - Thức ăn nhanh, ","Mỹ, Món Âu, Ý, Châu Mỹ, ",08:30 - 21:30,08:30 - 21:30,08:30 - 21:30,08:30 - 21:30,08:30 - 21:30,08:30 - 21:30,08:30 - 21:30,yes,yes,yes,200.000 -330.000,7.6,7.6,7.3,7.3,30
33,Pizza Hut - Vincom Maximark 3 Tháng 2,10.7766290000000,106.6805990000000,"Tầng 3, Vincom Maximark, 3 Đường 3 Tháng 2, Quận 10, TP. HCM","Nhà hàng, ","Pizza & Pasta, ","Mỹ, Món Âu, Ý, Châu Mỹ, ",10:00 - 22:30,10:00 - 22:30,10:00 - 22:30,10:00 - 22:30,10:00 - 22:30,10:00 - 22:30,10:00 - 22:30,yes,yes,yes,150.000 -330.000,7.2,7.4,7.6,7.3,50
33,Pizza Hut - Etown Cộng Hoà,10.8018940000000,106.6457380000000,"364 Cộng Hòa, Quận Tân Bình, TP. HCM","Nhà hàng, ","Pizza & Pasta, Fastfood - Thức ăn nhanh, ","Mỹ, Món Âu, Ý, Châu Mỹ, ",10:00 - 20:30,10:00 - 20:30,10:00 - 20:30,10:00 - 20:30,10:00 - 20:30,10:00 - 20:30,10:00 - 20:30,yes,yes,yes,200.000 -330.000,6.1,0.0,6.1,6.0,9
33,Pizza Hut - Lotte Mart Nam Sài Gòn,10.7411300000000,106.7013750000000,"Tầng Trệt Lotte Mart Nguyễn Hữu Thọ, 469 Nguyễn Hữu Thọ, P. Tân Hưng, Quận 7, TP. HCM","Nhà hàng, ","Pizza & Pasta, Fastfood - Thức ăn nhanh, ","Mỹ, Món Âu, Ý, Châu Mỹ, ",10:00 - 21:30,10:00 - 21:30,10:00 - 21:30,10:00 - 21:30,10:00 - 21:30,10:00 - 21:30,10:00 - 21:30,yes,yes,yes,10.000 -330.000,7.4,7.4,7.6,7.3,146
33,Pizza Hut - Trần Hưng Đạo,10.7667010000000,106.6941550000000,"38A Trần Hưng Đạo, P. Phạm Ngũ Lão, Quận 1, TP. HCM","Nhà hàng, ","Cơm Chiên, Pizza & Pasta, Cơm, Fastfood - Thức ăn nhanh, ",,10:00 - 22:00,10:00 - 22:00,10:00 - 22:00,10:00 - 22:00,10:00 - 22:00,10:00 - 22:00,10:00 - 22:00,yes,no,no,59.000 -164.000,6.4,6.4,6.4,6.6,70
33,Pizza Hut - Pandora City,10.8064000000000,106.6348330000000,"Tầng 4 Pandora City, 1/1 Trường Chinh, P. Tây Thạnh, Quận Tân Phú, TP. HCM","Nhà hàng, ","Pizza & Pasta, Thức uống, Nước ngọt, Fastfood - Thức ăn nhanh, ","Mỹ, Món Âu, Ý, Châu Mỹ, ",10:30 - 23:00,10:30 - 23:00,10:30 - 23:00,10:30 - 23:00,10:30 - 23:00,10:30 - 23:00,10:30 - 23:00,yes,yes,yes,120.000 -330.000,7.5,7.2,7.6,7.3,102
33,Pizza Hut - Nguyễn Tri Phương,10.7634750000000,106.6679440000000,"397 Nguyễn Tri Phương, Quận 10, TP. HCM","Nhà hàng, ","Pizza & Pasta, Cơm, Fastfood - Thức ăn nhanh, ","Mỹ, Châu Mỹ, ",10:00 - 21:30,10:00 - 21:30,10:00 - 21:30,10:00 - 21:30,10:00 - 21:30,10:00 - 21:30,10:00 - 21:30,yes,no,yes,100.000 -220.000,6.9,6.4,6.4,6.6,56
34,TRIA CAFE - Bakery & Tea Shop - 741 Nguyễn Duy Trinh,10.7905840000000,106.7823176000000,"741 Nguyễn Duy Trinh, P. Phú Hữu, Tp. Thủ Đức, TP. HCM","Café/Dessert, ","Trà chanh, Sinh tố - Nước ép, Thức uống, Trà sữa, ",,07:00 - 21:30,07:00 - 21:30,07:00 - 21:30,07:00 - 21:30,07:00 - 21:30,07:00 - 21:30,07:00 - 21:30,no,no,no,,10.0,10.0,10.0,10.0,155
34,TRIA CAFE - Bakery & Tea Shop - 342 Nguyễn Duy Trinh,10.7880582000000,106.7683433000000,"342 Nguyễn Duy Trinh, P. Bình Trưng Tây, Tp. Thủ Đức, TP. HCM","Quán ăn, ","Trà chanh, Sinh tố - Nước ép, Thức uống, Trà sữa, ",,07:00 - 21:00,07:00 - 21:00,07:00 - 21:00,07:00 - 21:00,07:00 - 21:00,07:00 - 21:00,07:00 - 21:00,no,no,no,,0.0,0.0,0.0,_._,0
35,King Coffee - Hòa Bình,10.8441700000000,106.7674290000000,"19 Hoà Bình, P. Bình Thọ, Tp. Thủ Đức, TP. HCM","Café/Dessert, ","Trà, Trà chanh, Café - Kem, Sinh tố - Nước ép, Thức uống, Trái cây, Trà sữa, Sữa, ","Món Miền Nam, ",08:00 - 22:00,08:00 - 22:00,08:00 - 22:00,08:00 - 22:00,08:00 - 22:00,08:00 - 22:00,08:00 - 22:00,no,no,yes,28.000 -50.000,7.9,8.0,8.4,7.9,76
36,Gong Cha - Trà & Cà Phê - Nguyễn Huệ - HCM,10.7742610000000,106.7038870000000,"Gian Hàng A, Số 52 - 54 Nguyễn Huệ, P. Bến Nghé, Quận 1, TP. HCM","Café/Dessert, ","Trà, Trà chanh, Sinh tố - Nước ép, Thức uống, Trà sữa, Sữa, ","Món Á, Đài Loan, ",09:30 - 21:30,09:30 - 21:30,09:30 - 21:30,09:30 - 21:30,09:30 - 21:30,09:30 - 21:30,09:30 - 21:30,no,no,yes,40.000 -80.000,7.2,6.5,6.4,6.7,"1,006"
36,Gong Cha - Trà & Cà Phê - Phú Mỹ Hưng,10.7217000000000,106.7129810000000,"SB-02, 201 Tôn Dật Tiên, P. Tân Phong, Quận 7, TP. HCM","Café/Dessert, ","Trà, Café - Kem, Sinh tố - Nước ép, Thức uống, Trái cây, Trà sữa, Sữa, ","Món Á, Đài Loan, ",09:15 - 17:00,09:15 - 17:00,09:15 - 17:00,09:15 - 17:00,09:15 - 17:00,09:15 - 17:00,09:15 - 17:00,yes,no,yes,40.000 -80.000,6.8,6.2,6.6,6.6,207
36,Trà Sữa Gong Cha - 貢茶 - Phan Xích Long,10.7979271000000,106.6896557000000,"240 Phan Xích Long, P. 7, Quận Phú Nhuận, TP. HCM","Café/Dessert, ","Café - Kem, Thức uống, Trà sữa, ","Món Á, Đài Loan, ",09:00 - 22:00,09:00 - 22:00,09:00 - 22:00,09:00 - 22:00,09:00 - 22:00,09:00 - 22:00,09:00 - 22:00,yes,yes,no,40.000 -80.000,6.7,0.0,6.1,6.4,445
36,Gong Cha - Trà & Cà Phê - Nguyễn Đình Chiểu,10.7883998000000,106.6992664000000,"70 Nguyễn Đình Chiểu, P. Đa Kao, Quận 1, TP. HCM","Café/Dessert, ","Trà chanh, Sinh tố - Nước ép, Thức uống, Trà sữa, Sữa, ","Món Á, Đài Loan, ",09:30 - 21:30,09:30 - 21:30,09:30 - 21:30,09:30 - 21:30,09:30 - 21:30,09:30 - 21:30,09:30 - 21:30,no,no,yes,40.000 -80.000,7.1,6.3,6.6,6.8,420
36,Gong Cha - Trà & Cà Phê - An Dương Vương,10.7582476000000,106.6759459000000,"498 An Dương Vương, P. 4, Quận 5, TP. HCM","Café/Dessert, ","Trà, Sinh tố - Nước ép, Thức uống, Trà sữa, Sữa, ","Món Á, Đài Loan, ",09:30 - 21:30,09:30 - 21:30,09:30 - 21:30,09:30 - 21:30,09:30 - 21:30,09:30 - 21:30,09:30 - 21:30,no,no,yes,40.000 -80.000,7.3,6.8,6.4,6.9,500
36,Gong Cha - Trà & Cà Phê - Phan Văn Trị,10.8242520000000,106.6912100000000,"507 Phan Văn Trị, P. 5, Quận Gò Vấp, TP. HCM","Café/Dessert, ","Trà, Sinh tố - Nước ép, Thức uống, Trà sữa, Sữa, ","Món Á, Đài Loan, ",09:30 - 21:00,09:30 - 21:00,09:30 - 21:00,09:30 - 21:00,09:30 - 21:00,09:30 - 21:00,09:30 - 21:00,yes,no,yes,40.000 -80.000,7.1,6.5,6.8,6.8,343
36,Gong Cha - Trà & Cà Phê - Nguyễn Sơn,10.7808680000000,106.6342090000000,"7 Nguyễn Sơn, P. Phú Thạnh, Quận Tân Phú, TP. HCM","Café/Dessert, ","Trà, Trà chanh, Sinh tố - Nước ép, Thức uống, Trà sữa, Sữa, ","Món Á, Đài Loan, ",09:30 - 21:30,09:30 - 21:30,09:30 - 21:30,09:30 - 21:30,09:30 - 21:30,09:30 - 21:30,09:30 - 21:30,no,no,yes,40.000 -80.000,6.7,6.4,6.4,6.6,244
36,Gong Cha - Trà & Cà Phê - Nguyễn Thái Bình,10.7996652000000,106.6586734000000,"59 Nguyễn Thái Bình, P. 4, Quận Tân Bình, TP. HCM","Café/Dessert, ","Trà, Sinh tố - Nước ép, Thức uống, Trà sữa, Sữa, ","Món Á, Đài Loan, ",09:30 - 21:30,09:30 - 21:30,09:30 - 21:30,09:30 - 21:30,09:30 - 21:30,09:30 - 21:30,09:30 - 21:30,no,no,yes,30.000 -50.000,6.8,6.3,6.2,6.5,198
36,Gong Cha - Trà & Cà Phê - Hồ Bán Nguyệt,10.7256450000000,106.7203900000000,"Tòa Nhà Cresent Residence 2 - CR2-05, 107 Tôn Dật Tiên, P. Tân Phú, Quận 7, TP. HCM","Café/Dessert, ","Trà, Sinh tố - Nước ép, Thức uống, Trà sữa, Sữa, ","Món Á, Đài Loan, ",09:30 - 21:30,09:30 - 21:30,09:30 - 21:30,09:30 - 21:30,09:30 - 21:30,09:30 - 21:30,09:30 - 21:30,no,no,yes,30.000 -50.000,7.1,6.3,6.8,6.9,51
36,Gong Cha - Trà & Cà Phê - Vinhomes Central Park,10.7907280000000,106.7214400000000,"Tòa Central 1, SH04 Vinhomes Central Park, 208 Nguyễn Hữu Cảnh, P. 22, Quận Bình Thạnh, TP. HCM","Café/Dessert, ","Trà, Trà chanh, Sinh tố - Nước ép, Thức uống, Trà sữa, Sữa, ","Món Á, Đài Loan, ",09:30 - 21:30,09:30 - 21:30,09:30 - 21:30,09:30 - 21:30,09:30 - 21:30,09:30 - 21:30,09:30 - 21:30,no,no,yes,40.000 -80.000,7.6,7.2,7.1,7.3,43
36,Gong Cha - Trà & Cà Phê - Thủ Đức,10.8496850000000,106.7668700000000,"101 Dân Chủ, P. Bình Thọ, Tp. Thủ Đức, TP. HCM","Café/Dessert, ","Trà, Sinh tố - Nước ép, Thức uống, Trà sữa, Sữa, ","Món Á, Đài Loan, ",09:30 - 21:30,09:30 - 21:30,09:30 - 21:30,09:30 - 21:30,09:30 - 21:30,09:30 - 21:30,09:30 - 21:30,yes,no,yes,30.000 -50.000,6.3,0.0,6.7,6.4,124
36,Gong Cha - Trà & Cà Phê - Thảo Điền Pearl,10.8013462000000,106.7335076000000,"L1-23-L1-24, Tầng 1, Thảo Điền Pearl, 12 Quốc Hương, P. Thảo Điền, Tp. Thủ Đức, TP. HCM","Café/Dessert, ","Trà, Café - Kem, Sinh tố - Nước ép, Thức uống, Trà sữa, Sữa, ","Món Á, Đài Loan, ",09:30 - 21:45,09:30 - 21:45,09:30 - 21:45,09:30 - 21:45,09:30 - 21:45,09:30 - 21:45,09:30 - 21:45,yes,no,yes,40.000 -80.000,7.3,6.9,7.4,7.1,45
37,Feel Coffee & Tea Express - Làng Đại Học Thủ Đức,10.8756920493216,106.7999868161468,"Làng Đại Học Thủ Đức, Tp. Thủ Đức, TP. HCM","Café/Dessert, ","Café - Kem, Sinh tố - Nước ép, Home-made, Thức uống, ","Món Việt, ",07:00 - 23:00,07:00 - 23:00,07:00 - 23:00,07:00 - 23:00,07:00 - 23:00,07:00 - 23:00,07:00 - 23:00,yes,no,yes,10.000 -22.000,7.6,7.7,6.7,7.4,88
37,Feel Coffee & Tea Express - Đại Học Nông Lâm,10.8689600000000,106.7877580000000,"10 - 11 Đại Học Nông Lâm TPHCM, Tp. Thủ Đức, TP. HCM","Café/Dessert, ","Café - Kem, Thức uống, ","Món Việt, ",08:00 - 22:00,08:00 - 22:00,08:00 - 22:00,08:00 - 22:00,08:00 - 22:00,08:00 - 22:00,08:00 - 22:00,no,no,yes,10.000 -22.000,6.9,7.2,7.8,7.4,13
37,Feel Coffee & Tea Express - Nguyễn Văn Bảo,10.8208500000000,106.6872120000000,"1 Nguyễn Văn Bảo, Quận Gò Vấp, TP. HCM","Café/Dessert, ","Café - Kem, ","Món Việt, ",06:30 - 22:30,06:30 - 22:30,06:30 - 22:30,06:30 - 22:30,06:30 - 22:30,06:30 - 22:30,06:30 - 22:30,no,no,yes,11.000 -25.000,7.3,7.1,6.1,7.2,9
38,Kokois - Cafe Bistro & Store (nghỉ luôn),10.8040449000000,106.7372433000000,"24 Thảo Điền, Tp. Thủ Đức, TP. HCM","Nhà hàng, ","Hamburger, Hải sản, Súp, Thịt Vịt, Salad, Ăn vặt - Ăn nhẹ, Thức uống, ","Món Âu, Ý, ",08:00 - 22:00,08:00 - 22:00,08:00 - 22:00,08:00 - 22:00,08:00 - 22:00,08:00 - 22:00,08:00 - 22:00,no,no,no,26.000 -320.000,6.9,7.3,8.3,7.2,65
39,Gà Nướng Cơm Lam & Bánh Bao - Tiến Phát,10.8663578000000,106.7189267000000,"243 Quốc Lộ 13 Cũ, P. Hiệp Bình Phước, Tp. Thủ Đức, TP. HCM","Quán ăn, ","Cơm, ",,10:00 - 21:00,10:00 - 21:00,10:00 - 21:00,10:00 - 21:00,10:00 - 21:00,10:00 - 21:00,10:00 - 21:00,no,no,no,,10.0,10.0,10.0,10.0,120
40,Vườn Ẩm Thực Mai Vàng - Đường Số 8,10.8556330000000,106.7702420000000,"43 Đường Số 8, P. Linh Trung, Tp. Thủ Đức, TP. HCM","Nhà hàng, ","Thịt Gà, Thịt Bò, Thịt Heo, Hải sản, ","Món Việt, ",09:00 - 23:00,09:00 - 23:00,09:00 - 23:00,09:00 - 23:00,09:00 - 23:00,09:00 - 23:00,09:00 - 23:00,no,no,no,200.000 -550.000,6.2,0.0,6.5,6.4,78
41,Trà Sữa Tiên Hưởng - Nguyễn Thanh Sơn,10.7759159000000,106.7543341000000,"36 Nguyễn Thanh Sơn, P. Thạnh Mỹ Lợi, Tp. Thủ Đức, TP. HCM","Café/Dessert, ","Trà, Thức uống, Trà sữa, Sữa, ","Món Trung Hoa, ",09:30 - 22:30,09:30 - 22:30,09:30 - 22:30,09:30 - 22:30,09:30 - 22:30,09:30 - 22:30,09:30 - 22:30,yes,no,yes,19.000 -51.000,6.1,0.0,6.6,6.3,50
42,Chú Tèo Buffet Nướng 99K - 16A Phạm Văn Đồng,10.8340436167262,106.7283904552460,"16A Phạm Văn Đồng, P. Hiệp Bình Chánh, Tp. Thủ Đức, TP. HCM","Quán ăn, ","Thịt Bò, Thịt Heo, ","Món Việt, ",16:30 - 23:30,16:30 - 23:30,16:30 - 23:30,16:30 - 23:30,16:30 - 23:30,16:30 - 23:30,16:30 - 23:30,no,yes,yes,99.000 -119.000,0.0,0.0,0.0,6.1,107
43,Kaffeine Cafe - Thống Nhất,10.8464830000000,106.7704864000000,"49 Thống Nhất, P. Bình Thọ, Tp. Thủ Đức, TP. HCM","Café/Dessert, ","Café - Kem, Sinh tố - Nước ép, Thức uống, ","Món Miền Nam, ",06:00 - 23:00,06:00 - 23:00,06:00 - 23:00,06:00 - 23:00,06:00 - 23:00,06:00 - 23:00,06:00 - 23:00,no,no,yes,30.000 -50.000,7.9,8.1,8.3,7.9,61
44,Urban Station Coffee Takeaway - Vincom Thủ Đức,10.8505925000000,106.7654854000000,"216 Võ Văn Ngân, Tp. Thủ Đức, TP. HCM","Café/Dessert, ","Café - Kem, Sinh tố - Nước ép, Thức uống, ","Món Việt, ",09:30 - 22:00,09:30 - 22:00,09:30 - 22:00,09:30 - 22:00,09:30 - 22:00,09:30 - 22:00,09:30 - 22:00,yes,no,yes,20.000 -40.000,7.7,7.6,7.6,7.5,67
45,"Highlands Coffee - Trà, Cà Phê & Bánh - SG Centre",10.7731590000000,106.7010940000000,"Tầng Hầm 2 - 15 TTTM Takashimaya, 92 - 94 Nam Kỳ Khởi Nghĩa, P. Bến Nghé, Quận 1, TP. HCM","Café/Dessert, ","Trà, Trà chanh, Món nước, Bánh - Kẹo, Café - Kem, Sinh tố - Nước ép, Cơm văn phòng, Ăn vặt - Ăn nhẹ, Thức uống, Bia, Nước ngọt, ","Món Việt, Ý, ",06:00 - 22:00,06:00 - 22:00,06:00 - 22:00,06:00 - 22:00,06:00 - 22:00,06:00 - 22:00,06:00 - 22:00,no,yes,yes,9.000 -65.000,7.7,7.4,7.4,7.5,97
45,"Highlands Coffee - Trà, Cà Phê & Bánh - Mạc Đĩnh Chi",10.7853140000000,106.6985750000000,"39 Mạc Đĩnh Chi, P. Đakao, Quận 1, TP. HCM","Café/Dessert, ","Trà, Trà chanh, Bánh - Kẹo, Café - Kem, Sinh tố - Nước ép, Cơm văn phòng, Thức uống, Trà sữa, ","Món Việt, ",08:00 - 22:00,08:00 - 22:00,08:00 - 22:00,08:00 - 22:00,08:00 - 22:00,08:00 - 22:00,08:00 - 22:00,yes,yes,yes,9.000 -65.000,7.5,7.1,7.7,7.4,129
45,"Highlands Coffee - Trà, Cà Phê & Bánh - Vincom B3",10.7779210000000,106.7017280000000,"Tầng B3 Vincom Center, 72 Lê Thánh Tôn, P. Bến Nghé, Quận 1, TP. HCM","Café/Dessert, ","Trà, Món nước, Bánh - Kẹo, Café - Kem, Sinh tố - Nước ép, Thức uống, ","Món Việt, ",08:30 - 22:00,08:30 - 22:00,08:30 - 22:00,08:30 - 22:00,08:30 - 22:00,08:30 - 22:00,08:30 - 22:00,no,yes,yes,9.000 -65.000,7.5,7.0,7.2,7.3,187
45,"Highlands Coffee - Trà, Cà Phê & Bánh - Saigon Trade",10.7843620000000,106.7036230000000,"37 Tôn Đức Thắng, P. Bến Nghé, Quận 1, TP. HCM","Café/Dessert, ","Trà, Bánh - Kẹo, Café - Kem, Sinh tố - Nước ép, Thức uống, ","Món Việt, ",Đang cập nhật,Đang cập nhật,Đang cập nhật,Đang cập nhật,Đang cập nhật,Đang cập nhật,Đang cập nhật,no,yes,yes,9.000 -65.000,7.5,7.1,7.3,7.3,42
45,Highlands Coffee - SG Tower,10.7827630000000,106.7009890000000,"Saigon Tower, 29 Lê Duẩn, P. Bến Nghé, Quận 1, TP. HCM","Café/Dessert, ","Trà, Trà chanh, Món nước, Café - Kem, Sinh tố - Nước ép, Cơm văn phòng, Ăn vặt - Ăn nhẹ, Thức uống, Bia, Nước ngọt, ","Món Việt, ",07:00 - 17:00,07:00 - 17:00,07:00 - 17:00,07:00 - 17:00,07:00 - 17:00,Tạm nghỉ,Tạm nghỉ,no,yes,yes,9.000 -65.000,7.6,7.1,6.4,7.2,16
45,"Highlands Coffee - Trà, Cà Phê & Bánh - Diamond",10.7808612000000,106.6979625000000,"Diamond Plaza, 34 Lê Duẩn, P. Bến Nghé, Quận 1, TP. HCM","Café/Dessert, ","Trà, Trà chanh, Món nước, Café - Kem, Sinh tố - Nước ép, Cơm văn phòng, Ăn vặt - Ăn nhẹ, Thức uống, Bia, Nước ngọt, Trà sữa, ","Món Việt, ",Đang cập nhật,Đang cập nhật,Đang cập nhật,Đang cập nhật,Đang cập nhật,Đang cập nhật,Đang cập nhật,no,yes,yes,9.000 -65.000,7.5,7.3,7.5,7.5,163
45,"Highlands Coffee - Trà, Cà Phê & Bánh - Liberty Phạm Ngũ Lão",10.7686520000000,106.6933830000000,"187 Phạm Ngũ Lão, P. Phạm Ngũ Lão, Quận 1, TP. HCM","Café/Dessert, ","Trà, Trà chanh, Món nước, Café - Kem, Sinh tố - Nước ép, Cơm văn phòng, Ăn vặt - Ăn nhẹ, Thức uống, Bia, Nước ngọt, Trà sữa, ","Món Việt, ",07:00 - 21:00,07:00 - 21:00,07:00 - 21:00,07:00 - 21:00,07:00 - 21:00,07:00 - 21:00,07:00 - 21:00,no,yes,yes,9.000 -65.000,7.1,6.9,7.0,7.0,499
45,Highlands Coffee - Food Court Parkson Hùng Vương,10.7560920000000,106.6622200000000,"Tầng 4, Food Court Parkson Hùng Vương,126 Hùng Vương, P. 12, Quận 5, TP. HCM","Café/Dessert, ","Trà, Trà chanh, Món nước, Café - Kem, Sinh tố - Nước ép, Cơm văn phòng, Ăn vặt - Ăn nhẹ, Thức uống, Bia, Nước ngọt, Sữa, ","Món Việt, ",Đang cập nhật,Đang cập nhật,Đang cập nhật,Đang cập nhật,Đang cập nhật,Đang cập nhật,Đang cập nhật,no,yes,yes,9.000 -65.000,7.5,7.1,7.1,7.2,104
45,"Highlands Coffee - Trà, Cà Phê & Bánh - Lotte Mart Nam Sài Gòn",10.7410030000000,106.7013390000000,"Tầng Trệt, Lotte Mart Nam Sài Gòn, 469 Nguyễn Hữu Thọ, P. Tân Hưng, Quận 7, TP. HCM","Café/Dessert, ","Trà, Café - Kem, Sinh tố - Nước ép, Cơm văn phòng, Thức uống, Trà sữa, ","Món Việt, ",09:00 - 10:00,09:00 - 10:00,09:00 - 10:00,09:00 - 10:00,09:00 - 10:00,09:00 - 10:00,09:00 - 10:00,no,no,yes,9.000 -65.000,7.3,6.8,7.5,7.2,81
45,"Highlands Coffee - Trà, Cà Phê & Bánh - Garden Plaza",10.7222656000000,106.7125781000000,"SB-01, Garden Plaza 1, 22 Tôn Dật Tiên, P. Tân Phong, Quận 7, TP. HCM","Café/Dessert, ","Trà, Trà chanh, Café - Kem, Sinh tố - Nước ép, Ăn vặt - Ăn nhẹ, Thức uống, ","Món Việt, ",07:00 - 20:00,07:00 - 20:00,07:00 - 20:00,07:00 - 20:00,07:00 - 20:00,07:00 - 20:00,07:00 - 20:00,no,no,yes,30.000 -100.000,7.3,6.7,7.8,7.2,40
45,Highlands Coffee - Parkson Paragon,10.7312000000000,106.7201810000000,"3 Nguyễn Lương Bằng, P. Tân Phú, Quận 7, TP. HCM","Café/Dessert, ","Món nước, Café - Kem, Sinh tố - Nước ép, Cơm văn phòng, Ăn vặt - Ăn nhẹ, Thức uống, Bia, Nước ngọt, ","Món Việt, ",Đang cập nhật,Đang cập nhật,Đang cập nhật,Đang cập nhật,Đang cập nhật,Đang cập nhật,Đang cập nhật,no,yes,yes,9.000 -65.000,7.7,7.4,7.5,7.6,13
45,"Highlands Coffee - Trà, Cà Phê & Bánh - The Manor",10.7927860000000,106.7179620000000,"The Manor, 91 Nguyễn Hữu Cảnh, P. 22, Quận Bình Thạnh, TP. HCM","Café/Dessert, ","Trà, Trà chanh, Món nước, Café - Kem, Sinh tố - Nước ép, Cơm văn phòng, Ăn vặt - Ăn nhẹ, Thức uống, Bia, Nước ngọt, Trà sữa, ","Món Việt, ",06:00 - 18:00,06:00 - 18:00,06:00 - 18:00,06:00 - 18:00,06:00 - 18:00,06:00 - 18:00,06:00 - 18:00,no,yes,yes,9.000 -65.000,7.5,7.1,7.8,7.4,42
46,Chang - Modern Thai Cuisine - Cao Thắng,10.7698750000000,106.6841190000000,"6 Cao Thắng, P. 5, Quận 3, TP. HCM","Nhà hàng, ","Thịt Gà, Thịt Bò, Hải sản, Món nước, Lẩu, Ăn vặt - Ăn nhẹ, Cơm, ","Món Á, Món Thái, ",11:00 - 21:00,11:00 - 21:00,11:00 - 21:00,11:00 - 21:00,11:00 - 21:00,11:00 - 21:00,11:00 - 21:00,yes,yes,yes,50.000 -300.000,8.0,8.0,7.9,7.9,120
46,Chang - Modern Thai Cuisine - Võ Văn Ngân,10.8496880000000,106.7698610000000,"292 Võ Văn Ngân, P. Bình Thọ, Tp. Thủ Đức, TP. HCM","Nhà hàng, ","Thịt Gà, Tôm, Gà rán, Cơm Chiên, Bún, Thịt Bò, Xôi, Thịt Heo, Hải sản, Mì, Cá, Lẩu, Súp, Miến, Cơm, Thức uống, ","Món Á, Món Thái, ",11:00 - 21:00,11:00 - 21:00,11:00 - 21:00,11:00 - 21:00,11:00 - 21:00,11:00 - 21:00,11:00 - 21:00,no,no,yes,50.000 -300.000,8.8,9.0,8.9,8.8,74
46,Chang - Modern Thai Cuisine - Phan Xích Long,10.8012590000000,106.6833940000000,"347 Phan Xích Long, P. 1, Quận Phú Nhuận, TP. HCM","Nhà hàng, ","Bún, Hải sản, Món nước, Mì, Cháo, Lẩu, Thức uống, ","Món Á, Món Thái, ",11:00 - 21:00,11:00 - 21:00,11:00 - 21:00,11:00 - 21:00,11:00 - 21:00,11:00 - 21:00,11:00 - 21:00,no,no,no,50.000 -300.000,8.4,8.5,8.2,8.3,82
46,Chang - Modern Thai Cuisine - Nguyễn Đức Cảnh,10.7279330000000,106.7085580000000,"SB8-1, Mỹ Khánh 2, Nguyễn Đức Cảnh, Quận 7, TP. HCM","Nhà hàng, ","Thịt Bò, Bún, Hải sản, Món nước, Mì, Cháo, Lẩu, Cơm, ","Món Á, Món Thái, ",11:00 - 21:30,11:00 - 21:30,11:00 - 21:30,11:00 - 21:30,11:00 - 21:30,11:00 - 21:30,11:00 - 21:30,no,no,yes,50.000 -300.000,8.3,8.4,8.5,8.3,19
46,Chang - Modern Thai Cuisine - Hoàng Hoa Thám,10.7998987000000,106.6474466000000,"110 Hoàng Hoa Thám, P. 12, Quận Tân Bình, TP. HCM","Quán ăn, ","Thịt Bò, Bún, ",,11:00 - 20:30,11:00 - 20:30,11:00 - 20:30,11:00 - 20:30,11:00 - 20:30,11:00 - 20:30,11:00 - 20:30,no,no,no,25.000 -60.000,0.0,0.0,0.0,_._,0
46,Chang - Modern Thai Cuisine - Vạn Hạnh Mall,10.7706176000000,106.6694750000000,"Tầng 05, Trung Tâm Thương Mại Vạn Hạnh Mall, 11 Sư Vạn Hạnh, P. 12, Quận 10, TP. HCM","Quán ăn, ","Bún, Cơm, ",,11:00 - 21:00,11:00 - 21:00,11:00 - 21:00,11:00 - 21:00,11:00 - 21:00,11:00 - 21:00,11:00 - 21:00,no,no,no,79.000 -330.000,0.0,0.0,0.0,_._,0
46,Chang - Modern Thai Cuisine - Đường số 7 Bình Tân,10.7515744000000,106.6116800000000,"305 – 307 Đường số 7, P. Bình Trị Đông B, Quận Bình Tân, TP. HCM","Quán ăn, ","Cơm, ",,11:00 - 22:30,11:00 - 22:30,11:00 - 22:30,11:00 - 22:30,11:00 - 22:30,11:00 - 22:30,11:00 - 22:30,no,no,no,50.000 -300.000,0.0,0.0,0.0,1.0,1
46,Chang - Modern Thai Cuisine - Cảnh Viên,10.7226780000000,106.7286300000000,"57 Đường C, Khu Nam Viên - S2, Khu Phố 6, P. Tân Phú, Quận 7, TP. HCM","Quán ăn, ",,,11:00 - 22:30,11:00 - 22:30,11:00 - 22:30,11:00 - 22:30,11:00 - 22:30,11:00 - 22:30,11:00 - 22:30,no,no,no,79.000 -330.000,0.0,0.0,0.0,_._,0
46,Chang - Modern Thai Cuisine - Lotte Gò Vấp,10.8381884000000,106.6713818000000,"242 Nguyễn Văn Lượng, P. 10, Quận Gò Vấp, TP. HCM","Quán ăn, ","Hải sản, Bào Ngư, Cá, Cháo, ",,11:00 - 21:00,11:00 - 21:00,11:00 - 21:00,11:00 - 21:00,11:00 - 21:00,11:00 - 21:00,11:00 - 21:00,no,no,no,79.000 -330.000,0.0,0.0,0.0,_._,0
46,Chang - Modern Thai Cuisine - Sense City Phạm Văn Đồng,10.8275744000000,106.7221044000000,"Vị trí L2-02a, Tầng 03, Trung tâm thương mại Sense City, số 240 – 242 Đường Kha Vạn Cân, P. Hiệp Bình Chánh, Tp. Thủ Đức, TP. HCM","Quán ăn, ",,,11:00 - 21:30,11:00 - 21:30,11:00 - 21:30,11:00 - 21:30,11:00 - 21:30,11:00 - 21:30,11:00 - 21:30,no,no,no,,0.0,0.0,0.0,_._,0
46,Chang - Modern Thai Cuisine - Lê Văn Sỹ,10.7964503000000,106.6650186000000,"357 Lê Văn Sỹ, P. 1, Quận Tân Bình, TP. HCM","Quán ăn, ",,,11:00 - 22:00,11:00 - 22:00,11:00 - 22:00,11:00 - 22:00,11:00 - 22:00,11:00 - 22:00,11:00 - 22:00,no,no,no,,0.0,0.0,0.0,_._,0
46,Chang - Modern Thai Cuisine - Lê Đại Hành,10.7668886000000,106.6533408000000,"357D Lê Đại Hành, P. 11, Quận 11, TP. HCM","Quán ăn, ","Thịt Bò, Bún, ",,11:00 - 22:00,11:00 - 22:00,11:00 - 22:00,11:00 - 22:00,11:00 - 22:00,11:00 - 22:00,11:00 - 22:00,no,no,no,,0.0,0.0,0.0,_._,0
47,River View Restaurant,10.8016680000000,106.7285820000000,"8/11 Đường Số 49B, P. Thảo Điền, Tp. Thủ Đức, TP. HCM","Nhà hàng, ","Bánh mì, Lẩu, Bánh - Kẹo, Café - Kem, Ăn vặt - Ăn nhẹ, Nem, ","Món Việt, ",07:00 - 22:00,07:00 - 22:00,07:00 - 22:00,07:00 - 22:00,07:00 - 22:00,07:00 - 22:00,07:00 - 22:00,no,no,yes,50.000 -100.000,9.4,8.8,8.1,8.6,55
48,Gà Rán KFC - Phú Mỹ Hưng Đường Phạm Văn Nghị,10.7302836000000,106.7066001000000,"60 Phạm Văn Nghị, Khu Sky Garden 2-R1-2, Khu Phố 3, P. Tân Phong, Quận 7, TP. HCM","Nhà hàng, ","Thịt Gà, Gà rán, Hamburger, Ăn vặt - Ăn nhẹ, Thức uống, Nước ngọt, Fastfood - Thức ăn nhanh, ","Mỹ, Châu Mỹ, ",09:00 - 22:00,09:00 - 22:00,09:00 - 22:00,09:00 - 22:00,09:00 - 22:00,09:00 - 22:00,09:00 - 22:00,yes,no,yes,30.000 -88.000,0.0,0.0,6.8,6.3,27
48,Gà Rán KFC - Crescent Mall,10.7290836000000,106.7188731000000,"Tầng 5 Crescent Mall, 101 Tôn Dật Tiên, P. Tân Phú, Quận 7, TP. HCM","Nhà hàng, ","Thịt Gà, Gà rán, Hamburger, Ăn vặt - Ăn nhẹ, Thức uống, Nước ngọt, Fastfood - Thức ăn nhanh, ","Mỹ, Châu Mỹ, ",09:00 - 22:00,09:00 - 22:00,09:00 - 22:00,09:00 - 22:00,09:00 - 22:00,09:00 - 22:00,09:00 - 22:00,yes,no,yes,30.000 -88.000,7.0,7.0,7.4,7.1,51
48,Gà Rán KFC - Bến Xóm Củi,10.7468405000000,106.6601768000000,"48 - 50 Cần Giuộc, P. 13, Quận 8, TP. HCM","Nhà hàng, ","Thịt Gà, Gà rán, Hamburger, Ăn vặt - Ăn nhẹ, Thức uống, Nước ngọt, Fastfood - Thức ăn nhanh, ","Mỹ, Châu Mỹ, ",09:00 - 22:00,09:00 - 22:00,09:00 - 22:00,09:00 - 22:00,09:00 - 22:00,09:00 - 22:00,09:00 - 22:00,yes,no,yes,30.000 -88.000,0.0,6.1,7.1,6.5,13
48,Gà Rán KFC - Vincom Maximark Cộng Hòa,10.8006814000000,106.6585900000000,"15 - 17 Cộng Hòa, P. 4, Quận Tân Bình, TP. HCM","Nhà hàng, ","Thịt Gà, Gà rán, Hamburger, Ăn vặt - Ăn nhẹ, Thức uống, Nước ngọt, Fastfood - Thức ăn nhanh, ","Mỹ, Châu Mỹ, ",09:00 - 22:00,09:00 - 22:00,09:00 - 22:00,09:00 - 22:00,09:00 - 22:00,09:00 - 22:00,09:00 - 22:00,yes,no,yes,30.000 -88.000,7.0,6.8,7.3,7.0,44
48,Gà Rán KFC - Nguyễn Sơn,10.7822334000000,106.6281014000000,"111 Nguyễn Sơn, P. Phú Thạnh, Quận Tân Phú, TP. HCM","Nhà hàng, ","Thịt Gà, Gà rán, Hamburger, Ăn vặt - Ăn nhẹ, Thức uống, Nước ngọt, Fastfood - Thức ăn nhanh, ","Mỹ, Châu Mỹ, ",09:00 - 22:00,09:00 - 22:00,09:00 - 22:00,09:00 - 22:00,09:00 - 22:00,09:00 - 22:00,09:00 - 22:00,yes,no,yes,30.000 -88.000,0.0,0.0,0.0,4.8,27
48,Gà Rán KFC - Tân Sơn Nhì,10.8021480000000,106.6339540000000,"76-78 Tân Sơn Nhì, P. Tân Sơn Nhì, Quận Tân Phú, TP. HCM","Nhà hàng, ","Thịt Gà, Gà rán, Hamburger, Ăn vặt - Ăn nhẹ, Thức uống, Nước ngọt, Fastfood - Thức ăn nhanh, ","Mỹ, Châu Mỹ, ",09:00 - 22:00,09:00 - 22:00,09:00 - 22:00,09:00 - 22:00,09:00 - 22:00,09:00 - 22:00,09:00 - 22:00,yes,no,yes,50.000 -165.000,0.0,0.0,6.0,5.9,32
48,Gà Rán KFC - Võ Văn Ngân,10.8508120000000,106.7646920000000,"251 Võ Văn Ngân, P. Linh Chiểu, Tp. Thủ Đức, TP. HCM","Nhà hàng, ","Thịt Gà, Gà rán, Hamburger, Ăn vặt - Ăn nhẹ, Thức uống, Nước ngọt, Fastfood - Thức ăn nhanh, ","Mỹ, Châu Mỹ, ",09:00 - 22:00,09:00 - 22:00,09:00 - 22:00,09:00 - 22:00,09:00 - 22:00,09:00 - 22:00,09:00 - 22:00,yes,no,yes,30.000 -88.000,6.0,6.1,6.6,6.5,53
48,Gà Rán KFC - Xô Viết Nghệ Tĩnh,10.7994873000000,106.7109289000000,"195 Xô Viết Nghệ Tĩnh, P. 17, Quận Bình Thạnh, TP. HCM","Nhà hàng, ","Thịt Gà, Gà rán, Hamburger, Ăn vặt - Ăn nhẹ, Thức uống, Nước ngọt, Fastfood - Thức ăn nhanh, ","Mỹ, Châu Mỹ, ",09:00 - 22:00,09:00 - 22:00,09:00 - 22:00,09:00 - 22:00,09:00 - 22:00,09:00 - 22:00,09:00 - 22:00,yes,no,yes,50.000 -165.000,6.1,0.0,6.3,6.2,80
48,Gà Rán KFC - Phạm Ngọc Thạch,10.7836024000000,106.6951299000000,"14 Phạm Ngọc Thạch, P. 6, Quận 3, TP. HCM","Nhà hàng, ","Thịt Gà, Gà rán, Hamburger, Ăn vặt - Ăn nhẹ, Thức uống, Nước ngọt, Fastfood - Thức ăn nhanh, ","Mỹ, Châu Mỹ, ",09:00 - 22:00,09:00 - 22:00,09:00 - 22:00,09:00 - 22:00,09:00 - 22:00,09:00 - 22:00,09:00 - 22:00,yes,no,yes,30.000 -88.000,6.9,7.0,7.2,7.1,51
48,Gà Rán KFC - Lê Văn Sỹ,10.7887451000000,106.6758880000000,"407C - 407D Lê Văn Sỹ, P. 12, Quận 3, TP. HCM","Nhà hàng, ","Thịt Gà, Gà rán, Hamburger, Ăn vặt - Ăn nhẹ, Thức uống, Nước ngọt, Fastfood - Thức ăn nhanh, ","Mỹ, Châu Mỹ, ",09:00 - 22:00,09:00 - 22:00,09:00 - 22:00,09:00 - 22:00,09:00 - 22:00,09:00 - 22:00,09:00 - 22:00,yes,no,yes,50.000 -165.000,6.5,6.2,6.4,6.5,55
48,Gà Rán KFC - Trịnh Văn Cấn - Nguyễn Thái Học,10.7673434000000,106.6964040000000,"35 Trịnh Văn Cấn, P. Cầu Ông Lãnh, Quận 1, TP. HCM","Nhà hàng, ","Thịt Gà, Gà rán, Hamburger, Ăn vặt - Ăn nhẹ, Thức uống, Nước ngọt, Fastfood - Thức ăn nhanh, ","Mỹ, Châu Mỹ, ",09:00 - 22:00,09:00 - 22:00,09:00 - 22:00,09:00 - 22:00,09:00 - 22:00,09:00 - 22:00,09:00 - 22:00,yes,no,yes,30.000 -88.000,6.8,6.4,7.1,6.8,46
48,Gà Rán KFC - Nguyễn Văn Giai,10.7927708000000,106.6972065000000,"2 Nguyễn Huy Tự, P. Đa Kao, Quận 1, TP. HCM","Nhà hàng, ","Thịt Gà, Gà rán, Hamburger, Ăn vặt - Ăn nhẹ, Thức uống, Nước ngọt, Fastfood - Thức ăn nhanh, ","Mỹ, Châu Mỹ, ",09:00 - 22:00,09:00 - 22:00,09:00 - 22:00,09:00 - 22:00,09:00 - 22:00,09:00 - 22:00,09:00 - 22:00,yes,no,yes,30.000 -88.000,6.8,6.6,6.6,6.9,25
49,Nhà Hàng Sesan - Hải Sản & Hàng Rừng,10.8437960000000,106.7667680000000,"14 Einstein, P. Bình Thọ, Tp. Thủ Đức, TP. HCM","Nhà hàng, ","Thịt Heo, Hải sản, ","Món Việt, ",08:00 - 22:00,08:00 - 22:00,08:00 - 22:00,08:00 - 22:00,08:00 - 22:00,08:00 - 22:00,08:00 - 22:00,no,yes,no,50.000 -220.000,8.0,8.0,8.5,8.0,61
50,Kem Tự Chọn Tank - Tô Vĩnh Diện,10.8561430000000,106.7619660000000,"47 Đường 17, P. Linh Chiểu, Tp. Thủ Đức, TP. HCM","Café/Dessert, ","Trà, Café - Kem, Thức uống, Trà sữa, Sữa, ","Món Việt, ",08:00 - 22:30,08:00 - 22:30,08:00 - 22:30,08:00 - 22:30,08:00 - 22:30,08:00 - 22:30,08:00 - 22:30,yes,no,yes,20.000 -50.000,7.4,7.5,8.2,7.5,49
51,Lẩu Mắm Bà Dú - Vincom Mega Mall Thảo Điền,10.8023630000000,106.7422650000000,"Tầng 4, Vincom Mega Mall Thảo Điền, 159 Xa lộ Hà Nội, P. Thảo Điền, Tp. Thủ Đức, TP. HCM","Quán ăn, ","Heo quay, Thịt Ếch, Cơm Chiên, Lẩu, Cơm, ","Món Việt, ",10:00 - 22:00,10:00 - 22:00,10:00 - 22:00,10:00 - 22:00,10:00 - 22:00,10:00 - 22:00,10:00 - 22:00,no,no,yes,25.000 -120.000,7.2,6.7,7.1,7.0,41
51,Lẩu Mắm Bà Dú - Vạn Hạnh Mall,10.7709210000000,106.6694950000000,"Gian 6-13, Tầng 6, Vạn Hạnh Mall, 11 Sư Vạn Hạnh, P. 12, Quận 10, TP. HCM","Quán ăn, ","Thịt Gà, Tôm, Gà rán, Heo quay, Thịt Ếch, Cơm Chiên, Cơm Cháy, Thịt Heo, Cua - Ghẹ, Thịt Bò, Hải sản, Mì, Lẩu, Cá, Mực, Chả giò, Đặc sản vùng, Ăn vặt - Ăn nhẹ, Cơm, Nem, Cá/bò viên, ","Món Việt, ",10:00 - 22:00,10:00 - 22:00,10:00 - 22:00,10:00 - 22:00,10:00 - 22:00,10:00 - 22:00,10:00 - 22:00,no,no,yes,10.000 -290.000,6.4,0.0,6.3,6.2,43
51,Lẩu Mắm Bà Dú - Gigamall,10.8284710000000,106.7221210000000,"Tầng 4 Giga Mall, 240 - 242 Phạm Văn Đồng, P. Hiệp Bình Chánh, Tp. Thủ Đức, TP. HCM","Quán ăn, ","Lẩu, ","Món Việt, ",10:00 - 22:30,10:00 - 22:30,10:00 - 22:30,10:00 - 22:30,10:00 - 22:30,10:00 - 22:30,10:00 - 22:30,no,yes,yes,50.000 -300.000,6.3,7.7,7.3,7.0,3
52,Takki - Bánh Mì Kebab - Tạ Hiện,10.7772159000000,106.7519790000000,"3 Tạ Hiện, KDC Hà Đô, P. Thạnh Mỹ Lợi, Tp. Thủ Đức, TP. HCM","Ăn vặt/vỉa hè, ","Bánh mì, Bánh - Kẹo, Ăn vặt - Ăn nhẹ, ","Thổ Nhĩ Kỳ, Đông Âu, ","06:00 - 10:00, 14:00 - 19:00","06:00 - 10:00, 14:00 - 19:00","06:00 - 10:00, 14:00 - 19:00","06:00 - 10:00, 14:00 - 19:00","06:00 - 10:00, 14:00 - 19:00","06:00 - 10:00, 14:00 - 19:00","06:00 - 10:00, 14:00 - 19:00",no,yes,yes,20.000 -25.000,9.4,8.9,8.3,8.8,72
52,Takki - Bánh Mì Kebab - Mai Chí Thọ,10.7823660000000,106.7392017000000,"19 Mai Chí Thọ, P. An Khánh, Tp. Thủ Đức, TP. HCM","Ăn vặt/vỉa hè, ","Bánh mì, Bánh - Kẹo, Ăn vặt - Ăn nhẹ, ","Thổ Nhĩ Kỳ, Đông Âu, ","06:00 - 11:00, 15:00 - 20:00","06:00 - 11:00, 15:00 - 20:00","06:00 - 11:00, 15:00 - 20:00","06:00 - 11:00, 15:00 - 20:00","06:00 - 11:00, 15:00 - 20:00","06:00 - 11:00, 15:00 - 20:00","06:00 - 11:00, 15:00 - 20:00",no,yes,yes,20.000 -25.000,9.6,9.3,8.1,8.9,10
52,Takki - Bánh Mì Kebab - Lê Quang Định,10.8167899000000,106.6885547000000,"469 Lê Quang Định, P. 1, Quận Gò Vấp, TP. HCM","Ăn vặt/vỉa hè, ","Bánh mì, Bánh - Kẹo, Ăn vặt - Ăn nhẹ, ",,06:00 - 13:00,06:00 - 13:00,06:00 - 13:00,06:00 - 13:00,06:00 - 13:00,06:00 - 13:00,06:00 - 13:00,no,yes,yes,15.000 -60.000,0.0,0.0,0.0,_._,0
52,Takki - Bánh Mì Kebab - Tôn Thất Thiệp,10.7740832000000,106.7032784000000,"4-6 Tôn Thất Thiệp, P. Bến Nghé, Quận 1, TP. HCM","Quán ăn, ","Bánh mì, Bánh - Kẹo, ",,06:00 - 22:00,06:00 - 22:00,06:00 - 22:00,06:00 - 22:00,06:00 - 22:00,06:00 - 22:00,06:00 - 22:00,no,no,no,30.000 -35.000,0.0,0.0,0.0,_._,0
52,Takki - Bánh Mì Kebab - Phan Khiêm Ích,10.7327659000000,106.7080992000000,"55 Đ. Phan Khiêm Ích, P. Tân Phong, Quận 7, TP. HCM","Quán ăn, ","Bánh mì, Bánh - Kẹo, ",,06:00 - 21:00,06:00 - 21:00,06:00 - 21:00,06:00 - 21:00,06:00 - 21:00,06:00 - 21:00,06:00 - 21:00,no,no,no,,0.0,0.0,0.0,_._,0
52,Takki - Bánh Mì Kebab - Nguyễn Tư Giản,10.8317232000000,106.6406373000000,"163 Nguyễn Tư Giản, P. 12, Quận Gò Vấp, TP. HCM","Quán ăn, ","Bánh mì, Bánh - Kẹo, ",,06:00 - 21:00,06:00 - 21:00,06:00 - 21:00,06:00 - 21:00,06:00 - 21:00,06:00 - 21:00,06:00 - 21:00,no,no,no,,0.0,0.0,0.0,_._,0
53,Nhà Hàng Mix Cafe - Cơm Gà Nướng & Steak,10.7862974000000,106.7530797000000,"36 Đường Số 2, P. An Phú (Ngay Góc Thân Văn Nhiếp Và Đường Số 7), Tp. Thủ Đức, TP. HCM","Nhà hàng, ","Cơm Chiên, Thịt Bò, Cơm, ",,07:00 - 22:00,07:00 - 22:00,07:00 - 22:00,07:00 - 22:00,07:00 - 22:00,07:00 - 22:00,07:00 - 22:00,no,no,no,20.000 -100.000,6.1,6.1,6.1,6.1,197
54,Kim Thảo - Hột Vịt Lộn,10.8040020000000,106.7361010000000,"104 Xuân Thủy, Tp. Thủ Đức, TP. HCM","Ăn vặt/vỉa hè, ","Ăn vặt - Ăn nhẹ, Trứng vịt lộn, ","Món Việt, ",15:00 - 23:00,15:00 - 23:00,15:00 - 23:00,15:00 - 23:00,15:00 - 23:00,15:00 - 23:00,15:00 - 23:00,yes,yes,yes,8.000 -30.000,6.7,0.0,0.0,6.1,123
55,Q Sushi & Tea,10.8559650000000,106.7663790000000,"146A Hoàng Diệu 2, Tp. Thủ Đức, TP. HCM","Quán ăn, ","Sushi & Sashimi, Thức uống, ","Món Á, Món Nhật, ",08:00 - 22:00,08:00 - 22:00,08:00 - 22:00,08:00 - 22:00,08:00 - 22:00,08:00 - 22:00,08:00 - 22:00,no,no,yes,20.000 -70.000,6.6,7.5,7.2,7.0,64
56,Basta Hiro - Pasta & Pizza - Saigon Centre,10.7740160000000,106.7010420000000,"L3 - 26B, Saigon Centre, 65 Lê Lợi, P. Bến Nghé, Quận 1, TP. HCM","Nhà hàng, ","Pizza & Pasta, Cơm, ","Món Âu, Ý, ",10:00 - 22:00,10:00 - 22:00,10:00 - 22:00,10:00 - 22:00,10:00 - 22:00,10:00 - 22:00,10:00 - 22:00,no,no,yes,100.000 -200.000,7.7,7.8,7.9,7.7,167
56,Basta Hiro - Pasta & Pizza - Estella Place,10.8020280000000,106.7482350000000,"Tầng 1 - 05 Estella Place, 88 Song Hành, P. An Phú, Tp. Thủ Đức, TP. HCM","Nhà hàng, ","Bún, Mì, Pizza & Pasta, Fastfood - Thức ăn nhanh, ","Món Âu, Ý, ",10:30 - 21:30,10:30 - 21:30,10:30 - 21:30,10:30 - 21:30,10:30 - 21:30,10:30 - 21:30,10:30 - 21:30,no,yes,yes,100.000 -300.000,7.9,7.7,7.9,7.9,62
56,Basta Hiro - Pasta & Pizza - Vincom Đồng Khởi,10.7783150000000,106.7016600000000,"Tầng B3, B3 – 06, Vincom Đồng Khởi, 72 Lê Thánh Tôn, P. Bến Nghé, Quận 1, TP. HCM","Nhà hàng, ","Thịt Bò, Pizza & Pasta, Fastfood - Thức ăn nhanh, ","Món Âu, Ý, ",10:30 - 21:30,10:30 - 21:30,10:30 - 21:30,10:30 - 21:30,10:30 - 21:30,10:30 - 21:30,10:30 - 21:30,no,yes,yes,200.000 -400.000,7.9,7.8,8.0,7.9,39
56,Basta Hiro - Pasta & Pizza - Vincom Mega Mall Thảo Điền,10.8022650000000,106.7409050000000,"L4 – 12, Mega Mall Thảo Điền, 161 Xa Lộ Hà Nội, P. Thảo Điền, Tp. Thủ Đức, TP. HCM","Nhà hàng, ","Thịt Bò, Pizza & Pasta, Salad, Xúc xích, Fastfood - Thức ăn nhanh, ","Món Âu, Ý, ",10:30 - 21:30,10:30 - 21:30,10:30 - 21:30,10:30 - 21:30,10:30 - 21:30,10:30 - 21:30,10:30 - 21:30,no,yes,yes,200.000 -400.000,8.2,8.1,8.3,8.2,29
56,Basta Hiro - Saigon Centre,10.7733827000000,106.7003490000000,"67 Lê Lợi ( L3- 26, Tòa Nhà Saigon Centre ), P. Bến Nghé, Quận 1, TP. HCM","Nhà hàng, ","Pizza & Pasta, Xúc xích, Fastfood - Thức ăn nhanh, ",,10:30 - 22:00,10:30 - 22:00,10:30 - 22:00,10:30 - 22:00,10:30 - 22:00,10:30 - 22:00,10:30 - 22:00,no,no,no,100.000 -300.000,0.0,0.0,0.0,_._,0
56,Basta Hiro - Crescent Mall,10.7286305000000,106.7185879000000,"Lầu 2 (2F-39B) Crescent Mall, 101 Tôn Dật Tiên, P. Tân Phú, Quận 7, TP. HCM","Nhà hàng, ","Pizza & Pasta, Xúc xích, Fastfood - Thức ăn nhanh, ",,10:30 - 22:30,10:30 - 22:30,10:30 - 22:30,10:30 - 22:30,10:30 - 22:30,10:30 - 22:30,10:30 - 22:30,no,no,no,50.000 -300.000,0.0,0.0,0.0,_._,0
57,Mì Cay Naga - 224 Phạm Văn Đồng,10.8179720000000,106.6867900000000,"224 Phạm Văn Đồng, P. 1, Quận Gò Vấp, TP. HCM","Nhà hàng, ","Bún, Mì, Món nước, ","Món Việt, ",09:30 - 21:30,09:30 - 21:30,09:30 - 21:30,09:30 - 21:30,09:30 - 21:30,09:30 - 21:30,09:30 - 21:30,no,no,no,35.000 -45.000,6.4,0.0,0.0,6.0,330
57,Mì Cay Naga - Phạm Văn Đồng,10.8176900000000,106.6859940000000,"286 Phạm Văn Đồng, Quận Gò Vấp, TP. HCM","Quán ăn, ","Món nước, Mì, ","Món Việt, ",09:00 - 21:00,09:00 - 21:00,09:00 - 21:00,09:00 - 21:00,09:00 - 21:00,09:00 - 21:00,09:00 - 21:00,no,no,no,25.000 -30.000,0.0,0.0,0.0,5.3,60
57,Mì Cay Naga - Hàn Thuyên,10.8462570000000,106.7705920000000,"2 Hàn Thuyên, Tp. Thủ Đức, TP. HCM","Quán ăn, ","Món nước, Mì, ","Món Việt, ",09:00 - 21:00,09:00 - 21:00,09:00 - 21:00,09:00 - 21:00,09:00 - 21:00,09:00 - 21:00,09:00 - 21:00,no,no,yes,25.000 -30.000,0.0,0.0,0.0,5.9,88
57,Mì Cay Naga - Phạm Văn Hai,10.7959560000000,106.6647849999999,"15/10 Phạm Văn Hai, Quận Tân Bình, TP. HCM","Quán ăn, ","Món nước, Mì, ","Món Á, Món Hàn, ",08:00 - 22:00,08:00 - 22:00,08:00 - 22:00,08:00 - 22:00,08:00 - 22:00,08:00 - 22:00,08:00 - 22:00,no,no,no,20.000 -50.000,7.1,7.0,7.4,7.1,89
57,Mì Cay Naga - Lạc Long Quân,10.7710010000000,106.6452150000000,"353 Lạc Long Quân, P. 5, Quận 11, TP. HCM","Quán ăn, ","Món nước, Mì, ","Món Việt, ",09:00 - 22:00,09:00 - 22:00,09:00 - 22:00,09:00 - 22:00,09:00 - 22:00,09:00 - 22:00,09:00 - 22:00,no,no,yes,35.000 -65.000,0.0,0.0,0.0,5.7,69
57,Mì Cay NaGa - Nguyễn Cửu Đàm,10.7993227000000,106.6300200000000,"62 - 64 Nguyễn Cửu Đàm, P. Tân Sơn Nhì, Quận Tân Phú, TP. HCM","Quán ăn, ","Món nước, Mì, ","Món Á, Món Hàn, ",09:00 - 22:00,09:00 - 22:00,09:00 - 22:00,09:00 - 22:00,09:00 - 22:00,09:00 - 22:00,09:00 - 22:00,no,no,yes,18.000 -48.000,6.0,6.0,6.0,6.0,1
57,Mì Cay Naga - Khánh Hội,10.7563760000000,106.7007510000000,"145 Khánh Hội, P. 3, Quận 4, TP. HCM","Quán ăn, ","Món nước, Mì, ","Món Á, Món Hàn, ",09:00 - 22:00,09:00 - 22:00,09:00 - 22:00,09:00 - 22:00,09:00 - 22:00,09:00 - 22:00,09:00 - 22:00,no,no,yes,35.000 -55.000,0.0,0.0,6.2,5.9,20
57,Mì Cay Naga - 363 Huỳnh Tấn Phát,10.7384227026008,106.7307893559336,"363 Huỳnh Tấn Phát, Quận 7, TP. HCM","Quán ăn, ","Món nước, Mì, ","Món Á, Món Hàn, ",09:00 - 22:00,09:00 - 22:00,09:00 - 22:00,09:00 - 22:00,09:00 - 22:00,09:00 - 22:00,09:00 - 22:00,no,no,yes,35.000 -49.000,8.0,8.0,8.0,8.0,1
57,Mì Cay Naga - Linh Xuân,10.8739958936792,106.7651457059905,"11 Quốc Lộ 1K, Tp. Thủ Đức, TP. HCM","Quán ăn, ","Món nước, Mì, ","Món Hàn, ",10:00 - 22:00,10:00 - 22:00,10:00 - 22:00,10:00 - 22:00,10:00 - 22:00,10:00 - 22:00,10:00 - 22:00,no,no,no,25.000 -35.000,0.0,0.0,0.0,3.8,1
57,Mì Cay Naga - Phạm Hữu Tâm,10.9785544000000,106.4990008000000,"29 Phạm Hữu Tâm, Huyện Củ Chi, TP. HCM","Quán ăn, ","Món nước, ","Món Á, Món Hàn, ",08:30 - 21:00,08:30 - 21:00,08:30 - 21:00,08:30 - 21:00,08:30 - 21:00,08:30 - 21:00,08:30 - 21:00,no,no,no,30.000 -50.000,0.0,0.0,0.0,4.6,2
57,Mì Cay Naga - Cây Trâm,10.8426678000000,106.6551846000000,"146 Cây Trâm, Quận Gò Vấp, TP. HCM","Quán ăn, ","Món nước, ","Món Á, Món Hàn, ",09:00 - 22:00,09:00 - 22:00,09:00 - 22:00,09:00 - 22:00,09:00 - 22:00,09:00 - 22:00,09:00 - 22:00,no,no,yes,30.000 -45.000,6.4,0.0,6.9,6.5,30
58,A Xìn - Chân Gà Rút Xương Ngâm Sả Tắc - Đường 35 - Shop Online,10.8575417000000,106.7479479000000,"52 Đường 35, P. Linh Đông, Tp. Thủ Đức, TP. HCM","Quán ăn, Shop Online, ","Thịt Gà, Đậu hũ, Ăn vặt - Ăn nhẹ, ",,08:00 - 22:30,08:00 - 22:30,08:00 - 22:30,08:00 - 22:30,08:00 - 22:30,08:00 - 22:30,08:00 - 22:30,no,no,no,50.000 -200.000,9.9,9.9,9.9,9.9,208
59,Gà Rán Popeyes - Phú Mỹ Hưng,10.7265620000000,106.7085310000000,"62 Nguyễn Đức Cảnh, P. Tân Phong, Quận 7, TP. HCM","Nhà hàng, ","Thịt Gà, Gà rán, Hải sản, Ăn vặt - Ăn nhẹ, Thức uống, Bia, Nước ngọt, Fastfood - Thức ăn nhanh, ","Mỹ, Châu Mỹ, ",09:30 - 21:00,09:30 - 21:00,09:30 - 21:00,09:30 - 21:00,09:30 - 21:00,09:30 - 21:00,09:30 - 21:00,yes,no,yes,50.000 -165.000,7.2,6.7,7.1,7.1,132
59,Gà Rán Popeyes - Cộng Hòa,10.8007620000000,106.6593620000000,"TTTM Maximark, 15 - 17 Cộng Hòa, P. 4, Quận Tân Bình, TP. HCM","Nhà hàng, ","Thịt Gà, Gà rán, Hamburger, Xúc xích, Fastfood - Thức ăn nhanh, ","Mỹ, Châu Mỹ, ",09:30 - 21:00,09:30 - 21:00,09:30 - 21:00,09:30 - 21:00,09:30 - 21:00,09:30 - 21:00,09:30 - 21:00,no,no,yes,40.000 -88.000,7.4,7.2,7.4,7.4,198
59,Gà Rán Popeyes - Điện Biên Phủ,10.7927980000000,106.6992550000000,"58/13 Nguyễn Bỉnh Khiêm (Vòng Xoay Nguyễn Bỉnh Khiêm), P. Đa Kao, Quận 1, TP. HCM","Quán ăn, ","Thịt Gà, Gà rán, Cơm, Fastfood - Thức ăn nhanh, ","Mỹ, Châu Mỹ, ",10:00 - 21:00,10:00 - 21:00,10:00 - 21:00,10:00 - 21:00,10:00 - 21:00,10:00 - 21:00,10:00 - 21:00,yes,no,yes,30.000 -170.000,6.9,6.6,6.9,6.9,243
59,Gà Rán Popeyes - Sân Bay Tân Sơn Nhất,10.8144130000000,106.6659000000000,"Sân Bay Tân Sơn Nhất, Bạch Đằng, Quận Tân Bình, TP. HCM","Quán ăn, ","Thịt Gà, Gà rán, Ăn vặt - Ăn nhẹ, ","Mỹ, Châu Mỹ, ","00:00 - 00:00, 09:30 - 21:00","00:00 - 00:00, 09:30 - 21:00","00:00 - 00:00, 09:30 - 21:00","00:00 - 00:00, 09:30 - 21:00","00:00 - 00:00, 09:30 - 21:00","00:00 - 00:00, 09:30 - 21:00","00:00 - 00:00, 09:30 - 21:00",no,no,yes,30.000 -170.000,6.1,0.0,6.4,6.2,33
59,Gà Rán Popeyes - Thảo Điền,10.8028700000000,106.7378410000000,"20 Thảo Điền, P. Thảo Điền, Tp. Thủ Đức, TP. HCM","Nhà hàng, ","Thịt Gà, Gà rán, Hamburger, Fastfood - Thức ăn nhanh, ","Mỹ, Châu Mỹ, ",10:00 - 21:00,10:00 - 21:00,10:00 - 21:00,10:00 - 21:00,10:00 - 21:00,10:00 - 21:00,10:00 - 21:00,no,no,no,40.000 -80.000,7.7,7.3,7.4,7.4,66
59,Gà Rán Popeyes - Nguyễn Gia Trí,10.8032255000000,106.7155780000000,"67-69 Nguyễn Gia Trí (Đường D2), Quận Bình Thạnh, TP. HCM","Nhà hàng, ","Thịt Gà, Gà rán, Hamburger, Salad, Cơm văn phòng, Cơm, Xúc xích, Fastfood - Thức ăn nhanh, ","Mỹ, Châu Mỹ, ",10:00 - 21:00,10:00 - 21:00,10:00 - 21:00,10:00 - 21:00,10:00 - 21:00,10:00 - 21:00,10:00 - 21:00,no,no,yes,40.000 -88.000,6.8,6.9,6.8,6.9,192
59,Gà Rán Popeyes - Dương Bá Trạc,10.7463277000000,106.6890760000000,"222 Dương Bá Trạc, P. 2, Quận 8, TP. HCM","Nhà hàng, ","Thịt Gà, Gà rán, Hamburger, Thịt Bò, Ăn vặt - Ăn nhẹ, Nem, Fastfood - Thức ăn nhanh, ","Mỹ, Châu Mỹ, ",09:30 - 21:00,09:30 - 21:00,09:30 - 21:00,09:30 - 21:00,09:30 - 21:00,09:30 - 21:00,09:30 - 21:00,no,no,yes,40.000 -88.000,7.9,7.8,7.8,7.9,246
59,Gà Rán Popeyes - Lê Đại Hành,10.7672440000000,106.6533310000000,"397A Lê Đại Hành, P. 11, Quận 11, TP. HCM","Nhà hàng, ","Thịt Gà, Gà rán, Hamburger, Salad, Cơm, Fastfood - Thức ăn nhanh, ","Mỹ, Châu Mỹ, ",09:30 - 21:00,09:30 - 21:00,09:30 - 21:00,09:30 - 21:00,09:30 - 21:00,09:30 - 21:00,09:30 - 21:00,no,no,yes,30.000 -170.000,6.9,6.6,6.6,6.8,180
59,Gà Rán Popeyes - Nguyễn Thị Thập,10.7393070000000,106.7069865000000,"519 Đường Nguyễn Thị Thập, P. Tân Phong, Quận 7, TP. HCM","Nhà hàng, ","Thịt Gà, Gà rán, Hamburger, Salad, Xúc xích, Fastfood - Thức ăn nhanh, ","Mỹ, Châu Mỹ, ",09:30 - 21:00,09:30 - 21:00,09:30 - 21:00,09:30 - 21:00,09:30 - 21:00,09:30 - 21:00,09:30 - 21:00,no,no,yes,30.000 -150.000,6.6,6.5,7.0,6.8,100
59,Gà Rán Popeyes - Tùng Thiện Vương,10.7466420000000,106.6609880000000,"311 Tùng Thiện Vương, Quận 8, TP. HCM","Nhà hàng, ","Thịt Gà, Tôm, Gà rán, Hamburger, Hải sản, Cá, Cơm văn phòng, Cơm, Thức uống, Xúc xích, Fastfood - Thức ăn nhanh, ","Mỹ, Châu Mỹ, ",09:30 - 21:00,09:30 - 21:00,09:30 - 21:00,09:30 - 21:00,09:30 - 21:00,09:30 - 21:00,09:30 - 21:00,yes,no,yes,40.000 -88.000,6.4,6.3,6.5,6.4,53
59,Gà Rán Popeyes - Lê Đức Thọ,10.8343490000000,106.6816390000000,"121 Lê Đức Thọ, Quận Gò Vấp, TP. HCM","Nhà hàng, ","Thịt Gà, Gà rán, Hamburger, Xúc xích, Fastfood - Thức ăn nhanh, ","Mỹ, Châu Mỹ, ",09:30 - 21:00,09:30 - 21:00,09:30 - 21:00,09:30 - 21:00,09:30 - 21:00,09:30 - 21:00,09:30 - 21:00,yes,no,yes,40.000 -88.000,6.4,6.0,6.7,6.3,48
59,Gà Rán Popeyes - Nguyễn Văn Luông,10.7535356000000,106.6347253000000,"500C Nguyễn Văn Luông, P. 12, Quận 6, TP. HCM","Nhà hàng, ","Thịt Gà, Gà rán, Hamburger, Fastfood - Thức ăn nhanh, ","Mỹ, Châu Mỹ, ",10:00 - 21:00,10:00 - 21:00,10:00 - 21:00,10:00 - 21:00,10:00 - 21:00,10:00 - 21:00,10:00 - 21:00,yes,no,yes,30.000 -150.000,6.5,0.0,6.5,6.4,50
60,Lẩu Gà Ớt Hiểm 109 - Hoàng Diệu 2,10.8549230000000,106.7680810000000,"188 Hoàng Diệu 2, Tp. Thủ Đức, TP. HCM","Quán ăn, ","Thịt Gà, Lẩu, Ăn vặt - Ăn nhẹ, Nem, ","Món Việt, ",10:30 - 21:00,10:30 - 21:00,10:30 - 21:00,10:30 - 21:00,10:30 - 21:00,10:30 - 21:00,10:30 - 21:00,no,no,no,20.000 -200.000,6.6,6.3,7.0,6.9,66
61,Trà Sữa APA,10.8509820000000,106.7657410000000,"10 Tô Vĩnh Diện, P. Linh Chiểu, Tp. Thủ Đức, TP. HCM","Café/Dessert, ","Thức uống, Trà sữa, ","Món Việt, ",09:00 - 22:00,09:00 - 22:00,09:00 - 22:00,09:00 - 22:00,09:00 - 22:00,09:00 - 22:00,09:00 - 22:00,no,no,yes,12.000 -22.000,6.9,0.0,6.7,6.8,64
62,Cơm Tấm Phúc Lộc Thọ - Kha Vạn Cân,10.8530690000000,106.7546030000000,"743 - 745 Kha Vạn Cân, P. Linh Tây, Tp. Thủ Đức, TP. HCM","Quán ăn, ","Cơm Tấm, Sườn nướng, Chả giò, Cơm văn phòng, Cơm, ","Món Việt, ",06:00 - 22:00,06:00 - 22:00,06:00 - 22:00,06:00 - 22:00,06:00 - 22:00,06:00 - 22:00,06:00 - 22:00,yes,no,no,18.000 -28.000,7.1,6.7,6.7,6.8,57
62,Cơm Tấm Phúc Lộc Thọ - Tô Ngọc Vân,10.8532563000000,106.7517790000000,"124 - 132 Tô Ngọc Vân, P. Linh Tây, Tp. Thủ Đức, TP. HCM","Quán ăn, ","Thịt Gà, Cơm Tấm, Thịt Heo, Sườn nướng, Cơm văn phòng, Cơm, ","Món Việt, ",06:00 - 22:00,06:00 - 22:00,06:00 - 22:00,06:00 - 22:00,06:00 - 22:00,06:00 - 22:00,06:00 - 22:00,yes,yes,no,20.000 -50.000,6.4,0.0,6.7,6.5,60
62,Cơm Tấm Phúc Lộc Thọ - Lê Văn Việt,10.8489029000000,106.7755618000000,"31 - 33 Lê Văn Việt, P. Hiệp Phú, Tp. Thủ Đức, TP. HCM","Quán ăn, ","Thịt Gà, Cơm Tấm, Thịt Heo, Sườn nướng, Cơm, Nem, ","Món Việt, ",06:00 - 22:00,06:00 - 22:00,06:00 - 22:00,06:00 - 22:00,06:00 - 22:00,06:00 - 22:00,06:00 - 22:00,yes,no,no,20.000 -50.000,6.8,6.2,6.7,6.8,76
62,Cơm Tấm Phúc Lộc Thọ - Đỗ Xuân Hợp,10.8288896000000,106.7686292000000,"139 Đỗ Xuân Hợp, P. Phước Long B, Tp. Thủ Đức, TP. HCM","Quán ăn, ","Cơm Tấm, Thịt Heo, Sườn nướng, Cơm văn phòng, Cơm, ","Món Việt, ",06:00 - 22:00,06:00 - 22:00,06:00 - 22:00,06:00 - 22:00,06:00 - 22:00,06:00 - 22:00,06:00 - 22:00,no,no,no,25.000 -50.000,6.7,6.0,7.2,6.8,31
62,Cơm Tấm Phúc Lộc Thọ - Nguyễn Duy Trinh,10.7875220000000,106.7655010000000,"256 Nguyễn Duy Trinh, P. Bình Trưng Tây, Tp. Thủ Đức, TP. HCM","Quán ăn, ","Cơm Tấm, Cơm, ","Món Việt, ",06:00 - 22:00,06:00 - 22:00,06:00 - 22:00,06:00 - 22:00,06:00 - 22:00,06:00 - 22:00,06:00 - 22:00,yes,no,no,7.000 -37.000,6.2,0.0,6.8,6.4,49
62,Cơm Tấm Phúc Lộc Thọ - 590 Quang Trung,10.8359113000000,106.6617620000000,"590 - 592 Quang Trung, P. 11, Quận Gò Vấp, TP. HCM","Quán ăn, ","Cơm Tấm, Cơm, ","Món Việt, ",06:00 - 22:00,06:00 - 22:00,06:00 - 22:00,06:00 - 22:00,06:00 - 22:00,06:00 - 22:00,06:00 - 22:00,no,no,no,29.000 -55.000,6.8,6.5,7.0,6.7,43
62,Cơm Tấm Phúc Lộc Thọ - Phan Văn Trị,10.8251870000000,106.6903500000000,"539 Phan Văn Trị, P. 5, Quận Gò Vấp, TP. HCM","Quán ăn, ","Thịt Heo, Cơm, ","Món Việt, ",06:00 - 22:00,06:00 - 22:00,06:00 - 22:00,06:00 - 22:00,06:00 - 22:00,06:00 - 22:00,06:00 - 22:00,no,no,no,29.000 -129.000,6.2,6.2,6.7,6.4,22
62,Cơm Tấm Phúc Lộc Thọ - Bàu Cát,10.7921560000000,106.6429060000000,"130 Bàu Cát, P. 14, Quận Tân Bình, TP. HCM","Quán ăn, ","Cơm Tấm, Thịt Heo, Sườn nướng, Chả giò, Cơm văn phòng, Cơm, ","Món Việt, ",06:00 - 22:00,06:00 - 22:00,06:00 - 22:00,06:00 - 22:00,06:00 - 22:00,06:00 - 22:00,06:00 - 22:00,no,no,no,29.000 -129.000,6.8,6.7,6.9,6.8,64
62,Cơm Tấm Phúc Lộc Thọ - Ung Văn Khiêm,10.8077490000000,106.7158060000000,"64 Ung Văn Khiêm, P. 25, Quận Bình Thạnh, TP. HCM","Nhà hàng, ","Thịt Gà, Cơm Tấm, Thịt Heo, Sườn nướng, Cơm, ","Món Việt, ",06:00 - 22:00,06:00 - 22:00,06:00 - 22:00,06:00 - 22:00,06:00 - 22:00,06:00 - 22:00,06:00 - 22:00,no,no,yes,29.000 -129.000,6.9,6.4,6.9,6.8,27
62,Cơm Tấm Phúc Lộc Thọ - Nơ Trang Long,10.8200500000000,106.7039100000000,"478 Nơ Trang Long, P. 13, Quận Bình Thạnh, TP. HCM","Quán ăn, ","Cơm Tấm, Thịt Heo, Cơm, ","Món Việt, ",06:00 - 22:00,06:00 - 22:00,06:00 - 22:00,06:00 - 22:00,06:00 - 22:00,06:00 - 22:00,06:00 - 22:00,no,no,yes,32.000 -139.000,6.5,6.2,7.1,6.7,17
62,Cơm Tấm Phúc Lộc Thọ - Nguyễn Thị Thập,10.7381540000000,106.7178130000000,"223 Nguyễn Thị Thập, P. Tân Phú, Quận 7, TP. HCM","Quán ăn, ","Thịt Gà, Cơm Tấm, Thịt Heo, Sườn nướng, Chả giò, Cơm văn phòng, Cơm, ","Món Việt, ",06:00 - 22:00,06:00 - 22:00,06:00 - 22:00,06:00 - 22:00,06:00 - 22:00,06:00 - 22:00,06:00 - 22:00,no,no,yes,32.000 -139.000,6.9,6.9,7.4,7.2,10
62,Cơm Tấm Phúc Lộc Thọ - Tô Ký,10.8673270000000,106.6155450000000,"12/6 Tô Ký, P. Tân Chánh Hiệp, Quận 12, TP. HCM","Quán ăn, ","Cơm Tấm, Thịt Heo, Cơm văn phòng, Cơm, ","Món Việt, ",06:00 - 22:00,06:00 - 22:00,06:00 - 22:00,06:00 - 22:00,06:00 - 22:00,06:00 - 22:00,06:00 - 22:00,no,no,yes,32.000 -139.000,6.4,6.3,6.5,6.5,10
63,Gà Bó Xôi Doremon - Quán Ăn Gia Đình,10.8388536000000,106.7551327000000,"44/11/38 Đường Số 12, Khu Phố 9, P. Trường Thọ, Tp. Thủ Đức, TP. HCM","Quán ăn, ","Xôi, Cơm, ","Món Việt, ",07:00 - 21:00,07:00 - 21:00,07:00 - 21:00,07:00 - 21:00,07:00 - 21:00,07:00 - 21:00,07:00 - 21:00,yes,yes,yes,250.000 -450.000,6.5,6.5,6.3,6.4,167
64,Yu Tang Tea House - Gigamall,10.8284690000000,106.7220740000000,"Tầng 5 Giga Mall, 240 - 242 Phạm Văn Đồng, P. Hiệp Bình Chánh, Tp. Thủ Đức, TP. HCM","Nhà hàng, ","Đậu hũ, Bún, Thịt Bò, Hải sản, Chè, Mì, Món nước, Dimsum, Món chay, Cơm văn phòng, Ăn vặt - Ăn nhẹ, Cơm, Thức uống, Trái cây, ","Món Á, Đài Loan, ",09:00 - 22:00,09:00 - 22:00,09:00 - 22:00,09:00 - 22:00,09:00 - 22:00,09:00 - 22:00,09:00 - 22:00,yes,yes,yes,25.000 -400.000,8.4,8.2,8.4,8.2,58
65,Suraon Korean Restaurant - Ẩm Thực Hàn Quốc,10.8437280000000,106.7687850000000,"3 Khổng Tử, P. Bình Thọ, Tp. Thủ Đức, TP. HCM","Nhà hàng, ",,"Món Á, Món Hàn, ",11:00 - 22:00,11:00 - 22:00,11:00 - 22:00,11:00 - 22:00,11:00 - 22:00,11:00 - 22:00,11:00 - 22:00,no,no,yes,99.000 -450.000,7.7,7.9,7.3,7.3,29
66,Cơm Trộn & Mì Gà Rán Hàn Quốc - Chuti - 102 Hoàng Diệu 2,10.8564655000000,106.7655464000000,"102 Hoàng Diệu 2, Tp. Thủ Đức, TP. HCM","Quán ăn, ","Cơm Chiên, Thịt Bò, Món nước, Lẩu, Cơm văn phòng, Cơm, ","Món Á, Món Hàn, ",10:00 - 22:00,10:00 - 22:00,10:00 - 22:00,10:00 - 22:00,10:00 - 22:00,10:00 - 22:00,10:00 - 22:00,no,no,yes,30.000 -90.000,6.2,6.4,6.2,6.5,68
67,The Gate - Wine & Dining,10.8025931000000,106.7380479000000,"17 Thảo Điền, Tp. Thủ Đức, TP. HCM","Sang trọng, ",,,09:00 - 22:00,09:00 - 22:00,09:00 - 22:00,09:00 - 22:00,09:00 - 22:00,09:00 - 22:00,09:00 - 22:00,yes,yes,yes,,8.2,8.1,8.1,8.1,46
68,Yên Coffee - Hoàng Diệu 2,10.8566746000000,106.7651359000000,"92 Hoàng Diệu 2, P. Linh Chiểu, Tp. Thủ Đức, TP. HCM","Café/Dessert, ","Trà chanh, Sinh tố - Nước ép, Thức uống, Trà sữa, ",,07:00 - 23:00,07:00 - 23:00,07:00 - 23:00,07:00 - 23:00,07:00 - 23:00,07:00 - 23:00,07:00 - 23:00,no,no,no,,10.0,10.0,10.0,10.0,63
69,"Quán F2 - Cơm Chiên, Mì Xào & Lẩu Nướng",10.8470900000000,106.7678290000000,"27F2 Công Lý, P. Bình Thọ, Tp. Thủ Đức, TP. HCM","Quán ăn, ","Thịt Gà, Thịt Bò, Thịt Heo, Hải sản, ","Món Việt, ",11:00 - 23:00,11:00 - 23:00,11:00 - 23:00,11:00 - 23:00,11:00 - 23:00,11:00 - 23:00,11:00 - 23:00,no,no,no,15.000 -200.000,7.4,6.5,6.8,6.9,50
70,Lẩu Tôm 5 Ri Biên Hòa - TRUNG TÂM GIGAMALL,10.8281657000000,106.7219115000000,"LẦU 3 TRUNG TÂM GIGAMALL THỦ ĐỨC, Tp. Thủ Đức, TP. HCM","Quán ăn, ","Tôm, Cơm Chiên, Cua - Ghẹ, Hải sản, Lẩu, Cá, Mực, Cơm, ","Món Việt, ",10:00 - 22:00,10:00 - 22:00,10:00 - 22:00,10:00 - 22:00,10:00 - 22:00,10:00 - 22:00,10:00 - 22:00,no,yes,no,80.000 -130.000,7.8,6.9,6.9,7.4,50
71,The Pizza Company - Nguyễn Thị Minh Khai,10.7659442000000,106.6821734000000,"506 - 508 Nguyễn Thị Minh Khai, P. 2, Quận 3, TP. HCM","Nhà hàng, ","Thịt Gà, Bánh mì, Thịt Heo, Hải sản, Sườn nướng, Chân cánh gà nướng, Pizza & Pasta, Bánh - Kẹo, Salad, Fastfood - Thức ăn nhanh, ","Món Âu, ",10:00 - 22:00,10:00 - 22:00,10:00 - 22:00,10:00 - 22:00,10:00 - 22:00,10:00 - 22:00,10:00 - 22:00,yes,no,yes,100.000 -250.000,7.6,7.1,7.6,7.4,577
71,The Pizza Company - Lê Đại Hành,10.7688870000000,106.6525640000000,"Lô 4, Khu B, Căn số 7, Chung cư Phú Thọ, Lê Đại Hành, P. 15, Quận 11, TP. HCM","Nhà hàng, ","Sườn nướng, Chân cánh gà nướng, Pizza & Pasta, Salad, Ăn vặt - Ăn nhẹ, Nem, Fastfood - Thức ăn nhanh, ","Món Âu, Ý, ",10:00 - 22:00,10:00 - 22:00,10:00 - 22:00,10:00 - 22:00,10:00 - 22:00,10:00 - 22:00,10:00 - 22:00,no,yes,yes,100.000 -250.000,7.7,7.0,7.5,7.3,127
71,The Pizza Company - Lê Văn Sỹ,10.7879340000000,106.6774340000000,"333 Lê Văn Sỹ, P. 13, Quận 3, TP. HCM","Nhà hàng, ","Sườn nướng, Chân cánh gà nướng, Pizza & Pasta, Salad, Fastfood - Thức ăn nhanh, ","Món Âu, Ý, ",10:00 - 22:00,10:00 - 22:00,10:00 - 22:00,10:00 - 22:00,10:00 - 22:00,10:00 - 22:00,10:00 - 22:00,yes,no,yes,100.000 -250.000,7.2,6.9,7.3,7.1,144
71,The Pizza Company - Nguyễn Thái Học,10.7665700000000,106.6959560000000,"105 - 107 Nguyễn Thái Học, P. Cầu Ông Lãnh, Quận 1, TP. HCM","Nhà hàng, ","Sườn nướng, Chân cánh gà nướng, Lẩu, Pizza & Pasta, Salad, Xúc xích, Fastfood - Thức ăn nhanh, ","Món Âu, Ý, ",10:00 - 22:00,10:00 - 22:00,10:00 - 22:00,10:00 - 22:00,10:00 - 22:00,10:00 - 22:00,10:00 - 22:00,yes,no,yes,100.000 -250.000,7.6,7.2,7.3,7.3,184
71,The Pizza Company - Phan Xích Long,10.8011938000000,106.6831597000000,"355 Phan xích Long, P. 1, Quận Phú Nhuận, TP. HCM","Nhà hàng, ","Sườn nướng, Chân cánh gà nướng, Pizza & Pasta, Salad, Fastfood - Thức ăn nhanh, ","Món Âu, Ý, ",10:00 - 22:00,10:00 - 22:00,10:00 - 22:00,10:00 - 22:00,10:00 - 22:00,10:00 - 22:00,10:00 - 22:00,yes,no,yes,100.000 -250.000,7.5,6.9,7.4,7.3,192
71,The Pizza Company - Vincom Mega Mall Thảo Điền,10.8021232000000,106.7407316000000,"Tầng 5, Vincom Mega Mall Thảo Điền, 159 Xa Lộ Hà Nội, P. Thảo Điền, Tp. Thủ Đức, TP. HCM","Nhà hàng, Tiệc tận nơi, ","Sườn nướng, Chân cánh gà nướng, Pizza & Pasta, Salad, Ăn vặt - Ăn nhẹ, Nem, Fastfood - Thức ăn nhanh, ","Món Âu, ",11:00 - 21:00,11:00 - 21:00,11:00 - 21:00,11:00 - 21:00,11:00 - 21:00,10:00 - 21:00,10:00 - 21:00,no,yes,yes,50.000 -200.000,7.7,7.2,7.6,7.4,63
71,The Pizza Company - Bàu Cát,10.7919324000000,106.6439062000000,"207-209 Bàu Cát, P. 13, Quận Tân Bình, TP. HCM","Nhà hàng, ","Sườn nướng, Chân cánh gà nướng, Pizza & Pasta, Salad, Fastfood - Thức ăn nhanh, ","Quốc tế, ",10:00 - 22:00,10:00 - 22:00,10:00 - 22:00,10:00 - 22:00,10:00 - 22:00,10:00 - 22:00,10:00 - 22:00,no,no,yes,100.000 -300.000,7.6,7.6,7.8,7.6,55
71,The Pizza Company - Võ Văn Ngân,10.8512140000000,106.7559430000000,"26 - 28 - 30 Võ Văn Ngân, P. Trường Thọ, Tp. Thủ Đức, TP. HCM","Nhà hàng, ","Tôm, Cua - Ghẹ, Hải sản, Sườn nướng, Chân cánh gà nướng, Pizza & Pasta, Mực, Salad, Fastfood - Thức ăn nhanh, ","Món Âu, Ý, ",10:00 - 22:00,10:00 - 22:00,10:00 - 22:00,10:00 - 22:00,10:00 - 22:00,10:00 - 22:00,10:00 - 22:00,no,no,yes,90.000 -150.000,7.2,6.8,7.2,7.0,64
71,The Pizza Company - Nguyễn Ảnh Thủ,10.8641579000000,106.6129948000000,"75/3 - 75/4 Nguyễn Ảnh Thủ, Ấp Vạn Thạnh, Xã Trung Chánh, Huyện Hóc Môn, TP. HCM","Nhà hàng, ","Sườn nướng, Chân cánh gà nướng, Pizza & Pasta, Salad, ","Quốc tế, ",10:00 - 22:00,10:00 - 22:00,10:00 - 22:00,10:00 - 22:00,10:00 - 22:00,10:00 - 22:00,10:00 - 22:00,yes,yes,yes,50.000 -200.000,7.3,7.4,7.2,7.2,22
71,The Pizza Company - Nguyễn Sơn,10.7839037000000,106.6228618000000,"303F Nguyễn Sơn, P. Phú Thạnh, Quận Tân Phú, TP. HCM","Nhà hàng, ","Sườn nướng, Chân cánh gà nướng, Pizza & Pasta, Salad, Fastfood - Thức ăn nhanh, ","Món Âu, ",10:00 - 22:00,10:00 - 22:00,10:00 - 22:00,10:00 - 22:00,10:00 - 22:00,10:00 - 22:00,10:00 - 22:00,yes,no,yes,100.000 -250.000,6.9,7.9,7.5,7.3,13
71,The Pizza Company - Hậu Giang,10.7495140000000,106.6454020000000,"167 Hậu Giang, P. 5, Quận 6, TP. HCM","Nhà hàng, ","Sườn nướng, Chân cánh gà nướng, Pizza & Pasta, Salad, Cơm, Xúc xích, Fastfood - Thức ăn nhanh, ","Món Âu, Ý, ",10:00 - 22:00,10:00 - 22:00,10:00 - 22:00,10:00 - 22:00,10:00 - 22:00,10:00 - 22:00,10:00 - 22:00,yes,no,yes,100.000 -250.000,6.8,7.0,7.0,7.0,41
71,The Pizza Company - Tân Sơn Nhì,10.7935139000000,106.6285298000000,"456A Tân Sơn Nhì, P. Tân Quý, Quận Tân Phú, TP. HCM","Nhà hàng, ","Sườn nướng, Chân cánh gà nướng, Pizza & Pasta, Salad, Fastfood - Thức ăn nhanh, ","Bánh Pizza, Món Âu, ",10:00 - 22:00,10:00 - 22:00,10:00 - 22:00,10:00 - 22:00,10:00 - 22:00,10:00 - 22:00,10:00 - 22:00,no,no,yes,100.000 -300.000,7.5,7.0,7.9,7.5,16
72,Green Garden Cafe - Kha Vạn Cân,10.8372048000000,106.7315659000000,"439 Kha Vạn Cân, P. Hiệp Bình Chánh, Tp. Thủ Đức, TP. HCM","Café/Dessert, ","Café - Kem, Sinh tố - Nước ép, Thức uống, Sữa, ","Món Việt, ",,,,,,,,no,no,yes,20.000 -80.000,8.2,8.4,8.6,8.0,45
73,Toocha - Trà Sữa Không Mập - Dân Chủ,10.8496880000000,106.7673550000000,"103 Dân Chủ, P. Bình Thọ, Tp. Thủ Đức, TP. HCM","Café/Dessert, ","Trà, Thức uống, Trà sữa, Sữa, ","Món Á, Đài Loan, ",09:00 - 22:00,09:00 - 22:00,09:00 - 22:00,09:00 - 22:00,09:00 - 22:00,09:00 - 22:00,09:00 - 22:00,yes,no,yes,39.000 -69.000,0.0,0.0,6.6,6.1,66
74,LA Garden Restaurant,10.7858161000000,106.7225770000000,"2 Đường Số 45, P. Bình An, Tp. Thủ Đức, TP. HCM","Nhà hàng, ","Bún, Mì, Lẩu, Café - Kem, Cơm, Thức uống, Nước ngọt, Cocktail, ","Món Việt, Món Á, ",07:00 - 21:00,07:00 - 21:00,07:00 - 21:00,07:00 - 21:00,07:00 - 21:00,07:00 - 21:00,07:00 - 21:00,yes,yes,yes,39.000 -189.000,7.4,7.0,8.2,7.4,40
75,"Street Hamburger - Sinh Tố, Coffee & Tea",10.8450260000000,106.7743740000000,"53 Lê Lợi, P. Hiệp Phú, Tp. Thủ Đức, TP. HCM","Ăn vặt/vỉa hè, ","Hamburger, Ăn vặt - Ăn nhẹ, Fastfood - Thức ăn nhanh, ","Món Việt, ",06:00 - 21:00,06:00 - 21:00,06:00 - 21:00,06:00 - 21:00,06:00 - 21:00,06:00 - 21:00,06:00 - 21:00,yes,yes,yes,20.000 -40.000,9.5,9.4,8.6,9.0,60
76,Xing Fu Tang Vietnam - Trà Sữa Đài Loan - Estella Mall,10.8019982000000,106.7482644000000,"Tầng 4, L4-32 - 88 Song Hành, P. An Phú, Tp. Thủ Đức, TP. HCM","Café/Dessert, ","Trà, Thức uống, Trà sữa, Sữa, ","Món Á, Đài Loan, ",09:00 - 23:00,09:00 - 23:00,09:00 - 23:00,09:00 - 23:00,09:00 - 23:00,09:00 - 23:00,09:00 - 23:00,no,no,yes,40.000 -70.000,6.4,6.9,7.1,6.8,62
76,Xing Fu Tang Việt Nam - Trà Sữa Đài Loan - Landmark,10.7940564000000,106.7211401000000,"L2-SH08 Tòa Landmark 2 Vinhomes Central Park – 720A Điện Biên Phủ, P. 22, Quận Bình Thạnh, TP. HCM","Café/Dessert, ","Trà, Thức uống, Trà sữa, Sữa, ","Món Việt, ",08:30 - 17:30,08:30 - 17:30,08:30 - 17:30,08:30 - 17:30,08:30 - 17:30,08:30 - 17:30,08:30 - 17:30,no,no,no,40.000 -70.000,7.6,7.8,8.1,7.7,58
76,Xing Fu Tang Vietnam - Trà Sữa Đài Loan - Phan Xích Long,10.7980872000000,106.6893099000000,"262 Phan Xích Long, P. 7, Quận Phú Nhuận, TP. HCM","Café/Dessert, ","Trà, Thức uống, Trà sữa, Sữa, ","Món Á, Đài Loan, ",08:45 - 23:00,08:45 - 23:00,08:45 - 23:00,08:45 - 23:00,08:45 - 23:00,08:45 - 23:00,08:45 - 23:00,yes,no,yes,45.000 -75.000,7.7,8.0,7.3,7.6,6
76,Xing Fu Tang Vietnam - Trà Sữa Đài Loan - Thảo Điền,10.8013863000000,106.7383540000000,"101 Xa Lộ Hà Nội, P. Thảo Điền, Tp. Thủ Đức, TP. HCM","Quán ăn, ","Trà chanh, Sinh tố - Nước ép, Thức uống, Trà sữa, Sữa, ",,08:30 - 21:30,08:30 - 21:30,08:30 - 21:30,08:30 - 21:30,08:30 - 21:30,08:30 - 21:30,08:30 - 21:30,no,no,no,40.000 -70.000,0.0,0.0,0.0,4.6,1
76,Xing Fu Tang Vietnam - Trà Sữa Đài Loan - Nguyễn Thị Minh Khai,10.7858714000000,106.7007080000000,"18A2 Nguyễn Thị Minh Khai, P. Đa Kao, Quận 1, TP. HCM","Café/Dessert, ","Trà chanh, Sinh tố - Nước ép, Thức uống, Trà sữa, Sữa, ",,08:45 - 23:00,08:45 - 23:00,08:45 - 23:00,08:45 - 23:00,08:45 - 23:00,08:45 - 23:00,08:45 - 23:00,no,no,no,40.000 -70.000,0.0,0.0,0.0,_._,0
76,Xing Fu Tang Việt Nam - Trà Sữa Đài Loan - Global City,10.8004118000000,106.7769910000000,"74 - 76 Đường N3C Khu Phức Hợp City Park, Đỗ Xuân Hợp, P. An Phú, Tp. Thủ Đức, TP. HCM","Café/Dessert, ","Trà chanh, Sinh tố - Nước ép, Thức uống, Trà sữa, Sữa, ",,09:00 - 22:00,09:00 - 22:00,09:00 - 22:00,09:00 - 22:00,09:00 - 22:00,09:00 - 22:00,09:00 - 22:00,no,no,no,40.000 -70.000,0.0,0.0,0.0,_._,0
76,Xing Fu Tang Vietnam - Trà Sữa Đài Loan - Châu Văn Liêm,10.7514321000000,106.6588240000000,"9 Châu Văn Liêm, P. 14, Quận 5, TP. HCM","Café/Dessert, ","Trà chanh, Sinh tố - Nước ép, Thức uống, Trà sữa, Sữa, ",,09:00 - 22:00,09:00 - 22:00,09:00 - 22:00,09:00 - 22:00,09:00 - 22:00,09:00 - 22:00,09:00 - 22:00,no,no,no,40.000 -70.000,0.0,0.0,0.0,_._,0
76,Xing Fu Tang Vietnam - Trà Sữa Đài Loan - Vinhomes Grand Park,10.8441635000000,106.8381476000000,"S6.0301.S01 Vinhomes Grand Park, P. Long Bình, Tp. Thủ Đức, TP. HCM","Café/Dessert, ","Trà chanh, Sinh tố - Nước ép, Thức uống, Trà sữa, ",,09:00 - 22:30,09:00 - 22:30,09:00 - 22:30,09:00 - 22:30,09:00 - 22:30,09:00 - 22:30,09:00 - 22:30,no,no,no,40.000 -70.000,0.0,0.0,0.0,_._,0
76,Xing Fu Tang Vietnam - Trà Sữa Đài Loan - Bùi Đằng Đoàn,10.7297791000000,106.7086015000000,"21 Bùi Bằng Đoàn, Khu Phố Hưng Vượng 3 - R16 - 2, P. Tân Phong, Quận 7, TP. HCM","Café/Dessert, ","Trà chanh, Sinh tố - Nước ép, Thức uống, Trà sữa, ",,09:00 - 22:30,09:00 - 22:30,09:00 - 22:30,09:00 - 22:30,09:00 - 22:30,09:00 - 22:30,09:00 - 22:30,no,no,no,40.000 -70.000,0.0,0.0,0.0,_._,0
76,Xing Fu Tang Vietnam - Trà Sữa Đài Loan - Giga Mall,10.8278060000000,106.7216390000000,"L5-31 Tầng 5 TTTM Gigamall, 240-242 Phạm Văn Đồng,  P. Hiệp Bình Chánh, Tp. Thủ Đức, TP. HCM","Café/Dessert, ","Trà chanh, Sinh tố - Nước ép, Thức uống, Trà sữa, ",,08:45 - 22:00,08:45 - 22:00,08:45 - 22:00,08:45 - 22:00,08:45 - 22:00,08:45 - 22:00,08:45 - 22:00,no,no,no,40.000 -70.000,0.0,0.0,0.0,_._,0
76,Xing Fu Tang Vietnam - Trà Sữa Đài Loan - Thiso Mall Phan Huy Ích - Trường Chinh,10.8416584000000,106.6376211000000,"K3-02, Tầng 3, Trung Tâm Thương Mại Thiso Mall, 385 Phan Huy Ích, P.14, Quận Gò Vấp, TP. HCM","Café/Dessert, ","Trà chanh, Sinh tố - Nước ép, Thức uống, Trà sữa, Sữa, ",,10:00 - 22:00,10:00 - 22:00,10:00 - 22:00,10:00 - 22:00,10:00 - 22:00,10:00 - 22:00,10:00 - 22:00,no,no,no,,0.0,0.0,0.0,_._,0
76,Xing Fu Tang Vietnam - Trà Sữa Đài Loan - Thạnh Mỹ Lợi,10.7754644000000,106.7563219000000,"169 Trương Văn Bang, P. Thạnh Mỹ Lợi, Tp. Thủ Đức, TP. HCM","Café/Dessert, ","Trà chanh, Sinh tố - Nước ép, Thức uống, Trà sữa, Sữa, ",,08:30 - 22:00,08:30 - 22:00,08:30 - 22:00,08:30 - 22:00,08:30 - 22:00,08:30 - 22:00,08:30 - 22:00,no,no,no,,0.0,0.0,0.0,_._,0
77,Royaltea - Nguyễn Xiển,10.8439630000000,106.8380960000000,"Toà S603, Vinhomes Grand Park, P. Long Thạnh Mỹ, Tp. Thủ Đức, TP. HCM","Café/Dessert, ","Trà, Sinh tố - Nước ép, Thức uống, Trà sữa, Sữa, ","Món Á, ",08:00 - 23:00,08:00 - 23:00,08:00 - 23:00,08:00 - 23:00,08:00 - 23:00,08:00 - 23:00,08:00 - 23:00,no,no,yes,25.000 -55.000,6.6,6.8,6.3,6.5,72
77,Royaltea - Vinhomes Grand Park Quận 9,10.8386040000000,106.8320520000000,"Tòa S2.02 Căn S12. Vinhom Grank Park, Nguyễn Xiển, P. Long Thạnh Mỹ, Tp. Thủ Đức, TP. HCM","Café/Dessert, ","Trà, Trà chanh, Sinh tố - Nước ép, Thức uống, Trà sữa, Sữa, ","Món Á, Đài Loan, ",08:00 - 22:30,08:00 - 22:30,08:00 - 22:30,08:00 - 22:30,08:00 - 22:30,08:00 - 22:30,08:00 - 22:30,no,no,yes,39.000 -53.000,0.0,0.0,0.0,_._,0
78,Chóp Chép BBQ Buffet,10.8566060000000,106.7658250000000,"107 Hoàng Diệu 2 , P. Linh Trung, Tp. Thủ Đức, TP. HCM","Quán ăn, ","Ăn vặt - Ăn nhẹ, ","Món Việt, ",15:30 - 22:30,15:30 - 22:30,15:30 - 22:30,15:30 - 22:30,15:30 - 22:30,15:30 - 22:30,15:30 - 22:30,no,no,yes,99.000 -134.000,0.0,0.0,0.0,6.0,57
79,K-Food Kitchen,10.8528360000000,106.7673210000000,"106 Tô Vĩnh Diện, P. Linh Chiểu, Tp. Thủ Đức, TP. HCM","Quán ăn, ","Thịt Gà, Món nước, Ăn vặt - Ăn nhẹ, Thức uống, ","Món Á, Món Hàn, ",10:00 - 22:00,10:00 - 22:00,10:00 - 22:00,10:00 - 22:00,10:00 - 22:00,10:00 - 22:00,10:00 - 22:00,yes,no,no,10.000 -25.000,0.0,6.1,0.0,6.2,63
80,Manwah Taiwanese Hotpot - Gala Center Hoàng Văn Thụ,10.7989190000000,106.6595720000000,"Tầng 1 Gala Center Hoàng Văn Thụ, 415 Hoàng Văn Thụ, P. 2, Quận Tân Bình, TP. HCM","Nhà hàng, ","Thịt Gà, Thịt Bò, Thịt Heo, Hải sản, Món nước, Lẩu, ","Món Á, Đài Loan, ",10:00 - 22:00,10:00 - 22:00,10:00 - 22:00,10:00 - 22:00,10:00 - 22:00,10:00 - 22:00,10:00 - 22:00,no,yes,yes,390.000 -480.000,8.0,7.7,8.5,8.0,166
80,Manwah Taiwanese Hotpot - Estella Place,10.8020280000000,106.7482350000000,"Tầng 2 Estella Place, 88 Song Hành, P. An Phú, Tp. Thủ Đức, TP. HCM","Nhà hàng, ","Lẩu, Dimsum, ","Món Á, Đài Loan, ",10:00 - 22:00,10:00 - 22:00,10:00 - 22:00,10:00 - 22:00,10:00 - 22:00,10:00 - 22:00,10:00 - 22:00,no,yes,yes,390.000 -480.000,8.0,8.1,8.8,8.3,56
80,Manwah Taiwanese Hotpot - Gigamall,10.8284710000000,106.7221210000000,"Tầng 5 Giga Mall, 240 - 242 Phạm Văn Đồng, P. Hiệp Bình Chánh, Tp. Thủ Đức, TP. HCM","Nhà hàng, ","Lẩu, ","Món Á, Đài Loan, ",10:00 - 22:00,10:00 - 22:00,10:00 - 22:00,10:00 - 22:00,10:00 - 22:00,10:00 - 22:00,10:00 - 22:00,no,yes,yes,390.000 -480.000,8.3,7.8,8.1,7.9,60
80,Manwah Taiwanese Hotpot - Cao Thắng Mall,10.7689890000000,106.6829630000000,"Tầng 2 Cao Thắng Mall, 19 Cao Thắng, P. 2, Quận 3, TP. HCM","Nhà hàng, ","Lẩu, Dimsum, ","Món Á, Đài Loan, ",10:00 - 22:00,10:00 - 22:00,10:00 - 22:00,10:00 - 22:00,10:00 - 22:00,10:00 - 22:00,10:00 - 22:00,no,yes,yes,390.000 -480.000,7.0,7.0,7.0,7.0,397
80,Manwah Taiwanese Hotpot - Vincom Lê Văn Việt,10.8453190000000,106.7787300000000,"Tầng L4-01 Vincom Lê Văn Việt, 50 Lê Văn Việt, Quận 9, TP. HCM","Nhà hàng, ","Thịt Bò, Món nước, Lẩu, Thức uống, ","Món Á, Đài Loan, ",10:00 - 22:00,10:00 - 22:00,10:00 - 22:00,10:00 - 22:00,10:00 - 22:00,10:00 - 22:00,10:00 - 22:00,no,yes,yes,390.000 -480.000,8.2,8.4,7.9,8.0,28
80,Manwah Taiwanese Hotpot - Lotte Mart Gò Vấp,10.8381240000000,106.6711000000000,"Tầng 1 Lotte Mart Gò Vấp, 242 Nguyễn Văn Lượng, P. 10, Quận Gò Vấp, TP. HCM","Nhà hàng, ","Thịt Bò, Thịt Heo, Lẩu, Dimsum, Thức uống, ","Món Á, Đài Loan, ",,,,,,,,no,yes,yes,390.000 -480.000,9.2,9.2,9.3,9.2,50
80,Manwah Taiwanese Hotpot - An Dương Vương,10.7569590000000,106.6715070000000,"65 An Dương Vương, P. 8, Quận 5, TP. HCM","Nhà hàng, ","Thịt Bò, Thịt Heo, Cua - Ghẹ, Hải sản, Lẩu, Cá, Nghêu - Sò - Ốc, Dimsum, ","Món Á, Đài Loan, ","00:01 - 01:30, 10:00 - 23:59","00:01 - 01:30, 10:00 - 23:59","00:01 - 01:30, 10:00 - 23:59","00:01 - 01:30, 10:00 - 23:59","00:01 - 01:30, 10:00 - 23:59","00:01 - 01:30, 10:00 - 23:59","00:01 - 01:30, 10:00 - 23:59",no,yes,yes,390.000 -480.000,8.5,8.2,8.5,8.4,82
80,Manwah Taiwanese Hotpot - Vincom Thủ Đức,10.8504100000000,106.7653300000000,"Tầng 5 Vincom Thủ Đức, 216 Võ Văn Ngân, P. Bình Thọ, Tp. Thủ Đức, TP. HCM","Nhà hàng, ","Lẩu, Thức uống, ","Món Á, Đài Loan, ",10:00 - 22:00,10:00 - 22:00,10:00 - 22:00,10:00 - 22:00,10:00 - 22:00,10:00 - 22:00,10:00 - 22:00,no,yes,yes,390.000 -480.000,8.5,8.3,8.5,8.5,24
80,Manwah Taiwanese Hotpot - Vincom Center,10.7781070000000,106.7019350000000,"Tầng B3 Vincom Center, 72 Lê Thánh Tôn, P. Bến Nghé, Quận 1, TP. HCM","Nhà hàng, ","Lẩu, ","Món Á, Đài Loan, ",,,,,,,,no,yes,yes,390.000 -480.000,9.2,8.8,9.1,8.9,69
80,Manwah Taiwanese Hotpot - BigC Pandora Trường Chinh,10.8073293000000,106.6341532000000,"Tầng trệt - TTTM Big C, Số 1/1 Trường Chinh, Quận Tân Phú, TP. HCM","Nhà hàng, ","Tôm, Thịt Bò, Hải sản, Lẩu, Cá, Mực, ",,10:00 - 22:00,10:00 - 22:00,10:00 - 22:00,10:00 - 22:00,10:00 - 22:00,10:00 - 22:00,10:00 - 22:00,no,no,no,390.000 -480.000,9.0,9.0,9.0,9.3,2
80,Manwah Taiwanese Hotpot - Garden Mall,10.7547378000000,106.6563290000000,"TTTM The Garden Mall, 190 Hồng Bàng, P. 12, Quận 5, TP. HCM","Quán ăn, ","Lẩu, ",,10:00 - 22:00,10:00 - 22:00,10:00 - 22:00,10:00 - 22:00,10:00 - 22:00,10:00 - 22:00,10:00 - 22:00,no,no,no,,0.0,0.0,0.0,_._,0
80,Manwah Taiwanese Hot Pot - Lê Lợi (Saigon Centre),10.7735358000000,106.7010254000000,"Gian Hàng L5-08D, Trung Tâm Mua Sắm Saigon Centre, 65 Lê Lợi, P. Bến Nghé, Quận 1, TP. HCM","Quán ăn, ","Lẩu, Dimsum, ",,10:00 - 22:00,10:00 - 22:00,10:00 - 22:00,10:00 - 22:00,10:00 - 22:00,10:00 - 22:00,10:00 - 22:00,no,no,no,390.000 -480.000,9.8,9.8,9.0,9.3,5
81,Kem Baskin Robbins - Tôn Dật Tiên,10.7284800000000,106.7212990000000,"Tầng 5, Crescent Mall, 105 Tôn Dật Tiên, P. Tân Phú, Quận 7, TP. HCM","Café/Dessert, ","Bánh sinh nhật/Bánh kem, Bánh - Kẹo, Café - Kem, ",,09:00 - 22:00,09:00 - 22:00,09:00 - 22:00,09:00 - 22:00,09:00 - 22:00,09:00 - 22:00,09:00 - 22:00,no,no,no,45.000 -110.000,8.0,7.1,6.7,7.2,44
81,Kem Baskin Robbins - Diamond Plaza,10.7810030000000,106.6984250000000,"Tầng 4 Diamond Plaza, 34 Lê Duẩn, P. Bến Nghé, Quận 1, TP. HCM","Café/Dessert, ","Bánh sinh nhật/Bánh kem, Bánh - Kẹo, Café - Kem, ",,09:00 - 22:00,09:00 - 22:00,09:00 - 22:00,09:00 - 22:00,09:00 - 22:00,09:00 - 22:00,09:00 - 22:00,no,no,no,45.000 -110.000,7.8,7.3,7.2,7.2,53
81,Kem Baskin Robbins - Phú Mỹ Hưng,10.7247780000000,106.7087860000000,"SB-05, Khu Phố Mỹ Đức, Nguyễn Đức Cảnh, P. Tân Phong, Quận 7, TP. HCM","Café/Dessert, ","Bánh sinh nhật/Bánh kem, Bánh - Kẹo, Café - Kem, ",,07:00 - 22:00,07:00 - 22:00,07:00 - 22:00,07:00 - 22:00,07:00 - 22:00,07:00 - 22:00,07:00 - 22:00,yes,no,no,45.000 -110.000,7.8,7.4,7.5,7.4,88
81,Kem Baskin Robbins - Thảo Điền,10.8060970000000,106.7352250000000,"51 Thảo Điền, P.Thảo Điền, Tp. Thủ Đức, TP. HCM","Café/Dessert, ","Bánh sinh nhật/Bánh kem, Bánh - Kẹo, Café - Kem, ","Mỹ, Châu Mỹ, ",16:00 - 21:00,16:00 - 21:00,16:00 - 21:00,16:00 - 21:00,16:00 - 21:00,16:00 - 21:00,16:00 - 21:00,no,no,no,45.000 -110.000,8.0,7.9,6.9,7.3,32
81,Kem Baskin Robbins - Food Court Bitexco Tower,10.7717440000000,106.7045080000000,"Tầng 3, Food Court Bitexco Tower, 2 Hải Triều, Quận 1, TP. HCM","Café/Dessert, ","Bánh sinh nhật/Bánh kem, Bánh - Kẹo, Café - Kem, ","Mỹ, Châu Mỹ, ",09:00 - 21:00,09:00 - 21:00,09:00 - 21:00,09:00 - 21:00,09:00 - 21:00,09:00 - 21:00,09:00 - 21:00,no,no,yes,50.000 -110.000,8.1,7.6,6.4,7.3,38
81,Kem Baskin Robbins - Lê Văn Sỹ,10.7965590000000,106.6652241000000,"357 Lê Văn Sỹ, Quận Tân Bình, TP. HCM","Café/Dessert, ","Café - Kem, ","Món Việt, ",16:00 - 21:00,16:00 - 21:00,16:00 - 21:00,16:00 - 21:00,16:00 - 21:00,16:00 - 21:00,16:00 - 21:00,no,no,yes,45.000 -110.000,7.9,7.4,7.4,7.3,162
81,Kem Baskin Robbins - Trần Hưng Đạo,10.7522402000000,106.6654890000000,"181 Trần Hưng Đạo, Quận 5, TP. HCM","Café/Dessert, ","Bánh sinh nhật/Bánh kem, Bánh - Kẹo, Café - Kem, ","Mỹ, Châu Mỹ, ",10:00 - 21:30,10:00 - 21:30,10:00 - 21:30,10:00 - 21:30,10:00 - 21:30,10:00 - 21:30,10:00 - 21:30,yes,no,yes,48.000 -450.000,8.0,7.1,7.2,7.3,42
81,Kem Baskin Robbins - Pearl Plaza,10.7990865000000,106.7190106000000,"Pearl Plaza, 561A Điện Biên Phủ, P. 25, Quận Bình Thạnh, TP. HCM","Café/Dessert, ","Bánh sinh nhật/Bánh kem, Bánh - Kẹo, Café - Kem, Thức uống, ","Mỹ, Châu Mỹ, ",09:00 - 22:00,09:00 - 22:00,09:00 - 22:00,09:00 - 22:00,09:00 - 22:00,09:00 - 22:00,09:00 - 22:00,yes,no,yes,48.000 -110.000,7.9,7.6,7.1,7.5,45
81,Kem Baskin Robbins - Vincom Plaza Lê Văn Việt,10.8462470000000,106.7789410000000,"Tầng Trệt Vincom Plaza Lê Văn Việt, 50 Lê Văn Việt, P. Hiệp Phú, Tp. Thủ Đức, TP. HCM","Café/Dessert, ","Bánh sinh nhật/Bánh kem, Bánh - Kẹo, Café - Kem, Ăn vặt - Ăn nhẹ, ","Mỹ, Châu Mỹ, ",,,,,,,,yes,no,yes,50.000 -500.000,7.6,7.4,6.1,6.8,14
81,Kem Baskin Robbins - Aeon Mall Bình Tân,10.7425600000000,106.6114270000000,"Tầng 3, Aeon Mall Bình Tân, 1 Đường Số 17A, P. Bình Trị Đông B, Quận Bình Tân, TP. HCM","Café/Dessert, ","Bánh sinh nhật/Bánh kem, Bánh - Kẹo, Café - Kem, ","Mỹ, ",09:00 - 22:00,09:00 - 22:00,09:00 - 22:00,09:00 - 22:00,09:00 - 22:00,09:00 - 22:00,09:00 - 22:00,no,no,yes,50.000 -100.000,7.2,6.3,6.2,6.9,11
81,Kem Baskin Robbins - Gigamall Sense City Phạm Văn Đồng,10.8284690000000,106.7220740000000,"L1 - 19 Giga Mall, 240 - 242 Phạm Văn Đồng, P. Hiệp Bình Chánh, Tp. Thủ Đức, TP. HCM","Café/Dessert, ","Café - Kem, Ăn vặt - Ăn nhẹ, ","Mỹ, Châu Mỹ, ",10:00 - 22:00,10:00 - 22:00,10:00 - 22:00,10:00 - 22:00,10:00 - 22:00,10:00 - 22:00,10:00 - 22:00,no,no,yes,45.000 -110.000,0.0,0.0,0.0,_._,0
81,Kem Baskin Robbins - Vincom Landmark 81,10.7948750000000,106.7219170000000,"B1 - K2A Vincom Landmark 81, 772 Điện Biên Phủ, P. 22, Quận Bình Thạnh, TP. HCM","Café/Dessert, ","Bánh sinh nhật/Bánh kem, Bánh - Kẹo, Café - Kem, Ăn vặt - Ăn nhẹ, ","Mỹ, Châu Mỹ, ",09:30 - 22:00,09:30 - 22:00,09:30 - 22:00,09:30 - 22:00,09:30 - 22:00,09:30 - 22:00,09:30 - 22:00,no,no,yes,45.000 -110.000,0.0,0.0,0.0,_._,0
82,Bin - Live Music Bar,10.8544380000000,106.7670500000000,"18 Đường số 5, P. Linh Chiểu, Tp. Thủ Đức, TP. HCM","Bar/Pub, ","Café - Kem, Sinh tố - Nước ép, ","Món Việt, ",16:00 - 23:59,16:00 - 23:59,16:00 - 23:59,16:00 - 23:59,16:00 - 23:59,16:00 - 23:59,16:00 - 23:59,yes,no,yes,20.000 -50.000,8.9,8.9,8.9,8.9,38
83,Kem Ý Gelato Puppy & Cesar - Đường Số 46,10.8084090000000,106.7291505000000,"19 Đường Số 46, P. Thảo Điền, Tp. Thủ Đức, TP. HCM","Café/Dessert, ","Café - Kem, Sinh tố - Nước ép, Ăn vặt - Ăn nhẹ, Nem, Thức uống, ","Món Âu, Ý, ",14:00 - 21:00,14:00 - 21:00,14:00 - 21:00,14:00 - 21:00,14:00 - 21:00,14:00 - 21:00,14:00 - 21:00,yes,no,yes,27.000 -164.000,8.1,8.0,7.6,7.6,24
84,K-Pub - Nướng Phong Cách Pub Hàn Quốc - Đặng Văn Bi,10.8458780000000,106.7614710000000,"128 Đặng Văn Bi, P. Bình Thọ, Tp. Thủ Đức, TP. HCM","Nhà hàng, ","Thịt Bò, Thịt Heo, Lẩu, ","Món Á, Món Hàn, ",,,,,,,,no,yes,yes,150.000 -250.000,8.2,8.2,8.3,8.2,48
85,Uraetei BBQ - Phổ Đình - Thảo Điền,10.8018960000000,106.7383530000000,"4 Thảo Điền, Tp. Thủ Đức, TP. HCM","Nhà hàng, ","Thịt Bò, Thịt Heo, ","Món Á, Món Nhật, ",11:00 - 22:00,11:00 - 22:00,11:00 - 22:00,11:00 - 22:00,11:00 - 22:00,11:00 - 22:00,11:00 - 22:00,no,yes,yes,200.000 -400.000,8.2,7.3,8.3,7.8,39
86,Mad House Restaurant - Món Pháp & Việt,10.8058583000000,106.7419357000000,"6/1/2 Nguyễn Ư Dĩ, P. Thảo Điền, Tp. Thủ Đức, TP. HCM","Nhà hàng, ","Bún, ","Món Việt, Món Âu, Pháp, ",09:00 - 22:00,09:00 - 22:00,09:00 - 22:00,09:00 - 22:00,09:00 - 22:00,09:00 - 22:00,09:00 - 22:00,no,yes,no,200.000 -500.000,6.8,6.7,8.2,6.8,24
87,Mẹt Tre - Bún Đậu Mắm Tôm - Hoàng Diệu,10.8548829000000,106.7680298000000,"177 Hoàng Diệu 2, P. Linh Trung, Tp. Thủ Đức, TP. HCM","Quán ăn, ","Bún, Ăn vặt - Ăn nhẹ, Nem, ","Món Bắc, ",,,,,,,,no,no,no,30.000 -50.000,6.7,6.6,6.7,6.5,63
88,Trà Sữa Lộc Trà,10.8433650000000,106.7329690000000,"1/10/18 Đường 53, P. Hiệp Bình Chánh, Tp. Thủ Đức, TP. HCM","Café/Dessert, ","Trà, Sinh tố - Nước ép, Thức uống, Nước ngọt, Trà sữa, Sữa, ","Món Việt, ",14:00 - 21:00,14:00 - 21:00,14:00 - 21:00,14:00 - 21:00,14:00 - 21:00,14:00 - 21:00,Tạm nghỉ,yes,no,yes,10.000 -45.000,9.7,9.3,8.5,8.9,43
89,Vitamin Bar II- Sinh Tố & Ăn Vặt,10.8595390000000,106.7623630000000,"2 Đường Số 5, P. Linh Trung, Tp. Thủ Đức, TP. HCM","Ăn vặt/vỉa hè, Café/Dessert, ","Café - Kem, Sinh tố - Nước ép, Ăn vặt - Ăn nhẹ, ","Món Việt, ",09:00 - 22:30,09:00 - 22:30,09:00 - 22:30,09:00 - 22:30,09:00 - 22:30,09:00 - 22:30,09:00 - 22:30,no,no,yes,12.000 -25.000,7.0,0.0,0.0,6.6,48
90,Chinku - Nướng Không Khói,10.8365301512895,106.7322270199656,"996 Phạm Văn Đồng, P. Hiệp Bình Chánh, Tp. Thủ Đức, TP. HCM","Quán ăn, ","Thịt Bò, Thịt Heo, ","Món Việt, ",15:00 - 23:59,15:00 - 23:59,15:00 - 23:59,15:00 - 23:59,15:00 - 23:59,15:00 - 23:59,15:00 - 23:59,no,yes,no,19.000 -219.000,7.0,6.7,7.7,7.0,48
91,Domino’s Pizza - Phú Mỹ Hưng,10.7251650000000,106.7089280000000,"117 Nguyễn Đức Cảnh, P. Tân Phong, Quận 7, TP. HCM","Nhà hàng, ","Pizza & Pasta, ","Mỹ, Châu Mỹ, ",10:00 - 22:00,10:00 - 22:00,10:00 - 22:00,10:00 - 22:00,10:00 - 22:00,10:00 - 22:00,10:00 - 22:00,yes,no,yes,45.000 -165.000,7.8,7.7,7.6,7.8,78
91,Domino’s Pizza - Nguyễn Tri Phương,10.7617390000000,106.6683760000000,"313 Nguyễn Tri Phương, P. 5, Quận 10, TP. HCM","Nhà hàng, ","Pizza & Pasta, ","Món Âu, ",10:00 - 22:00,10:00 - 22:00,10:00 - 22:00,10:00 - 22:00,10:00 - 22:00,10:00 - 22:00,10:00 - 22:00,yes,yes,yes,49.000 -199.000,7.6,7.2,7.2,7.4,281
91,Domino’s Pizza - Khánh Hội,10.7559450000000,106.7011820000000,"133 Khánh Hội, P. 3, Quận 4, TP. HCM","Nhà hàng, ","Pizza & Pasta, Fastfood - Thức ăn nhanh, ","Món Việt, Món Âu, ",10:00 - 22:00,10:00 - 22:00,10:00 - 22:00,10:00 - 22:00,10:00 - 22:00,10:00 - 22:00,10:00 - 22:00,yes,yes,yes,49.000 -199.000,7.4,7.1,6.9,7.2,110
91,Domino’s Pizza - Hòa Bình,10.7674280000000,106.6406720000000,"48 Hòa Bình, P. 5, Quận 11, TP. HCM","Nhà hàng, ","Pizza & Pasta, Ăn vặt - Ăn nhẹ, Nem, Fastfood - Thức ăn nhanh, ","Món Việt, ",10:00 - 22:00,10:00 - 22:00,10:00 - 22:00,10:00 - 22:00,10:00 - 22:00,10:00 - 22:00,10:00 - 22:00,yes,no,yes,49.000 -199.000,7.8,7.3,7.3,7.5,80
91,Domino’s Pizza - Tên Lửa,10.7517468000000,106.6103727000000,"348 - 350 Tên Lửa, P. Bình Trị Đông B, Quận Bình Tân, TP. HCM","Nhà hàng, ","Pizza & Pasta, Bánh - Kẹo, Fastfood - Thức ăn nhanh, ","Món Việt, Món Âu, ",,,,,,,,yes,yes,yes,49.000 -199.000,7.8,7.1,7.6,7.6,44
91,Domino’s Pizza - Kha Vạn Cân,10.8466447000000,106.7511860000000,"738 Kha Vạn Cân, Tp. Thủ Đức, TP. HCM","Nhà hàng, ","Pizza & Pasta, Xúc xích, Fastfood - Thức ăn nhanh, ","Món Việt, Mỹ, Châu Mỹ, ",10:00 - 22:00,10:00 - 22:00,10:00 - 22:00,10:00 - 22:00,10:00 - 22:00,10:00 - 22:00,10:00 - 22:00,yes,yes,yes,49.000 -199.000,7.9,7.9,7.1,7.6,47
91,Domino’s Pizza - Đinh Bộ Lĩnh,10.8070532000000,106.7093926000000,"138 Đinh Bộ Lĩnh, P. 26, Quận Bình Thạnh, TP. HCM","Nhà hàng, ","Pizza & Pasta, Fastfood - Thức ăn nhanh, ","Mỹ, Châu Mỹ, ",,,,,,,,yes,no,yes,45.000 -250.000,8.2,8.1,7.7,7.9,77
91,Domino’s Pizza - Nguyễn Ảnh Thủ,10.8656250000000,106.6141080000000,"31/1B Nguyển Ảnh Thủ, P. Trung Mỹ Tây, Quận 12, TP. HCM","Nhà hàng, ","Pizza & Pasta, Fastfood - Thức ăn nhanh, ","Món Âu, Ý, ",10:00 - 22:00,10:00 - 22:00,10:00 - 22:00,10:00 - 22:00,10:00 - 22:00,10:00 - 22:00,10:00 - 22:00,yes,yes,no,50.000 -200.000,7.3,7.2,6.9,7.2,16
91,Domino’s Pizza - Lê Văn Việt,10.8442187000000,106.7843918000000,"196 Lê Văn Việt, P. Tăng Nhơn Phú B, Tp. Thủ Đức, TP. HCM","Nhà hàng, ","Pizza & Pasta, Fastfood - Thức ăn nhanh, ","Món Âu, Ý, ",10:00 - 22:00,10:00 - 22:00,10:00 - 22:00,10:00 - 22:00,10:00 - 22:00,10:00 - 22:00,10:00 - 22:00,yes,yes,yes,80.000 -200.000,7.5,7.3,7.5,7.4,53
91,Domino’s Pizza - 324 Huỳnh Tấn Phát,10.7502960000000,106.7285660000000,"324 Huỳnh Tấn Phát, Quận 7, TP. HCM","Nhà hàng, ","Pizza & Pasta, Fastfood - Thức ăn nhanh, ","Mỹ, Châu Mỹ, ",10:00 - 22:00,10:00 - 22:00,10:00 - 22:00,10:00 - 22:00,10:00 - 22:00,10:00 - 22:00,10:00 - 22:00,yes,no,yes,45.000 -165.000,8.1,7.9,8.2,8.0,24
91,Domino’s Pizza - Phan Văn Trị,10.8226891000000,106.6929826000000,"491 Phan Văn Trị, P. 5, Quận Gò Vấp, TP. HCM","Nhà hàng, ","Pizza & Pasta, Fastfood - Thức ăn nhanh, ","Mỹ, ",10:00 - 22:00,10:00 - 22:00,10:00 - 22:00,10:00 - 22:00,10:00 - 22:00,10:00 - 22:00,10:00 - 22:00,yes,no,yes,49.000 -190.009,7.2,7.0,7.6,7.3,31
91,Domino’s Pizza - Nguyễn Duy Trinh,10.7884049000000,106.7582259000000,"101 - 103 Nguyễn Duy Trinh, P. Bình Trưng Tây, Tp. Thủ Đức, TP. HCM","Quán ăn, ","Pizza & Pasta, Fastfood - Thức ăn nhanh, ","Món Việt, ",10:00 - 22:00,10:00 - 22:00,10:00 - 22:00,10:00 - 22:00,10:00 - 22:00,10:00 - 22:00,10:00 - 22:00,yes,no,yes,49.000 -199.000,7.4,7.6,7.6,7.5,16
92,OneZo - Võ Văn Ngân,10.8505422000000,106.7664308000000,"198 Võ Văn Ngân, P. Bình Thọ, Tp. Thủ Đức, TP. HCM","Café/Dessert, ","Trà, Thức uống, Trà sữa, ",,10:00 - 22:00,10:00 - 22:00,10:00 - 22:00,10:00 - 22:00,10:00 - 22:00,10:00 - 22:00,10:00 - 22:00,no,no,yes,30.000 -70.000,7.8,7.9,7.4,7.6,45
93,llaollao Natural Frozen Yogurt - Mai Chí Thọ,10.7723490000000,106.7225620000000,"B1-06 Số 10 Mai Chí Thọ P. Thủ Thiêm, Tp. Thủ Đức, TP. HCM","Café/Dessert, ","Café - Kem, Ăn vặt - Ăn nhẹ, ","Món Việt, ",10:00 - 22:00,10:00 - 22:00,10:00 - 22:00,10:00 - 22:00,10:00 - 22:00,10:00 - 22:00,10:00 - 22:00,no,no,yes,50.000 -100.000,8.0,7.0,7.3,7.4,43
94,A Đậu - Bún Đậu Mắm Tôm - Nguyễn Thị Định,10.7788070000000,106.7636816000000,"554 Nguyễn Thị Định, P. Thạnh Mỹ Lợi, Tp. Thủ Đức, TP. HCM","Quán ăn, ","Bún, Lẩu, Ăn vặt - Ăn nhẹ, Nem, Cá/bò viên, ","Món Việt, ",10:30 - 21:30,10:30 - 21:30,10:30 - 21:30,10:30 - 21:30,10:30 - 21:30,10:30 - 21:30,10:30 - 21:30,yes,no,yes,20.000 -50.000,7.6,7.0,7.1,7.2,48
94,A Đậu - Bún Đậu Mắm Tôm - Lê Văn Việt,10.8455240000000,106.7951230000000,"460 Lê Văn Việt, P. Tăng Nhơn Phú A, Tp. Thủ Đức, TP. HCM","Quán ăn, ","Bún, Lẩu, Ăn vặt - Ăn nhẹ, Nem, Cá/bò viên, ","Món Việt, ",10:00 - 21:30,10:00 - 21:30,10:00 - 21:30,10:00 - 21:30,10:00 - 21:30,10:00 - 21:30,10:00 - 21:30,no,no,yes,20.000 -50.000,7.6,7.5,7.4,7.6,15
95,The Legend Coffee - Vincom Thủ Đức,10.8502674000000,106.7653270000000,"Tầng 6 Vincom Thủ Đức, 216 Võ Văn Ngân, P. Bình Thọ, Tp. Thủ Đức, TP. HCM","Café/Dessert, ","Món nước, Mì, Café - Kem, Thức uống, ","Món Việt, ",06:00 - 23:00,06:00 - 23:00,06:00 - 23:00,06:00 - 23:00,06:00 - 23:00,06:00 - 23:00,06:00 - 23:00,no,no,yes,20.000 -70.000,7.9,7.6,8.1,7.9,23
96,Texas Chicken - Phạm Thái Bường,10.7277566000000,106.7090473000000,"228 Phạm Thái Bường, Phú Mỹ Hưng, Quận 7, TP. HCM","Nhà hàng, ","Thịt Gà, Gà rán, Hamburger, Ăn vặt - Ăn nhẹ, Nước ngọt, Xúc xích, Fastfood - Thức ăn nhanh, ","Mỹ, Châu Mỹ, ",,,,,,,,no,no,no,50.000 -220.000,7.8,7.0,7.3,7.3,139
96,Texas Chicken - Phan Xích Long,10.7980360000000,106.6889070000000,"274 - 276 Phan Xích Long, P. 7, Quận Phú Nhuận, TP. HCM","Nhà hàng, ","Thịt Gà, Gà rán, Hamburger, Ăn vặt - Ăn nhẹ, Thức uống, Nước ngọt, Xúc xích, Fastfood - Thức ăn nhanh, ","Mỹ, Châu Mỹ, ",07:00 - 22:00,07:00 - 22:00,07:00 - 22:00,07:00 - 22:00,07:00 - 22:00,07:00 - 22:00,07:00 - 22:00,no,no,yes,50.000 -220.000,7.4,6.7,7.0,7.1,586
96,Texas Chicken - Nguyễn Văn Cừ,10.7618470000000,106.6829480000000,"217B Nguyễn Văn Cừ, Quận 5, TP. HCM","Nhà hàng, ","Thịt Gà, Gà rán, Hamburger, Ăn vặt - Ăn nhẹ, Thức uống, Nước ngọt, Fastfood - Thức ăn nhanh, ","Mỹ, Châu Mỹ, ",10:00 - 21:30,10:00 - 21:30,10:00 - 21:30,10:00 - 21:30,10:00 - 21:30,10:00 - 21:30,10:00 - 21:30,no,no,yes,20.000 -275.000,7.3,6.6,7.2,7.0,389
96,Texas Chicken - Nguyễn Thái Học,10.7675525000000,106.6955649000000,"115 Nguyễn Thái Học, Quận 1, TP. HCM","Nhà hàng, ","Thịt Gà, Hamburger, Ăn vặt - Ăn nhẹ, Nem, Fastfood - Thức ăn nhanh, ","Mỹ, Món Âu, Châu Mỹ, ",10:00 - 22:00,10:00 - 22:00,10:00 - 22:00,10:00 - 22:00,10:00 - 22:00,10:00 - 22:00,10:00 - 22:00,no,no,yes,30.000 -300.000,7.2,6.5,7.0,7.0,269
96,Texas Chicken - Hậu Giang,10.7498770000000,106.6435090000000,"176C-176D Hậu Giang, P. 6, Quận 6, TP. HCM","Nhà hàng, ","Thịt Gà, Gà rán, Hamburger, Salad, Ăn vặt - Ăn nhẹ, Fastfood - Thức ăn nhanh, ","Mỹ, Châu Mỹ, ",,,,,,,,no,no,no,50.000 -220.000,6.5,6.2,6.6,6.5,122
96,Texas Chicken - Quang Trung,10.8348719000000,106.6636871000000,"578 Quang Trung, P.11, Quận Gò Vấp, TP. HCM","Nhà hàng, ","Thịt Gà, Gà rán, Hamburger, Hải sản, Ăn vặt - Ăn nhẹ, Thức uống, Xúc xích, Fastfood - Thức ăn nhanh, ","Mỹ, Châu Mỹ, ",10:00 - 21:30,10:00 - 21:30,10:00 - 21:30,10:00 - 21:30,10:00 - 21:30,10:00 - 21:30,10:00 - 21:30,yes,no,yes,50.000 -220.000,7.1,6.5,7.1,7.0,145
96,Texas Chicken - Sư Vạn Hạnh,10.7733956000000,106.6686922000000,"463 Sư Vạn Hạnh, Quận 10, TP. HCM","Nhà hàng, ","Thịt Gà, Gà rán, Hamburger, Salad, Ăn vặt - Ăn nhẹ, Nem, Xúc xích, Fastfood - Thức ăn nhanh, ","Món Âu, ",10:00 - 21:30,10:00 - 21:30,10:00 - 21:30,10:00 - 21:30,10:00 - 21:30,10:00 - 21:30,10:00 - 21:30,yes,no,yes,20.000 -295.000,6.7,0.0,6.7,6.6,217
96,Texas Chicken - Vincom Mega Mall Thảo Điền,10.8021160000000,106.7407070000000,"Tầng 5, Vincom Mega Mall Thảo Điền, 159 Xa Lộ Hà Nội, P. Thảo Điền, Tp. Thủ Đức, TP. HCM","Nhà hàng, ","Thịt Gà, Gà rán, Hamburger, Fastfood - Thức ăn nhanh, ","Mỹ, Châu Mỹ, ",10:00 - 21:30,10:00 - 21:30,10:00 - 21:30,10:00 - 21:30,10:00 - 21:30,10:00 - 21:30,10:00 - 21:30,no,no,yes,50.000 -250.000,7.3,6.3,7.2,7.0,57
96,Texas Chicken - Aeon Mall Bình Tân,10.7425600000000,106.6114270000000,"Tầng 3, Aeon Mall Bình Tân, 1 Đường Số 17A, P. Bình Trị Đông B, Quận Bình Tân, TP. HCM","Nhà hàng, ","Thịt Gà, Gà rán, Hamburger, Xúc xích, Fastfood - Thức ăn nhanh, ","Mỹ, Châu Mỹ, ",10:00 - 21:30,10:00 - 21:30,10:00 - 21:30,10:00 - 21:30,10:00 - 21:30,10:00 - 21:30,10:00 - 21:30,no,no,yes,50.000 -250.000,6.2,6.1,6.4,6.3,39
96,Texas Chicken - Hoàng Văn Thụ,10.7961690000000,106.6562940000000,"392 - 394 Hoàng Văn Thụ, Quận Tân Bình, TP. HCM","Nhà hàng, ","Thịt Gà, Gà rán, Hamburger, Fastfood - Thức ăn nhanh, ","Mỹ, Châu Mỹ, ",10:00 - 21:30,10:00 - 21:30,10:00 - 21:30,10:00 - 21:30,10:00 - 21:30,10:00 - 21:30,10:00 - 21:30,yes,no,yes,40.000 -200.000,6.2,0.0,0.0,6.0,71
96,Texas Chicken - Nguyễn Gia Trí,10.8073580000000,106.7162670000000,"203 Nguyễn Gia Trí (Đường D2), P. 25, Quận Bình Thạnh, TP. HCM","Nhà hàng, ","Thịt Gà, Gà rán, Hamburger, Xúc xích, Fastfood - Thức ăn nhanh, ","Mỹ, Châu Mỹ, ",,,,,,,,yes,no,yes,38.000 -275.000,6.3,0.0,6.1,6.0,49
96,Texas Chicken - Vạn Hạnh Mall,10.7708230000000,106.6698620000000,"16 Vạn Hạnh Mall, 11 Sư Vạn Hạnh, P. 12, Quận 10, TP. HCM","Nhà hàng, ","Thịt Gà, Gà rán, Fastfood - Thức ăn nhanh, ","Mỹ, Châu Mỹ, ",10:00 - 21:30,10:00 - 21:30,10:00 - 21:30,10:00 - 21:30,10:00 - 21:30,10:00 - 21:30,10:00 - 21:30,yes,no,yes,50.000 -250.000,6.2,0.0,6.8,6.4,21
97,Larva - Mì Cay & Ăn Vặt - Nguyễn Thị Định,10.7856059000000,106.7571185000000,"219 Nguyễn Thị Định, P. Bình Trưng Tây, Tp. Thủ Đức, TP. HCM","Quán ăn, ","Gà rán, Bún, Mì, Ăn vặt - Ăn nhẹ, Xúc xích, Fastfood - Thức ăn nhanh, ","Món Việt, Món Á, Món Hàn, ",09:00 - 23:00,09:00 - 23:00,09:00 - 23:00,09:00 - 23:00,09:00 - 23:00,09:00 - 23:00,09:00 - 23:00,no,no,no,15.000 -49.000,6.8,6.7,6.6,6.9,48
98,Gà Rán & Burger Lotteria - Trần Hưng Đạo,10.7677130000000,106.6951630000000,"95A Trần Hưng Đạo, Quận 1, TP. HCM","Nhà hàng, ","Thịt Gà, Tôm, Gà rán, Hamburger, Thịt Bò, Hải sản, Ăn vặt - Ăn nhẹ, Fastfood - Thức ăn nhanh, ","Món Á, Món Hàn, ",09:00 - 23:00,09:00 - 23:00,09:00 - 23:00,09:00 - 23:00,09:00 - 23:00,09:00 - 23:00,09:00 - 23:00,yes,no,yes,30.000 -77.000,6.6,6.2,7.0,6.8,222
98,Lotteria - CoopMart Đinh Tiên Hoàng,10.8003060000000,106.6962740000000,"127 Đinh Tiên Hoàng, Quận Bình Thạnh, TP. HCM","Nhà hàng, ","Thịt Gà, Tôm, Gà rán, Hamburger, Thịt Bò, Hải sản, Ăn vặt - Ăn nhẹ, Fastfood - Thức ăn nhanh, ","Món Á, Món Hàn, ",09:00 - 21:30,09:00 - 21:30,09:00 - 21:30,09:00 - 21:30,09:00 - 21:30,09:00 - 21:30,09:00 - 21:30,yes,no,yes,30.000 -77.000,7.0,6.6,6.4,6.9,25
98,Gà Rán & Burger Lotteria - Khu Phố Mỹ Khánh 4,10.7272020000000,106.7087870000000,"051 Nguyễn Đức Cảnh, Khu Phố Mỹ Khánh 4 - H12-2, P. Tân Hưng, Quận 7, TP. HCM","Nhà hàng, ","Thịt Gà, Tôm, Gà rán, Hamburger, Thịt Bò, Hải sản, Ăn vặt - Ăn nhẹ, Fastfood - Thức ăn nhanh, ","Món Á, Món Hàn, ",09:00 - 23:00,09:00 - 23:00,09:00 - 23:00,09:00 - 23:00,09:00 - 23:00,09:00 - 23:00,09:00 - 23:00,yes,no,yes,30.000 -77.000,6.7,6.3,7.0,6.9,24
98,Gà Rán & Burger Lotteria - Tô Hiến Thành,10.7777680000000,106.6653160000000,"307A Tô Hiến Thành, Quận 10, TP. HCM","Nhà hàng, ","Thịt Gà, Tôm, Gà rán, Hamburger, Thịt Bò, Hải sản, Ăn vặt - Ăn nhẹ, Fastfood - Thức ăn nhanh, ","Món Á, Món Hàn, ",09:00 - 23:00,09:00 - 23:00,09:00 - 23:00,09:00 - 23:00,09:00 - 23:00,09:00 - 23:00,09:00 - 23:00,yes,no,yes,30.000 -77.000,6.1,0.0,6.4,6.3,176
98,Gà Rán & Burger Lotteria - Xô Viết Nghệ Tĩnh,10.7986547000000,106.7111478000000,"222A Xô Viết Nghệ Tĩnh, P. 21, Quận Bình Thạnh, TP. HCM","Nhà hàng, ","Thịt Gà, Gà rán, Hamburger, Thịt Bò, Ăn vặt - Ăn nhẹ, Fastfood - Thức ăn nhanh, ","Món Á, Món Hàn, ",09:00 - 23:00,09:00 - 23:00,09:00 - 23:00,09:00 - 23:00,09:00 - 23:00,09:00 - 23:00,09:00 - 23:00,yes,no,yes,30.000 -77.000,0.0,0.0,0.0,5.9,49
98,Gà Rán & Burger Lotteria - Bình Phú,10.7456780000000,106.6308440000000,"211 - 213 Bình Phú, P. 11, Quận 6, TP. HCM","Nhà hàng, ","Thịt Gà, Fastfood - Thức ăn nhanh, ","Món Việt, ",09:00 - 22:00,09:00 - 22:00,09:00 - 22:00,09:00 - 22:00,09:00 - 22:00,09:00 - 22:00,09:00 - 22:00,yes,no,yes,30.000 -110.000,0.0,0.0,6.2,6.1,33
98,Gà Rán & Burger Lotteria - HTV,10.7864535000000,106.7015380000000,"11Bis Nguyễn Thị Minh Khai, P. Bến Nghé, Quận 1, TP. HCM","Nhà hàng, ","Thịt Gà, Tôm, Gà rán, Hamburger, Thịt Bò, Hải sản, Ăn vặt - Ăn nhẹ, Thức uống, Nước ngọt, Xúc xích, Fastfood - Thức ăn nhanh, ","Món Á, Món Hàn, ",09:00 - 23:00,09:00 - 23:00,09:00 - 23:00,09:00 - 23:00,09:00 - 23:00,09:00 - 23:00,09:00 - 23:00,yes,no,yes,30.000 -77.000,6.2,0.0,6.6,6.5,48
98,Gà Rán & Burger Lotteria - 283 Võ Văn Ngân,10.8498920000000,106.7681620000000,"283 Võ Văn Ngân, P. Linh Chiểu, Tp. Thủ Đức, TP. HCM","Nhà hàng, ","Thịt Gà, Gà rán, Hamburger, Ăn vặt - Ăn nhẹ, Fastfood - Thức ăn nhanh, ","Món Á, Món Hàn, ",09:00 - 22:00,09:00 - 22:00,09:00 - 22:00,09:00 - 22:00,09:00 - 22:00,09:00 - 22:00,09:00 - 22:00,yes,no,no,30.000 -77.000,0.0,0.0,0.0,6.0,35
98,Gà Rán & Burger Lotteria - Pandora City,10.8064000000000,106.6348330000000,"Tầng 4 Pandora City, 1/1 Trường Chinh, P. Tây Thạnh, Quận Tân Phú, TP. HCM","Nhà hàng, ","Thịt Gà, Gà rán, Hamburger, Thịt Bò, Ăn vặt - Ăn nhẹ, Cơm, Thức uống, Nước ngọt, Fastfood - Thức ăn nhanh, ","Món Á, Món Hàn, ",08:00 - 21:00,08:00 - 21:00,08:00 - 21:00,08:00 - 21:00,08:00 - 21:00,08:00 - 21:00,08:00 - 21:00,no,no,no,35.000 -132.000,0.0,0.0,6.0,6.0,35
98,Gà Rán & Burger Lotteria - Lottemart Nguyễn Hữu Thọ,10.7405390000000,106.7010750000000,"Tầng Trệt, Lotte Mart Nam Sài Gòn, 469 Nguyễn Hữu Thọ, P. Tân Hưng, Quận 7, TP. HCM","Nhà hàng, ","Thịt Gà, Gà rán, Hamburger, Thịt Bò, Ăn vặt - Ăn nhẹ, Fastfood - Thức ăn nhanh, ","Món Á, Món Hàn, ",07:00 - 23:00,07:00 - 23:00,07:00 - 23:00,07:00 - 23:00,07:00 - 23:00,07:00 - 23:00,07:00 - 23:00,no,no,no,18.000 -310.000,6.0,0.0,6.2,6.2,68
98,Lotteria - Crescent Mall,10.7285570000000,106.7183450000000,"Tầng 5 Crescent Mall, 101 Tôn Dật Tiên, P. Tân Phú, Quận 7, TP. HCM","Nhà hàng, ","Thịt Gà, Gà rán, Hamburger, Hải sản, Ăn vặt - Ăn nhẹ, Fastfood - Thức ăn nhanh, ","Món Á, Món Hàn, ",,,,,,,,yes,no,no,30.000 -77.000,6.8,6.4,7.0,6.9,41
98,Gà Rán & Burger Lotteria - Nguyễn Ánh Thủ,10.8555820000000,106.6072135000000,"159/6 - 160/1 Nguyễn Ảnh Thủ, X. Trung Chánh, Huyện Hóc Môn, TP. HCM","Nhà hàng, ","Fastfood - Thức ăn nhanh, ","Món Việt, ",07:00 - 22:00,07:00 - 22:00,07:00 - 22:00,07:00 - 22:00,07:00 - 22:00,07:00 - 22:00,07:00 - 22:00,yes,no,yes,40.000 -132.000,0.0,0.0,0.0,5.6,37
99,Mekong Merchant & MM Bistro,10.8033990000000,106.7374990000000,"23 Thảo Điền, P. Thảo Điền, Tp. Thủ Đức, TP. HCM","Nhà hàng, ","Thịt Gà, Thịt Bò, Thịt Heo, Hải sản, Món nước, Pizza & Pasta, Bánh - Kẹo, Café - Kem, Sinh tố - Nước ép, Ăn vặt - Ăn nhẹ, Rượu vang, Thức uống, Bia, Nước ngọt, ","Món Âu, ",10:00 - 23:00,10:00 - 23:00,10:00 - 23:00,10:00 - 23:00,10:00 - 23:00,10:00 - 23:00,10:00 - 23:00,no,no,yes,50.000 -550.000,7.7,7.4,8.1,7.4,21
100,Phở Tình,10.8449970000000,106.7750280000000,"12 Ngô Quyền, P. Hiệp Phú, Tp. Thủ Đức, TP. HCM","Quán ăn, ","Phở, Món nước, ","Món Việt, ",09:00 - 21:00,09:00 - 21:00,09:00 - 21:00,09:00 - 21:00,09:00 - 21:00,09:00 - 21:00,09:00 - 21:00,no,no,no,30.000 -66.000,9.8,9.8,9.7,9.8,62
101,Hải Sản Biển Đông - Einstein,10.8432380000000,106.7679430000000,"8 Einstein, P. Bình Thọ, Tp. Thủ Đức, TP. HCM","Nhà hàng, ","Hải sản, Lẩu, ","Món Việt, ",10:00 - 22:00,10:00 - 22:00,10:00 - 22:00,10:00 - 22:00,10:00 - 22:00,10:00 - 22:00,10:00 - 22:00,no,no,no,60.000 -220.000,7.3,6.8,7.1,7.2,41
102,SaSin - Mì Cay 7 Cấp Độ Hàn Quốc - Đặng Văn Bi,10.8434420000000,106.7626290000000,"127 Đặng Văn Bi, P. Bình Thọ, Tp. Thủ Đức, TP. HCM","Quán ăn, ","Bún, Mì, Món nước, Ăn vặt - Ăn nhẹ, Nem, Cá/bò viên, ","Món Á, Món Hàn, ",08:00 - 21:00,08:00 - 21:00,08:00 - 21:00,08:00 - 21:00,08:00 - 21:00,08:00 - 21:00,08:00 - 21:00,no,no,yes,30.000 -50.000,0.0,0.0,0.0,5.3,55
103,Gà Nướng Ò Ó O - Gà Nướng Nhiều Vị - Lý Thường Kiệt,10.7886795000000,106.6546361000000,"538/29 Lý Thường Kiệt, P. 7, Quận Tân Bình, TP. HCM","Quán ăn, ","Thịt Gà, Bánh mì, Cơm Cháy, Nấm, Xôi, Bánh bao, Mì, Lẩu, Súp, Salad, Bánh - Kẹo, Cơm, Cá/bò viên, ","Món Việt, ",,,,,,,,yes,yes,no,50.000 -175.000,6.7,6.0,6.1,6.4,229
103,Gà Nướng Ò Ó O - Bình Phú,10.7462630000000,106.6311006000000,"231 Bình Phú, P. 11, Quận 6, TP. HCM","Quán ăn, ","Thịt Gà, Salad, ","Món Việt, ",10:30 - 22:00,10:30 - 22:00,10:30 - 22:00,10:30 - 22:00,10:30 - 22:00,10:30 - 22:00,10:30 - 22:00,yes,no,no,50.000 -175.000,0.0,6.1,0.0,6.2,82
103,Gà Nướng Ò Ó O - Gà Nướng Nhiều Vị - Lê Quang Định,10.8154943000000,106.6886105000000,"449E Lê Quang Định, P. 5, Quận Bình Thạnh, TP. HCM","Quán ăn, ","Thịt Gà, Bánh mì, Cơm Cháy, Nấm, Xôi, Bánh bao, Mì, Lẩu, Súp, Salad, Bánh - Kẹo, Ăn vặt - Ăn nhẹ, Cơm, Cá/bò viên, ","Món Việt, ",,,,,,,,yes,no,yes,50.000 -175.000,6.5,6.0,0.0,6.3,125
103,Gà Nướng Ò Ó O - 13 Tô Vĩnh Diện,10.8529840000000,106.7673570000000,"13 Tô Vĩnh Diện, P. Linh Chiểu, Tp. Thủ Đức, TP. HCM","Quán ăn, ","Thịt Gà, Bánh mì, Đậu hũ, Hải sản, Bánh bao, Lẩu, Súp, Salad, Bánh - Kẹo, Ăn vặt - Ăn nhẹ, Cơm, Nem, ","Món Việt, ",10:30 - 21:00,10:30 - 21:00,10:30 - 21:00,10:30 - 21:00,10:30 - 21:00,10:30 - 21:00,10:30 - 21:00,yes,no,yes,50.000 -175.000,0.0,0.0,0.0,5.5,72
103,Gà Nướng Ò Ó O - Lê Đại Hành,10.7687440000000,106.6527340000000,"8-9-10 Lê Đại Hành, P. 15, Quận 11, TP. HCM","Quán ăn, ","Thịt Gà, Salad, ","Món Việt, ",10:30 - 21:30,10:30 - 21:30,10:30 - 21:30,10:30 - 21:30,10:30 - 21:30,10:30 - 21:30,10:30 - 21:30,no,no,yes,50.000 -175.000,0.0,0.0,0.0,4.9,9
103,Gà Nướng Ò Ó O - Gà Nướng Nhiều Vị - Trần Hưng Đạo,10.7569932000000,106.6853771000000,"328 Trần Hưng Đạo, P. Nguyễn Cư Trinh, Quận 1, TP. HCM","Quán ăn, ","Thịt Gà, Bánh mì, Nấm, Xôi, Hải sản, Món nước, Bánh bao, Mì, Lẩu, Súp, Salad, Bánh - Kẹo, Ăn vặt - Ăn nhẹ, Cơm, ","Món Việt, ",09:30 - 21:30,09:30 - 21:30,09:30 - 21:30,09:30 - 21:30,09:30 - 21:30,09:30 - 21:30,09:30 - 21:30,yes,no,no,50.000 -175.000,6.1,0.0,6.2,6.2,107
103,Gà Nướng Ò Ó O - Đường D5,10.8059840000000,106.7155510000000,"Tầng 1, 87 - 89 Đường D5, Quận Bình Thạnh, TP. HCM","Quán ăn, ","Thịt Gà, Cơm Chiên, Nấm, Xôi, Hải sản, Món nước, Bánh bao, Mì, Lẩu, Súp, Salad, Bánh - Kẹo, Cơm văn phòng, Cơm, Cá/bò viên, ","Món Việt, ",10:30 - 21:30,10:30 - 21:30,10:30 - 21:30,10:30 - 21:30,10:30 - 21:30,10:30 - 21:30,10:30 - 21:30,no,yes,yes,50.000 -175.000,0.0,0.0,0.0,5.6,13
103,Gà Nướng Ò Ó O - Phan Văn Trị,10.8351380000000,106.6652990000000,"1467 Phan Văn Trị, P. 10, Quận Gò Vấp, TP. HCM","Quán ăn, ","Thịt Gà, Xôi, Lẩu, Cơm, ","Món Việt, ",10:00 - 22:00,10:00 - 22:00,10:00 - 22:00,10:00 - 22:00,10:00 - 22:00,10:00 - 22:00,10:00 - 22:00,no,no,no,50.000 -175.000,0.0,6.4,0.0,6.0,14
103,Gà Nướng Ò Ó O - Hàn Hải Nguyên,10.7583770000000,106.6437690000000,"313 Hàn Hải Nguyên, P. 2, Quận 11, TP. HCM","Quán ăn, ","Thịt Gà, Nấm, Xôi, Mì, Lẩu, Súp, Ăn vặt - Ăn nhẹ, Cơm, ","Món Việt, ",09:30 - 21:30,09:30 - 21:30,09:30 - 21:30,09:30 - 21:30,09:30 - 21:30,09:30 - 21:30,09:30 - 21:30,no,no,no,50.000 -175.000,7.5,0.0,6.3,6.9,4
103,Gà Nướng Ò Ó O - Nguyễn Văn Lượng,10.8386490000000,106.6738620000000,"208 Nguyễn Văn Lượng, P. 17, Quận Gò Vấp, TP. HCM","Quán ăn, ","Thịt Gà, ","Món Việt, ",09:30 - 21:30,09:30 - 21:30,09:30 - 21:30,09:30 - 21:30,09:30 - 21:30,09:30 - 21:30,09:30 - 21:30,no,no,no,50.000 -175.000,0.0,0.0,0.0,_._,0
103,Gà Nướng Ò Ó O - 351 Lê Văn Sỹ,10.7963340000000,106.6654670000000,"351 Lê Văn Sỹ, P. 2, Quận Tân Bình, TP. HCM","Quán ăn, ","Thịt Gà, Bánh mì, Nấm, Xôi, Hải sản, Món nước, Bánh bao, Mì, Lẩu, Súp, Salad, Bánh - Kẹo, Cơm, ","Món Việt, ",09:30 - 20:30,09:30 - 20:30,09:30 - 20:30,09:30 - 20:30,09:30 - 20:30,09:30 - 20:30,09:30 - 20:30,no,yes,yes,50.000 -175.000,0.0,7.0,6.3,6.7,4
103,Gà Nướng Ò Ó O - Nguyễn Tri Phương,10.7651990000000,106.6675550000000,"481 Nguyễn Tri Phương, P. 8, Quận 10, TP. HCM","Quán ăn, ","Thịt Gà, Bánh mì, Xôi, Bánh bao, Mì, Lẩu, Bánh - Kẹo, Salad, Cơm, Cá/bò viên, ","Món Việt, ",10:30 - 22:00,10:30 - 22:00,10:30 - 22:00,10:30 - 22:00,10:30 - 22:00,10:30 - 22:00,10:30 - 22:00,no,yes,yes,50.000 -175.000,0.0,0.0,6.0,4.9,2
103,,null,null,,,,,,,,,,,,yes,yes,yes,,0.0,0.0,0.0,,
104,Trà Sữa Hàn Quốc Bee Lattea - Trần Hưng Đạo,10.8466303000000,106.7746066000000,"22 Trần Hưng Đạo, P. Hiệp Phú, Tp. Thủ Đức, TP. HCM","Café/Dessert, ",,,10:00 - 22:00,10:00 - 22:00,10:00 - 22:00,10:00 - 22:00,10:00 - 22:00,10:00 - 22:00,10:00 - 22:00,no,no,no,25.000 -40.000,10.0,9.7,9.4,9.8,65
105,Trường An - Bánh Xèo Miền Tây - Đường Số 15,10.7897340000000,106.7576990000000,"23 Đường Số 15, P. Bình Trưng Tây, Tp. Thủ Đức, TP. HCM","Quán ăn, ","Bánh - Kẹo, Ăn vặt - Ăn nhẹ, Bánh xèo, ","Món Việt, ",10:00 - 16:00,10:00 - 16:00,10:00 - 16:00,10:00 - 16:00,10:00 - 16:00,10:00 - 16:00,10:00 - 16:00,no,no,no,20.000 -30.000,9.9,9.9,9.8,9.9,52
106,NGO STEAK - Đào Trinh Nhất,10.8631668000000,106.7603642000000,"02 Đào Trinh Nhất, P. Linh Tây, Tp. Thủ Đức, TP. HCM","Quán ăn, ","Thịt Bò, Món nước, Salad, Ăn vặt - Ăn nhẹ, Cơm, Fastfood - Thức ăn nhanh, ","Món Âu, Ý, ",16:00 - 21:30,08:00 - 21:30,08:00 - 21:30,08:00 - 21:30,08:00 - 21:30,08:00 - 21:30,08:00 - 21:30,no,yes,yes,48.000 -118.000,8.5,8.2,7.8,8.0,37
107,Nhà Hàng Chay Metta - Vegetarian,10.7975190000000,106.7413852000000,"6 Đường Số 19, P. An Phú, Tp. Thủ Đức, TP. HCM","Ăn chay, ","Bún, Chả giò, Món chay, ","Món Việt, ","09:30 - 15:00, 16:30 - 21:00","09:30 - 15:00, 16:30 - 21:00","09:30 - 15:00, 16:30 - 21:00","09:30 - 15:00, 16:30 - 21:00","09:30 - 15:00, 16:30 - 21:00","09:30 - 15:00, 16:30 - 21:00","09:30 - 15:00, 16:30 - 21:00",yes,no,no,20.000 -60.000,9.0,8.9,8.7,8.7,30
108,Bamboo Dimsum - Bitexco Tower,10.7717650000000,106.7045360000000,"Tầng 4, Bitexco Tower, 19 - 25 Nguyễn Huệ, P. Bến Nghé, Quận 1, TP. HCM","Quán ăn, ","Bún, Hủ tiếu, Mì, Bánh bao, Miến, Bánh - Kẹo, Dimsum, Ăn vặt - Ăn nhẹ, Cơm, Bánh tằm, ","Món Á, Món Trung Hoa, ",10:00 - 21:30,10:00 - 21:30,10:00 - 21:30,10:00 - 21:30,10:00 - 21:30,10:00 - 21:30,10:00 - 21:30,no,no,yes,15.000 -45.000,7.7,7.2,7.2,7.6,32
108,Bamboo Dimsum - Vincom Mega Mall Thảo Điền,10.8021270000000,106.7407250000000,"Tầng 5, Vincom Mega Mall Thảo Điền, 159 Xa Lộ Hà Nội, P. Thảo Điền, Tp. Thủ Đức, TP. HCM","Quán ăn, ","Bún, Mì, Bánh bao, Bánh - Kẹo, Dimsum, Ăn vặt - Ăn nhẹ, Cơm, ","Món Á, Món Trung Hoa, ",10:00 - 21:30,10:00 - 21:30,10:00 - 21:30,10:00 - 21:30,10:00 - 21:30,10:00 - 21:30,10:00 - 21:30,no,no,yes,15.000 -60.000,8.1,7.0,6.9,7.4,43
108,Bamboo Dimsum - Crescent Mall,10.7289950000000,106.7188330000000,"Tầng 5, Crescent Mall, 101 Tôn Dật Tiên, P. Tân Phú, Quận 7, TP. HCM","Quán ăn, ","Bún, Hủ tiếu, Mì, Bánh bao, Bánh - Kẹo, Dimsum, Ăn vặt - Ăn nhẹ, Cơm, Nem, Cá/bò viên, ","Món Á, Món Trung Hoa, ",10:00 - 22:00,10:00 - 22:00,10:00 - 22:00,10:00 - 22:00,10:00 - 22:00,10:00 - 22:00,10:00 - 22:00,no,no,yes,15.000 -60.000,7.1,6.7,6.7,6.9,38
108,Bamboo Dimsum - Aeon Mall Bình Tân,10.7425600000000,106.6114270000000,"Lô Sf9,Tầng 2 Aeon Mall Bình Tân, 1 Đường Số 17A, Bình Trị Đông, Quận Bình Tân, TP. HCM","Nhà hàng, ","Bún, Mì, Bánh bao, Bánh - Kẹo, Dimsum, Ăn vặt - Ăn nhẹ, Cơm, ","Món Á, Món Trung Hoa, ",10:00 - 22:00,10:00 - 22:00,10:00 - 22:00,10:00 - 22:00,10:00 - 22:00,09:00 - 22:00,09:00 - 22:00,no,no,yes,15.000 -60.000,9.1,6.4,6.4,6.9,"1,217"
108,Bamboo Dimsum - AEON Mall Tân Phú,10.8016840000000,106.6179220000000,"Tầng 2 Khu Food Court AEON Mall Tân Phú, 30 Bờ Bao Tân Thắng, P. Sơn Kỳ, Quận Tân Phú, TP. HCM","Quán ăn, ","Bánh bao, Bánh - Kẹo, Dimsum, Ăn vặt - Ăn nhẹ, Cơm, ","Món Á, Món Trung Hoa, ",10:00 - 22:00,10:00 - 22:00,10:00 - 22:00,10:00 - 22:00,10:00 - 22:00,09:00 - 22:00,09:00 - 22:00,no,no,yes,15.000 -60.000,6.6,6.3,6.7,6.6,15
108,Bamboo Dimsum - Vincom Thủ Đức,10.8505662000000,106.7653083000000,"Tầng 4 Khu Ẩm Thực Red Pot, Vincom Thủ Đức, 216 Võ Văn Ngân, P. Bình Thọ, Tp. Thủ Đức, TP. HCM","Nhà hàng, ","Dimsum, Thức uống, ","Món Á, ",,,,,,,,no,no,yes,15.000 -50.000,9.5,6.5,6.5,7.1,2
108,Bamboo Dimsum - Tôn Dật Tiên,10.7284200000000,106.7184000000000,"Tầng 5 Khu Foodcourt, Crescent Mall, 101 Tôn Dật Tiên, P. Tân Phú, Quận 7, TP. HCM","Quán ăn, ","Bún, Mì, Dimsum, Ăn vặt - Ăn nhẹ, Cơm, ","Món Á, Món Trung Hoa, ",10:00 - 22:00,10:00 - 22:00,10:00 - 22:00,10:00 - 22:00,10:00 - 22:00,10:00 - 22:00,10:00 - 22:00,no,no,yes,15.000 -60.000,10.0,0.0,0.0,6.0,1
108,Bamboo Dimsum - Đường D1,10.7379240000000,106.6966280000000,"Căn 20 Đường D1,Khu Dân Cư Him Lam, P. Tân Hưng, Quận 7, TP. HCM","Quán ăn, ","Bánh ướt, Xôi, Bánh bao, Bánh - Kẹo, Dimsum, Cơm văn phòng, Ăn vặt - Ăn nhẹ, Cơm, ","Món Á, Món Trung Hoa, ",10:00 - 22:00,10:00 - 22:00,10:00 - 22:00,10:00 - 22:00,10:00 - 22:00,10:00 - 22:00,10:00 - 22:00,no,no,yes,15.000 -60.000,10.0,0.0,0.0,6.0,1
109,Bún Bò Huế Hạnh - Lương Định Của,10.7875490000000,106.7342590000000,"76 Lương Định Của, P. An Khánh, Tp. Thủ Đức, TP. HCM","Quán ăn, ","Phở, Bò Kho, Bún, Thịt Bò, Hủ tiếu, Món nước, ","Món Việt, ","06:30 - 14:00, 16:00 - 22:00","06:30 - 14:00, 16:00 - 22:00","06:30 - 14:00, 16:00 - 22:00","06:30 - 14:00, 16:00 - 22:00","06:30 - 14:00, 16:00 - 22:00","06:30 - 14:00, 16:00 - 22:00","06:30 - 14:00, 16:00 - 22:00",no,no,no,30.000 -35.000,8.2,7.9,7.4,7.7,35
110,Aurora Bakery Studio,10.8387968000000,106.8346712000000,"S502 0315 Vinhome Grand Park, Nguyễn Xiển, P. Long Thạnh Mỹ, Tp. Thủ Đức, TP. HCM","Tiệm bánh, ","Bánh - Kẹo, ","Món Việt, ",,,,,,,,no,no,yes,40.000 -300.000,9.9,9.8,9.3,9.7,59
111,Gà rán và Mì Ý - Jollibee - Trần Hưng Đạo - HCM,10.7563500000000,106.6846280000000,"354 - 356 Trần Hưng Đạo, P. 2, Quận 5, TP. HCM","Nhà hàng, ","Thịt Gà, Tôm, Gà rán, Hamburger, Thịt Bò, Hải sản, Ăn vặt - Ăn nhẹ, Fastfood - Thức ăn nhanh, ","Món Á, Philippines, ",,,,,,,,yes,yes,yes,15.000 -44.000,6.9,6.4,6.8,6.9,144
111,Gà rán và Mì Ý - Jollibee - Coop Mart Xa Lộ Hà Nội,10.8482800000000,106.7745570000000,"Tầng Trệt Coop Mart, 191 Quang Trung, P. Hiệp Phú, Tp. Thủ Đức, TP. HCM","Nhà hàng, ","Thịt Gà, Tôm, Gà rán, Hamburger, Thịt Bò, Hải sản, Ăn vặt - Ăn nhẹ, Fastfood - Thức ăn nhanh, ","Món Á, Philippines, ",09:00 - 22:00,09:00 - 22:00,09:00 - 22:00,09:00 - 22:00,09:00 - 22:00,09:00 - 22:00,09:00 - 22:00,yes,no,yes,15.000 -50.000,6.9,6.4,6.6,6.8,48
111,Gà rán và Mì Ý - Jollibee - Pasteur,10.7815560000000,106.6948090000000,"194D Pasteur,  P. 6, Quận 3, TP. HCM","Nhà hàng, ","Thịt Gà, Tôm, Gà rán, Hamburger, Thịt Bò, Hải sản, Ăn vặt - Ăn nhẹ, Fastfood - Thức ăn nhanh, ","Món Á, Philippines, ",,,,,,,,yes,no,yes,15.000 -44.000,6.8,6.6,6.6,6.8,113
111,Gà rán và Mì Ý - Jollibee - Cộng Hòa,10.8006380000000,106.6589530000000,"Tầng Trệt, Vincom Maximark Cộng Hòa, 15 -17 Cộng Hòa, P. 4, Quận Tân Bình, TP. HCM","Nhà hàng, ","Thịt Gà, Tôm, Gà rán, Hamburger, Thịt Bò, Hải sản, Ăn vặt - Ăn nhẹ, Fastfood - Thức ăn nhanh, ","Món Á, Philippines, ",09:00 - 22:00,09:00 - 22:00,09:00 - 22:00,09:00 - 22:00,09:00 - 22:00,09:00 - 22:00,09:00 - 22:00,yes,no,yes,15.000 -44.000,6.8,6.6,7.0,7.0,63
111,Gà rán và Mì Ý - Jollibee - Hòa Hảo,10.7599500000000,106.6615590000000,"Tầng 3, Coopmart Lý Thường Kiệt, 497 Hòa Hảo, P. 7, Quận 10, TP. HCM","Nhà hàng, ","Thịt Gà, Tôm, Gà rán, Hamburger, Thịt Bò, Hải sản, Ăn vặt - Ăn nhẹ, Fastfood - Thức ăn nhanh, ","Món Á, Philippines, ",09:30 - 21:00,09:30 - 21:00,09:30 - 21:00,09:30 - 21:00,09:30 - 21:00,09:30 - 21:00,09:30 - 21:00,yes,yes,yes,15.000 -44.000,6.1,0.0,6.0,6.1,53
111,Gà rán và Mì Ý - Jollibee - Nguyễn Thị Minh Khai,10.7749550000000,106.6905580000000,"Saigon Star Hotel, 204 Nguyễn Thị Minh Khai, Quận 3, TP. HCM","Nhà hàng, ","Thịt Gà, Gà rán, Mì, Súp, Xúc xích, Fastfood - Thức ăn nhanh, ","Món Á, Philippines, ",07:00 - 22:00,07:00 - 22:00,07:00 - 22:00,07:00 - 22:00,07:00 - 22:00,07:00 - 22:00,07:00 - 22:00,yes,no,yes,20.000 -50.000,7.3,6.9,7.0,7.2,85
111,Gà rán và Mì Ý - Jollibee - Trường Chinh,10.7990710000000,106.6414710000000,"360 Trường Chinh, Quận Tân Bình, TP. HCM","Nhà hàng, ","Thịt Gà, Tôm, Gà rán, Hamburger, Thịt Bò, Hải sản, Ăn vặt - Ăn nhẹ, Fastfood - Thức ăn nhanh, ","Món Á, Philippines, ",,,,,,,,yes,no,yes,20.000 -120.000,7.2,7.3,7.1,7.2,40
111,Gà rán và Mì Ý - Jollibee - Phan Văn Trị,10.8271386000000,106.6892785000000,"Tầng 4, Vincom Gò Vấp, 12 Phan Văn Trị, Quận Gò Vấp, TP. HCM","Nhà hàng, ","Thịt Gà, Gà rán, Hamburger, Ăn vặt - Ăn nhẹ, Fastfood - Thức ăn nhanh, ","Món Á, Philippines, ",11:00 - 21:30,11:00 - 21:30,11:00 - 21:30,11:00 - 21:30,11:00 - 21:30,11:00 - 21:30,11:00 - 21:30,no,no,yes,3.000 -100.000,7.3,7.3,7.3,7.3,42
111,Gà rán và Mì Ý - Jollibee - Lê Văn Việt,10.8455952000000,106.7790360000000,"Vincom Plaza Lê Văn Việt, 50 Lê Văn Việt, P. Hiệp Phú, Tp. Thủ Đức, TP. HCM","Quán ăn, ","Thịt Gà, Gà rán, Hamburger, Thịt Bò, Ăn vặt - Ăn nhẹ, Nem, Fastfood - Thức ăn nhanh, ","Món Á, Philippines, ",11:00 - 22:00,11:00 - 22:00,11:00 - 22:00,11:00 - 22:00,11:00 - 22:00,11:00 - 22:00,11:00 - 22:00,yes,no,yes,20.000 -100.000,6.9,7.5,6.9,7.1,20
111,Gà rán và Mì Ý - Jollibee - BigC An Lạc,10.7307440000000,106.6034140000000,"BigC An Lạc, Quốc Lộ 1A, P. Bình Trị Đông, Quận Bình Tân, TP. HCM","Quán ăn, ","Thịt Gà, Gà rán, Hamburger, Cơm, Fastfood - Thức ăn nhanh, ","Món Á, ",09:00 - 21:00,09:00 - 21:00,09:00 - 21:00,09:00 - 21:00,09:00 - 21:00,09:00 - 21:00,09:00 - 21:00,no,no,yes,35.000 -200.000,6.2,6.2,6.4,6.4,11
111,Gà rán và Mì Ý - Jollibee - Âu Cơ,10.7852560000000,106.6421010000000,"650 Âu Cơ, P. 10, Quận Tân Bình, TP. HCM","Nhà hàng, ","Thịt Gà, Gà rán, Hamburger, Ăn vặt - Ăn nhẹ, Nem, Fastfood - Thức ăn nhanh, ","Món Á, Philippines, ",08:00 - 22:00,08:00 - 22:00,08:00 - 22:00,08:00 - 22:00,08:00 - 22:00,08:00 - 22:00,08:00 - 22:00,no,no,yes,40.000 -100.000,7.0,6.6,6.4,6.6,25
111,Gà rán và Mì Ý - Jollibee - Sư Vạn Hạnh,10.7705795000000,106.6699371000000,"Tầng Hầm 1 - B3 Vạn Hạnh Mall, 11 Sư Vạn Hạnh, P. 12, Quận 10, TP. HCM","Nhà hàng, ","Thịt Gà, Gà rán, Xúc xích, Fastfood - Thức ăn nhanh, ","Món Á, Philippines, ",09:00 - 22:00,09:00 - 22:00,09:00 - 22:00,09:00 - 22:00,09:00 - 22:00,09:00 - 22:00,09:00 - 22:00,yes,no,yes,40.000 -100.000,7.2,6.9,7.0,7.1,20
111,,null,null,,,,,,,,,,,,yes,yes,yes,,0.0,0.0,0.0,,
112,Pendolasco - Nhà Hàng Ý,10.8061920000000,106.7342920000000,"30 Tống Hữu Định, P. Thảo Điền, Tp. Thủ Đức, TP. HCM","Nhà hàng, ","Bò nướng, Thịt Bò, Hải sản, ","Món Âu, Ý, ",11:00 - 21:00,11:00 - 21:00,11:00 - 21:00,11:00 - 21:00,11:00 - 21:00,11:00 - 21:00,11:00 - 21:00,yes,yes,no,90.000 -450.000,7.7,7.7,7.7,7.6,33
113,Lão Trư - Sườn Nướng BBQ & Bia - CN Song Hành,10.7996066000000,106.7351233000000,"12 - 14 Song Hành, P. An Phú, Tp. Thủ Đức, TP. HCM","Nhà hàng, ","Thịt Gà, Cơm Chiên, Thịt Heo, Thịt Bò, Salad, Chả giò, Ăn vặt - Ăn nhẹ, Cơm, ","Món Việt, ",15:00 - 23:30,15:00 - 23:30,15:00 - 23:30,15:00 - 23:30,15:00 - 23:30,15:00 - 23:30,15:00 - 23:30,yes,yes,yes,25.000 -219.000,7.1,7.1,7.7,7.2,38
114,Trà Sữa HongKong Baley - Quang Trung,10.8362458000000,106.6597944000000,"658 Quang Trung, P. 11, Quận Gò Vấp, TP. HCM","Café/Dessert, ","Trà chanh, Sinh tố - Nước ép, Thức uống, Trà sữa, ",,,,,,,,,no,no,no,10.000 -60.000,7.0,7.0,8.0,7.4,1
114,Trà Sữa HongKong Baley - Nguyễn Văn Nghi,10.8263753000000,106.6817583000000,"348 Nguyễn Văn Nghi, P. 7, Quận Gò Vấp, TP. HCM","Café/Dessert, ","Trà chanh, Sinh tố - Nước ép, Thức uống, Trà sữa, Sữa, ",,10:00 - 23:59,10:00 - 23:59,10:00 - 23:59,10:00 - 23:59,10:00 - 23:59,10:00 - 23:59,10:00 - 23:59,no,no,no,30.000 -50.000,0.0,0.0,0.0,_._,0
114,Trà Sữa HongKong Baley - Phan Văn Trị,10.8353062000000,106.6649167000000,"1485 Phan Văn Trị, P. 10, Quận Gò Vấp, TP. HCM","Café/Dessert, ","Trà chanh, Sinh tố - Nước ép, Thức uống, Trà sữa, ",,10:00 - 22:00,10:00 - 22:00,10:00 - 22:00,10:00 - 22:00,10:00 - 22:00,10:00 - 22:00,10:00 - 22:00,no,no,no,30.000 -50.000,0.0,0.0,0.0,_._,0
114,Trà Sữa Hong Kong Baley - Nguyễn Ảnh Thủ,10.8585125000000,106.6091993000000,"150/1D Nguyễn Ảnh Thủ, X. Trung Chánh, Huyện Hóc Môn, TP. HCM","Café/Dessert, ","Trà chanh, Sinh tố - Nước ép, Thức uống, Trà sữa, ",,09:00 - 22:00,09:00 - 22:00,09:00 - 22:00,09:00 - 22:00,09:00 - 22:00,09:00 - 22:00,09:00 - 22:00,no,no,no,30.000 -50.000,0.0,0.0,0.0,_._,0
114,Trà Sữa HongKong Baley - Tân Sơn Nhì,10.7995780000000,106.6320999000000,"180 Tân Sơn Nhì, P. Tân Sơn Nhì, Quận Tân Phú, TP. HCM","Café/Dessert, ","Trà chanh, Sinh tố - Nước ép, Thức uống, Trà sữa, ",,09:00 - 22:30,09:00 - 22:30,09:00 - 22:30,09:00 - 22:30,09:00 - 22:30,09:00 - 22:30,09:00 - 22:30,no,no,no,30.000 -50.000,0.0,0.0,0.0,_._,0
114,Trà Sữa HongKong Baley - Xô Viết Nghệ Tĩnh,10.8122914000000,106.7154792000000,"670 Xô Viết Nghệ Tĩnh, P. 25, Quận Bình Thạnh, TP. HCM","Café/Dessert, ","Trà chanh, Sinh tố - Nước ép, Thức uống, Trà sữa, ",,09:00 - 22:00,09:00 - 22:00,09:00 - 22:00,09:00 - 22:00,09:00 - 22:00,09:00 - 22:00,09:00 - 22:00,no,no,no,30.000 -50.000,0.0,0.0,0.0,_._,0
114,Trà Sữa HongKong Baley - Lê Đức Thọ,10.8331219000000,106.6822097000000,"99 Lê Đức Thọ, P. 7, Quận Gò Vấp, TP. HCM","Café/Dessert, ","Trà chanh, Sinh tố - Nước ép, Thức uống, Trà sữa, ",,09:00 - 22:30,09:00 - 22:30,09:00 - 22:30,09:00 - 22:30,09:00 - 22:30,09:00 - 22:30,09:00 - 22:30,no,no,no,30.000 -50.000,0.0,0.0,0.0,_._,0
114,Trà Sữa HongKong Baley - Phan Huy Ích,10.8380331000000,106.6363770000000,"309 Phan Huy Ích, P. 14, Quận Gò Vấp, TP. HCM","Café/Dessert, ","Trà chanh, Sinh tố - Nước ép, Thức uống, Trà sữa, ",,,,,,,,,no,no,no,30.000 -50.000,8.5,8.5,7.0,8.1,2
114,Trà Sữa HongKong Baley - Tùng Thiện Vương,10.7450400000000,106.6567177000000,"398E Tùng Thiện Vương, P. 13, Quận 8, TP. HCM","Café/Dessert, ","Trà chanh, Sinh tố - Nước ép, Thức uống, Trà sữa, Sữa, ",,08:00 - 22:00,08:00 - 22:00,08:00 - 22:00,08:00 - 22:00,08:00 - 22:00,08:00 - 22:00,08:00 - 22:00,no,no,no,30.000 -50.000,0.0,0.0,0.0,_._,0
114,Trà Sữa HongKong Baley - Tô Hiến Thành,10.7816418000000,106.6703270000000,"101A Tô Hiến Thành, P.3, Quận 10, TP. HCM","Café/Dessert, ","Trà chanh, Sinh tố - Nước ép, Thức uống, Trà sữa, Sữa, ",,09:00 - 22:30,09:00 - 22:30,09:00 - 22:30,09:00 - 22:30,09:00 - 22:30,09:00 - 22:30,09:00 - 22:30,no,no,no,10.000 -60.000,0.0,0.0,0.0,_._,0
114,Trà Sữa HongKong Baley - Đồng Đen,10.7905567000000,106.6436485000000,"143B Đồng Đen, P. 11, Quận Tân Bình, TP. HCM","Quán ăn, ","Trà chanh, Sinh tố - Nước ép, Thức uống, Trà sữa, ",,09:00 - 22:30,09:00 - 22:30,09:00 - 22:30,09:00 - 22:30,09:00 - 22:30,09:00 - 22:30,09:00 - 22:30,no,no,no,10.000 -60.000,0.0,0.0,0.0,_._,0
114,Trà Sữa HongKong Baley - Phan Đình Phùng,10.7975772000000,106.6809475000000,"283 Phan Đình Phùng, P. 15, Quận Phú Nhuận, TP. HCM","Quán ăn, ","Trà chanh, Sinh tố - Nước ép, Thức uống, Trà sữa, ",,09:00 - 21:00,09:00 - 21:00,09:00 - 21:00,09:00 - 21:00,09:00 - 21:00,09:00 - 21:00,09:00 - 21:00,no,no,no,10.000 -60.000,0.0,0.0,0.0,_._,0
115,Lẩu Tươi MK - Vincom Mega Mall Thảo Điền,10.8021360000000,106.7407230000000,"Tầng 4, Vincom Mega Mall Thảo Điền, 159 Xa Lộ Hà Nội, P. Thảo Điền, Tp. Thủ Đức, TP. HCM","Nhà hàng, ","Lẩu, ","Món Á, Món Thái, ",09:00 - 21:00,09:00 - 21:00,09:00 - 21:00,09:00 - 21:00,09:00 - 21:00,09:00 - 21:00,09:00 - 21:00,no,no,no,100.000 -500.000,8.1,7.4,7.6,7.6,23
116,Trà Sữa - Sushi - Thức Ăn Nhanh Sunway,10.8603760000000,106.7224950000000,"27 Đường Số 17, P. Hiệp Bình Phước, Tp. Thủ Đức, TP. HCM","Ăn vặt/vỉa hè, Café/Dessert, ","Trà, Trà chanh, Sinh tố - Nước ép, Ăn vặt - Ăn nhẹ, Thức uống, Trà sữa, Fastfood - Thức ăn nhanh, ","Món Việt, ",08:00 - 22:00,08:00 - 22:00,08:00 - 22:00,08:00 - 22:00,08:00 - 22:00,08:00 - 22:00,08:00 - 22:00,yes,no,yes,10.000 -90.000,7.9,7.6,8.0,7.6,28
117,AKA House - Buffet Nướng & Lẩu Nhật Bản - Sense City Phạm Văn Đồng,10.8278400000000,106.7212920000000,"Tầng 3 Sense City Phạm Văn Đồng, 240 - 242 Kha Vạn Cân, P. Hiệp Bình Chánh, Tp. Thủ Đức, TP. HCM","Nhà hàng, ","Sushi & Sashimi, ","Món Á, Món Nhật, ",11:00 - 21:00,11:00 - 21:00,11:00 - 21:00,11:00 - 21:00,11:00 - 21:00,11:00 - 16:00,11:00 - 16:00,no,yes,yes,100.000 -300.000,6.4,6.3,6.9,6.6,49
118,Ăn Vặt Sài Thành - Kha Vạn Cân,10.8472469000000,106.7529270000000,"792/26 Kha Vạn Cân, Tp. Thủ Đức, TP. HCM","Ăn vặt/vỉa hè, ","Thịt Gà, Bánh tráng, Cơm Chiên, Bún, Mì, Home-made, Ăn vặt - Ăn nhẹ, Cơm, Nem, Thức uống, ","Món Việt, ","00:01 - 01:00, 00:01 - 01:00","00:01 - 01:00, 13:00 - 22:00","00:01 - 01:00, 13:00 - 22:00","00:01 - 01:00, 13:00 - 22:00","00:01 - 01:00, 13:00 - 22:00","00:01 - 01:00, 13:00 - 22:00","00:01 - 01:00, 13:00 - 23:59",yes,yes,yes,10.000 -30.000,7.5,7.4,6.5,7.1,51
119,Bánh Mì Ômi - Tam Bình,10.8493951000000,106.7297536000000,"46 Đ. Tam Bình, P. Hiệp Bình Chánh, Tp. Thủ Đức, TP. HCM","Quán ăn, ","Bánh mì, Bánh - Kẹo, ",,07:00 - 22:00,07:00 - 22:00,07:00 - 22:00,07:00 - 22:00,07:00 - 22:00,07:00 - 22:00,07:00 - 22:00,no,no,no,,9.7,9.7,9.7,9.7,54
120,Sepia - Nhà Hàng Hải Sản,10.8434920000000,106.7693540000000,"1 Khổng Tử, P. Bình Thọ, Tp. Thủ Đức, TP. HCM","Nhà hàng, ","Hải sản, ","Món Việt, ",09:00 - 23:00,09:00 - 23:00,09:00 - 23:00,09:00 - 23:00,09:00 - 23:00,09:00 - 23:00,09:00 - 23:00,no,no,yes,35.000 -650.000,8.2,7.6,7.9,7.9,31
121,Mì Trộn Bé Hai,10.8300136000000,106.7205038000000,"28/2/7 Đường Số 45 Khu Phố 2, P. Hiệp Bình Chánh, Tp. Thủ Đức, TP. HCM","Quán ăn, ","Bún, ",,09:00 - 22:00,09:00 - 22:00,09:00 - 22:00,09:00 - 22:00,09:00 - 22:00,09:00 - 22:00,09:00 - 22:00,no,no,no,,10.0,10.0,10.0,10.0,52
122,Kem Pinocchio - Hữu Nghị,10.8473550000000,106.7704000000000,"21 Hữu Nghị, P. Bình Thọ, Tp. Thủ Đức, TP. HCM","Café/Dessert, ","Trà, Café - Kem, Sinh tố - Nước ép, Thức uống, Nước ngọt, Trà sữa, Sữa, ","Món Việt, ",09:00 - 22:00,09:00 - 22:00,09:00 - 22:00,09:00 - 22:00,09:00 - 22:00,09:00 - 22:00,09:00 - 22:00,no,no,yes,15.000 -61.000,7.6,7.0,6.9,7.3,35
123,Rehab Station - Bia Thủ Công & Xúc Xích,10.8047021000000,106.7294376000000,"13 Thái Ly, P. Thảo Điền, Tp. Thủ Đức, TP. HCM","Bar/Pub, ","Thịt Gà, Bò nướng, Beefsteak - Bò né, Thịt Bò, Thịt Heo, Ăn vặt - Ăn nhẹ, Rượu vang, Thức uống, Bia, Cocktail, ","Món Việt, Quốc tế, ",,,,,,,,yes,no,yes,28.000 -650.000,8.9,8.5,8.5,8.4,14
124,Đông Du - Trà Sữa & Cà Phê,10.8540533000000,106.7703252000000,"232 Hoàng Diệu 2, P. Linh Chiểu, Tp. Thủ Đức, TP. HCM","Café/Dessert, ","Trà, Trà chanh, Sinh tố - Nước ép, Thức uống, Trà sữa, Sữa, ","Món Việt, ",08:00 - 22:00,08:00 - 22:00,08:00 - 22:00,08:00 - 22:00,08:00 - 22:00,08:00 - 22:00,08:00 - 22:00,yes,no,yes,29.000 -49.000,7.6,7.4,7.9,7.6,37
124,"Đông Du - Lẩu, Cơm, Mì, Ăn Vặt & Trà Trái Cây",10.8540640000000,106.7702910000000,"232A Hoàng Diệu 2, P. Linh Chiểu, Tp. Thủ Đức, TP. HCM","Quán ăn, ","Bánh tráng, Mì, Món nước, Lẩu, Bánh - Kẹo, Ăn vặt - Ăn nhẹ, Cơm, ","Món Á, Món Hàn, ",08:00 - 22:00,08:00 - 22:00,08:00 - 22:00,08:00 - 22:00,08:00 - 22:00,08:00 - 22:00,08:00 - 22:00,no,no,no,19.000 -139.000,0.0,0.0,0.0,5.5,2
125,The Alley - Trà Sữa Đài Loan - Nguyễn Huệ,10.7747040000000,106.7034310000000,"68 Nguyễn Huệ, P. Bến Nghé, Quận 1, TP. HCM","Café/Dessert, ","Trà, Sinh tố - Nước ép, Thức uống, Trà sữa, Sữa, ","Món Á, Đài Loan, ",08:00 - 22:00,08:00 - 22:00,08:00 - 22:00,08:00 - 22:00,08:00 - 22:00,08:00 - 22:00,08:00 - 22:00,yes,no,yes,30.000 -70.000,7.4,7.1,6.6,6.9,201
125,The Alley - Trà Sữa Đài Loan - Hồ Tùng Mậu,10.7731490000000,106.7033590000000,"114 Hồ Tùng Mậu, Quận 1, TP. HCM","Café/Dessert, ","Thức uống, Trà sữa, Sữa, ","Món Á, Đài Loan, ",,,,,,,,yes,no,yes,30.000 -70.000,6.9,6.7,6.5,6.7,307
125,The Alley - Trà Sữa Đài Loan - Nguyễn Thị Minh Khai,10.7744000000000,106.6898720000000,"232 Nguyễn Thị Minh Khai, P. 6, Quận 3, TP. HCM","Café/Dessert, ","Trà, Thức uống, Trà sữa, Sữa, ","Món Á, Đài Loan, ",09:15 - 22:00,09:15 - 22:00,09:15 - 22:00,09:15 - 22:00,09:15 - 22:00,09:15 - 22:00,09:15 - 22:00,no,no,yes,41.000 -69.000,7.4,7.3,7.2,7.3,194
125,The Alley - Trà Sữa Đài Loan - Nguyễn Văn Cừ,10.7583235000000,106.6842671000000,"151 Nguyễn Văn Cừ, P. 2, Quận 5, TP. HCM","Café/Dessert, ","Trà, Thức uống, Trà sữa, Sữa, ","Món Á, Đài Loan, ",09:00 - 22:00,09:00 - 22:00,09:00 - 22:00,09:00 - 22:00,09:00 - 22:00,09:00 - 22:00,09:00 - 22:00,yes,no,yes,30.000 -70.000,6.1,0.0,6.1,6.1,73
125,The Alley - Trà Sữa Đài Loan - Lê Văn Sỹ,10.7875350000000,106.6785470000000,"299 Lê Văn Sỹ, P. 13, Quận 3, TP. HCM","Café/Dessert, ","Trà, Sinh tố - Nước ép, Thức uống, Trà sữa, Sữa, ","Món Việt, ",09:00 - 22:30,09:00 - 22:30,09:00 - 22:30,09:00 - 22:30,09:00 - 22:30,09:00 - 22:30,09:00 - 22:30,no,no,yes,30.000 -70.000,7.2,6.7,7.2,6.8,63
125,The Alley - Trà Sữa Đài Loan - Quang Trung,10.8274140000000,106.6777290000000,"56 Quang Trung, P. 10, Quận Gò Vấp, TP. HCM","Café/Dessert, ","Trà, Sinh tố - Nước ép, Thức uống, Trà sữa, Sữa, ","Món Việt, ",09:00 - 22:00,09:00 - 22:00,09:00 - 22:00,09:00 - 22:00,09:00 - 22:00,09:00 - 22:00,09:00 - 22:00,yes,no,yes,30.000 -70.000,7.2,7.0,7.1,6.9,66
125,The Alley - Trà Sữa Đài Loan - Nguyễn Thị Thập,10.7397890000000,106.7046390000000,"510 Nguyễn Thị Thập, P. Tân Phong, Quận 7, TP. HCM","Café/Dessert, ","Trà, Thức uống, Trà sữa, Sữa, ","Món Việt, ",09:00 - 22:00,09:00 - 22:00,09:00 - 22:00,09:00 - 22:00,09:00 - 22:00,09:00 - 22:00,09:00 - 22:00,no,no,yes,30.000 -70.000,6.7,6.5,7.4,6.8,36
125,The Alley - Trà Sữa Đài Loan - Võ Văn Ngân,10.8504180000000,106.7617350000000,"156 Võ Văn Ngân, P. Bình Thọ, Tp. Thủ Đức, TP. HCM","Café/Dessert, ","Trà, Thức uống, Trà sữa, Sữa, ","Món Á, Đài Loan, ",09:00 - 22:00,09:00 - 22:00,09:00 - 22:00,09:00 - 22:00,09:00 - 22:00,09:00 - 22:00,09:00 - 22:00,no,no,yes,30.000 -70.000,7.7,8.0,7.9,7.7,42
125,The Alley - Trà Sữa Đài Loan - Trường Chinh,10.7986178000000,106.6429608000000,"320 Trường Chinh, P. 13, Quận Tân Bình, TP. HCM","Café/Dessert, ","Trà, Thức uống, Trà sữa, Sữa, ","Món Á, Đài Loan, ",,,,,,,,no,no,yes,40.000 -70.000,7.7,7.3,7.9,7.4,44
125,The Alley - Trà Sữa Đài Loan - Mai Chí Thọ,10.7814530000000,106.7367310000000,"Tầng Trệt Bali Mall, 17 Mai Chí Thọ, P. Bình Khánh, Tp. Thủ Đức, TP. HCM","Café/Dessert, ","Trà, Sinh tố - Nước ép, Thức uống, Trà sữa, Sữa, ","Món Á, Đài Loan, ",09:00 - 10:30,09:00 - 10:30,09:00 - 10:30,09:00 - 10:30,09:00 - 10:30,09:00 - 10:30,09:00 - 10:30,no,no,yes,30.000 -88.000,7.6,7.8,7.6,7.5,11
125,The Alley - Trà Sữa Đài Loan - 152 Trần Hưng Đạo,10.7530307000000,106.6674557000000,"152 Trần Hưng Đạo, P. 7, Quận 5, TP. HCM","Café/Dessert, ","Trà, Sinh tố - Nước ép, Thức uống, Trà sữa, Sữa, ","Món Á, Đài Loan, ",09:00 - 22:00,09:00 - 22:00,09:00 - 22:00,09:00 - 22:00,09:00 - 22:00,09:00 - 22:00,09:00 - 22:00,no,no,yes,50.000 -88.000,7.8,7.8,8.3,7.7,16
125,The Alley - Trà Sữa Đài Loan - Nguyễn Gia Trí,10.8037770000000,106.7158190000000,"91 Nguyễn Gia Trí (Đường D2), P. 25, Quận Bình Thạnh, TP. HCM","Café/Dessert, ","Trà, Sinh tố - Nước ép, Thức uống, Trà sữa, Sữa, ","Món Á, Đài Loan, ",,,,,,,,no,no,yes,30.000 -70.000,6.5,6.2,6.6,6.4,41
126,Ba Long - Ẩm Thực Ba MIền,10.8446860000000,106.7693960000000,"26 Thống Nhất, P. Bình Thọ, Tp. Thủ Đức, TP. HCM","Nhà hàng, ","Thịt Gà, Thịt Bò, Hải sản, Cơm văn phòng, Thức uống, Bia, Nước ngọt, ","Món Việt, Món Á, Bắc Âu, ",,,,,,,,no,yes,yes,50.000 -385.000,7.1,7.5,7.2,7.2,20
127,Gà Hàn Thuyên,10.8465210000000,106.7695620000000,"6 Hàn Thuyên, P. Bình Thọ, Tp. Thủ Đức, TP. HCM","Quán ăn, ","Thịt Gà, Xôi, Lẩu, ","Món Việt, ",06:00 - 23:00,06:00 - 23:00,06:00 - 23:00,06:00 - 23:00,06:00 - 23:00,06:00 - 23:00,06:00 - 23:00,no,no,no,20.000 -90.000,8.8,8.8,8.8,8.7,28
128,Quỳnh - Bún Đậu Mắm Tôm,10.8480536000000,106.7595986000000,"225 Đặng Văn Bi, P. Trường Thọ, Tp. Thủ Đức, TP. HCM","Quán ăn, ","Bún, Đặc sản vùng, ","Món Bắc, ",10:00 - 22:00,10:00 - 22:00,10:00 - 22:00,10:00 - 22:00,10:00 - 22:00,10:00 - 22:00,10:00 - 22:00,no,no,yes,22.000 -110.000,7.9,7.2,7.5,7.6,37
129,Pendolasco Thảo Điền - Delivery,10.8062756000000,106.7343380000000,"30 Tống Hữu Định, P. Thảo Điền, Tp. Thủ Đức, TP. HCM","Shop Online, ","Pizza & Pasta, Salad, Xúc xích, Fastfood - Thức ăn nhanh, ","Món Âu, Ý, ",11:00 - 22:00,11:00 - 22:00,11:00 - 22:00,11:00 - 22:00,11:00 - 22:00,11:00 - 22:00,11:00 - 22:00,yes,yes,yes,150.000 -330.000,7.3,7.4,7.5,7.5,18
129,Pendogo - Pendolasco,10.8065620000000,106.7345360000000,"30 Tống Hữu Định, P. Thảo Điền, Tp. Thủ Đức, TP. HCM","Quán ăn, ","Món nước, Pizza & Pasta, Ăn vặt - Ăn nhẹ, Fastfood - Thức ăn nhanh, ","Món Âu, Ý, ",11:00 - 22:00,11:00 - 22:00,11:00 - 22:00,11:00 - 22:00,11:00 - 22:00,11:00 - 22:00,11:00 - 22:00,yes,no,no,25.000 -400.000,0.0,0.0,0.0,_._,0
130,Cơm Niêu Phương Bắc,10.8569948000000,106.7650391000000,"87 Hoàng Diệu 2, P. Linh Trung, Tp. Thủ Đức, TP. HCM","Quán ăn, ","Cơm Niêu, Cơm, ","Món Việt, ","10:30 - 13:30, 17:00 - 20:15","10:30 - 13:30, 17:00 - 20:15","10:30 - 13:30, 17:00 - 20:15","10:30 - 13:30, 17:00 - 20:15","10:30 - 13:30, 17:00 - 20:15","10:30 - 13:30, 17:00 - 20:15","10:30 - 13:30, 17:00 - 20:15",no,no,yes,25.000 -80.000,8.4,8.6,8.3,8.5,36
131,Bún Bò Huế Xưa - Cao Thắng,10.7741206000000,106.6775032000000,"169 Cao Thắng, Quận 10, TP. HCM","Quán ăn, ","Bún, ","Món Việt, ",00:01 - 23:59,00:01 - 23:59,00:01 - 23:59,00:01 - 23:59,00:01 - 23:59,00:01 - 23:59,00:01 - 23:59,no,no,no,15.000 -35.000,6.6,6.3,6.6,6.7,254
131,Bún Bò Huế Xưa - Phạm Văn Đồng,10.8201560000000,106.6915540000000,"309 Phạm Văn Đồng, P. 1, Quận Gò Vấp, TP. HCM","Quán ăn, ","Thịt Bò, Bún, Món nước, ","Món Việt, ",06:45 - 22:40,06:45 - 22:40,06:45 - 22:40,06:45 - 22:40,06:45 - 22:40,06:45 - 22:40,06:45 - 22:40,no,no,no,15.000 -35.000,7.5,7.5,7.5,7.5,158
131,Bún Bò Huế Xưa - Vạn Kiếp,10.7991970000000,106.6935310000000,"163 Vạn Kiếp, P. 3, Quận Bình Thạnh, TP. HCM","Quán ăn, ","Bún, Món nước, ","Món Việt, ",06:45 - 22:40,06:45 - 22:40,06:45 - 22:40,06:45 - 22:40,06:45 - 22:40,06:45 - 22:40,06:45 - 22:40,no,no,no,15.000 -35.000,7.3,7.1,7.4,7.3,169
131,Bún Bò Huế Xưa - Bảy Hiền,10.7884840000000,106.6510630000000,"15 Bảy Hiền, P. 11, Quận Tân Bình, TP. HCM","Quán ăn, ","Thịt Bò, Bún, Món nước, ","Món Việt, ",,,,,,,,no,no,no,30.000 -35.000,7.1,7.0,7.1,7.1,91
131,Bún Bò Huế Xưa - Lê Thị Riêng,10.7707280000000,106.6896530000000,"148Bis Lê Thị Riêng, P. Bến Thành, Quận 1, TP. HCM","Quán ăn, ","Đậu hũ, Bún, Thịt Bò, Món nước, ","Món Việt, ",00:01 - 23:59,00:01 - 23:59,00:01 - 23:59,00:01 - 23:59,00:01 - 23:59,00:01 - 23:59,00:01 - 23:59,no,no,yes,15.000 -35.000,7.6,7.4,7.1,7.4,83
131,Bún Bò Huế Xưa - Vinhomes Tân Cảng,10.7964900000000,106.7229460000000,"722 Điện Biên Phủ, P. 22, Quận Bình Thạnh, TP. HCM","Quán ăn, ","Thịt Bò, Bún, Món nước, ","Món Việt, ",06:45 - 22:40,06:45 - 22:40,06:45 - 22:40,06:45 - 22:40,06:45 - 22:40,06:45 - 22:40,06:45 - 22:40,no,no,yes,15.000 -35.000,7.8,7.6,7.4,7.6,82
131,Bún Bò Huế Xưa - Quốc Lộ 13,10.8439060000000,106.7180830000000,"398A Quốc Lộ 13, P. Hiệp Bình Phước, Tp. Thủ Đức, TP. HCM","Quán ăn, ","Thịt Bò, Bún, ","Món Việt, ",06:45 - 22:40,06:45 - 22:40,06:45 - 22:40,06:45 - 22:40,06:45 - 22:40,06:45 - 22:40,06:45 - 22:40,no,no,no,15.000 -35.000,7.5,7.1,6.9,7.1,58
131,Bún Bò Huế Xưa - Bùi Hữu Nghĩa,10.7949200000000,106.6979810000000,"64 Bùi Hữu Nghĩa, P. 2, Quận Bình Thạnh, TP. HCM","Quán ăn, ","Thịt Bò, Món nước, ","Món Việt, ",,,,,,,,yes,no,yes,15.000 -35.000,0.0,0.0,0.0,4.0,2
131,Bún Bò Huế Xưa - Quốc Lộ 1K,10.8828270000000,106.7703380000000,"216 Quốc Lộ 1K, P. Linh Xuân, Tp. Thủ Đức, TP. HCM","Quán ăn, ","Thịt Bò, Bún, Món nước, ","Món Việt, ",06:45 - 22:40,06:45 - 22:40,06:45 - 22:40,06:45 - 22:40,06:45 - 22:40,06:45 - 22:40,06:45 - 22:40,yes,no,yes,15.000 -35.000,0.0,0.0,0.0,_._,0
131,Bún Bò Huế Xưa - Đường Số 8,10.8822910000000,106.7701740000000,"1 Đường Số 8, P. Linh Xuân, Tp. Thủ Đức, TP. HCM","Quán ăn, ","Bún, Món nước, ","Món Huế, Món Miền Trung, ",,,,,,,,no,no,no,33.000 -120.000,8.0,9.0,9.0,7.8,1
131,Bún Bò Huế Xưa - Bình Phú,10.7463383000000,106.6311484000000,"229 Bình Phú, P. 11, Quận 6, TP. HCM","Quán ăn, ","Thịt Bò, Bún, ","Món Việt, ",06:00 - 23:00,06:00 - 23:00,06:00 - 23:00,06:00 - 23:00,06:00 - 23:00,06:00 - 23:00,06:00 - 23:00,no,no,yes,15.000 -50.000,0.0,0.0,0.0,5.0,3
131,Bún Bò Huế Xưa - Dương Bá Trạc,10.7436427000000,106.6888729000000,"290B7 Dương Bá Trạc, P. 1, Quận 8, TP. HCM","Quán ăn, ","Phở, Bún, Thịt Bò, ",,06:00 - 23:00,06:00 - 23:00,06:00 - 23:00,06:00 - 23:00,06:00 - 23:00,06:00 - 23:00,06:00 - 23:00,no,no,no,15.000 -30.000,0.0,0.0,0.0,2.4,1
132,La Fenetre Soleil - Cửa Sổ Mặt Trời,10.8065270000000,106.7340550000000,"31 Tống Hữu Định, P. Thảo Điền, Tp. Thủ Đức, TP. HCM","Nhà hàng, ","Hamburger, Thịt Bò, Café - Kem, Sinh tố - Nước ép, Thịt Cừu, Xúc xích, Fastfood - Thức ăn nhanh, ",,,,,,,,,no,no,yes,40.000 -110.000,6.5,6.3,8.4,7.0,17
133,Burger King - Thảo Điền,10.8040917000000,106.7374959000000,"20 Thảo Điền, P. Thảo Điền, Tp. Thủ Đức, TP. HCM","Nhà hàng, ","Thịt Gà, Gà rán, Hamburger, Thịt Bò, Ăn vặt - Ăn nhẹ, Cơm, Fastfood - Thức ăn nhanh, ","Món Việt, Mỹ, Châu Mỹ, ",09:00 - 23:00,09:00 - 23:00,09:00 - 23:00,09:00 - 23:00,09:00 - 23:00,09:00 - 23:00,09:00 - 23:00,no,no,yes,50.000 -100.000,0.0,0.0,6.4,5.9,23
134,The S Cafe,10.8346377000000,106.7292455000000,"1060 Phạm Văn Đồng, Tp. Thủ Đức, TP. HCM","Café/Dessert, ","Trà, Café - Kem, Sinh tố - Nước ép, Thức uống, Nước ngọt, Trà sữa, ","Món Việt, ",07:00 - 22:00,07:00 - 22:00,07:00 - 22:00,07:00 - 22:00,07:00 - 22:00,07:00 - 22:00,07:00 - 22:00,no,no,yes,15.000 -500.000,7.4,8.0,8.4,7.5,29
135,Thùng Phi Nướng,10.8317464105686,106.7265021800995,"368B Phạm Văn Đồng, P. Hiệp Bình Chánh, Tp. Thủ Đức, TP. HCM","Quán ăn, ",,"Món Việt, ",11:00 - 23:59,11:00 - 23:59,11:00 - 23:59,11:00 - 23:59,11:00 - 23:59,11:00 - 23:59,11:00 - 23:59,no,no,yes,30.000 -200.000,7.7,7.7,7.7,7.8,26
136,"Ốc 252 - Lẩu, Đồ Nướng & Ăn Vặt",10.7877605000000,106.7651578000000,"254 Nguyễn Duy Trinh, P. Bình Trưng Tây, Tp. Thủ Đức, TP. HCM","Quán ăn, ","Hải sản, Lẩu, Nghêu - Sò - Ốc, ",,"00:01 - 01:00, 15:00 - 23:59","00:01 - 01:00, 15:00 - 23:59","00:01 - 01:00, 15:00 - 23:59","00:01 - 01:00, 15:00 - 23:59","00:01 - 01:00, 15:00 - 23:59","00:01 - 01:00, 15:00 - 23:59","00:01 - 01:00, 15:00 - 23:59",no,no,no,,10.0,10.0,10.0,10.0,53
137,Trà Sữa Bobapop - Trần Hưng Đạo Quận 1,10.7699110000000,106.6974470000000,"7 Trần Hưng Đạo, P. Nguyễn Thái Bình, Quận 1, TP. HCM","Café/Dessert, ","Trà, Café - Kem, Thức uống, Trà sữa, ","Món Á, Đài Loan, ",,,,,,,,no,no,yes,23.000 -48.000,6.7,6.2,0.0,6.6,113
137,Trà Sữa Bobapop - AEON Mall Tân Phú,10.8010960000000,106.6176870000000,"Tầng 2, AEON Mall Tân Phú, 30 Bờ Bao Tân Thắng, P. Sơn Kỳ, Quận Tân Phú, TP. HCM","Café/Dessert, ","Thức uống, Trà sữa, ","Món Á, Đài Loan, ",09:00 - 21:00,09:00 - 21:00,09:00 - 21:00,09:00 - 21:00,09:00 - 21:00,09:00 - 21:00,09:00 - 21:00,no,no,yes,23.000 -48.000,6.9,6.2,0.0,6.5,98
137,Trà Sữa Bobapop - AEON Mall Bình Tân,10.7425890000000,106.6114580000000,"Aeon Mall Bình Tân, 1 Đường Số 17A, P. Bình Trị Đông, Quận Bình Tân, TP. HCM","Café/Dessert, ","Café - Kem, Thức uống, Trà sữa, ","Món Á, Đài Loan, ",09:00 - 21:00,09:00 - 21:00,09:00 - 21:00,09:00 - 21:00,09:00 - 21:00,09:00 - 21:00,09:00 - 21:00,no,no,yes,23.000 -48.000,6.9,6.5,6.9,6.9,92
137,Trà Sữa Bobapop - Hoàng Văn Thụ,10.7958260000000,106.6564670000000,"523 Hoàng Văn Thụ, P. 4, Quận Tân Bình, TP. HCM","Café/Dessert, ","Trà, Thức uống, Trà sữa, ","Món Á, Đài Loan, ",10:00 - 21:00,10:00 - 21:00,10:00 - 21:00,10:00 - 21:00,10:00 - 21:00,10:00 - 21:00,10:00 - 21:00,yes,no,yes,30.000 -50.000,7.8,7.5,7.1,7.7,59
137,Trà Sữa Bobapop - Làng Đại Học,10.8747400000000,106.7993830000000,"Làng Đại Học, Phường Linh Trung, Tp. Thủ Đức, TP. HCM","Café/Dessert, ","Thức uống, Trà sữa, ","Món Việt, ",09:00 - 21:00,09:00 - 21:00,09:00 - 21:00,09:00 - 21:00,09:00 - 21:00,09:00 - 21:00,09:00 - 21:00,yes,no,no,19.000 -50.000,6.6,6.4,0.0,6.7,20
137,Trà Sữa Bobapop - Huỳnh Thúc Kháng,10.7730680000000,106.7026680000000,"24 Huỳnh Thúc Kháng, P. Bến Nghé, Quận 1, TP. HCM","Café/Dessert, ","Trà, Thức uống, Trà sữa, ","Món Á, Đài Loan, ",09:00 - 21:00,09:00 - 21:00,09:00 - 21:00,09:00 - 21:00,09:00 - 21:00,09:00 - 21:00,09:00 - 21:00,no,no,yes,22.000 -50.000,7.3,7.0,7.1,7.4,41
137,Trà Sữa Bobapop - Quốc Hương,10.8052330000000,106.7313570000000,"49M Quốc Hương, P. Thảo Điền, Tp. Thủ Đức, TP. HCM","Café/Dessert, ","Trà, Thức uống, Trà sữa, ","Món Á, Đài Loan, ",09:00 - 21:00,09:00 - 21:00,09:00 - 21:00,09:00 - 21:00,09:00 - 21:00,09:00 - 21:00,09:00 - 21:00,no,no,yes,23.000 -48.000,6.5,0.0,0.0,6.1,46
137,Trà Sữa Bobapop - Đại Học Nông Lâm,10.8692420000000,106.7880720000000,"8 - 9 Đại Học Nông Lâm, KP. 6, P. Linh Trung, Tp. Thủ Đức, TP. HCM","Café/Dessert, ","Thức uống, Trà sữa, ","Món Á, Đài Loan, ",09:00 - 21:00,09:00 - 21:00,09:00 - 21:00,09:00 - 21:00,09:00 - 21:00,09:00 - 21:00,09:00 - 21:00,yes,no,yes,33.000 -60.000,8.0,8.4,8.5,8.0,18
137,Trà Sữa Bobapop - Nguyễn Ảnh Thủ,10.8603400000000,106.6104220000000,"130/5 Nguyễn Ảnh Thủ, Ấp Trung Chánh 1, Xã Trung Chánh, Huyện Hóc Môn, TP. HCM","Café/Dessert, ","Thức uống, Trà sữa, ","Món Á, Đài Loan, ",09:00 - 21:00,09:00 - 21:00,09:00 - 21:00,09:00 - 21:00,09:00 - 21:00,09:00 - 21:00,09:00 - 21:00,yes,no,yes,30.000 -60.000,6.8,6.6,7.3,7.1,38
137,Trà Sữa Bobapop - Ung Văn Khiêm,10.8096667000000,106.7144320000000,"31/35 Ung Văn Khiêm, P. 25, Quận Bình Thạnh, TP. HCM","Café/Dessert, ","Trà chanh, Sinh tố - Nước ép, Thức uống, Trà sữa, Sữa, ",,,,,,,,,no,no,no,,0.0,0.0,0.0,_._,0
137,Trà Sữa Bobapop - 219 Đường Số 1,10.7485714000000,106.6156846000000,"219 Đường Số 1, P. Bình Trị Đông B, Quận Bình Tân, TP. HCM","Café/Dessert, ","Trà chanh, Sinh tố - Nước ép, Thức uống, Trà sữa, Sữa, ",,Đang cập nhật,Đang cập nhật,Đang cập nhật,Đang cập nhật,Đang cập nhật,Đang cập nhật,Đang cập nhật,no,no,no,,0.0,0.0,0.0,_._,0
137,Bobapop - Bình Chánh,10.7359770000000,106.6741470000000,"7 Đường Số 5, X. Bình Hưng, Huyện Bình Chánh, TP. HCM","Café/Dessert, ","Trà chanh, Sinh tố - Nước ép, Thức uống, Trà sữa, Sữa, ",,09:00 - 22:00,09:00 - 22:00,09:00 - 22:00,09:00 - 22:00,09:00 - 22:00,09:00 - 22:00,09:00 - 22:00,no,no,no,,0.0,0.0,0.0,_._,0
138,YinYin Coffee,10.8304420000000,106.7685390000000,"123/2B Đỗ Xuân Hợp, P. Phước Long B, Tp. Thủ Đức, TP. HCM","Quán ăn, ","Bánh mì, Bánh - Kẹo, Bánh tằm, ",,06:00 - 22:00,06:00 - 22:00,06:00 - 22:00,06:00 - 22:00,06:00 - 22:00,06:00 - 22:00,06:00 - 22:00,no,no,no,30.000 -50.000,10.0,10.0,9.9,10.0,52
139,Gà Rán & Burger McDonald's Đa Kao,10.7922090000000,106.6990100000000,"2 - 6 Bis Điện Biên Phủ, Quận 1, TP. HCM","Nhà hàng, ","Thịt Gà, Gà rán, Hamburger, Ăn vặt - Ăn nhẹ, Xúc xích, Fastfood - Thức ăn nhanh, ","Mỹ, Châu Mỹ, ",00:01 - 23:59,00:01 - 23:59,00:01 - 23:59,00:01 - 23:59,00:01 - 23:59,00:01 - 23:59,00:01 - 23:59,no,no,yes,50.000 -200.000,7.1,7.3,7.6,7.2,627
139,Gà rán & Burger McDonald's Vivo,10.7298060000000,106.7034290000000,"Tầng 1 - SC VivoCity, 1058 Nguyễn Văn Linh, KP. 1, P. Tân Phong, Quận 7, TP. HCM","Nhà hàng, ","Gà rán, Hamburger, Thịt Bò, Hải sản, Fastfood - Thức ăn nhanh, ","Quốc tế, ",09:00 - 22:00,09:00 - 22:00,09:00 - 22:00,09:00 - 22:00,09:00 - 22:00,09:00 - 22:00,09:00 - 22:00,no,no,yes,30.000 -300.000,7.2,7.0,7.1,7.1,70
139,Gà Rán & Burger McDonald's Nguyen Hue,10.7742000000000,106.7031060000000,"123 - 125 Nguyễn Huệ, P. Bến Nghé, Quận 1, TP. HCM","Nhà hàng, Café/Dessert, ","Gà rán, Hamburger, Thịt Bò, Hải sản, Bánh - Kẹo, Fastfood - Thức ăn nhanh, ","Món Âu, ",00:01 - 23:59,00:01 - 23:59,00:01 - 23:59,00:01 - 23:59,00:01 - 23:59,00:01 - 23:59,00:01 - 23:59,yes,no,yes,25.000 -80.000,7.4,7.1,7.6,7.4,115
139,Gà Rán & Burger McDonald’s Vincom Masteri,10.8021270000000,106.7406980000000,"L1-11,12,13, TTTM Vincom Masteri, 159 Xa Lộ Hà Nội, P.  Thảo Điền, Tp. Thủ Đức, TP. HCM","Nhà hàng, ","Gà rán, Hamburger, Fastfood - Thức ăn nhanh, ","Mỹ, Châu Mỹ, ",07:00 - 12:00,07:00 - 12:00,07:00 - 12:00,07:00 - 12:00,07:00 - 12:00,07:00 - 12:00,07:00 - 12:00,no,no,yes,20.000 -250.000,7.5,7.8,7.8,7.6,36
139,Gà Rán & Burger McDonald’s Saigon Supermarket,10.7681131000000,106.6674131000000,"Siêu Thị Sài Gòn, 460 Đường 3 Tháng 2, P. 12, Quận 10, TP. HCM","Quán ăn, ","Thịt Gà, Gà rán, Hamburger, Café - Kem, Ăn vặt - Ăn nhẹ, Fastfood - Thức ăn nhanh, ","Mỹ, Châu Mỹ, ",,,,,,,,no,no,yes,30.000 -100.000,7.0,6.3,6.7,6.7,87
139,McDonald's - Saigon Centre,10.7735990000000,106.7009370000000,"Saigon Centre, 65 Lê Lợi, P. Bến Nghé, Quận 1, TP. HCM","Quán ăn, ","Thịt Gà, Thịt Bò, Hải sản, Café - Kem, Fastfood - Thức ăn nhanh, ","Mỹ, Châu Mỹ, ",,,,,,,,no,no,yes,50.000 -200.000,7.3,6.9,7.0,7.2,47
139,Gà Rán & Burger McDonald's Tân Sơn Nhất,10.8135330000000,106.6630500000000,"Ga Quốc Nội Sân Bay Tân Sơn Nhất, Trường Sơn, P. 2, Quận Tân Bình, TP. HCM","Nhà hàng, ","Gà rán, Hamburger, Thịt Bò, Hải sản, Café - Kem, Sinh tố - Nước ép, Thức uống, Fastfood - Thức ăn nhanh, ","Mỹ, Châu Mỹ, ",10:00 - 22:00,10:00 - 22:00,10:00 - 22:00,10:00 - 22:00,10:00 - 22:00,10:00 - 22:00,10:00 - 22:00,yes,no,yes,30.000 -80.000,7.3,6.8,7.3,7.2,45
139,Gà Rán & Burger McDonald’s Hoang Dieu,10.7602340000000,106.6989880000000,"Chung Cư H3, 384 Hoàng Diệu, P. 6, Quận 4, TP. HCM","Quán ăn, ","Thịt Gà, Gà rán, Hamburger, Café - Kem, Ăn vặt - Ăn nhẹ, Xúc xích, Fastfood - Thức ăn nhanh, ","Mỹ, Châu Mỹ, ",07:00 - 23:00,07:00 - 23:00,07:00 - 23:00,07:00 - 23:00,07:00 - 23:00,07:00 - 23:00,07:00 - 23:00,no,no,yes,30.000 -100.000,7.1,6.7,6.8,6.8,40
139,Gà Rán & Burger McDonald’s Satra Pham Hung,10.7337389000000,106.6746551000000,"Tầng Trệt, TTTM Satra Phạm Hùng, C6/27 Phạm Hùng, Xã Bình Hưng, Huyện Bình Chánh, TP. HCM","Nhà hàng, ","Thịt Gà, Gà rán, Hamburger, Ăn vặt - Ăn nhẹ, Nem, Fastfood - Thức ăn nhanh, ","Quốc tế, ",07:00 - 23:00,07:00 - 23:00,07:00 - 23:00,07:00 - 23:00,07:00 - 23:00,08:00 - 23:00,08:00 - 23:00,no,no,yes,50.000 -200.000,7.1,6.9,7.2,7.0,13
139,Gà Rán & Burger McDonald’s Au Co,10.7886490000000,106.6405721000000,"683 Âu Cơ, P. Tân Thành, Quận Tân Phú, TP. HCM","Nhà hàng, ","Gà rán, Hamburger, Ăn vặt - Ăn nhẹ, Xúc xích, Fastfood - Thức ăn nhanh, ","Quốc tế, ",11:00 - 23:00,11:00 - 23:00,11:00 - 23:00,11:00 - 23:00,11:00 - 23:00,08:00 - 23:00,08:00 - 23:00,no,no,yes,50.000 -120.000,7.0,6.8,7.2,6.9,26
139,McDonald’s Hong Bang,10.7543848000000,106.6562814000000,"Tầng Trệt, The Garden Mall, 190 Hồng Bàng, P. 12, Quận 5, TP. HCM","Quán ăn, ","Thịt Gà, Thịt Bò, Hải sản, Cá, Café - Kem, Ăn vặt - Ăn nhẹ, Fastfood - Thức ăn nhanh, ","Mỹ, Châu Mỹ, ",08:00 - 22:00,08:00 - 22:00,08:00 - 22:00,08:00 - 22:00,08:00 - 22:00,08:00 - 22:00,08:00 - 22:00,no,no,yes,25.000 -100.000,6.9,7.3,7.5,7.2,26
139,Gà Rán & Burger McDonald’s Celadon AEON Tan Phu,10.8018920000000,106.6180290000000,"G28, Tầng Trệt AEON Mall Tân Phú, 30 Bờ Bao Tân Thắng, P. Sơn Kỳ, Quận Tân Phú, TP. HCM","Nhà hàng, ","Gà rán, Hamburger, Ăn vặt - Ăn nhẹ, Nem, Fastfood - Thức ăn nhanh, ","Món Việt, ",08:00 - 22:00,08:00 - 22:00,08:00 - 22:00,08:00 - 22:00,08:00 - 22:00,08:00 - 22:00,08:00 - 22:00,no,no,yes,30.000 -300.000,6.8,6.0,6.3,6.4,11
139,,null,null,,,,,,,,,,,,yes,yes,yes,,0.0,0.0,0.0,,
140,Marukame Udon - AEON Mall Tân Phú,10.8013920000000,106.6179290000000,"Tầng 3 AEON Mall Tân Phú, 30 Bờ Bao Tân Thắng, P. Sơn Kỳ, Quận Tân Phú, TP. HCM","Nhà hàng, ","Bún, Mì, Món nước, Sushi & Sashimi, Cơm, ","Món Á, Món Nhật, ",09:00 - 22:00,09:00 - 22:00,09:00 - 22:00,09:00 - 22:00,09:00 - 22:00,09:00 - 22:00,09:00 - 22:00,no,no,yes,60.000 -165.000,8.0,7.6,7.6,7.5,463
140,Marukame Udon - Udon & Tempura - Lý Tự Trọng,10.7727820000000,106.6954290000000,"215 Lý Tự Trọng, P. Bến Thành, Quận 1, TP. HCM","Nhà hàng, ","Bún, Mì, Ăn vặt - Ăn nhẹ, Cơm, ","Món Á, Món Nhật, ",07:00 - 21:30,07:00 - 21:30,07:00 - 21:30,07:00 - 21:30,07:00 - 21:30,07:00 - 21:30,07:00 - 21:30,no,yes,yes,60.000 -300.000,7.8,7.2,7.4,7.4,716
140,Marukame Udon - SC VivoCity,10.7302092000000,106.7037088000000,"Tầng 2 - SC VivoCity, 1058 Nguyễn Văn Linh, KP. 1, P. Tân Phong, Quận 7, TP. HCM","Nhà hàng, ","Bún, Mì, Món nước, Ăn vặt - Ăn nhẹ, Cơm, ","Món Á, Món Nhật, ",10:00 - 22:00,10:00 - 22:00,10:00 - 22:00,10:00 - 22:00,10:00 - 22:00,10:00 - 22:00,10:00 - 22:00,no,no,yes,60.000 -170.000,7.8,7.3,7.3,7.4,183
140,Marukame Udon - Udon & Tempura - Hai Bà Trưng,10.7901680000000,106.6893180000000,"342 - 344 Hai Bà Trưng, P. Tân Định, Quận 1, TP. HCM","Nhà hàng, ","Món nước, Mì, Sushi & Sashimi, ","Món Á, Món Nhật, ",10:00 - 22:00,10:00 - 22:00,10:00 - 22:00,10:00 - 22:00,10:00 - 22:00,10:00 - 22:00,10:00 - 22:00,no,no,yes,60.000 -300.000,7.6,7.3,7.5,7.3,189
140,Marukame Udon - Udon & Tempura - AEON Mall Bình Tân,10.7425890000000,106.6114580000000,"Lô T5, Tầng 3, Aeon Mall Bình Tân, 1 Đường Số 17A, P. Bình Trị Đông, Quận Bình Tân, TP. HCM","Nhà hàng, ","Bún, Mì, Món nước, Ăn vặt - Ăn nhẹ, Cơm, ","Món Á, Món Nhật, ",10:00 - 22:00,10:00 - 22:00,10:00 - 22:00,10:00 - 22:00,10:00 - 22:00,10:00 - 22:00,10:00 - 22:00,no,no,yes,80.000 -100.000,8.1,7.6,7.7,7.6,65
140,Marukame Udon - Thảo Điền,10.8037460000000,106.7374130000000,"27 Thảo Điền, P. Thảo Điền, Tp. Thủ Đức, TP. HCM","Nhà hàng, ","Bún, Mì, Sushi & Sashimi, Ăn vặt - Ăn nhẹ, Cơm, Nem, ","Món Á, Món Nhật, ",10:00 - 22:00,10:00 - 22:00,10:00 - 22:00,10:00 - 22:00,10:00 - 22:00,10:00 - 22:00,10:00 - 22:00,no,no,yes,69.000 -100.000,7.7,7.5,7.9,7.6,32
140,Marukame Udon - Udon & Tempura - Vạn Hạnh Mall,10.7706343000000,106.6695005000000,"Tầng 6, 6-08&7A Vạn Hạnh Mall, 11 Sư Vạn Hạnh, P. 12, Quận 10, TP. HCM","Nhà hàng, ","Thịt Gà, Thịt Bò, Bún, Thịt Heo, Mì, Món nước, Ăn vặt - Ăn nhẹ, Cơm, ","Món Á, Món Nhật, ",,,,,,,,yes,no,yes,39.000 -119.000,7.6,7.4,8.4,7.9,5
140,Marukame Udon & Tempura - Vincom Grand Park,10.8432550000000,106.8431310000000,"Lô L5 - 15, Tầng L5, TTTM Vincom Mega Mall Grand Park, 88 Phước Thiện, KP. Phước Thiện, P. Long Bìnhh, Tp. Thủ Đức, TP. HCM","Quán ăn, ","Sushi & Sashimi, ",,10:00 - 21:00,10:00 - 21:00,10:00 - 21:00,10:00 - 21:00,10:00 - 21:00,10:00 - 21:00,10:00 - 21:00,no,no,no,,0.0,0.0,0.0,_._,0
140,Marukame Udon & Tempura - Gigamall,10.8275364000000,106.7210890000000,"05-06, Tầng 5, TTTM Giga Mall, 240 - 242 Đ. Phạm Văn Đồng, P. Hiệp Bình Chánh, Tp. Thủ Đức, TP. HCM","Nhà hàng, ","Sushi & Sashimi, Cơm, ",,10:00 - 21:00,10:00 - 21:00,10:00 - 21:00,10:00 - 21:00,10:00 - 21:00,10:00 - 21:00,10:00 - 21:00,no,no,no,,0.0,0.0,0.0,_._,0
140,Marukame Udon & Tempura - CMT8,10.7785497000000,106.6798659000000,"281A - 281B - 281C - 281D Cách Mạng Tháng 8, P. 12, Quận 10, TP. HCM","Quán ăn, ","Sushi & Sashimi, Ăn vặt - Ăn nhẹ, Cơm, Nem, ",,10:00 - 21:00,10:00 - 21:00,10:00 - 21:00,10:00 - 21:00,10:00 - 21:00,10:00 - 21:00,10:00 - 21:00,no,no,no,,0.0,0.0,0.0,_._,0
141,Sườn Nướng Cao Bồi & Beer,10.7999650000000,106.7374840000000,"49 - 50 Song Hành, P. An Phú, Tp. Thủ Đức, TP. HCM","Nhà hàng, ","Thịt Bò, Bún, Thịt Heo, Sườn nướng, Hủ tiếu, Mì, ","Món Âu, ",09:00 - 22:30,09:00 - 22:30,09:00 - 22:30,09:00 - 22:30,09:00 - 22:30,09:00 - 22:30,09:00 - 22:30,no,no,yes,30.000 -200.000,6.6,6.2,7.3,6.7,29
142,Trà Sữa The Goody Tea - Bình Triệu Thủ Đức,10.8295056000000,106.7132758000000,"13 Đường Số 5, P. Hiệp Bình Chánh, Tp. Thủ Đức, TP. HCM","Café/Dessert, ","Trà, Café - Kem, Sinh tố - Nước ép, Thức uống, Trà sữa, Sữa, ","Món Việt, ",07:30 - 22:00,07:30 - 22:00,07:30 - 22:00,07:30 - 22:00,07:30 - 22:00,07:30 - 22:00,07:30 - 22:00,yes,no,yes,15.000 -25.000,8.6,8.6,8.1,8.2,29
143,Bò Lá Lốt Cô Út Thủ Đức,10.8675811000000,106.7446486000000,"119 Tam Châu, P. Tam Phú, Tp. Thủ Đức, TP. HCM","Quán ăn, ","Thịt Bò, Bún, Sinh tố - Nước ép, Đặc sản vùng, Home-made, Ăn vặt - Ăn nhẹ, ","Món Việt, ",14:00 - 20:30,14:00 - 20:30,14:00 - 20:30,14:00 - 20:30,14:00 - 20:30,14:00 - 20:30,14:00 - 20:30,no,no,no,25.000 -35.000,9.0,8.6,8.4,8.5,28
144,Memory Cafe - Thủ Đức,10.8428850000000,106.7667660000000,"13 Hòa Bình, P. Bình Thọ, Tp. Thủ Đức, TP. HCM","Café/Dessert, ","Café - Kem, Sinh tố - Nước ép, ","Món Việt, ",07:00 - 22:00,07:00 - 22:00,07:00 - 22:00,07:00 - 22:00,07:00 - 22:00,07:00 - 22:00,07:00 - 22:00,no,no,yes,20.000 -44.000,7.3,7.9,8.2,7.7,30
145,Grill & Cheer - Buffet Nướng & Lẩu  - TTTM Vincom Lê Văn Việt,10.8449727000000,106.7786146000000,"50 Lê Văn Việt, Phường Hiệp Phú, Tp. Thủ Đức, TP. HCM","Nhà hàng, Buffet, ","Bún, Mì, Lẩu, Cơm, ","Món Á, Món Hàn, ",10:30 - 21:05,10:30 - 21:00,10:30 - 21:00,10:30 - 21:00,10:30 - 21:00,10:30 - 21:00,10:30 - 21:05,yes,yes,yes,39.000 -399.000,7.4,7.7,7.8,7.6,28
146,Cô Hay - Quán Nướng Xiên Que,10.8476350000000,106.7687770000000,"10 Chu Mạnh Trinh, P. Bình Thọ, Tp. Thủ Đức, TP. HCM","Quán ăn, ","Lẩu, Ăn vặt - Ăn nhẹ, Thức uống, Cá/bò viên, ","Món Việt, ",04:00 - 21:00,04:00 - 21:00,04:00 - 21:00,04:00 - 21:00,04:00 - 21:00,04:00 - 21:00,04:00 - 21:00,no,no,no,12.000 -61.000,6.3,0.0,6.1,6.2,22
147,Sweet And Sour Bakery,10.8043909000000,106.7310000000000,"47/5 Quốc Hương, P. Thảo Điền, Tp. Thủ Đức, TP. HCM","Tiệm bánh, ","Cupcake, Bánh - Kẹo, Café - Kem, ","Món Việt, ",08:00 - 21:00,08:00 - 21:00,08:00 - 21:00,08:00 - 21:00,08:00 - 21:00,08:00 - 21:00,08:00 - 21:00,no,no,no,35.000 -200.000,7.2,7.0,7.8,7.0,25
148,Nhà Hàng Thiên Quốc Chay,10.8215340000000,106.8089309000000,"416/10/8 Lã Xuân Oai, P. Long Trường, Tp. Thủ Đức, TP. HCM","Nhà hàng, Ăn chay, ","Món chay, ","Món Việt, ","09:00 - 14:00, 16:00 - 21:00","09:00 - 14:00, 16:00 - 21:00","09:00 - 14:00, 16:00 - 21:00","09:00 - 14:00, 16:00 - 21:00","09:00 - 14:00, 16:00 - 21:00","09:00 - 14:00, 16:00 - 21:00","09:00 - 14:00, 16:00 - 21:00",yes,no,yes,30.000 -66.000,6.7,6.1,7.0,6.5,30
149,An Cafe & Restaurant - Vietnamese Cuisine,10.8031640000000,106.7388880000000,"10 Trần Ngọc Diện, Tp. Thủ Đức, TP. HCM","Nhà hàng, Café/Dessert, ","Thịt Gà, Bánh mì, Thịt Heo, Thịt Bò, Bánh bao, Bánh - Kẹo, Salad, Cơm, Thức uống, ","Món Việt, ",09:00 - 21:00,09:00 - 21:00,09:00 - 21:00,09:00 - 21:00,09:00 - 21:00,09:00 - 21:00,09:00 - 21:00,no,yes,yes,60.000 -150.000,7.7,7.1,8.6,7.6,14
150,Beefsteak Cao Nguyên Đỏ - Dân Chủ,10.8471071000000,106.7653227000000,"43 Dân Chủ, P. Bình Thọ, Tp. Thủ Đức, TP. HCM","Nhà hàng, ","Thịt Bò, Bún, Mì, Cơm văn phòng, Cơm, ","Món Việt, ",09:30 - 22:00,09:30 - 22:00,09:30 - 22:00,09:30 - 22:00,09:30 - 22:00,09:30 - 22:00,09:30 - 22:00,no,yes,yes,80.000 -200.000,7.9,7.4,7.4,7.5,25
151,Dream Tea - Hoàng Diệu 2,10.8544560000000,106.7690060000000,"185 Hoàng Diệu 2, P. Linh Trung, Tp. Thủ Đức, TP. HCM","Café/Dessert, ","Trà, Sinh tố - Nước ép, Thức uống, Trà sữa, ","Món Việt, ",07:00 - 22:00,07:00 - 22:00,07:00 - 22:00,07:00 - 22:00,07:00 - 22:00,07:00 - 22:00,07:00 - 22:00,yes,no,yes,25.000 -80.000,7.0,7.2,8.0,7.3,29
152,Lẩu Bò Nghĩa Địa,10.7795172000000,106.7625095000000,"498/6/1 Nguyễn Thị Định, P. Thạnh Mỹ Lợi, Tp. Thủ Đức, TP. HCM","Quán ăn, ","Thịt Bò, Bún, Mì, Lẩu, ","Món Việt, ",14:00 - 22:00,14:00 - 22:00,14:00 - 22:00,14:00 - 22:00,14:00 - 22:00,14:00 - 22:00,14:00 - 22:00,no,no,no,100.000 -165.000,6.3,0.0,6.0,6.1,29
153,Bingsu H20 - Trà Sữa Nhà Làm,10.8394688000000,106.7402770000000,"1100 Phạm Văn Đồng, P. Linh Đông, Tp. Thủ Đức, TP. HCM","Café/Dessert, ","Trà, Trà chanh, Café - Kem, Sinh tố - Nước ép, Ăn vặt - Ăn nhẹ, Thức uống, Trà sữa, ","Món Việt, ",10:00 - 22:00,10:00 - 22:00,10:00 - 22:00,10:00 - 22:00,10:00 - 22:00,10:00 - 22:00,10:00 - 22:00,no,no,yes,10.000 -90.000,6.2,0.0,7.0,6.5,36
154,Ksor Quán - Sữa Chua Chấm Muối Gia Lai,10.8288370000000,106.7316960000000,"34 Đường Số 12, KP. 5, P. Hiệp Bình Chánh, Tp. Thủ Đức, TP. HCM","Ăn vặt/vỉa hè, ","Đậu hũ, Ăn vặt - Ăn nhẹ, Cá/bò viên, ","Món Việt, ",08:00 - 23:00,08:00 - 23:00,08:00 - 23:00,08:00 - 23:00,08:00 - 23:00,08:00 - 23:00,08:00 - 23:00,no,yes,yes,6.000 -65.000,9.7,9.5,8.9,9.2,28
155,Sữa Hạt Dinh Dưỡng Nut Brew - Đường Số 16,10.8283657000000,106.7295031000000,"18 Đường Số 16, Khu Phố 5, P. Hiệp Bình Chánh, Tp. Thủ Đức, TP. HCM","Café/Dessert, ","Sinh tố - Nước ép, Thức uống, Trà sữa, Sữa, ","Món Việt, ",08:30 - 17:30,08:30 - 17:30,08:30 - 17:30,08:30 - 17:30,08:30 - 17:30,08:30 - 17:30,Đang cập nhật,no,no,no,36.000 -120.000,9.9,9.5,9.1,9.5,30
156,Bee Juice - Đường Số 1,10.8472469000000,106.7649449000000,"5/1 Đường Số 1, P. Bình Thọ, Tp. Thủ Đức, TP. HCM","Café/Dessert, ","Sinh tố - Nước ép, Thức uống, ",,09:30 - 20:00,09:30 - 20:00,09:30 - 20:00,09:30 - 20:00,09:30 - 20:00,09:30 - 20:00,09:30 - 20:00,no,no,no,15.000 -30.000,9.8,9.8,9.8,9.8,45
157,Trầm Cafe - Thủ Đức,10.8426530000000,106.7682910000000,"132 Thống Nhất, P. Bình Thọ, Tp. Thủ Đức, TP. HCM","Café/Dessert, ","Café - Kem, Sinh tố - Nước ép, Thức uống, Bia, Nước ngọt, ","Món Việt, ",07:00 - 21:30,07:00 - 21:30,07:00 - 21:30,07:00 - 21:30,07:00 - 21:30,07:00 - 21:30,07:00 - 21:30,no,no,yes,20.000 -44.000,0.0,6.4,7.6,6.5,47
158,Homies - Trà Sữa Phô Mai Tươi Đài Loan,10.8472951000000,106.7908825000000,"59A Đường 429, P. Tăng Nhơn Phú A, Tp. Thủ Đức, TP. HCM","Café/Dessert, ","Thức uống, Trà sữa, ",,06:30 - 22:00,06:30 - 22:00,06:30 - 22:00,06:30 - 22:00,06:30 - 22:00,06:30 - 22:00,06:30 - 22:00,no,no,no,19.000 -27.000,9.5,9.5,9.0,9.3,46
158,Homies - Trà Sữa Phô Mai Tươi Đài Loan - Hồ Bá Phấn,10.8237415000000,106.7639112000000,"49 Hồ Bá Phấn, P. Phước Long A, Tp. Thủ Đức, TP. HCM","Café/Dessert, ","Trà chanh, Sinh tố - Nước ép, Thức uống, Trà sữa, ",,10:00 - 21:00,10:00 - 21:00,10:00 - 21:00,10:00 - 21:00,10:00 - 21:00,10:00 - 21:00,10:00 - 21:00,no,no,no,19.000 -27.000,6.0,7.5,10.0,7.9,2
159,Papagayo Saigon,10.8038689000000,106.7395330000000,"18 Trần Ngọc Diện, P. Thảo Điền, Tp. Thủ Đức, TP. HCM","Sang trọng, Nhà hàng, ","Hải sản, Pizza & Pasta, Salad, ","Món Âu, Pháp, ",11:00 - 23:00,11:00 - 23:00,11:00 - 23:00,11:00 - 23:00,11:00 - 23:00,11:00 - 23:00,11:00 - 23:00,yes,yes,yes,100.000 -500.000,6.9,7.1,7.6,7.2,14
160,Chaya GEISHA Japanese Restaurant,10.8045110000000,106.7341040000000,"35 Ngô Quang Huy, P. Thảo Điền, Tp. Thủ Đức, TP. HCM","Quán ăn, ","Sushi & Sashimi, Salad, Món chay, Ăn vặt - Ăn nhẹ, ","Món Á, Món Nhật, ","10:30 - 14:30, 17:00 - 21:30","10:30 - 14:30, 17:00 - 21:30","10:30 - 14:30, 17:00 - 21:30","10:30 - 14:30, 17:00 - 21:30","10:30 - 14:30, 17:00 - 21:30","10:30 - 14:30, 17:00 - 21:30","10:30 - 14:30, 17:00 - 21:30",no,no,yes,50.000 -500.000,9.0,9.1,9.0,8.8,24
161,An Coffee & Food,10.8673219000000,106.7615259000000,"14 Đường Số 12, P. Linh Tây, Tp. Thủ Đức, TP. HCM","Café/Dessert, ","Trà chanh, Sinh tố - Nước ép, Thức uống, Trà sữa, ",,07:30 - 21:00,07:30 - 21:00,07:30 - 21:00,07:30 - 21:00,07:30 - 21:00,07:30 - 21:00,07:30 - 21:00,no,no,no,15.000 -40.000,10.0,10.0,10.0,10.0,40
162,Pha Kê Coffee House,10.8439700000000,106.7678300000000,"09 Khổng Tử, P. Bình Thọ, Tp. Thủ Đức, TP. HCM","Café/Dessert, ","Café - Kem, Sinh tố - Nước ép, ","Món Việt, ",07:00 - 22:00,07:00 - 22:00,07:00 - 22:00,07:00 - 22:00,07:00 - 22:00,07:00 - 22:00,07:00 - 22:00,no,no,yes,30.000 -110.000,7.4,7.7,8.3,7.6,26
163,Trà Chanh Chém Gió - Đường Số 2,10.8409918000000,106.7825803000000,"175/24A Đường Số 2, P. Tăng Nhơn Phú B, Tp. Thủ Đức, TP. HCM","Café/Dessert, Quán ăn, ","Trà, Sinh tố - Nước ép, Thức uống, ",,09:00 - 23:00,09:00 - 23:00,09:00 - 23:00,09:00 - 23:00,09:00 - 23:00,09:00 - 23:00,09:00 - 23:00,no,no,no,20.000 -35.000,10.0,10.0,9.1,9.6,30
164,Trạm Kafe,10.8480990000000,106.7895880000000,"81 Đường Số 379, P. Tăng Nhơn Phú A, Tp. Thủ Đức, TP. HCM","Café/Dessert, ","Café - Kem, Thức uống, ","Món Việt, ",06:00 - 22:00,06:00 - 22:00,06:00 - 22:00,06:00 - 22:00,06:00 - 22:00,06:00 - 22:00,06:00 - 22:00,no,no,no,15.000 -35.000,9.9,10.0,9.6,9.8,29
165,Rau Má Mix - Nước Ép & Trà Trái Cây - 54 Hoàng Diệu 2,10.8582959000000,106.7633118000000,"54 Hoàng Diệu 2, P. Linh Chiểu, Tp. Thủ Đức, TP. HCM","Café/Dessert, ","Sinh tố - Nước ép, Thức uống, ","Món Việt, ",08:00 - 22:15,08:00 - 22:15,08:00 - 22:15,08:00 - 22:15,08:00 - 22:15,08:00 - 22:15,08:00 - 22:15,no,no,no,5.000 -28.000,0.0,0.0,0.0,4.4,10
165,Rau Má Mix - Nước Ép & Trà Trái Cây - 168 Bùi Đình Túy,10.8078760000000,106.7037860000000,"168 Bùi Đình Túy, P. 24, Quận Bình Thạnh, TP. HCM","Café/Dessert, ","Sinh tố - Nước ép, Thức uống, ","Món Việt, ",08:00 - 22:15,08:00 - 22:15,08:00 - 22:15,08:00 - 22:15,08:00 - 22:15,08:00 - 22:15,08:00 - 22:15,no,no,no,5.000 -28.000,0.0,0.0,0.0,4.9,14
165,Rau Má Mix - Nước Ép & Trà Trái Cây - 366 Nguyễn Duy Trinh,10.7883255000000,106.7689184000000,"366 Đường Nguyễn Duy Trinh, P. Bình Trưng Tây, Tp. Thủ Đức, TP. HCM","Café/Dessert, ","Sinh tố - Nước ép, Thức uống, ","Món Việt, ",08:30 - 22:15,08:30 - 22:15,08:30 - 22:15,08:30 - 22:15,08:30 - 22:15,08:30 - 22:15,08:30 - 22:15,no,no,no,5.000 -28.000,6.1,0.0,0.0,6.2,44
165,Rau Má Mix - Nước Ép & Trà Trái Cây - 245 Đỗ Xuân Hợp,10.8244074000000,106.7693400000000,"245 Đỗ Xuân Hợp, P Phước Long B, Tp. Thủ Đức, TP. HCM","Café/Dessert, ","Sinh tố - Nước ép, Thức uống, ","Món Việt, ",08:30 - 22:15,08:30 - 22:15,08:30 - 22:15,08:30 - 22:15,08:30 - 22:15,08:30 - 22:15,08:30 - 22:15,no,no,no,5.000 -28.000,0.0,0.0,0.0,4.6,3
165,Rau Má Mix - Nước Ép & Trà Trái Cây - 14B8 Ngô Tất Tố,10.7931020000000,106.7100550000000,"14B8 Ngô Tất Tố, P. 19, Quận Bình Thạnh, TP. HCM","Café/Dessert, ","Sinh tố - Nước ép, Thức uống, ","Món Việt, ",08:30 - 22:15,08:30 - 22:15,08:30 - 22:15,08:30 - 22:15,08:30 - 22:15,08:30 - 22:15,08:30 - 22:15,no,no,no,5.000 -28.000,0.0,0.0,0.0,4.6,7
165,Rau Má Mix - Nước Ép & Trà Trái Cây - 70 Võ Văn Ngân,10.8513090000000,106.7595728000000,"70 Võ Văn Ngân, P. Bình Thọ, Tp. Thủ Đức, TP. HCM","Café/Dessert, ","Sinh tố - Nước ép, Thức uống, ","Món Việt, ",08:00 - 22:15,08:00 - 22:15,08:00 - 22:15,08:00 - 22:15,08:00 - 22:15,08:00 - 22:15,08:00 - 22:15,no,no,no,5.000 -28.000,8.3,7.3,6.5,7.5,4
165,Rau Má Mix - Nước Ép & Trà Trái Cây - 172 Phan Xích Long,10.7972653000000,106.6907440000000,"172 Phan Xích Long, P. 7, Quận Phú Nhuận, TP. HCM","Café/Dessert, ","Sinh tố - Nước ép, Thức uống, Trà sữa, ","Món Việt, ",08:00 - 22:15,08:00 - 22:15,08:00 - 22:15,08:00 - 22:15,08:00 - 22:15,08:00 - 22:15,08:00 - 22:15,no,no,no,5.000 -28.000,0.0,0.0,0.0,5.5,18
165,Rau Má Mix - Nước Ép & Trà Trái Cây - 242 Lê Quang Định,10.8081652000000,106.6956296000000,"242 Lê Quang Định, P. 14, Quận Bình Thạnh, TP. HCM","Café/Dessert, ","Sinh tố - Nước ép, Thức uống, ","Món Việt, ",08:00 - 22:15,08:00 - 22:15,08:00 - 22:15,08:00 - 22:15,08:00 - 22:15,08:00 - 22:15,08:00 - 22:15,no,no,yes,5.000 -28.000,0.0,0.0,0.0,3.2,7
165,Rau Má Mix - Nước Ép & Trà Trái Cây - 473 Lê Văn Sỹ,10.7984776000000,106.6625544000000,"473 Lê Văn Sỹ, P. 2, Quận Tân Bình, TP. HCM","Café/Dessert, ","Trà, Café - Kem, Sinh tố - Nước ép, Thức uống, Trà sữa, ","Món Việt, ",08:30 - 22:15,08:30 - 22:15,08:30 - 22:15,08:30 - 22:15,08:30 - 22:15,08:30 - 22:15,08:30 - 22:15,no,no,yes,5.000 -28.000,0.0,0.0,0.0,5.6,18
165,Rau Má Mix - Nước Ép & Trà Trái Cây - 860/60A Xô Viết Nghệ Tĩnh,10.8120800000000,106.7174610000000,"860/60A Xô Viết Nghệ Tĩnh, P. 25, Quận Bình Thạnh, TP. HCM","Café/Dessert, ","Trà, Café - Kem, Sinh tố - Nước ép, Thức uống, Trà sữa, ","Món Việt, ",08:00 - 22:15,08:00 - 22:15,08:00 - 22:15,08:00 - 22:15,08:00 - 22:15,08:00 - 22:15,08:00 - 22:15,no,no,yes,5.000 -28.000,7.5,7.0,7.0,7.0,2
165,Rau Má Mix - Nước Ép & Trà Trái Cây - 269 Nguyễn Tri Phương,10.7607030000000,106.6686010000000,"269 Nguyễn Tri Phương, P. 5, Quận 10, TP. HCM","Café/Dessert, ","Sinh tố - Nước ép, Thức uống, ","Món Việt, ",08:30 - 22:15,08:30 - 22:15,08:30 - 22:15,08:30 - 22:15,08:30 - 22:15,08:30 - 22:15,08:30 - 22:15,no,no,no,5.000 -28.000,6.6,0.0,6.1,6.4,26
165,Rau Má Mix - Nước Ép & Trà Trái Cây - A58 Nguyễn Trãi,10.7659376000000,106.6878808000000,"A58 Nguyễn Trãi, Quận 1, TP. HCM","Café/Dessert, ","Sinh tố - Nước ép, Thức uống, ","Món Việt, ",08:30 - 22:15,08:30 - 22:15,08:30 - 22:15,08:30 - 22:15,08:30 - 22:15,08:30 - 22:15,08:30 - 22:15,no,no,yes,12.000 -26.000,0.0,0.0,0.0,5.5,33
166,Giang Ghẹ - Hải Sản Sống - Đặng Văn Bi,10.8412110000000,106.7650730000000,"40 Đặng Văn Bi, Tp. Thủ Đức, TP. HCM","Quán ăn, ","Hải sản, ","Món Việt, ",08:00 - 22:00,08:00 - 22:00,08:00 - 22:00,08:00 - 22:00,08:00 - 22:00,08:00 - 22:00,08:00 - 22:00,no,yes,yes,50.000 -300.000,7.6,7.0,7.5,7.3,29
167,Tàu Hũ HAT - Thống Nhất,10.8464920000000,106.7703500000000,"53 Thống Nhất, P. Bình Thọ, Tp. Thủ Đức, TP. HCM","Quán ăn, ","Đậu hũ, Ăn vặt - Ăn nhẹ, ","Món Việt, ",09:00 - 21:00,09:00 - 21:00,09:00 - 21:00,09:00 - 21:00,09:00 - 21:00,09:00 - 21:00,09:00 - 21:00,no,no,yes,20.000 -33.000,6.2,6.4,6.1,6.4,30
168,Alo Trà Since 2003 - Thủ Đức,10.8484040000000,106.7714440000000,"133 Thống Nhất, P. Bình Thọ, Tp. Thủ Đức, TP. HCM","Café/Dessert, ","Trà, Trà chanh, Café - Kem, Sinh tố - Nước ép, Thức uống, Nước ngọt, Trà sữa, Sữa, ","Món Việt, ",07:00 - 19:30,07:00 - 19:30,07:00 - 19:30,07:00 - 19:30,07:00 - 19:30,07:00 - 19:30,07:00 - 19:30,no,no,yes,18.000 -33.000,6.9,6.8,6.4,7.1,30
169,Lẩu Nấm Thiên Nhiên Ashima - Xuân Thủy,10.8042280000000,106.7359280000000,"93 Xuân Thủy, P. Thảo Điền, Tp. Thủ Đức, TP. HCM","Nhà hàng, ","Thịt Bò, Lẩu, ","Món Á, Món Nhật, ",11:00 - 22:00,11:00 - 22:00,11:00 - 22:00,11:00 - 22:00,11:00 - 22:00,11:00 - 22:00,11:00 - 22:00,no,no,yes,50.000 -385.000,8.8,8.7,8.9,8.4,17
170,Pasta Fresca - Thảo Điền,10.8044280000000,106.7370070000000,"28 Thảo Điền, P. Thảo Điền, Tp. Thủ Đức, TP. HCM","Nhà hàng, ","Hamburger, Pizza & Pasta, Salad, Fastfood - Thức ăn nhanh, Halal, ","Món Âu, Ý, ","11:30 - 14:30, 18:00 - 22:00","11:30 - 14:30, 18:00 - 22:00","11:30 - 14:30, 18:00 - 22:00","11:30 - 14:30, 18:00 - 22:00","11:30 - 14:30, 18:00 - 22:00","11:30 - 14:30, 18:00 - 22:00","11:30 - 14:30, 18:00 - 22:00",no,no,yes,15.000 -200.000,9.1,8.9,7.7,8.4,22
170,Pasta Fresca - Lê Thánh Tôn,10.7813324348983,106.7056395033817,"13/1 Lê Thánh Tôn, P. Bến Nghé, Quận 1, TP. HCM","Nhà hàng, ","Món nước, Thức uống, ","Món Âu, Ý, ",11:00 - 22:00,11:00 - 22:00,11:00 - 22:00,11:00 - 22:00,11:00 - 22:00,11:00 - 22:00,11:00 - 22:00,no,no,yes,15.000 -200.000,8.5,9.5,8.5,8.4,4
170,Pasta Fresca - Pasta & Pizza - Tạ Hiện,10.7756610000000,106.7506706000000,"8 - 10 Tạ Hiện, P. Thạnh Mỹ Lợi, Tp. Thủ Đức, TP. HCM","Nhà hàng, Quán ăn, ","Pizza & Pasta, Xúc xích, Fastfood - Thức ăn nhanh, ","Món Âu, Ý, ",11:00 - 22:00,11:00 - 22:00,11:00 - 22:00,11:00 - 22:00,11:00 - 22:00,10:30 - 22:00,10:30 - 22:00,yes,no,yes,,10.0,10.0,10.0,9.0,1
171,"Ông Diệm - Cơm Gà, Hải Sản & Hủ Tiếu Mực - Xuân Thủy",10.8029470000000,106.7286220000000,"9C Xuân Thủy, P. Thảo Điền, Tp. Thủ Đức, TP. HCM","Quán ăn, ","Thịt Bò, Bún, Hủ tiếu, Hải sản, Món nước, ","Món Việt, ",06:15 - 22:00,06:15 - 22:00,06:15 - 22:00,06:15 - 22:00,06:15 - 22:00,06:15 - 22:00,06:15 - 22:00,yes,no,yes,35.000 -55.000,8.0,8.1,8.1,8.1,25
172,TUTIMI - Milo Dầm - Trà Sữa & Cà Phê - 77A Hiệp Bình,10.8465760000000,106.7233960000000,"77A Đường Hiệp Bình, P. Hiệp Bình Phước, Tp. Thủ Đức, TP. HCM","Ăn vặt/vỉa hè, ","Trà, Ăn vặt - Ăn nhẹ, Thức uống, Trà sữa, Sữa, ","Món Việt, ",06:00 - 22:00,06:00 - 22:00,06:00 - 22:00,06:00 - 22:00,06:00 - 22:00,06:00 - 22:00,06:00 - 22:00,no,yes,yes,25.000 -32.000,0.0,0.0,0.0,5.2,5
172,TUTIMI - Milo Dầm - Trà Sữa & Cà Phê - Đường Số 8,10.8439865000000,106.6620240000000,"202 Đường Số 8, P. 11, Quận Gò Vấp, TP. HCM","Ăn vặt/vỉa hè, ","Ăn vặt - Ăn nhẹ, Thức uống, Trà sữa, Sữa, ","Món Việt, ",06:00 - 22:00,06:00 - 22:00,06:00 - 22:00,06:00 - 22:00,06:00 - 22:00,06:00 - 22:00,06:00 - 22:00,no,yes,yes,25.000 -32.000,0.0,0.0,0.0,5.0,1
172,TUTIMI - Milo Dầm - Trà Sữa & Cà Phê - Man Thiện,10.8463346000000,106.7867279000000,"45 Man Thiện, P. Hiệp Phú, Tp. Thủ Đức, TP. HCM","Ăn vặt/vỉa hè, ","Ăn vặt - Ăn nhẹ, Thức uống, Trà sữa, Sữa, ","Món Việt, ",06:00 - 22:00,06:00 - 22:00,06:00 - 22:00,06:00 - 22:00,06:00 - 22:00,06:00 - 22:00,06:00 - 22:00,no,yes,yes,25.000 -32.000,6.3,6.0,0.0,6.1,3
172,TUTIMI - Milo Dầm - Trà Sữa & Cà Phê - 711 Phan Văn Trị,10.8278950000000,106.6861760000000,"711 Phan Văn Trị, P. 7, Quận Gò Vấp, TP. HCM","Ăn vặt/vỉa hè, ","Trà, Thức uống, Trà sữa, Sữa, ","Món Việt, ",06:00 - 22:00,06:00 - 22:00,06:00 - 22:00,06:00 - 22:00,06:00 - 22:00,06:00 - 22:00,06:00 - 22:00,no,yes,yes,18.000 -38.000,0.0,0.0,0.0,_._,0
172,TUTIMI - Milo Dầm - Trà Sữa & Cà Phê - Bùi Văn Ba,10.7502836000000,106.7307970000000,"55 Bùi Văn Ba, Khu Phố 2, P. Tân Thuận Đông, Quận 7, TP. HCM","Ăn vặt/vỉa hè, ","Trà, Ăn vặt - Ăn nhẹ, Thức uống, Trà sữa, Sữa, ","Món Việt, ",06:00 - 22:00,06:00 - 22:00,06:00 - 22:00,06:00 - 22:00,06:00 - 22:00,06:00 - 22:00,06:00 - 22:00,no,yes,yes,25.000 -25.000,0.0,0.0,0.0,3.8,1
172,TUTIMI - Milo Dầm - Trà Sữa & Cà Phê - Hồ Học Lãm,10.7291377000000,106.6068258000000,"486A Hồ Học Lãm, P. An Lạc, Quận Bình Tân, TP. HCM","Café/Dessert, ","Trà, Café - Kem, Thức uống, Trà sữa, Sữa, ","Món Việt, ",06:00 - 22:00,06:00 - 22:00,06:00 - 22:00,06:00 - 22:00,06:00 - 22:00,06:00 - 22:00,06:00 - 22:00,no,no,no,20.000 -30.000,0.0,0.0,0.0,_._,0
172,TUTIMI - Milo Dầm - Trà Sữa & Cà Phê - Đường Số 3,10.7949986000000,106.7350461000000,"59 Đường Số 3, P. An Khánh, Tp. Thủ Đức, TP. HCM","Café/Dessert, ","Trà, Thức uống, Trà sữa, Sữa, ","Món Việt, ",09:00 - 22:00,09:00 - 22:00,09:00 - 22:00,09:00 - 22:00,09:00 - 22:00,09:00 - 22:00,09:00 - 22:00,no,no,no,15.000 -33.000,9.5,9.3,8.9,9.3,51
172,TUTIMI - Milo Dầm - Trà Sữa & Cà Phê - Ngô Tất Tố,10.7927010000000,106.7114700000000,"71 Ngô Tất Tố, P. 21, Quận Bình Thạnh, TP. HCM","Café/Dessert, ","Trà, Café - Kem, Thức uống, Trà sữa, Sữa, ","Món Việt, ",09:00 - 22:00,09:00 - 22:00,09:00 - 22:00,09:00 - 22:00,09:00 - 22:00,09:00 - 22:00,09:00 - 22:00,no,no,no,20.000 -30.000,6.3,7.0,7.7,7.4,3
172,TUTIMI - Milo Dầm - Trà Sữa & Cà Phê - Bình Quới,10.8186323000000,106.7228266000000,"129A Bình Quới, P. 27, Quận Bình Thạnh, TP. HCM","Café/Dessert, ","Trà, Thức uống, Trà sữa, Sữa, ",,09:00 - 21:40,09:00 - 21:40,09:00 - 21:40,09:00 - 21:40,09:00 - 21:40,09:00 - 21:40,09:00 - 21:40,no,no,no,12.000 -33.000,6.0,0.0,0.0,5.5,2
172,TUTIMI - Milo Dầm - Trà Sữa & Cà Phê - Nguyễn Kiệm,10.8000993000000,106.6800683000000,"376 Nguyễn Kiệm, P. 3, Quận Phú Nhuận, TP. HCM","Café/Dessert, ","Trà, Thức uống, Trà sữa, Sữa, ",,08:00 - 22:00,08:00 - 22:00,08:00 - 22:00,08:00 - 22:00,08:00 - 22:00,08:00 - 22:00,08:00 - 22:00,no,no,no,25.000 -30.000,0.0,0.0,0.0,_._,0
172,TUTIMI - Milo Dầm - Trà Sữa & Cà Phê - Nguyễn Văn Quá,10.8496735000000,106.6365829000000,"966 Nguyễn Văn Quá, P. Đông Hưng Thuận, Quận 12, TP. HCM","Café/Dessert, ","Trà chanh, Sinh tố - Nước ép, Thức uống, Trà sữa, Sữa, ",,09:00 - 21:40,09:00 - 21:40,09:00 - 21:40,09:00 - 21:40,09:00 - 21:40,09:00 - 21:40,09:00 - 21:40,no,no,no,15.000 -33.000,0.0,0.0,0.0,_._,0
172,TUTIMI - Milo Dầm - Trà Sữa & Cà Phê - Vạn Kiếp,10.7986681000000,106.6934902000000,"200 Vạn Kiếp, P. 1, Quận Bình Thạnh, TP. HCM","Café/Dessert, ","Trà chanh, Sinh tố - Nước ép, Thức uống, Trà sữa, ",,09:00 - 21:40,09:00 - 21:40,09:00 - 21:40,09:00 - 21:40,09:00 - 21:40,09:00 - 21:40,09:00 - 21:40,no,no,no,15.000 -33.000,0.0,0.0,0.0,_._,0
173,Dì Nguyệt - Bánh Tráng Nướng,10.7867787000000,106.7342538000000,"Hẻm 99 Trần Não - Lương Định Của, Tp. Thủ Đức, TP. HCM","Ăn vặt/vỉa hè, ","Bánh tráng, Bánh - Kẹo, Ăn vặt - Ăn nhẹ, ","Món Việt, ",14:00 - 22:00,14:00 - 22:00,14:00 - 22:00,14:00 - 22:00,14:00 - 22:00,14:00 - 22:00,14:00 - 22:00,no,yes,yes,6.000 -20.000,6.6,0.0,0.0,5.8,43
174,Aki Sushi - Sushi - Đường Số 1,10.8558338000000,106.7648270000000,"2 Đường Số 1, P. Linh Chiểu, Tp. Thủ Đức, TP. HCM","Nhà hàng, ","Sushi & Sashimi, Cơm, ","Món Á, Món Nhật, ","11:30 - 14:00, 17:00 - 21:00","11:30 - 14:00, 17:00 - 21:00","11:30 - 14:00, 17:00 - 21:00","11:30 - 14:00, 17:00 - 21:00","11:30 - 14:00, 17:00 - 21:00","11:30 - 14:00, 17:00 - 21:00","11:30 - 14:00, 17:00 - 21:00",yes,no,no,20.000 -100.000,7.4,7.2,7.2,7.5,26
175,Sonic Hi-End Coffee - Đường Số 7,10.8573730218849,106.7673682222290,"22/6 Đường Số 7 Khu Phố 3, P. Linh Trung, Tp. Thủ Đức, TP. HCM","Café/Dessert, ","Sinh tố - Nước ép, Thức uống, Bia, Nước ngọt, ","Món Việt, ",06:00 - 23:00,06:00 - 23:00,06:00 - 23:00,06:00 - 23:00,06:00 - 23:00,06:00 - 23:00,06:00 - 23:00,no,no,yes,25.000 -55.000,7.8,7.6,8.4,7.5,22
176,10 Chè,10.8501450000000,106.7540220000000,"1 Trương Văn Ngư, Tp. Thủ Đức, TP. HCM","Quán ăn, ","Chè, Cocktail, ",,10:00 - 19:30,10:00 - 19:30,10:00 - 19:30,10:00 - 19:30,10:00 - 19:30,10:00 - 19:30,10:00 - 19:30,yes,no,no,15.000 -55.000,8.3,8.2,8.3,8.0,32
177,Viên Dung Chay,10.8421230000000,106.7682050000000,"Số 14 Thống Nhất, P. Bình Thọ, Tp. Thủ Đức, TP. HCM","Ăn chay, ","Bún, Cháo, Lẩu, Món chay, Cơm, ","Món Việt, ",08:00 - 19:00,08:00 - 19:00,08:00 - 19:00,08:00 - 19:00,08:00 - 19:00,08:00 - 19:00,08:00 - 19:00,yes,no,yes,10.000 -80.000,6.3,0.0,0.0,6.1,27
178,ÉP Pressed Juice,10.8064320000000,106.7343620000000,"34A Tống Hữu Định, P. Thảo Điền, Tp. Thủ Đức, TP. HCM","Ăn vặt/vỉa hè, ","Sinh tố - Nước ép, Thức uống, ","Món Việt, Món Miền Nam, ",08:00 - 20:00,08:00 - 20:00,08:00 - 20:00,08:00 - 20:00,08:00 - 20:00,08:00 - 20:00,08:00 - 20:00,no,yes,yes,75.000 -105.000,7.5,7.4,8.1,7.4,22
179,Tobee Coffee - Lê Văn Việt,10.8460340000000,106.7787810000000,"147 Lê Văn Việt, P. Hiệp Phú, Tp. Thủ Đức, TP. HCM","Café/Dessert, ","Café - Kem, Thức uống, Trà sữa, ","Món Việt, ",08:00 - 22:00,08:00 - 22:00,08:00 - 22:00,08:00 - 22:00,08:00 - 22:00,08:00 - 22:00,08:00 - 22:00,no,no,yes,22.000 -50.000,8.0,7.9,8.1,7.8,25
180,Uncle Tea - Trà Đài Loan - Võ Văn Ngân,10.8505177000000,106.7664892000000,"109 Võ Văn Ngân, P. Linh Chiểu, Tp. Thủ Đức, TP. HCM","Café/Dessert, ","Trà, Sinh tố - Nước ép, Thức uống, Trà sữa, Sữa, ","Món Á, Đài Loan, ",09:00 - 22:00,09:00 - 22:00,09:00 - 22:00,09:00 - 22:00,09:00 - 22:00,09:00 - 22:00,09:00 - 22:00,yes,no,yes,30.000 -60.000,7.1,7.4,7.6,7.4,23
181,Phá Lấu - Linh Đông,10.8555407000000,106.7495080000000,"269 Linh Đông, P. Linh Đông, Tp. Thủ Đức, TP. HCM","Ăn vặt/vỉa hè, Quán ăn, ","Bánh mì, Bánh - Kẹo, Ăn vặt - Ăn nhẹ, Nem, Phá lấu, ","Món Việt, ",13:00 - 21:00,13:00 - 21:00,13:00 - 21:00,13:00 - 21:00,13:00 - 21:00,13:00 - 21:00,13:00 - 21:00,no,no,no,6.000 -15.000,8.3,8.0,6.6,7.8,21
182,Bún Đậu Mắm Tôm - Phú Châu,10.8702507000000,106.7468382000000,"59 Phú Châu, Tp. Thủ Đức, TP. HCM","Quán ăn, ","Bún, Bào Ngư, Hải sản, Món nước, ","Món Việt, ",11:00 - 21:00,11:00 - 21:00,11:00 - 21:00,11:00 - 21:00,11:00 - 21:00,11:00 - 21:00,11:00 - 21:00,no,no,no,30.000 -50.000,6.7,6.3,0.0,6.2,27
183,ZEN Tea - Võ Văn Ngân,10.8505556000000,106.7597457000000,"190 Võ Văn Ngân, P. Bình Thọ, Tp. Thủ Đức, TP. HCM","Café/Dessert, ","Trà, Thức uống, Trà sữa, ","Món Việt, ",08:00 - 23:30,08:00 - 23:30,08:00 - 23:30,08:00 - 23:30,08:00 - 23:30,08:00 - 23:30,08:00 - 23:30,no,no,yes,12.000 -45.000,0.0,6.9,7.4,6.8,27
184,Lẩu Bò Sài Gòn Vivu - Vincom Lê Văn Việt,10.8456740000000,106.7791350000000,"Tầng 4 Vincom Plaza, 50A Lê Văn Việt, P. Hiệp Phú, Tp. Thủ Đức, TP. HCM","Quán nhậu, ","Thịt Bò, Lẩu, ","Món Việt, ",10:00 - 22:00,10:00 - 22:00,10:00 - 22:00,10:00 - 22:00,10:00 - 22:00,10:00 - 22:00,10:00 - 22:00,yes,yes,yes,50.000 -200.000,7.7,7.9,8.3,7.8,28
184,Lẩu Bò Sài Gòn Vivu - Aeon Mall Bình Tân,10.7425890000000,106.6114580000000,"Tầng 3, Aeon Mall Bình Tân, 1 Đường Số 17A, P. Bình Trị Đông, Quận Bình Tân, TP. HCM","Nhà hàng, ","Thịt Bò, Hải sản, Lẩu, Ăn vặt - Ăn nhẹ, ","Món Việt, ",10:00 - 22:00,10:00 - 22:00,10:00 - 22:00,10:00 - 22:00,10:00 - 22:00,10:00 - 22:00,10:00 - 22:00,no,yes,yes,50.000 -200.000,0.0,0.0,6.3,5.8,31
184,Lẩu Bò Sài Gòn Vivu - Quốc Lộ 1A,10.7308365000000,106.6040756000000,"Tầng Trệt, Go! An Lạc, 1231 Quốc Lộ 1A, P. Bình Trị Đông B, Quận Bình Tân, TP. HCM","Quán ăn, ","Thịt Bò, Lẩu, ","Món Việt, ",10:00 - 22:00,10:00 - 22:00,10:00 - 22:00,10:00 - 22:00,10:00 - 22:00,10:00 - 22:00,10:00 - 22:00,no,yes,yes,50.000 -200.000,8.4,7.9,7.9,7.9,18
184,Lẩu Bò Sài Gòn Vivu - Vạn Hạnh Mall,10.7706058000000,106.6698030000000,"Tầng Hầm B2, Vạn Hạnh Mall, 11 Sư Vạn Hạnh, P. 12, Quận 10, TP. HCM","Nhà hàng, ","Thịt Bò, Lẩu, ","Món Việt, ",10:00 - 22:00,10:00 - 22:00,10:00 - 22:00,10:00 - 22:00,10:00 - 22:00,10:00 - 22:00,10:00 - 22:00,no,yes,yes,50.000 -200.000,6.8,6.6,7.2,6.8,44
184,Lẩu Bò Sài Gòn Vivu - Gigamall,10.8276157000000,106.7212133000000,"Tầng 3, TTTM Gigamall, 240 - 242 Phạm Văn Đồng, P. Hiệp Bình Chánh, Tp. Thủ Đức, TP. HCM","Nhà hàng, ","Thịt Bò, Lẩu, ","Món Việt, ",10:00 - 22:00,10:00 - 22:00,10:00 - 22:00,10:00 - 22:00,10:00 - 22:00,10:00 - 22:00,10:00 - 22:00,no,no,yes,50.000 -200.000,0.0,0.0,0.0,4.9,8
185,"Huocha - Trà sữa, Nước ép & Ăn Vặt - Đặng Văn Bi",10.8472550000000,106.7604390000000,"199 Đặng Văn Bi, P. Trường Thọ, Tp. Thủ Đức, TP. HCM","Café/Dessert, ","Trà, Ăn vặt - Ăn nhẹ, Thức uống, Trà sữa, Sữa, ","Món Việt, ",09:00 - 22:30,09:00 - 22:30,09:00 - 22:30,09:00 - 22:30,09:00 - 22:30,09:00 - 22:30,09:00 - 22:30,no,no,yes,16.000 -30.000,7.2,6.0,6.0,6.7,23
186,Spice Temple - Nhà Hàng Món Thái - Estella Place,10.8020121000000,106.7484171000000,"Tầng 2 Estella Place, 88 Song Hành, P. An Phú, Tp. Thủ Đức, TP. HCM","Nhà hàng, ","Cơm Chiên, Thịt Heo, Thịt Bò, Món nước, Lẩu, Cháo, Cơm văn phòng, Ăn vặt - Ăn nhẹ, Cơm, ","Món Á, Món Thái, ",11:00 - 20:00,11:00 - 20:00,11:00 - 20:00,11:00 - 20:00,11:00 - 20:00,11:00 - 20:00,11:00 - 20:00,no,yes,yes,45.000 -185.000,8.3,8.0,8.1,7.9,21
187,T4 Vietnam - Tea - Vinhomes Central Park,10.7964560000000,106.7197370000000,"P2 - SH.05A Vinhomes Central Park, 208 Nguyễn Hữu Cảnh, P. 22, Quận Bình Thạnh, TP. HCM","Café/Dessert, ","Thức uống, Trà sữa, ","Món Việt, ",10:00 - 22:00,10:00 - 22:00,10:00 - 22:00,10:00 - 22:00,10:00 - 22:00,10:00 - 22:00,10:00 - 22:00,yes,no,yes,35.000 -65.000,7.8,7.7,7.5,7.7,34
187,T4 Vietnam - Tea - Masteri Thảo Điền,10.8026886000000,106.7403156000000,"Căn Hộ Masteri Thảo Điền, 159 Xa Lộ Hà Nội, P. Thảo Điền, Tp. Thủ Đức, TP. HCM","Café/Dessert, ","Trà, Thức uống, Trà sữa, Sữa, ","Món Việt, ",10:00 - 22:00,10:00 - 22:00,10:00 - 22:00,10:00 - 22:00,10:00 - 22:00,10:00 - 22:00,10:00 - 22:00,yes,no,yes,35.000 -65.000,7.0,7.5,8.0,7.3,15
187,T4 Vietnam - Tea - Phan Văn Đáng,10.7773548000000,106.7560270000000,"2 Phan Văn Đáng, P. Thạnh Mỹ Lợi, Tp. Thủ Đức, TP. HCM","Café/Dessert, ","Trà, Thức uống, Trà sữa, ","Món Việt, ",10:00 - 22:00,10:00 - 22:00,10:00 - 22:00,10:00 - 22:00,10:00 - 22:00,10:00 - 22:00,10:00 - 22:00,no,no,yes,40.000 -60.000,8.6,8.2,8.6,8.1,25
188,Quán 2 Con Bò,10.8457140000000,106.7700550000000,"30 Thống Nhất, P. Bình Thọ, Tp. Thủ Đức, TP. HCM","Nhà hàng, Quán ăn, ","Phở, Cơm Tấm, Bò Kho, Beefsteak - Bò né, Bún, Thịt Bò, Món nước, Miến, Cơm, ","Món Việt, ",07:00 - 22:00,07:00 - 22:00,07:00 - 22:00,07:00 - 22:00,07:00 - 22:00,07:00 - 22:00,07:00 - 22:00,no,no,no,20.000 -55.000,0.0,6.1,6.6,6.2,18
189,Thảo Trang Quán 1 - Bạch Tuộc Nướng & Xiên Que Tự Chọn,10.7861410000000,106.7298100000000,"233 Trần Não, P. Bình An, Tp. Thủ Đức, TP. HCM","Quán ăn, ","Tôm, Hải sản, Lẩu, Nghêu - Sò - Ốc, Mực, Ăn vặt - Ăn nhẹ, Cá/bò viên, ","Món Việt, ",09:00 - 22:00,09:00 - 22:00,09:00 - 22:00,09:00 - 22:00,09:00 - 22:00,09:00 - 22:00,09:00 - 22:00,no,no,no,10.000 -100.000,7.3,6.5,6.0,6.6,23
190,Cha Heo - Sữa Gạo & Trà Sữa - Hoàng Diệu 2,10.8545530000000,106.7682520000000,"206 Đường Hoàng Diệu 2, P. Linh Chiểu, Tp. Thủ Đức, TP. HCM","Café/Dessert, ","Trà, Thức uống, Trà sữa, Sữa, ","Món Việt, ",11:00 - 22:00,11:00 - 22:00,11:00 - 22:00,11:00 - 22:00,11:00 - 22:00,11:00 - 22:00,11:00 - 22:00,no,no,yes,20.000 -30.000,6.0,7.0,6.0,7.0,1
190,Cha Heo - Sữa Gạo & Trà Sữa - Man Thiện,10.8532320000000,106.7905700000000,"140A Man Thiện, P. Tăng Nhơn Phú A, Tp. Thủ Đức, TP. HCM","Café/Dessert, ","Trà, Thức uống, Trà sữa, Sữa, ","Món Việt, ",15:30 - 22:00,15:30 - 22:00,15:30 - 22:00,15:30 - 22:00,15:30 - 22:00,15:30 - 22:00,15:30 - 22:00,no,no,yes,20.000 -40.000,9.6,9.1,9.1,9.2,23
191,Quán Thèm - Cháo Ếch,10.8523351000000,106.7668896000000,"62 Tô Vĩnh Diện, Tp. Thủ Đức, TP. HCM","Quán ăn, ","Thịt Ếch, Bún, Hủ tiếu, Bánh canh, Cháo, Đặc sản vùng, Ăn vặt - Ăn nhẹ, ","Món Việt, ",12:00 - 22:30,12:00 - 22:30,12:00 - 22:30,12:00 - 22:30,12:00 - 22:30,12:00 - 22:30,12:00 - 22:30,yes,no,yes,5.000 -45.000,6.9,6.6,6.7,6.9,23
192,"Tuấn 7 Kẹo - Bánh Mì, Xôi & Chè",10.8550450000000,106.7677780000000,"147 Hoàng Diệu 2, P. Linh Trung, Tp. Thủ Đức, TP. HCM","Quán ăn, ","Bánh mì, Xôi, Chè, Bánh - Kẹo, Sinh tố - Nước ép, Ăn vặt - Ăn nhẹ, Cơm, Thức uống, Trái cây, Fastfood - Thức ăn nhanh, ","Món Việt, ",07:00 - 23:30,07:00 - 23:30,07:00 - 23:30,07:00 - 23:30,07:00 - 23:30,07:00 - 23:30,07:00 - 23:30,yes,no,yes,8.000 -30.000,6.4,6.3,6.5,6.4,25
192,"Tuấn 7 Kẹo - Bánh Mì, Xôi & Chè - 149 Hoàng Diệu 2",10.8550701000000,106.7678150000000,"149 Đường Hoàng Diệu 2, P. Linh Trung, Tp. Thủ Đức, TP. HCM","Quán ăn, ","Bánh mì, Xôi, Chè, Bánh - Kẹo, Cơm, ",,05:00 - 22:00,05:00 - 22:00,05:00 - 22:00,05:00 - 22:00,05:00 - 22:00,05:00 - 22:00,05:00 - 22:00,no,no,no,15.000 -500.000,0.0,0.0,0.0,_._,0
193,Cafe Marcel,10.8042070000000,106.7335790000000,"28 Ngô Quang Huy, P. Thảo Điền, Tp. Thủ Đức, TP. HCM","Café/Dessert, ","Trà, Café - Kem, Sinh tố - Nước ép, Ăn vặt - Ăn nhẹ, Thức uống, Nước ngọt, Trà sữa, Sữa, ","Món Việt, ",10:00 - 17:30,10:00 - 17:30,10:00 - 17:30,10:00 - 17:30,10:00 - 17:30,10:00 - 17:30,10:00 - 17:30,no,no,yes,20.000 -40.000,7.6,8.2,8.0,7.7,19
194,Hum Vegetarian -  Garden & Restaurant,10.8026399000000,106.7408654000000,"32 Đường D10, P. Thảo Điền, Tp. Thủ Đức, TP. HCM","Nhà hàng, Ăn chay, ","Món chay, Cơm, Thức uống, ","Món Việt, ",10:00 - 22:00,10:00 - 22:00,10:00 - 22:00,10:00 - 22:00,10:00 - 22:00,10:00 - 22:00,10:00 - 22:00,no,yes,yes,70.000 -300.000,8.2,8.1,8.4,7.6,20
195,Lẩu Nấm Oiisi - Thống Nhất,10.8482650000000,106.7713860000000,"132 Thống Nhất, P. Bình Thọ, Tp. Thủ Đức, TP. HCM","Quán ăn, ","Lẩu, ","Món Việt, Món Miền Nam, Món Nhật, ",09:00 - 22:00,09:00 - 22:00,09:00 - 22:00,09:00 - 22:00,09:00 - 22:00,09:00 - 22:00,09:00 - 22:00,no,no,no,50.000 -120.000,0.0,0.0,0.0,5.5,31
196,Bánh Su Kem Nhật Bản Beard Papa’s - Vincom Center,10.7777680000000,106.7022820000000,"Tầng B3, Vincom Center, 72 Lê Thánh Tôn, P. Bến Nghé, Quận 1, TP. HCM","Tiệm bánh, ","Bánh Su/Chour, Bánh - Kẹo, ","Món Á, Món Nhật, ",12:00 - 20:00,12:00 - 20:00,12:00 - 20:00,12:00 - 20:00,12:00 - 20:00,11:00 - 20:00,11:00 - 20:00,yes,no,no,28.000 -110.000,8.1,7.4,7.2,7.4,199
196,Bánh Su Kem Nhật Bản Beard Papa’s - Vincom Mega Mall Thảo Điền,10.8033466000000,106.7409488000000,"B1-K6A, Vincom Mega Mall Thảo Điền, 159 Xa Lộ Hà Nội, P. Thảo Điền, Tp. Thủ Đức, TP. HCM","Tiệm bánh, ","Bánh Su/Chour, Bánh - Kẹo, Ăn vặt - Ăn nhẹ, ","Món Á, Món Nhật, ",12:00 - 20:00,12:00 - 20:00,12:00 - 20:00,12:00 - 20:00,12:00 - 20:00,11:00 - 20:00,11:00 - 20:00,yes,no,yes,30.000 -40.000,7.9,7.1,7.4,7.3,21
196,Bánh Su Kem Nhật Bản Beard Papa’s - Estella Place,10.8019934000000,106.7482807000000,"Tầng L2-24 Estella Place, 88 Song Hành, P. An Phú, Tp. Thủ Đức, TP. HCM","Tiệm bánh, ","Bánh - Kẹo, ","Món Á, Món Nhật, ",09:00 - 21:00,09:00 - 21:00,09:00 - 21:00,09:00 - 21:00,09:00 - 21:00,09:00 - 21:00,09:00 - 21:00,no,no,yes,28.000 -110.000,8.5,8.0,6.0,7.0,2
196,Bánh Su Kem Nhật Bản Beard Papa’s - Menas Mall,10.8131730000000,106.6656710000000,"Tầng G, Menas Mall, 60A Trường Sơn, P. 2, Quận Tân Bình, TP. HCM","Tiệm bánh, ","Bánh mì, Bánh Su/Chour, Bánh - Kẹo, ","Món Á, Món Nhật, ",10:00 - 21:00,10:00 - 21:00,10:00 - 21:00,10:00 - 21:00,10:00 - 21:00,10:00 - 21:00,10:00 - 21:00,no,no,yes,28.000 -110.000,8.5,9.0,6.5,7.6,2
196,Bánh Su Kem Nhật Bản Beard Papa’s - Saigon Centre,10.7733093000000,106.6995996000000,"B2-06, Saigon Centre, 65 Lê Lợi, P. Bến Nghé, Quận 1, TP. HCM","Tiệm bánh, ","Bánh Su/Chour, Ăn vặt - Ăn nhẹ, ",,08:00 - 22:00,08:00 - 22:00,08:00 - 22:00,08:00 - 22:00,08:00 - 22:00,08:00 - 22:00,08:00 - 22:00,yes,no,no,10.000 -54.000,0.0,0.0,0.0,_._,0
197,Bánh Mì Tây,10.8042010000000,106.7290000000000,"26 Nguyễn Bá Huân, P. Thảo Điền, Tp. Thủ Đức, TP. HCM","Café/Dessert, Quán ăn, ","Bánh mì, Bánh - Kẹo, ",,06:00 - 23:59,06:00 - 23:59,06:00 - 23:59,06:00 - 23:59,06:00 - 23:59,06:00 - 23:59,06:00 - 23:59,no,no,no,40.000 -120.000,9.3,9.1,9.0,9.4,31
198,Nhà Hàng Chay Thiện Duyên - Ẩm Thực Chay,10.8030641000000,106.7522138000000,"505 Xa Lộ Hà Nội, P. An Phú, Tp. Thủ Đức, TP. HCM","Nhà hàng, Ăn chay, ","Nấm, Bún, Hủ tiếu, Mì, Sushi & Sashimi, Món chay, Cơm, ","Món Việt, ",10:00 - 20:00,10:00 - 20:00,10:00 - 20:00,10:00 - 20:00,10:00 - 20:00,10:00 - 20:00,10:00 - 20:00,no,yes,no,15.000 -50.000,7.5,7.3,7.5,7.2,20
199,Pizza Fast Feel - Thủ Đức,10.8443640000000,106.7621770000000,"104 Đặng Văn Bi, Tp. Thủ Đức, TP. HCM","Quán ăn, ","Bánh mì, Bún, Mì, Pizza & Pasta, Ăn vặt - Ăn nhẹ, Fastfood - Thức ăn nhanh, ","Món Việt, ",09:00 - 23:00,09:00 - 23:00,09:00 - 23:00,09:00 - 23:00,09:00 - 23:00,09:00 - 23:00,09:00 - 23:00,yes,no,yes,18.000 -120.000,7.8,7.7,7.7,7.8,21
199,Pizza Fast Feel - Đỗ Xuân Hợp,10.8159970000000,106.7745780000000,"521 Đỗ Xuân Hợp, P. Phước Long B, Tp. Thủ Đức, TP. HCM","Quán ăn, ","Thịt Gà, Thịt Bò, Bún, Thịt Heo, Hủ tiếu, Hải sản, Món nước, Mì, Miến, Pizza & Pasta, Ăn vặt - Ăn nhẹ, Thức uống, Fastfood - Thức ăn nhanh, ","Món Âu, ",08:00 - 22:45,08:00 - 22:45,08:00 - 22:45,08:00 - 22:45,08:00 - 22:45,08:00 - 22:45,08:00 - 22:45,no,no,yes,12.000 -120.000,8.0,8.0,7.0,7.8,1
199,Pizza Fast Feel - Lê Văn Việt,10.8450617000000,106.7922227000000,"441 Lê Văn Việt, P. Tăng Nhơn Phú A, Tp. Thủ Đức, TP. HCM","Quán ăn, ","Pizza & Pasta, Salad, Fastfood - Thức ăn nhanh, ",,09:00 - 21:30,09:00 - 21:30,09:00 - 21:30,09:00 - 21:30,09:00 - 21:30,09:00 - 21:30,09:00 - 21:30,no,no,no,,0.0,0.0,0.0,_._,0
200,Crystal Jade Kitchen - Vincom Mega Mall,10.8021930000000,106.7409710000000,"L5-05-07 Vincom Mega Mall Thảo Điền, 161 Xa Lộ Hà Nội, P. Thảo Điền, Tp. Thủ Đức, TP. HCM","Nhà hàng, ","Thịt Bò, Thịt Heo, Món nước, Lẩu, Cháo, Dimsum, ","Món Á, Món Trung Hoa, ",10:00 - 22:00,10:00 - 22:00,10:00 - 22:00,10:00 - 22:00,10:00 - 22:00,10:00 - 22:00,10:00 - 22:00,no,yes,yes,50.000 -200.000,9.0,8.5,9.0,8.7,19
201,Green Chay - Cơm Chay & Bún Chay - Quốc Hương,10.8043988000000,106.7313900000000,"33/12 Quốc Hương, P. Thảo Điền, Tp. Thủ Đức, TP. HCM","Ăn chay, ","Bún, Cháo, Salad, Cơm văn phòng, Cơm, ","Món Việt, ",10:00 - 21:30,10:00 - 21:30,10:00 - 21:30,10:00 - 21:30,10:00 - 21:30,10:00 - 21:30,10:00 - 21:30,no,no,no,9.000 -99.000,9.7,9.4,9.2,9.4,15
202,Lang Thang Quán - Xiên Que Nướng & Lẩu Tự Chọn,10.8469500000000,106.7677260000000,"27 Công Lý, P. Bình Thọ, Tp. Thủ Đức, TP. HCM","Quán ăn, ","Lẩu, Ăn vặt - Ăn nhẹ, ","Món Việt, ",03:00 - 22:00,03:00 - 22:00,03:00 - 22:00,03:00 - 22:00,03:00 - 22:00,03:00 - 22:00,03:00 - 22:00,no,no,no,50.000 -220.000,7.7,7.5,7.3,7.3,29
203,Lẩu Bò Hai Tín,10.7960120000000,106.7309080000000,"60 Trần Não, P. Bình An, Tp. Thủ Đức, TP. HCM","Quán ăn, ","Thịt Bò, Bún, Mì, Bê thui, Lẩu, ","Món Việt, ",10:00 - 22:00,10:00 - 22:00,10:00 - 22:00,10:00 - 22:00,10:00 - 22:00,10:00 - 22:00,10:00 - 22:00,no,no,no,100.000 -165.000,8.2,7.8,7.3,7.8,19
204,Tôn Cafe & Beer - Trà Olong Trái Cây - Man Thiện,10.8536935000000,106.7888804000000,"127/2 Man Thiện, P. Hiệp Phú, Tp. Thủ Đức, TP. HCM","Ăn vặt/vỉa hè, Café/Dessert, ","Sinh tố - Nước ép, Thức uống, Bia, ","Món Việt, Món Miền Nam, ",06:00 - 17:00,06:00 - 17:00,06:00 - 17:00,06:00 - 17:00,07:00 - 17:00,07:00 - 17:00,06:00 - 17:00,yes,no,yes,,9.5,9.6,9.5,9.4,22
205,Shu Tươi Pudin - Shop Online,10.7908340000000,106.7582700000000,"25 Đường Số 38, P. Bình Trưng Tây, Tp. Thủ Đức, TP. HCM","Shop Online, ",,"Món Việt, ",11:00 - 21:00,11:00 - 21:00,11:00 - 21:00,11:00 - 21:00,11:00 - 21:00,11:00 - 21:00,11:00 - 21:00,yes,yes,yes,40.000 -40.000,7.3,6.6,6.1,6.5,32
206,The Cake Garden - Khu Vườn Bánh Ngọt,10.8648020000000,106.7269600000000,"Block A1, Chung Cư Sunview Town, Gò Dưa, P. Hiệp Bình Phước, Tp. Thủ Đức, TP. HCM","Tiệm bánh, ","Bánh - Kẹo, Ăn vặt - Ăn nhẹ, ","Món Việt, ",06:00 - 21:00,06:00 - 21:00,06:00 - 21:00,06:00 - 21:00,06:00 - 21:00,06:00 - 21:00,06:00 - 21:00,yes,no,no,60.000 -200.000,8.3,7.8,6.2,7.5,31
207,Phúc Long Crescent Mall,10.7291550000000,106.7185310000000,"Tầng G Crescent Mall, 101 Tôn Dật Tiên, P. Tân Phú, Quận 7, TP. HCM","Café/Dessert, ","Bánh mì, Trà, Cơm Chiên, Café - Kem, Ăn vặt - Ăn nhẹ, Cơm, Trà sữa, ","Món Việt, ",07:00 - 22:00,07:00 - 22:00,07:00 - 22:00,07:00 - 22:00,07:00 - 22:00,07:00 - 22:00,07:00 - 22:00,no,no,yes,30.000 -50.000,7.4,6.8,7.5,7.2,401
207,Phúc Long 63 Mạc Thị Bưởi,10.7746900000000,106.7043690000000,"63 Mạc Thị Bưởi, P. Bến Nghé, Quận 1, TP. HCM","Café/Dessert, ","Trà, Café - Kem, Sinh tố - Nước ép, Thức uống, Trà sữa, ","Món Việt, ",08:00 - 21:30,08:00 - 21:30,08:00 - 21:30,08:00 - 21:30,08:00 - 21:30,08:00 - 21:30,08:00 - 21:30,no,no,yes,25.000 -44.000,7.7,6.9,6.1,7.0,119
207,Phúc Long Centre Point,10.7971700000000,106.6733250000000,"Tầng Trệt Center Point, 106 Nguyễn Văn Trỗi, P. 8, Quận Phú Nhuận, TP. HCM","Café/Dessert, ","Trà, Café - Kem, Sinh tố - Nước ép, Thức uống, Nước ngọt, Trà sữa, ","Món Việt, ",10:00 - 20:30,10:00 - 20:30,10:00 - 20:30,10:00 - 20:30,10:00 - 20:30,10:00 - 20:30,10:00 - 20:30,yes,no,no,25.000 -44.000,7.0,6.7,6.7,6.6,70
207,Phúc Long 188 Trần Hưng Đạo,10.7525153000000,106.6666936000000,"188 Trần Hưng Đạo, P. 11, Quận 5, TP. HCM","Café/Dessert, ","Bánh mì, Trà, Café - Kem, Sinh tố - Nước ép, Ăn vặt - Ăn nhẹ, Thức uống, Trà sữa, ","Món Việt, ",07:15 - 21:30,07:15 - 21:30,07:15 - 21:30,07:15 - 21:30,07:15 - 21:30,07:15 - 21:30,07:15 - 21:30,no,no,yes,25.000 -77.000,6.8,6.1,6.5,6.5,125
207,Phúc Long Coffee & Tea - SC VivoCity,10.7296716000000,106.7031452000000,"Tầng 1 - 41A - 41B SC VivoCity, 1058 Nguyễn Văn Linh, KP. 1, P. Tân Phong, Quận 7, TP. HCM","Café/Dessert, ","Café - Kem, Sinh tố - Nước ép, Thức uống, Trà sữa, ","Món Việt, ",07:00 - 21:00,07:00 - 21:00,07:00 - 21:00,07:00 - 21:00,07:00 - 21:00,07:00 - 21:00,07:00 - 21:00,no,no,yes,30.000 -100.000,7.8,7.1,7.7,7.4,214
207,Phúc Long Nowzone,10.7640025000000,106.6826052000000,"Tầng Trệt - Nowzone, 235 Nguyễn Văn Cừ, P. Nguyễn Cư Trinh, Quận 1, TP. HCM","Café/Dessert, ","Trà, Café - Kem, Sinh tố - Nước ép, Thức uống, Nước ngọt, Trà sữa, ","Món Việt, ",08:00 - 21:30,08:00 - 21:30,08:00 - 21:30,08:00 - 21:30,08:00 - 21:30,08:00 - 21:30,08:00 - 21:30,yes,no,yes,25.000 -77.000,7.3,6.6,7.1,7.1,441
207,Phúc Long Phạm Hồng Thái,10.7714890000000,106.6955685000000,"42 Phạm Hồng Thái, P. Bến Thành, Quận 1, TP. HCM","Café/Dessert, ","Trà, Café - Kem, Sinh tố - Nước ép, Thức uống, Nước ngọt, Trà sữa, ","Món Việt, ",08:00 - 21:30,08:00 - 21:30,08:00 - 21:30,08:00 - 21:30,08:00 - 21:30,08:00 - 21:30,08:00 - 21:30,yes,no,yes,25.000 -77.000,6.8,6.3,7.0,6.8,224
207,Phúc Long Cộng Hoà,10.8005320000000,106.6606130000000,"1B Cộng Hòa, Quận Tân Bình, TP. HCM","Café/Dessert, ","Trà, Café - Kem, Sinh tố - Nước ép, Thức uống, Trà sữa, ","Món Việt, ",08:00 - 21:30,08:00 - 21:30,08:00 - 21:30,08:00 - 21:30,08:00 - 21:30,08:00 - 21:30,08:00 - 21:30,yes,yes,yes,25.000 -77.000,7.1,6.4,7.0,6.8,370
207,Phúc Long AEON Mall Bình Tân,10.7428274000000,106.6119296000000,"Tầng 1, Aeon Mall Bình Tân, 1 Đường Số 17A, P. Bình Trị Đông, Quận Bình Tân, TP. HCM","Café/Dessert, ","Café - Kem, Sinh tố - Nước ép, Thức uống, Trà sữa, ","Món Việt, ",08:00 - 21:00,08:00 - 21:00,08:00 - 21:00,08:00 - 21:00,08:00 - 21:00,08:00 - 21:00,08:00 - 21:00,no,no,yes,30.000 -50.000,6.9,6.8,7.4,6.9,109
207,Phúc Long Lê Văn Sỹ,10.7875140000000,106.6788310000000,"350 Lê Văn Sỹ, P. 14, Quận 3, TP. HCM","Café/Dessert, ","Trà, Café - Kem, Sinh tố - Nước ép, Thức uống, Trà sữa, ","Món Việt, ",08:00 - 21:30,08:00 - 21:30,08:00 - 21:30,08:00 - 21:30,08:00 - 21:30,08:00 - 21:30,08:00 - 21:30,no,no,yes,50.000 -200.000,0.0,0.0,0.0,4.9,25
207,Phúc Long Coffee & Tea - TTTM Takashimaya,10.7731300000000,106.7003480000000,"Tầng Hầm 2 - TTTM Takashimaya, 92 - 94 Nam Kỳ Khởi Nghĩa, P. Bến Nghé, Quận 1, TP. HCM","Café/Dessert, ","Café - Kem, Thức uống, Trà sữa, ","Món Việt, ",09:30 - 21:30,09:30 - 21:30,09:30 - 21:30,09:30 - 21:30,09:30 - 21:30,09:30 - 21:30,09:30 - 21:30,yes,no,yes,25.000 -80.000,7.4,7.1,6.6,7.1,59
207,Phúc Long Nguyễn Thái Học,10.7680630000000,106.6951130000000,"157 - 159 Nguyễn Thái Học, P. Phạm Ngũ Lão, Quận 1, TP. HCM","Café/Dessert, ","Trà, Trà chanh, Sinh tố - Nước ép, Thức uống, Nước ngọt, Trà sữa, ","Món Việt, ",08:00 - 21:30,08:00 - 21:30,08:00 - 21:30,08:00 - 21:30,08:00 - 21:30,08:00 - 21:30,08:00 - 21:30,yes,no,yes,30.000 -80.000,6.8,6.3,6.8,6.7,157
208,"Le Juice - Sinh Tố, Nước Ép, Trái Cây Dầm - Đường Số 9",10.7932847000000,106.7346162000000,"1/2 Đường Số 9, P. Bình An, Tp. Thủ Đức, TP. HCM","Café/Dessert, ","Trà, Sinh tố - Nước ép, Thức uống, ",,09:00 - 21:00,09:00 - 21:00,09:00 - 21:00,09:00 - 21:00,09:00 - 21:00,09:00 - 21:00,09:00 - 21:00,no,no,no,12.000 -37.000,10.0,10.0,10.0,10.0,21
209,Shamoji Robata Yaki - Ẩm Thực Nhật Bản - Xuân Thủy,10.8035260000000,106.7329280000000,"59 Xuân Thủy, P. Thảo Điền, Tp. Thủ Đức, TP. HCM","Nhà hàng, ","Đậu hũ, Thịt Bò, Hải sản, Món nước, Sushi & Sashimi, ","Món Á, Món Nhật, ","10:30 - 13:45, 16:30 - 21:00","10:30 - 13:45, 16:30 - 21:00","10:30 - 13:45, 16:30 - 21:00","10:30 - 13:45, 16:30 - 21:00","10:30 - 13:45, 16:30 - 21:00","10:30 - 13:45, 16:30 - 21:00","10:30 - 13:45, 16:30 - 21:00",no,yes,yes,80.000 -500.000,8.4,8.7,8.3,8.3,10
210,Cao Nguyên - Bò Beefsteak,10.8470360000000,106.7655660000000,"43 Dân Chủ, P. Bình Thọ, Tp. Thủ Đức, TP. HCM","Quán ăn, ","Thịt Bò, Ăn vặt - Ăn nhẹ, ","Món Việt, Món Bắc, Món Miền Trung, Món Miền Nam, ","07:00 - 14:00, 16:00 - 22:00","07:00 - 14:00, 16:00 - 22:00","07:00 - 14:00, 16:00 - 22:00","07:00 - 14:00, 16:00 - 22:00","07:00 - 14:00, 16:00 - 22:00","07:00 - 14:00, 16:00 - 22:00","07:00 - 14:00, 16:00 - 22:00",no,yes,no,50.000 -66.000,0.0,0.0,0.0,5.2,33
211,SaSin - Mì Cay 7 Cấp Độ Hàn Quốc - Nguyễn Thị Định,10.7797350000000,106.7627380000000,"494 Nguyễn Thị Định, P. Thạnh Mỹ Lợi, Tp. Thủ Đức, TP. HCM","Quán ăn, ","Thịt Gà, Hải sản, Món nước, Mì, Lẩu, ","Món Á, Món Hàn, ",09:00 - 22:30,09:00 - 22:30,09:00 - 22:30,09:00 - 22:30,09:00 - 22:30,09:00 - 22:30,09:00 - 22:30,no,no,yes,15.000 -80.000,7.0,7.5,7.8,7.5,19
212,La Perla - Foam Tea HongKong - Đường Số 385,10.8477812000000,106.7916154000000,"B2/1 Đường Số 385, P. Tăng Nhơn Phú A, Tp. Thủ Đức, TP. HCM","Café/Dessert, ","Trà, Sinh tố - Nước ép, Thức uống, Cocktail, Trà sữa, Sữa, ","Món Á, Món Trung Hoa, ",08:30 - 22:30,08:30 - 22:30,08:30 - 22:30,08:30 - 22:30,08:30 - 22:30,08:30 - 22:30,08:30 - 22:30,yes,no,yes,33.000 -53.000,7.5,7.7,7.8,7.6,24
212,La Perla - Foam Tea HongKong - Đường Số 265,10.8468900000000,106.7864800000000,"169 Đường 265, P. Hiệp Phú, Tp. Thủ Đức, TP. HCM","Café/Dessert, ","Trà, Sinh tố - Nước ép, Thức uống, Cocktail, Trà sữa, Sữa, ","Món Á, Món Trung Hoa, ",08:30 - 22:30,08:30 - 22:30,08:30 - 22:30,08:30 - 22:30,08:30 - 22:30,08:30 - 22:30,08:30 - 22:30,no,no,yes,33.000 -53.000,8.9,8.5,7.6,8.3,10
212,La Perla - Foam Tea Hong Kong - Đường Số 12,10.8381509000000,106.7730690000000,"Số 2 Đường Số 12, P. Tăng Nhơn Phú B, Tp. Thủ Đức, TP. HCM","Café/Dessert, Quán ăn, ","Trà, Thức uống, Trà sữa, Sữa, ",,09:00 - 22:30,09:00 - 22:30,09:00 - 22:30,09:00 - 22:30,09:00 - 22:30,09:00 - 22:30,09:00 - 22:30,no,no,no,33.000 -53.000,0.0,0.0,0.0,_._,0
213,Trà Trái Cây Chị Thảo - Trà Mảng Cầu & Trà Dâu Tằm Hạc Đác,10.8359602000000,106.7667329000000,"606 Xa Lộ Hà Nội, P. Phước Long B, Tp. Thủ Đức, TP. HCM","Ăn vặt/vỉa hè, ","Trà chanh, Sinh tố - Nước ép, Thức uống, Trà sữa, ",,10:00 - 20:00,10:00 - 20:00,10:00 - 20:00,10:00 - 20:00,10:00 - 20:00,10:00 - 20:00,10:00 - 20:00,no,yes,yes,,10.0,10.0,9.9,10.0,52
214,Osterberg Ice Cream - Xuân Thủy,10.8036200000000,106.7347580000000,"94 Xuân Thủy, P. Thảo Điền, Tp. Thủ Đức, TP. HCM","Café/Dessert, ","Café - Kem, ","Bắc Âu, ",12:00 - 22:00,12:00 - 22:00,12:00 - 22:00,12:00 - 22:00,12:00 - 22:00,12:00 - 22:00,12:00 - 22:00,no,no,no,50.000 -370.000,8.7,8.4,7.8,8.1,18
215,Mr. Tôm - Sushi Đường Phố - Man Thiện,10.8500843000000,106.7939501000000,"435 Man Thiện, P. Tăng Nhơn Phú A, Tp. Thủ Đức, TP. HCM","Quán ăn, ","Sushi & Sashimi, Ăn vặt - Ăn nhẹ, ","Món Á, Món Nhật, ",10:00 - 22:00,10:00 - 22:00,10:00 - 22:00,10:00 - 22:00,10:00 - 22:00,10:00 - 22:00,10:00 - 22:00,no,no,no,8.000 -129.000,7.0,7.2,7.0,7.1,17
216,Cơm Chay Diệu Giác,10.7887350000000,106.7301620000000,"177 Trần Não, P. Bình An, Tp. Thủ Đức, TP. HCM","Ăn chay, Quán ăn, ","Món chay, ","Món Việt, ",06:00 - 20:00,06:00 - 20:00,06:00 - 20:00,06:00 - 20:00,06:00 - 20:00,06:00 - 20:00,06:00 - 20:00,no,no,no,15.000 -55.000,6.9,0.0,6.1,6.4,21
217,Sushi Buffet Kunimoto,10.7952830000000,106.7312110000000,"65 Trần Não, P. Bình An, Tp. Thủ Đức, TP. HCM","Quán ăn, ","Món nước, Sushi & Sashimi, Cơm văn phòng, Cơm, ","Món Á, Món Nhật, ",10:30 - 22:00,10:30 - 22:00,10:30 - 22:00,10:30 - 22:00,10:30 - 22:00,10:30 - 22:00,10:30 - 22:00,yes,no,yes,18.000 -290.000,6.6,7.4,8.0,7.3,19
217,Sushi Buffet Kunimoto - 143 Thống Nhất,10.8486331000000,106.7715117000000,"143 Thống Nhất, P. Bình Thọ, Tp. Thủ Đức, TP. HCM","Quán ăn, ","Sushi & Sashimi, ",,10:30 - 22:00,10:30 - 22:00,10:30 - 22:00,10:30 - 22:00,10:30 - 22:00,10:30 - 22:00,10:30 - 22:00,no,no,no,18.000 -290.000,10.0,10.0,10.0,10.0,1
217,Sushi Buffet Kunimoto - Nguyễn Tuyển,10.7858122000000,106.7646115000000,"44 Nguyễn Tuyển, P. Bình Trưng Tây, Tp. Thủ Đức, TP. HCM","Nhà hàng, ","Sushi & Sashimi, ",,09:00 - 21:00,09:00 - 21:00,09:00 - 21:00,09:00 - 21:00,09:00 - 21:00,09:00 - 21:00,09:00 - 21:00,no,no,no,10.000 -350.000,10.0,10.0,7.0,8.4,1
217,Sushi Buffet Kunimoto - Trương Công Định,10.7936892000000,106.6401770000000,"196 Trương Công Định, P. 14, Quận Tân Bình, TP. HCM","Quán ăn, ","Sushi & Sashimi, ",,10:00 - 22:00,10:00 - 22:00,10:00 - 22:00,10:00 - 22:00,10:00 - 22:00,10:00 - 22:00,10:00 - 22:00,no,no,no,18.000 -290.000,10.0,10.0,10.0,10.0,1
217,Sushi Buffet Kunimoto - Phạm Văn Chiêu,10.8472720000000,106.6453685000000,"153 Phạm Văn Chiêu, P. 8, Quận Gò Vấp, TP. HCM","Quán ăn, ","Sushi & Sashimi, ",,11:00 - 23:59,11:00 - 23:59,11:00 - 23:59,11:00 - 23:59,11:00 - 23:59,11:00 - 23:59,11:00 - 23:59,no,no,no,18.000 -290.000,0.0,0.0,0.0,_._,0
218,Harvest Baking Bakery - Bánh Mì Tươi Ngon,10.8451130000000,106.7119781000000,"5 Đường Số 7, KĐT Vạn Phúc, P. Hiệp Bình Phước, Tp. Thủ Đức, TP. HCM","Shop Online, ","Bánh mì, Cupcake, Bánh - Kẹo, ","Món Việt, Quốc tế, ",09:00 - 13:00,09:00 - 13:00,09:00 - 13:00,09:00 - 13:00,09:00 - 13:00,09:00 - 13:00,Đang cập nhật,yes,yes,yes,18.000 -625.000,9.4,9.3,6.9,8.0,25
219,"Kim Kê Phở - Phở Gà, Phở Trộn, Bún Thang - Cao Đức Lân",10.7913917000000,106.7415468000000,"162 Cao Đức Lân, P. An Phú, Tp. Thủ Đức, TP. HCM","Quán ăn, ","Thịt Gà, Phở, Bún, Món nước, Miến, ","Món Việt, ",06:00 - 14:00,06:00 - 14:00,"06:00 - 14:00, 17:00 - 21:00","06:00 - 14:00, 17:00 - 21:00","06:00 - 14:00, 17:00 - 21:00","06:00 - 14:00, 17:00 - 21:00","06:00 - 14:00, 17:00 - 21:00",no,no,no,40.000 -95.000,9.0,8.6,8.6,8.6,19
219,"Kim Kê Phở - Phở Gà, Phở Trộn, Bún Thang - Chung Cư Sky9",10.8043060000000,106.7906600000000,"Shophouse S010-CT2 Chung Cư Sky9, P. Phú Hữu, Tp. Thủ Đức, TP. HCM","Quán ăn, ","Phở, Bún, Thịt Bò, Món nước, Miến, ","Món Việt, ","06:00 - 14:00, 17:00 - 21:00","06:00 - 14:00, 17:00 - 21:00","06:00 - 14:00, 17:00 - 21:00","06:00 - 14:00, 17:00 - 21:00","06:00 - 14:00, 17:00 - 21:00","06:00 - 14:00, 17:00 - 21:00","06:00 - 14:00, 17:00 - 21:00",no,no,no,40.000 -95.000,0.0,0.0,0.0,_._,0
219,"Kim Kê Phở - Phở Gà, Phở Trộn, Bún Thang - Trần Ngọc Diện",10.8047920000000,106.7393959000000,"19 Trần Ngọc Diện, P. Thảo Điền, Tp. Thủ Đức, TP. HCM","Quán ăn, ","Thịt Bò, Bún, Món nước, Miến, ","Món Việt, ","06:00 - 12:00, 17:00 - 20:30","06:00 - 12:00, 17:00 - 20:30","06:00 - 12:00, 17:00 - 20:30","06:00 - 12:00, 17:00 - 20:30","06:00 - 12:00, 17:00 - 20:30","06:00 - 12:00, 17:00 - 20:30","06:00 - 12:00, 17:00 - 20:30",no,no,yes,20.000 -100.000,0.0,0.0,0.0,_._,0
219,"Kim Kê Phở - Phở Gà, Phở Trộn, Bún Thang - Homyland Riverside",10.7898705000000,106.7686846000000,"Shop 12 - Homyland Riverside - 403A Nguyễn Duy Trinh, P. Bình Trưng Tây, Tp. Thủ Đức, TP. HCM","Quán ăn, ","Phở, Bún, ",,06:00 - 22:00,06:00 - 22:00,06:00 - 22:00,06:00 - 22:00,06:00 - 22:00,06:00 - 22:00,06:00 - 22:00,no,no,no,,0.0,0.0,0.0,_._,0
220,Cơm Tấm Kiều Giang - Xa Lộ Hà Nội,10.8394700000000,106.7684200000000,"652 Xa Lộ Hà Nội, Phước Long B, Tp. Thủ Đức, TP. HCM","Quán ăn, ","Cơm Tấm, Thịt Bò, Bún, Hủ tiếu, Mì, Miến, Cơm, ","Món Việt, ",05:30 - 17:00,05:30 - 17:00,05:30 - 17:00,05:30 - 17:00,05:30 - 17:00,05:30 - 17:00,05:30 - 17:00,no,no,no,15.000 -55.000,0.0,0.0,6.2,5.2,29
221,Lẩu Ếch Cô Tư,10.8653281223483,106.7330119013786,"Hẻm 27, Đường 12, KP 4, P. Tam Bình, Tp. Thủ Đức, TP. HCM","Quán ăn, ","Thịt Ếch, Lẩu, Đặc sản vùng, ","Món Việt, ",16:00 - 22:00,16:00 - 22:00,16:00 - 22:00,16:00 - 22:00,16:00 - 22:00,16:00 - 22:00,16:00 - 22:00,no,no,no,25.000 -120.000,8.4,7.3,6.8,7.4,17
222,"Mr. Y'a Bon - Cafe, Crepe & Gaufres",10.8032440000000,106.7286020000000,"18 Nguyễn Cừ, P. Thảo Điền, Tp. Thủ Đức, TP. HCM","Café/Dessert, ","Trà, Crepe, Bánh - Kẹo, Café - Kem, Sinh tố - Nước ép, Thức uống, Nước ngọt, ","Món Việt, Món Âu, Pháp, ",08:00 - 21:00,08:00 - 21:00,08:00 - 21:00,08:00 - 21:00,08:00 - 21:00,08:00 - 21:00,08:00 - 21:00,no,no,yes,30.000 -300.000,8.8,8.5,8.4,8.3,15
223,Emi Forever - Hội Nghị & Tiệc Cưới,10.8419890000000,106.7649970000000,"1 Công Lý, P. Bình Thọ, Tp. Thủ Đức, TP. HCM","Nhà hàng, Tiệc cưới/Hội nghị, ","Thịt Heo, Hải sản, Lẩu, Đặc sản rừng, Thịt Thỏ, ","Món Việt, ",07:00 - 22:00,07:00 - 22:00,07:00 - 22:00,07:00 - 22:00,07:00 - 22:00,07:00 - 22:00,07:00 - 22:00,no,yes,no,100.000 -660.000,0.0,0.0,0.0,5.0,18
224,Khu Ăn Vặt Đại Học Nông Lâm,10.8721030000000,106.7928170000000,"KP. 6, Quốc Lộ 1A, P. Linh Trung, Tp. Thủ Đức, TP. HCM","Ăn vặt/vỉa hè, ","Ăn vặt - Ăn nhẹ, Thức uống, ","Món Việt, ",15:00 - 22:00,15:00 - 22:00,15:00 - 22:00,15:00 - 22:00,15:00 - 22:00,15:00 - 22:00,15:00 - 22:00,no,yes,yes,5.000 -50.000,7.3,7.1,7.0,7.4,26
225,Hip's House Coffee & Tea,10.8473338727655,106.7697668820619,"15 Chu Mạnh Trinh, P. Bình Thọ, Tp. Thủ Đức, TP. HCM","Café/Dessert, ","Café - Kem, ","Món Việt, ",07:00 - 22:00,07:00 - 22:00,07:00 - 22:00,07:00 - 22:00,07:00 - 22:00,07:00 - 22:00,07:00 - 22:00,no,no,yes,15.000 -40.000,7.7,7.7,8.9,7.8,16
226,The Uni - Tea Coffee & Cake,10.8026798000000,106.7379898000000,"17 Thảo Điền, P. Thảo Điền, Tp. Thủ Đức, TP. HCM","Café/Dessert, ","Hamburger, Bún, Hủ tiếu, ",,09:00 - 21:00,09:00 - 21:00,09:00 - 21:00,09:00 - 21:00,09:00 - 21:00,09:00 - 21:00,09:00 - 21:00,yes,no,yes,,9.7,9.6,9.9,9.6,21
227,Cháo Cá Miền Tây 2,10.8395710000000,106.7676580000000,"3 Nguyễn Văn Bá, P. Bình Thọ, Tp. Thủ Đức, TP. HCM","Quán ăn, ","Thịt Ếch, Bồ Câu, Cơm Chiên, Bún, Hải sản, Lẩu, Cơm, Thức uống, ","Món Việt, Món Miền Nam, ",08:00 - 22:00,08:00 - 22:00,08:00 - 22:00,08:00 - 22:00,08:00 - 22:00,08:00 - 22:00,08:00 - 22:00,no,yes,no,50.000 -275.000,6.4,6.2,6.1,6.3,19
228,Beefsteak Only - 939 Lũy Bán Bích,10.7915010000000,106.6375010000000,"939 Lũy Bán Bích, P. Tân Thành, Quận Tân Phú, TP. HCM","Quán ăn, ","Thịt Bò, Bún, Beefsteak - Bò né, Mì, Café - Kem, Sinh tố - Nước ép, Ăn vặt - Ăn nhẹ, Thức uống, Bia, Nước ngọt, Trái cây, ","Món Việt, ",09:00 - 22:00,09:00 - 22:00,09:00 - 22:00,09:00 - 22:00,09:00 - 22:00,09:00 - 22:00,09:00 - 22:00,no,no,no,45.000 -75.000,0.0,0.0,0.0,5.6,60
228,Beefsteak Only - Thống Nhất,10.8441500000000,106.7690570000000,"29 Thống Nhất, P. Bình Thọ, Tp. Thủ Đức, TP. HCM","Quán ăn, ","Thịt Bò, Beefsteak - Bò né, ","Món Việt, ",06:00 - 22:00,06:00 - 22:00,06:00 - 22:00,06:00 - 22:00,06:00 - 22:00,06:00 - 22:00,06:00 - 22:00,no,no,yes,30.000 -70.000,0.0,0.0,0.0,4.1,33
228,Beefsteak Only - Hàn Thuyên,10.8460630000000,106.7702650000000,"3 Hàn Thuyên, P. Bình Thọ, Tp. Thủ Đức, TP. HCM","Quán ăn, ","Thịt Bò, Beefsteak - Bò né, ","Món Việt, ",06:00 - 21:00,06:00 - 21:00,06:00 - 21:00,06:00 - 21:00,06:00 - 21:00,06:00 - 21:00,06:00 - 21:00,no,no,no,40.000 -80.000,6.3,0.0,0.0,5.9,28
228,Beefsteak Only - Bà Hom,10.7549280000000,106.6298210000000,"A19 Bà Hom, P. 13, Quận 6, TP. HCM","Quán ăn, ","Bánh mì, Beefsteak - Bò né, Thịt Bò, Bún, Mì, Miến, Bánh - Kẹo, ","Món Việt, ",06:00 - 22:00,06:00 - 22:00,06:00 - 22:00,06:00 - 22:00,06:00 - 22:00,06:00 - 22:00,06:00 - 22:00,no,no,yes,30.000 -70.000,0.0,0.0,6.2,5.8,33
229,Cháo Ếch Singapore Việt Sing - Đường Số 6,10.8599150000000,106.7670270000000,"90 Đường Số 6, P. Linh Trung, Tp. Thủ Đức, TP. HCM","Quán ăn, ","Thịt Ếch, Đậu hũ, Cháo, Đặc sản vùng, ","Món Á, Singapore, ",11:00 - 23:00,11:00 - 23:00,11:00 - 23:00,11:00 - 23:00,11:00 - 23:00,11:00 - 23:00,11:00 - 23:00,yes,no,yes,30.000 -85.000,9.3,9.5,9.1,9.4,15
229,Cháo Ếch Singapore Việt Sing - Man Thiện,10.8489050000000,106.7975030000000,"236 Man Thiện, P. Tăng Nhơn Phú A, Tp. Thủ Đức, TP. HCM","Quán ăn, ","Thịt Ếch, Cháo, ","Món Á, Singapore, ",11:00 - 23:00,11:00 - 23:00,11:00 - 23:00,11:00 - 23:00,11:00 - 23:00,11:00 - 23:00,11:00 - 23:00,no,no,yes,5.000 -100.000,0.0,0.0,0.0,_._,0
229,Cháo Ếch Singapore Việt-Sing - Quốc Lộ 1A,10.8618940000000,106.6934470000000,"442/21/34 Quốc Lộ 1A, P. An Phú Đông, Quận 12, TP. HCM","Café/Dessert, Quán ăn, ","Cháo, ",,11:00 - 23:00,11:00 - 23:00,11:00 - 23:00,11:00 - 23:00,11:00 - 23:00,11:00 - 23:00,11:00 - 23:00,no,no,no,30.000 -80.000,10.0,10.0,10.0,10.0,1
229,Cháo Ếch Singapore Việt-Sing - Lý Chiêu Hoàng,10.7396054000000,106.6316481000000,"52G Lý Chiêu Hoàng, P. 10, Quận 6, TP. HCM","Café/Dessert, Quán ăn, ","Cháo, ",,11:00 - 23:00,11:00 - 23:00,11:00 - 23:00,11:00 - 23:00,11:00 - 23:00,11:00 - 23:00,11:00 - 23:00,no,no,no,30.000 -80.000,10.0,10.0,9.0,9.6,1
229,Cháo Ếch Singapore Việt Sing - Nguyễn Hữu Cảnh,10.7966620000000,106.7192406000000,"135/20 Nguyễn Hữu Cảnh, P. 22, Quận Bình Thạnh, TP. HCM","Quán ăn, ","Cháo, ",,00:01 - 23:59,00:01 - 23:59,00:01 - 23:59,00:01 - 23:59,00:01 - 23:59,00:01 - 23:59,00:01 - 23:59,no,no,no,10.000 -100.000,0.0,0.0,0.0,_._,0
229,Cháo Ếch Singapore Việt Sing - 47A Vườn Lài,10.8571460000000,106.6925710000000,"47A Vườn Lài, P. An Phú Đông, Quận 12, TP. HCM","Quán ăn, ","Cháo, ",,11:00 - 23:59,11:00 - 23:59,11:00 - 23:59,11:00 - 23:59,11:00 - 23:59,11:00 - 23:59,11:00 - 23:59,no,no,no,30.000 -85.000,0.0,0.0,0.0,_._,0
229,Cháo Ếch Singapore Việt Sing - Hoàng Văn Thụ,10.8004562000000,106.6627281000000,"271 Hoàng Văn Thụ, P. 2, Quận Tân Bình, TP. HCM","Quán ăn, ","Cháo, ",,11:00 - 23:00,11:00 - 23:00,11:00 - 23:00,11:00 - 23:00,11:00 - 23:00,11:00 - 23:00,11:00 - 23:00,no,no,no,30.000 -80.000,0.0,0.0,0.0,_._,0
229,Cháo Ếch Singapore Việt Sing - Vườn Lài,10.8490820000000,106.6955766000000,"87 Vườn Lài, P. An Phú Đông, Quận 12, TP. HCM","Quán ăn, ","Cháo, ",,11:00 - 23:00,11:00 - 23:00,11:00 - 23:00,11:00 - 23:00,11:00 - 23:00,11:00 - 23:00,11:00 - 23:00,no,no,no,,0.0,0.0,0.0,_._,0
230,Quán Phở Tín - Trần Hưng Đạo,10.8432740000000,106.7735320000000,"55 Trần Hưng Đạo, P. Hiệp Phú, Tp. Thủ Đức, TP. HCM","Quán ăn, ","Phở, Bún, Beefsteak - Bò né, Thịt Bò, Món nước, ","Món Việt, ",16:00 - 21:00,16:00 - 21:00,16:00 - 21:00,16:00 - 21:00,16:00 - 21:00,16:00 - 21:00,16:00 - 21:00,no,no,no,25.000 -35.000,8.3,7.9,7.4,7.7,18
231,Bún Đậu Mắm Tôm Mẹt Quán,10.8581586000000,106.7632370000000,"128 Hoàng Diệu 2, P. Linh Trung, Tp. Thủ Đức, TP. HCM","Quán ăn, ","Bún, Món nước, Ăn vặt - Ăn nhẹ, Nem, ","Món Bắc, ",16:00 - 23:00,16:00 - 23:00,16:00 - 23:00,16:00 - 23:00,16:00 - 23:00,16:00 - 23:00,16:00 - 23:00,no,no,yes,20.000 -40.000,0.0,0.0,0.0,5.7,24
232,Bà Ngoại Ka - Đặc Sản Bình Định - Đường N6,10.8005021000000,106.7929925000000,"Số 10 Đường N6 Khu Mega Ruby Khang Điền, Khu Phố 2, P. Phú Hữu, Tp. Thủ Đức, TP. HCM","Quán ăn, ","Bánh mì, Bánh hỏi, Lẩu, Bánh - Kẹo, Bánh bèo, Ăn vặt - Ăn nhẹ, Cơm, Bánh xèo, Bánh tằm, ","Món Miền Trung, Bình Định, ",07:00 - 21:00,07:00 - 21:00,07:00 - 21:00,07:00 - 21:00,07:00 - 21:00,07:00 - 21:00,07:00 - 21:00,no,yes,no,10.000 -40.000,6.2,6.4,0.0,6.1,23
233,Lẩu Bò Gia Đình Trung Bắc - Lẩu Nướng & Các Món Nhậu Bình Dân - Dân Chủ,10.8451941000000,106.7649529000000,"07 Dân Chủ, P. Bình Thọ, Tp. Thủ Đức, TP. HCM","Nhà hàng, Quán ăn, ","Thịt Gà, Thịt Ếch, Trà, Thịt Bò, Hải sản, Lẩu, Cá, Sinh tố - Nước ép, Đặc sản vùng, Ăn vặt - Ăn nhẹ, Thức uống, Bia, Nước ngọt, ","Món Việt, Món Bắc, Món Miền Trung, ",09:00 - 22:00,09:00 - 22:00,09:00 - 22:00,09:00 - 22:00,09:00 - 22:00,09:00 - 22:00,09:00 - 22:00,yes,no,yes,30.000 -198.000,6.9,0.0,6.7,6.3,14
234,Món Ngon Quảng Ngãi - Đặc Sản Miền Trung - Thống Nhất,10.8406437000000,106.7669190000000,"15 Thống Nhất, P. Bình Thọ, Tp. Thủ Đức, TP. HCM","Café/Dessert, Quán ăn, Quán nhậu, ","Thịt Bò, Bún, Hải sản, Mì, Cá, Nghêu - Sò - Ốc, Mực, Bánh - Kẹo, Đặc sản vùng, Bánh xèo, ","Món Miền Trung, ",10:00 - 21:40,10:00 - 21:40,10:00 - 21:40,10:00 - 21:40,10:00 - 21:40,10:00 - 21:40,10:00 - 21:40,no,no,no,10.000 -300.000,0.0,0.0,6.7,6.3,20
234,Món Ngon Quảng Ngãi - 31 Trần Não,10.7964550000000,106.7314290000000,"31 Trần Não, P. Bình An, Tp. Thủ Đức, TP. HCM","Quán ăn, ","Bún, Mì, Món nước, Bánh - Kẹo, Bánh bèo, Ăn vặt - Ăn nhẹ, Bánh xèo, Nem, ","Món Miền Trung, ",10:00 - 22:00,10:00 - 22:00,10:00 - 22:00,10:00 - 22:00,10:00 - 22:00,10:00 - 22:00,10:00 - 22:00,no,no,yes,16.000 -339.000,10.0,10.0,10.0,10.0,2
235,Pepper Lunch - AEON Mall Tân Phú,10.8013890000000,106.6177330000000,"Gian Hàng L3, AEON Mall Tân Phú, 30 Bờ Bao Tân Thắng, P. Sơn Kỳ, Quận Tân Phú, TP. HCM","Nhà hàng, ","Thịt Gà, Nấm, Thịt Heo, Thịt Bò, Hải sản, Sushi & Sashimi, Fastfood - Thức ăn nhanh, ","Món Á, Món Nhật, ",09:00 - 21:30,09:00 - 21:30,09:00 - 21:30,09:00 - 21:30,09:00 - 21:30,09:00 - 21:30,09:00 - 21:30,no,no,yes,200.000 -550.000,7.9,7.3,7.6,7.3,128
235,Pepper Lunch Express - Menas Saigon Airport,10.8133830000000,106.6655578000000,"Tầng 5 - Khu Trung Tâm Ăn Uống Yum Food Village, 60A Trường Sơn, P. 2, Quận Tân Bình, TP. HCM","Nhà hàng, ","Thịt Gà, Nấm, Thịt Heo, Beefsteak - Bò né, Thịt Bò, Hải sản, Sushi & Sashimi, Cơm, ","Món Á, Món Nhật, ",09:00 - 22:00,09:00 - 22:00,09:00 - 22:00,09:00 - 22:00,09:00 - 22:00,09:00 - 22:00,09:00 - 22:00,no,no,yes,200.000 -550.000,7.6,7.1,7.1,7.2,38
235,Pepper Lunch - Phan Huy Ích,10.8417445000000,106.6373006000000,"Tầng 3, L3-09 Số 385 Phan Huy Ích, P. 14, Quận Gò Vấp, TP. HCM","Nhà hàng, ","Cơm Chiên, Sushi & Sashimi, Cơm, Xúc xích, Fastfood - Thức ăn nhanh, ","Món Á, Món Nhật, ",09:00 - 22:00,09:00 - 22:00,09:00 - 22:00,09:00 - 22:00,09:00 - 22:00,09:00 - 22:00,09:00 - 22:00,no,no,yes,200.000 -550.000,8.0,7.1,7.3,7.3,287
235,Pepper Lunch - Saigon Centre,10.7735990000000,106.7009370000000,"Tầng 5, Saigon Centre, 65 Lê Lợi, P. Bến Nghé, Quận 1, TP. HCM","Nhà hàng, ","Thịt Bò, Lẩu, Cơm, ","Món Á, Món Nhật, ",10:00 - 22:00,10:00 - 22:00,10:00 - 22:00,10:00 - 22:00,10:00 - 22:00,10:00 - 22:00,10:00 - 22:00,no,no,yes,100.000 -200.000,7.3,7.4,7.4,7.2,59
235,Pepper Lunch Express - Giga Mall,10.8278215000000,106.7212132000000,"L3-06 Asiana Food Town, Lầu 3 TTTM GIGA MALL - 240 - 242 Phạm Văn Đồng, P. Hiệp Bình Chánh, Tp. Thủ Đức, TP. HCM","Nhà hàng, ","Thịt Bò, Cơm, ","Món Á, Món Nhật, ",10:00 - 22:00,10:00 - 22:00,10:00 - 22:00,10:00 - 22:00,10:00 - 22:00,10:00 - 22:00,10:00 - 22:00,no,no,yes,50.000 -200.000,8.4,7.7,6.9,7.5,20
235,Pepper Lunch - Estella Place,10.8019800000000,106.7481690000000,"Tầng 3, Estella Place, 88 Song Hành, P. An Phú, Tp. Thủ Đức, TP. HCM","Nhà hàng, ","Thịt Bò, Beefsteak - Bò né, Lẩu, Sushi & Sashimi, Cơm văn phòng, Cơm, ","Món Á, Món Nhật, ",10:00 - 22:00,10:00 - 22:00,10:00 - 22:00,10:00 - 22:00,10:00 - 22:00,10:00 - 22:00,10:00 - 22:00,yes,no,yes,30.000 -100.000,8.0,8.0,8.5,8.0,2
235,Pepper Lunch - Vincom Mega Mall Thảo Điền,10.8021232000000,106.7407316000000,"Tầng 5, Vincom Mega Mall Thảo Điền, 159 Xa Lộ Hà Nội, P. Thảo Điền, Tp. Thủ Đức, TP. HCM","Nhà hàng, ","Thịt Gà, Thịt Bò, Thịt Heo, Hải sản, Món nước, Mì, Cơm, ","Món Á, Món Nhật, ",09:00 - 22:00,09:00 - 22:00,09:00 - 22:00,09:00 - 22:00,09:00 - 22:00,09:00 - 22:00,09:00 - 22:00,yes,no,no,50.000 -250.000,0.0,0.0,0.0,_._,0
235,Pepper Lunch - Parkson Hùng Vương,10.7563980000000,106.6624250000000,"Tầng 3 Parkson Hùng Vương, 126 Hùng Vương, P. 12, Quận 5, TP. HCM","Nhà hàng, ","Thịt Gà, Cơm Chiên, Thịt Heo, Bún, Thịt Bò, Hải sản, Món nước, Mì, Cơm, ","Món Á, Món Nhật, ",09:00 - 22:00,09:00 - 22:00,09:00 - 22:00,09:00 - 22:00,09:00 - 22:00,09:00 - 22:00,09:00 - 22:00,yes,no,no,50.000 -250.000,0.0,0.0,0.0,_._,0
235,Pepper Lunch - Diamond Plaza,10.7808210000000,106.6984610000000,"Tầng 4 Diamond Plaza, 34 Lê Duẩn, P. Bến Nghé, Quận 1, TP. HCM","Nhà hàng, ","Thịt Gà, Thịt Bò, Thịt Heo, Hải sản, Món nước, Mì, Cơm, ","Món Á, Món Nhật, ",09:00 - 22:00,09:00 - 22:00,09:00 - 22:00,09:00 - 22:00,09:00 - 22:00,09:00 - 22:00,09:00 - 22:00,yes,no,no,50.000 -250.000,0.0,0.0,0.0,_._,0
235,Pepper Lunch Express - Crescent Mall,10.7290890000000,106.7193480000000,"Tầng 5 Crescent Mall - 101 Tôn Dật Tiên, P. Tân Phú, Quận 7, TP. HCM","Quán ăn, ","Thịt Bò, Sushi & Sashimi, ",,10:00 - 20:30,10:00 - 20:30,10:00 - 20:30,10:00 - 20:30,10:00 - 20:30,10:00 - 20:30,10:00 - 20:30,no,no,no,30.000 -200.000,0.0,0.0,0.0,_._,0
235,Pepper Lunch Express - Aeon Mall Bình Tân,10.7430343000000,106.6119416000000,"SF2, Lầu 2 Khu Foodcourt, 1 Đường Số 17A, P. Bình Trị Đông B, Quận Bình Tân, TP. HCM","Quán ăn, ","Cơm Chiên, Thịt Bò, Cơm văn phòng, Cơm, ",,10:00 - 20:30,10:00 - 20:30,10:00 - 20:30,10:00 - 20:30,10:00 - 20:30,10:00 - 20:30,10:00 - 20:30,no,no,no,,0.0,0.0,0.0,_._,0
235,Pepper Lunch - Parc Mall,10.7407919000000,106.6786550000000,"L3-02, Tầng 3 TTTM Thuộc Khối Nhà Chung Cư B1 - B5, Số 547 - 549 Đường Tạ Quang Bửu, P. 4, Quận 8, TP. HCM","Quán ăn, ","Cơm Chiên, Sushi & Sashimi, Cơm, Xúc xích, Fastfood - Thức ăn nhanh, ",,10:00 - 20:30,10:00 - 20:30,10:00 - 20:30,10:00 - 20:30,10:00 - 20:30,10:00 - 20:30,10:00 - 20:30,no,no,no,,0.0,0.0,0.0,_._,0
236,Căn Tin - Trường Đại Học Quốc Tế,10.8775338000000,106.8008296000000,"Khu Phố 6, P. Linh Trung, Tp. Thủ Đức, TP. HCM","Quán ăn, ","Món nước, Ăn vặt - Ăn nhẹ, Cơm, Thức uống, ","Món Việt, ",07:00 - 17:00,07:00 - 17:00,07:00 - 17:00,07:00 - 17:00,07:00 - 17:00,07:00 - 17:00,07:00 - 17:00,yes,no,yes,10.000 -100.000,8.1,8.0,8.0,7.9,19
237,Nhà Hàng Kim Dung - Đặng Văn Bi,10.8392010000000,106.7666960000000,"2 Đặng Văn Bi, P. Bình Thọ, Tp. Thủ Đức, TP. HCM","Nhà hàng, ","Thịt Gà, Thịt Bò, Thịt Heo, Hải sản, Lẩu, Rượu vang, Thức uống, ","Món Việt, ",10:00 - 22:00,10:00 - 22:00,10:00 - 22:00,10:00 - 22:00,10:00 - 22:00,10:00 - 22:00,10:00 - 22:00,no,no,yes,50.000 -550.000,6.0,0.0,6.8,6.3,24
238,Viva Star Coffee - Gò Dầu,10.7951860000000,106.6291200000000,"8 Gò Dầu, P. Tân Sơn Nhì, Quận Tân Phú, TP. HCM","Café/Dessert, ","Trà, Café - Kem, Sinh tố - Nước ép, Thức uống, Nước ngọt, Trà sữa, Sữa, ","Món Việt, ",09:00 - 22:00,09:00 - 22:00,09:00 - 22:00,09:00 - 22:00,09:00 - 22:00,09:00 - 22:00,09:00 - 22:00,no,no,yes,30.000 -60.000,6.0,6.0,8.5,7.4,4
238,Viva Star Coffee,10.7885730000000,106.7689520000000,"499 Nguyễn Duy Trinh, Tp. Thủ Đức, TP. HCM","Café/Dessert, ","Café - Kem, Sinh tố - Nước ép, Thức uống, Nước ngọt, Sữa, ",,09:00 - 21:00,09:00 - 21:00,09:00 - 21:00,09:00 - 21:00,09:00 - 21:00,09:00 - 21:00,09:00 - 21:00,no,no,yes,20.000 -50.000,0.0,6.0,6.4,6.2,24
238,Viva Star Coffee - K300,10.8000930000000,106.6510720000000,"15 Đường C18, Khu K300, P. 12, Quận Tân Bình, TP. HCM","Café/Dessert, ","Thức uống, ","Món Việt, ",07:00 - 23:00,07:00 - 23:00,07:00 - 23:00,07:00 - 23:00,07:00 - 23:00,07:00 - 23:00,07:00 - 23:00,no,no,yes,25.000 -50.000,6.6,6.9,7.0,7.0,8
238,Viva Star Coffee - Nguyễn Thị Nhỏ,10.7549180000000,106.6507740000000,"147 Nguyễn Thị Nhỏ, P. 16, Quận 11, TP. HCM","Café/Dessert, ","Café - Kem, Sinh tố - Nước ép, Thức uống, ","Món Việt, ",06:00 - 23:00,06:00 - 23:00,06:00 - 23:00,06:00 - 23:00,06:00 - 23:00,06:00 - 23:00,06:00 - 23:00,no,no,yes,10.000 -36.000,9.0,8.0,8.5,8.5,2
238,Viva Star Coffee - Hiền Vương,10.7812550000000,106.6273900000000,"90 Hiền Vương, Quận Tân Phú, TP. HCM","Café/Dessert, ","Trà, Café - Kem, Sinh tố - Nước ép, Thức uống, Nước ngọt, Trà sữa, Sữa, ","Món Việt, ",07:00 - 22:00,07:00 - 22:00,07:00 - 22:00,07:00 - 22:00,07:00 - 22:00,07:00 - 22:00,07:00 - 22:00,no,no,yes,15.000 -33.000,0.0,0.0,0.0,_._,0
238,Viva Star Coffee - Phú Thọ Hòa,10.7864830000000,106.6241380000000,"36 Lê Quốc Trinh, P. Phú Thọ Hoà, Quận Tân Phú, TP. HCM","Café/Dessert, ","Café - Kem, Sinh tố - Nước ép, Thức uống, Nước ngọt, Sữa, ","Món Việt, ",07:00 - 22:00,07:00 - 22:00,07:00 - 22:00,07:00 - 22:00,07:00 - 22:00,07:00 - 22:00,07:00 - 22:00,no,no,yes,30.000 -60.000,8.0,6.7,8.0,7.5,3
238,Viva Star Coffee Vĩnh Lộc,10.8155160000000,106.5941224000000,"310 Đường Số 3, P. Bình Hưng Hòa B, Quận Bình Tân, TP. HCM","Café/Dessert, ","Café - Kem, Sinh tố - Nước ép, Thức uống, Nước ngọt, Sữa, ","Món Việt, ",07:30 - 22:30,07:30 - 22:30,07:30 - 22:30,07:30 - 22:30,07:30 - 22:30,07:30 - 22:30,07:30 - 22:30,no,no,no,18.000 -50.000,7.0,6.3,6.3,6.7,3
238,Viva Star Coffee - Võ Oanh,10.8042530000000,106.7151250000000,"115 Võ Oanh (Đường D3), P. 25, Quận Bình Thạnh, TP. HCM","Café/Dessert, ","Café - Kem, Sinh tố - Nước ép, Thức uống, Nước ngọt, Sữa, ","Món Việt, ",06:00 - 23:00,06:00 - 23:00,06:00 - 23:00,06:00 - 23:00,06:00 - 23:00,06:00 - 23:00,06:00 - 23:00,no,no,yes,30.000 -35.000,0.0,0.0,0.0,3.6,4
238,Viva Star Coffee - Dân Tộc,10.7941620000000,106.6358510000000,"37 Dân Tộc, P. Tân Thành, Quận Tân Phú, TP. HCM","Café/Dessert, ","Trà, Café - Kem, Sinh tố - Nước ép, Thức uống, Nước ngọt, ","Món Việt, ",06:00 - 23:00,06:00 - 23:00,06:00 - 23:00,06:00 - 23:00,06:00 - 23:00,06:00 - 23:00,06:00 - 23:00,no,no,yes,30.000 -35.000,8.0,7.0,7.0,7.4,1
238,Viva Star Coffee - Thạch Lam,10.7765410000000,106.6314100000000,"63 Thạch Lam, P. Hiệp Tân, Quận Tân Phú, TP. HCM","Café/Dessert, ","Trà, Café - Kem, Sinh tố - Nước ép, Thức uống, Nước ngọt, Sữa, ","Món Việt, ",06:00 - 23:00,06:00 - 23:00,06:00 - 23:00,06:00 - 23:00,06:00 - 23:00,06:00 - 23:00,06:00 - 23:00,no,no,yes,30.000 -35.000,0.0,0.0,0.0,_._,0
238,Viva Star Coffee - Lê Văn Thọ,10.8473460000000,106.6571220000000,"310 Lê Văn Thọ, P. 11, Quận Gò Vấp, TP. HCM","Café/Dessert, ","Trà, Café - Kem, Sinh tố - Nước ép, Thức uống, Nước ngọt, Trà sữa, Sữa, ","Món Việt, ",06:00 - 23:00,06:00 - 23:00,06:00 - 23:00,06:00 - 23:00,06:00 - 23:00,06:00 - 23:00,06:00 - 23:00,no,no,yes,30.000 -35.000,6.6,6.2,0.0,6.3,5
238,Viva Star Coffee - Đường B2,10.8112910000000,106.6217920000000,"50A Đường B2, P. Tây Thạnh, Quận Tân Phú, TP. HCM","Café/Dessert, ","Trà, Café - Kem, Sinh tố - Nước ép, Thức uống, ","Món Việt, ",06:00 - 23:00,06:00 - 23:00,06:00 - 23:00,06:00 - 23:00,06:00 - 23:00,06:00 - 23:00,06:00 - 23:00,no,no,yes,30.000 -35.000,9.0,9.0,8.0,8.8,1
239,Hưng Oanh - Bún Chả Hà Nội,10.8156801000000,106.7707011000000,"4-6 Đường 6C, P. Phước Bình, Tp. Thủ Đức, TP. HCM","Quán ăn, ","Thịt Bò, Bún, Món nước, ","Món Việt, ","06:00 - 13:30, 16:30 - 20:30","06:00 - 13:30, 16:30 - 20:30","06:00 - 13:30, 16:30 - 20:30","06:00 - 13:30, 16:30 - 20:30","06:00 - 13:30, 16:30 - 20:30","06:00 - 13:30, 16:30 - 20:30","06:00 - 13:30, 16:30 - 20:30",no,no,yes,10.000 -100.000,8.2,8.1,8.1,8.0,18
240,"Trái Cây Quê - Sinh Tố, Nước Ép & Trái Cây Tô - Nguyễn Thị Định",10.7832411000000,106.7579669000000,"298 Nguyễn Thị Định, P. Thạnh Mỹ Lợi, Tp. Thủ Đức, TP. HCM","Ăn vặt/vỉa hè, ","Sinh tố - Nước ép, Thức uống, Trái cây, ","Món Việt, ",07:00 - 22:00,07:00 - 22:00,07:00 - 22:00,07:00 - 22:00,07:00 - 22:00,07:00 - 22:00,07:00 - 22:00,yes,yes,yes,15.000 -50.000,8.0,8.3,7.9,8.1,27
241,Trà Sữa AiCha - Linh Đông,10.8502220000000,106.7476660000000,"98B Linh Đông, Tp. Thủ Đức, TP. HCM","Café/Dessert, ","Trà, Thức uống, Trà sữa, Sữa, ","Món Á, ",08:00 - 23:00,08:00 - 23:00,08:00 - 23:00,08:00 - 23:00,08:00 - 23:00,08:00 - 23:00,08:00 - 23:00,no,no,yes,20.000 -40.000,7.8,7.5,6.4,7.6,17
241,Trà Sữa AiCha - Hoàng Diệu 2,10.8591280000000,106.7625600000000,"49 Hoàng Diệu 2, P. Linh Trung, Tp. Thủ Đức, TP. HCM","Café/Dessert, ","Trà, Thức uống, Trà sữa, Sữa, ","Món Á, ",08:30 - 10:30,08:30 - 10:30,08:30 - 10:30,08:30 - 10:30,08:30 - 10:30,08:30 - 10:30,08:30 - 10:30,no,no,yes,20.000 -50.000,0.0,0.0,0.0,_._,0
241,Trà Sữa AiCha - Nguyễn Văn Tăng,10.8436890000000,106.8187179000000,"173 Nguyễn Văn Tăng, P. Long Thạnh Mỹ, Tp. Thủ Đức, TP. HCM","Café/Dessert, ","Trà, Thức uống, Trà sữa, Sữa, ","Món Á, ",07:30 - 22:00,07:30 - 22:00,07:30 - 22:00,07:30 - 22:00,07:30 - 22:00,07:30 - 22:00,07:30 - 22:00,no,no,yes,20.000 -48.000,9.0,10.0,10.0,9.4,1
242,Sky - Trà Sữa,10.8754429907342,106.7984873056412,"Làng Đại Học, Đường A2, Tp. Thủ Đức, TP. HCM","Café/Dessert, ","Thức uống, Trà sữa, ","Món Việt, ",07:30 - 21:00,07:30 - 21:00,07:30 - 21:00,07:30 - 21:00,07:30 - 21:00,07:30 - 21:00,07:30 - 21:00,no,no,no,8.000 -20.000,6.2,0.0,0.0,6.4,24
243,Poke House - Nhà Hàng Hawaii - Trần Ngọc Diện,10.8048620000000,106.7398770000000,"23 Trần Ngọc Diện, P. Thảo Điền, Tp. Thủ Đức, TP. HCM","Nhà hàng, ","Sushi & Sashimi, Salad, Cơm, ","Châu Mỹ, ",11:00 - 21:00,11:00 - 21:00,11:00 - 21:00,11:00 - 21:00,11:00 - 21:00,11:00 - 21:00,11:00 - 21:00,no,yes,yes,50.000 -200.000,7.8,7.1,7.2,7.4,17
244,Sài Gòn Givral Bakery - Võ Văn Ngân,10.8511950000000,106.7557290000000,"11 Võ Văn Ngân, P. Linh Chiểu, Tp. Thủ Đức, TP. HCM","Tiệm bánh, ","Bánh - Kẹo, ","Món Âu, Pháp, ",06:00 - 22:00,06:00 - 22:00,06:00 - 22:00,06:00 - 22:00,06:00 - 22:00,06:00 - 22:00,06:00 - 22:00,no,no,no,15.000 -50.000,6.1,0.0,0.0,5.4,21
245,Ơ Thương - Món Việt - Oishi Town,10.8044670000000,106.7369660000000,"Oishi Town, 28 Thảo Điền, P. Thảo Điền, Tp. Thủ Đức, TP. HCM","Quán ăn, ","Cơm, ","Món Huế, Món Miền Trung, ",11:00 - 23:00,11:00 - 23:00,11:00 - 23:00,11:00 - 23:00,11:00 - 23:00,11:00 - 23:00,11:00 - 23:00,no,yes,yes,50.000 -100.000,0.0,0.0,0.0,_._,0
245,Saigon Bar - Oishi Town,10.8047180000000,106.7369300000000,"Oishi Town, 28 Thảo Điền, P. Thảo Điền, Tp. Thủ Đức, TP. HCM","Bar/Pub, ","Bánh ướt, Cơm Chiên, Hải sản, Bánh bao, Bánh - Kẹo, Cơm văn phòng, Ăn vặt - Ăn nhẹ, Cơm, Thức uống, ","Món Việt, ",11:00 - 23:00,11:00 - 23:00,11:00 - 23:00,11:00 - 23:00,11:00 - 23:00,11:00 - 23:00,11:00 - 23:00,yes,no,yes,35.000 -580.000,0.0,0.0,0.0,_._,0
245,Ittou Ramen - Oishi Town,10.8047180000000,106.7369300000000,"Oishi Town, 28 Thảo Điền, P. Thảo Điền, Tp. Thủ Đức, TP. HCM","Nhà hàng, ","Món nước, Mì, ","Món Á, Món Nhật, ",11:00 - 23:00,11:00 - 23:00,11:00 - 23:00,11:00 - 23:00,11:00 - 23:00,11:00 - 23:00,11:00 - 23:00,no,no,yes,25.000 -300.000,8.1,8.3,8.3,7.7,16
245,Hem Bar - Oishi Town,10.8046953000000,106.7367182000000,"Oishi Town, 28 Thảo Điền, P. Thảo Điền, Tp. Thủ Đức, TP. HCM","Nhà hàng, ","Trà, Café - Kem, Sinh tố - Nước ép, Thức uống, Trái cây, ","Quốc tế, ",11:00 - 23:00,11:00 - 23:00,11:00 - 23:00,11:00 - 23:00,11:00 - 23:00,11:00 - 23:00,11:00 - 23:00,no,no,yes,45.000 -950.000,7.0,7.0,6.0,6.8,2
245,Takoyaki - Bánh Bạch Tuộc - Oishi Town,10.8046953000000,106.7367182000000,"28 Thảo Điền, Tp. Thủ Đức, TP. HCM","Quán ăn, ","Sushi & Sashimi, Ăn vặt - Ăn nhẹ, ","Món Á, Món Nhật, ",17:00 - 21:00,17:00 - 21:00,17:00 - 21:00,17:00 - 21:00,17:00 - 21:00,17:00 - 21:00,17:00 - 21:00,no,no,yes,10.000 -60.000,6.0,7.0,7.0,6.8,1
245,Latte Cafe - Oishi Town,10.8046900000000,106.7368860000000,"Oishi Town, 28 Thảo Điền, P. Thảo Điền, Tp. Thủ Đức, TP. HCM","Café/Dessert, ","Trà, Café - Kem, Sinh tố - Nước ép, Thức uống, ","Món Việt, ",10:00 - 23:00,10:00 - 23:00,10:00 - 23:00,10:00 - 23:00,10:00 - 23:00,10:00 - 23:00,10:00 - 23:00,no,no,yes,20.000 -50.000,8.0,8.0,7.0,7.4,1
245,John Kitchen - Oishi Town,10.8045900000000,106.7368110000000,"Oishi Town, 28 Thảo Điền, P. Thảo Điền, Tp. Thủ Đức, TP. HCM","Quán ăn, ","Thịt Gà, Bún, Mì, Miến, Cơm, ","Món Việt, ",11:00 - 23:00,11:00 - 23:00,11:00 - 23:00,11:00 - 23:00,11:00 - 23:00,11:00 - 23:00,11:00 - 23:00,no,no,yes,80.000 -310.000,0.0,0.0,0.0,_._,0
246,Huế Corner Restaurant,10.8044770000000,106.7371880000000,"26A Thảo Điền, P. Thảo Điền, Tp. Thủ Đức, TP. HCM","Nhà hàng, ","Bánh - Kẹo, Bánh bèo, Món Huế, Cơm văn phòng, Cơm, ","Món Việt, Món Huế, Món Miền Trung, ",10:00 - 20:00,10:00 - 20:00,10:00 - 20:00,10:00 - 20:00,10:00 - 20:00,10:00 - 20:00,Tạm nghỉ,no,yes,no,25.000 -110.000,6.7,0.0,6.9,6.7,19
247,Hokkaido Baked Cheese Tart - Gigamall,10.8279287000000,106.7212284000000,"Tầng 4 Giga Mall, 240 Phạm Văn Đồng, P. Hiệp Bình Chánh, Tp. Thủ Đức, TP. HCM","Tiệm bánh, ","Bánh - Kẹo, Café - Kem, Ăn vặt - Ăn nhẹ, ","Món Á, Món Nhật, ",09:00 - 22:00,09:00 - 22:00,09:00 - 22:00,09:00 - 22:00,09:00 - 22:00,09:00 - 22:00,09:00 - 22:00,yes,no,no,42.000 -300.000,7.8,7.5,7.2,7.5,17
248,Red Coffee - Khu Nhà Ở Nam Hòa,10.8225930000000,106.7691030000000,"5 Đường 270, Khu Nhà Ở Nam Hòa, P. Phước Long A, Tp. Thủ Đức, TP. HCM","Café/Dessert, ","Trà, Café - Kem, Sinh tố - Nước ép, Thức uống, Nước ngọt, ","Món Việt, ",06:00 - 22:30,06:00 - 22:30,06:00 - 22:30,06:00 - 22:30,06:00 - 22:30,06:00 - 22:30,06:00 - 22:30,yes,no,yes,12.000 -35.000,8.5,8.6,8.9,8.6,15
249,38 Flower Market & Tea House - Xa Lộ Hà Nội,10.7999525000000,106.7301070000000,"93 Xa Lộ Hà Nội, P. Thảo Điền, Tp. Thủ Đức, TP. HCM","Café/Dessert, ","Bánh - Kẹo, Café - Kem, Sinh tố - Nước ép, Thức uống, Trà sữa, ","Món Việt, ",08:00 - 22:00,08:00 - 22:00,08:00 - 22:00,08:00 - 22:00,08:00 - 22:00,08:00 - 22:00,08:00 - 22:00,no,no,yes,28.000 -75.000,7.4,7.8,8.3,7.6,15
250,Trà Sữa & Pizza H2T - Tăng Nhơn Phú,10.8282370000000,106.7734980000000,"18A31 Tăng Nhơn Phú, P. Phước Long B, Tp. Thủ Đức, TP. HCM","Quán ăn, ","Pizza & Pasta, Sinh tố - Nước ép, Ăn vặt - Ăn nhẹ, Cơm, Thức uống, Trà sữa, ","Món Việt, Món Âu, Ý, ",08:00 - 22:30,08:00 - 22:30,08:00 - 22:30,08:00 - 22:30,08:00 - 22:30,08:00 - 22:30,08:00 - 22:30,yes,no,yes,18.000 -105.000,7.1,6.8,7.1,7.0,16
251,"Phát Ký - Cơm Chiên, Mì Xào & Hủ Tiếu Xào - Song Hành",10.8365777000000,106.7659101000000,"457B Song Hành (Xa Lộ Hà Nội), P. Trường Thọ, Tp. Thủ Đức, TP. HCM","Quán ăn, ","Cơm Chiên, Bún, Hủ tiếu, Hải sản, Món nước, Mì, Miến, Ăn vặt - Ăn nhẹ, Cơm, Thức uống, ","Món Việt, ",15:30 - 23:59,15:30 - 23:59,15:30 - 23:59,15:30 - 23:59,15:30 - 23:59,15:30 - 23:59,15:30 - 23:59,yes,no,no,30.000 -45.000,8.1,7.2,7.3,7.7,18
251,"Phát Ký - Cơm Chiên, Mì Xào & Hủ Tiếu Xào - Hoàng Diệu 2",10.8541151000000,106.7695979000000,"224 Hoàng Diệu 2, P. Linh Chiểu, Tp. Thủ Đức, TP. HCM","Quán ăn, ","Bánh mì, Cơm Chiên, Thịt Heo, Bún, Hủ tiếu, Mì, Món nước, Bánh - Kẹo, Cơm, ","Món Việt, ","10:00 - 14:00, 16:00 - 23:00","10:00 - 14:00, 16:00 - 23:00","10:00 - 14:00, 16:00 - 23:00","10:00 - 14:00, 16:00 - 23:00","10:00 - 14:00, 16:00 - 23:00","10:00 - 14:00, 16:00 - 23:00","10:00 - 14:00, 16:00 - 23:00",no,no,yes,30.000 -45.000,10.0,10.0,10.0,10.0,1
252,Ếch Xanh - Nguyễn Cảnh Chân,10.7599550000000,106.6858940000000,"371D Nguyễn Cảnh Chân, P. Nguyễn Cư Trinh, Quận 1, TP. HCM","Nhà hàng, ","Thịt Ếch, Cơm Chiên, Cháo, Đặc sản vùng, Ăn vặt - Ăn nhẹ, Cơm, Nem, ","Singapore, ",10:00 - 23:00,10:00 - 23:00,10:00 - 23:00,10:00 - 23:00,10:00 - 23:00,10:00 - 23:00,10:00 - 23:00,yes,no,yes,80.000 -330.000,7.1,0.0,6.0,6.5,133
252,Ếch Xanh - Hồ Xuân Hương,10.7765042000000,106.6877118000000,"55A Hồ Xuân Hương, P. Võ Thị Sáu, Quận 3, TP. HCM","Nhà hàng, ","Thịt Ếch, Lẩu, Đặc sản vùng, Cơm, ","Món Á, Singapore, ",10:30 - 22:00,10:30 - 22:00,10:30 - 22:00,10:30 - 22:00,10:30 - 22:00,10:30 - 22:00,10:30 - 22:00,yes,no,yes,100.000 -330.000,7.4,6.1,6.5,6.8,139
252,Ếch Xanh - Song Hành,10.8003228000000,106.7393489000000,"59 Song Hành, P. An Phú, Tp. Thủ Đức, TP. HCM","Nhà hàng, ","Thịt Ếch, Cơm Chiên, Cháo, Lẩu, Đặc sản vùng, Ăn vặt - Ăn nhẹ, Cơm, ","Món Á, Singapore, ",10:00 - 22:00,10:00 - 22:00,10:00 - 22:00,10:00 - 22:00,10:00 - 22:00,10:00 - 22:00,10:00 - 22:00,yes,yes,yes,60.000 -200.000,6.1,0.0,6.2,5.9,24
252,Ếch Xanh - Phú Mỹ Hưng,10.7278130000000,106.7079460000000,"401 Phạm Thái Bường, Khu Đô Thị Phú Mỹ Hưng, P. Tân Phong, Quận 7, TP. HCM","Quán ăn, ","Lẩu, Cháo, ",,10:30 - 21:30,10:30 - 21:30,10:30 - 21:30,10:30 - 21:30,10:30 - 21:30,10:30 - 21:30,10:30 - 21:30,no,no,no,,0.0,0.0,0.0,_._,0
252,Ếch Xanh - Vinhomes Grand Park,10.8359849000000,106.8428691000000,"Manhattan Glory - Vinhomes Grand Park. D2A-03, đường D2A, P. Long Bình, Tp. Thủ Đức, TP. HCM","Quán ăn, ","Bún, Xôi, Cháo, Cơm, ",,10:30 - 21:30,10:30 - 21:30,10:30 - 21:30,10:30 - 21:30,10:30 - 21:30,10:30 - 21:30,10:30 - 21:30,no,no,no,,0.0,0.0,0.0,_._,0
253,Heekcaa - Trà Sữa Đài Loan - Tân Lập 2,10.8479110000000,106.7805260000000,"101 Tân Lập 2, KP. 3, P. Hiệp Phú, Tp. Thủ Đức, TP. HCM","Café/Dessert, ","Thức uống, Trà sữa, ","Món Á, Đài Loan, ",09:00 - 22:30,09:00 - 22:30,09:00 - 22:30,09:00 - 22:30,09:00 - 22:30,09:00 - 22:30,09:00 - 22:30,no,no,no,25.000 -60.000,0.0,0.0,0.0,4.9,36
254,Trà Sữa Tiger Sugar Delivery - Đường Nâu Sữa Đài Loan - Nguyễn Thái Học,10.7656955000000,106.6966050000000,"236 Nguyễn Thái Học, P. Cầu Ông Lãnh, Quận 1, TP. HCM","Café/Dessert, ","Trà, Thức uống, Trà sữa, Sữa, ","Món Á, Đài Loan, ",09:00 - 22:30,09:00 - 22:30,09:00 - 22:30,09:00 - 22:30,09:00 - 22:30,09:00 - 22:30,09:00 - 22:30,no,no,yes,29.000 -55.000,7.3,7.5,6.8,7.3,89
254,Trà Sữa Tiger Sugar Delivery - Đường Nâu Sữa Đài Loan - Nguyễn Văn Cừ,10.7556420000000,106.6855600000000,"57 Nguyễn Văn Cừ, P. 1, Quận 5, TP. HCM","Café/Dessert, ","Trà, Thức uống, Trà sữa, Sữa, ","Món Á, Đài Loan, ",08:00 - 23:00,08:00 - 23:00,08:00 - 23:00,08:00 - 23:00,08:00 - 23:00,08:00 - 23:00,08:00 - 23:00,no,no,yes,29.000 -55.000,0.0,0.0,0.0,4.6,23
254,Trà Sữa Tiger Sugar Delivery - Đường Nâu Sữa Đài Loan - Cách Mạng Tháng 8,10.7905718000000,106.6584529000000,"1010 Cách Mạng Tháng 8, P. 5, Quận Tân Bình, TP. HCM","Café/Dessert, ","Trà, Thức uống, Trà sữa, Sữa, ","Món Á, Đài Loan, ",08:00 - 23:00,08:00 - 23:00,08:00 - 23:00,08:00 - 23:00,08:00 - 23:00,08:00 - 23:00,08:00 - 23:00,no,no,yes,29.000 -55.000,0.0,0.0,0.0,5.2,22
254,Trà Sữa Tiger Sugar Delivery - Đường Nâu Sữa Đài Loan - Kha Vạn Cân,10.8608067000000,106.7609449000000,"1200A Kha Vạn Cân, P. Linh Chiểu, Tp. Thủ Đức, TP. HCM","Café/Dessert, ","Trà, Thức uống, Trà sữa, Sữa, ","Món Á, Đài Loan, ",09:30 - 21:00,09:30 - 21:00,09:30 - 21:00,09:30 - 21:00,09:30 - 21:00,09:30 - 21:00,09:30 - 21:00,no,no,yes,29.000 -55.000,0.0,0.0,0.0,5.9,28
254,Trà Sữa Tiger Sugar Delivery - Đường Nâu Sữa Đài Loan - Lê Văn Sỹ,10.7876299000000,106.6783798000000,"305 Lê Văn Sỹ, P.13, Quận 3, TP. HCM","Café/Dessert, ","Trà, Thức uống, Trà sữa, Sữa, ","Món Á, Đài Loan, ",08:30 - 22:30,08:30 - 22:30,08:30 - 22:30,08:30 - 22:30,08:30 - 22:30,08:30 - 22:30,08:30 - 22:30,no,no,yes,29.000 -55.000,7.3,7.3,6.5,7.4,15
254,Trà Sữa Tiger Sugar Delivery - Đường Nâu Sữa Đài Loan - Phan Đăng Lưu,10.8040450000000,106.6854800000000,"82 Phan Đăng Lưu, Quận Phú Nhuận, TP. HCM","Café/Dessert, ","Trà, Thức uống, Trà sữa, Sữa, ","Món Á, Đài Loan, ",08:00 - 22:30,08:00 - 22:30,08:00 - 22:30,08:00 - 22:30,08:00 - 22:30,08:00 - 22:30,08:00 - 22:30,no,no,yes,29.000 -55.000,6.3,7.0,6.4,6.8,19
254,Trà Sữa Tiger Sugar Delivery - Đường Nâu Sữa Đài Loan - Nguyễn Văn Khối,10.8434270000000,106.6524580000000,"248/10/26 Nguyễn Văn Khối, P. 9, Quận Gò Vấp, TP. HCM","Café/Dessert, ","Trà, Thức uống, Trà sữa, Sữa, ","Món Á, Đài Loan, ",08:00 - 22:45,08:00 - 22:45,08:00 - 22:45,08:00 - 22:45,08:00 - 22:45,08:00 - 22:45,08:00 - 22:45,no,no,yes,29.000 -55.000,6.6,6.7,6.4,6.7,13
254,Trà Sữa Tiger Sugar Delivery - Đường Nâu Sữa Đài Loan - Nguyễn Sơn,10.7811030000000,106.6322580000000,"37 Nguyễn Sơn, P. Phú Thạnh, Quận Tân Phú, TP. HCM","Café/Dessert, ","Trà, Thức uống, Trà sữa, Sữa, ","Món Á, Đài Loan, ",08:30 - 22:30,08:30 - 22:30,08:30 - 22:30,08:30 - 22:30,08:30 - 22:30,08:30 - 22:30,08:30 - 22:30,no,no,yes,29.000 -55.000,7.8,7.6,7.4,7.8,8
254,Trà Sữa Tiger Sugar Delivery - Đường Nâu Sữa Đài Loan - Mai Chí Thọ,10.7844810000000,106.7464980000000,"Shophouse 2-00.05, Chung Cư Sun Avenue, 28 Mai Chí Thọ, P. An Phú, Tp. Thủ Đức, TP. HCM","Café/Dessert, ","Trà, Thức uống, Trà sữa, Sữa, ","Món Á, ",08:00 - 23:00,08:00 - 23:00,08:00 - 23:00,08:00 - 23:00,08:00 - 23:00,08:00 - 23:00,08:00 - 23:00,no,no,yes,29.000 -55.000,6.6,7.0,6.6,6.7,7
254,Trà Sữa Tiger Sugar Delivery - Đường Nâu Sữa Đài Loan - Minh Phụng,10.7525240000000,106.6427320000000,"157 Minh Phụng, Quận 6, TP. HCM","Café/Dessert, ","Trà, Thức uống, Trà sữa, Sữa, ","Món Á, ",08:30 - 22:15,08:30 - 22:15,08:30 - 22:15,08:30 - 22:15,08:30 - 22:15,08:30 - 22:15,08:30 - 22:15,no,no,yes,29.000 -55.000,0.0,0.0,0.0,_._,0
254,Trà Sữa Tiger Sugar Delivery - Đường Nâu Sữa Đài Loan - Tạ Quang Bửu,10.7367660000000,106.6705140000000,"795B Tạ Quang Bửu, Quận 8, TP. HCM","Café/Dessert, ","Trà, Sinh tố - Nước ép, Thức uống, Nước ngọt, Trà sữa, ","Món Á, ",08:00 - 23:00,08:00 - 23:00,08:00 - 23:00,08:00 - 23:00,08:00 - 23:00,08:00 - 23:00,08:00 - 23:00,no,no,yes,29.000 -55.000,0.0,0.0,0.0,_._,0
254,Trà Sữa Tiger Sugar Delivery - Đường Nâu Sữa Đài Loan - Lê Hồng Phong,10.7716428000000,106.6727017000000,"725 Lê Hồng Phong, P. 12, Quận 10, TP. HCM","Café/Dessert, ","Trà, Thức uống, Trà sữa, Sữa, ","Món Á, ",08:00 - 23:00,08:00 - 23:00,08:00 - 23:00,08:00 - 23:00,08:00 - 23:00,08:00 - 23:00,08:00 - 23:00,no,no,yes,29.000 -55.000,0.0,0.0,0.0,_._,0
255,Cơm Hoàng Ký - Cơm Chiên & Hủ tiếu Mì Xào,10.7816930000000,106.7613800000000,"387 Nguyễn Thị Định, P. Cát Lái, Tp. Thủ Đức, TP. HCM","Quán ăn, ","Tôm, Cơm Chiên, Bún, Hải sản, Mì, Mực, Cơm, ","Món Việt, ",10:30 - 23:30,10:30 - 23:30,10:30 - 23:30,10:30 - 23:30,10:30 - 23:30,10:30 - 23:30,10:30 - 23:30,no,no,no,45.000 -70.000,7.9,7.9,7.5,7.7,16
256,Nhà Hàng Lẩu Băng Chuyền Phố Đêm,10.8436440000000,106.7181130000000,"431 Quốc Lộ 13, P. Hiệp Bình Phước, Tp. Thủ Đức, TP. HCM","Nhà hàng, ","Lẩu, ","Món Việt, ",10:00 - 22:00,10:00 - 22:00,10:00 - 22:00,10:00 - 22:00,10:00 - 22:00,10:00 - 22:00,10:00 - 22:00,no,yes,yes,139.000 -189.000,6.6,7.1,7.4,6.7,22
257,Trà Sữa 96,10.8523847000000,106.7668779000000,"14 Tô Vĩnh Diện, P. Linh Chiểu, Tp. Thủ Đức, TP. HCM","Café/Dessert, ","Trà, Thức uống, Trà sữa, Sữa, ","Món Việt, ",09:30 - 22:30,09:30 - 22:30,09:30 - 22:30,09:30 - 22:30,09:30 - 22:30,09:30 - 22:30,09:30 - 22:30,no,no,no,20.000 -55.000,7.4,6.9,6.2,7.1,18
258,Dookki Việt Nam - Lẩu & Buffet Tokpokki - Lotte Mart Tân Bình,10.8010975000000,106.6605627000000,"Tầng 2, Lotte Mart Tân Bình, 20 Cộng Hòa, P. 4, Quận Tân Bình, TP. HCM","Buffet, ",,"Món Á, Món Hàn, ",11:00 - 22:00,11:00 - 22:00,11:00 - 22:00,11:00 - 22:00,11:00 - 22:00,11:00 - 22:00,11:00 - 22:00,yes,yes,yes,39.000 -495.000,6.5,0.0,6.3,6.3,146
258,Dookki Việt Nam - Lẩu & Buffet Tokpokki - Vincom Thủ Đức,10.8503060000000,106.7653920000000,"Tầng 4 Vincom Thủ Đức, 216 Võ Văn Ngân, Tp. Thủ Đức, TP. HCM","Buffet, ",,"Món Á, Món Hàn, ",11:00 - 22:00,11:00 - 22:00,11:00 - 22:00,11:00 - 22:00,11:00 - 22:00,11:00 - 22:00,11:00 - 22:00,yes,yes,yes,39.000 -495.000,6.8,7.1,6.1,6.7,15
258,Dookki Việt Nam - Lẩu & Buffet Tokpokki - Vincom Mega Mall Thảo Điền,10.8021560000000,106.7404930000000,"Tầng 5 Vincom Mega Mall Thảo Điền, 161 Xa Lộ Hà Nội, P. Thảo Điền, Quận 2, TP. HCM","Buffet, ",,"Món Á, Món Hàn, ",11:00 - 22:00,11:00 - 22:00,11:00 - 22:00,11:00 - 22:00,11:00 - 22:00,11:00 - 22:00,11:00 - 22:00,yes,yes,yes,39.000 -495.000,7.3,7.0,7.5,7.3,11
258,Dookki Việt Nam - Lẩu & Buffet Tokpokki - Nowzone,10.7642700000000,106.6825010000000,"RT-15810, Tầng 4 Nowzone, 235 Nguyễn Văn Cừ, P. Nguyễn Cư Trinh, Quận 1, TP. HCM","Buffet, ",,"Món Á, Món Hàn, ",11:00 - 22:00,11:00 - 22:00,11:00 - 22:00,11:00 - 22:00,11:00 - 22:00,11:00 - 22:00,11:00 - 22:00,yes,yes,yes,139.000 -139.000,6.2,6.5,6.3,6.6,22
258,Dookki Việt Nam - Lẩu & Buffet Tokpokki - SC Vivo City,10.7296240000000,106.7033650000000,"Tầng 3 SC Vivo City, 1058 Nguyễn Văn Linh, P. Tân Phong, Quận 7, TP. HCM","Buffet, ",,"Món Á, Món Hàn, ",11:00 - 22:00,11:00 - 22:00,11:00 - 22:00,11:00 - 22:00,11:00 - 22:00,11:00 - 22:00,11:00 - 22:00,yes,yes,yes,139.000 -150.000,6.7,6.3,6.8,6.8,22
258,Dookki Việt Nam - Lẩu & Buffet Tokpokki - Crescent Mall,10.7293450000000,106.7184790000000,"Tầng 4, 101 Tôn Dật Tiên, P. Tân Phú, Quận 7, TP. HCM","Buffet, ",,"Món Việt, ",10:00 - 22:00,10:00 - 22:00,10:00 - 22:00,10:00 - 22:00,10:00 - 22:00,10:00 - 22:00,10:00 - 22:00,yes,no,yes,20.000 -139.000,7.1,7.1,7.1,7.3,18
258,Dookki Việt Nam - Lẩu & Buffet Tokpokki - Aeon Mall Bình Tân,10.7430880000000,106.6116860000000,"Tầng 3, Aeon Mall Bình Tân, 1 Đường Số 17A, P. Bình Trị Đông B, Quận Bình Tân, TP. HCM","Buffet, ",,"Món Việt, Món Hàn, ",11:00 - 22:00,11:00 - 22:00,11:00 - 22:00,11:00 - 22:00,11:00 - 22:00,11:00 - 22:00,11:00 - 22:00,yes,no,yes,139.000 -160.000,0.0,0.0,0.0,5.5,20
258,Dookki Việt Nam - Lẩu & Buffet Tokpokki - Satra Phạm Hùng,10.7335640000000,106.6744670000000,"Tầng 3 TTTM Satra, C6/27 Phạm Hùng, Xã Bình Hưng, Huyện Bình Chánh, TP. HCM","Buffet, ",,"Món Á, Món Hàn, ",11:00 - 22:00,11:00 - 22:00,11:00 - 22:00,11:00 - 22:00,11:00 - 22:00,11:00 - 22:00,11:00 - 22:00,yes,yes,yes,139.000 -150.000,8.1,8.1,8.3,8.1,9
258,Dookki Việt Nam - Lẩu & Buffet Tokpokki - Giga Mall Thủ Đức,10.8277010000000,106.7211840000000,"Tầng 1, Giga Mall Thủ Đức, 240 - 242 Kha Vạn Cân, P. Hiệp Bình Chánh, Tp. Thủ Đức, TP. HCM","Buffet, ",,"Món Á, Món Hàn, ",11:00 - 22:00,11:00 - 22:00,11:00 - 22:00,11:00 - 22:00,11:00 - 22:00,11:00 - 22:00,11:00 - 22:00,yes,yes,yes,139.000 -155.000,7.8,7.9,8.1,7.8,15
258,Dookki Việt Nam - Lẩu & Buffet Tokpokki - Parkson Hùng Vương,10.7558970000000,106.6627070000000,"Tầng 4, Parkson Hùng Vương, 126 Hùng Vương, P. 12, Quận 5, TP. HCM","Buffet, ",,"Món Việt, ",11:00 - 22:00,11:00 - 22:00,11:00 - 22:00,11:00 - 22:00,11:00 - 22:00,11:00 - 22:00,11:00 - 22:00,yes,yes,yes,39.000 -495.000,7.6,7.6,7.2,7.4,9
258,Dookki Việt Nam - Lẩu & Buffet Tokpokki - Co.opmart Rạch Miễu,10.7987900000000,106.6890480000000,"Tầng 2 Co.opmart Rạch Miễu, 48 Hoa Sứ, P. 7, Quận Phú Nhuận, TP. HCM","Buffet, ","Lẩu, ","Món Á, Món Hàn, ",11:00 - 22:00,11:00 - 22:00,11:00 - 22:00,11:00 - 22:00,11:00 - 22:00,11:00 - 22:00,11:00 - 22:00,yes,yes,yes,39.000 -495.000,9.3,9.0,9.0,8.9,3
258,Dookki Việt Nam - Lẩu & Buffet Tokpokki - Terazone Thủ Đức,10.8656310000000,106.7582300000000,"Terazone Thủ Đức, 19 Đào Trinh Nhất, Phước Linh Tây, Tp. Thủ Đức, TP. HCM","Buffet, ","Thịt Bò, Lẩu, ","Món Á, Món Hàn, ",11:00 - 22:00,11:00 - 22:00,11:00 - 22:00,11:00 - 22:00,11:00 - 22:00,11:00 - 22:00,11:00 - 22:00,yes,yes,yes,39.000 -495.000,9.0,9.0,9.0,8.6,1
259,Kute Donuts,10.8036907000000,106.7335863000000,"80A Xuân Thủy, P. Thảo Điền, Tp. Thủ Đức, TP. HCM","Tiệm bánh, ","Bánh - Kẹo, Ăn vặt - Ăn nhẹ, ","Món Việt, ",09:00 - 21:00,09:00 - 21:00,09:00 - 21:00,09:00 - 21:00,09:00 - 21:00,09:00 - 21:00,09:00 - 21:00,yes,yes,no,22.000 -25.000,8.9,7.9,7.6,8.2,14
260,BreadTalk - Nguyễn Tri Phương,10.7554650000000,106.6695750000000,"143 - 145 Nguyễn Tri Phương, P. 8, Quận 5, TP. HCM","Tiệm bánh, ","Bánh - Kẹo, Sinh tố - Nước ép, Ăn vặt - Ăn nhẹ, Thức uống, ","Món Việt, ",06:30 - 22:00,06:30 - 22:00,06:30 - 22:00,06:30 - 22:00,06:30 - 22:00,06:30 - 22:00,06:30 - 22:00,no,no,yes,13.000 -300.000,7.5,7.1,7.1,7.2,34
260,BreadTalk - Vincom Center,10.7781230000000,106.7018740000000,"Tầng B3, Vincom Center, 72 Lê Thánh Tôn, P. Bến Nghé, Quận 1, TP. HCM","Café/Dessert, Tiệm bánh, ","Bánh sinh nhật/Bánh kem, Bánh - Kẹo, Ăn vặt - Ăn nhẹ, Thức uống, ","Món Á, Singapore, ",08:00 - 22:00,08:00 - 22:00,08:00 - 22:00,08:00 - 22:00,08:00 - 22:00,08:00 - 22:00,08:00 - 22:00,no,no,no,13.000 -300.000,7.7,7.1,7.2,7.3,119
260,BreadTalk - Cantavil Premier,10.8015073000000,106.7465748000000,"Tầng Trệt, Cantavil Premier, 1 Song Hành, P. An Phú, Tp. Thủ Đức, TP. HCM","Tiệm bánh, ","Bánh mì, Bánh sinh nhật/Bánh kem, Bánh - Kẹo, ","Món Á, Singapore, ",07:00 - 22:00,07:00 - 22:00,07:00 - 22:00,07:00 - 22:00,07:00 - 22:00,07:00 - 22:00,07:00 - 22:00,no,no,no,13.000 -300.000,6.7,6.2,6.7,6.7,18
260,BreadTalk - AEON Mall Tân Phú,10.8014730000000,106.6179530000000,"Tầng Trệt AEON Mall Tân Phú, 30 Bờ Bao Tân Thắng, P. Sơn Kỳ, Quận Tân Phú, TP. HCM","Tiệm bánh, ","Bánh mì, Donut, Ăn vặt - Ăn nhẹ, ","Món Á, Singapore, ",10:00 - 22:00,10:00 - 22:00,10:00 - 22:00,10:00 - 22:00,10:00 - 22:00,09:00 - 22:00,09:00 - 22:00,no,no,no,13.000 -300.000,7.4,7.2,7.4,7.3,50
260,BreadTalk - SC VivoCity,10.7299520000000,106.7032370000000,"Tầng 3 - SC VivoCity, 1058 Nguyễn Văn Linh, KP. 1, P. Tân Phong, Quận 7, TP. HCM","Tiệm bánh, ","Bánh sinh nhật/Bánh kem, Bánh - Kẹo, ","Món Việt, Món Á, Singapore, ",10:00 - 22:00,10:00 - 22:00,10:00 - 22:00,10:00 - 22:00,10:00 - 22:00,09:00 - 22:00,09:00 - 22:00,no,no,yes,13.000 -300.000,7.9,6.9,7.2,7.2,66
260,BreadTalk - Saigon Centre,10.7735990000000,106.7009370000000,"Tầng B2, Saigon Centre, 65 Lê Lợi, P. Bến Nghé, Quận 1, TP. HCM","Café/Dessert, Tiệm bánh, ","Bánh sinh nhật/Bánh kem, Bánh - Kẹo, Ăn vặt - Ăn nhẹ, ","Món Á, Singapore, ",08:30 - 21:30,08:30 - 21:30,08:30 - 21:30,08:30 - 21:30,08:30 - 21:30,08:30 - 22:30,08:30 - 22:30,no,no,yes,13.000 -300.000,7.4,6.6,7.1,7.1,52
260,BreadTalk - Aeon Mall Bình Tân,10.7425600000000,106.6114270000000,"Tầng Trệt, Aeon Mall Bình Tân, 1 Đường Số 17A, P. Bình Trị Đông B, Quận Bình Tân, TP. HCM","Tiệm bánh, ","Bánh sinh nhật/Bánh kem, Bánh - Kẹo, Ăn vặt - Ăn nhẹ, ","Món Á, Singapore, ",08:00 - 22:00,08:00 - 22:00,08:00 - 22:00,08:00 - 22:00,08:00 - 22:00,08:00 - 22:00,08:00 - 22:00,no,no,yes,13.000 -300.000,6.6,0.0,6.2,6.4,19
260,BreadTalk - Vạn Hạnh Mall,10.7707810000000,106.6698520000000,"FM17 - 18 Vạn Hạnh Mall, 11 Sư Vạn Hạnh, P. 12, Quận 10, TP. HCM","Tiệm bánh, ","Bánh sinh nhật/Bánh kem, Bánh - Kẹo, ","Món Á, Singapore, ",07:30 - 22:00,07:30 - 22:00,07:30 - 22:00,07:30 - 22:00,07:30 - 22:00,07:30 - 22:00,07:30 - 22:00,yes,no,yes,13.000 -300.000,6.7,6.7,7.4,7.2,17
260,BreadTalk - Estella Place,10.8021110000000,106.7483840000000,"Tầng 2 Estella Place, 88 Song Hành, P. An Phú, Tp. Thủ Đức, TP. HCM","Tiệm bánh, ","Bánh mì, Bánh sinh nhật/Bánh kem, Bánh - Kẹo, Ăn vặt - Ăn nhẹ, ","Món Á, Singapore, ",09:00 - 22:00,09:00 - 22:00,09:00 - 22:00,09:00 - 22:00,09:00 - 22:00,09:00 - 22:00,09:00 - 22:00,no,no,yes,13.000 -300.000,9.0,9.0,9.0,8.7,2
260,BreadTalk - Gigamall,10.8280480000000,106.7222298000000,"Tầng 2, Giga Mall, 240 Phạm Văn Đồng, P. Hiệp Bình Chánh, Tp. Thủ Đức, TP. HCM","Tiệm bánh, ","Bánh mì, Bánh sinh nhật/Bánh kem, Bánh - Kẹo, Ăn vặt - Ăn nhẹ, Thức uống, ","Món Việt, ",09:30 - 22:00,09:30 - 22:00,09:30 - 22:00,09:30 - 22:00,09:30 - 22:00,09:00 - 22:00,09:00 - 22:00,yes,no,no,25.000 -50.000,7.0,8.5,7.5,7.6,2
260,Breadtalk - Âu Cơ,10.7695887000000,106.6518402000000,"36-36A Âu Cơ, P. 9, Quận Tân Bình, TP. HCM","Quán ăn, ","Bánh mì, Bánh sinh nhật/Bánh kem, Cupcake, Bánh Su/Chour, Crepe, Bánh - Kẹo, ",,09:00 - 21:30,09:00 - 21:30,09:00 - 21:30,09:00 - 21:30,09:00 - 21:30,09:00 - 21:30,09:00 - 21:30,no,no,no,13.000 -300.000,0.0,0.0,0.0,2.8,1
260,BreadTalk - Vinhomes Grand Park,10.8395785000000,106.8344739000000,"01S13 Tòa S3.01, Vinhomes Grand Park, P. Long Thạnh Mỹ, Tp. Thủ Đức, TP. HCM","Quán ăn, ","Bánh sinh nhật/Bánh kem, Đậu hũ, Ăn vặt - Ăn nhẹ, ",,07:00 - 21:30,07:00 - 21:30,07:00 - 21:30,07:00 - 21:30,07:00 - 21:30,07:00 - 21:30,07:00 - 21:30,no,no,no,20.000 -250.000,0.0,0.0,0.0,_._,0
261,Mì Cay Sasin - 400 Nguyễn Văn Tăng,10.8412310000000,106.8265720000000,"400 Nguyễn Văn Tăng, P. Long Thạnh Mỹ, Tp. Thủ Đức, TP. HCM","Quán ăn, ","Bún, Mì, Món nước, Lẩu, Ăn vặt - Ăn nhẹ, Cá/bò viên, ","Món Á, Món Hàn, ",08:30 - 20:30,08:30 - 20:30,08:30 - 20:30,08:30 - 20:30,08:30 - 20:30,08:30 - 20:30,08:30 - 20:30,no,no,yes,20.000 -329.000,0.0,0.0,0.0,4.8,26
262,Kim Tea & Coffee,10.8584660000000,106.7453570000000,"2 Đường Số 11, P. Linh Đông, Tp. Thủ Đức, TP. HCM","Café/Dessert, ","Trà, Café - Kem, Sinh tố - Nước ép, Thức uống, Trà sữa, ","Món Việt, ",08:30 - 22:30,08:30 - 22:30,08:30 - 22:30,08:30 - 22:30,08:30 - 22:30,08:30 - 22:30,08:30 - 22:30,yes,no,yes,17.000 -35.000,8.4,7.6,7.6,7.8,16
263,Park's BBQ - Việt Hàn Nướng,10.8433060000000,106.7661550000000,"18 Hồng Đức, P. Bình Thọ, Tp. Thủ Đức, TP. HCM","Nhà hàng, ",,"Món Việt, Món Á, Món Hàn, ",10:00 - 00:00,10:00 - 00:00,10:00 - 00:00,10:00 - 00:00,10:00 - 00:00,10:00 - 00:00,10:00 - 00:00,no,no,yes,50.000 -150.000,7.2,6.7,7.6,7.2,15
264,Phở 10 - Song Hành,10.8008170000000,106.7410390000000,"74 Song Hành, P. An Phú, Tp. Thủ Đức, TP. HCM","Quán ăn, ","Phở, Bún, Món nước, Cơm, ","Món Việt, ",07:00 - 22:00,07:00 - 22:00,07:00 - 22:00,07:00 - 22:00,07:00 - 22:00,07:00 - 22:00,07:00 - 22:00,no,no,no,30.000 -50.000,0.0,0.0,6.2,5.8,23
265,Ngôi Nhà Gỗ Coffee,10.8298223348075,106.7229120907380,"565 Kha Vạn Cân, Tp. Thủ Đức, TP. HCM","Café/Dessert, ","Trà, Café - Kem, Sinh tố - Nước ép, Thức uống, ","Món Việt, ",07:00 - 22:00,07:00 - 22:00,07:00 - 22:00,07:00 - 22:00,07:00 - 22:00,07:00 - 22:00,07:00 - 22:00,no,no,yes,30.000 -90.000,0.0,0.0,7.6,6.1,21
266,Huỳnh Như - Bún Bò & Bánh Canh Cua Không Chi Nhánh - Thân Văn Nhiếp,10.7902600000000,106.7542519000000,"162G Thân Văn Nhiếp, Tp. Thủ Đức, TP. HCM","Quán ăn, ","Bún, Món nước, ","Món Việt, ",05:30 - 13:00,05:30 - 13:00,05:30 - 13:00,05:30 - 13:00,05:30 - 13:00,05:30 - 13:00,05:30 - 13:00,no,no,no,25.000 -35.000,9.9,9.9,9.6,9.8,15
267,Lon Ton Coffee,10.7935580000000,106.7344080000000,"26 Đường Số 8, P. Bình An, Tp. Thủ Đức, TP. HCM","Café/Dessert, ","Café - Kem, Sinh tố - Nước ép, Thức uống, Nước ngọt, ","Món Việt, ",08:00 - 21:00,08:00 - 21:00,08:00 - 21:00,08:00 - 21:00,08:00 - 21:00,08:00 - 21:00,08:00 - 21:00,no,no,yes,10.000 -14.000,9.7,9.3,8.2,9.1,15
268,Hải Hội Quán - Bún Chả Hà Nội & Nem Rán,10.8037290000000,106.7325920000000,"51 Xuân Thủy, P. Thảo Điền, Tp. Thủ Đức, TP. HCM","Quán ăn, ","Bò Kho, Thịt Bò, Bún, Món nước, Thức uống, ","Món Bắc, ",07:30 - 22:00,07:30 - 22:00,07:30 - 22:00,07:30 - 22:00,07:30 - 22:00,07:30 - 22:00,07:30 - 22:00,no,no,no,25.000 -61.000,6.8,6.4,6.0,6.7,18
269,ChaKan Chicken - Gà Rán - Shop Online,10.8028410000000,106.7359450000000,"35 Nguyễn Duy Hiệu, P. Thảo Điền, Tp. Thủ Đức, TP. HCM","Shop Online, ","Gà rán, Fastfood - Thức ăn nhanh, ","Món Á, Món Hàn, ",10:30 - 22:00,10:30 - 22:00,10:30 - 22:00,10:30 - 22:00,10:30 - 22:00,10:30 - 22:00,10:30 - 22:00,yes,yes,yes,250.000 -300.000,9.7,9.8,8.5,9.3,13
270,Thái Lan Quán - Ẩm Thực Thái Lan,10.8610458499298,106.7692130538296,"60A3 Linh Trung, P. Linh Trung, Tp. Thủ Đức, TP. HCM","Quán ăn, ","Thịt Gà, Thịt Bò, Thịt Heo, Hải sản, Món nước, Lẩu, Đặc sản vùng, Cơm văn phòng, Home-made, Ăn vặt - Ăn nhẹ, Cơm, Thức uống, Trái cây, ","Món Thái, ",11:00 - 23:00,11:00 - 23:00,11:00 - 23:00,11:00 - 23:00,11:00 - 23:00,11:00 - 23:00,11:00 - 23:00,yes,yes,yes,30.000 -250.000,9.9,9.7,9.3,9.6,12
271,Lẩu Cá 44 - Đường A2,10.8769180000000,106.8047639999999,"Làng Đại Học Thủ Đức, Tp. Thủ Đức, TP. HCM","Quán ăn, ","Hải sản, Lẩu, Cá, ","Món Việt, ",07:00 - 22:00,07:00 - 22:00,07:00 - 22:00,07:00 - 22:00,07:00 - 22:00,07:00 - 22:00,07:00 - 22:00,no,no,no,90.000 -120.000,7.8,6.9,6.9,7.5,17
272,Chu Suki Restaurant,10.8561600000000,106.7663790000000,"123 Hoàng Diệu 2, P. Linh Trung, Tp. Thủ Đức, TP. HCM","Nhà hàng, ","Lẩu, ","Món Việt, ",10:00 - 22:00,10:00 - 22:00,10:00 - 22:00,10:00 - 22:00,10:00 - 22:00,10:00 - 22:00,10:00 - 22:00,no,no,yes,30.000 -300.000,8.1,7.1,8.0,7.8,16
273,Uni Tea,10.8493020000000,106.7588670000000,"214 Đặng Văn Bi, P. Bình Thọ, Tp. Thủ Đức, TP. HCM","Café/Dessert, ","Thức uống, Trà sữa, ","Món Việt, ",08:00 - 22:00,08:00 - 22:00,08:00 - 22:00,08:00 - 22:00,08:00 - 22:00,08:00 - 22:00,08:00 - 22:00,no,no,no,29.000 -35.000,8.6,8.5,7.8,8.2,17
274,Lẩu Mực King,10.8413850000000,106.7662890000000,"2A Hòa Bình, P. Bình Thọ, Tp. Thủ Đức, TP. HCM","Quán ăn, ","Tôm, Thịt Bò, Hải sản, Bào Ngư, Cá, Lẩu, Mực, ","Món Việt, ",10:00 - 22:00,10:00 - 22:00,10:00 - 22:00,10:00 - 22:00,10:00 - 22:00,10:00 - 22:00,10:00 - 22:00,no,yes,no,199.000 -499.000,6.2,0.0,0.0,5.8,17
275,Y26 Coffee,10.8451375000000,106.7283021000000,"192 Hiệp Bình, P. Hiệp Bình Chánh, Tp. Thủ Đức, TP. HCM","Café/Dessert, ","Trà, Café - Kem, Sinh tố - Nước ép, Thức uống, Trà sữa, Sữa, ","Món Việt, ",07:30 - 22:00,07:30 - 22:00,07:30 - 22:00,07:30 - 22:00,07:30 - 22:00,07:30 - 22:00,07:30 - 22:00,no,no,yes,25.000 -40.000,8.0,7.6,8.1,7.7,14
276,SaSin - Mì Cay 7 Cấp Độ Hàn Quốc - Làng Đại Học,10.8753797738718,106.7990210652351,"Đại Học Khoa Học Tự Nhiên, Đường A2, Tp. Thủ Đức, TP. HCM","Quán ăn, ","Món nước, Mì, ","Món Á, Món Hàn, ",07:00 - 22:00,07:00 - 22:00,07:00 - 22:00,07:00 - 22:00,07:00 - 22:00,07:00 - 22:00,07:00 - 22:00,no,no,no,30.000 -60.000,0.0,0.0,6.3,6.1,19
277,TikTak - Trà Sữa & Trà Đào - Cách Mạng Tháng 8,10.7823810000000,106.6727760000000,"503B Cách Mạng Tháng 8, P. 13, Quận 10, TP. HCM","Café/Dessert, ","Trà, Trà chanh, Café - Kem, Thức uống, Trà sữa, ","Món Việt, ",08:00 - 22:45,08:00 - 22:45,08:00 - 22:45,08:00 - 22:45,08:00 - 22:45,08:00 - 22:45,08:00 - 22:45,no,no,yes,10.000 -30.000,7.1,6.9,6.1,6.9,346
277,TikTak - Trà Sữa & Trà Đào - Điện Biên Phủ,10.8014782000000,106.7105159000000,"333 Điện Biên Phủ, P. 15, Quận Bình Thạnh, TP. HCM","Café/Dessert, ","Trà, Trà chanh, Thức uống, Trà sữa, ","Món Việt, ",09:00 - 22:30,09:00 - 22:30,09:00 - 22:30,09:00 - 22:30,09:00 - 22:30,09:00 - 22:30,09:00 - 22:30,no,no,yes,20.000 -60.000,7.1,7.0,6.8,7.1,71
277,TikTak - Trà Sữa & Trà Đào - Võ Văn Ngân,10.8504760000000,106.7661550000000,"218 Võ Văn Ngân, P. Bình Thọ, Tp. Thủ Đức, TP. HCM","Café/Dessert, ","Thức uống, ","Món Việt, ",08:00 - 22:00,08:00 - 22:00,08:00 - 22:00,08:00 - 22:00,08:00 - 22:00,08:00 - 22:00,08:00 - 22:00,yes,no,yes,20.000 -60.000,7.6,7.3,6.8,7.4,17
277,TikTak - Trà Sữa & Trà Đào - Nguyễn Duy Trinh,10.8113580000000,106.8327610000000,"1787 Nguyễn Duy Trinh, P. Trường Thạnh, Tp. Thủ Đức, TP. HCM","Café/Dessert, ","Trà, Sinh tố - Nước ép, Thức uống, Trà sữa, Sữa, ","Món Việt, ",10:00 - 22:00,10:00 - 22:00,10:00 - 22:00,10:00 - 22:00,10:00 - 22:00,10:00 - 22:00,10:00 - 22:00,no,no,yes,20.000 -30.000,0.0,0.0,0.0,_._,0
278,Cô Ù - Trà Sữa & Bún Đậu,10.8637710000000,106.7911090000000,"49C Đường Số 18, P. Linh Trung, Tp. Thủ Đức, TP. HCM","Quán ăn, ","Bún, Thức uống, Trà sữa, ","Món Việt, ",09:00 - 22:00,09:00 - 22:00,09:00 - 22:00,09:00 - 22:00,09:00 - 22:00,09:00 - 22:00,09:00 - 22:00,no,no,no,25.000 -55.000,7.5,7.5,6.7,7.3,19
279,Cotta Tea - Đường Số 4,10.8554800000000,106.7656750000000,"44 Đường Số 4, P. Linh Chiểu, Tp. Thủ Đức, TP. HCM","Café/Dessert, ","Trà, Café - Kem, Sinh tố - Nước ép, Thức uống, Trà sữa, Sữa, ","Món Việt, ",08:00 - 23:59,08:00 - 23:59,08:00 - 23:59,08:00 - 23:59,08:00 - 23:59,08:00 - 23:59,08:00 - 23:59,no,no,yes,10.000 -39.000,8.8,8.8,8.4,8.6,16
279,Cotta Tea - 42 Đường Số 4,10.8554160000000,106.7655660000000,"42 Đường Số 4, P. Linh Chiểu, Tp. Thủ Đức, TP. HCM","Café/Dessert, ","Trà, Café - Kem, Sinh tố - Nước ép, Thức uống, Trà sữa, Sữa, ","Món Việt, ",08:00 - 23:59,08:00 - 23:59,08:00 - 23:59,08:00 - 23:59,08:00 - 23:59,08:00 - 23:59,08:00 - 23:59,no,no,yes,10.000 -39.000,0.0,0.0,0.0,_._,0
280,Bánh Canh Cua - Hoàng Diệu 2,10.8573841000000,106.7649850000000,"86 Hoàng Diệu 2, Kp 4, P. Linh Chiểu, Tp. Thủ Đức, TP. HCM","Quán ăn, ","Bún, Cua - Ghẹ, Hải sản, Món nước, Miến, ","Món Việt, ",07:00 - 21:00,07:00 - 21:00,07:00 - 21:00,07:00 - 21:00,07:00 - 21:00,07:00 - 21:00,07:00 - 21:00,no,no,no,30.000 -50.000,8.1,8.1,7.6,8.0,14
281,Ẩm Thực Gánh - Bún Đậu Mắm Tôm,10.8568600000000,106.7647700000000,"81 Hoàng Diệu 2, P. Linh Trung, Tp. Thủ Đức, TP. HCM","Quán ăn, ","Bún, Thịt Heo, Món nước, Lẩu, Ăn vặt - Ăn nhẹ, Nem, Thức uống, ","Món Việt, ",10:00 - 22:00,10:00 - 22:00,10:00 - 22:00,10:00 - 22:00,10:00 - 22:00,10:00 - 22:00,10:00 - 22:00,no,yes,yes,25.000 -190.000,0.0,0.0,6.0,5.5,25
282,Trà Sữa Seiza - Đường Số 5,10.8295056000000,106.7132758000000,"13 Đường Số 5, P. Hiệp Bình Chánh, Tp. Thủ Đức, TP. HCM","Café/Dessert, ","Thức uống, Trà sữa, ","Món Việt, ",07:30 - 22:00,07:30 - 22:00,07:30 - 22:00,07:30 - 22:00,07:30 - 22:00,07:30 - 22:00,07:30 - 22:00,no,no,yes,12.000 -20.000,7.5,6.9,7.1,7.4,16
283,Ngonparty.com - Tiệc Ngon Giao Tận Nhà - Trần Ngọc Diện,10.8065380000000,106.7411800000000,"46A Trần Ngọc Diện, P. Thảo Điền, Tp. Thủ Đức, TP. HCM","Tiệc tận nơi, ","Lẩu, ","Món Việt, ",09:00 - 18:30,09:00 - 18:30,09:00 - 18:30,09:00 - 18:30,09:00 - 18:30,09:00 - 18:30,09:00 - 18:30,yes,yes,yes,398.000 -698.000,7.8,8.2,6.3,7.4,18
284,D.monster Hotdog - Thống Nhất,10.8436077000000,106.7688718000000,"20 Thống Nhất, P. Bình Thọ, Tp. Thủ Đức, TP. HCM","Ăn vặt/vỉa hè, ","Hamburger, Ăn vặt - Ăn nhẹ, Cơm, Nem, Cá/bò viên, Xúc xích, Fastfood - Thức ăn nhanh, ","Quốc tế, ",10:30 - 22:00,10:30 - 22:00,10:30 - 22:00,10:30 - 22:00,10:30 - 22:00,10:30 - 22:00,10:30 - 22:00,no,yes,yes,30.000 -40.000,8.4,8.4,8.0,8.2,14
284,D.monster Hotdog - Đường Số 8,10.8548740000000,106.7687360000000,"9 Đường Số 8, P. Linh Trung, Tp. Thủ Đức, TP. HCM","Quán ăn, ","Ăn vặt - Ăn nhẹ, Nem, Fastfood - Thức ăn nhanh, ","Món Việt, ",10:30 - 22:00,10:30 - 22:00,10:30 - 22:00,10:30 - 22:00,10:30 - 22:00,10:30 - 22:00,10:30 - 22:00,no,no,yes,30.000 -40.000,0.0,0.0,0.0,_._,0
285,Icelab - Gelato & All Things Cool,10.8103948000000,106.7301390000000,"104 Quốc Hương, P. Thảo Điền, Tp. Thủ Đức, TP. HCM","Café/Dessert, ","Chè, Café - Kem, Ăn vặt - Ăn nhẹ, ","Món Việt, ",15:00 - 23:00,15:00 - 23:00,15:00 - 23:00,15:00 - 23:00,15:00 - 23:00,15:00 - 23:00,15:00 - 23:00,no,no,no,30.000 -50.000,6.1,6.5,6.6,6.5,19
286,Som ตำ Thai - Saigon Centre,10.7732070000000,106.7009190000000,"Tầng 5, L5 - 18, SaiGon Centre, 65 Lê Lợi, P. Bến Nghé, Quận 1, TP. HCM","Nhà hàng, ","Cơm Chiên, Bún, Thịt Bò, Hải sản, Món nước, Cháo, Ăn vặt - Ăn nhẹ, Cơm, ","Món Á, Món Thái, ",10:00 - 22:00,10:00 - 22:00,10:00 - 22:00,10:00 - 22:00,10:00 - 22:00,10:00 - 22:00,10:00 - 22:00,no,no,yes,80.000 -500.000,7.9,7.7,8.1,7.9,362
286,Som ตำ Thai - Estella Place,10.8019880000000,106.7484000000000,"Lầu 2, Estella Place, 88 Song Hành, P. An Phú, Tp. Thủ Đức, TP. HCM","Nhà hàng, ","Thịt Gà, Thịt Bò, Thịt Heo, Hải sản, Lẩu, Ăn vặt - Ăn nhẹ, Cơm, ","Món Á, Món Thái, ",10:30 - 22:00,10:30 - 22:00,10:30 - 22:00,10:30 - 22:00,10:30 - 22:00,10:30 - 22:00,10:30 - 22:00,yes,no,yes,80.000 -500.000,8.1,7.2,7.7,7.8,16
286,Som ตำ Thai - Lê Thánh Tôn,10.7795369000000,106.7037179000000,"29 Lê Thánh Tôn, P. Bến Nghé, Quận 1, TP. HCM","Nhà hàng, ","Cơm Chiên, Bún, Lẩu, Cơm, ",,10:30 - 23:30,10:30 - 23:30,10:30 - 23:30,10:30 - 23:30,10:30 - 23:30,10:30 - 23:30,10:30 - 23:30,no,no,no,80.000 -500.000,6.8,7.2,7.8,7.5,12
286,Som ตำ Thai - Crescent Mall,10.7287216000000,106.7188180000000,"GF01 – Crescent Mall. 101 Tôn Dật Tiên, P. Tân Phú, Quận 7, TP. HCM","Quán ăn, ","Cơm Chiên, Bún, Lẩu, Cơm, ",,10:30 - 21:15,10:30 - 21:15,10:30 - 21:15,10:30 - 21:15,10:30 - 21:15,10:30 - 21:15,10:30 - 21:15,no,no,no,80.000 -500.000,8.8,8.6,9.3,8.9,14
286,Som ตำ Thai - Phan Xích Long,10.7981511000000,106.6884420000000,"167 Phan Xích Long, P. 2, Quận Phú Nhuận, TP. HCM","Nhà hàng, ",,,10:30 - 22:30,10:30 - 22:30,10:30 - 22:30,10:30 - 22:30,10:30 - 22:30,10:30 - 22:30,10:30 - 22:30,no,no,no,40.000 -1.000.000,0.0,0.0,0.0,_._,0
286,Som ตำ Thai - Vincom Center Đồng Khởi,10.7780260000000,106.7021041000000,"Tầng B3 (B3-05) Vincom Center Đồng Khởi, 72 Lê Thánh Tôn, P. Bến Nghé, Quận 1, TP. HCM","Nhà hàng, Quán ăn, ",,,10:30 - 22:00,10:30 - 22:00,10:30 - 22:00,10:30 - 22:00,10:30 - 22:00,10:30 - 22:00,10:30 - 22:00,no,no,no,40.000 -1.000.000,0.0,10.0,0.0,3.6,1
286,Som ตำ Thai - Nguyễn Tri Phương,10.7650783000000,106.6675167000000,"463A Nguyễn Tri Phương, P. 8, Quận 10, TP. HCM","Nhà hàng, ","Cơm Chiên, Bún, Lẩu, Cơm, ",,10:30 - 22:30,10:30 - 22:30,10:30 - 22:30,10:30 - 22:30,10:30 - 22:30,10:30 - 22:30,10:30 - 22:30,no,no,no,80.000 -500.000,9.3,9.3,10.0,9.6,3
286,Som ตำ Thai - Hùng Vương Plaza,10.7563986000000,106.6630299000000,"Lầu 4 (4F-08) Hùng Vương Plaza, 126 Hồng Bàng, P. 12, Quận 5, TP. HCM","Quán ăn, ",,,10:30 - 22:30,10:30 - 22:30,10:30 - 22:30,10:30 - 22:30,10:30 - 22:30,10:30 - 22:30,10:30 - 22:30,no,no,no,50.000 -300.000,0.0,0.0,0.0,_._,0
286,Som ตำ Thai - Thảo Điền,10.8018169000000,106.7390015000000,"Sachi Garden, 109 Võ Nguyên Giáp, P. Thảo Điền, Tp. Thủ Đức, TP. HCM","Nhà hàng, ",,,10:30 - 22:00,10:30 - 22:00,10:30 - 22:00,10:30 - 22:00,10:30 - 22:00,10:30 - 22:00,10:30 - 22:00,no,no,no,,0.0,0.0,0.0,_._,0
286,Som ตำ Thai - Vincom Plaza Quang Trung,10.8294840000000,106.6726643000000,"Tầng 2 (L2-10), Vincom Plaza Quang Trung, 190 Quang Trung, P. Gò Vấp, Quận Gò Vấp, TP. HCM","Nhà hàng, ","Tôm, Cua - Ghẹ, Hải sản, Mực, Món chay, Cơm, ",,10:30 - 22:00,10:30 - 22:00,10:30 - 22:00,10:30 - 22:00,10:30 - 22:00,10:30 - 22:00,10:30 - 22:00,no,no,no,,0.0,0.0,0.0,_._,0
286,Som Tum Thai - Saigon Marina IFC,10.7767668000000,106.7066726000000,"02 Tôn Đức Thắng, Quận 1, TP. HCM","Nhà hàng, ","Halal, ","Món Á, Món Thái, ",10:30 - 21:15,10:30 - 21:15,10:30 - 21:15,10:30 - 21:15,10:30 - 21:15,10:30 - 21:15,10:30 - 21:15,no,no,no,,0.0,0.0,0.0,_._,0
286,Som Tum Thai - Vincom Mega Mall Grand Park,10.8474090000000,106.8442470000000,"88 Phước Thiện, Tp. Thủ Đức, TP. HCM","Nhà hàng, ","Halal, ","Món Á, Món Thái, ",10:30 - 21:15,10:30 - 21:15,10:30 - 21:15,10:30 - 21:15,10:30 - 21:15,10:30 - 21:15,10:30 - 21:15,no,no,no,,0.0,0.0,0.0,_._,0
287,Trà Sữa Khánh Trang - Lương Định Của,10.7869961000000,106.7325224000000,"87 Lương Định Của, P. An Khánh, Tp. Thủ Đức, TP. HCM","Café/Dessert, ","Bánh mì, Trà, Café - Kem, Sinh tố - Nước ép, Ăn vặt - Ăn nhẹ, Thức uống, Trái cây, Trà sữa, ","Món Việt, ",08:00 - 22:00,08:00 - 22:00,08:00 - 22:00,08:00 - 22:00,08:00 - 22:00,08:00 - 22:00,08:00 - 22:00,yes,no,yes,20.000 -33.000,0.0,0.0,0.0,5.5,12
287,Trà Sữa Khánh Trang 2 - Vũ Tông Phan,10.7978449000000,106.7427898000000,"10 Vũ Tông Phan, P. An Phú (Đối Diện Trường Cấp 3 Thủ Thiêm), Tp. Thủ Đức, TP. HCM","Café/Dessert, ","Trà chanh, Café - Kem, Sinh tố - Nước ép, Ăn vặt - Ăn nhẹ, Thức uống, Trà sữa, Sữa, ","Món Việt, ",07:00 - 21:00,07:00 - 21:00,07:00 - 21:00,07:00 - 21:00,07:00 - 21:00,07:00 - 21:00,07:00 - 21:00,no,no,no,12.000 -30.000,7.9,7.4,8.0,7.7,11
288,The Wine Stand By Elsol,10.8056630000000,106.7324810000000,"8 Tống Hữu Định,  P. Thảo Điền, Tp. Thủ Đức, TP. HCM","Bar/Pub, ","Café - Kem, Sinh tố - Nước ép, Rượu vang, Thức uống, Bia, ","Món Việt, ",10:00 - 23:00,10:00 - 23:00,10:00 - 23:00,10:00 - 23:00,10:00 - 23:00,10:00 - 23:00,10:00 - 23:00,yes,no,yes,10.000 -250.000,9.3,9.0,8.6,8.9,10
289,Mệ Tôi - Bún Chả Cá Đà Nẵng,10.8427010000000,106.7645320000000,"24 Lê Quý Đôn, P. Bình Thọ, Tp. Thủ Đức, TP. HCM","Quán ăn, ","Bún, Món nước, ","Món Miền Trung, ",07:00 - 21:00,07:00 - 21:00,07:00 - 21:00,07:00 - 21:00,07:00 - 21:00,07:00 - 21:00,07:00 - 21:00,no,no,no,30.000 -40.000,9.3,9.2,8.9,8.9,16
290,Bò Né 3 Ngon - Bò Quanh Lửa Hồng - Nguyễn Thị Định,10.7858340000000,106.7564070000000,"216 Nguyễn Thị Định, P. Bình Trưng Tây, Tp. Thủ Đức, TP. HCM","Quán ăn, ","Phở, Bún, Thịt Bò, Beefsteak - Bò né, Mì, Miến, Salad, ","Món Việt, ","06:00 - 12:00, 16:00 - 22:00","06:00 - 12:00, 16:00 - 22:00","06:00 - 12:00, 16:00 - 22:00","06:00 - 12:00, 16:00 - 22:00","06:00 - 12:00, 16:00 - 22:00","06:00 - 12:00, 16:00 - 22:00","06:00 - 12:00, 16:00 - 22:00",yes,no,yes,10.000 -40.000,7.5,6.9,7.0,7.4,15
291,GS Food - Dosirak - Shop Online,10.7884200000000,106.7331420000000,"95/6/43 Đường D4, P. Bình An, Tp. Thủ Đức, TP. HCM","Shop Online, ","Thịt Gà, Gà rán, Bò nướng, Thịt Bò, Món nước, Lẩu, Bánh - Kẹo, Salad, Cơm văn phòng, Cơm, ","Món Á, Món Hàn, ",08:30 - 15:00,08:30 - 15:00,08:30 - 15:00,08:30 - 15:00,08:30 - 15:00,08:30 - 15:00,08:30 - 15:00,yes,yes,yes,88.000 -250.000,6.5,6.9,6.5,6.7,17
292,GuuCha - Trà Sữa & Ăn Vặt,10.7972300000000,106.7371290000000,"32 Nguyễn Quý Cảnh, P. An Phú, Tp. Thủ Đức, TP. HCM","Café/Dessert, ","Trà, Ăn vặt - Ăn nhẹ, Thức uống, Trà sữa, Sữa, ","Món Việt, ",08:00 - 21:00,08:00 - 21:00,08:00 - 21:00,08:00 - 21:00,08:00 - 21:00,08:00 - 21:00,08:00 - 21:00,no,no,yes,10.000 -70.000,6.7,6.9,6.6,6.9,14
293,Mì Hà Lan,10.8484270000000,106.7702440000000,"6 Nguyễn Khuyến, P. Bình Thọ, Tp. Thủ Đức, TP. HCM","Quán ăn, ","Món nước, Mì, Pizza & Pasta, Món Huế, Ăn vặt - Ăn nhẹ, ","Món Huế, Món Miền Trung, ",06:30 - 23:00,06:30 - 23:00,06:30 - 23:00,06:30 - 23:00,06:30 - 23:00,06:30 - 23:00,06:30 - 23:00,no,yes,yes,35.000 -55.000,7.4,7.0,7.4,7.2,14
294,Cơm Tấm Anh Cát,10.8756533842577,106.8000014126300,"Đường A2, Tp. Thủ Đức, TP. HCM","Quán ăn, ","Cơm, ","Món Việt, ",08:00 - 20:00,08:00 - 20:00,08:00 - 20:00,08:00 - 20:00,08:00 - 20:00,08:00 - 20:00,08:00 - 20:00,no,no,no,15.000 -30.000,7.2,7.2,7.6,7.3,17
295,Em Tôi - Bánh Canh Cá Lóc,10.8478822000000,106.7671527000000,"43 Bác Ái, P. Bình Thọ, Tp. Thủ Đức, TP. HCM","Quán ăn, ","Hải sản, Món nước, Bánh canh, Cá, ","Món Việt, ",06:00 - 22:00,06:00 - 22:00,06:00 - 22:00,06:00 - 22:00,06:00 - 22:00,06:00 - 22:00,06:00 - 22:00,no,no,no,10.000 -50.000,8.7,9.1,9.2,8.9,13
296,Zéllo Phô Mai Que,10.7757830000000,106.7668100000000,"698 Nguyễn Thị Định, P. Thạnh Mỹ Lợi, Tp. Thủ Đức, TP. HCM","Ăn vặt/vỉa hè, ","Pho mai que, Ăn vặt - Ăn nhẹ, Nem, Cá/bò viên, Fastfood - Thức ăn nhanh, ","Món Việt, ",16:00 - 22:00,16:00 - 22:00,16:00 - 22:00,16:00 - 22:00,16:00 - 22:00,16:00 - 22:00,16:00 - 22:00,no,yes,yes,5.000 -10.000,8.3,7.8,6.9,7.7,12
297,ABC Bakery - Nguyễn Văn Lạc,10.7955260000000,106.7100410000000,"1A Nguyễn Văn Lạc, P. 21, Quận Bình Thạnh, TP. HCM","Tiệm bánh, ","Bánh mì, Bánh - Kẹo, Ăn vặt - Ăn nhẹ, ","Món Âu, ",07:00 - 22:00,07:00 - 22:00,07:00 - 22:00,07:00 - 22:00,07:00 - 22:00,07:00 - 22:00,07:00 - 22:00,yes,no,no,10.000 -55.000,8.1,7.1,7.4,7.7,8
297,ABC Bakery - Bạch Đằng,10.8036310000000,106.7010210000000,"296 Bạch Đằng, P. 14, Quận Bình Thạnh, TP. HCM","Tiệm bánh, ","Bánh mì, Bánh - Kẹo, Ăn vặt - Ăn nhẹ, ","Món Âu, ","07:00 - 10:00, 17:00 - 22:00","07:00 - 10:00, 17:00 - 22:00","07:00 - 10:00, 17:00 - 22:00","07:00 - 10:00, 17:00 - 22:00","07:00 - 10:00, 17:00 - 22:00","07:00 - 10:00, 17:00 - 22:00","07:00 - 10:00, 17:00 - 22:00",no,no,yes,15.000 -110.000,7.7,6.7,6.7,7.2,26
297,ABC Bakery - Nguyễn Trãi,10.7565610000000,106.6766240000000,"222 - 231 - 233 Nguyễn Trãi, P. 2, Quận 5, TP. HCM","Tiệm bánh, ","Bánh mì, Bánh - Kẹo, Ăn vặt - Ăn nhẹ, ","Món Việt, ",07:00 - 22:30,07:00 - 22:30,07:00 - 22:30,07:00 - 22:30,07:00 - 22:30,07:00 - 22:30,07:00 - 22:30,yes,no,no,10.000 -55.000,7.5,7.1,7.0,7.3,110
297,ABC Bakery - Ông Ích Khiêm,10.7668430000000,106.6441530000000,"45K Ông Ích Khiêm, P. 10, Quận 11, TP. HCM","Tiệm bánh, ","Bánh mì, Bánh - Kẹo, Ăn vặt - Ăn nhẹ, ","Món Âu, ",07:00 - 22:00,07:00 - 22:00,07:00 - 22:00,07:00 - 22:00,07:00 - 22:00,07:00 - 22:00,07:00 - 22:00,yes,no,no,10.000 -55.000,7.5,7.5,8.3,7.6,4
297,ABC Bakery - Âu Cơ,10.7773170000000,106.6461400000000,"289 Âu Cơ , P. Phú Trung, Quận Tân Phú, TP. HCM","Tiệm bánh, ","Bánh mì, Bánh - Kẹo, Ăn vặt - Ăn nhẹ, ","Món Âu, ",07:00 - 22:00,07:00 - 22:00,07:00 - 22:00,07:00 - 22:00,07:00 - 22:00,07:00 - 22:00,07:00 - 22:00,yes,no,no,10.000 -55.000,7.4,7.6,7.4,7.6,14
297,ABC Bakery - Kinh Dương Vương,10.7361540000000,106.6140640000000,"545 Kinh Dương Vương, P. An Lạc, Quận Bình Tân, TP. HCM","Tiệm bánh, ","Bánh mì, Bánh - Kẹo, Ăn vặt - Ăn nhẹ, ","Món Âu, ",07:00 - 22:00,07:00 - 22:00,07:00 - 22:00,07:00 - 22:00,07:00 - 22:00,07:00 - 22:00,07:00 - 22:00,yes,no,no,10.000 -55.000,0.0,0.0,6.1,5.8,17
297,ABC Bakery - Võ Văn Ngân,10.8505930000000,106.7621920000000,"172 Võ Văn Ngân, P. Bình Thọ, Tp. Thủ Đức, TP. HCM","Tiệm bánh, ","Bánh mì, Bánh - Kẹo, Ăn vặt - Ăn nhẹ, ","Món Âu, ",07:00 - 22:00,07:00 - 22:00,07:00 - 22:00,07:00 - 22:00,07:00 - 22:00,07:00 - 22:00,07:00 - 22:00,yes,no,no,10.000 -55.000,0.0,0.0,0.0,5.5,10
297,ABC Bakery - Cách Mạng Tháng 8,10.7731480000000,106.6901580000000,"91- 91B Cách Mạng Tháng 8, P. Bến Thành, Quận 1, TP. HCM","Tiệm bánh, ","Bánh mì, Bánh - Kẹo, Ăn vặt - Ăn nhẹ, ","Món Âu, ",07:00 - 22:00,07:00 - 22:00,07:00 - 22:00,07:00 - 22:00,07:00 - 22:00,07:00 - 22:00,07:00 - 22:00,yes,no,no,10.000 -55.000,0.0,0.0,6.3,6.4,15
297,ABC Bakery - Tân Bình,10.7910630000000,106.6567590000000,"1029 Cách Mạng Tháng 8, P. 7, Quận Tân Bình, TP. HCM","Tiệm bánh, ","Bánh mì, Bánh - Kẹo, Ăn vặt - Ăn nhẹ, ","Món Âu, ",07:00 - 22:00,07:00 - 22:00,07:00 - 22:00,07:00 - 22:00,07:00 - 22:00,07:00 - 22:00,07:00 - 22:00,yes,no,no,10.000 -55.000,6.8,6.3,7.0,6.7,20
297,ABC Bakery - Lê Văn Sỹ,10.7866940000000,106.6799230000000,"282B Lê Văn Sỹ, P. 14, Quận 3, TP. HCM","Tiệm bánh, ","Bánh mì, Bánh - Kẹo, Ăn vặt - Ăn nhẹ, ","Món Âu, ",07:00 - 22:00,07:00 - 22:00,07:00 - 22:00,07:00 - 22:00,07:00 - 22:00,07:00 - 22:00,07:00 - 22:00,yes,no,no,10.000 -55.000,7.0,0.0,0.0,6.5,15
297,ABC Bakery - Bà Hom,10.7558390000000,106.6252270000000,"273 Bà Hom, P. 13, Quận 6, TP. HCM","Tiệm bánh, ","Bánh mì, Bánh - Kẹo, Ăn vặt - Ăn nhẹ, ","Món Âu, ",07:00 - 22:00,07:00 - 22:00,07:00 - 22:00,07:00 - 22:00,07:00 - 22:00,07:00 - 22:00,07:00 - 22:00,yes,no,no,10.000 -55.000,7.2,0.0,0.0,6.5,6
297,ABC Bakery - Lê Văn Việt,10.8484690000000,106.7747500000000,"5 Lê Văn Việt, P. Hiệp Phú, Tp. Thủ Đức, TP. HCM","Tiệm bánh, ","Bánh mì, Bánh - Kẹo, Ăn vặt - Ăn nhẹ, ","Món Việt, Món Âu, ",07:00 - 22:00,07:00 - 22:00,07:00 - 22:00,07:00 - 22:00,07:00 - 22:00,07:00 - 22:00,07:00 - 22:00,yes,no,no,6.000 -180.000,6.8,0.0,6.6,6.4,10
298,Phở Bùi Gia,10.8005776000000,106.7410606000000,"74 Song Hành, Tp. Thủ Đức, TP. HCM","Quán ăn, ","Phở, Đậu hũ, Bún, Món nước, Cơm, ","Món Việt, ","06:00 - 13:30, 16:30 - 22:00","06:00 - 13:30, 16:30 - 22:00","06:00 - 13:30, 16:30 - 22:00","06:00 - 13:30, 16:30 - 22:00","06:00 - 13:30, 16:30 - 22:00","06:00 - 13:30, 16:30 - 22:00","06:00 - 13:30, 16:30 - 22:00",no,no,no,10.000 -100.000,8.3,7.9,8.2,8.1,15
299,Bento Sushi,10.7881470000000,106.7743980000000,"524 Nguyễn Duy Trinh, P. Bình Trưng Đông, Tp. Thủ Đức, TP. HCM","Quán ăn, ","Tôm, Hải sản, Cá, Sushi & Sashimi, Mực, Salad, Cơm, ","Món Á, Món Nhật, ",10:00 - 22:00,10:00 - 22:00,10:00 - 22:00,10:00 - 22:00,10:00 - 22:00,10:00 - 22:00,10:00 - 22:00,no,yes,yes,30.000 -400.000,8.1,8.0,8.0,8.0,13
300,Póc - Nướng & Bia,10.7958270000000,106.7309830000000,"62 Trần Não, P. Bình An, Tp. Thủ Đức, TP. HCM","Quán ăn, ","Thịt Gà, Tôm, Bò nướng, Heo quay, Vịt quay, Thịt Ếch, Cơm Chiên, Đậu hũ, Bánh Đa Cua, Cua - Ghẹ, Thịt Bò, Bún, Thịt Heo, Hải sản, Gà ta, Mì, Lẩu, Cá, Nghêu - Sò - Ốc, Mực, Thịt Vịt, Salad, Hàu, Gỏi, Đặc sản vùng, Cơm, Trứng vịt lộn, Xúc xích, ","Món Việt, ",11:00 - 23:00,11:00 - 23:00,11:00 - 23:00,11:00 - 23:00,11:00 - 23:00,11:00 - 23:00,11:00 - 23:00,no,no,no,70.000 -150.000,8.6,6.8,7.3,7.6,12
301,Bánh Cuộn Jambon - Shop Online,10.8436910000000,106.7605070000000,"22/5 Đường Số 6, P. Trường Thọ, Tp. Thủ Đức, TP. HCM","Shop Online, ",,"Món Việt, ",08:00 - 21:00,08:00 - 21:00,08:00 - 21:00,08:00 - 21:00,08:00 - 21:00,08:00 - 21:00,08:00 - 21:00,yes,yes,yes,50.000 -59.000,9.2,8.4,8.0,8.4,13
302,Bánh Xèo Ba Híu - Đường Số 12,10.7896590000000,106.7308730000000,"46/9 Đường Số 12, P. Bình An, Tp. Thủ Đức, TP. HCM","Quán ăn, ","Bún, Miến, Bánh - Kẹo, Ăn vặt - Ăn nhẹ, Bánh xèo, ","Món Việt, ",12:00 - 20:30,12:00 - 20:30,12:00 - 20:30,12:00 - 20:30,12:00 - 20:30,12:00 - 20:30,12:00 - 20:30,yes,yes,no,25.000 -50.000,6.9,7.0,6.7,6.9,15
303,Bánh Mì Bread Land - Trần Ngọc Diện,10.8070551000000,106.7416282000000,"55b Trần Ngọc Diện, P. Thảo Điền, Tp. Thủ Đức, TP. HCM","Café/Dessert, ","Bánh mì, Bánh - Kẹo, Ăn vặt - Ăn nhẹ, ","Món Việt, ",06:00 - 19:00,06:00 - 19:00,06:00 - 19:00,06:00 - 19:00,06:00 - 19:00,06:00 - 19:00,06:00 - 19:00,yes,no,no,15.000 -45.000,8.4,8.2,8.4,8.0,13
304,Katholic Coffee - Tea & Coffee - Nguyễn Thị Nhung,10.8435729000000,106.7130154000000,"105 Nguyễn Thị Nhung, P. Hiệp Bình Phước, Tp. Thủ Đức, TP. HCM","Café/Dessert, Tiệm bánh, ","Trà, Café - Kem, Thức uống, Sữa, ","Món Việt, Món Miền Nam, ",10:00 - 21:30,10:00 - 21:30,10:00 - 21:30,10:00 - 21:30,10:00 - 21:30,10:00 - 21:30,10:00 - 21:30,no,no,yes,29.000 -49.000,0.0,0.0,6.7,5.6,18
305,Bún Đậu Mắm Tôm H-Famil - Man Thiện,10.8518400000000,106.7943600000000,"202A3 Man Thiện, P. Tăng Nhơn Phú A, Quận 9, TP. HCM","Quán ăn, ","Bún, ","Món Bắc, ",09:00 - 21:00,09:00 - 21:00,09:00 - 21:00,09:00 - 21:00,09:00 - 21:00,09:00 - 21:00,09:00 - 21:00,no,no,no,40.000 -60.000,0.0,0.0,6.9,5.8,9
305,Bún Đậu Mắm Tôm H-Famil - Tô Vĩnh Diện,10.8527818000000,106.7671064000000,"9 Tô Vĩnh Diện, Tp. Thủ Đức, TP. HCM","Quán ăn, ","Bún, Ăn vặt - Ăn nhẹ, Nem, ","Món Bắc, ",09:00 - 21:00,09:00 - 21:00,09:00 - 21:00,09:00 - 21:00,09:00 - 21:00,09:00 - 21:00,09:00 - 21:00,no,no,no,12.000 -55.000,8.4,7.9,7.7,8.1,14
305,Bún Đậu Mắm Tôm H-Famil - Lê Văn Việt,10.8453251000000,106.7796642000000,"136 Lê Văn Việt, P. Hiệp Phú, Quận 9, TP. HCM","Quán ăn, ","Bún, ","Món Bắc, ",09:00 - 21:30,09:00 - 21:30,09:00 - 21:30,09:00 - 21:30,09:00 - 21:30,09:00 - 21:30,09:00 - 21:30,no,no,no,30.000 -60.000,0.0,0.0,0.0,3.4,11
305,Bún Đậu Mắm Tôm H-Famil - Tam Hà,10.8606884000000,106.7475035000000,"111 Tam Hà, P. Tam Phú, Tp. Thủ Đức, TP. HCM","Quán ăn, ","Bún, Ăn vặt - Ăn nhẹ, Thức uống, ","Món Việt, ",08:00 - 21:00,08:00 - 21:00,08:00 - 21:00,08:00 - 21:00,08:00 - 21:00,08:00 - 21:00,08:00 - 21:00,no,no,yes,25.000 -70.000,8.0,7.6,8.1,7.8,8
305,Bún Đậu Mắm Tôm H-Famil - Đường Số 5,10.7982153000000,106.7328872000000,"145 Đường Số 5, P. Bình An, Tp. Thủ Đức, TP. HCM","Quán ăn, ","Bún, Chả giò, Ăn vặt - Ăn nhẹ, Thức uống, ","Món Việt, ","10:00 - 14:00, 16:00 - 22:00","10:00 - 14:00, 16:00 - 22:00","10:00 - 14:00, 16:00 - 22:00","10:00 - 14:00, 16:00 - 22:00","10:00 - 14:00, 16:00 - 22:00","10:00 - 14:00, 16:00 - 22:00","10:00 - 14:00, 16:00 - 22:00",yes,no,yes,10.000 -70.000,6.4,0.0,6.4,6.5,8
305,Bún Đậu Mắm Tôm H-Famil - 464 Lê Văn Việt,10.8456359000000,106.7953165000000,"464 Lê Văn Việt, P. Tăng Nhơn Phú A, Tp. Thủ Đức, TP. HCM","Quán ăn, ","Bún, Thịt Heo, Món nước, Chả giò, Ăn vặt - Ăn nhẹ, ","Món Bắc, Hà Nội, ",09:30 - 22:00,09:30 - 22:00,09:30 - 22:00,09:30 - 22:00,09:30 - 22:00,09:30 - 22:00,09:30 - 22:00,yes,no,yes,25.000 -65.000,6.9,6.6,6.9,6.5,7
305,Bún Đậu Mắm Tôm H-Famil - Lãnh Binh Thăng,10.7650906000000,106.6475811000000,"336 Lãnh Binh Thăng, P. 11, Quận 11, TP. HCM","Quán ăn, ","Đậu hũ, Bún, Ăn vặt - Ăn nhẹ, Nem, ","Món Bắc, ",10:00 - 21:00,10:00 - 21:00,10:00 - 21:00,10:00 - 21:00,10:00 - 21:00,10:00 - 21:00,10:00 - 21:00,no,no,no,35.000 -240.000,6.3,7.3,8.0,7.5,3
305,Bún Đậu Mắm Tôm H-Famil - Tân Sơn Nhì,10.7981056000000,106.6314340000000,"242 Tân Sơn Nhì, P. Tân Sơn Nhì, Quận Tân Phú, TP. HCM","Quán ăn, ","Bún, Thịt Heo, Món nước, Ăn vặt - Ăn nhẹ, ","Món Việt, ",10:00 - 21:00,10:00 - 21:00,10:00 - 21:00,10:00 - 21:00,10:00 - 21:00,10:00 - 21:00,10:00 - 21:00,no,no,no,35.000 -240.000,7.8,8.8,8.6,8.6,5
305,Bún Đậu Mắm Tôm H-Famil - Liêu Bình Hương,10.9660820000000,106.5048140000000,"84 Liêu Bình Hương, TT. Củ Chi, Huyện Củ Chi, TP. HCM","Quán ăn, ","Thịt Heo, Món nước, Ăn vặt - Ăn nhẹ, ","Món Bắc, ",10:00 - 21:00,10:00 - 21:00,10:00 - 21:00,10:00 - 21:00,10:00 - 21:00,10:00 - 21:00,10:00 - 21:00,yes,no,yes,10.000 -70.000,0.0,0.0,0.0,_._,0
305,Bún Đậu Mắm Tôm H-Famil - Phan Văn Trị,10.8273534000000,106.6881009000000,"673 Phan Văn Trị, P. 7, Quận Gò Vấp, TP. HCM","Quán ăn, ","Bún, Thịt Heo, ","Món Bắc, ",09:00 - 21:00,09:00 - 21:00,09:00 - 21:00,09:00 - 21:00,09:00 - 21:00,09:00 - 21:00,09:00 - 21:00,no,no,yes,15.000 -260.000,0.0,0.0,0.0,_._,0
305,Bún Đậu Mắm Tôm H-Famil - Quang Trung,10.8376860000000,106.6547189000000,"810 Quang Trung, P. 8, Quận Gò Vấp, TP. HCM","Quán ăn, ","Bún, ",,09:00 - 21:00,09:00 - 21:00,09:00 - 21:00,09:00 - 21:00,09:00 - 21:00,09:00 - 21:00,09:00 - 21:00,no,no,no,10.000 -60.000,0.0,0.0,0.0,_._,0
305,Bún Đậu Mắm Tôm H-Famil - Đường 458,10.9890877000000,106.5841175000000,"93 Đường 458, Ấp Thạnh An, Huyện Củ Chi, TP. HCM","Quán ăn, ","Bún, ",,09:00 - 21:00,09:00 - 21:00,09:00 - 21:00,09:00 - 21:00,09:00 - 21:00,09:00 - 21:00,09:00 - 21:00,no,no,no,10.000 -60.000,0.0,0.0,0.0,_._,0
306,Nhà Hàng Tiệc Cưới Minh Thùy,10.8399570000000,106.7674740000000,"1 Alexandre De Rhodes, P. Bình Thọ, Tp. Thủ Đức, TP. HCM","Nhà hàng, ","Thịt Gà, Nấm, Thịt Bò, Hải sản, Thức uống, Bia, Nước ngọt, ","Món Việt, ",09:00 - 21:00,09:00 - 21:00,09:00 - 21:00,09:00 - 21:00,09:00 - 21:00,09:00 - 21:00,09:00 - 21:00,no,no,yes,1.000.000 -3.300.000,6.6,6.6,7.3,6.9,9
307,Fruit Crush - Trái Cây Tươi & Ăn Vặt - Đường Số 10,10.7957348000000,106.7323337000000,"9 Đường Số 10, P. Bình An, Tp. Thủ Đức, TP. HCM","Ăn vặt/vỉa hè, ","Ăn vặt - Ăn nhẹ, Trái cây, ","Món Việt, ",Đang cập nhật,Đang cập nhật,Đang cập nhật,Đang cập nhật,Đang cập nhật,Đang cập nhật,Đang cập nhật,no,yes,yes,15.000 -45.000,8.7,8.7,8.1,8.5,15
308,Bún Đậu Mắm Tôm Quê - Đỗ Xuân Hợp,10.8234320000000,106.7689380000000,"Quán Bún Đậu Mắm Tôm Quê, 268/2A Đỗ Xuân Hợp, Tp. Thủ Đức, TP. HCM","Quán ăn, ","Bún, ",,Đang cập nhật,Đang cập nhật,Đang cập nhật,Đang cập nhật,Đang cập nhật,Đang cập nhật,Đang cập nhật,no,no,no,50.000 -300.000,9.5,9.3,9.3,9.4,15
308,Bún Đậu Mắm Tôm Quê - Nguyễn Xiển,10.8384217000000,106.8289450000000,"581 Nguyễn Xiển, P. Long Bình, Tp. Thủ Đức, TP. HCM","Quán ăn, ","Trà chanh, Bún, Sinh tố - Nước ép, Thức uống, ","Món Việt, Món Bắc, ",09:00 - 21:00,09:00 - 21:00,09:00 - 21:00,09:00 - 21:00,09:00 - 21:00,09:00 - 21:00,09:00 - 21:00,yes,yes,no,,10.0,10.0,0.0,8.0,1
309,Đồ Nướng 39,10.8470691031926,106.7685846894449,"44 Hàn Thuyên, P. Bình Thọ, Tp. Thủ Đức, TP. HCM","Ăn vặt/vỉa hè, Quán ăn, ",,"Món Việt, ",16:00 - 22:00,16:00 - 22:00,16:00 - 22:00,16:00 - 22:00,16:00 - 22:00,16:00 - 22:00,16:00 - 22:00,no,no,no,8.000 -35.000,7.0,0.0,0.0,6.0,14
310,Fika Coffee & Tea,10.8542290000000,106.7691097000000,"218A Hoàng Diệu 2, P. Linh Chiểu, Tp. Thủ Đức, TP. HCM","Café/Dessert, ","Trà, Café - Kem, Sinh tố - Nước ép, Thức uống, Nước ngọt, Sữa, ","Món Việt, ",08:30 - 22:30,08:30 - 22:30,08:30 - 22:30,08:30 - 22:30,08:30 - 22:30,08:30 - 22:30,08:30 - 22:30,no,no,yes,20.000 -50.000,8.5,8.7,8.8,8.3,13
311,Gà Nướng Rosemary Chicken,10.8658580000000,106.7432720000000,"31 Đường Số 8, P. Tam Phú, Tp. Thủ Đức, TP. HCM","Quán ăn, ","Thịt Gà, Lẩu, ","Món Việt, ",09:30 - 21:30,09:30 - 21:30,09:30 - 21:30,09:30 - 21:30,09:30 - 21:30,09:30 - 21:30,09:30 - 21:30,no,no,no,10.000 -158.000,8.8,9.1,8.3,8.8,11
312,La Fruta Café,10.8024900000000,106.7432130000000,"Vincom Megamall Thảo Điền, 161 Song Hành Xa Lộ Hà Nội, Tp. Thủ Đức, TP. HCM","Café/Dessert, ","Café - Kem, Thức uống, ","Món Việt, ",07:00 - 22:00,07:00 - 22:00,07:00 - 22:00,07:00 - 22:00,07:00 - 22:00,07:00 - 22:00,07:00 - 22:00,no,no,yes,17.000 -45.000,7.0,7.1,7.5,6.9,14
313,Muanuocep - Nước Ép & Tuyết Yến Healthy - Phó Đức Chính,10.7692540000000,106.7002040000000,"58 Phó Đức Chính, P. Nguyễn Thái Bình, Quận 1, TP. HCM","Shop Online, ","Sinh tố - Nước ép, Thức uống, ","Món Việt, ",07:00 - 21:30,07:00 - 21:30,07:00 - 21:30,07:00 - 21:30,07:00 - 21:30,07:00 - 21:30,07:00 - 21:30,yes,yes,yes,10.000 -60.000,9.5,9.5,9.1,9.3,22
313,Muanuocep - Nước Ép & Tuyết Yến Healthy - Đặng Văn Bi,10.8435830000000,106.7619780000000,"139/2F Đặng Văn Bi, P. Trường Thọ, Tp. Thủ Đức, TP. HCM","Shop Online, ","Sinh tố - Nước ép, Thức uống, ","Món Việt, ",07:00 - 20:00,07:00 - 20:00,07:00 - 20:00,07:00 - 20:00,07:00 - 20:00,07:00 - 20:00,07:00 - 20:00,yes,yes,yes,38.000 -200.000,9.7,9.6,9.5,9.5,20
313,Muanuocep - Nước Ép & Tuyết Yến Healthy - Thảo Điền,10.8017994000000,106.7292842000000,"40 Đường số 54, P. Thảo Điền, Tp. Thủ Đức, TP. HCM","Quán ăn, ","Sinh tố - Nước ép, Thức uống, ",,08:00 - 17:00,08:00 - 17:00,08:00 - 17:00,08:00 - 17:00,08:00 - 17:00,08:00 - 17:00,08:00 - 17:00,no,no,no,10.000 -60.000,10.0,10.0,9.1,9.7,8
313,Muanuocep - Nước Ép & Tuyết Yến Healthy - Đinh Tiên Hoàng,10.7903386000000,106.6975075000000,"95 Đinh Tiên Hoàng, P. Đa Kao, Quận 1, TP. HCM","Café/Dessert, ","Sinh tố - Nước ép, Thức uống, ",,07:00 - 20:00,07:00 - 20:00,07:00 - 20:00,07:00 - 20:00,07:00 - 20:00,07:00 - 20:00,07:00 - 20:00,no,no,no,10.000 -60.000,0.0,0.0,0.0,_._,0
313,Muanuocep - Nước Ép & Tuyết Yến Healthy - Nguyễn Văn Thủ,10.7884892000000,106.6972785000000,"132 Nguyễn Văn Thủ, P. Đa Kao, Quận 1, TP. HCM","Café/Dessert, ","Sinh tố - Nước ép, Thức uống, ",,08:00 - 21:00,08:00 - 21:00,08:00 - 21:00,08:00 - 21:00,08:00 - 21:00,08:00 - 21:00,08:00 - 21:00,no,no,no,10.000 -60.000,0.0,0.0,0.0,_._,0
314,Pikachu - Bánh Mì Cay Hải Phòng,10.8161264000000,106.8265180000000,"53 Đường N20 Khu Đô Thị Đông Tăng Long, P. Trường Thạnh, Tp. Thủ Đức, TP. HCM","Ăn vặt/vỉa hè, ","Bánh mì, Bánh - Kẹo, Ăn vặt - Ăn nhẹ, ","Món Bắc, ",08:00 - 21:00,08:00 - 21:00,08:00 - 21:00,08:00 - 21:00,08:00 - 21:00,08:00 - 21:00,08:00 - 21:00,no,yes,yes,5.000 -20.000,6.8,6.6,6.4,6.8,16
315,Cháo Ếch Singapore OK Lah Food Truck - Nguyễn Duy Trinh,10.7889891000000,106.7680753000000,"383 Nguyễn Duy Trinh, P. Bình Trưng Tây, Tp. Thủ Đức, TP. HCM","Ăn vặt/vỉa hè, ","Bún, Cháo, ",,08:00 - 22:00,08:00 - 22:00,08:00 - 22:00,08:00 - 22:00,08:00 - 22:00,08:00 - 22:00,08:00 - 22:00,no,yes,yes,20.000 -100.000,10.0,10.0,9.9,9.9,31
316,Bánh Canh Cua Ngọc Thanh - Einstein,10.8439590000000,106.7658979999999,"23 Einstein, P. Bình Thọ, Tp. Thủ Đức, TP. HCM","Quán ăn, ","Món nước, Bánh canh, ","Món Việt, ",14:00 - 21:00,14:00 - 21:00,14:00 - 21:00,14:00 - 21:00,14:00 - 21:00,14:00 - 21:00,14:00 - 21:00,no,no,no,25.000 -40.000,6.7,6.5,6.1,6.3,15
317,Surf 'n' Fries Thảo Điền - Best Fries In Town,10.8021790000000,106.7409780000000,"Tầng 5, Vincom Mega Mall, 159 Xa lộ Hà Nội, Thảo Điền, Tp. Thủ Đức, TP. HCM","Quán ăn, ","Ăn vặt - Ăn nhẹ, Fastfood - Thức ăn nhanh, ","Châu Mỹ, ",09:00 - 22:00,09:00 - 22:00,09:00 - 22:00,09:00 - 22:00,09:00 - 22:00,09:00 - 22:00,09:00 - 22:00,yes,no,yes,30.000 -150.000,7.5,8.0,7.5,7.6,15
318,Cello Coffee,10.8536193000000,106.7680140000000,"96 Tô Vĩnh Diện, Tp. Thủ Đức, TP. HCM","Café/Dessert, ","Trà, Café - Kem, Sinh tố - Nước ép, Thức uống, Nước ngọt, Sữa, ","Món Việt, ",06:30 - 23:30,06:30 - 23:30,06:30 - 23:30,06:30 - 23:30,06:30 - 23:30,06:30 - 23:30,06:30 - 23:30,yes,no,yes,22.000 -79.000,6.2,6.2,8.4,6.8,14
319,Trà Sữa Motéa - Hoàng Diệu 2,10.8560870000000,106.7663490000000,"140 Hoàng Diệu 2, P. Linh Chiểu, Tp. Thủ Đức, TP. HCM","Café/Dessert, ","Trà, Sinh tố - Nước ép, Thức uống, Trà sữa, Sữa, ","Món Việt, ",08:30 - 21:00,08:30 - 21:00,08:30 - 21:00,08:30 - 21:00,08:30 - 21:00,08:30 - 21:00,08:30 - 21:00,no,no,no,20.000 -55.000,7.0,6.5,7.4,7.2,20
319,Trà Sữa Motéa - Phan Văn Trị,10.8062988000000,106.6972008000000,"2A Phan Văn Trị, P. 14, Quận Bình Thạnh, TP. HCM","Café/Dessert, ","Sinh tố - Nước ép, Thức uống, Trà sữa, Sữa, ",,08:30 - 22:30,08:30 - 22:30,08:30 - 22:30,08:30 - 22:30,08:30 - 22:30,08:30 - 22:30,08:30 - 22:30,no,no,no,,0.0,0.0,0.0,_._,0
319,Trà Sữa Motéa - Đường 339,10.8243389000000,106.7788253000000,"167A Đường 339, P. Phước Long B, Tp. Thủ Đức, TP. HCM","Café/Dessert, Tiệm bánh, ","Sinh tố - Nước ép, Thức uống, Trà sữa, ","Món Việt, ",09:00 - 22:00,09:00 - 22:00,09:00 - 22:00,09:00 - 22:00,09:00 - 22:00,09:00 - 22:00,09:00 - 22:00,no,no,no,,0.0,0.0,0.0,_._,0
320,"Góc Huế - Bún Bò Chả Cua - Bánh Bèo, Nậm & Lọc",10.8463135000000,106.7655072000000,"36 Dân Chủ, P. Bình Thọ, Tp. Thủ Đức, TP. HCM","Quán ăn, ","Bún, Bánh - Kẹo, Món Huế, Bánh tằm, ","Món Việt, ","07:00 - 13:00, 16:00 - 20:00","07:00 - 13:00, 16:00 - 20:00","07:00 - 13:00, 16:00 - 20:00","07:00 - 13:00, 16:00 - 20:00","07:00 - 13:00, 16:00 - 20:00","07:00 - 13:00, 16:00 - 20:00","07:00 - 13:00, 16:00 - 20:00",yes,no,yes,12.000 -45.000,8.1,8.3,8.4,8.2,13
321,Quán Ụt Ụt - Barbecue & Beer - Xuân Thủy,10.8033610000000,106.7324099000000,"47 Xuân Thủy, P. Thảo Điền, Tp. Thủ Đức, TP. HCM","Quán ăn, ","Thịt Gà, Thịt Bò, Thịt Heo, Salad, Ăn vặt - Ăn nhẹ, Thức uống, ","Món Việt, ",11:00 - 23:00,11:00 - 23:00,11:00 - 23:00,11:00 - 23:00,11:00 - 23:00,11:00 - 23:00,11:00 - 23:00,yes,no,yes,100.000 -300.000,7.5,7.7,8.4,7.8,11
322,Royaltea - Kha Vạn Cân,10.8479270000000,106.7525020000000,"778 Kha Vạn Cân, P. Linh Đông, Tp. Thủ Đức, TP. HCM","Café/Dessert, ","Trà, Thức uống, Trà sữa, Sữa, ","Món Á, Món Trung Hoa, ",08:30 - 22:30,08:30 - 22:30,08:30 - 22:30,08:30 - 22:30,08:30 - 22:30,08:30 - 22:30,08:30 - 22:30,no,no,yes,30.000 -35.000,0.0,0.0,0.0,4.3,24
323,Quán Gần Nhà - Quán Ăn Gia Đình,10.8435537000000,106.7672609999999,"17 Hòa Bình, P. Bình Thọ, Tp. Thủ Đức, TP. HCM","Quán ăn, ","Hải sản, ","Món Việt, ",10:00 - 23:00,10:00 - 23:00,10:00 - 23:00,10:00 - 23:00,10:00 - 23:00,10:00 - 23:00,10:00 - 23:00,no,no,yes,50.000 -250.000,6.9,6.4,6.5,6.8,15
324,Mặn Mòi - Thảo Điền,10.8046720000000,106.7439430000000,"32 Đường Số 11, P. Thảo Điền, Tp. Thủ Đức, TP. HCM","Nhà hàng, ","Thịt Bò, Bún, Thịt Heo, Hủ tiếu, Hải sản, Lẩu, Ăn vặt - Ăn nhẹ, Cơm, Nem, Cá/bò viên, ","Món Á, ",07:00 - 22:00,07:00 - 22:00,07:00 - 22:00,07:00 - 22:00,07:00 - 22:00,07:00 - 22:00,07:00 - 22:00,no,no,yes,100.000 -300.000,6.6,6.8,7.3,6.7,11
325,Trà Sữa Ăn Vặt An - Tea & Food,10.8275034000000,106.7262487000000,"002 Lô C, Chung Cư Hiệp Bình Chánh, Đường Số 23, Tp. Thủ Đức, TP. HCM","Shop Online, ","Trà, Trà chanh, Sinh tố - Nước ép, Ăn vặt - Ăn nhẹ, Thức uống, Trà sữa, Sữa, ","Món Việt, ",09:30 - 22:00,09:30 - 22:00,09:30 - 22:00,09:30 - 22:00,09:30 - 22:00,09:30 - 22:00,09:30 - 22:00,no,no,yes,15.000 -35.000,9.8,9.8,9.7,9.8,10
326,Bún Đậu Xưa - Bún Đậu Mắm Tôm - Đường Số 9,10.8146670000000,106.7703310000000,"32 Đường Số 9, P. Phước Bình, Tp. Thủ Đức, TP. HCM","Quán ăn, ","Bún, Món nước, Đặc sản vùng, Ăn vặt - Ăn nhẹ, Nem, Thức uống, ","Món Bắc, Hà Nội, ",09:30 - 22:00,09:30 - 22:00,09:30 - 22:00,09:30 - 22:00,09:30 - 22:00,09:30 - 22:00,09:30 - 22:00,yes,no,yes,10.000 -115.000,7.3,8.1,7.8,7.6,16
327,Quán 211 - Xiên Que Nướng,10.8541910000000,106.7712360000000,"211 Hoàng Diệu 2, Linh Trung, Tp. Thủ Đức, TP. HCM","Ăn vặt/vỉa hè, ","Thịt Heo, Hải sản, Ăn vặt - Ăn nhẹ, ","Món Miền Nam, ",17:00 - 00:00,17:00 - 00:00,17:00 - 00:00,17:00 - 00:00,17:00 - 00:00,17:00 - 00:00,17:00 - 00:00,no,yes,yes,6.000 -12.000,7.2,6.5,7.2,7.3,13
328,Bliss Garden Coffee,10.8464230000000,106.7233840000000,"81 Hiệp Bình, Hiệp Bình Phước, Tp. Thủ Đức, TP. HCM","Café/Dessert, ","Café - Kem, ","Món Việt, ",07:00 - 23:30,07:00 - 23:30,07:00 - 23:30,07:00 - 23:30,07:00 - 23:30,07:00 - 23:30,07:00 - 23:30,yes,no,yes,20.000 -60.000,6.9,7.0,8.4,7.3,14
329,Cachi Tea - Đường D2,10.8056190000000,106.7158000000000,"38 Nguyễn Gia Trí (Đường D2), P. 25, Quận Bình Thạnh, TP. HCM","Ăn vặt/vỉa hè, ","Trà, Thức uống, Trà sữa, Sữa, ","Món Việt, ",18:00 - 22:30,18:00 - 22:30,18:00 - 22:30,18:00 - 22:30,18:00 - 22:30,18:00 - 22:30,18:00 - 22:30,no,yes,yes,20.000 -30.000,6.1,6.0,0.0,6.1,32
329,Cachi Tea - Trần Khắc Chân,10.7931270000000,106.6911590000000,"23 Trần Khắc Chân, P. Tân Định, Quận 1, TP. HCM","Café/Dessert, ","Trà, Café - Kem, Thức uống, Trà sữa, Sữa, ","Món Việt, ",09:00 - 16:00,09:00 - 16:00,09:00 - 16:00,09:00 - 16:00,09:00 - 16:00,09:00 - 16:00,09:00 - 16:00,no,no,yes,22.000 -32.000,0.0,0.0,0.0,5.6,11
329,Cachi Tea - Đường Số 17 Đại Học Ngân Hàng,10.8538699000000,106.7569869000000,"1 Đường Số 17, P. Linh Chiểu, Tp. Thủ Đức, TP. HCM","Café/Dessert, ","Trà, Café - Kem, Thức uống, Trà sữa, Sữa, ","Món Việt, ",08:00 - 23:00,08:00 - 23:00,08:00 - 23:00,08:00 - 23:00,08:00 - 23:00,08:00 - 23:00,08:00 - 23:00,no,no,yes,23.000 -32.000,8.7,7.3,6.7,7.7,15
329,Cachi Tea - Chu Văn An,10.8112780000000,106.6957780000000,"425 Chu Văn An, P. 12, Quận Bình Thạnh, TP. HCM","Café/Dessert, ","Trà, Thức uống, Trà sữa, Sữa, ","Món Việt, ",09:00 - 22:00,09:00 - 22:00,09:00 - 22:00,09:00 - 22:00,09:00 - 22:00,09:00 - 22:00,09:00 - 22:00,no,no,yes,22.000 -32.000,7.9,7.8,6.0,7.3,12
329,Cachi Tea - Đường Trục,10.8252380000000,106.7006990000000,"1/49A Đường Trục, P. 13, Quận Bình Thạnh, TP. HCM","Café/Dessert, ","Trà, Thức uống, Trà sữa, Sữa, ","Món Việt, ",09:00 - 21:00,09:00 - 21:00,09:00 - 21:00,09:00 - 21:00,09:00 - 21:00,09:00 - 21:00,09:00 - 21:00,no,no,yes,25.000 -44.000,8.2,7.0,7.3,7.3,6
329,Cachi Tea - Man Thiện,10.8477940000000,106.7987120000000,"272 Man Thiện, P. Tăng Nhơn Phú A, Tp. Thủ Đức, TP. HCM","Café/Dessert, ","Trà, Café - Kem, Sinh tố - Nước ép, Thức uống, Nước ngọt, Trà sữa, Sữa, ","Món Việt, ",16:00 - 22:00,16:00 - 22:00,16:00 - 22:00,16:00 - 22:00,16:00 - 22:00,16:00 - 22:00,16:00 - 22:00,no,no,yes,15.000 -45.000,0.0,0.0,0.0,_._,0
329,Cachi Tea - Phú Châu,10.8653788000000,106.7449631000000,"72 Phú Châu, P. Tam Phú, Tp. Thủ Đức, TP. HCM","Café/Dessert, ","Trà chanh, Sinh tố - Nước ép, Thức uống, Trà sữa, ",,09:00 - 21:00,09:00 - 21:00,09:00 - 21:00,09:00 - 21:00,09:00 - 21:00,09:00 - 21:00,09:00 - 21:00,no,no,no,15.000 -35.000,0.0,0.0,0.0,_._,0
329,Cachi Tea - 616A Kha Vạn Cân,10.8407156000000,106.7455201000000,"616A Kha Vạn Cân, P. Linh Đông, Tp. Thủ Đức, TP. HCM","Café/Dessert, ","Trà chanh, Sinh tố - Nước ép, Thức uống, Trà sữa, ",,09:00 - 21:00,09:00 - 21:00,09:00 - 21:00,09:00 - 21:00,09:00 - 21:00,09:00 - 21:00,09:00 - 21:00,no,no,no,19.000 -45.000,0.0,0.0,0.0,_._,0
330,Romaro Halal - Ẩm Thực Trung Đông,10.7985543000000,106.7335897000000,"2 Đường Số 7, P. An phú, Tp. Thủ Đức, TP. HCM","Nhà hàng, ","Thịt Gà, Chocolate/Socola, Bánh - Kẹo, Café - Kem, Dimsum, Cơm, Halal, ","Quốc tế, Trung Đông, Ả Rập, ",11:30 - 22:00,11:30 - 22:00,11:30 - 22:00,11:30 - 22:00,11:30 - 22:00,11:30 - 22:00,11:30 - 22:00,no,yes,yes,29.000 -139.000,8.8,8.9,8.1,8.4,10
331,Xứ Cafe,10.8464339342731,106.7665425315499,"20 Bác Ái, Tp. Thủ Đức, TP. HCM","Café/Dessert, ","Café - Kem, Sinh tố - Nước ép, ","Món Việt, ",08:00 - 22:00,08:00 - 22:00,08:00 - 22:00,08:00 - 22:00,08:00 - 22:00,08:00 - 22:00,08:00 - 22:00,no,no,yes,10.000 -50.000,7.1,6.9,8.5,7.2,14
332,Family Food Paradise - Cantavil Premier,10.8016581000000,106.7472629000000,"Tầng 5, Cantavil Premier Mall, 1 Song Hành, P. An Phú, Tp. Thủ Đức, TP. HCM","Khu Ẩm Thực, ","Cơm, ","Món Việt, ",09:30 - 21:30,09:30 - 21:30,09:30 - 21:30,09:30 - 21:30,09:30 - 21:30,09:30 - 21:30,09:30 - 21:30,yes,yes,yes,10.000 -150.000,7.8,7.3,7.3,7.1,12
333,Koilands Coffee,10.8445880000000,106.7669278999999,"13 Khổng Tử, P. Bình Thọ, Tp. Thủ Đức, TP. HCM","Café/Dessert, ","Café - Kem, Sinh tố - Nước ép, Thức uống, ","Món Việt, ",08:00 - 22:00,08:00 - 22:00,08:00 - 22:00,08:00 - 22:00,08:00 - 22:00,08:00 - 22:00,08:00 - 22:00,no,no,yes,15.000 -35.000,0.0,0.0,0.0,4.5,20
334,Tiệm Bánh Tươi The Nut House,10.8481097000000,106.7895456000000,"81 Đường 379, P. Tăng Nhơn Phú A, Tp. Thủ Đức, TP. HCM","Quán ăn, Tiệm bánh, ",,,06:30 - 22:00,06:30 - 22:00,06:30 - 22:00,06:30 - 22:00,06:30 - 22:00,06:30 - 22:00,06:30 - 22:00,no,no,no,16.000 -29.000,9.6,9.5,9.3,9.5,17
335,Mì Cay Naga - Làng Đại Học,10.8762809000000,106.7985802000000,"Làng Đại Học Thủ Đức, Tp. Thủ Đức, TP. HCM","Quán ăn, ","Thịt Bò, Bún, Hải sản, Món nước, Mì, Mực, Thức uống, ","Món Việt, ",09:00 - 21:00,09:00 - 21:00,09:00 - 21:00,09:00 - 21:00,09:00 - 21:00,09:00 - 21:00,09:00 - 21:00,no,no,yes,30.000 -50.000,6.8,0.0,6.7,6.6,17
336,Quán Huế Thương - Chuyên Các Món Huế,10.7984817000000,106.7369631000000,"13 Nguyễn Quý Cảnh, P. An Phú, Tp. Thủ Đức, TP. HCM","Quán ăn, ","Bún, Chè, Món nước, Bánh canh, Bánh - Kẹo, Bánh bèo, Ăn vặt - Ăn nhẹ, ","Món Huế, Món Miền Trung, ",06:30 - 22:30,06:30 - 22:30,06:30 - 22:30,06:30 - 22:30,06:30 - 22:30,06:30 - 22:30,06:30 - 22:30,no,no,no,25.000 -50.000,7.7,7.9,7.7,7.8,13
337,ABMA Nem Nướng Làng Chài Nha Trang - Đường 265,10.8465170000000,106.7854840000000,"Số 64 Đường 265, P. Hiệp Phú, Tp. Thủ Đức, TP. HCM","Quán ăn, ","Thịt Heo, Lẩu, Ăn vặt - Ăn nhẹ, Cơm, Nem, ","Món Miền Trung, Nha Trang, ",07:00 - 21:00,07:00 - 21:00,07:00 - 21:00,07:00 - 21:00,07:00 - 21:00,07:00 - 21:00,07:00 - 21:00,no,no,yes,50.000 -100.000,8.1,7.5,7.5,7.6,15
338,Bún Cá Nha Trang - Trần Não,10.7963790000000,106.7309850000000,"58/2 Trần Não, P. Bình An, Tp. Thủ Đức, TP. HCM","Quán ăn, ","Bún, Hủ tiếu, Hải sản, Món nước, Cá, ","Món Việt, ",09:00 - 21:00,09:00 - 21:00,09:00 - 21:00,09:00 - 21:00,09:00 - 21:00,09:00 - 21:00,09:00 - 21:00,no,no,no,25.000 -25.000,6.9,0.0,0.0,6.2,16
339,Bánh Canh Cá Lóc Trần - Kha Vạn Cân,10.8408184000000,106.7450514000000,"421 Kha Vạn Cân, P. Linh Đông, Tp. Thủ Đức, TP. HCM","Quán ăn, ","Bún, Hải sản, Món nước, Bánh canh, Cá, Miến, Món Huế, Đặc sản vùng, Home-made, Ăn vặt - Ăn nhẹ, ","Món Việt, ",06:00 - 22:00,06:00 - 22:00,06:00 - 22:00,06:00 - 22:00,06:00 - 22:00,06:00 - 22:00,06:00 - 22:00,no,no,yes,10.000 -35.000,7.7,7.6,7.3,7.5,12
339,Bánh Canh Cá Lóc Trần - Đỗ Xuân Hợp,10.7949650000000,106.7811080000000,"700 Đỗ Xuân Hợp, P. Bình Trưng Đông, Tp. Thủ Đức, TP. HCM","Quán ăn, ","Bún, Hải sản, Cá, Miến, ",,06:30 - 21:45,06:30 - 21:45,06:30 - 21:45,06:30 - 21:45,06:30 - 21:45,06:30 - 21:45,06:30 - 21:45,no,no,no,10.000 -35.000,0.0,0.0,0.0,_._,0
339,Bánh Canh Cá Lóc Trần - Cư Xá Phú Lâm B,10.7522896000000,106.6283634000000,"34/4 Đường Số 10 Cư Xá Rada, P. 13, Quận 6, TP. HCM","Quán ăn, ","Bún, Miến, ",,06:30 - 21:45,06:30 - 21:45,06:30 - 21:45,06:30 - 21:45,06:30 - 21:45,06:30 - 21:45,06:30 - 21:45,no,no,no,10.000 -35.000,0.0,0.0,0.0,_._,0
339,Bánh Canh Cá Lóc Trần - Lê Đức Thọ,10.8405472000000,106.6792933000000,"199 Lê Đức Thọ, P. 17, Quận Gò Vấp, TP. HCM","Quán ăn, ","Bún, Miến, ",,06:30 - 21:30,06:30 - 21:30,06:30 - 21:30,06:30 - 21:30,06:30 - 21:30,06:30 - 21:30,06:30 - 21:30,no,no,no,10.000 -60.000,0.0,0.0,0.0,_._,0
339,Bánh Canh Cá Lóc Trần - Vạn Kiếp,10.7969300000000,106.6946000000000,"179 Đường Vạn Kiếp, P. 1, Quận Bình Thạnh, TP. HCM","Quán ăn, ","Bún, Hải sản, Cá, Miến, ",,09:00 - 22:00,09:00 - 22:00,09:00 - 22:00,09:00 - 22:00,09:00 - 22:00,09:00 - 22:00,09:00 - 22:00,no,no,no,,0.0,0.0,0.0,_._,0
339,BÁNH CANH CÁ LÓC TRẦN - VÕ OANH,10.8042967000000,106.7165388000000,"99B Võ Oanh, P. 25, Quận Bình Thạnh, TP. HCM","Quán ăn, ","Bún, Miến, ",,09:00 - 22:00,09:00 - 22:00,09:00 - 22:00,09:00 - 22:00,09:00 - 22:00,09:00 - 22:00,09:00 - 22:00,no,no,no,,0.0,0.0,0.0,_._,0
340,The Organic Juice - Légumes,10.8036570000000,106.7285390000000,"40 Nguyễn Cừ, P. Thảo Điền, Tp. Thủ Đức, TP. HCM","Café/Dessert, ","Bánh mì, Thực phẩm, Salad, Bánh - Kẹo, Sinh tố - Nước ép, Home-made, Ăn vặt - Ăn nhẹ, Thức uống, Trái cây, Fastfood - Thức ăn nhanh, ","Món Việt, ",08:00 - 22:00,08:00 - 22:00,08:00 - 22:00,08:00 - 22:00,08:00 - 22:00,08:00 - 22:00,08:00 - 22:00,no,no,yes,39.000 -85.000,10.0,10.0,9.9,9.9,8
341,Nhà Hàng Long Sơn - Hải Sản Tươi Sống,10.8414620000000,106.7666870000000,"12 Lê Quý Đôn, P. Bình Thọ, Tp. Thủ Đức, TP. HCM","Nhà hàng, ","Thịt Gà, Thịt Bò, Thịt Heo, Hải sản, ","Món Việt, ",10:00 - 23:00,10:00 - 23:00,10:00 - 23:00,10:00 - 23:00,10:00 - 23:00,10:00 - 23:00,10:00 - 23:00,no,yes,no,50.000 -1.100.000,7.5,6.6,7.9,7.3,8
342,Bánh Flan Beli - Đường Số 18,10.8635430000000,106.7913030000000,"49/5 Đường Số 18, P. Linh Trung, Tp. Thủ Đức, TP. HCM","Ăn vặt/vỉa hè, ","Home-made, Ăn vặt - Ăn nhẹ, ","Món Việt, ",09:00 - 22:00,09:00 - 22:00,09:00 - 22:00,09:00 - 22:00,09:00 - 22:00,09:00 - 22:00,09:00 - 22:00,yes,yes,yes,12.000 -25.000,10.0,10.0,9.1,9.8,11
342,Bánh Flan Beli - 53 Đường Số 18,10.8653370000000,106.7904390000000,"53 Đường Số 18, Khu Phố 5, P. Linh Trung, Tp. Thủ Đức, TP. HCM","Ăn vặt/vỉa hè, ","Bánh - Kẹo, Ăn vặt - Ăn nhẹ, ","Món Việt, ",08:00 - 22:00,08:00 - 22:00,08:00 - 22:00,08:00 - 22:00,08:00 - 22:00,08:00 - 22:00,08:00 - 22:00,no,yes,yes,12.000 -60.000,0.0,0.0,0.0,_._,0
343,Nhà Hàng Ẩm Thực Chay Om,10.8122970000000,106.7319150000000,"215 Nguyễn Văn Hưởng, P. Thảo Điền, Tp. Thủ Đức, TP. HCM","Ăn chay, ","Món chay, ","Món Việt, ",08:00 - 22:00,08:00 - 22:00,08:00 - 22:00,08:00 - 22:00,08:00 - 22:00,08:00 - 22:00,08:00 - 22:00,no,no,yes,80.000 -200.000,7.3,7.2,8.0,7.1,11
344,Nguyên Hồng Quán - Bánh Mì Xíu Mại & Sữa Chua,10.8446962000000,106.7551638000000,"71C Đường Số 8, P. Trường Thọ, Tp. Thủ Đức, TP. HCM","Quán ăn, ","Bánh mì, Chè, Bánh - Kẹo, Ăn vặt - Ăn nhẹ, Thức uống, ","Món Việt, ","06:00 - 09:30, 15:00 - 20:30","06:00 - 09:30, 15:00 - 20:30","06:00 - 09:30, 15:00 - 20:30","06:00 - 09:30, 15:00 - 20:30","06:00 - 09:30, 15:00 - 20:30","06:00 - 09:30, 15:00 - 20:30","06:00 - 09:30, 15:00 - 20:30",no,no,no,10.000 -15.000,9.2,9.4,7.6,8.6,12
345,Ryoyu Bakery - Vincom Mega Mall Thảo Điền,10.8015700000000,106.7387240000000,"Tầng Hầm 1, B1-K1, Vincom Mega Mall Thảo Điền, 159 Đ. Võ Nguyên Giáp, P. Thảo Điền, Tp. Thủ Đức, TP. HCM","Tiệm bánh, ","Bánh - Kẹo, ","Món Á, Món Nhật, ",07:30 - 21:00,07:30 - 21:00,07:30 - 21:00,07:30 - 21:00,07:30 - 21:00,07:30 - 21:00,07:30 - 21:00,no,no,yes,10.000 -90.000,8.5,8.9,7.5,8.3,10
346,Big Ben Cafe & Bistro,10.8600940000000,106.7618070000000,"20 Hoàng Diệu 2, P. Linh Chiểu, Tp. Thủ Đức, TP. HCM","Café/Dessert, ","Món nước, Café - Kem, Sinh tố - Nước ép, ","Món Âu, ",06:30 - 22:30,06:30 - 22:30,06:30 - 22:30,06:30 - 22:30,06:30 - 22:30,06:30 - 22:30,06:30 - 22:30,no,no,yes,18.000 -55.000,8.4,8.6,9.5,8.7,11
347,Chưa Đặt Tên Cafe,10.8428250000000,106.7654640000000,"3A Công Lý, P. Bình Thọ, Tp. Thủ Đức, TP. HCM","Café/Dessert, ","Café - Kem, Sinh tố - Nước ép, Ăn vặt - Ăn nhẹ, Thức uống, Bia, Nước ngọt, ","Món Việt, ",08:00 - 23:00,08:00 - 23:00,08:00 - 23:00,08:00 - 23:00,08:00 - 23:00,08:00 - 23:00,08:00 - 23:00,no,no,yes,15.000 -39.000,7.0,8.3,7.8,7.6,8
348,BÁNH CUỐN & MÌ QUẢNG GẠO LỨT - VŨ TÔNG PHAN,10.7966000000000,106.7410960000000,"Số 61 Vũ Tông Phan, P. An Phú, Tp. Thủ Đức, TP. HCM","Café/Dessert, ","Bánh ướt, Bún, Thịt Bò, Hủ tiếu, Chè, Mì, Bánh - Kẹo, Café - Kem, Ăn vặt - Ăn nhẹ, ","Món Âu, Ý, ",06:30 - 22:00,06:30 - 22:00,06:30 - 22:00,06:30 - 22:00,06:30 - 22:00,06:30 - 22:00,06:30 - 22:00,no,no,no,15.000 -105.000,7.5,7.9,7.3,7.4,13
349,Yumie Dessert - Shop Online,10.8603020000000,106.7463440000000,"382 Tô Ngọc Vân, P. Tam Phú, Tp. Thủ Đức, TP. HCM","Shop Online, ","Bánh - Kẹo, ","Món Việt, ",08:00 - 20:00,08:00 - 20:00,08:00 - 20:00,08:00 - 20:00,08:00 - 20:00,08:00 - 20:00,08:00 - 20:00,yes,yes,yes,50.000 -200.000,8.3,8.1,7.5,7.8,11
350,Starbucks Coffee - New World,10.7711170000000,106.6937040000000,"Góc Phạm Hồng Thái & Nguyễn Thị Nghĩa, 76 Đ. Nguyễn Thị Nghĩa, Quận 1, TP. HCM","Café/Dessert, ","Trà, Bánh - Kẹo, Café - Kem, Sinh tố - Nước ép, Thức uống, ","Mỹ, Món Âu, Châu Mỹ, ",06:30 - 23:00,06:30 - 23:00,06:30 - 23:00,06:30 - 23:00,07:00 - 23:59,07:00 - 23:59,06:30 - 23:00,no,no,yes,50.000 -220.000,7.2,7.2,7.7,7.2,735
350,Starbucks Coffee - Phan Xích Long,10.7974560000000,106.6900010000000,"214 - 216 Phan Xích Long, Quận Phú Nhuận, TP. HCM","Café/Dessert, ","Trà, Café - Kem, Sinh tố - Nước ép, Thức uống, ","Mỹ, Món Âu, Châu Mỹ, ",07:00 - 22:00,07:00 - 22:00,07:00 - 22:00,07:00 - 22:00,07:00 - 22:00,07:00 - 22:00,07:00 - 22:00,no,no,yes,70.000 -200.000,7.4,7.6,7.8,7.4,326
350,Starbucks Coffee - Panorama,10.7214822000000,106.7140299000000,"SN-44 Tòa Nhà Panorama, P. Tân Phong, Quận 7, TP. HCM","Café/Dessert, ","Trà, Café - Kem, Sinh tố - Nước ép, Thức uống, ","Mỹ, Món Âu, Châu Mỹ, ",07:00 - 22:30,07:00 - 22:30,07:00 - 22:30,07:00 - 22:30,07:00 - 23:00,07:00 - 23:00,07:00 - 22:30,yes,no,yes,75.000 -120.000,7.8,7.6,7.8,7.5,75
350,Starbucks Coffee - Mplaza Saigon,10.7843863000000,106.7023408000000,"Mplaza Saigon, 39 Lê Duẩn, P. Bến Nghé, Quận 1, TP. HCM","Café/Dessert, ","Café - Kem, Thức uống, ","Mỹ, Món Âu, Châu Mỹ, ",07:00 - 22:00,07:00 - 22:00,07:00 - 22:00,07:00 - 22:00,07:00 - 23:00,07:00 - 23:00,07:00 - 22:00,no,no,yes,50.000 -200.000,8.3,8.0,8.2,7.9,120
350,Starbucks Coffee - Nguyễn Huệ,10.7730970000000,106.7043330000000,"99 Nguyễn Huệ, P. Bến Nghé, Quận 1, TP. HCM","Café/Dessert, ","Café - Kem, Thức uống, ","Mỹ, Món Âu, Châu Mỹ, ",06:30 - 23:00,06:30 - 23:00,06:30 - 23:00,06:30 - 23:00,06:30 - 23:00,06:30 - 23:00,06:30 - 23:00,no,no,yes,100.000 -200.000,7.7,7.9,7.5,7.6,106
350,Starbucks Coffee - Emart,10.8227380000000,106.6935720000000,"Emart, 366 Phan Văn Trị, P. 5, Quận Gò Vấp, TP. HCM","Café/Dessert, ","Trà, Café - Kem, Sinh tố - Nước ép, Thức uống, ","Mỹ, Món Âu, Châu Mỹ, ",08:00 - 22:00,08:00 - 22:01,08:00 - 22:02,08:00 - 22:03,08:00 - 22:04,08:00 - 22:05,08:00 - 22:06,no,no,yes,35.000 -100.000,7.5,7.4,7.6,7.3,109
350,Starbucks Coffee - Lakai Building,10.7536690000000,106.6696500000000,"98 Nguyễn Tri Phương, Quận 5, TP. HCM","Café/Dessert, ","Trà, Café - Kem, Sinh tố - Nước ép, Thức uống, ","Mỹ, Món Âu, Châu Mỹ, ",07:00 - 23:30,07:00 - 23:30,07:00 - 23:30,07:00 - 23:30,07:00 - 23:30,07:00 - 23:30,07:00 - 23:30,yes,no,yes,60.000 -100.000,7.6,8.0,7.8,7.6,94
350,Starbucks Coffee - Nguyễn Văn Trỗi,10.7949150000000,106.6770600000000,"66 Nguyễn Văn Trỗi, Quận Phú Nhuận, TP. HCM","Café/Dessert, ","Trà, Café - Kem, Sinh tố - Nước ép, Thức uống, ","Mỹ, Món Âu, Châu Mỹ, ",07:00 - 23:00,07:00 - 23:00,07:00 - 23:00,07:00 - 23:00,07:00 - 23:00,07:00 - 23:00,07:00 - 23:00,no,no,yes,80.000 -200.000,7.5,7.3,7.8,7.4,68
350,Starbucks Coffee – The Vista,10.8050400000000,106.7519270000000,"The Vista An Phú, 628C Xa Lộ Hà Nội, P. An Phú, Tp. Thủ Đức, TP. HCM","Café/Dessert, ","Trà, Café - Kem, Sinh tố - Nước ép, Ăn vặt - Ăn nhẹ, Thức uống, Sữa, ","Mỹ, Châu Mỹ, ",07:00 - 23:30,07:00 - 23:30,07:00 - 23:30,07:00 - 23:30,07:00 - 23:30,07:00 - 23:30,07:00 - 23:30,no,no,yes,50.000 -150.000,7.8,7.6,9.0,8.1,13
350,Starbucks Coffee - Hồng Hà,10.8132440000000,106.6656820000000,"2 Hồng Hà, P. 2, Quận Tân Bình, TP. HCM","Café/Dessert, ","Trà, Bánh - Kẹo, Café - Kem, Sinh tố - Nước ép, Thức uống, ","Mỹ, Châu Mỹ, ",06:30 - 22:30,06:30 - 22:30,06:30 - 22:30,06:30 - 22:30,06:30 - 22:30,06:30 - 22:30,06:30 - 22:30,no,no,yes,75.000 -150.000,6.9,7.4,7.8,7.3,19
350,Starbucks Coffee - TTTM RomeA,10.7778320000000,106.6895890000000,"Tầng Trệt TTTM RomeA, 117 Nguyễn Đình Chiểu, P. 6, Quận 3, TP. HCM","Café/Dessert, ","Trà, Bánh - Kẹo, Café - Kem, Sinh tố - Nước ép, Thức uống, Trà sữa, ","Quốc tế, ",06:30 - 22:30,06:30 - 22:30,06:30 - 22:30,06:30 - 22:30,06:30 - 23:00,06:30 - 23:00,06:30 - 22:30,no,no,yes,50.000 -220.000,7.8,8.2,8.2,7.9,32
350,Starbucks Coffee - Cách Mạng Tháng 8,10.7766470000000,106.6837655000000,"241Bis Cách Mạng Tháng 8, P. 4, Quận 3, TP. HCM","Café/Dessert, ","Trà, Bánh - Kẹo, Café - Kem, Sinh tố - Nước ép, Thức uống, ","Mỹ, Châu Mỹ, ",07:00 - 22:00,07:00 - 22:00,07:00 - 22:00,07:00 - 22:00,07:00 - 23:00,07:00 - 23:00,07:00 - 22:00,no,no,yes,40.000 -110.000,7.6,7.2,7.2,7.2,39
351,Kem Xôi - Làng Đại Học,10.8762770000000,106.8013730000000,"Làng Đại Học, P. Linh Trung, Tp. Thủ Đức, TP. HCM","Café/Dessert, ","Café - Kem, Sinh tố - Nước ép, Thức uống, Trà sữa, ","Món Việt, ",08:00 - 22:00,08:00 - 22:00,08:00 - 22:00,08:00 - 22:00,08:00 - 22:00,08:00 - 22:00,08:00 - 22:00,no,no,no,10.000 -20.000,7.2,6.3,6.4,6.8,12
352,Mì Quảng Mỹ Sơn - Song Hành,10.8006100000000,106.7404640000000,"68 Song Hành, P. An Phú, Tp. Thủ Đức, TP. HCM","Quán ăn, ","Thịt Gà, Tôm, Bánh tráng, Bún, Thịt Bò, Hải sản, Gà ta, Món nước, Mì, Cháo, Cá, Gỏi, Đặc sản vùng, Cơm văn phòng, Cơm, ","Món Miền Trung, Món Quảng, ",07:00 - 21:30,07:00 - 21:30,07:00 - 21:30,07:00 - 21:30,07:00 - 21:30,07:00 - 21:30,07:00 - 21:30,no,no,no,51.000 -105.000,0.0,0.0,0.0,5.2,19
353,Phở Ông Tây,10.8034132000000,106.7270302000000,"16/9 Nguyễn Văn Hưởng, P. Thảo Điền, Tp. Thủ Đức, TP. HCM","Quán ăn, ","Phở, Bánh mì, Bún, Mì, Món nước, Miến, Bánh - Kẹo, Salad, ","Món Việt, ",11:00 - 23:00,11:00 - 23:00,11:00 - 23:00,11:00 - 23:00,11:00 - 23:00,11:00 - 23:00,11:00 - 23:00,no,no,no,20.000 -50.000,9.2,8.3,7.9,8.3,10
354,Bánh Bột Mặn Habi,10.8375263000000,106.7456478000000,"74/2/4 Đường Số 36, P. Linh Đông, Tp. Thủ Đức, TP. HCM","Ăn vặt/vỉa hè, ","Ăn vặt - Ăn nhẹ, ","Món Trung Hoa, ",10:00 - 22:00,10:00 - 22:00,10:00 - 22:00,10:00 - 22:00,10:00 - 22:00,10:00 - 22:00,10:00 - 22:00,no,yes,yes,20.000 -20.000,9.1,9.2,8.6,8.8,11
355,Cơm Tấm Pác Pa Phi,10.8618393000000,106.7794349000000,"189 Lê Văn Chí, P. Linh Trung, Tp. Thủ Đức, TP. HCM","Quán ăn, ","Cơm Tấm, Sườn nướng, Cơm văn phòng, Cơm, ","Món Việt, ",06:00 - 21:00,06:00 - 21:00,06:00 - 21:00,06:00 - 21:00,06:00 - 21:00,06:00 - 21:00,06:00 - 21:00,no,no,no,32.000 -52.000,8.8,8.6,9.0,8.8,12
356,Bún Bò Huế - Lam Sơn,10.8507840000000,106.7541580000000,"4 Lam Sơn, P. Linh tây, Tp. Thủ Đức, TP. HCM","Quán ăn, ","Món nước, ","Món Việt, ",06:00 - 21:00,06:00 - 21:00,06:00 - 21:00,06:00 - 21:00,06:00 - 21:00,06:00 - 21:00,06:00 - 21:00,no,no,no,30.000 -50.000,7.6,6.8,6.4,7.1,12
357,Cháo Ếch Chị Em - Nguyễn Thị Định,10.7916845000000,106.7529000000000,"196 Nguyễn Thị Định, P. An Phú, Tp. Thủ Đức, TP. HCM","Quán ăn, ","Thịt Ếch, Đậu hũ, Bún, Thịt Bò, Cua - Ghẹ, Hải sản, Cháo, Đặc sản vùng, Ăn vặt - Ăn nhẹ, ","Món Á, Singapore, ",08:00 - 23:00,08:00 - 23:00,08:00 - 23:00,08:00 - 23:00,08:00 - 23:00,08:00 - 23:00,11:00 - 23:00,no,no,yes,5.000 -140.000,7.5,7.4,6.9,7.4,14
358,Lạc Thái 7,10.8030360000000,106.7309570000000,"48Bis Xuân Thủy, P. Thảo Điền, Tp. Thủ Đức, TP. HCM","Nhà hàng, ","Thịt Dê, Vịt quay, Thịt Ếch, Cơm Chiên, Bún, Xôi, Hủ tiếu, Lẩu, Miến, Cơm, ","Món Á, Món Thái, ","10:00 - 14:00, 17:00 - 22:00","10:00 - 14:00, 17:00 - 22:00","10:00 - 14:00, 17:00 - 22:00","10:00 - 14:00, 17:00 - 22:00","10:00 - 14:00, 17:00 - 22:00","10:00 - 14:00, 17:00 - 22:00","10:00 - 14:00, 17:00 - 22:00",no,yes,yes,50.000 -300.000,7.5,7.7,7.5,7.4,12
359,"Trùm Ăn Vặt Sài Gòn - Bánh Tráng Nướng, Cút Nướng & Trái Cây Tô",10.8404030000000,106.7670250000000,"8 Thống Nhất, P. Bình Thọ, Tp. Thủ Đức, TP. HCM","Ăn vặt/vỉa hè, ","Home-made, Ăn vặt - Ăn nhẹ, Fastfood - Thức ăn nhanh, ","Món Việt, ",15:00 - 22:00,15:00 - 22:00,15:00 - 22:00,15:00 - 22:00,15:00 - 22:00,15:00 - 22:00,15:00 - 22:00,no,yes,yes,5.000 -30.000,8.6,8.7,8.0,8.5,10
360,Mama Sens Restaurant,10.8037780000000,106.7375370000000,"16 Thảo Điền, P. Thảo Điền, Tp. Thủ Đức, TP. HCM","Nhà hàng, ","Thực phẩm, Thịt Heo, Thịt Bò, Bún, Miến, Pizza & Pasta, Đặc sản vùng, Thức uống, Fastfood - Thức ăn nhanh, ","Món Việt, Món Âu, Ý, ",09:00 - 22:00,09:00 - 22:00,09:00 - 22:00,09:00 - 22:00,09:00 - 22:00,09:00 - 22:00,09:00 - 22:00,no,yes,yes,100.000 -500.000,9.2,9.6,9.0,9.0,9
361,Anan BBQ,10.8578000000000,106.7576160000000,"1088 Kha Vạn Cân, P. Linh Chiêu, Tp. Thủ Đức, TP. HCM","Buffet, ",,"Món Á, Món Nhật, ",17:00 - 23:00,17:00 - 23:00,17:00 - 23:00,17:00 - 23:00,17:00 - 23:00,17:00 - 23:00,17:00 - 23:00,yes,yes,yes,99.000 -200.000,7.5,7.2,8.1,7.6,13
362,Trà Sữa Nhà Hyy - Bàu Cát,10.7915609000000,106.6441153000000,"194 Bàu Cát, P. 11, Quận Tân Bình, TP. HCM","Ăn vặt/vỉa hè, ","Thức uống, Trà sữa, Sữa, ","Món Việt, ",11:00 - 22:00,11:00 - 22:00,11:00 - 22:00,11:00 - 22:00,11:00 - 22:00,11:00 - 22:00,11:00 - 22:00,no,yes,yes,10.000 -40.000,8.8,9.3,7.4,8.5,10
362,Trà Sữa Nhà Hyy - Nguyễn Văn Tăng,10.8445194000000,106.8184600000000,"161 Nguyễn Văn Tăng, P. Long Thạnh Mỹ, Tp. Thủ Đức, TP. HCM","Ăn vặt/vỉa hè, ","Trà, Trà chanh, Thức uống, Trà sữa, ","Món Việt, ",15:00 - 21:30,15:00 - 21:30,15:00 - 21:30,15:00 - 21:30,15:00 - 21:30,15:00 - 21:30,15:00 - 21:30,no,yes,yes,10.000 -40.000,9.6,9.6,9.6,9.6,13
362,Trà Sữa Nhà Hyy - Chương Dương,10.8532821000000,106.7595973000000,"49 Chương Dương, P. Linh Chiểu, Tp. Thủ Đức, TP. HCM","Café/Dessert, ","Trà, Thức uống, Trà sữa, Sữa, ","Món Việt, ",11:00 - 21:30,11:00 - 21:30,11:00 - 21:30,11:00 - 21:30,11:00 - 21:30,11:00 - 21:30,11:00 - 21:30,no,no,no,10.000 -40.000,0.0,0.0,0.0,4.7,2
362,Trà Sữa Nhà Hyy - Đầm Sen,10.7666555000000,106.6361196000000,"Quầy E3 Đầm Sen Square, Đường Kênh Tân Hóa, P.3, Quận 11, TP. HCM","Café/Dessert, ","Trà chanh, Sinh tố - Nước ép, Thức uống, Trà sữa, ",,11:30 - 22:00,11:30 - 22:00,11:30 - 22:00,11:30 - 22:00,11:30 - 22:00,11:30 - 22:00,11:30 - 22:00,no,no,no,,0.0,0.0,0.0,_._,0
363,Món Quảng - Food & Coffee House - Thống Nhất,10.8407042000000,106.7669490000000,"15 Thống Nhất, P. Bình Thọ, Tp. Thủ Đức, TP. HCM","Nhà hàng, ","Bánh mì, Bánh tráng, Hải sản, Món nước, Bánh - Kẹo, Café - Kem, Chả giò, Gỏi, Món Huế, Đặc sản vùng, Cơm, Bánh xèo, Thức uống, ","Món Miền Trung, ",07:00 - 22:00,07:00 - 22:00,07:00 - 22:00,07:00 - 22:00,07:00 - 22:00,07:00 - 22:00,07:00 - 22:00,yes,yes,yes,2.000 -200.000,8.1,8.4,8.5,8.2,11
364,Royaltea - Nguyễn Duy Trinh,10.7875660000000,106.7644100000000,"242 Nguyễn Duy Trinh, P. Bính Trưng Tây, Tp. Thủ Đức, TP. HCM","Café/Dessert, ","Trà, Sinh tố - Nước ép, Thức uống, Trà sữa, Sữa, ","Món Việt, ",09:00 - 22:00,09:00 - 22:00,09:00 - 22:00,09:00 - 22:00,09:00 - 22:00,09:00 - 22:00,09:00 - 22:00,no,no,yes,25.000 -50.000,8.2,7.8,8.1,8.0,15
364,Royaltea - Xuân Quỳnh,10.8170664000000,106.7768342000000,"9 Xuân Quỳnh, P. Phước Long B, Tp. Thủ Đức, TP. HCM","Café/Dessert, ","Trà chanh, Sinh tố - Nước ép, Thức uống, Trà sữa, Sữa, ",,08:00 - 22:00,08:00 - 22:00,08:00 - 22:00,08:00 - 22:00,08:00 - 22:00,08:00 - 22:00,08:00 - 22:00,no,no,no,25.000 -50.000,0.0,0.0,0.0,_._,0
365,Yang's Cupbop,10.7999746000000,106.7375796000000,"51 Song Hành, P. An Phú, Tp. Thủ Đức, TP. HCM","Quán ăn, ","Thịt Heo, Cơm văn phòng, Ăn vặt - Ăn nhẹ, Cơm, Thức uống, ","Món Hàn, ",08:00 - 20:00,08:00 - 20:00,08:00 - 20:00,08:00 - 20:00,08:00 - 20:00,08:00 - 20:00,08:00 - 20:00,yes,no,yes,50.000 -75.000,9.4,9.3,9.0,9.2,9
366,Sixteen Days - Cafe & Tea,10.8456800000000,106.7700020000000,"30 Thống Nhất, P. Bình Thọ, Tp. Thủ Đức, TP. HCM","Café/Dessert, ","Trà, Café - Kem, Sinh tố - Nước ép, Thức uống, Trà sữa, Sữa, ","Món Việt, ",08:00 - 22:00,08:00 - 22:00,08:00 - 22:00,08:00 - 22:00,08:00 - 22:00,08:00 - 22:00,08:00 - 22:00,no,no,yes,7.000 -42.000,7.5,6.6,7.6,7.4,11
367,Yukino Organic Foods - Bentos & Burgers,10.8031820000000,106.7369529000000,"39 Nguyễn Duy Hiệu, P. Thảo Điền, Tp. Thủ Đức, TP. HCM","Nhà hàng, ","Hamburger, Sushi & Sashimi, Ăn vặt - Ăn nhẹ, Cơm, Nem, Thức uống, Fastfood - Thức ăn nhanh, ","Món Á, Món Âu, Món Nhật, ",Tạm nghỉ,08:30 - 21:00,08:30 - 22:00,08:30 - 22:00,08:30 - 22:00,08:30 - 22:00,08:30 - 22:00,no,yes,yes,9.000 -185.000,7.7,7.5,7.5,7.5,13
368,Lẩu Dê Tài Ký 2 - Khổng Tử,10.8443610000000,106.7684970000000,"10 Khổng Tử, P. Bình Thọ, Tp. Thủ Đức, TP. HCM","Quán ăn, ","Thịt Dê, Lẩu, Đặc sản rừng, Thức uống, Bia, ","Món Việt, ",09:30 - 22:30,09:30 - 22:30,09:30 - 22:30,09:30 - 22:30,09:30 - 22:30,09:30 - 22:30,09:30 - 22:30,no,no,no,75.000 -300.000,8.6,8.1,8.4,8.4,9
369,VN Fruit - Trái Cây Sấy Dẻo - Giao Hàng Tận Nơi,10.8281688000000,106.7269312999999,"67 Đường Số 23, Tp. Thủ Đức, TP. HCM","Shop Online, ",,"Món Việt, ",08:00 - 18:00,08:00 - 18:00,08:00 - 18:00,08:00 - 18:00,08:00 - 18:00,08:00 - 18:00,08:00 - 18:00,yes,yes,yes,53.000 -395.000,7.8,7.5,7.5,7.5,11
370,Ba Lá Trà - Khu Sala,10.7717570000000,106.7244130000000,"Block A2-00.09, Khu Đô Thị Sala, 10 Mai Chí Thọ, Tp. Thủ Đức, TP. HCM","Café/Dessert, ","Trà, Thức uống, Trà sữa, Sữa, ","Món Việt, ",08:00 - 22:00,08:00 - 22:00,08:00 - 22:00,08:00 - 22:00,08:00 - 22:00,08:00 - 22:00,08:00 - 22:00,yes,no,yes,25.000 -35.000,7.8,8.0,8.3,7.9,10
371,Miến Lươn Xứ Nghệ Kim Liên,10.7983548000000,106.7399467000000,"38 Thái Thuận, P. Thảo Điền, Tp. Thủ Đức, TP. HCM","Quán ăn, ","Bánh mì, Bánh ướt, Bánh Đa Cua, Bún, Hải sản, Món nước, Cháo, Súp, Miến, Bánh - Kẹo, Đặc sản vùng, Bánh tằm, ","Món Việt, ","06:00 - 14:00, 17:00 - 21:00","06:00 - 14:00, 17:00 - 21:00","06:00 - 14:00, 17:00 - 21:00","06:00 - 14:00, 17:00 - 21:00","06:00 - 14:00, 17:00 - 21:00","06:00 - 14:00, 17:00 - 21:00","06:00 - 14:00, 17:00 - 21:00",no,no,no,45.000 -50.000,9.6,8.8,7.4,8.6,11
372,Trà Sữa Nice - Khổng Tử,10.8444310000000,106.7677990000000,"14 Khổng Tử, P. Bình Thọ, Tp. Thủ Đức, TP. HCM","Café/Dessert, Quán ăn, ","Café - Kem, Ăn vặt - Ăn nhẹ, Thức uống, Trà sữa, Fastfood - Thức ăn nhanh, ","Món Việt, ",06:00 - 21:00,06:00 - 21:00,06:00 - 21:00,06:00 - 21:00,06:00 - 21:00,06:00 - 21:00,06:00 - 21:00,no,no,yes,10.000 -50.000,6.1,6.4,6.8,6.6,14
373,Wan Chai - Roast & Noodles - Gigamall,10.8284710000000,106.7221210000000,"Tầng 4 Giga Mall, 240 - 242 Phạm Văn Đồng, P. Hiệp Bình Chánh, Tp. Thủ Đức, TP. HCM","Nhà hàng, ","Bún, Mì, Món nước, Dimsum, Ăn vặt - Ăn nhẹ, Cơm, ","Món Á, Món Trung Hoa, ",10:00 - 22:00,10:00 - 22:00,10:00 - 22:00,10:00 - 22:00,10:00 - 22:00,10:00 - 22:00,10:00 - 22:00,no,yes,yes,38.000 -258.000,7.4,8.0,8.9,8.0,9
374,Ding Tea - Cantavil Premier,10.8015150000000,106.7469380000000,"Tầng 1 Cantavil Premier, 1 Song Hành, P. An Phú, Tp. Thủ Đức, TP. HCM","Café/Dessert, ","Trà, Sinh tố - Nước ép, Thức uống, Trà sữa, Sữa, ","Món Á, Đài Loan, ",09:00 - 22:00,09:00 - 22:00,09:00 - 22:00,09:00 - 22:00,09:00 - 22:00,09:00 - 22:00,09:00 - 22:00,no,no,yes,22.000 -55.000,8.0,7.9,8.4,8.3,14
375,Quán 118 - Hải Sản Tươi Sống,10.8264984673507,106.7155162974617,"118 Phạm Văn Đồng, P. Hiệp Bình Chánh, Tp. Thủ Đức, TP. HCM","Quán ăn, ","Thịt Heo, Hải sản, Lẩu, ","Món Miền Nam, ",10:00 - 23:00,10:00 - 23:00,10:00 - 23:00,10:00 - 23:00,10:00 - 23:00,10:00 - 23:00,10:00 - 23:00,no,no,no,29.000 -125.000,0.0,0.0,0.0,5.5,13
376,Phở Huỳnh Mai - Quốc Lộ 13,10.8289198000000,106.7141358999999,"141 Quốc Lộ 13, P. Hiệp Bình Chánh, Tp. Thủ Đức, TP. HCM","Quán ăn, ","Phở, Món nước, ","Món Việt, ",05:00 - 12:00,05:00 - 12:00,05:00 - 12:00,05:00 - 12:00,05:00 - 12:00,05:00 - 12:00,05:00 - 12:00,no,no,no,25.000 -40.000,8.6,7.3,6.4,7.5,9
377,Cơm Nấm Gà Quay Hong Kong,10.8270429000000,106.7145643000000,"72 Kha Vạn Cân, P. Hiệp Bình Chánh, Tp. Thủ Đức, TP. HCM","Café/Dessert, ","Trà, Sinh tố - Nước ép, Thức uống, Trà sữa, Sữa, ","Món Á, Món Trung Hoa, ",08:00 - 22:30,08:00 - 22:30,08:00 - 22:30,08:00 - 22:30,08:00 - 22:30,08:00 - 22:30,08:00 - 22:30,no,no,yes,25.000 -50.000,7.3,6.4,6.7,7.1,10
378,Xuân Ký - Hủ Tiếu Bò Viên,10.8511838534724,106.7544145882130,"3 Tô Ngọc Vân, P. Linh Tây, Tp. Thủ Đức, TP. HCM","Quán ăn, ","Hủ tiếu, ","Món Việt, ",14:00 - 21:00,14:00 - 21:00,14:00 - 21:00,14:00 - 21:00,14:00 - 21:00,14:00 - 21:00,14:00 - 21:00,no,no,no,35.000 -55.000,8.0,6.6,6.2,7.0,11
379,Buffet BBQ 99K - Sáu Béo,10.8552350000000,106.7517950000000,"39B Phạm Văn Đồng, Tp. Thủ Đức, TP. HCM","Quán ăn, ","Thịt Gà, Thịt Bò, Thịt Heo, Hải sản, Lẩu, ","Món Việt, ",08:00 - 02:00,08:00 - 02:00,08:00 - 02:00,08:00 - 02:00,08:00 - 02:00,08:00 - 02:00,08:00 - 02:00,no,no,yes,50.000 -400.000,0.0,6.4,8.0,6.7,12
380,Món Ngon Quê Em - Bún Gà Lá É - Tây Hòa,10.8248303000000,106.7680955000000,"207 Tây Hòa, P. Phước Long A, Tp. Thủ Đức, TP. HCM","Quán ăn, Shop Online, ","Thịt Gà, Bún, Gà ta, ","Món Việt, Đặc biệt, Đặc sản vùng, Món Miền Trung, Món Miền Nam, ",05:30 - 19:00,05:30 - 19:00,05:30 - 19:00,05:30 - 19:00,05:30 - 19:00,05:30 - 19:00,05:30 - 19:00,yes,no,no,,10.0,10.0,9.9,10.0,10
381,Tini Tea - Đường Số 42,10.7852440000000,106.7739570000000,"129 Đường Số 42, P. Bình Trưng Đông, Tp. Thủ Đức, TP. HCM","Café/Dessert, ","Trà, Sinh tố - Nước ép, Home-made, Ăn vặt - Ăn nhẹ, Thức uống, Trà sữa, ","Món Việt, ",09:00 - 22:00,09:00 - 22:00,09:00 - 22:00,09:00 - 22:00,09:00 - 22:00,09:00 - 22:00,09:00 - 22:00,yes,no,no,10.000 -30.000,7.8,7.4,7.7,7.6,9
382,Ray Coffee,10.8276729000000,106.7138881000000,"310/4B Quốc Lộ 13, P. Hiệp Bình Chánh, Tp. Thủ Đức, TP. HCM","Café/Dessert, ","Thức uống, ",,07:00 - 22:00,07:00 - 22:00,07:00 - 22:00,07:00 - 22:00,07:00 - 22:00,07:00 - 22:00,07:00 - 22:00,no,no,no,25.000 -45.000,0.0,0.0,6.9,5.6,16
383,Ốc Phú Quốc - Kha Vạn Cân,10.8331440000000,106.7267220000000,"393 Kha Vạn Cân, P. Hiệp Bình Chánh, Tp. Thủ Đức, TP. HCM","Ăn vặt/vỉa hè, ","Tôm, Bún, Hải sản, Mì, Cá, Nghêu - Sò - Ốc, ","Món Việt, ",16:00 - 22:00,16:00 - 22:00,16:00 - 22:00,16:00 - 22:00,16:00 - 22:00,16:00 - 22:00,16:00 - 22:00,no,yes,yes,20.000 -60.000,6.3,0.0,6.1,6.1,18
384,Mì Ramen Eno - Thủ Đức,10.8585454581101,106.7629392873122,"54E Hoàng Diệu 2, Tp. Thủ Đức, TP. HCM","Quán ăn, ","Món nước, ","Món Á, Món Nhật, ",11:00 - 21:00,11:00 - 21:00,11:00 - 21:00,11:00 - 21:00,11:00 - 21:00,11:00 - 21:00,11:00 - 21:00,no,no,yes,90.000 -120.000,6.1,0.0,0.0,5.6,15
385,Bò Tơ Năm Sánh Quyết Thắng - Phạm Văn Đồng,10.8317210000000,106.7263250000000,"802 Phạm Văn Đồng, P. Hiệp Bình Chánh, Tp. Thủ Đức, TP. HCM","Quán ăn, ","Thịt Bò, Lẩu, Cháo, ","Miền Đông, Món Miền Nam, ",10:00 - 23:00,10:00 - 23:00,10:00 - 23:00,10:00 - 23:00,10:00 - 23:00,10:00 - 23:00,10:00 - 23:00,no,no,no,100.000 -200.000,6.1,0.0,0.0,6.0,13
386,Hiếu Hào Sữa,10.8394115000000,106.7371451000000,"460 Phạm Văn Đồng, Tp. Thủ Đức, TP. HCM","Quán nhậu, ",,"Món Việt, ",09:00 - 22:00,09:00 - 22:00,09:00 - 22:00,09:00 - 22:00,09:00 - 22:00,09:00 - 22:00,09:00 - 22:00,yes,yes,yes,10.000 -200.000,0.0,0.0,0.0,4.5,17
387,Sinh Tố Tao Đàn - The Sun Avenue,10.7854570000000,106.7477501000000,"The Sun Avenue, Block SAV.06 - 00.01, 28 Mai Chí Thọ, P. An Phú, Tp. Thủ Đức, TP. HCM","Café/Dessert, ","Sinh tố - Nước ép, Thức uống, ","Món Việt, ",07:30 - 21:30,07:30 - 21:30,07:30 - 21:30,07:30 - 21:30,07:30 - 21:30,07:30 - 21:30,07:30 - 21:30,no,no,yes,15.000 -80.000,9.8,9.6,9.7,9.4,9
388,Bún Thịt Nướng Thức,10.8261420000000,106.7186720000000,"46/9 Đường Số 18, P. Hiệp Bình Chánh, Tp. Thủ Đức, TP. HCM","Quán ăn, ","Bún, Món nước, Lẩu, Ăn vặt - Ăn nhẹ, ","Món Việt, ",08:00 - 23:00,08:00 - 23:00,08:00 - 23:00,08:00 - 23:00,08:00 - 23:00,08:00 - 23:00,08:00 - 23:00,no,no,no,12.000 -40.000,0.0,0.0,0.0,4.2,23
389,Yang Nam - Quán Ăn Hàn Quốc,10.8652271968111,106.7470676089843,"62 Phú Châu, P. Tam Phú, Tp. Thủ Đức, TP. HCM","Quán ăn, ","Thịt Gà, Thịt Bò, Thịt Heo, Hải sản, Món nước, Ăn vặt - Ăn nhẹ, Cơm, Thức uống, Fastfood - Thức ăn nhanh, ","Món Á, Món Hàn, ",10:00 - 22:00,10:00 - 22:00,10:00 - 22:00,10:00 - 22:00,10:00 - 22:00,10:00 - 22:00,10:00 - 22:00,yes,no,yes,20.000 -160.000,7.2,7.9,6.9,7.3,9
390,Nhà Hàng Kitchen Seoul,10.8046300000000,106.7475770000000,"10 Võ Trường Toản, P. An Phú, Tp. Thủ Đức, TP. HCM","Nhà hàng, ","Thịt Bò, Bún, Mì, Món nước, Lẩu, Cháo, Salad, Bánh - Kẹo, Cơm, ","Món Á, Món Hàn, ",11:00 - 20:50,11:00 - 20:50,11:00 - 20:50,11:00 - 20:50,11:00 - 20:50,11:00 - 20:50,11:00 - 20:50,no,no,yes,150.000 -700.000,9.4,9.3,8.9,8.6,10
391,Thanh Dũng - Mì Quảng,10.8541240000000,106.7718240000000,"219 Hoàng Diệu 2, P. Linh Trung, Tp. Thủ Đức, TP. HCM","Quán ăn, ","Thịt Gà, Bún, Thịt Heo, Mì, Món nước, Cơm, Thức uống, ","Món Việt, ",06:00 - 21:00,06:00 - 21:00,06:00 - 21:00,06:00 - 21:00,06:00 - 21:00,06:00 - 21:00,06:00 - 21:00,no,no,no,22.000 -55.000,7.9,7.7,6.8,7.5,9
392,Pou Pizza - Quang Trung,10.8361215000000,106.7717346000000,"102 Quang Trung, P. Tăng Nhơn Phú B, Tp. Thủ Đức, TP. HCM","Nhà hàng, ","Pizza & Pasta, ","Món Âu, Ý, ",10:00 - 21:00,10:00 - 21:00,10:00 - 21:00,10:00 - 21:00,10:00 - 21:00,10:00 - 21:00,10:00 - 21:00,yes,no,no,44.000 -149.000,9.1,9.2,8.3,8.8,10
393,Két Tea Plus - Trà Sữa & Cafe,10.8493370000000,106.7635450000000,"51 Đường Số 9, P. Bình Thọ, Tp. Thủ Đức, TP. HCM","Café/Dessert, ","Trà, Café - Kem, Thức uống, ","Món Việt, ",09:00 - 22:00,09:00 - 22:00,09:00 - 22:00,09:00 - 22:00,09:00 - 22:00,09:00 - 22:00,09:00 - 22:00,no,no,yes,20.000 -40.000,0.0,0.0,0.0,5.1,2
393,Két Tea Plus - Trà Sữa & Cafe - Hàn Thuyên,10.8467777091212,106.7690564319491,"28 Hàn Thuyên, Tp. Thủ Đức, TP. HCM","Café/Dessert, ","Trà, Thức uống, Trà sữa, ","Món Việt, ",07:00 - 22:00,07:00 - 22:00,07:00 - 22:00,07:00 - 22:00,07:00 - 22:00,07:00 - 22:00,07:00 - 22:00,no,no,no,18.000 -50.000,8.3,7.6,7.2,7.7,12
394,Ding Tea - Linh Trung,10.8611567000000,106.7662548000000,"61 Linh Trung, P. Linh Trung, Tp. Thủ Đức, TP. HCM","Café/Dessert, ","Trà, Sinh tố - Nước ép, Thức uống, Trà sữa, Sữa, ","Món Á, Đài Loan, ",09:00 - 22:00,09:00 - 22:00,09:00 - 22:00,09:00 - 22:00,09:00 - 22:00,09:00 - 22:00,09:00 - 22:00,no,no,yes,25.000 -49.000,6.1,6.1,6.8,6.5,12
395,Hạnh Nguyện - Nhà Hàng Chay,10.8471880000000,106.7756280000000,"6 Hiền Vương, P. Hiệp Phú, Tp. Thủ Đức, TP. HCM","Ăn chay, ","Món chay, Ăn vặt - Ăn nhẹ, ","Món Việt, ",06:30 - 21:00,06:30 - 21:00,06:30 - 21:00,06:30 - 21:00,06:30 - 21:00,06:30 - 21:00,06:30 - 21:00,no,no,no,20.000 -50.000,7.6,6.6,6.7,6.6,10
396,Chang Kang Kung - Hấp Thủy Nhiệt Hongkong - Gigamall,10.8314351000000,106.7253045000000,"Tầng 5 Giga Mall, 240 Phạm Văn Đồng, P. Hiệp Bình Chánh, Tp. Thủ Đức, TP. HCM","Nhà hàng, ","Thịt Bò, Thịt Heo, Hải sản, Món nước, Dimsum, Ăn vặt - Ăn nhẹ, ","Món Việt, ",10:00 - 22:00,10:00 - 22:00,10:00 - 22:00,10:00 - 22:00,10:00 - 22:00,10:00 - 22:00,10:00 - 22:00,no,no,yes,30.000 -400.000,8.6,8.0,8.1,8.0,9
397,Quán Lúa - Phong Cách Đồng Quê,10.8367200000000,106.7943080000000,"19A Đường 182 Lã Xuân Oai, P. Tăng Nhơn Phú, Tp. Thủ Đức, TP. HCM","Nhà hàng, Café/Dessert, ","Thịt Gà, Tôm, Thịt Heo, Thịt Bò, Hải sản, Món nước, Lẩu, Café - Kem, Sinh tố - Nước ép, Ăn vặt - Ăn nhẹ, Thức uống, Bia, Nước ngọt, ","Món Việt, ",09:00 - 22:30,09:00 - 22:30,09:00 - 22:30,09:00 - 22:30,09:00 - 22:30,09:00 - 22:30,09:00 - 22:30,no,no,yes,50.000 -700.000,6.1,6.1,7.3,6.4,10
398,Cello Art's Coffee,10.8455800000000,106.7702329999999,"30 Thống Nhất, P. Bình Thọ, Tp. Thủ Đức, TP. HCM","Café/Dessert, ","Café - Kem, Sinh tố - Nước ép, Thức uống, ","Món Việt, ",06:30 - 23:00,06:30 - 23:00,06:30 - 23:00,06:30 - 23:00,06:30 - 23:00,06:30 - 23:00,06:30 - 23:00,no,no,no,20.000 -50.000,8.1,8.0,8.0,7.9,9
399,Asiana Food Town - Rừng Ẩm Thực Châu Á,10.8282500000000,106.7221900000000,"Tầng 3 TTTM Sense City Phạm Văn Đồng (Gigamall), 240 - 242 Phạm Văn Đồng, P. Hiệp Bình Chánh, Tp. Thủ Đức, TP. HCM","Khu Ẩm Thực, ",,"Món Việt, ",10:00 - 22:00,10:00 - 22:00,10:00 - 22:00,10:00 - 22:00,10:00 - 22:00,10:00 - 22:00,10:00 - 22:00,yes,yes,yes,15.000 -200.000,8.6,8.1,8.3,8.1,10
400,SOPRUS Coffee,10.7982820000000,106.7387600000000,"49 Nguyễn Quý Đức, P. An Phú, Tp. Thủ Đức, TP. HCM","Café/Dessert, Tiệm bánh, ","Trà, Bánh - Kẹo, Café - Kem, Sinh tố - Nước ép, Thức uống, ","Món Việt, ",09:00 - 21:00,09:00 - 21:00,09:00 - 21:00,09:00 - 21:00,09:00 - 21:00,09:00 - 21:00,09:00 - 21:00,no,no,yes,15.000 -65.000,7.3,6.1,8.1,7.3,10
401,BiaCraft - Xuân Thủy,10.8037010000000,106.7345230000000,"90 Xuân Thủy, P. Thảo Điền, Tp. Thủ Đức, TP. HCM","Quán ăn, Quán nhậu, ","Hamburger, Thịt Bò, Sườn nướng, Thức uống, Bia, Xúc xích, Fastfood - Thức ăn nhanh, ","Món Việt, ",11:00 - 00:00,11:00 - 00:00,11:00 - 00:00,11:00 - 00:00,11:00 - 00:00,11:00 - 00:00,11:00 - 00:00,no,no,yes,40.000 -100.000,7.4,6.9,7.2,7.2,11
402,OH - Mì Cay Hàn Quốc - Lê Văn Việt,10.8475385000000,106.7760591000000,"91 Lê Văn Việt, P. Hiệp Phú, Tp. Thủ Đức, TP. HCM","Quán ăn, ","Món nước, Mì, Ăn vặt - Ăn nhẹ, Thức uống, Trà sữa, ","Món Á, Món Hàn, ",09:00 - 22:00,09:00 - 22:00,09:00 - 22:00,09:00 - 22:00,09:00 - 22:00,09:00 - 22:00,09:00 - 22:00,yes,no,no,10.000 -50.000,0.0,0.0,7.0,6.5,12
403,Paris Baguette - Cao Thắng,10.7682080000000,106.6841500000000,"1 Cao Thắng, P. 2, Quận 3, TP. HCM","Café/Dessert, Tiệm bánh, ","Bánh - Kẹo, Café - Kem, Sinh tố - Nước ép, ","Món Âu, Pháp, ",07:00 - 23:00,07:00 - 23:00,07:00 - 23:00,07:00 - 23:00,07:00 - 23:00,07:00 - 23:00,07:00 - 23:00,no,no,yes,10.000 -66.000,7.5,6.5,7.8,7.2,667
403,Paris Baguette - Sky Garden,10.7302920000000,106.7066910000000,"Khu Phố Sky Garden 2, Phạm Văn Nghị - Bắc, P. Tân Phong, Quận 7, TP. HCM","Tiệm bánh, ","Bánh sinh nhật/Bánh kem, Bánh - Kẹo, Salad, ","Món Âu, Pháp, ",08:00 - 22:00,08:00 - 22:00,08:00 - 22:00,08:00 - 22:00,08:00 - 22:00,08:00 - 22:00,08:00 - 22:00,no,no,yes,20.000 -66.000,7.6,6.7,7.7,7.3,42
403,Paris Baguette - Crescent Mall,10.7293049000000,106.7188302000000,"Lô GF-57 Tầng trệt, Trung Tâm Thương Mại Crescent Mall, 101 Tôn Dật Tiên, P. Tân Phong, Quận 7, TP. HCM","Café/Dessert, Tiệm bánh, ","Bánh sinh nhật/Bánh kem, Salad, Bánh - Kẹo, Café - Kem, Sinh tố - Nước ép, Bánh tằm, Thức uống, ","Quốc tế, ",07:00 - 22:00,07:00 - 22:00,07:00 - 22:00,07:00 - 22:00,07:00 - 22:00,07:00 - 22:00,07:00 - 22:00,no,no,yes,20.000 -450.000,6.6,0.0,7.1,6.6,52
403,Paris Baguette - Thiso Mall,10.7724549000000,106.7221469000000,"L1-03 Tầng 1, Khu Cao Ốc Văn Phòng - Thương Mại - Dịch Vụ Tổng Hợp Lô 5-5, Số 8 - 10 Mai Chí Thọ, P. Thủ Thiêm, Tp. Thủ Đức, TP. HCM","Tiệm bánh, ","Bánh sinh nhật/Bánh kem, Bánh - Kẹo, Salad, Bánh tằm, ","Món Âu, Pháp, ",07:00 - 22:00,07:00 - 22:00,07:00 - 22:00,07:00 - 22:00,07:00 - 22:00,07:00 - 22:00,07:00 - 22:00,no,yes,yes,10.000 -550.000,6.1,0.0,6.5,6.2,13
403,Paris Baguette - Thảo Điền,10.8043740000000,106.7371130000000,"26 Thảo Điền, P. Thảo Điền, Tp. Thủ Đức, TP. HCM","Tiệm bánh, ","Bánh mì, Bánh sinh nhật/Bánh kem, Chocolate/Socola, Donut, Cupcake, Bánh Su/Chour, Crepe, Bánh - Kẹo, Ăn vặt - Ăn nhẹ, ","Món Âu, Pháp, ",06:30 - 22:30,06:30 - 22:30,06:30 - 22:30,06:30 - 22:30,06:30 - 22:30,06:30 - 22:30,06:30 - 22:30,no,no,yes,10.000 -550.000,0.0,6.0,7.5,6.3,2
403,Paris Baguette - Nguyễn Thị Minh Khai,10.7824469000000,106.6969405000000,"82A Nguyễn Thị Minh Khai, P. 6, Quận 3, TP. HCM","Quán ăn, ","Trà chanh, Sinh tố - Nước ép, Thức uống, Trà sữa, ",,06:30 - 22:30,06:30 - 22:30,06:30 - 22:30,06:30 - 22:30,06:30 - 22:30,06:30 - 22:30,06:30 - 22:30,no,no,no,10.000 -550.000,9.0,8.0,9.0,8.4,1
404,Bún Đậu Áo Nâu,10.7967790000000,106.7390540000000,"79 Nguyễn Quý Đức, P. An Phú, Tp. Thủ Đức, TP. HCM","Quán ăn, ","Bún, Lẩu, Ăn vặt - Ăn nhẹ, Nem, ","Món Việt, ",10:00 - 21:00,10:00 - 21:00,10:00 - 21:00,10:00 - 21:00,10:00 - 21:00,10:00 - 21:00,10:00 - 21:00,no,no,no,30.000 -70.000,0.0,0.0,0.0,5.7,15
405,Green House Cafe - Đường Số 7,10.8532380000000,106.7707960000000,"13 Đường Số 7, Tp. Thủ Đức, TP. HCM","Café/Dessert, ","Café - Kem, Sinh tố - Nước ép, ","Món Việt, ",07:00 - 22:00,07:00 - 22:00,07:00 - 22:00,07:00 - 22:00,07:00 - 22:00,07:00 - 22:00,07:00 - 22:00,no,no,no,17.000 -40.000,8.0,8.5,8.4,7.9,10
406,Hà Thảo Food - Gà Bó Xôi Ngon,10.7925560000000,106.7485190000000,"336 Lương Định Của, Tp. Thủ Đức, TP. HCM","Shop Online, ","Bánh bao, Bánh - Kẹo, ","Món Việt, ",07:30 - 22:00,07:30 - 22:00,07:30 - 22:00,07:30 - 22:00,07:30 - 22:00,07:30 - 22:00,07:30 - 22:00,yes,yes,yes,290.000 -290.000,7.3,7.6,0.0,6.7,11
407,Mì Quảng Hương - An Phú,10.8000220000000,106.7488770000000,"Block 1B An Phú, P. An Phú, Tp. Thủ Đức, TP. HCM","Quán ăn, ","Món nước, Mì, ","Món Việt, ",06:30 - 17:00,06:30 - 17:00,06:30 - 17:00,06:30 - 17:00,06:30 - 17:00,06:30 - 17:00,06:30 - 17:00,no,no,no,25.000 -35.000,9.1,8.3,7.6,8.3,10
408,Ẩm Thực Chay Sen Hồng - Đường Số 1,10.8502468000000,106.7586778000000,"13 Đường Số 1, P. Linh Chiểu, Tp. Thủ Đức, TP. HCM","Quán ăn, ","Cơm Chiên, Bún, Mì, Miến, Món chay, Cơm, Thức uống, ","Món Việt, ",06:30 - 22:30,06:30 - 22:30,06:30 - 22:30,06:30 - 22:30,06:30 - 22:30,06:30 - 22:30,06:30 - 22:30,no,yes,yes,10.000 -30.000,0.0,0.0,0.0,5.0,16
409,Love Garden Cafe,10.8442230000000,106.7701790000000,"2 Chu Văn An, P. Bình Thọ, Tp. Thủ Đức, TP. HCM","Café/Dessert, ","Café - Kem, Sinh tố - Nước ép, ","Món Việt, ",06:00 - 23:00,06:00 - 23:00,06:00 - 23:00,06:00 - 23:00,06:00 - 23:00,06:00 - 23:00,06:00 - 23:00,no,no,yes,25.000 -55.000,0.0,7.3,8.1,7.0,7
410,Tank - Ice Cream & Coffee,10.8561450000000,106.7620060000000,"47 Đường Số 17, P. Linh Chiểu, Tp. Thủ Đức, TP. HCM","Café/Dessert, ","Thức uống, ","Món Việt, ",08:30 - 23:00,08:30 - 23:00,08:30 - 23:00,08:30 - 23:00,08:30 - 23:00,08:30 - 23:00,08:30 - 23:00,no,no,yes,25.000 -35.000,10.0,10.0,10.0,9.9,7
411,Trà Sữa Yo Yo - Làng Đại Học,10.8724396577090,106.7979435162900,"Đối Diện Cổng Sau Trường Đại Học Thể Dục Thể Thao TP Hồ Chí Minh, Tp. Thủ Đức, TP. HCM","Café/Dessert, ","Café - Kem, Thức uống, Trà sữa, ","Món Việt, ",07:00 - 22:00,07:00 - 22:00,07:00 - 22:00,07:00 - 22:00,07:00 - 22:00,07:00 - 22:00,07:00 - 22:00,no,no,yes,12.000 -28.000,0.0,0.0,0.0,5.9,13
412,Làng Nướng Biển Xanh,10.8443550000000,106.7661220000000,"7 Công Lý, Tp. Thủ Đức, TP. HCM","Nhà hàng, ","Thịt Gà, Thịt Bò, Thịt Heo, Hải sản, Món nước, Lẩu, ","Món Việt, ",09:00 - 21:00,09:00 - 21:00,09:00 - 21:00,09:00 - 21:00,09:00 - 21:00,09:00 - 21:00,09:00 - 21:00,no,no,yes,12.000 -200.000,6.8,6.6,7.1,7.0,10
413,Nem Thiên Hương Viên,10.8458580000000,106.7504550000000,"525 Kha Vạn Cân, Tp. Thủ Đức, TP. HCM","Quán ăn, ","Bánh ướt, Cơm Chiên, Bún, Mì, Bánh - Kẹo, Ăn vặt - Ăn nhẹ, Cơm, Nem, ","Miền Đông, Món Miền Nam, ",07:00 - 22:00,07:00 - 22:00,07:00 - 22:00,07:00 - 22:00,07:00 - 22:00,07:00 - 22:00,07:00 - 22:00,no,no,no,50.000 -110.000,6.8,6.7,6.3,6.2,10
414,Bò Né Góc Phố,10.8312090000000,106.7184640000000,"27/26B Đường Số 6, KP. 2, P. Hiệp Bình Chánh, Tp. Thủ Đức, TP. HCM","Quán ăn, ","Bánh mì, Beefsteak - Bò né, Thịt Bò, Bún, Mì, Bánh - Kẹo, ","Món Việt, ","07:00 - 12:00, 16:00 - 22:30","07:00 - 12:00, 16:00 - 22:30","07:00 - 12:00, 16:00 - 22:30","07:00 - 12:00, 16:00 - 22:30","07:00 - 12:00, 16:00 - 22:30","07:00 - 12:00, 16:00 - 22:30","07:00 - 12:00, 16:00 - 22:30",no,no,no,30.000 -60.000,10.0,10.0,9.9,9.9,8
415,Boom - Cà Phê & Trà Sữa - Sữa Tươi Trân Châu Đường Đen - Đường Số 1,10.8206200000000,106.7724500000000,"1 Đường Số 1, P. Phước Bình, Tp. Thủ Đức, TP. HCM","Café/Dessert, ","Trà, Café - Kem, Thức uống, Nước ngọt, Trà sữa, Sữa, ","Miền Tây, Món Miền Nam, ",14:00 - 22:00,14:00 - 22:00,14:00 - 22:00,14:00 - 22:00,14:00 - 22:00,14:00 - 22:00,14:00 - 22:00,yes,no,yes,15.000 -50.000,9.6,9.5,7.7,9.0,11
416,Happy Juice,10.8024010000000,106.7372840000000,"53 Nguyễn Đăng Giai, P. Thảo Điền, Tp. Thủ Đức, TP. HCM","Café/Dessert, ","Café - Kem, Sinh tố - Nước ép, Thức uống, ","Món Việt, ",07:00 - 22:00,07:00 - 22:00,07:00 - 22:00,07:00 - 22:00,07:00 - 22:00,07:00 - 22:00,07:00 - 22:00,no,no,yes,25.000 -55.000,8.2,8.0,8.0,7.7,10
417,Relish & Sons - Burger Restaurant - Đặng Hữu Phổ,10.8027036000000,106.7341839000000,"2 Đặng Hữu Phổ, P. Thảo Điền, Tp. Thủ Đức, TP. HCM","Nhà hàng, ","Hamburger, Salad, Fastfood - Thức ăn nhanh, Halal, ","Mỹ, Quốc tế, Châu Mỹ, ",10:30 - 21:30,10:30 - 21:30,10:30 - 21:30,10:30 - 21:30,10:30 - 21:30,10:30 - 21:30,10:30 - 21:30,yes,no,yes,100.000 -200.000,8.7,8.2,8.8,8.4,6
418,Cow Mee Inn - Taiwanese Beef Noodle - Trần Não,10.7880919000000,106.7296713000000,"270 Trần Não, P. An Khánh, Tp. Thủ Đức, TP. HCM","Quán ăn, ","Món nước, Dimsum, ","Món Á, Đài Loan, ",11:00 - 22:00,11:00 - 22:00,11:00 - 22:00,11:00 - 22:00,11:00 - 22:00,11:00 - 22:00,11:00 - 22:00,yes,no,yes,20.000 -500.000,9.0,8.7,7.7,8.2,9
419,Thị Coffee,10.8694000000000,106.7977980000000,"Khu Làng Đại Học, P. Linh Trung, Tp. Thủ Đức, TP. HCM","Café/Dessert, ","Café - Kem, Sinh tố - Nước ép, ","Món Việt, ",06:00 - 21:00,06:00 - 21:00,06:00 - 21:00,06:00 - 21:00,06:00 - 21:00,06:00 - 21:00,06:00 - 21:00,no,no,yes,10.000 -25.000,8.9,8.9,9.7,8.9,9
420,Nhà Hàng Biệt Thự Hoa Sứ - Coffee & Bistro,10.8289100000000,106.7323770000000,"99 Đường Số 10, P. Hiệp Bình Chánh, Tp. Thủ Đức, TP. HCM","Nhà hàng, ","Thịt Gà, Phở, Bún, Thịt Bò, Hải sản, Hủ tiếu, Cháo, Bánh - Kẹo, Café - Kem, Ăn vặt - Ăn nhẹ, Cơm, Thức uống, ","Món Âu, ",10:30 - 22:30,10:30 - 22:30,10:30 - 22:30,10:30 - 22:30,10:30 - 22:30,10:30 - 22:30,10:30 - 22:30,yes,no,yes,100.000 -600.000,9.5,9.5,9.8,9.5,6
421,Rạn Biển 8 - Trần Não,10.7904938000000,106.7304826000000,"163 - 165 Trần Não, P. Bình An, Tp. Thủ Đức, TP. HCM","Nhà hàng, ","Tôm, Bún, Hải sản, Mì, Lẩu, Cá, Miến, Mực, ","Món Việt, ",10:00 - 23:00,10:00 - 23:00,10:00 - 23:00,10:00 - 23:00,10:00 - 23:00,10:00 - 23:00,10:00 - 23:00,no,no,yes,100.000 -500.000,7.8,7.2,7.3,7.3,10
422,Buddha Bar & Grill,10.8019970000000,106.7382180000000,"7 Thảo Điền, P. Thảo Điền, Tp. Thủ Đức, TP. HCM","Nhà hàng, Bar/Pub, ","Bánh mì, Thịt Gà, Hamburger, Thịt Bò, Cháo, Pizza & Pasta, Salad, Fastfood - Thức ăn nhanh, ",,16:00 - 22:00,16:00 - 22:00,16:00 - 22:00,16:00 - 22:00,16:00 - 22:00,16:00 - 22:00,16:00 - 22:00,yes,no,no,45.000 -110.000,0.0,0.0,0.0,3.0,15
423,Tuấn Lộc - Bánh Mì Nóng Kẹp Chả Bò,10.8513330000000,106.7536860000000,"40 Tô Ngọc Vân, P. Linh Tây, Tp. Thủ Đức, TP. HCM","Tiệm bánh, ","Bánh mì, Xôi, Bánh bao, Bánh - Kẹo, Ăn vặt - Ăn nhẹ, Cơm, ","Món Việt, ","05:00 - 11:00, 15:00 - 21:00","05:00 - 11:00, 15:00 - 21:00","05:00 - 11:00, 15:00 - 21:00","05:00 - 11:00, 15:00 - 21:00","05:00 - 11:00, 15:00 - 21:00","05:00 - 11:00, 15:00 - 21:00","05:00 - 11:00, 15:00 - 21:00",yes,no,no,25.000 -66.000,8.2,7.7,6.7,7.6,11
424,Bánh Su Kem Singapore Thủ Đức,10.8575294000000,106.7471895000000,"218/32 Tô Ngọc Vân, P. Linh Đông, Tp. Thủ Đức, TP. HCM","Tiệm bánh, ","Bánh sinh nhật/Bánh kem, Ăn vặt - Ăn nhẹ, ","Singapore, ",08:00 - 21:30,08:00 - 21:30,08:00 - 21:30,08:00 - 21:30,08:00 - 21:30,08:00 - 21:30,08:00 - 21:30,yes,no,no,80.000 -80.000,9.7,9.5,8.2,9.1,6
425,"Deli Food A Sìn - Sủi Cảo, Mì Hoành Thánh - Đường Số 14",10.7902560000000,106.7326008000000,"64 Đường Số 14, P. An Khánh, Tp. Thủ Đức, TP. HCM","Quán ăn, ","Bánh tráng, Bánh - Kẹo, Ăn vặt - Ăn nhẹ, ","Món Việt, ",10:00 - 22:00,10:00 - 22:00,10:00 - 22:00,10:00 - 22:00,10:00 - 22:00,10:00 - 22:00,10:00 - 22:00,no,no,no,10.000 -30.000,0.0,0.0,0.0,5.1,12
426,Dê Thật Quán - Món Ngon Từ Dê,10.8558260000000,106.7665160000000,"127 Hoàng Diệu 2, Khu Phố 3, P. Linh Trung, Tp. Thủ Đức, TP. HCM","Quán ăn, ","Thịt Dê, Đặc sản rừng, ","Món Việt, ",10:00 - 22:00,10:00 - 22:00,10:00 - 22:00,10:00 - 22:00,10:00 - 22:00,10:00 - 22:00,10:00 - 22:00,no,no,no,35.000 -220.000,6.6,6.4,6.7,6.6,15
427,Cô Phương - Bánh Mì Chảo,10.8447430000000,106.7908706000000,"A1/5 Lê Văn Việt, P. Tăng Nhơn Phú A, Tp. Thủ Đức, TP. HCM","Quán ăn, ","Bánh mì, Thịt Bò, Bánh - Kẹo, Ăn vặt - Ăn nhẹ, ","Món Việt, ","07:00 - 10:00, 16:00 - 22:00","07:00 - 10:00, 16:00 - 22:00","07:00 - 10:00, 16:00 - 22:00","07:00 - 10:00, 16:00 - 22:00","07:00 - 10:00, 16:00 - 22:00","07:00 - 10:00, 16:00 - 22:00","07:00 - 10:00, 16:00 - 22:00",yes,no,yes,20.000 -80.000,0.0,6.2,6.1,6.2,13
428,Royaltea Hong Kong - Tân Lập 2,10.8479110000000,106.7805260000000,"101 Tân Lập 2, KP. 3, P. Hiệp Phú, Tp. Thủ Đức, TP. HCM","Café/Dessert, ","Trà, Thức uống, Nước ngọt, Trà sữa, Sữa, ","Món Á, Món Trung Hoa, ",09:00 - 22:30,09:00 - 22:30,09:00 - 22:30,09:00 - 22:30,09:00 - 22:30,09:00 - 22:30,09:00 - 22:30,no,no,no,42.000 -55.000,0.0,0.0,0.0,5.5,17
429,"Kim Milk Tea - Trà Sữa, Nước Ép & Ăn Vặt",10.8494350000000,106.7605800000000,"38 Đường Số 13, P. Bình Thọ, Tp. Thủ Đức, TP. HCM","Café/Dessert, ","Trà, Sinh tố - Nước ép, Thức uống, Trà sữa, Sữa, ","Món Việt, ",08:00 - 22:00,08:00 - 22:00,08:00 - 22:00,08:00 - 22:00,08:00 - 22:00,08:00 - 22:00,08:00 - 22:00,yes,no,yes,14.000 -30.000,6.9,7.2,6.5,6.9,13
429,"Kim Milk Tea - Trà Sữa, Nước Ép & Ăn Vặt - Nguyễn Tuyển",10.7872321000000,106.7636817000000,"4A Nguyễn Tuyển, P. Bình Trưng Tây, Tp. Thủ Đức, TP. HCM","Café/Dessert, ","Trà, Sinh tố - Nước ép, Thức uống, Trà sữa, Sữa, ","Món Việt, ",10:00 - 20:00,10:00 - 20:00,10:00 - 20:00,10:00 - 20:00,10:00 - 20:00,10:00 - 20:00,10:00 - 20:00,yes,no,yes,13.000 -25.000,10.0,9.0,6.0,9.0,1
430,Arigato - Quán Ăn Nhật Bản - Trần Ngọc Diện,10.8046800000000,106.7393150000000,"19 Trần Ngọc Diện, P. Thảo Điền, Tp. Thủ Đức, TP. HCM","Quán ăn, ","Sushi & Sashimi, ","Món Á, Món Nhật, ",10:00 - 22:00,10:00 - 22:00,10:00 - 22:00,10:00 - 22:00,10:00 - 22:00,10:00 - 22:00,10:00 - 22:00,no,no,yes,15.000 -75.000,7.2,7.5,6.2,6.9,10
431,"Bếp Nhà Fu - Bánh Nậm, Bánh Bột Lọc - Đường 1",10.7992095000000,106.8161616000000,"175 Đường 1, P. Phước Bình, Tp. Thủ Đức, TP. HCM","Shop Online, ","Bánh - Kẹo, Ăn vặt - Ăn nhẹ, ","Món Huế, Món Miền Trung, ",10:00 - 21:00,10:00 - 21:00,10:00 - 21:00,10:00 - 21:00,10:00 - 21:00,10:00 - 21:00,10:00 - 21:00,yes,yes,yes,8.000 -70.000,8.3,7.6,6.4,7.7,14
432,Yen Sushi & Sake Pub - Xuân Thủy,10.8034360000000,106.7327260000000,"55 Xuân Thủy, P. Thảo Điền, Tp. Thủ Đức, TP. HCM","Nhà hàng, ","Sushi & Sashimi, Thức uống, ","Món Á, Món Nhật, ","10:30 - 13:45, 16:30 - 21:00","10:30 - 13:45, 16:30 - 21:00","10:30 - 13:45, 16:30 - 21:00","10:30 - 13:45, 16:30 - 21:00","10:30 - 13:45, 16:30 - 21:00","10:30 - 13:45, 16:30 - 21:00","10:30 - 13:45, 16:30 - 21:00",no,no,no,200.000 -500.000,8.9,8.6,9.3,8.8,8
433,Nhà Hàng Sành Quán - Món Ngon Lạ,10.7994680000000,106.7353360000000,"22 Song Hành, Tp. Thủ Đức, TP. HCM","Quán ăn, ","Hải sản, Lẩu, ","Món Việt, ",11:00 - 23:00,11:00 - 23:00,11:00 - 23:00,11:00 - 23:00,11:00 - 23:00,11:00 - 23:00,11:00 - 23:00,no,yes,yes,20.000 -100.000,7.4,8.0,8.4,7.7,8
434,Chè Nóng,10.8510819000000,106.7568166000000,"34 Võ Văn Ngân, Tp. Thủ Đức, TP. HCM","Ăn vặt/vỉa hè, ","Chè, Ăn vặt - Ăn nhẹ, ","Món Việt, ",16:00 - 22:00,16:00 - 22:00,16:00 - 22:00,16:00 - 22:00,16:00 - 22:00,16:00 - 22:00,16:00 - 22:00,no,yes,yes,10.000 -30.000,6.6,0.0,6.2,6.3,11
435,Tịnh Trà Quán,10.8559510000000,106.7722130000000,"44 Đường Số 8, P. Linh Trung, Tp. Thủ Đức, TP. HCM","Café/Dessert, ","Trà, Café - Kem, Sinh tố - Nước ép, Thức uống, ","Món Việt, ",06:30 - 22:00,06:30 - 22:00,06:30 - 22:00,06:30 - 22:00,06:30 - 22:00,06:30 - 22:00,06:30 - 22:00,no,no,yes,15.000 -30.000,7.9,7.4,7.3,7.3,10
436,Quán Zozo - Nướng & Lẩu,10.8369981089700,106.7329254907683,"426 Phạm Văn Đồng, P. Hiệp Bình Chánh, Tp. Thủ Đức, TP. HCM","Quán nhậu, ",,"Món Việt, ",15:00 - 00:00,15:00 - 00:00,15:00 - 00:00,15:00 - 00:00,15:00 - 00:00,15:00 - 00:00,15:00 - 00:00,yes,yes,yes,100.000 -200.000,7.3,7.1,7.1,7.2,8
437,Panda BBQ - Quán Thịt Nướng Đà Lạt - Phạm Văn Đồng,10.8265460000000,106.7176800000000,"600 Phạm Văn Đồng, P. Hiệp Bình Chánh, Tp. Thủ Đức, TP. HCM","Quán nhậu, ",,"Món Việt, ",16:00 - 22:00,16:00 - 22:00,16:00 - 22:00,16:00 - 22:00,16:00 - 22:00,16:00 - 22:00,16:00 - 22:00,yes,yes,yes,8.000 -200.000,8.3,8.2,8.3,8.3,12
438,"Trà Sữa 1988 - Đường 4, Bình Thọ",10.8477858000000,106.7631407000000,"76 Đường Số 4, P. Bình Thọ, Tp. Thủ Đức, TP. HCM","Café/Dessert, ","Trà, Café - Kem, Sinh tố - Nước ép, Thức uống, Trà sữa, ","Món Việt, ",07:00 - 21:30,07:00 - 21:30,07:00 - 21:30,07:00 - 21:30,07:00 - 21:30,07:00 - 21:30,07:00 - 21:30,yes,no,yes,14.000 -72.000,9.9,9.7,9.4,9.5,9
439,Trà Sữa Lazy Bee - Phú Châu,10.8648551000000,106.7466301000000,"46 Phú Châu, Tp. Thủ Đức, TP. HCM","Café/Dessert, ","Thức uống, Trà sữa, ","Món Việt, ",10:00 - 22:00,10:00 - 22:00,10:00 - 22:00,10:00 - 22:00,10:00 - 22:00,10:00 - 22:00,10:00 - 22:00,no,no,yes,8.000 -28.000,7.4,6.4,6.1,7.0,7
439,Trà Sữa Lazy Bee - Tô Vĩnh Diện,10.8509359000000,106.7656346000000,"4 Tô Vĩnh Diện, P. Linh Chiểu, Tp. Thủ Đức, TP. HCM","Café/Dessert, ","Trà, Thức uống, Nước ngọt, Trà sữa, Sữa, ","Món Việt, ",10:00 - 22:00,10:00 - 22:00,10:00 - 22:00,10:00 - 22:00,10:00 - 22:00,10:00 - 22:00,10:00 - 22:00,no,no,yes,8.000 -28.000,6.3,6.0,6.9,6.9,10
439,Trà Sữa Lazy Bee - Đường Số 4,10.8761647000000,106.7468662000000,"18 Đường 4, KP. 5, P. Bình Chiểu, Tp. Thủ Đức, TP. HCM","Café/Dessert, ","Trà chanh, Sinh tố - Nước ép, Thức uống, Trà sữa, Sữa, ",,09:20 - 22:00,09:20 - 22:00,09:20 - 22:00,09:20 - 22:00,09:20 - 22:00,09:20 - 22:00,09:20 - 22:00,no,no,no,8.000 -28.000,0.0,0.0,0.0,_._,0
440,Trà Sữa - An Drinks,10.7741860000000,106.7632660000000,"15 Thích Mật Thế, P. Thạnh Mỹ Lợi, Tp. Thủ Đức, TP. HCM","Café/Dessert, ","Ăn vặt - Ăn nhẹ, Thức uống, Trà sữa, ","Món Việt, ",09:00 - 22:00,09:00 - 22:00,09:00 - 22:00,09:00 - 22:00,09:00 - 22:00,09:00 - 22:00,09:00 - 22:00,no,no,yes,5.000 -20.000,9.1,9.2,9.1,8.8,9
441,Pizza Inn - An Phú,10.7970890000000,106.7417580000000,"56 Vũ Tông Phan, P. An Phú, Tp. Thủ Đức, TP. HCM","Nhà hàng, ","Pizza & Pasta, Cơm, Fastfood - Thức ăn nhanh, ","Món Âu, Ý, ",09:00 - 21:40,09:00 - 21:40,09:00 - 21:40,09:00 - 21:40,09:00 - 21:40,09:00 - 21:40,09:00 - 21:40,yes,no,yes,105.000 -499.000,7.4,7.6,7.2,7.3,11
442,The Cafe - Dân Chủ,10.8443275000000,106.7637916000000,"4 Dân Chủ, Tp. Thủ Đức, TP. HCM","Café/Dessert, ","Trà, Café - Kem, Sinh tố - Nước ép, Thức uống, ","Món Việt, ",07:00 - 23:00,07:00 - 23:00,07:00 - 23:00,07:00 - 23:00,07:00 - 23:00,07:00 - 23:00,07:00 - 23:00,no,no,yes,20.000 -50.000,6.0,7.0,6.0,6.2,1
442,The Cafe - Tam Hà,10.8627720000000,106.7460737000000,"113 Tam Hà, P. Tam Phú, Tp. Thủ Đức, TP. HCM","Café/Dessert, ","Trà, Café - Kem, Sinh tố - Nước ép, Thức uống, Sữa, ","Món Việt, ",07:00 - 23:00,07:00 - 23:00,07:00 - 23:00,07:00 - 23:00,07:00 - 23:00,07:00 - 23:00,07:00 - 23:00,no,no,yes,20.000 -50.000,7.5,7.0,8.0,7.7,11
443,"Heo Con - Cơm Gà Sốt, Da Gà & Hamburger - Linh Trung",10.8622184000000,106.7647810000000,"32 Linh Trung, P. Linh Trung, Tp. Thủ Đức, TP. HCM","Ăn vặt/vỉa hè, ","Gà rán, Hamburger, Ăn vặt - Ăn nhẹ, Nem, Cá/bò viên, Xúc xích, Fastfood - Thức ăn nhanh, ","Món Việt, ",06:00 - 21:00,06:00 - 21:00,06:00 - 21:00,06:00 - 21:00,06:00 - 21:00,06:00 - 21:00,06:00 - 21:00,no,yes,yes,20.000 -55.000,7.5,7.9,7.7,7.7,10
443,"Heo Con - Cơm Gà Sốt, Da Gà & Hamburger - Đình Phong Phú",10.8424930000000,106.7812280000000,"31A Đình Phong Phú, P. Tăng Nhơn Phú B, Tp. Thủ Đức, TP. HCM","Quán ăn, ","Gà rán, Hamburger, Cơm, Fastfood - Thức ăn nhanh, ",,06:00 - 22:00,06:00 - 22:00,06:00 - 22:00,06:00 - 22:00,06:00 - 22:00,06:00 - 22:00,06:00 - 22:00,no,no,no,20.000 -500.000,0.0,0.0,0.0,_._,0
443,"Heo Con - Cơm Gà Sốt, Da Gà & Hamburger - Nguyễn Du",10.8273210000000,106.6860631000000,"102 Nguyễn Du, P. 7, Quận Gò Vấp, TP. HCM","Quán ăn, ","Gà rán, Cơm, Xúc xích, Fastfood - Thức ăn nhanh, ",,11:00 - 22:00,11:00 - 22:00,11:00 - 22:00,11:00 - 22:00,11:00 - 22:00,11:00 - 22:00,11:00 - 22:00,no,no,no,,0.0,0.0,0.0,_._,0
443,"Heo Con - Cơm Gà Sốt, Da Gà & Hamburger - Xô Viết Nghệ Tĩnh",10.8063219000000,106.7116645000000,"426A Xô Viết Nghệ Tĩnh, P. 25, Quận Bình Thạnh, TP. HCM","Quán ăn, ","Gà rán, Hamburger, Cơm, Xúc xích, Fastfood - Thức ăn nhanh, ",,11:00 - 22:00,11:00 - 22:00,11:00 - 22:00,11:00 - 22:00,11:00 - 22:00,11:00 - 22:00,11:00 - 22:00,no,no,no,,0.0,0.0,0.0,_._,0
444,Caféin,10.8417626000000,106.7682131000000,"5 Hồng Đức, Tp. Thủ Đức, TP. HCM","Café/Dessert, ","Café - Kem, Sinh tố - Nước ép, ","Món Việt, ",07:00 - 22:00,07:00 - 22:00,07:00 - 22:00,07:00 - 22:00,07:00 - 22:00,07:00 - 22:00,07:00 - 22:00,no,no,yes,10.000 -50.000,7.2,6.8,7.3,7.2,9
445,I Love Kem - Thống Nhất Thủ Đức,10.8427990000000,106.7681880000000,"23 Thống Nhất, P. Bình Thọ, Tp. Thủ Đức, TP. HCM","Café/Dessert, ","Café - Kem, Ăn vặt - Ăn nhẹ, ","Món Việt, ",08:00 - 21:00,08:00 - 21:00,08:00 - 21:00,08:00 - 21:00,08:00 - 21:00,08:00 - 21:00,08:00 - 21:00,no,no,yes,20.000 -55.000,7.6,7.9,7.3,7.6,10
446,Trung Bún - Bún Chả Hà Nội & Nem Cua Biển,10.7802860000000,106.7623840000000,"482 Nguyễn Thị Định, P. Thạnh Mỹ Lợi, Tp. Thủ Đức, TP. HCM","Quán ăn, ","Bún, Hải sản, Món nước, Cá, Miến, Ăn vặt - Ăn nhẹ, Nem, ","Món Bắc, ",08:00 - 22:00,08:00 - 22:00,08:00 - 22:00,08:00 - 22:00,08:00 - 22:00,08:00 - 22:00,08:00 - 22:00,no,no,no,15.000 -35.000,6.7,6.3,6.8,6.6,11
447,Bollywood Indian Bar & Restaurant - Võ Trường Toản,10.8074277000000,106.7460793000000,"53 Võ Trường Toản, P. Thảo Điền, Tp. Thủ Đức, TP. HCM","Nhà hàng, ","Thịt Gà, Thịt Bò, Thịt Heo, Hải sản, Món nước, Cá, Ăn vặt - Ăn nhẹ, Thịt Cừu, Halal, ","Món Á, Món Ấn Độ, ",10:30 - 23:59,10:30 - 23:59,10:30 - 23:59,10:30 - 23:59,10:30 - 23:59,10:30 - 23:59,10:30 - 23:59,no,no,yes,15.000 -150.000,7.4,7.4,7.8,7.5,8
448,Yumi Coffee - Trần Não,10.7926491000000,106.7303914000000,"154 Trần Não, P. Bình An, Tp. Thủ Đức, TP. HCM","Café/Dessert, ","Trà, Café - Kem, Sinh tố - Nước ép, Thức uống, Trà sữa, Sữa, ","Món Việt, ",07:00 - 22:00,07:00 - 22:00,07:00 - 22:00,07:00 - 22:00,07:00 - 22:00,07:00 - 22:00,07:00 - 22:00,no,no,yes,20.000 -49.000,8.0,7.7,8.4,8.1,9
449,Phở Quỳnh 3 - Đăng Văn Bi,10.8499813000000,106.7587852000000,"234 Đặng Văn Bi, P. Trường Thọ, Tp. Thủ Đức, TP. HCM","Quán ăn, ","Phở, Món nước, ","Món Việt, ",06:30 - 22:00,06:30 - 22:00,06:30 - 22:00,06:30 - 22:00,06:30 - 22:00,06:30 - 22:00,06:30 - 22:00,no,no,no,30.000 -60.000,6.8,6.0,6.3,6.5,11
450,Matsuri Japanese Restaurant - Thảo Điền,10.8026167000000,106.7409501000000,"L5-07 Vincom Mega Mall Thảo Điền, Số 161 Võ Nguyên Giáp, P. Thảo Điền, Tp. Thủ Đức, TP. HCM","Nhà hàng, ","Sushi & Sashimi, ",,09:00 - 22:00,09:00 - 22:00,09:00 - 22:00,09:00 - 22:00,09:00 - 22:00,09:00 - 22:00,09:00 - 22:00,no,no,no,,9.7,9.3,9.7,9.4,6
451,Eddie's New York Deli & Diner - Thảo Điền,10.8064650000000,106.7349420000000,"71 Thảo Điền, P. Thảo Điền, Tp. Thủ Đức, TP. HCM","Nhà hàng, ","Cơm, ","Mỹ, Châu Mỹ, ",08:00 - 21:00,08:00 - 21:00,08:00 - 21:00,08:00 - 21:00,08:00 - 21:00,08:00 - 21:00,08:00 - 21:00,no,yes,yes,159.000 -349.000,8.2,8.8,8.5,8.1,6
452,Tuyền Ký - Bánh Mì Heo Quay - Xuân Thủy,10.8029840000000,106.7316570000000,"56 Xuân Thủy, P. Thảo Điền, Tp. Thủ Đức, TP. HCM","Quán ăn, ","Bánh mì, Bánh hỏi, Bánh - Kẹo, Ăn vặt - Ăn nhẹ, ","Món Việt, ",04:00 - 22:00,04:00 - 22:00,04:00 - 22:00,04:00 - 22:00,04:00 - 22:00,04:00 - 22:00,04:00 - 22:00,no,no,no,12.000 -25.000,0.0,0.0,0.0,5.8,12
453,Gà Rán Otoké - Đậm Vị Hàn Quốc - Đồng Đen,10.7922410000000,106.6440890000000,"116 Đồng Đen, P. 14, Quận Tân Bình, TP. HCM","Nhà hàng, ","Thịt Gà, Gà rán, Hamburger, Salad, Cơm, Fastfood - Thức ăn nhanh, ","Món Á, Món Hàn, ",08:00 - 21:30,08:00 - 21:30,08:00 - 21:30,08:00 - 21:30,08:00 - 21:30,08:00 - 21:30,08:00 - 21:30,yes,no,yes,29.000 -300.000,6.6,6.6,6.5,6.6,161
453,Otoké Chicken - Gà Rán Hàn Quốc - Hàm Nghi,10.7706890000000,106.7036980000000,"77B Hàm Nghi, P. Nguyễn Thái Bình, Quận 1, TP. HCM","Nhà hàng, ","Thịt Gà, Gà rán, Fastfood - Thức ăn nhanh, ","Món Á, Món Hàn, ",08:00 - 21:30,08:00 - 21:30,08:00 - 21:30,08:00 - 21:30,08:00 - 21:30,08:00 - 21:30,08:00 - 21:30,yes,no,yes,29.000 -300.000,7.3,7.3,7.2,7.3,182
453,Otoké Chicken - Gà Rán Hàn Quốc - Nguyễn Thị Minh Khai,10.7859490000000,106.7008490000000,"18A Nguyễn Thị Minh Khai, P. Đa Kao, Quận 1, TP. HCM","Nhà hàng, ","Thịt Gà, Gà rán, Hamburger, Salad, Fastfood - Thức ăn nhanh, ","Món Á, Món Hàn, ",08:00 - 21:30,08:00 - 21:30,08:00 - 21:30,08:00 - 21:30,08:00 - 21:30,08:00 - 21:30,08:00 - 21:30,no,yes,yes,30.000 -300.000,7.3,7.2,6.8,7.1,55
453,Gà Rán Otoké - Đậm Vị Hàn Quốc - Nguyễn Duy Trinh,10.7880570000000,106.7660130000000,"315 Nguyễn Duy Trinh, P. Bình Trưng Tây, Tp. Thủ Đức, TP. HCM","Nhà hàng, ","Thịt Gà, Gà rán, Hamburger, Salad, Cơm, Thức uống, Fastfood - Thức ăn nhanh, ","Món Á, Món Hàn, ",08:00 - 21:30,08:00 - 21:30,08:00 - 21:30,08:00 - 21:30,08:00 - 21:30,08:00 - 21:30,08:00 - 21:30,no,no,yes,20.000 -150.000,6.6,6.8,7.1,7.0,12
453,Gà Rán Otoké - Đậm Vị Hàn Quốc - Lạc Long Quân,10.7662940000000,106.6425150000000,"280 Lạc Long Quân, P. 10, Quận 11, TP. HCM","Nhà hàng, ","Thịt Gà, Gà rán, Cơm Chiên, Hamburger, Salad, Cơm, Fastfood - Thức ăn nhanh, ","Món Á, Món Hàn, ",08:00 - 21:30,08:00 - 21:30,08:00 - 21:30,08:00 - 21:30,08:00 - 21:30,08:00 - 21:30,08:00 - 21:30,yes,no,yes,29.000 -300.000,8.5,8.6,8.6,8.5,39
453,Gà Rán Otoké - Đậm Vị Hàn Quốc - Huỳnh Tấn Phát,10.7432220000000,106.7295850000000,"547 Huỳnh Tấn Phát, P. Phú Thuận, Quận 7, TP. HCM","Quán ăn, ","Thịt Gà, Gà rán, Cơm Chiên, Hamburger, Salad, Cơm, Fastfood - Thức ăn nhanh, ","Món Việt, ",08:00 - 21:30,08:00 - 21:30,08:00 - 21:30,08:00 - 21:30,08:00 - 21:30,08:00 - 21:30,08:00 - 21:30,no,no,no,29.000 -300.000,8.6,8.7,8.4,8.5,86
453,Gà Rán Otoké - Đậm Vị Hàn Quốc - Thống Nhất,10.8475638000000,106.6646507000000,"516 Đường Thống Nhất, P. 16, Quận Gò Vấp, TP. HCM","Quán ăn, ","Gà rán, Fastfood - Thức ăn nhanh, ",,08:30 - 21:30,08:30 - 21:30,08:30 - 21:30,08:30 - 21:30,08:30 - 21:30,08:30 - 21:30,08:30 - 21:30,no,no,no,29.000 -300.000,0.0,0.0,0.0,_._,0
453,Gà Rán Otoké - Đậm Vị Hàn Quốc - Quốc Lộ 13,10.8577975000000,106.7228682000000,"665 QL13, P. Hiệp Bình Phước, Tp. Thủ Đức, TP. HCM","Quán ăn, ","Gà rán, Hamburger, Fastfood - Thức ăn nhanh, ",,08:30 - 21:00,08:30 - 21:00,08:30 - 21:00,08:30 - 21:00,08:30 - 21:00,08:30 - 21:00,08:30 - 21:00,no,no,no,,0.0,0.0,0.0,_._,0
453,Gà Rán Otoké - Đậm Vị Hàn Quốc - Hoàng Diệu 2,10.8598269000000,106.7621111000000,"35 Hoàng Diệu 2, Khu Phố 2, P.Linh Trung, Tp. Thủ Đức, TP. HCM","Quán ăn, ","Gà rán, Hamburger, Salad, Cơm văn phòng, Cơm, Fastfood - Thức ăn nhanh, ",,08:30 - 21:30,08:30 - 21:30,08:30 - 21:30,08:30 - 21:30,08:30 - 21:30,08:30 - 21:30,08:30 - 21:30,no,no,no,,0.0,0.0,0.0,_._,0
453,Gà Rán Otoké – Đậm Vị Hàn Quốc - Hoa Cúc,10.7988752000000,106.6877902000000,"08 Hoa Cúc, P. 7, Quận Phú Nhuận, TP. HCM","Quán ăn, ","Gà rán, Hamburger, Fastfood - Thức ăn nhanh, ",,09:30 - 21:30,09:30 - 21:30,09:30 - 21:30,09:30 - 21:30,09:30 - 21:30,09:30 - 21:30,09:30 - 21:30,no,no,no,,0.0,0.0,0.0,_._,0
453,Gà Rán Otoké - Đậm Vị Hàn Quốc - Lê Thị Riêng,10.7707709000000,106.6896205000000,"148 Lê Thị Riêng, P. Bến Thành, Quận 1, TP. HCM","Quán ăn, ","Gà rán, Hamburger, Fastfood - Thức ăn nhanh, ",,08:00 - 21:00,08:00 - 21:00,08:00 - 21:00,08:00 - 21:00,08:00 - 21:00,08:00 - 21:00,08:00 - 21:00,no,no,no,,0.0,0.0,0.0,_._,0
454,Baby Elephant Coffee,10.8755740000000,106.7984680000000,"Làng Đại Học, Tp. Thủ Đức, TP. HCM","Café/Dessert, ","Café - Kem, Thức uống, ","Món Việt, ",08:00 - 22:00,08:00 - 22:00,08:00 - 22:00,08:00 - 22:00,08:00 - 22:00,08:00 - 22:00,08:00 - 22:00,no,no,no,13.000 -20.000,7.1,7.0,7.1,7.1,10
455,Bánh Mì 362 - Phú Mỹ Hưng,10.7269941000000,106.7087457000000,"Sc3-2 Mỹ Khánh 4, 55 Nguyễn Đức Cảnh, P. Tân Phong, Quận 7, TP. HCM","Quán ăn, ","Bánh mì, Ăn vặt - Ăn nhẹ, Cơm, ","Món Miền Nam, ",07:00 - 21:00,07:00 - 21:00,07:00 - 21:00,07:00 - 21:00,07:00 - 21:00,07:00 - 21:00,07:00 - 21:00,yes,no,no,10.000 -20.000,6.1,0.0,0.0,5.6,21
455,Bánh Mì 362 - Thảo Điền,10.8084740000000,106.7329770000000,"103 Đường Thảo Điền Phường Thảo Điền, Tp. Thủ Đức, TP. HCM","Quán ăn, ","Bánh mì, Bánh - Kẹo, Ăn vặt - Ăn nhẹ, ","Món Việt, ",06:15 - 20:30,06:15 - 20:30,06:15 - 20:30,06:15 - 20:30,06:15 - 20:30,06:15 - 20:30,06:15 - 20:30,no,no,yes,20.000 -30.000,0.0,0.0,0.0,5.2,14
455,Bánh Mì 362 - Trần Cao Vân,10.7846316000000,106.6978359000000,"25 Trần Cao Vân, P. Đa Kao, Quận 1, TP. HCM","Quán ăn, ","Bánh mì, Bánh - Kẹo, Ăn vặt - Ăn nhẹ, ","Món Việt, ",06:00 - 22:00,06:00 - 22:00,06:00 - 22:00,06:00 - 22:00,06:00 - 22:00,06:00 - 22:00,06:00 - 22:00,no,no,yes,20.000 -30.000,7.3,7.1,7.1,7.1,29
455,Bánh Mì 362 - Nguyễn Hữu Thọ,10.7123700000000,106.7074317000000,"C1-2 Chung Cư Phú Hoàng Anh, Nguyễn Hữu Thọ, X. Phước Kiển, Huyện Nhà Bè, TP. HCM","Tiệm bánh, ","Bánh mì, Ăn vặt - Ăn nhẹ, ","Món Việt, ",06:00 - 21:00,06:00 - 21:00,06:00 - 21:00,06:00 - 21:00,06:00 - 21:00,06:00 - 21:00,06:00 - 21:00,yes,no,yes,8.000 -35.000,0.0,0.0,0.0,_._,0
455,Bánh Mì 362 - Đề Thám,10.7684313000000,106.6933245000000,"267 Đề Thám, P. Phạm Ngũ Lão, Quận 1, TP. HCM","Tiệm bánh, ","Bánh mì, Bánh - Kẹo, Ăn vặt - Ăn nhẹ, ","Món Việt, ",06:15 - 20:30,06:15 - 20:30,06:15 - 20:30,06:15 - 20:30,06:15 - 20:30,06:15 - 20:30,06:15 - 20:30,yes,no,yes,15.000 -35.000,6.3,6.8,7.0,6.8,6
455,Bánh Mì 362 - Khu Đô Thị Sala,10.7698880000000,106.7253190000000,"B2-00.06 Tòa Nhà Sarimi, Khu Đô Thị Sala, Nguyễn Cơ Thạch, P. An Lợi Đông, Tp. Thủ Đức, TP. HCM","Tiệm bánh, ","Bánh mì, Bánh - Kẹo, Ăn vặt - Ăn nhẹ, ","Món Việt, ",06:00 - 21:00,06:00 - 21:00,06:00 - 21:00,06:00 - 21:00,06:00 - 21:00,06:00 - 21:00,06:00 - 21:00,no,no,yes,20.000 -30.000,8.0,7.0,7.0,7.0,1
455,Bánh Mì 362 - Cảnh Viên,10.7219230000000,106.7288160000000,"56 đường C, Khu Phố Cảnh Viên, Phường Tân Phú, Quận 7, TP. HCM","Quán ăn, ","Bánh mì, Bánh - Kẹo, Ăn vặt - Ăn nhẹ, ","Món Việt, Tây Nguyên, ",06:15 - 20:30,06:15 - 20:30,06:15 - 20:30,06:15 - 20:30,06:15 - 20:30,06:15 - 20:30,06:15 - 20:30,no,no,no,25.000 -50.000,0.0,0.0,0.0,_._,0
456,Wrap&Roll - Vincom Đồng Khởi,10.7756630000000,106.7019340000000,"Tầng B3, B23 - 24, Vincom Đồng Khởi, 72 Lê Thánh Tôn, P. Bến Nghé, Quận 1, TP. HCM","Nhà hàng, ","Chè, Lẩu, Ăn vặt - Ăn nhẹ, ","Món Việt, Món Bắc, Món Miền Trung, Món Miền Nam, ",08:00 - 22:00,08:00 - 22:00,08:00 - 22:00,08:00 - 22:00,08:00 - 22:00,08:00 - 22:00,08:00 - 22:00,no,no,yes,40.000 -165.000,6.0,0.0,6.4,6.1,93
456,Wrap&Roll - Nguyễn Đức Cảnh,10.7275380000000,106.7085730000000,"006 Nguyễn Đức Cảnh, Phú Mỹ Hưng, P. Tân Phong, Quận 7, TP. HCM","Nhà hàng, ","Chè, Ăn vặt - Ăn nhẹ, ","Món Việt, Món Bắc, Tây Bắc, Hà Nội, Món Miền Trung, Món Miền Nam, Nam Định, ",10:30 - 20:00,10:30 - 20:00,10:30 - 20:00,10:30 - 20:00,10:30 - 20:00,10:30 - 20:00,10:30 - 20:00,no,no,yes,40.000 -165.000,6.5,6.0,6.7,6.3,26
456,Wrap&Roll - SC VivoCity,10.7297930000000,106.7031800000000,"Tầng 4 - SC VivoCity, 1058 Nguyễn Văn Linh, KP. 1, P. Tân Phong, Quận 7, TP. HCM","Nhà hàng, ","Lẩu, Gỏi, Ăn vặt - Ăn nhẹ, ","Món Việt, ",10:00 - 21:00,10:00 - 21:00,10:00 - 21:00,10:00 - 21:00,10:00 - 21:00,10:00 - 21:00,10:00 - 21:00,no,no,yes,40.000 -165.000,0.0,6.3,6.7,6.3,27
456,Wrap&Roll - Vincom Lê Văn Việt,10.8456210000000,106.7791000000000,"Tầng 4 Vincom Lê Văn Việt, 50A Lê Văn Việt, P. Hiệp Phú, Tp. Thủ Đức, TP. HCM","Quán ăn, ","Bánh ướt, Bánh - Kẹo, Ăn vặt - Ăn nhẹ, ","Món Việt, ",10:00 - 21:00,10:00 - 21:00,10:00 - 21:00,10:00 - 21:00,10:00 - 21:00,10:00 - 21:00,10:00 - 21:00,no,yes,yes,40.000 -165.000,0.0,0.0,6.5,6.0,10
456,Wrap&Roll - MPlaza Saigon,10.7814332000000,106.7001587000000,"Tầng Trệt, Mplaza Saigon, 39 Lê Duẩn, P. Bến Nghé, Quận 1, TP. HCM","Nhà hàng, ","Bánh ướt, Bánh - Kẹo, Ăn vặt - Ăn nhẹ, ","Món Việt, ",10:00 - 21:00,10:00 - 21:00,10:00 - 21:00,10:00 - 21:00,10:00 - 21:00,10:00 - 21:00,10:00 - 21:00,yes,no,yes,40.000 -165.000,6.9,6.9,7.4,7.1,7
456,Wrap&Roll - Gigamall,10.8280411000000,106.7222298000000,"Tầng 3 Giga Mall, 240 Phạm Văn Đồng, P. Hiệp Bình Chánh, Tp. Thủ Đức, TP. HCM","Quán ăn, ","Ăn vặt - Ăn nhẹ, ","Món Việt, ",10:00 - 21:00,10:00 - 21:00,10:00 - 21:00,10:00 - 21:00,10:00 - 21:00,10:00 - 21:00,10:00 - 21:00,yes,no,yes,45.000 -250.000,0.0,0.0,0.0,6.0,8
456,Wrap&Roll - Estella Place,10.8020340000000,106.7485140000000,"Tầng 3, Estella Place, 88 Song Hành, P. An Phú, Tp. Thủ Đức, TP. HCM","Nhà hàng, ","Ăn vặt - Ăn nhẹ, Thức uống, ","Món Việt, ",10:00 - 21:00,10:00 - 21:00,10:00 - 21:00,10:00 - 21:00,10:00 - 21:00,10:00 - 21:00,10:00 - 21:00,no,yes,yes,40.000 -165.000,0.0,0.0,6.2,5.4,6
