RestaurantID,Restaurant Name,Latitude,Longitude,Address,Type,Cuisines,Style,Monday,Tuesday,Wednesday,Thursday,Friday,Saturday,Sunday,Has_Online_delivery,Has_Table_booking,Has_Wifi,Price,Product_quality(10),Serving_quality(10),Interior_design(10),Average_rating(5),Total votes
1,Monkey In Black Cafe - Trần Quang Khải,10.7912622000000,106.6880946000000,"263 Trần Quang Khải, P. Tân Định, Quận 1, TP. HCM","Café/Dessert, ","Café - Kem, Sinh tố - Nước ép, Ăn vặt - Ăn nhẹ, ","Món Việt, ",08:00 - 22:00,08:00 - 22:00,08:00 - 22:00,08:00 - 22:00,08:00 - 22:00,08:00 - 22:00,08:00 - 22:00,yes,no,yes,25.000 -100.000,7.5,7.9,7.7,7.5,"1,146"
2,La Cave Wine Shop & Bistro,10.7813312000000,106.7059020000000,"19 Ngô Văn Năm, Quận 1, TP. HCM","Nhà hàng, Bar/Pub, ",,"Món Âu, Pháp, ",11:00 - 23:30,11:00 - 23:30,11:00 - 23:30,11:00 - 23:30,11:00 - 23:30,11:00 - 23:30,11:00 - 23:30,no,yes,yes,300.000 -1.000.000,9.1,6.5,6.4,7.0,"1,257"
3,Partea - English Tearoom - Nguyễn Huệ,10.7739210000000,106.7043100000000,"Tầng 4, 42 Nguyễn Huệ, Quận 1, TP. HCM","Café/Dessert, ","Trà, Thức uống, ","Quốc tế, ",09:00 - 22:00,09:00 - 22:00,09:00 - 22:00,09:00 - 22:00,09:00 - 22:00,09:00 - 22:00,09:00 - 22:00,no,no,yes,50.000 -80.000,7.8,7.4,8.3,7.6,749
3,Partea - English Tearoom - Nguyễn Thị Minh Khai,10.7741310000000,106.6899050000000,"240 Nguyễn Thị Minh Khai, P. 6, Quận 3, TP. HCM","Café/Dessert, ","Trà, Thức uống, ","Quốc tế, ",08:00 - 23:00,08:00 - 23:00,08:00 - 23:00,08:00 - 23:00,08:00 - 23:00,08:00 - 23:00,08:00 - 23:00,no,no,yes,50.000 -200.000,6.8,6.5,7.5,6.8,14
3,Partea - English Tearoom - Nguyễn Huệ - Gian 2,10.7739210000000,106.7043100000000,"Tầng 4, 42 Nguyễn Huệ, Quận 1, TP. HCM","Café/Dessert, ","Trà, Café - Kem, Thức uống, ","Miền Tây, Món Miền Nam, ",09:00 - 22:00,09:00 - 22:00,09:00 - 22:00,09:00 - 22:00,09:00 - 22:00,09:00 - 22:00,09:00 - 22:00,no,no,yes,50.000 -200.000,7.0,6.9,6.9,6.9,43
4,Yoshino Japanese Restaurant - Lotte Hotel Saigon,10.7782310000000,106.7069970000000,"Lotte Legend Hotel, 2A - 4A Tôn Đức Thắng, P. Bến Nghé, Quận 1, TP. HCM","Sang trọng, Nhà hàng, ","Thịt Gà, Thịt Bò, Thịt Heo, Sushi & Sashimi, ","Món Á, Món Nhật, ","11:30 - 14:30, 18:00 - 22:00","11:30 - 14:30, 18:00 - 22:00","11:30 - 14:30, 18:00 - 22:00","11:30 - 14:30, 18:00 - 22:00","11:30 - 14:30, 18:00 - 22:00","11:30 - 14:30, 18:00 - 22:00","11:30 - 14:30, 18:00 - 22:00",no,yes,yes,100.000 -550.000,6.8,7.2,7.4,6.9,12
4,Crystal Jade Palace - Lotte Legend Saigon Hotel,10.7782310000000,106.7069970000000,"Legend Hotel, 2A - 4A Tôn Đức Thắng, P. Bến Nghé, Quận 1, TP. HCM","Sang trọng, Nhà hàng, ","Thịt Gà, Thịt Bò, Thịt Heo, Lẩu, Cơm, Thức uống, ","Món Á, Món Trung Hoa, ","11:00 - 14:00, 17:00 - 22:00","11:00 - 14:00, 17:00 - 22:00","11:00 - 14:00, 17:00 - 22:00","11:00 - 14:00, 17:00 - 22:00","11:00 - 14:00, 17:00 - 22:00","11:00 - 14:00, 17:00 - 22:00","11:00 - 14:00, 17:00 - 22:00",no,yes,yes,66.000 -500.000,9.7,9.6,9.6,9.6,840
4,Legend Lounge - Lotte Legend Saigon Hotel,10.7788400000000,106.7072150000000,"Lotte Legend Hotel, 2A - 4A Tôn Đức Thắng, P. Bến Nghé, Quận 1, TP. HCM","Café/Dessert, ","Café - Kem, Sinh tố - Nước ép, ","Món Việt, ",09:00 - 22:00,09:00 - 22:00,09:00 - 22:00,09:00 - 22:00,09:00 - 22:00,09:00 - 22:00,09:00 - 22:00,no,yes,yes,150.000 -300.000,7.6,7.9,8.7,8.0,18
4,Lotte Legend Saigon Hotel,10.7776410000000,106.7070510000000,"2A - 4A Tôn Đức Thắng, P. Bến Nghé, Quận 1, TP. HCM","Nhà hàng, Tiệc cưới/Hội nghị, Khách sạn, ","Thịt Gà, Thịt Bò, Thịt Heo, Hải sản, ","Món Việt, Quốc tế, ",10:00 - 22:00,10:00 - 22:00,10:00 - 22:00,10:00 - 22:00,10:00 - 22:00,10:00 - 22:00,10:00 - 22:00,no,yes,yes,200.000 -500.000,7.2,7.1,7.2,7.1,161
4,Tropicana Pool Bar & Eatery - Lotte Legend Saigon Hotel,10.7786640000000,106.7067600000000,"2A - 4A Tôn Đức Thắng, P. Bến Nghé, Quận 1, TP. HCM","Bar/Pub, ","Thức uống, Bia, ","Món Việt, ",18:00 - 01:00,18:00 - 01:00,18:00 - 01:00,18:00 - 01:00,18:00 - 01:00,18:00 - 01:00,18:00 - 01:00,yes,no,yes,,6.5,6.3,7.6,7.1,8
5,Morico - Contemporary Japanese Lifestyle - Lê Lợi,10.7744540000000,106.7007420000000,"30 Lê Lợi, P. Bến Nghé, Quận 1, TP. HCM","Café/Dessert, ","Món nước, Mì, Bánh - Kẹo, Café - Kem, ","Món Á, Món Nhật, ",11:00 - 19:30,11:00 - 19:30,11:00 - 19:30,11:00 - 19:30,11:00 - 19:30,11:00 - 19:30,11:00 - 19:30,yes,yes,yes,70.000 -165.000,8.0,7.8,7.8,7.7,"1,422"
5,Morico - Contemporary Japanese Lifestyle - Vincom Center,10.7784420000000,106.7021580000000,"Tầng B3 Vincom Center, 70 - 72 Lê Thánh Tôn, P. Bến Nghé, Quận 1, TP. HCM","Nhà hàng, Café/Dessert, Tiệm bánh, ","Sushi & Sashimi, Bánh - Kẹo, Café - Kem, Cơm văn phòng, ","Món Á, Món Nhật, ",10:00 - 22:00,10:00 - 22:00,10:00 - 22:00,10:00 - 22:00,10:00 - 22:00,10:00 - 22:00,10:00 - 22:00,yes,yes,yes,70.000 -220.000,8.2,7.9,7.7,7.7,558
5,Morico - Contemporary Japanese Lifestyle - Saigon Pearl,10.7908811000000,106.7190231000000,"Tầng trệt, Tòa nhà Sapphire, Số 92 Nguyễn Hữu Cảnh, P. 22, Quận Bình Thạnh, TP. HCM","Nhà hàng, Café/Dessert, ","Bún, Mì, Sushi & Sashimi, Bánh - Kẹo, Salad, Café - Kem, Sinh tố - Nước ép, Cơm văn phòng, ","Món Nhật, ",10:00 - 21:00,10:00 - 21:00,10:00 - 21:00,10:00 - 21:00,10:00 - 21:00,10:00 - 21:00,10:00 - 21:00,yes,yes,yes,70.000 -165.000,8.0,7.9,7.8,7.6,218
5,Morico - Contemporary Japanese Lifestyle - Mplaza Saigon,10.7808820000000,106.7011180000000,"Tầng trệt Tòa nhà mPlaza Saigon, Số 39 Lê Duẩn, P. Bến Nghé, Quận 1, TP. HCM","Nhà hàng, Café/Dessert, ","Sushi & Sashimi, Bánh - Kẹo, Café - Kem, Sinh tố - Nước ép, Cơm văn phòng, ","Món Nhật, ",10:30 - 21:00,10:30 - 21:00,10:30 - 21:00,10:30 - 21:00,10:30 - 21:00,10:30 - 21:00,10:30 - 21:00,yes,yes,yes,70.000 -165.000,8.2,7.9,7.9,7.8,404
5,Morico - Contemporary Japanese Lifestyle - Crescent Mall,10.7278570000000,106.7181740000000,"Tầng 2 Crescent Mall, 101 Tôn Dật Tiên, P. Tân Phú, Quận 7, TP. HCM","Nhà hàng, Café/Dessert, ","Bánh - Kẹo, Café - Kem, Sinh tố - Nước ép, Cơm văn phòng, ","Món Nhật, ",11:00 - 18:00,11:00 - 18:00,11:00 - 18:00,11:00 - 18:00,11:00 - 18:00,11:00 - 18:00,11:00 - 18:00,yes,yes,yes,70.000 -165.000,8.2,7.9,8.0,7.8,392
5,Morico - Contemporary Japanese Lifestyle - Somerset,10.7839575000000,106.6997422000000,"11 Mạc Đĩnh Chi, P. Bến Nghé, Quận 1, TP. HCM","Café/Dessert, ","Sushi & Sashimi, Café - Kem, ","Món Á, Món Nhật, ",10:30 - 21:00,10:30 - 21:00,10:30 - 21:00,10:30 - 21:00,10:30 - 21:00,10:30 - 21:00,10:30 - 21:00,no,no,yes,70.000 -220.000,8.4,8.3,8.1,8.0,272
5,Morico - Contemporary Japanese Lifestyle - Diamond Island,10.7785681000000,106.7459079000000,"Tháp 4, Đảo Kim Cương, P. Bình Trưng Tây, Tp. Thủ Đức, TP. HCM","Nhà hàng, Café/Dessert, ","Đậu hũ, Bún, Chè, Mì, Sushi & Sashimi, Bánh - Kẹo, Café - Kem, Sinh tố - Nước ép, Ăn vặt - Ăn nhẹ, Thức uống, ","Món Á, Món Nhật, ","09:30 - 14:00, 17:00 - 21:00","09:30 - 14:00, 17:00 - 21:00","09:30 - 14:00, 17:00 - 21:00","09:30 - 14:00, 17:00 - 21:00","09:30 - 14:00, 17:00 - 21:00","09:30 - 14:00, 17:00 - 21:00","09:30 - 14:00, 17:00 - 21:00",yes,no,no,38.000 -588.000,0.0,0.0,6.2,5.5,5
6,Dynasty House - Phùng Khắc Khoan,10.7875895378245,106.6950305969446,"40 Phùng Khắc Khoan, P. Đa Kao, Quận 1, TP. HCM","Nhà hàng, ",,,"11:00 - 14:00, 17:00 - 22:00","11:00 - 14:00, 17:00 - 22:00","11:00 - 14:00, 17:00 - 22:00","11:00 - 14:00, 17:00 - 22:00","11:00 - 14:00, 17:00 - 22:00","11:00 - 14:00, 17:00 - 22:00","11:00 - 14:00, 17:00 - 22:00",no,no,no,50.000 -500.000,9.8,9.8,9.8,9.8,"1,087"
7,Pizza 4P’s - Pizza Kiểu Nhật - Lê Thánh Tôn,10.7818780000000,106.7050550000000,"8/15 Lê Thánh Tôn, P. Bến Nghé, Quận 1, TP. HCM","Nhà hàng, ","Pizza & Pasta, ","Món Á, Món Âu, Món Nhật, Ý, ",10:00 - 23:00,10:00 - 23:00,10:00 - 23:00,10:00 - 23:00,10:00 - 23:00,10:00 - 23:00,10:00 - 23:00,no,yes,yes,250.000 -500.000,8.5,8.0,8.1,7.9,"1,170"
7,Pizza 4P’s - Pizza Kiểu Nhật - Nguyễn Văn Linh,10.7314670000000,106.7156540000000,"Lô MD2, Nguyễn Văn Linh, P Tân Phú, Quận 7, TP. HCM","Nhà hàng, ","Pizza & Pasta, ","Món Á, Món Âu, Món Nhật, Ý, ",10:00 - 22:00,10:00 - 22:00,10:00 - 22:00,10:00 - 22:00,10:00 - 22:00,10:00 - 22:00,10:00 - 22:00,no,yes,yes,200.000 -300.000,8.6,8.5,8.6,8.1,180
7,Pizza 4P's - Pizza Kiểu Nhật - Thủ Khoa Huân,10.7734580000000,106.6975160000000,"8 Thủ Khoa Huân, P. Bến Thành, Quận 1, TP. HCM","Nhà hàng, ","Pizza & Pasta, ","Món Nhật, Ý, ","10:00 - 23:00, 10:00 - 02:00","10:00 - 23:00, 10:00 - 02:00","10:00 - 23:00, 10:00 - 02:00","10:00 - 23:00, 10:00 - 02:00","10:00 - 23:00, 10:00 - 02:00","10:00 - 23:00, 10:00 - 02:00","10:00 - 23:00, 10:00 - 02:00",no,yes,yes,150.000 -300.000,8.5,8.5,8.5,8.3,253
7,Pizza 4P's - Pizza Kiểu Nhật - Saigon Centre,10.7737260000000,106.7008770000000,"01 - 2 Lầu 6 Saigon Centre, 65 Lê Lợi, P. Bến Nghé, Quận 1, TP. HCM","Nhà hàng, ","Pizza & Pasta, ","Món Á, Món Nhật, ",10:00 - 23:00,10:00 - 23:00,10:00 - 23:00,10:00 - 23:00,10:00 - 23:00,10:00 - 23:00,10:00 - 23:00,yes,no,yes,250.000 -400.000,8.8,8.2,8.6,8.4,122
7,Pizza 4P's - Pizza Kiểu Nhật - Hai Bà Trưng,10.7833510000000,106.6971768000000,"151 Hai Bà Trưng, Quận 3, TP. HCM","Nhà hàng, ","Pizza & Pasta, Thức uống, ","Món Á, Món Nhật, ",10:00 - 23:00,10:00 - 23:00,10:00 - 23:00,10:00 - 23:00,10:00 - 23:00,10:00 - 23:00,10:00 - 23:00,no,yes,yes,250.000 -400.000,8.4,8.3,8.5,8.1,163
7,Pizza 4P’s - Pizza Kiểu Nhật - Võ Văn Kiệt,10.7549498359776,106.6877581087406,"608 Võ Văn Kiệt, P. Cầu Kho, Quận 1, TP. HCM","Nhà hàng, ",,"Món Á, Món Nhật, ",10:00 - 23:00,10:00 - 23:00,10:00 - 23:00,10:00 - 23:00,10:00 - 23:00,10:00 - 23:00,10:00 - 23:00,no,no,yes,200.000 -500.000,9.2,9.0,8.8,8.8,34
7,Pizza 4P's - Pizza Kiểu Nhật - Xuân Thủy,10.8026790000000,106.7307880000000,"48/1 Xuân Thủy, P. Thảo Điền, Quận 2, TP. HCM","Nhà hàng, ","Pizza & Pasta, ","Món Á, Món Nhật, ",Đang cập nhật,10:00 - 22:30,10:00 - 22:30,10:00 - 22:30,10:00 - 22:30,10:00 - 22:30,10:00 - 22:30,yes,no,yes,250.000 -500.000,9.2,8.7,8.8,8.7,45
7,Pizza 4P’S - Pizza Kiểu Nhật - Lê Đại Hành,10.7650671003810,106.6552624895146,"184 Lê Đại Hành, P. 15, Quận 11, TP. HCM","Quán ăn, ","Pizza & Pasta, ","Món Việt, Món Nhật, Ý, ",10:00 - 23:00,10:00 - 23:00,10:00 - 23:00,10:00 - 23:00,10:00 - 23:00,10:00 - 23:00,10:00 - 23:00,no,yes,yes,200.000 -500.000,9.4,9.2,9.1,8.8,13
7,Pizza 4P's - Pizza Kiểu Nhật - Estella Place,10.8021050000000,106.7485740000000,"88 Song Hành, P. An Phú, Quận 2, TP. HCM","Nhà hàng, ","Pizza & Pasta, ","Món Nhật, Ý, ",10:00 - 22:00,10:00 - 22:00,10:00 - 22:00,10:00 - 22:00,10:00 - 22:00,10:00 - 22:00,10:00 - 22:00,no,no,no,100.000 -400.000,6.7,7.4,7.9,7.2,14
7,Pizza 4P'S - Pizza Kiểu Nhật - Saigon Pearl,10.7895726036796,106.7207458097869,"Tầng Trệt, Ruby Home 1, 92 Nguyễn Hữu Cảnh, P. 22, Quận Bình Thạnh, TP. HCM","Nhà hàng, ","Pizza & Pasta, Món chay, Ăn vặt - Ăn nhẹ, ","Món Á, Món Nhật, ",09:00 - 22:00,09:00 - 22:00,09:00 - 22:00,09:00 - 22:00,09:00 - 22:00,09:00 - 22:00,09:00 - 22:00,yes,yes,yes,50.000 -300.000,8.4,8.9,8.4,8.4,9
8,Starbucks Coffee - New World,10.7711170000000,106.6937040000000,"Góc Phạm Hồng Thái & Nguyễn Thị Nghĩa, 76 Đ. Nguyễn Thị Nghĩa, Quận 1, TP. HCM","Café/Dessert, ","Trà, Bánh - Kẹo, Café - Kem, Sinh tố - Nước ép, Thức uống, ","Mỹ, Món Âu, Châu Mỹ, ",06:30 - 23:00,06:30 - 23:00,06:30 - 23:00,06:30 - 23:00,07:00 - 23:59,07:00 - 23:59,06:30 - 23:00,no,no,yes,50.000 -220.000,7.2,7.2,7.7,7.2,735
8,Starbucks Coffee - Phan Xích Long,10.7974560000000,106.6900010000000,"214 - 216 Phan Xích Long, Quận Phú Nhuận, TP. HCM","Café/Dessert, ","Trà, Café - Kem, Sinh tố - Nước ép, Thức uống, ","Mỹ, Món Âu, Châu Mỹ, ",07:00 - 22:00,07:00 - 22:00,07:00 - 22:00,07:00 - 22:00,07:00 - 22:00,07:00 - 22:00,07:00 - 22:00,no,no,yes,70.000 -200.000,7.4,7.6,7.8,7.4,326
8,Starbucks Coffee - Panorama,10.7214822000000,106.7140299000000,"SN-44 Tòa Nhà Panorama, P. Tân Phong, Quận 7, TP. HCM","Café/Dessert, ","Trà, Café - Kem, Sinh tố - Nước ép, Thức uống, ","Mỹ, Món Âu, Châu Mỹ, ",07:00 - 22:30,07:00 - 22:30,07:00 - 22:30,07:00 - 22:30,07:00 - 23:00,07:00 - 23:00,07:00 - 22:30,yes,no,yes,75.000 -120.000,7.8,7.6,7.8,7.5,75
8,Starbucks Coffee - Mplaza Saigon,10.7843863000000,106.7023408000000,"Mplaza Saigon, 39 Lê Duẩn, P. Bến Nghé, Quận 1, TP. HCM","Café/Dessert, ","Café - Kem, Thức uống, ","Mỹ, Món Âu, Châu Mỹ, ",07:00 - 22:00,07:00 - 22:00,07:00 - 22:00,07:00 - 22:00,07:00 - 23:00,07:00 - 23:00,07:00 - 22:00,no,no,yes,50.000 -200.000,8.3,8.0,8.2,7.9,120
8,Starbucks Coffee - Nguyễn Huệ,10.7730970000000,106.7043330000000,"99 Nguyễn Huệ, P. Bến Nghé, Quận 1, TP. HCM","Café/Dessert, ","Café - Kem, Thức uống, ","Mỹ, Món Âu, Châu Mỹ, ",06:30 - 23:00,06:30 - 23:00,06:30 - 23:00,06:30 - 23:00,06:30 - 23:00,06:30 - 23:00,06:30 - 23:00,no,no,yes,100.000 -200.000,7.7,7.9,7.5,7.6,106
8,Starbucks Coffee - Emart,10.8227380000000,106.6935720000000,"Emart, 366 Phan Văn Trị, P. 5, Quận Gò Vấp, TP. HCM","Café/Dessert, ","Trà, Café - Kem, Sinh tố - Nước ép, Thức uống, ","Mỹ, Món Âu, Châu Mỹ, ",08:00 - 22:00,08:00 - 22:01,08:00 - 22:02,08:00 - 22:03,08:00 - 22:04,08:00 - 22:05,08:00 - 22:06,no,no,yes,35.000 -100.000,7.5,7.4,7.6,7.3,109
8,Starbucks Coffee - Lakai Building,10.7536690000000,106.6696500000000,"98 Nguyễn Tri Phương, Quận 5, TP. HCM","Café/Dessert, ","Trà, Café - Kem, Sinh tố - Nước ép, Thức uống, ","Mỹ, Món Âu, Châu Mỹ, ",07:00 - 23:30,07:00 - 23:30,07:00 - 23:30,07:00 - 23:30,07:00 - 23:30,07:00 - 23:30,07:00 - 23:30,yes,no,yes,60.000 -100.000,7.6,8.0,7.8,7.6,94
8,Starbucks Coffee - Nguyễn Văn Trỗi,10.7949150000000,106.6770600000000,"66 Nguyễn Văn Trỗi, Quận Phú Nhuận, TP. HCM","Café/Dessert, ","Trà, Café - Kem, Sinh tố - Nước ép, Thức uống, ","Mỹ, Món Âu, Châu Mỹ, ",07:00 - 23:00,07:00 - 23:00,07:00 - 23:00,07:00 - 23:00,07:00 - 23:00,07:00 - 23:00,07:00 - 23:00,no,no,yes,80.000 -200.000,7.5,7.3,7.8,7.4,68
8,Starbucks Coffee – The Vista,10.8050400000000,106.7519270000000,"The Vista An Phú, 628C Xa Lộ Hà Nội, P. An Phú, Tp. Thủ Đức, TP. HCM","Café/Dessert, ","Trà, Café - Kem, Sinh tố - Nước ép, Ăn vặt - Ăn nhẹ, Thức uống, Sữa, ","Mỹ, Châu Mỹ, ",07:00 - 23:30,07:00 - 23:30,07:00 - 23:30,07:00 - 23:30,07:00 - 23:30,07:00 - 23:30,07:00 - 23:30,no,no,yes,50.000 -150.000,7.8,7.6,9.0,8.1,13
8,Starbucks Coffee - Hồng Hà,10.8132440000000,106.6656820000000,"2 Hồng Hà, P. 2, Quận Tân Bình, TP. HCM","Café/Dessert, ","Trà, Bánh - Kẹo, Café - Kem, Sinh tố - Nước ép, Thức uống, ","Mỹ, Châu Mỹ, ",06:30 - 22:30,06:30 - 22:30,06:30 - 22:30,06:30 - 22:30,06:30 - 22:30,06:30 - 22:30,06:30 - 22:30,no,no,yes,75.000 -150.000,6.9,7.4,7.8,7.3,19
8,Starbucks Coffee - TTTM RomeA,10.7778320000000,106.6895890000000,"Tầng Trệt TTTM RomeA, 117 Nguyễn Đình Chiểu, P. 6, Quận 3, TP. HCM","Café/Dessert, ","Trà, Bánh - Kẹo, Café - Kem, Sinh tố - Nước ép, Thức uống, Trà sữa, ","Quốc tế, ",06:30 - 22:30,06:30 - 22:30,06:30 - 22:30,06:30 - 22:30,06:30 - 23:00,06:30 - 23:00,06:30 - 22:30,no,no,yes,50.000 -220.000,7.8,8.2,8.2,7.9,32
8,Starbucks Coffee - Cách Mạng Tháng 8,10.7766470000000,106.6837655000000,"241Bis Cách Mạng Tháng 8, P. 4, Quận 3, TP. HCM","Café/Dessert, ","Trà, Bánh - Kẹo, Café - Kem, Sinh tố - Nước ép, Thức uống, ","Mỹ, Châu Mỹ, ",07:00 - 22:00,07:00 - 22:00,07:00 - 22:00,07:00 - 22:00,07:00 - 23:00,07:00 - 23:00,07:00 - 22:00,no,no,yes,40.000 -110.000,7.6,7.2,7.2,7.2,39
9,Au Lac Do Brazil - Phùng Khắc Khoan,10.7875789985904,106.6951056987928,"40 Phùng Khắc Khoan, P. Đa Kao, Quận 1, TP. HCM","Nhà hàng, ",,,"11:00 - 14:00, 17:00 - 22:00","11:00 - 14:00, 17:00 - 22:00","11:00 - 14:00, 17:00 - 22:00","11:00 - 14:00, 17:00 - 22:00","11:00 - 14:00, 17:00 - 22:00","11:00 - 14:00, 17:00 - 22:00","11:00 - 14:00, 17:00 - 22:00",no,no,no,50.000 -500.000,9.9,9.9,9.9,9.9,951
10,Lotte Hotel Saigon - Buffet Atrium Café,10.7782310000000,106.7069970000000,"2A - 4A Tôn Đức Thắng, P. Bến Nghé, Quận 1, Quận 1, TP. HCM","Sang trọng, Nhà hàng, Buffet, Khách sạn, ","Thịt Gà, Phở, Tôm, Trà, Bánh sinh nhật/Bánh kem, Chocolate/Socola, Cupcake, Crepe, Cua - Ghẹ, Thịt Heo, Bún, Thịt Bò, Hải sản, Hủ tiếu, Sườn nướng, Mì, Cá, Nghêu - Sò - Ốc, Sushi & Sashimi, Pizza & Pasta, Mực, Hàu, Sinh tố - Nước ép, Rượu vang, Thức uống, Bia, Nước ngọt, Trái cây, Cocktail, ","Món Việt, Quốc tế, Món Âu, ","11:30 - 14:30, 18:00 - 22:00","11:30 - 14:30, 18:00 - 22:00","11:30 - 14:30, 18:00 - 22:00","11:30 - 14:30, 18:00 - 22:00","11:30 - 14:30, 18:00 - 22:00","11:30 - 14:30, 18:00 - 22:00","11:00 - 14:30, 18:00 - 22:00",no,yes,yes,550.000 -990.000,6.9,6.9,6.9,6.9,806
11,"Highlands Coffee - Trà, Cà Phê & Bánh - SG Centre",10.7731590000000,106.7010940000000,"Tầng Hầm 2 - 15 TTTM Takashimaya, 92 - 94 Nam Kỳ Khởi Nghĩa, P. Bến Nghé, Quận 1, TP. HCM","Café/Dessert, ","Trà, Trà chanh, Món nước, Bánh - Kẹo, Café - Kem, Sinh tố - Nước ép, Cơm văn phòng, Ăn vặt - Ăn nhẹ, Thức uống, Bia, Nước ngọt, ","Món Việt, Ý, ",06:00 - 22:00,06:00 - 22:00,06:00 - 22:00,06:00 - 22:00,06:00 - 22:00,06:00 - 22:00,06:00 - 22:00,no,yes,yes,9.000 -65.000,7.7,7.4,7.4,7.5,97
11,"Highlands Coffee - Trà, Cà Phê & Bánh - Mạc Đĩnh Chi",10.7853140000000,106.6985750000000,"39 Mạc Đĩnh Chi, P. Đakao, Quận 1, TP. HCM","Café/Dessert, ","Trà, Trà chanh, Bánh - Kẹo, Café - Kem, Sinh tố - Nước ép, Cơm văn phòng, Thức uống, Trà sữa, ","Món Việt, ",08:00 - 22:00,08:00 - 22:00,08:00 - 22:00,08:00 - 22:00,08:00 - 22:00,08:00 - 22:00,08:00 - 22:00,yes,yes,yes,9.000 -65.000,7.5,7.1,7.7,7.4,129
11,"Highlands Coffee - Trà, Cà Phê & Bánh - Vincom B3",10.7779210000000,106.7017280000000,"Tầng B3 Vincom Center, 72 Lê Thánh Tôn, P. Bến Nghé, Quận 1, TP. HCM","Café/Dessert, ","Trà, Món nước, Bánh - Kẹo, Café - Kem, Sinh tố - Nước ép, Thức uống, ","Món Việt, ",08:30 - 22:00,08:30 - 22:00,08:30 - 22:00,08:30 - 22:00,08:30 - 22:00,08:30 - 22:00,08:30 - 22:00,no,yes,yes,9.000 -65.000,7.5,7.0,7.2,7.3,187
11,"Highlands Coffee - Trà, Cà Phê & Bánh - Saigon Trade",10.7843620000000,106.7036230000000,"37 Tôn Đức Thắng, P. Bến Nghé, Quận 1, TP. HCM","Café/Dessert, ","Trà, Bánh - Kẹo, Café - Kem, Sinh tố - Nước ép, Thức uống, ","Món Việt, ",Đang cập nhật,Đang cập nhật,Đang cập nhật,Đang cập nhật,Đang cập nhật,Đang cập nhật,Đang cập nhật,no,yes,yes,9.000 -65.000,7.5,7.1,7.3,7.3,42
11,Highlands Coffee - SG Tower,10.7827630000000,106.7009890000000,"Saigon Tower, 29 Lê Duẩn, P. Bến Nghé, Quận 1, TP. HCM","Café/Dessert, ","Trà, Trà chanh, Món nước, Café - Kem, Sinh tố - Nước ép, Cơm văn phòng, Ăn vặt - Ăn nhẹ, Thức uống, Bia, Nước ngọt, ","Món Việt, ",07:00 - 17:00,07:00 - 17:00,07:00 - 17:00,07:00 - 17:00,07:00 - 17:00,Tạm nghỉ,Tạm nghỉ,no,yes,yes,9.000 -65.000,7.6,7.1,6.4,7.2,16
11,"Highlands Coffee - Trà, Cà Phê & Bánh - Diamond",10.7808612000000,106.6979625000000,"Diamond Plaza, 34 Lê Duẩn, P. Bến Nghé, Quận 1, TP. HCM","Café/Dessert, ","Trà, Trà chanh, Món nước, Café - Kem, Sinh tố - Nước ép, Cơm văn phòng, Ăn vặt - Ăn nhẹ, Thức uống, Bia, Nước ngọt, Trà sữa, ","Món Việt, ",Đang cập nhật,Đang cập nhật,Đang cập nhật,Đang cập nhật,Đang cập nhật,Đang cập nhật,Đang cập nhật,no,yes,yes,9.000 -65.000,7.5,7.3,7.5,7.5,163
11,"Highlands Coffee - Trà, Cà Phê & Bánh - Liberty Phạm Ngũ Lão",10.7686520000000,106.6933830000000,"187 Phạm Ngũ Lão, P. Phạm Ngũ Lão, Quận 1, TP. HCM","Café/Dessert, ","Trà, Trà chanh, Món nước, Café - Kem, Sinh tố - Nước ép, Cơm văn phòng, Ăn vặt - Ăn nhẹ, Thức uống, Bia, Nước ngọt, Trà sữa, ","Món Việt, ",07:00 - 21:00,07:00 - 21:00,07:00 - 21:00,07:00 - 21:00,07:00 - 21:00,07:00 - 21:00,07:00 - 21:00,no,yes,yes,9.000 -65.000,7.1,6.9,7.0,7.0,499
11,Highlands Coffee - Food Court Parkson Hùng Vương,10.7560920000000,106.6622200000000,"Tầng 4, Food Court Parkson Hùng Vương,126 Hùng Vương, P. 12, Quận 5, TP. HCM","Café/Dessert, ","Trà, Trà chanh, Món nước, Café - Kem, Sinh tố - Nước ép, Cơm văn phòng, Ăn vặt - Ăn nhẹ, Thức uống, Bia, Nước ngọt, Sữa, ","Món Việt, ",Đang cập nhật,Đang cập nhật,Đang cập nhật,Đang cập nhật,Đang cập nhật,Đang cập nhật,Đang cập nhật,no,yes,yes,9.000 -65.000,7.5,7.1,7.1,7.2,104
11,"Highlands Coffee - Trà, Cà Phê & Bánh - Lotte Mart Nam Sài Gòn",10.7410030000000,106.7013390000000,"Tầng Trệt, Lotte Mart Nam Sài Gòn, 469 Nguyễn Hữu Thọ, P. Tân Hưng, Quận 7, TP. HCM","Café/Dessert, ","Trà, Café - Kem, Sinh tố - Nước ép, Cơm văn phòng, Thức uống, Trà sữa, ","Món Việt, ",09:00 - 10:00,09:00 - 10:00,09:00 - 10:00,09:00 - 10:00,09:00 - 10:00,09:00 - 10:00,09:00 - 10:00,no,no,yes,9.000 -65.000,7.3,6.8,7.5,7.2,81
11,"Highlands Coffee - Trà, Cà Phê & Bánh - Garden Plaza",10.7222656000000,106.7125781000000,"SB-01, Garden Plaza 1, 22 Tôn Dật Tiên, P. Tân Phong, Quận 7, TP. HCM","Café/Dessert, ","Trà, Trà chanh, Café - Kem, Sinh tố - Nước ép, Ăn vặt - Ăn nhẹ, Thức uống, ","Món Việt, ",07:00 - 20:00,07:00 - 20:00,07:00 - 20:00,07:00 - 20:00,07:00 - 20:00,07:00 - 20:00,07:00 - 20:00,no,no,yes,30.000 -100.000,7.3,6.7,7.8,7.2,40
11,Highlands Coffee - Parkson Paragon,10.7312000000000,106.7201810000000,"3 Nguyễn Lương Bằng, P. Tân Phú, Quận 7, TP. HCM","Café/Dessert, ","Món nước, Café - Kem, Sinh tố - Nước ép, Cơm văn phòng, Ăn vặt - Ăn nhẹ, Thức uống, Bia, Nước ngọt, ","Món Việt, ",Đang cập nhật,Đang cập nhật,Đang cập nhật,Đang cập nhật,Đang cập nhật,Đang cập nhật,Đang cập nhật,no,yes,yes,9.000 -65.000,7.7,7.4,7.5,7.6,13
11,"Highlands Coffee - Trà, Cà Phê & Bánh - The Manor",10.7927860000000,106.7179620000000,"The Manor, 91 Nguyễn Hữu Cảnh, P. 22, Quận Bình Thạnh, TP. HCM","Café/Dessert, ","Trà, Trà chanh, Món nước, Café - Kem, Sinh tố - Nước ép, Cơm văn phòng, Ăn vặt - Ăn nhẹ, Thức uống, Bia, Nước ngọt, Trà sữa, ","Món Việt, ",06:00 - 18:00,06:00 - 18:00,06:00 - 18:00,06:00 - 18:00,06:00 - 18:00,06:00 - 18:00,06:00 - 18:00,no,yes,yes,9.000 -65.000,7.5,7.1,7.8,7.4,42
12,Ocean Palace - Ẩm Thực Trung Hoa,10.7872950000000,106.7046480000000,"2 Lê Duẩn, Quận 1, TP. HCM","Nhà hàng, Tiệc cưới/Hội nghị, ","Bánh ướt, Bún, Hủ tiếu, Mì, Bánh - Kẹo, Dimsum, ","Món Á, Món Trung Hoa, ","09:00 - 14:30, 16:45 - 22:30","09:00 - 14:30, 16:45 - 22:30","09:00 - 14:30, 16:45 - 22:30","09:00 - 14:30, 16:45 - 22:30","09:00 - 14:30, 16:45 - 22:30","09:00 - 14:30, 16:45 - 22:30","09:00 - 14:30, 16:45 - 22:30",no,yes,yes,150.000 -550.000,7.5,7.0,7.3,7.2,227
13,Chài Village - Sushi & Hải Sản Tươi Sống - Saigon House,10.7732130000000,106.7041830000000,"Tầng 3 Saigon House, 77 Nguyễn Huệ, P. Bến Nghé, Quận 1, TP. HCM","Nhà hàng, ","Tôm, Hải sản, Sushi & Sashimi, Salad, ","Món Á, Món Nhật, ",10:00 - 23:00,10:00 - 23:00,10:00 - 23:00,10:00 - 23:00,10:00 - 23:00,10:00 - 23:00,10:00 - 23:00,no,yes,yes,50.000 -500.000,9.7,9.7,9.7,9.7,"1,083"
14,Marukame Udon - AEON Mall Tân Phú,10.8013920000000,106.6179290000000,"Tầng 3 AEON Mall Tân Phú, 30 Bờ Bao Tân Thắng, P. Sơn Kỳ, Quận Tân Phú, TP. HCM","Nhà hàng, ","Bún, Mì, Món nước, Sushi & Sashimi, Cơm, ","Món Á, Món Nhật, ",09:00 - 22:00,09:00 - 22:00,09:00 - 22:00,09:00 - 22:00,09:00 - 22:00,09:00 - 22:00,09:00 - 22:00,no,no,yes,60.000 -165.000,8.0,7.6,7.6,7.5,463
14,Marukame Udon - Udon & Tempura - Lý Tự Trọng,10.7727820000000,106.6954290000000,"215 Lý Tự Trọng, P. Bến Thành, Quận 1, TP. HCM","Nhà hàng, ","Bún, Mì, Ăn vặt - Ăn nhẹ, Cơm, ","Món Á, Món Nhật, ",07:00 - 21:30,07:00 - 21:30,07:00 - 21:30,07:00 - 21:30,07:00 - 21:30,07:00 - 21:30,07:00 - 21:30,no,yes,yes,60.000 -300.000,7.8,7.2,7.4,7.4,716
14,Marukame Udon - SC VivoCity,10.7302092000000,106.7037088000000,"Tầng 2 - SC VivoCity, 1058 Nguyễn Văn Linh, KP. 1, P. Tân Phong, Quận 7, TP. HCM","Nhà hàng, ","Bún, Mì, Món nước, Ăn vặt - Ăn nhẹ, Cơm, ","Món Á, Món Nhật, ",10:00 - 22:00,10:00 - 22:00,10:00 - 22:00,10:00 - 22:00,10:00 - 22:00,10:00 - 22:00,10:00 - 22:00,no,no,yes,60.000 -170.000,7.8,7.3,7.3,7.4,183
14,Marukame Udon - Udon & Tempura - Hai Bà Trưng,10.7901680000000,106.6893180000000,"342 - 344 Hai Bà Trưng, P. Tân Định, Quận 1, TP. HCM","Nhà hàng, ","Món nước, Mì, Sushi & Sashimi, ","Món Á, Món Nhật, ",10:00 - 22:00,10:00 - 22:00,10:00 - 22:00,10:00 - 22:00,10:00 - 22:00,10:00 - 22:00,10:00 - 22:00,no,no,yes,60.000 -300.000,7.6,7.3,7.5,7.3,189
14,Marukame Udon - Udon & Tempura - AEON Mall Bình Tân,10.7425890000000,106.6114580000000,"Lô T5, Tầng 3, Aeon Mall Bình Tân, 1 Đường Số 17A, P. Bình Trị Đông, Quận Bình Tân, TP. HCM","Nhà hàng, ","Bún, Mì, Món nước, Ăn vặt - Ăn nhẹ, Cơm, ","Món Á, Món Nhật, ",10:00 - 22:00,10:00 - 22:00,10:00 - 22:00,10:00 - 22:00,10:00 - 22:00,10:00 - 22:00,10:00 - 22:00,no,no,yes,80.000 -100.000,8.1,7.6,7.7,7.6,65
14,Marukame Udon - Thảo Điền,10.8037460000000,106.7374130000000,"27 Thảo Điền, P. Thảo Điền, Tp. Thủ Đức, TP. HCM","Nhà hàng, ","Bún, Mì, Sushi & Sashimi, Ăn vặt - Ăn nhẹ, Cơm, Nem, ","Món Á, Món Nhật, ",10:00 - 22:00,10:00 - 22:00,10:00 - 22:00,10:00 - 22:00,10:00 - 22:00,10:00 - 22:00,10:00 - 22:00,no,no,yes,69.000 -100.000,7.7,7.5,7.9,7.6,32
14,Marukame Udon - Udon & Tempura - Vạn Hạnh Mall,10.7706343000000,106.6695005000000,"Tầng 6, 6-08&7A Vạn Hạnh Mall, 11 Sư Vạn Hạnh, P. 12, Quận 10, TP. HCM","Nhà hàng, ","Thịt Gà, Thịt Bò, Bún, Thịt Heo, Mì, Món nước, Ăn vặt - Ăn nhẹ, Cơm, ","Món Á, Món Nhật, ",10:00 - 21:30,10:00 - 21:30,10:00 - 21:30,10:00 - 21:30,10:00 - 21:30,10:00 - 21:30,10:00 - 21:30,yes,no,yes,39.000 -119.000,7.6,7.4,8.4,7.9,5
14,Marukame Udon & Tempura - Vincom Grand Park,10.8432550000000,106.8431310000000,"Lô L5 - 15, Tầng L5, TTTM Vincom Mega Mall Grand Park, 88 Phước Thiện, KP. Phước Thiện, P. Long Bìnhh, Tp. Thủ Đức, TP. HCM","Quán ăn, ","Sushi & Sashimi, ",,10:00 - 21:00,10:00 - 21:00,10:00 - 21:00,10:00 - 21:00,10:00 - 21:00,10:00 - 21:00,10:00 - 21:00,no,no,no,,0.0,0.0,0.0,_._,0
14,Marukame Udon & Tempura - Gigamall,10.8275364000000,106.7210890000000,"05-06, Tầng 5, TTTM Giga Mall, 240 - 242 Đ. Phạm Văn Đồng, P. Hiệp Bình Chánh, Tp. Thủ Đức, TP. HCM","Nhà hàng, ","Sushi & Sashimi, Cơm, ",,10:00 - 21:00,10:00 - 21:00,10:00 - 21:00,10:00 - 21:00,10:00 - 21:00,10:00 - 21:00,10:00 - 21:00,no,no,no,,0.0,0.0,0.0,_._,0
14,Marukame Udon & Tempura - CMT8,10.7785497000000,106.6798659000000,"281A - 281B - 281C - 281D Cách Mạng Tháng 8, P. 12, Quận 10, TP. HCM","Quán ăn, ","Sushi & Sashimi, Ăn vặt - Ăn nhẹ, Cơm, Nem, ",,10:00 - 21:00,10:00 - 21:00,10:00 - 21:00,10:00 - 21:00,10:00 - 21:00,10:00 - 21:00,10:00 - 21:00,no,no,no,,0.0,0.0,0.0,_._,0
15,Jumbo Seafood - Trần Hưng Đạo,10.7693680499605,106.6960531969443,"6 Trần Hưng Đạo, P. Phạm Ngũ Lão, Quận 1, TP. HCM","Quán ăn, ",,,"11:00 - 14:00, 17:00 - 22:00","11:00 - 14:00, 17:00 - 22:00","11:00 - 14:00, 17:00 - 22:00","11:00 - 14:00, 17:00 - 22:00","11:00 - 14:00, 17:00 - 22:00","11:00 - 14:00, 17:00 - 22:00","11:00 - 14:00, 17:00 - 22:00",no,no,no,0.100 -1.500.000,9.7,9.7,9.7,9.7,835
16,San Fu Lou - Ẩm Thực Quảng Đông - Lê Lai,10.7705370000000,106.6943050000000,"Tầng Trệt, AB Tower, 76A Lê Lai, P. Bến Thành, Quận 1, TP. HCM","Sang trọng, Nhà hàng, ","Thịt Gà, Vịt quay, Cơm Chiên, Thịt Heo, Hải sản, Thịt Vịt, Dimsum, Cơm, Thức uống, ","Món Á, Món Trung Hoa, ",07:00 - 03:00,07:00 - 03:00,07:00 - 03:00,07:00 - 03:00,07:00 - 03:00,07:00 - 03:00,07:00 - 03:00,no,yes,yes,30.000 -190.000,7.8,7.7,8.2,7.7,621
16,San Fu Lou - Ẩm Thực Quảng Đông - Phan Xích Long,10.7984570000000,106.6874280000000,"195 - 197 Phan Xích Long, P. 2, Quận Phú Nhuận, TP. HCM","Sang trọng, Nhà hàng, ","Dimsum, ","Món Á, Món Trung Hoa, ",07:00 - 21:30,07:00 - 21:30,07:00 - 21:30,07:00 - 21:30,07:00 - 21:30,07:00 - 21:30,07:00 - 21:30,no,yes,yes,30.000 -190.000,7.5,7.4,7.9,7.4,324
16,San Fu Lou - Ẩm Thực Quảng Đông - Cao Thắng,10.7686161000000,106.6839611000000,"2A Cao Thắng, P. 5, Quận 3, TP. HCM","Nhà hàng, ","Thịt Gà, Cơm Chiên, Thịt Bò, Hải sản, Món nước, Cháo, Hoành Thánh - Vằn Thắn, Dimsum, Cơm, Thức uống, ","Món Á, Món Trung Hoa, ",07:45 - 22:00,07:45 - 22:00,07:45 - 22:00,07:45 - 22:00,07:45 - 22:00,07:45 - 22:00,07:45 - 22:00,no,yes,yes,30.000 -190.000,7.7,7.6,7.9,7.6,143
16,San Fu Lou - Ẩm Thực Quảng Đông - Crescent Mall,10.7288145000000,106.7187682000000,"GF 29A - Tầng Trệt, Tầng Trệt Crescent Mall, 101 Tôn Dật Tiên, P. Tân Phú, Quận 7, TP. HCM","Nhà hàng, ","Bún, Dimsum, ","Món Á, Món Trung Hoa, ",07:00 - 22:00,07:00 - 22:00,07:00 - 22:00,07:00 - 22:00,07:00 - 22:00,07:00 - 22:00,07:00 - 22:00,no,yes,yes,30.000 -190.000,7.3,6.9,7.2,7.0,82
16,San Fu Lou - Ẩm Thực Quảng Đông - Vincom Center,10.7781984000000,106.7018236000000,"Tầng B3 Vincom Center, 72 Lê Thánh Tôn, P. Bến Nghé, Quận 1, TP. HCM","Nhà hàng, ","Bún, Mì, Món nước, Cháo, Dimsum, Ăn vặt - Ăn nhẹ, Cơm, Thức uống, ","Món Á, Món Trung Hoa, ",10:00 - 22:00,10:00 - 22:00,10:00 - 22:00,10:00 - 22:00,10:00 - 22:00,10:00 - 22:00,10:00 - 22:00,no,yes,yes,30.000 -190.000,7.9,7.6,7.3,7.4,33
16,San Fu Lou - Ẩm Thực Quảng Đông - Quang Trung,10.8265070000000,106.6790010000000,"1 Quang Trung, P. 3, Quận Gò Vấp, TP. HCM","Nhà hàng, ","Thịt Gà, Cơm Chiên, Thịt Heo, Thịt Bò, Hải sản, Món nước, Lẩu, Thịt Vịt, Dimsum, Cơm, Thức uống, ","Món Á, Món Trung Hoa, ",11:00 - 22:00,11:00 - 22:00,11:00 - 22:00,11:00 - 22:00,11:00 - 22:00,11:00 - 22:00,11:00 - 22:00,yes,yes,yes,45.000 -250.000,7.3,6.7,7.0,7.3,3
16,San Fu Lou - Song Hành,10.8000628000000,106.7366832000000,"40 Song Hành, P. An Phú, Tp. Thủ Đức, TP. HCM","Nhà hàng, ","Thịt Gà, Món nước, Ăn vặt - Ăn nhẹ, Cơm, ","Món Á, Món Trung Hoa, ",07:00 - 21:30,07:00 - 21:30,07:00 - 21:30,07:00 - 21:30,07:00 - 21:30,07:00 - 21:30,07:00 - 21:30,no,no,yes,30.000 -190.000,6.8,0.0,6.5,6.4,4
16,San Fu Lou - Dimsum & Hotpot - Song Hành,10.7999363000000,106.7367046000000,"40 Song Hành, KĐT. An Phú, P. An Phú, Tp. Thủ Đức, TP. HCM","Quán ăn, ","Dimsum, ",,07:00 - 10:00,07:00 - 10:00,07:00 - 10:00,07:00 - 10:00,07:00 - 10:00,07:00 - 10:00,07:00 - 10:00,no,no,no,30.000 -190.000,0.0,0.0,0.0,2.0,1
16,San Fu Lou - Ẩm Thực Quảng Đông - Trường Sơn,10.8082951000000,106.6649137000000,"18A Trường Sơn, P. 2, Quận Tân Bình, TP. HCM","Nhà hàng, ","Dimsum, ",,10:00 - 22:00,10:00 - 22:00,10:00 - 22:00,10:00 - 22:00,10:00 - 22:00,10:00 - 22:00,10:00 - 22:00,no,no,no,30.000 -190.000,8.0,10.0,9.5,8.8,2
16,San Fu Lou - Ẩm Thực Quảng Đông - Mplaza,10.7817527000000,106.7000475000000,"Tầng B1 Mplaza, 39 Lê Duẩn, P. Bến Nghé, Quận 1, TP. HCM","Quán ăn, ","Dimsum, ",,09:00 - 21:00,09:00 - 21:00,09:00 - 21:00,09:00 - 21:00,09:00 - 21:00,09:00 - 21:00,09:00 - 21:00,no,no,no,30.000 -190.000,7.5,7.5,7.5,7.0,2
17,Dynasty House - HongKong Dimsum & Hotpot,10.7737228000000,106.7057982000000,"Tầng Trệt, 2-4-6 Đồng Khởi, P. Bến Nghé, Quận 1, TP. HCM","Quán ăn, ","Thịt Gà, Món nước, Lẩu, Dimsum, ","Món Việt, ","11:00 - 14:30, 17:00 - 22:00","11:00 - 14:30, 17:00 - 22:00","11:00 - 14:30, 17:00 - 22:00","11:00 - 14:30, 17:00 - 22:00","11:00 - 14:30, 17:00 - 22:00","11:00 - 14:30, 17:00 - 22:00","11:00 - 14:30, 17:00 - 22:00",yes,no,no,39.000 -2.990.000,9.8,9.7,9.8,9.8,"1,283"
18,Thai Express - Vincom Center,10.7781230000000,106.7018740000000,"Tầng B3 Vincom Center, 72 Lê Thánh Tôn, P. Bến Nghé, Quận 1, TP. HCM","Nhà hàng, ","Thịt Gà, Thịt Bò, Bún, Hải sản, Món nước, Lẩu, Bánh - Kẹo, Chả giò, Cơm, Thức uống, ","Món Á, Món Thái, ",10:00 - 22:00,10:00 - 22:00,10:00 - 22:00,10:00 - 22:00,10:00 - 22:00,10:00 - 22:00,10:00 - 22:00,no,yes,yes,55.000 -170.000,7.6,7.2,7.5,7.3,210
19,"Al Fresco's - Pizza, Mỳ Ý, Sườn, Steak Bò Bít Tết - Nguyễn Thị Nghĩa",10.7703790000000,106.6938970000000,"16 Nguyễn Thị Nghĩa, P. Bến Thành, Quận 1, TP. HCM","Nhà hàng, ","Cơm Chiên, Hamburger, Beefsteak - Bò né, Thịt Bò, Pizza & Pasta, Salad, Cơm, Fastfood - Thức ăn nhanh, ","Món Âu, Mexico, Châu Mỹ, ",10:00 - 22:00,10:00 - 22:00,10:00 - 22:00,10:00 - 22:00,10:00 - 22:00,10:00 - 22:00,10:00 - 22:00,yes,yes,yes,80.000 -695.000,8.0,7.9,7.7,7.7,135
19,"Al Fresco's - Pizza, Mỳ Ý, Sườn, Steak Bò Bít Tết - Mạc Đĩnh Chi",10.7848050000000,106.6991840000000,"31 Bis Mạc Đĩnh Chi, Quận 1, TP. HCM","Nhà hàng, ","Hamburger, Beefsteak - Bò né, Thịt Bò, Pizza & Pasta, Salad, Fastfood - Thức ăn nhanh, ","Món Âu, Mexico, Châu Mỹ, ",10:00 - 22:00,10:00 - 22:00,10:00 - 22:00,10:00 - 22:00,10:00 - 22:00,10:00 - 22:00,10:00 - 22:00,yes,yes,yes,80.000 -695.000,7.8,7.5,7.4,7.4,247
19,"Al Fresco's - Pizza, Mỳ Ý, Sườn, Steak Bò Bít Tết - Xuân Thủy",10.8036140000000,106.7347630000000,"92 Xuân Thủy, P. Thảo Điền, Tp. Thủ Đức, TP. HCM","Nhà hàng, ","Hamburger, Beefsteak - Bò né, Thịt Bò, Pizza & Pasta, Salad, Fastfood - Thức ăn nhanh, ","Món Âu, Mexico, Châu Mỹ, ",11:00 - 21:15,11:00 - 21:15,11:00 - 21:15,11:00 - 21:15,11:00 - 21:15,11:00 - 21:15,11:00 - 21:15,yes,yes,yes,80.000 -695.000,7.6,7.1,7.7,7.3,66
19,"Al Fresco's - Pizza, Mỳ Ý, Sườn, Steak Bò Bít Tết - Nguyễn Đức Cảnh",10.7258850000000,106.7088280000000,"105 Nguyễn Đức Cảnh, Khu Phố Parkview III9-2, P. Tân Phong, Quận 7, TP. HCM","Nhà hàng, ","Cơm Chiên, Hamburger, Thịt Bò, Beefsteak - Bò né, Hải sản, Cá, Mực, Pizza & Pasta, Salad, Cơm, Fastfood - Thức ăn nhanh, ","Món Âu, Mexico, Châu Mỹ, ",11:00 - 20:30,11:00 - 21:30,11:00 - 21:30,11:00 - 21:30,11:00 - 21:30,11:00 - 21:30,11:00 - 21:30,yes,yes,yes,80.000 -695.000,7.6,7.2,7.4,7.1,48
19,"Al Fresco's - Pizza, Mỳ Ý, Sườn, Steak Bò Bít Tết - Cộng Hòa",10.8014120000000,106.6522370000000,"111 Cộng Hòa, Quận Tân Bình, TP. HCM","Nhà hàng, ","Hamburger, Beefsteak - Bò né, Thịt Bò, Pizza & Pasta, Fastfood - Thức ăn nhanh, ","Món Âu, Mexico, Châu Mỹ, ",10:00 - 22:00,10:00 - 22:00,10:00 - 22:00,10:00 - 22:00,10:00 - 22:00,10:00 - 22:00,10:00 - 22:00,yes,yes,yes,80.000 -695.000,7.9,7.4,7.6,7.5,121
19,"Al Fresco's - Pizza, Mỳ Ý, Sườn, Steak Bò Bít Tết - Phan Xích Long",10.7991003000000,106.6863011000000,"199 Phan Xích Long, P. 2, Quận Phú Nhuận, TP. HCM","Nhà hàng, ","Hamburger, Beefsteak - Bò né, Pizza & Pasta, Salad, Fastfood - Thức ăn nhanh, ","Món Âu, Mexico, Châu Mỹ, ",10:00 - 22:00,10:00 - 22:00,10:00 - 22:00,10:00 - 22:00,10:00 - 22:00,10:00 - 22:00,10:00 - 22:00,yes,no,yes,80.000 -695.000,7.6,7.3,7.4,7.2,64
19,"Al Fresco's - Pizza, Mỳ Ý, Sườn, Steak Bò Bít Tết - Vạn Hạnh Mall",10.7707150000000,106.6696620000000,"10 Vạn Hạnh Mall, 11 Sư Vạn Hạnh, P. 12, Quận 10, TP. HCM","Nhà hàng, ","Hamburger, Beefsteak - Bò né, Thịt Bò, Pizza & Pasta, Salad, Fastfood - Thức ăn nhanh, ","Món Âu, Mexico, Châu Mỹ, ",10:00 - 22:00,10:00 - 22:00,10:00 - 22:00,10:00 - 22:00,10:00 - 22:00,10:00 - 22:00,10:00 - 22:00,no,yes,yes,80.000 -695.000,7.3,7.5,7.5,7.2,13
19,"Al Fresco's - Pizza, Mỳ Ý, Sườn, Steak Bò Bít Tết - Aeon Mall Tân Phú",10.8009520000000,106.6172570000000,"T27 Tầng 3, Aeon Mall Tân Phú, 30 Bờ Bao Tân Thắng, P. Sơn Kỳ, Quận Tân Phú, TP. HCM","Nhà hàng, ","Thịt Gà, Hamburger, Thịt Heo, Thịt Bò, Hải sản, Pizza & Pasta, Salad, Fastfood - Thức ăn nhanh, ","Món Âu, Mexico, Châu Mỹ, ",10:00 - 22:00,10:00 - 22:00,10:00 - 22:00,10:00 - 22:00,10:00 - 22:00,10:00 - 22:00,10:00 - 22:00,yes,yes,yes,80.000 -695.000,8.0,9.0,7.0,8.0,1
19,"Al Fresco's - Pizza, Mỳ Ý, Sườn, Steak Bò Bít Tết - Aeon Mall Bình Tân",10.7429289000000,106.6119202000000,"T1 Tầng 3, Aeon Mall Bình Tân, 1 Đường Số 17A, P. Bình Trị Đông B, Quận Bình Tân, TP. HCM","Nhà hàng, ","Pizza & Pasta, Fastfood - Thức ăn nhanh, ","Bánh Pizza, Món Âu, ",10:00 - 22:00,10:00 - 22:00,10:00 - 22:00,10:00 - 22:00,10:00 - 22:00,10:00 - 22:00,10:00 - 22:00,yes,no,yes,80.000 -695.000,0.0,0.0,0.0,_._,0
20,Chill Sky Bar - Rooftop AB Tower,10.7705370000000,106.6943050000000,"26 & 27th Floor Rooftop, AB Tower, 76A Lê Lai, Quận 1, TP. HCM","Nhà hàng, Bar/Pub, ","Café - Kem, Rượu vang, Thức uống, Bia, Trái cây, Cocktail, ","Quốc tế, Món Âu, ","00:01 - 02:00, 17:30 - 23:59","00:01 - 02:00, 17:30 - 23:59","00:01 - 02:00, 17:30 - 23:59","00:01 - 02:00, 17:30 - 23:59","00:01 - 02:00, 17:30 - 23:59","00:01 - 02:00, 17:30 - 23:59","00:01 - 02:00, 17:30 - 23:59",no,yes,yes,200.000 -550.000,7.6,7.6,8.4,7.7,187
20,Sorae Restaurant - Lounge,10.7705370000000,106.6943050000000,"Tầng 24 - 25, AB Tower, 76A Lê Lai, Quận 1, TP. HCM","Sang trọng, Nhà hàng, Bar/Pub, ","Sushi & Sashimi, Thức uống, ","Món Á, Món Nhật, ","11:30 - 15:00, 17:30 - 23:00","11:30 - 15:00, 17:30 - 23:00","11:30 - 15:00, 17:30 - 23:00","11:30 - 15:00, 17:30 - 23:00","11:30 - 15:00, 17:30 - 23:00","11:30 - 15:00, 17:30 - 23:00","11:30 - 15:00, 17:30 - 23:00",no,yes,yes,300.000 -1.000.000,8.0,7.9,8.4,7.9,308
20,The Saigon Cigar Club,10.7705450000000,106.6942820000000,"Tầng 25, AB Tower, 76A Lê Lai, P. Bến Nghé, Quận 1, TP. HCM","Bar/Pub, ","Thức uống, ","Quốc tế, ","14:30 - 01:00, 17:00 - 01:00","14:30 - 01:00, 17:00 - 01:00","14:30 - 01:00, 17:00 - 01:00","14:30 - 01:00, 17:00 - 01:00","14:30 - 01:00, 17:00 - 01:00","14:30 - 01:00, 17:00 - 01:00","14:30 - 01:00, 17:00 - 01:00",yes,yes,no,30.000 -1.000.000,8.2,8.7,9.1,8.3,9
20,Vigor Dining,10.7705210000000,106.6943290000000,"Tầng 27 AB Tower (Bên Trong Chill Sky Bar), 76A Lê Lai, Quận 1, TP. HCM","Nhà hàng, ","Thịt Bò, ","Món Âu, ",17:30 - 22:30,17:30 - 22:30,17:30 - 22:30,17:30 - 22:30,17:30 - 22:30,17:30 - 22:30,17:30 - 22:30,no,yes,yes,500.000 -1.500.000,8.0,7.7,8.2,7.8,63
21,Kem Häagen Dazs - Đông Du,10.7762980000000,106.7046350000000,"58 Đông Du, P. Bến Nghé, Quận 1, TP. HCM","Café/Dessert, ","Café - Kem, ","Món Á, Món Nhật, ",08:00 - 23:00,08:00 - 23:00,08:00 - 23:00,08:00 - 23:00,08:00 - 23:00,08:00 - 23:00,08:00 - 23:00,no,yes,no,100.000 -220.000,8.3,7.8,7.9,7.7,350
22,Gà Rán & Burger McDonald's Đa Kao,10.7922090000000,106.6990100000000,"2 - 6 Bis Điện Biên Phủ, Quận 1, TP. HCM","Nhà hàng, ","Thịt Gà, Gà rán, Hamburger, Ăn vặt - Ăn nhẹ, Xúc xích, Fastfood - Thức ăn nhanh, ","Mỹ, Châu Mỹ, ",00:01 - 23:59,00:01 - 23:59,00:01 - 23:59,00:01 - 23:59,00:01 - 23:59,00:01 - 23:59,00:01 - 23:59,no,no,yes,50.000 -200.000,7.1,7.3,7.6,7.2,627
22,Gà rán & Burger McDonald's Vivo,10.7298060000000,106.7034290000000,"Tầng 1 - SC VivoCity, 1058 Nguyễn Văn Linh, KP. 1, P. Tân Phong, Quận 7, TP. HCM","Nhà hàng, ","Gà rán, Hamburger, Thịt Bò, Hải sản, Fastfood - Thức ăn nhanh, ","Quốc tế, ",09:00 - 22:00,09:00 - 22:00,09:00 - 22:00,09:00 - 22:00,09:00 - 22:00,09:00 - 22:00,09:00 - 22:00,no,no,yes,30.000 -300.000,7.2,7.0,7.1,7.1,70
22,Gà Rán & Burger McDonald's Nguyen Hue,10.7742000000000,106.7031060000000,"123 - 125 Nguyễn Huệ, P. Bến Nghé, Quận 1, TP. HCM","Nhà hàng, Café/Dessert, ","Gà rán, Hamburger, Thịt Bò, Hải sản, Bánh - Kẹo, Fastfood - Thức ăn nhanh, ","Món Âu, ",00:01 - 23:59,00:01 - 23:59,00:01 - 23:59,00:01 - 23:59,00:01 - 23:59,00:01 - 23:59,00:01 - 23:59,yes,no,yes,25.000 -80.000,7.4,7.1,7.6,7.4,115
22,Gà Rán & Burger McDonald’s Vincom Masteri,10.8021270000000,106.7406980000000,"L1-11,12,13, TTTM Vincom Masteri, 159 Xa Lộ Hà Nội, P.  Thảo Điền, Tp. Thủ Đức, TP. HCM","Nhà hàng, ","Gà rán, Hamburger, Fastfood - Thức ăn nhanh, ","Mỹ, Châu Mỹ, ",07:00 - 12:00,07:00 - 12:00,07:00 - 12:00,07:00 - 12:00,07:00 - 12:00,07:00 - 12:00,07:00 - 12:00,no,no,yes,20.000 -250.000,7.5,7.8,7.8,7.6,36
22,Gà Rán & Burger McDonald’s Saigon Supermarket,10.7681131000000,106.6674131000000,"Siêu Thị Sài Gòn, 460 Đường 3 Tháng 2, P. 12, Quận 10, TP. HCM","Quán ăn, ","Thịt Gà, Gà rán, Hamburger, Café - Kem, Ăn vặt - Ăn nhẹ, Fastfood - Thức ăn nhanh, ","Mỹ, Châu Mỹ, ",07:00 - 23:00,07:00 - 23:00,07:00 - 23:00,07:00 - 23:00,07:00 - 23:00,07:00 - 23:00,07:00 - 23:00,no,no,yes,30.000 -100.000,7.0,6.3,6.7,6.7,87
22,McDonald's - Saigon Centre,10.7735990000000,106.7009370000000,"Saigon Centre, 65 Lê Lợi, P. Bến Nghé, Quận 1, TP. HCM","Quán ăn, ","Thịt Gà, Thịt Bò, Hải sản, Café - Kem, Fastfood - Thức ăn nhanh, ","Mỹ, Châu Mỹ, ","09:30 - 21:30, 09:30 - 21:30","09:30 - 21:30, 09:30 - 21:30","09:30 - 21:30, 09:30 - 21:30","09:30 - 21:30, 09:30 - 21:30","09:30 - 22:00, 09:30 - 21:30","09:30 - 22:00, 09:30 - 21:30","09:30 - 22:00, 09:30 - 21:30",no,no,yes,50.000 -200.000,7.3,6.9,7.0,7.2,47
22,Gà Rán & Burger McDonald's Tân Sơn Nhất,10.8135330000000,106.6630500000000,"Ga Quốc Nội Sân Bay Tân Sơn Nhất, Trường Sơn, P. 2, Quận Tân Bình, TP. HCM","Nhà hàng, ","Gà rán, Hamburger, Thịt Bò, Hải sản, Café - Kem, Sinh tố - Nước ép, Thức uống, Fastfood - Thức ăn nhanh, ","Mỹ, Châu Mỹ, ",10:00 - 22:00,10:00 - 22:00,10:00 - 22:00,10:00 - 22:00,10:00 - 22:00,10:00 - 22:00,10:00 - 22:00,yes,no,yes,30.000 -80.000,7.3,6.8,7.3,7.2,45
22,Gà Rán & Burger McDonald’s Hoang Dieu,10.7602340000000,106.6989880000000,"Chung Cư H3, 384 Hoàng Diệu, P. 6, Quận 4, TP. HCM","Quán ăn, ","Thịt Gà, Gà rán, Hamburger, Café - Kem, Ăn vặt - Ăn nhẹ, Xúc xích, Fastfood - Thức ăn nhanh, ","Mỹ, Châu Mỹ, ",07:00 - 23:00,07:00 - 23:00,07:00 - 23:00,07:00 - 23:00,07:00 - 23:00,07:00 - 23:00,07:00 - 23:00,no,no,yes,30.000 -100.000,7.1,6.7,6.8,6.8,40
22,Gà Rán & Burger McDonald’s Satra Pham Hung,10.7337389000000,106.6746551000000,"Tầng Trệt, TTTM Satra Phạm Hùng, C6/27 Phạm Hùng, Xã Bình Hưng, Huyện Bình Chánh, TP. HCM","Nhà hàng, ","Thịt Gà, Gà rán, Hamburger, Ăn vặt - Ăn nhẹ, Nem, Fastfood - Thức ăn nhanh, ","Quốc tế, ",07:00 - 23:00,07:00 - 23:00,07:00 - 23:00,07:00 - 23:00,07:00 - 23:00,08:00 - 23:00,08:00 - 23:00,no,no,yes,50.000 -200.000,7.1,6.9,7.2,7.0,13
22,Gà Rán & Burger McDonald’s Au Co,10.7886490000000,106.6405721000000,"683 Âu Cơ, P. Tân Thành, Quận Tân Phú, TP. HCM","Nhà hàng, ","Gà rán, Hamburger, Ăn vặt - Ăn nhẹ, Xúc xích, Fastfood - Thức ăn nhanh, ","Quốc tế, ",11:00 - 23:00,11:00 - 23:00,11:00 - 23:00,11:00 - 23:00,11:00 - 23:00,08:00 - 23:00,08:00 - 23:00,no,no,yes,50.000 -120.000,7.0,6.8,7.2,6.9,26
22,McDonald’s Hong Bang,10.7543848000000,106.6562814000000,"Tầng Trệt, The Garden Mall, 190 Hồng Bàng, P. 12, Quận 5, TP. HCM","Quán ăn, ","Thịt Gà, Thịt Bò, Hải sản, Cá, Café - Kem, Ăn vặt - Ăn nhẹ, Fastfood - Thức ăn nhanh, ","Mỹ, Châu Mỹ, ",08:00 - 22:00,08:00 - 22:00,08:00 - 22:00,08:00 - 22:00,08:00 - 22:00,08:00 - 22:00,08:00 - 22:00,no,no,yes,25.000 -100.000,6.9,7.3,7.5,7.2,26
22,Gà Rán & Burger McDonald’s Celadon AEON Tan Phu,10.8018920000000,106.6180290000000,"G28, Tầng Trệt AEON Mall Tân Phú, 30 Bờ Bao Tân Thắng, P. Sơn Kỳ, Quận Tân Phú, TP. HCM","Nhà hàng, ","Gà rán, Hamburger, Ăn vặt - Ăn nhẹ, Nem, Fastfood - Thức ăn nhanh, ","Món Việt, ",08:00 - 22:00,08:00 - 22:00,08:00 - 22:00,08:00 - 22:00,08:00 - 22:00,08:00 - 22:00,08:00 - 22:00,no,no,yes,30.000 -300.000,6.8,6.0,6.3,6.4,11
23,Oven Maru Chicken - Ẩm Thực Hàn Quốc,10.7866790000000,106.6941250000000,"187 Điện Biên Phủ, P. Đa Kao, Quận 1, TP. HCM","Nhà hàng, ","Thịt Gà, Gà rán, Thức uống, Fastfood - Thức ăn nhanh, ","Món Á, Món Hàn, ",10:00 - 22:00,10:00 - 22:00,10:00 - 22:00,10:00 - 22:00,10:00 - 22:00,10:00 - 22:00,10:00 - 22:00,no,no,yes,40.000 -300.000,8.7,8.5,8.2,8.2,754
24,Hun Khói BBQ - Pasteur,10.7695590000000,106.7029910000000,"13 Pasteur, P. Bến Nghé, Quận 1, TP. HCM","Nhà hàng, ","Trà, Thịt Heo, Lẩu, Café - Kem, Đặc sản rừng, Cơm, Rượu vang, Thức uống, Bia, Nước ngọt, Trà sữa, Sữa, ","Món Á, Món Nhật, ",17:00 - 22:00,17:00 - 22:00,17:00 - 22:00,17:00 - 22:00,17:00 - 22:00,17:00 - 22:00,17:00 - 22:00,no,yes,yes,25.000 -1.000.000,8.2,7.9,8.0,7.9,377
25,Kem Swensen's - Nguyễn Thái Học,10.7666532000000,106.6959918000000,"73 Nguyễn Thái Học, P. Cầu Ông Lãnh, Quận 1, TP. HCM","Café/Dessert, ","Café - Kem, ","Mỹ, Châu Mỹ, ",11:00 - 22:00,11:00 - 22:00,11:00 - 22:00,11:00 - 22:00,11:00 - 22:00,11:00 - 22:00,11:00 - 22:00,no,no,yes,40.000 -209.000,7.5,7.0,7.4,7.3,361
26,Sushi Hokkaido Sachi 北海道サチ - Đông Du,10.7763400000000,106.7050760000000,"40 - 42 Đông Du, Quận 1, TP. HCM","Nhà hàng, ","Sushi & Sashimi, ","Món Á, Món Nhật, ",10:30 - 22:45,10:30 - 22:45,10:30 - 22:45,10:30 - 22:45,10:30 - 22:45,10:30 - 22:45,10:30 - 22:45,no,no,yes,150.000 -500.000,8.5,8.1,8.0,8.0,423
26,Sushi Hokkaido Sachi 北海道サチ - Nguyễn Trãi,10.7691630000000,106.6904850999999,"139A - B Nguyễn Trãi, P. Bến Thành, Quận 1, TP. HCM","Nhà hàng, ","Sushi & Sashimi, ","Món Á, Món Nhật, ",10:30 - 22:45,10:30 - 22:45,10:30 - 22:45,10:30 - 22:45,10:30 - 22:45,10:30 - 22:45,10:30 - 22:45,no,yes,yes,150.000 -500.000,8.4,7.9,7.9,7.9,344
26,Sushi Hokkaido Sachi 北海道サチ - Saigon Centre,10.7731890000000,106.7011240000000,"L5 - 17, Saigon Centre, 65 Lê Lợi, P. Bến Nghé, Quận 1, TP. HCM","Nhà hàng, ","Sushi & Sashimi, ","Món Á, Món Nhật, ",10:30 - 21:45,10:30 - 21:45,10:30 - 21:45,10:30 - 21:45,10:30 - 21:45,10:30 - 21:45,10:30 - 21:45,no,yes,yes,150.000 -500.000,8.7,8.2,8.1,8.2,134
26,Sushi Hokkaido Sachi 北海道サチ - Nguyễn Đình Chiểu,10.7804880562930,106.6917223110795,"172H - 172Q Nguyễn Đình Chiểu, P. 6, Quận 3, TP. HCM","Nhà hàng, ","Sushi & Sashimi, ","Món Á, Món Nhật, ",10:30 - 22:45,10:30 - 22:45,10:30 - 22:45,10:30 - 22:45,10:30 - 22:45,10:30 - 22:45,10:30 - 22:45,no,yes,yes,150.000 -500.000,8.1,7.6,8.1,7.8,146
26,Sushi Hokkaido Sachi 北海道サチ - Pasteur,10.7782390000000,106.6983380000000,"180 - 180A Pasteur, P. Bến Nghé, Quận 1, TP. HCM","Nhà hàng, ","Sushi & Sashimi, ","Món Á, Món Nhật, ",10:30 - 22:45,10:30 - 22:45,10:30 - 22:45,10:30 - 22:45,10:30 - 22:45,10:30 - 22:45,10:30 - 22:45,no,yes,yes,150.000 -500.000,8.7,8.1,8.6,8.3,69
26,Sushi Hokkaido Sachi 北海道サチ - Phan Xích Long,10.7980560000000,106.6886680000000,"163 Phan Xích Long, P. 2, Quận Phú Nhuận, TP. HCM","Nhà hàng, ","Món nước, Sushi & Sashimi, ","Món Á, Món Nhật, ",10:30 - 22:45,10:30 - 22:45,10:30 - 22:45,10:30 - 22:45,10:30 - 22:45,10:30 - 22:45,10:30 - 22:45,no,no,yes,150.000 -500.000,8.5,7.6,8.2,8.0,63
26,Sushi Hokkaido Sachi 北海道サチ - Vincom Center,10.7780190000000,106.7014960000000,"Tầng B3-07, Vincom Center, 72 Lê Thánh Tôn, P. Bến Nghé, Quận 1, TP. HCM","Nhà hàng, ","Hải sản, Sushi & Sashimi, Cơm, Thức uống, ","Món Á, Món Nhật, ",10:30 - 22:30,10:30 - 22:30,10:30 - 22:30,10:30 - 22:30,10:30 - 22:30,10:30 - 22:30,10:30 - 22:30,no,yes,yes,150.000 -500.000,8.6,7.8,7.7,8.0,21
26,Sushi Hokkaido Sachi 北海道サチ - Crescent Mall,10.7287420000000,106.7186850000000,"GF - 29B Crescent Mall, 101 Tôn Dật tiên, Quận 7, TP. HCM","Nhà hàng, ","Hải sản, Lẩu, Sushi & Sashimi, ","Món Á, Món Nhật, ",10:30 - 21:45,10:30 - 21:45,10:30 - 21:45,10:30 - 21:45,10:30 - 21:45,10:30 - 21:45,10:30 - 21:45,no,no,yes,150.000 -500.000,7.8,7.2,8.1,7.7,51
26,Sushi Hokkaido Sachi 北海道サチ - Estella Place,10.8019750000000,106.7484740000000,"Estella Place, 88 Song Hành, P. An Phú, Quận 2, TP. HCM","Nhà hàng, ",,"Món Á, Món Nhật, ",10:30 - 22:00,10:30 - 22:00,10:30 - 22:00,10:30 - 22:00,10:30 - 22:00,10:30 - 22:00,10:30 - 22:00,no,yes,yes,150.000 -500.000,9.1,8.7,8.2,8.4,27
27,The Dome Dining & Drinks,10.7734060000000,106.7062080000000,"Tầng 2 Little Saigon, 2-4-6 Đồng Khởi, P. Bến Nghé, Quận 1, TP. HCM","Nhà hàng, ","Thịt Gà, Thịt Bò, Thịt Heo, Salad, Thức uống, Fastfood - Thức ăn nhanh, ","Món Việt, Quốc tế, ","10:00 - 14:00, 17:00 - 22:00","10:00 - 14:00, 17:00 - 22:00","10:00 - 14:00, 17:00 - 22:00","10:00 - 14:00, 17:00 - 22:00","10:00 - 14:00, 17:00 - 22:00","10:00 - 14:00, 17:00 - 22:00","10:00 - 14:00, 17:00 - 22:00",no,no,yes,55.000 -1.099.000,9.8,9.8,9.8,9.8,"1,132"
28,TukTuk Thai Bistro - Lý Tự Trọng,10.7774060000000,106.7002703000000,"38 Lý Tự Trọng, P. Bến Nghé, Quận 1, TP. HCM","Nhà hàng, ","Thịt Gà, Thịt Bò, Thịt Heo, Hải sản, Món nước, Lẩu, Ăn vặt - Ăn nhẹ, Thức uống, ","Món Á, Món Thái, ",10:00 - 22:30,10:00 - 22:30,10:00 - 22:30,10:00 - 22:30,10:00 - 22:30,10:00 - 22:30,10:00 - 22:30,no,yes,yes,100.000 -300.000,7.8,7.4,7.5,7.4,360
28,TukTuk Thai Bistro - Lý Tự Trọng,10.7774650000000,106.7005150000000,"38 Lý Tự Trọng, Quận 1, TP. HCM","Nhà hàng, ","Thịt Gà, Thịt Bò, Thịt Heo, Hải sản, Món nước, Mì, Lẩu, Ăn vặt - Ăn nhẹ, ","Món Á, Món Thái, ",11:00 - 23:00,11:00 - 23:00,11:00 - 23:00,11:00 - 23:00,11:00 - 23:00,11:00 - 23:00,11:00 - 23:00,yes,yes,yes,50.000 -250.000,7.8,7.7,7.8,7.6,250
28,TukTuk Thai Bistro - Hoa Mai,10.7970827000000,106.6876114000000,"13 Hoa Mai, Quận Phú Nhuận, TP. HCM","Nhà hàng, ","Thịt Gà, Bánh mì, Tôm, Đậu hũ, Bún, Cua - Ghẹ, Thịt Heo, Xôi, Thịt Bò, Hải sản, Chè, Bánh bao, Món nước, Mì, Cháo, Cá, Nghêu - Sò - Ốc, Súp, Mực, Salad, Gỏi, Dimsum, Ăn vặt - Ăn nhẹ, Cơm, Nem, Thức uống, ","Món Á, Món Thái, ",10:00 - 22:00,10:00 - 22:00,10:00 - 22:00,10:00 - 22:00,10:00 - 22:00,10:00 - 22:00,10:00 - 22:00,no,yes,yes,100.000 -300.000,7.9,7.5,7.8,7.5,56
28,TukTuk Thai Bistro - Ngô Thời Nhiệm,10.7806000000000,106.6899980000000,"29 Ngô Thời Nhiệm, P. 6, Quận 3, TP. HCM","Nhà hàng, ","Bún, Món nước, Gỏi, Ăn vặt - Ăn nhẹ, Cơm, ","Món Á, Món Thái, ",10:00 - 22:30,10:00 - 22:30,10:00 - 22:30,10:00 - 22:30,10:00 - 22:30,10:00 - 22:30,10:00 - 22:30,no,yes,yes,50.000 -250.000,7.8,7.7,8.2,7.7,11
29,Trà Sữa Tiên Hưởng Gotcha - Bùi Thị Xuân,10.7679470000000,106.6866280000000,"109 Bùi Thị Xuân, P. Phạm Ngũ Lão, Quận 1, TP. HCM","Café/Dessert, ","Trà, Thức uống, Trà sữa, Sữa, ","Món Á, ",08:30 - 23:30,08:30 - 23:30,08:30 - 23:30,08:30 - 23:30,08:30 - 23:30,08:30 - 23:30,08:30 - 23:30,yes,no,yes,18.000 -50.000,7.1,6.9,7.3,7.2,396
30,Buffet Hải Sản - Café Central An Đông - Khách Sạn Windsor Plaza,10.7574668692664,106.6733869364624,"Windsor Plaza, 18 An Dương Vương, Quận 5, TP. HCM","Nhà hàng, Buffet, Tiệm bánh, ",,"Quốc tế, ","11:30 - 14:30, 18:00 - 22:00","11:30 - 14:30, 18:00 - 22:00","11:30 - 14:30, 18:00 - 22:00","11:30 - 14:30, 18:00 - 22:00","11:30 - 14:30, 18:00 - 22:00","11:30 - 14:30, 18:00 - 22:00","11:30 - 14:30, 18:00 - 22:00",no,yes,yes,449.000 -853.000,7.2,7.3,7.6,7.2,189
30,Nhà Hàng Ngân Đình - Windsor Plaza,10.7578630000000,106.6736398000001,"Windsor Plaza, 18 An Dương Vương, Quận 5, TP. HCM","Nhà hàng, ","Thịt Gà, Thịt Bò, Thịt Heo, Lẩu, Thịt Vịt, Dimsum, ","Món Á, Món Trung Hoa, ","07:00 - 14:00, 17:00 - 22:00","07:00 - 14:00, 17:00 - 22:00","07:00 - 14:00, 17:00 - 22:00","07:00 - 14:00, 17:00 - 22:00","07:00 - 14:00, 17:00 - 22:00","07:00 - 14:00, 17:00 - 22:00","07:00 - 14:00, 17:00 - 22:00",no,yes,yes,38.000 -2.820.000,7.9,7.4,8.0,7.5,163
30,Kissho - Nhà Hàng Nhật Bản,10.7729140000000,106.7048620000000,"14 Nguyễn Huệ, P. Bến Nghé, Quận 1, TP. HCM","Nhà hàng, ","Thịt Gà, Trà, Thịt Bò, Thịt Heo, Hải sản, Sushi & Sashimi, Salad, Cơm, Rượu vang, Thức uống, Bia, Nước ngọt, Cocktail, ","Món Á, Món Nhật, ",11:00 - 23:00,11:00 - 23:00,11:00 - 23:00,11:00 - 23:00,11:00 - 23:00,11:00 - 23:00,11:00 - 23:00,no,no,yes,300.000 -1.100.000,7.8,8.0,8.1,7.7,68
30,Amigo Hữu Nghị Restaurant - Beefsteak & Grill,10.7729690000000,106.7046100000000,"55 - 57 Nguyễn Huệ, P. Bến Nghé, Quận 1, TP. HCM","Nhà hàng, ","Thịt Gà, Thịt Bò, Thịt Heo, Hải sản, ","Món Âu, ",11:00 - 23:00,11:00 - 23:00,11:00 - 23:00,11:00 - 23:00,11:00 - 23:00,11:00 - 23:00,11:00 - 23:00,yes,yes,yes,200.000 -880.000,8.2,8.0,7.8,7.9,62
30,Cafe Central Nguyễn Huệ,10.7750990000000,106.7030510000000,"74 Nguyễn Huệ, P. Bến Nghé, Quận 1, TP. HCM","Café/Dessert, ","Hamburger, Bún, Thịt Bò, Mì, Pizza & Pasta, Bánh - Kẹo, Café - Kem, Sinh tố - Nước ép, Cơm văn phòng, Fastfood - Thức ăn nhanh, ","Mỹ, Châu Mỹ, ",07:00 - 23:00,07:00 - 23:00,07:00 - 23:00,07:00 - 23:00,07:00 - 23:00,07:00 - 23:00,07:00 - 23:00,no,yes,yes,50.000 -330.000,6.6,6.4,7.5,6.9,68
30,Top Of The Town - Nhà Hàng & Bar - Windsor Plaza,10.7577100000000,106.6732820000000,"Tầng 25 Windsor Plaza, 18 An Dương Vương, Quận 5, TP. HCM","Nhà hàng, ","Thịt Gà, Thịt Bò, Hải sản, ","Món Việt, ","07:00 - 00:00, 18:00 - 23:00","07:00 - 00:00, 18:00 - 23:00","07:00 - 00:00, 18:00 - 23:00","07:00 - 00:00, 18:00 - 23:00","07:00 - 00:00, 18:00 - 23:00","07:00 - 00:00, 18:00 - 23:00","07:00 - 00:00, 18:00 - 23:00",no,no,yes,100.000 -660.000,7.8,8.4,8.7,8.1,17
30,The Long @Times Square,10.7738680000000,106.7046650000000,"57 – 69F Đồng Khởi (22 - 36 Nguyễn Huệ ), Quận 1, TP. HCM","Nhà hàng, ","Hamburger, Pizza & Pasta, Thức uống, Fastfood - Thức ăn nhanh, ","Quốc tế, Món Âu, ",10:00 - 00:00,10:00 - 00:00,10:00 - 00:00,10:00 - 00:00,10:00 - 00:00,10:00 - 00:00,10:00 - 00:00,no,no,yes,50.000 -200.000,8.2,8.2,8.5,8.2,68
30,R&J - Italian Lounge & Restaurant,10.7737900000000,106.7047760000000,"57-69F Đồng Khởi (22-26 Nguyễn Huệ), Quận 1, TP. HCM","Sang trọng, Nhà hàng, ",,"Món Âu, Ý, ","17:00 - 23:59, 18:00 - 22:00","17:00 - 23:59, 18:00 - 22:00","17:00 - 23:59, 18:00 - 22:00","17:00 - 23:59, 18:00 - 22:00","17:00 - 23:59, 18:00 - 22:00","17:00 - 23:59, 18:00 - 22:00","17:00 - 23:59, 18:00 - 22:00",no,yes,yes,300.000 -1.000.000,8.6,9.0,9.3,8.7,41
30,The Royal Pavilion - Long Triều - Nhà Hàng Hoa,10.7738560000000,106.7048090000000,"Tầng 4 Times Square, 57 – 69F Đồng Khởi (22 - 36 Nguyễn Huệ), Quận 1, TP. HCM","Sang trọng, Nhà hàng, ",,"Món Á, Món Trung Hoa, ",08:15 - 18:00,08:15 - 18:00,08:15 - 18:00,08:15 - 18:00,08:15 - 18:00,Đang cập nhật,Đang cập nhật,no,yes,yes,1.000.000 -5.000.000,7.8,7.0,7.0,7.1,285
30,Windsor Spa & Massage - Windsor Plaza,10.7573253000000,106.6741020000000,"Tầng 3, Windsor Plaza, 18 An Dương Vương, Quận 5, TP. HCM","Spa/Massage, ",,,11:00 - 00:00,11:00 - 00:00,11:00 - 00:00,11:00 - 00:00,11:00 - 00:00,11:00 - 00:00,11:00 - 00:00,yes,yes,yes,150.000 -2.000.000,0.0,0.0,0.0,_._,0
30,Nhà Hàng Ngân Đình Sài Gòn,10.7747879000000,106.7046940000000,"52 - 54 - 56 Đồng Khởi, P. Bến Nghé, Quận 1, TP. HCM","Nhà hàng, ","Thịt Gà, Thịt Bò, Bún, Thịt Heo, Hủ tiếu, Hải sản, Món nước, Mì, Lẩu, Hoành Thánh - Vằn Thắn, Thịt Vịt, Dimsum, Món chay, Cơm văn phòng, Cơm, Thức uống, Yến sào, ","Món Việt, Món Trung Hoa, ",10:00 - 21:30,10:00 - 21:30,10:00 - 21:30,10:00 - 21:30,10:00 - 21:30,10:00 - 21:30,10:00 - 21:30,no,no,yes,200.000 -1.000.000,7.4,6.7,7.8,7.3,37
31,EON 52 Heli Bar - Bitexco Tower,10.7720690000000,106.7052600000000,"Tầng 52, Bitexco Tower, 2 Hải Triều, Quận 1, TP. HCM","Sang trọng, Bar/Pub, ","Thức uống, Trái cây, ","Món Á, Món Âu, ",10:00 - 02:00,10:00 - 02:00,10:00 - 02:00,10:00 - 02:00,10:00 - 02:00,10:00 - 02:00,10:00 - 02:00,yes,no,yes,200.000 -550.000,7.4,7.5,8.0,7.6,165
31,EON 50 Cafe - Bitexco Tower,10.7720020000000,106.7043950000000,"Tầng 50 Bitexco Tower, 2 Hải Triều, P. Bến Nghé, Quận 1, TP. HCM","Café/Dessert, ","Café - Kem, ","Món Việt, Món Âu, ",08:00 - 23:30,08:00 - 23:30,08:00 - 23:30,08:00 - 23:30,08:00 - 23:30,08:00 - 23:30,08:00 - 23:30,no,no,yes,99.000 -260.000,7.2,7.7,8.4,7.6,160
32,Mì Ý Double B - Trần Hưng Đạo,10.7596050000000,106.6889170000000,"Hẻm 391 TK40/24 Trần Hưng Đạo, P. Cầu Kho, Quận 1, TP. HCM","Quán ăn, ","Beefsteak - Bò né, Món nước, Mì, Pizza & Pasta, Salad, Ăn vặt - Ăn nhẹ, Nem, Cá/bò viên, Fastfood - Thức ăn nhanh, ","Món Âu, Ý, ",08:00 - 22:00,08:00 - 22:00,08:00 - 22:00,08:00 - 22:00,08:00 - 22:00,08:00 - 22:00,08:00 - 22:00,no,no,yes,17.000 -75.000,7.6,7.2,6.6,7.1,781
33,Súp Cua Bông - Mạc Đĩnh Chi,10.7873480000000,106.6966650000000,"59C Mạc Đĩnh Chi, Quận 1, TP. HCM","Quán ăn, ","Hải sản, Cháo, Súp, Ăn vặt - Ăn nhẹ, ","Món Việt, ",06:00 - 21:00,06:00 - 21:00,06:00 - 21:00,06:00 - 21:00,06:00 - 21:00,06:00 - 18:00,Tạm nghỉ,yes,no,no,17.000 -25.000,8.8,8.6,8.3,8.6,369
34,The LOG Restaurant,10.7902846216159,106.7019442095092,"Rooftop, GEM Center, 8 Nguyễn Bỉnh Khiêm, Quận 1, TP. HCM","Sang trọng, Nhà hàng, ",,"Quốc tế, ",18:00 - 23:30,18:00 - 23:30,18:00 - 23:30,18:00 - 23:30,18:00 - 23:30,18:00 - 23:30,18:00 - 23:30,no,yes,yes,200.000 -1.500.000,7.6,7.8,8.6,7.7,278
35,Gong Cha - Trà & Cà Phê - Nguyễn Huệ - HCM,10.7742610000000,106.7038870000000,"Gian Hàng A, Số 52 - 54 Nguyễn Huệ, P. Bến Nghé, Quận 1, TP. HCM","Café/Dessert, ","Trà, Trà chanh, Sinh tố - Nước ép, Thức uống, Trà sữa, Sữa, ","Món Á, Đài Loan, ",09:30 - 21:30,09:30 - 21:30,09:30 - 21:30,09:30 - 21:30,09:30 - 21:30,09:30 - 21:30,09:30 - 21:30,no,no,yes,40.000 -80.000,7.2,6.5,6.4,6.7,"1,006"
35,Gong Cha - Trà & Cà Phê - Phú Mỹ Hưng,10.7217000000000,106.7129810000000,"SB-02, 201 Tôn Dật Tiên, P. Tân Phong, Quận 7, TP. HCM","Café/Dessert, ","Trà, Café - Kem, Sinh tố - Nước ép, Thức uống, Trái cây, Trà sữa, Sữa, ","Món Á, Đài Loan, ",09:15 - 17:00,09:15 - 17:00,09:15 - 17:00,09:15 - 17:00,09:15 - 17:00,09:15 - 17:00,09:15 - 17:00,yes,no,yes,40.000 -80.000,6.8,6.2,6.6,6.6,207
35,Trà Sữa Gong Cha - 貢茶 - Phan Xích Long,10.7979271000000,106.6896557000000,"240 Phan Xích Long, P. 7, Quận Phú Nhuận, TP. HCM","Café/Dessert, ","Café - Kem, Thức uống, Trà sữa, ","Món Á, Đài Loan, ",09:00 - 22:00,09:00 - 22:00,09:00 - 22:00,09:00 - 22:00,09:00 - 22:00,09:00 - 22:00,09:00 - 22:00,yes,yes,no,40.000 -80.000,6.7,0.0,6.1,6.4,445
35,Gong Cha - Trà & Cà Phê - Nguyễn Đình Chiểu,10.7883998000000,106.6992664000000,"70 Nguyễn Đình Chiểu, P. Đa Kao, Quận 1, TP. HCM","Café/Dessert, ","Trà chanh, Sinh tố - Nước ép, Thức uống, Trà sữa, Sữa, ","Món Á, Đài Loan, ",09:30 - 21:30,09:30 - 21:30,09:30 - 21:30,09:30 - 21:30,09:30 - 21:30,09:30 - 21:30,09:30 - 21:30,no,no,yes,40.000 -80.000,7.1,6.3,6.6,6.8,420
35,Gong Cha - Trà & Cà Phê - An Dương Vương,10.7582476000000,106.6759459000000,"498 An Dương Vương, P. 4, Quận 5, TP. HCM","Café/Dessert, ","Trà, Sinh tố - Nước ép, Thức uống, Trà sữa, Sữa, ","Món Á, Đài Loan, ",09:30 - 21:30,09:30 - 21:30,09:30 - 21:30,09:30 - 21:30,09:30 - 21:30,09:30 - 21:30,09:30 - 21:30,no,no,yes,40.000 -80.000,7.3,6.8,6.4,6.9,500
35,Gong Cha - Trà & Cà Phê - Phan Văn Trị,10.8242520000000,106.6912100000000,"507 Phan Văn Trị, P. 5, Quận Gò Vấp, TP. HCM","Café/Dessert, ","Trà, Sinh tố - Nước ép, Thức uống, Trà sữa, Sữa, ","Món Á, Đài Loan, ",09:30 - 21:00,09:30 - 21:00,09:30 - 21:00,09:30 - 21:00,09:30 - 21:00,09:30 - 21:00,09:30 - 21:00,yes,no,yes,40.000 -80.000,7.1,6.5,6.8,6.8,343
35,Gong Cha - Trà & Cà Phê - Nguyễn Sơn,10.7808680000000,106.6342090000000,"7 Nguyễn Sơn, P. Phú Thạnh, Quận Tân Phú, TP. HCM","Café/Dessert, ","Trà, Trà chanh, Sinh tố - Nước ép, Thức uống, Trà sữa, Sữa, ","Món Á, Đài Loan, ",09:30 - 21:30,09:30 - 21:30,09:30 - 21:30,09:30 - 21:30,09:30 - 21:30,09:30 - 21:30,09:30 - 21:30,no,no,yes,40.000 -80.000,6.7,6.4,6.4,6.6,244
35,Gong Cha - Trà & Cà Phê - Nguyễn Thái Bình,10.7996652000000,106.6586734000000,"59 Nguyễn Thái Bình, P. 4, Quận Tân Bình, TP. HCM","Café/Dessert, ","Trà, Sinh tố - Nước ép, Thức uống, Trà sữa, Sữa, ","Món Á, Đài Loan, ",09:30 - 21:30,09:30 - 21:30,09:30 - 21:30,09:30 - 21:30,09:30 - 21:30,09:30 - 21:30,09:30 - 21:30,no,no,yes,30.000 -50.000,6.8,6.3,6.2,6.5,198
35,Gong Cha - Trà & Cà Phê - Hồ Bán Nguyệt,10.7256450000000,106.7203900000000,"Tòa Nhà Cresent Residence 2 - CR2-05, 107 Tôn Dật Tiên, P. Tân Phú, Quận 7, TP. HCM","Café/Dessert, ","Trà, Sinh tố - Nước ép, Thức uống, Trà sữa, Sữa, ","Món Á, Đài Loan, ",09:30 - 21:30,09:30 - 21:30,09:30 - 21:30,09:30 - 21:30,09:30 - 21:30,09:30 - 21:30,09:30 - 21:30,no,no,yes,30.000 -50.000,7.1,6.3,6.8,6.9,51
35,Gong Cha - Trà & Cà Phê - Vinhomes Central Park,10.7907280000000,106.7214400000000,"Tòa Central 1, SH04 Vinhomes Central Park, 208 Nguyễn Hữu Cảnh, P. 22, Quận Bình Thạnh, TP. HCM","Café/Dessert, ","Trà, Trà chanh, Sinh tố - Nước ép, Thức uống, Trà sữa, Sữa, ","Món Á, Đài Loan, ",09:30 - 21:30,09:30 - 21:30,09:30 - 21:30,09:30 - 21:30,09:30 - 21:30,09:30 - 21:30,09:30 - 21:30,no,no,yes,40.000 -80.000,7.6,7.2,7.1,7.3,43
35,Gong Cha - Trà & Cà Phê - Thủ Đức,10.8496850000000,106.7668700000000,"101 Dân Chủ, P. Bình Thọ, Tp. Thủ Đức, TP. HCM","Café/Dessert, ","Trà, Sinh tố - Nước ép, Thức uống, Trà sữa, Sữa, ","Món Á, Đài Loan, ",09:30 - 21:30,09:30 - 21:30,09:30 - 21:30,09:30 - 21:30,09:30 - 21:30,09:30 - 21:30,09:30 - 21:30,yes,no,yes,30.000 -50.000,6.3,0.0,6.7,6.4,124
35,Gong Cha - Trà & Cà Phê - Thảo Điền Pearl,10.8013462000000,106.7335076000000,"L1-23-L1-24, Tầng 1, Thảo Điền Pearl, 12 Quốc Hương, P. Thảo Điền, Tp. Thủ Đức, TP. HCM","Café/Dessert, ","Trà, Café - Kem, Sinh tố - Nước ép, Thức uống, Trà sữa, Sữa, ","Món Á, Đài Loan, ",09:30 - 21:45,09:30 - 21:45,09:30 - 21:45,09:30 - 21:45,09:30 - 21:45,09:30 - 21:45,09:30 - 21:45,yes,no,yes,40.000 -80.000,7.3,6.9,7.4,7.1,45
36,48 Bistro - Beefsteak & Món Âu - Lê Thị Riêng,10.7714210000000,106.6918990000000,"52 Lê Thị Riêng, P. Bến Thành, Quận 1, TP. HCM","Quán ăn, ","Thịt Gà, Thịt Bò, Thịt Heo, Hải sản, Salad, Café - Kem, Sinh tố - Nước ép, Ăn vặt - Ăn nhẹ, Thức uống, Bia, Nước ngọt, Trái cây, ","Món Âu, ","10:00 - 14:00, 17:00 - 22:00","10:00 - 14:00, 17:00 - 22:00","10:00 - 14:00, 17:00 - 22:00","10:00 - 14:00, 17:00 - 22:00","10:00 - 14:00, 17:00 - 22:00","10:00 - 14:00, 17:00 - 22:00","10:00 - 14:00, 17:00 - 22:00",yes,yes,yes,120.000 -300.000,7.4,6.9,7.1,7.1,326
37,TOUS les JOURS - Hai Bà Trưng,10.7860460000000,106.6942140000000,"180 Hai Bà Trưng, Quận 1, TP. HCM","Café/Dessert, Tiệm bánh, ","Bánh - Kẹo, Café - Kem, ","Món Á, Món Hàn, ",08:30 - 20:30,08:30 - 20:30,08:30 - 20:30,08:30 - 20:30,08:30 - 20:30,08:30 - 20:30,08:30 - 20:30,no,no,yes,30.000 -66.000,7.3,6.8,7.3,7.1,452
37,TOUS les JOURS - Vincom Center - closed,10.7779120000000,106.7016810000000,"Tầng B2 Vincom Center, 72 Lê Thánh Tôn, P. Bến Nghé, Quận 1, TP. HCM","Tiệm bánh, ","Bánh - Kẹo, ","Món Âu, Pháp, ",08:00 - 22:30,08:00 - 22:30,08:00 - 22:30,08:00 - 22:30,08:00 - 22:30,08:00 - 22:30,08:00 - 22:30,no,no,no,20.000 -66.000,7.3,6.7,7.0,7.1,80
37,TOUS les JOURS - Cách Mạng Tháng 8,10.7747290000000,106.6874220000000,"66B Cách Mạng Tháng 8, Quận 3, TP. HCM","Tiệm bánh, ","Bánh - Kẹo, Café - Kem, ","Món Việt, Món Á, Món Hàn, ",08:30 - 20:30,08:30 - 20:30,08:30 - 20:30,08:30 - 20:30,08:30 - 20:30,08:30 - 20:30,08:30 - 20:30,no,no,no,20.000 -66.000,7.1,6.7,7.2,7.0,114
37,TOUS les JOURS - Lotte Mart Nam Sài Gòn,10.7411300000000,106.7013750000000,"Lotte Mart Nam Sài Gòn, 469 Nguyễn Hữu Thọ, P. Tân Hưng, Quận 7, TP. HCM","Tiệm bánh, ","Bánh - Kẹo, ","Món Á, Món Hàn, ",08:30 - 20:30,08:30 - 20:30,08:30 - 20:30,08:30 - 20:30,08:30 - 20:30,08:30 - 20:30,08:30 - 20:30,no,no,no,30.000 -330.000,7.2,6.8,6.8,6.9,41
37,TOUS les JOURS - Nguyễn Thị Minh Khai,10.7699609000000,106.6861148000000,"187 Nguyễn Thị Minh Khai, P. Phạm Ngũ Lão, Quận 1, TP. HCM","Tiệm bánh, ","Bánh - Kẹo, Café - Kem, ","Món Á, Món Hàn, ",08:30 - 20:30,08:30 - 20:30,08:30 - 20:30,08:30 - 20:30,08:30 - 20:30,08:30 - 20:30,08:30 - 20:30,no,no,no,20.000 -66.000,7.2,6.0,7.1,6.8,126
37,TOUS les JOURS - Trần Hưng Đạo,10.7692090000000,106.6966220000000,"59 Trần Hưng Đạo, P. Nguyễn Thái Bình, Quận 1, TP. HCM","Tiệm bánh, ","Bánh sinh nhật/Bánh kem, Bánh - Kẹo, Café - Kem, Sinh tố - Nước ép, Ăn vặt - Ăn nhẹ, Thức uống, ","Món Á, Món Hàn, ",08:30 - 20:30,08:30 - 20:30,08:30 - 20:30,08:30 - 20:30,08:30 - 20:30,08:30 - 20:30,08:30 - 20:30,no,no,yes,20.000 -66.000,6.8,6.0,6.9,6.6,150
37,TOUS les JOURS - 3 Tháng 2,10.7700678000000,106.6713451000000,"302 Đường 3 Tháng 2, P. 12, Quận 10, TP. HCM","Tiệm bánh, ","Bánh mì, Hamburger, Bánh sinh nhật/Bánh kem, Donut, Bánh - Kẹo, ","Món Việt, ",08:30 - 20:30,08:30 - 20:30,08:30 - 20:30,08:30 - 20:30,08:30 - 20:30,08:30 - 20:30,08:30 - 20:30,no,no,no,20.000 -330.000,7.1,6.5,7.3,6.9,164
37,TOUS les JOURS - 6 Lê Thánh Tôn,10.7819461000000,106.7056646000000,"6 Lê Thánh Tôn, P. Bến Nghé, Quận 1, TP. HCM","Tiệm bánh, ","Bánh sinh nhật/Bánh kem, Bánh - Kẹo, Café - Kem, Sinh tố - Nước ép, ","Món Á, Món Hàn, ",08:30 - 20:30,08:30 - 20:30,08:30 - 20:30,08:30 - 20:30,08:30 - 20:30,08:30 - 20:30,Tạm nghỉ,no,no,yes,50.000 -220.000,7.4,7.0,8.0,7.4,40
37,TOUS les JOURS - Panorama,10.7214890000000,106.7124870000000,"SA-01 Panorama, P. Tân Phong, Quận 7, TP. HCM","Tiệm bánh, ","Bánh sinh nhật/Bánh kem, Bánh - Kẹo, ","Món Âu, Pháp, ",08:30 - 20:30,08:30 - 20:30,08:30 - 20:30,08:30 - 20:30,08:30 - 20:30,08:30 - 20:30,08:30 - 20:30,no,no,no,30.000 -70.000,7.0,6.8,6.7,6.8,"1,179"
37,TOUS les JOURS - Nam Kỳ Khởi Nghĩa,10.7910320000000,106.6829890000000,"382 Nam Kỳ Khởi Nghĩa, P.  8, Quận 3, TP. HCM","Café/Dessert, Tiệm bánh, ","Bánh sinh nhật/Bánh kem, Bánh - Kẹo, Café - Kem, ","Món Á, Món Hàn, ",08:30 - 20:30,08:30 - 20:30,08:30 - 20:30,08:30 - 20:30,08:30 - 20:30,08:30 - 20:30,08:30 - 20:30,yes,no,yes,10.000 -500.000,6.3,0.0,6.4,6.1,30
37,TOUS les JOURS - Nguyễn Đình Chiểu,10.7884255000000,106.6994927000000,"64 Nguyễn Đình Chiểu, P. Đa Kao, Quận 1, TP. HCM","Tiệm bánh, ","Bánh sinh nhật/Bánh kem, Bánh - Kẹo, ","Món Á, Món Hàn, ",08:30 - 20:30,08:30 - 20:30,08:30 - 20:30,08:30 - 20:30,08:30 - 20:30,08:30 - 20:30,08:30 - 20:30,no,no,no,10.000 -300.000,6.8,0.0,7.0,6.7,11
37,TOUS les JOURS - Hậu Giang,10.7494095000000,106.6442616000000,"231 Hậu Giang, P. 5, Quận 6, TP. HCM","Café/Dessert, Tiệm bánh, ","Bánh sinh nhật/Bánh kem, Bánh - Kẹo, Café - Kem, ","Món Á, Món Hàn, ",08:30 - 20:30,08:30 - 20:30,08:30 - 20:30,08:30 - 20:30,08:30 - 20:30,08:30 - 20:30,08:30 - 20:30,no,no,yes,15.000 -600.000,0.0,0.0,0.0,5.4,24
38,Fuji Japanese Restaurant 富士 - Nikko Saigon Hotel,10.7639210000000,106.6829620000000,"Tầng Trệt Nikko Saigon Hotel, 235 Nguyễn Văn Cừ, P. Phạm Ngũ Lão, Quận 1, TP. HCM","Sang trọng, Nhà hàng, ","Thịt Bò, Hải sản, Sushi & Sashimi, ","Món Á, Món Nhật, ","11:00 - 14:30, 17:30 - 22:30","11:00 - 14:30, 17:30 - 22:30","11:00 - 14:30, 17:30 - 22:30","11:00 - 14:30, 17:30 - 22:30","11:00 - 14:30, 17:30 - 22:30","11:00 - 14:30, 17:30 - 22:30","11:00 - 14:30, 17:30 - 22:30",no,yes,yes,200.000 -1.000.000,8.4,8.2,8.1,7.9,39
38,La Brasserie Restaurant - Hotel Nikko Saigon,10.7643560000000,106.6827500000000,"Hotel Nikko Saigon, 235 Nguyễn Văn Cừ, Quận 1, TP. HCM","Sang trọng, Buffet, Nhà hàng, ","Thịt Gà, Tôm, Trà, Bánh sinh nhật/Bánh kem, Chocolate/Socola, Nấm, Cua - Ghẹ, Thịt Bò, Thịt Heo, Hải sản, Món nước, Cá, Nghêu - Sò - Ốc, Sushi & Sashimi, Pizza & Pasta, Mực, Thịt Vịt, Salad, Hàu, Chả giò, Gỏi, Bánh cuốn, Home-made, Rượu vang, Bia, Nước ngọt, Trái cây, Cocktail, Thịt Cừu, Xúc xích, ","Món Á, Món Âu, ",06:00 - 22:00,06:00 - 22:00,06:00 - 22:00,06:00 - 22:00,06:00 - 22:00,06:00 - 22:00,06:00 - 22:00,no,yes,yes,1.300.000 -2.000.000,7.6,7.7,7.9,7.6,318
38,Ming Court Restaurant - Hotel Nikko Saigon,10.7643560000000,106.6827500000000,"Hotel Nikko Saigon, 235 Nguyễn Văn Cừ, P. Phạm Ngũ Lão, Quận 1, TP. HCM","Sang trọng, Nhà hàng, ","Thịt Gà, Thịt Bò, Thịt Heo, Hải sản, ","Món Á, Món Trung Hoa, ","11:00 - 14:00, 18:00 - 22:00","11:00 - 14:00, 18:00 - 22:00","11:00 - 14:00, 18:00 - 22:00","11:00 - 14:00, 18:00 - 22:00","11:00 - 14:00, 18:00 - 22:00","11:00 - 14:00, 18:00 - 22:00","11:00 - 14:00, 18:00 - 22:00",no,yes,yes,499.000 -599.000,7.7,8.2,8.2,7.9,27
38,The Lounge - Hotel Nikko Saigon,10.7643560000000,106.6827500000000,"Hotel Nikko Saigon, 235 Nguyễn Văn Cừ, P. Phạm Ngũ Lão, Quận 1, TP. HCM","Sang trọng, Nhà hàng, ","Café - Kem, Sinh tố - Nước ép, Rượu vang, Thức uống, ","Món Á, Món Âu, ",07:00 - 01:00,07:00 - 01:00,07:00 - 01:00,07:00 - 01:00,07:00 - 01:00,07:00 - 01:00,07:00 - 01:00,no,no,yes,100.000 -400.000,7.7,7.5,7.9,7.5,28
38,Hotel Nikko Saigon,10.7643480000000,106.6830049999999,"235 Nguyễn Văn Cừ, Quận 1, TP. HCM","Khách sạn, ",,"Món Việt, ",00:00 - 23:59,00:00 - 23:59,00:00 - 23:59,00:00 - 23:59,00:00 - 23:59,00:00 - 23:59,00:00 - 23:59,yes,no,yes,,7.1,7.1,7.0,7.0,196
39,GAXEO Chicken - Beer & BBQ - Hồ Tùng Mậu,10.7735470000000,106.7027800000000,"125 Hồ Tùng Mậu, Quận 1, TP. HCM","Nhà hàng, ","Thịt Gà, Lẩu, Salad, ","Món Á, Món Hàn, ",11:00 - 23:00,11:00 - 23:00,11:00 - 23:00,11:00 - 23:00,11:00 - 23:00,11:00 - 23:00,11:00 - 23:00,no,no,yes,50.000 -200.000,7.3,6.6,7.3,7.1,326
40,Sul Bingsu - Korean Dessert & Coffee - Nguyễn Trãi,10.7653107000000,106.6877640000000,"219 Nguyễn Trãi, P. Nguyễn Cư Trinh, Quận 1, TP. HCM","Café/Dessert, ","Café - Kem, ","Món Á, Món Hàn, ",11:00 - 23:00,11:00 - 23:00,11:00 - 23:00,11:00 - 23:00,11:00 - 23:00,11:00 - 23:00,11:00 - 23:00,no,no,no,20.000 -50.000,8.1,7.5,7.2,7.5,566
41,Kichi Kichi Lẩu Băng Chuyền - Nguyễn Văn Trỗi,10.7968080000000,106.6732160000000,"197 Nguyễn Văn Trỗi, P. 10, Quận Phú Nhuận, TP. HCM","Nhà hàng, ","Thịt Gà, Thịt Bò, Hải sản, Lẩu, ","Món Á, Món Nhật, ",10:00 - 22:00,10:00 - 22:00,10:00 - 22:00,10:00 - 22:00,10:00 - 22:00,10:00 - 22:00,10:00 - 22:00,no,yes,yes,150.000 -308.000,9.0,9.0,9.0,9.0,414
41,Kichi Kichi Lẩu Băng Chuyền - Vincom Center,10.7774200000000,106.7019870000000,"Tầng B3 Vincom Center, 72 Lê Thánh Tôn, P. Bến Nghé, Quận 1, TP. HCM","Nhà hàng, ","Thịt Gà, Thịt Bò, Thịt Heo, Hải sản, Lẩu, ","Món Á, Món Nhật, ","10:00 - 17:00, 17:00 - 22:00","10:00 - 17:00, 17:00 - 22:00","10:00 - 17:00, 17:00 - 22:00","10:00 - 17:00, 17:00 - 22:00","10:00 - 17:00, 17:00 - 22:00","10:00 - 17:00, 17:00 - 22:00","10:00 - 17:00, 17:00 - 22:00",no,yes,no,149.000 -250.000,8.3,8.3,8.0,8.2,400
41,Kichi Kichi Lẩu Băng Chuyền - Phú Mỹ Hưng,10.7229067000000,106.7102129000000,"153 Nguyễn Đức Cảnh, P. Tân Phong, Quận 7, TP. HCM","Nhà hàng, ","Thịt Gà, Thịt Bò, Thịt Heo, Hải sản, Lẩu, ","Món Á, Món Nhật, ","10:00 - 17:00, 17:00 - 22:00","10:00 - 17:00, 17:00 - 22:00","10:00 - 17:00, 17:00 - 22:00","10:00 - 17:00, 17:00 - 22:00","10:00 - 17:00, 17:00 - 22:00","10:00 - 17:00, 17:00 - 22:00","10:00 - 17:00, 17:00 - 22:00",no,yes,yes,149.000 -308.000,7.3,7.2,7.2,7.3,106
41,Kichi Kichi Lẩu Băng Chuyền - Sư Vạn Hạnh,10.7764500000000,106.6666840000000,"830 Sư Vạn Hạnh, P. 13, Quận 10, TP. HCM","Nhà hàng, ","Thịt Gà, Thịt Bò, Thịt Heo, Hải sản, Lẩu, ","Món Á, Món Nhật, ","17:00 - 22:00, 17:00 - 22:00","17:00 - 22:00, 17:00 - 22:00","17:00 - 22:00, 17:00 - 22:00","17:00 - 22:00, 17:00 - 22:00","17:00 - 22:00, 17:00 - 22:00","17:00 - 22:00, 17:00 - 22:00","17:00 - 22:00, 17:00 - 22:00",no,yes,yes,149.000 -308.000,8.1,8.0,8.1,8.1,390
41,Kichi Kichi Lẩu Băng Chuyền - Phan Xích Long,10.7976450000000,106.6895840000000,"145 Phan Xích Long, P. 2, Quận Phú Nhuận, TP. HCM","Nhà hàng, ","Thịt Gà, Thịt Bò, Thịt Heo, Hải sản, Lẩu, ","Món Á, Món Nhật, ","10:00 - 17:00, 17:00 - 22:00","10:00 - 17:00, 17:00 - 22:00","10:00 - 17:00, 17:00 - 22:00","10:00 - 17:00, 17:00 - 22:00","10:00 - 17:00, 17:00 - 22:00","10:00 - 17:00, 17:00 - 22:00","10:00 - 17:00, 17:00 - 22:00",no,yes,yes,149.000 -308.000,7.2,7.0,7.2,7.2,247
41,Kichi Kichi Lẩu Băng Chuyền - Pandora City,10.8064000000000,106.6348330000000,"Gian 6A - Tầng 4, Pandora City, 1/1 Trường Chinh, P. Tây Thạnh, Quận Tân Phú, TP. HCM","Nhà hàng, ","Thịt Gà, Trà, Thịt Heo, Thịt Bò, Hải sản, Lẩu, ","Món Á, Món Nhật, ",10:00 - 21:00,10:00 - 21:00,10:00 - 21:00,10:00 - 21:00,10:00 - 21:00,10:00 - 21:00,10:00 - 21:00,no,yes,no,149.000 -273.000,7.6,7.4,7.3,7.3,63
41,Kichi Kichi Lẩu Băng Chuyền - Cộng Hòa,10.8007070000000,106.6602240000000,"Tầng Trệt, 15-17 Cộng Hòa, P. 4, Quận Tân Bình, TP. HCM","Nhà hàng, ","Lẩu, ","Món Á, Món Nhật, ",10:00 - 22:00,10:00 - 22:00,10:00 - 22:00,10:00 - 22:00,10:00 - 22:00,10:00 - 22:00,10:00 - 22:00,no,yes,yes,149.000 -220.000,7.5,7.7,7.4,7.5,114
41,Kichi Kichi Lẩu Băng Chuyền - Quang Trung,10.8267394000000,106.6793746000000,"1 Quang Trung, P. 10, Quận Gò Vấp, TP. HCM","Nhà hàng, ","Thịt Gà, Thịt Bò, Thịt Heo, Hải sản, Lẩu, ","Món Á, Món Nhật, ",09:00 - 22:00,09:00 - 22:00,09:00 - 22:00,09:00 - 22:00,09:00 - 22:00,09:00 - 22:00,09:00 - 22:00,no,yes,yes,179.000 -229.000,9.2,9.1,9.2,9.1,515
41,Kichi Kichi Lẩu Băng Chuyền - Nguyễn Sơn,10.7806950000000,106.6342060000000,"2 Nguyễn Sơn, P.  Phú Thọ Hòa, Quận Tân Phú, TP. HCM","Nhà hàng, ","Lẩu, ","Món Á, Món Nhật, ",10:00 - 22:00,10:00 - 22:00,10:00 - 22:00,10:00 - 22:00,10:00 - 22:00,10:00 - 22:00,10:00 - 22:00,no,no,yes,150.000 -300.000,8.7,8.7,8.5,8.6,160
41,Kichi Kichi Lẩu Băng Chuyền - Vincom Thủ Đức,10.8502727000000,106.7653210000000,"Tầng 3, Vincom Thủ Đức, 216 Võ Văn Ngân, Tp. Thủ Đức, TP. HCM","Nhà hàng, ","Lẩu, ","Món Á, Món Nhật, ",09:00 - 21:00,09:00 - 21:00,09:00 - 21:00,09:00 - 21:00,09:00 - 21:00,09:00 - 21:00,09:00 - 21:00,no,no,no,150.000 -250.000,8.9,8.9,8.6,8.8,320
41,Kichi Kichi Lẩu Băng Chuyền - AEON Mall Tân Phú,10.8015260000000,106.6176530000000,"Tầng 3 AEON Mall Tân Phú, 30 Bờ Bao Tân Thắng, P. Sơn Kỳ, Quận Tân Phú, TP. HCM","Nhà hàng, ","Lẩu, ","Món Á, Món Nhật, ",10:00 - 22:00,10:00 - 22:00,10:00 - 22:00,10:00 - 22:00,10:00 - 22:00,10:00 - 22:00,10:00 - 22:00,no,no,no,189.000 -300.000,8.7,8.6,8.4,8.5,218
41,Kichi Kichi Lẩu Băng Chuyền - Pearl Plaza,10.8012830000000,106.7082890000000,"L4 03-04, Pearl Plaza, 561A Điện Biên Phủ, Quận Bình Thạnh, TP. HCM","Nhà hàng, ","Lẩu, ","Món Á, Món Nhật, ",10:00 - 22:00,10:00 - 22:00,10:00 - 22:00,10:00 - 22:00,10:00 - 22:00,10:00 - 22:00,10:00 - 22:00,no,yes,yes,149.000 -220.000,8.0,7.8,8.1,8.0,75
42,Japanit Matcha & Coffee House - Trần Hưng Đạo,10.7648660000000,106.6924620000000,"130 Trần Hưng Đạo, P. Phạm Ngũ Lão, Quận 1, TP. HCM","Café/Dessert, ","Trà, Café - Kem, Sinh tố - Nước ép, Thức uống, Trà sữa, ","Món Á, Món Nhật, ",09:00 - 23:00,09:00 - 23:00,09:00 - 23:00,09:00 - 23:00,09:00 - 23:00,09:00 - 23:00,09:00 - 23:00,no,no,no,40.000 -150.000,7.9,7.8,7.0,7.5,627
42,Japanit Matcha & Coffee House - Trần Cao Vân,10.7834692000000,106.6961899000000,"42 Trần Cao Vân, P. Võ Thị Sáu, Quận 3, TP. HCM","Café/Dessert, ","Trà chanh, Sinh tố - Nước ép, Thức uống, Trà sữa, ",,09:30 - 22:30,09:30 - 22:30,09:30 - 22:30,09:30 - 22:30,09:30 - 22:30,09:30 - 22:30,09:30 - 22:30,no,no,no,,0.0,0.0,0.0,_._,0
42,Japanit Matcha & Coffee House - Cách Mạng Tháng 8,10.7734450000000,106.6898430000000,"123 Cách Mạng Tháng 8, P. Bến Thành, Quận 1, TP. HCM","Café/Dessert, ","Trà chanh, Sinh tố - Nước ép, Thức uống, Trà sữa, ",,09:00 - 22:00,09:00 - 22:00,09:00 - 22:00,09:00 - 22:00,09:00 - 22:00,09:00 - 22:00,09:00 - 22:00,no,no,no,,0.0,0.0,0.0,_._,0
43,Hana BBQ & Hot Pot Buffet - Nguyễn Quý Đức,10.7997318776188,106.7385020479559,"65 Nguyễn Quý Đức, P. An Phú, Quận 2, TP. HCM","Nhà hàng, Buffet, ","Thịt Gà, Tôm, Thịt Heo, Thịt Bò, Hải sản, Lẩu, ","Món Á, Món Nhật, ",08:00 - 22:00,08:00 - 22:00,08:00 - 22:00,08:00 - 22:00,08:00 - 22:00,08:00 - 22:00,08:00 - 22:00,no,yes,yes,120.000 -220.000,7.5,7.2,6.6,7.0,120
43,Hana BBQ & Hot Pot Buffet - Điện Biên Phủ,10.7835220000000,106.6910790000000,"243 Điện Biên Phủ, P. 6, Quận 3, TP. HCM","Nhà hàng, Buffet, ","Lẩu, Pizza & Pasta, ","Món Á, Món Nhật, ",08:00 - 22:00,08:00 - 22:00,08:00 - 22:00,08:00 - 22:00,08:00 - 22:00,08:00 - 22:00,08:00 - 22:00,no,yes,no,200.000 -330.000,7.2,6.6,6.7,6.9,445
43,Hana BBQ & Hot Pot Buffet - Mạc Đĩnh Chi,10.7861670000000,106.6979420000000,"45A Mạc Đĩnh Chi, Quận 1, TP. HCM","Nhà hàng, Buffet, ","Thịt Gà, Nấm, Thịt Bò, Hải sản, Pizza & Pasta, ","Món Á, Món Nhật, ",11:00 - 22:30,11:00 - 22:30,11:00 - 22:30,11:00 - 22:30,11:00 - 22:30,11:00 - 22:30,11:00 - 22:30,no,yes,yes,200.000 -330.000,7.4,6.9,6.7,7.0,334
43,Hana BBQ & Hot Pot Buffet - Phạm Viết Chánh,10.7676570000000,106.6851260000000,"25 - 25A Phạm Viết Chánh, Quận 1, TP. HCM","Nhà hàng, Buffet, ",,"Món Á, Món Nhật, ","11:00 - 15:00, 17:00 - 23:00","11:00 - 15:00, 17:00 - 23:00","11:00 - 15:00, 17:00 - 23:00","11:00 - 15:00, 17:00 - 23:00","11:00 - 15:00, 17:00 - 23:00","11:00 - 15:00, 17:00 - 23:00","11:00 - 15:00, 17:00 - 23:00",no,yes,yes,200.000 -350.000,7.1,6.7,6.6,6.9,403
43,Hana BBQ & Hot Pot Buffet - Phan Văn Trị,10.8276470000000,106.6868369999999,"705 - 707 Phan Văn Trị, P. 7, Quận Gò Vấp, TP. HCM","Buffet, ",,"Món Á, Món Nhật, ",11:00 - 22:00,11:00 - 22:00,11:00 - 22:00,11:00 - 22:00,11:00 - 22:00,11:00 - 22:00,11:00 - 22:00,yes,yes,yes,200.000 -330.000,6.2,0.0,0.0,6.1,145
43,Hana BBQ & Hot Pot Buffet - Nguyễn Văn Linh,10.7292160310791,106.7051852803566,"1034 Nguyễn Văn Linh, P. Tân Phong, Quận 7, TP. HCM","Buffet, ",,"Món Á, Món Nhật, ",08:00 - 22:00,08:00 - 22:00,08:00 - 22:00,08:00 - 22:00,08:00 - 22:00,08:00 - 22:00,08:00 - 22:00,yes,yes,yes,200.000 -350.000,0.0,0.0,0.0,5.8,25
43,Hana BBQ & Hot Pot Buffet - Tân Sơn Nhì,10.7989280000000,106.6319610000000,"206 Tân Sơn Nhì, P. Tân Sơn Nhì, Quận Tân Phú, TP. HCM","Buffet, ",,"Món Á, Món Nhật, ",11:00 - 22:00,11:00 - 22:00,11:00 - 22:00,11:00 - 22:00,11:00 - 22:00,11:00 - 22:00,11:00 - 22:00,yes,yes,yes,236.000 -296.000,6.2,6.0,6.7,6.3,17
44,Crystal Jade Palace - Nguyễn Thị Minh Khai,10.7897129714144,106.7040057122864,"2 Bis Nguyễn Thị Minh Khai, P. Đa Kao, Quận 1, TP. HCM","Quán ăn, ",,,"07:30 - 14:00, 17:00 - 22:00","07:30 - 14:00, 17:00 - 22:00","07:30 - 14:00, 17:00 - 22:00","07:30 - 14:00, 17:00 - 22:00","07:30 - 14:00, 17:00 - 22:00","07:30 - 14:00, 17:00 - 22:00","07:30 - 14:00, 17:00 - 22:00",no,no,no,66.000 -500.000,10.0,10.0,10.0,10.0,190
45,Xôi Chè Bùi Thị Xuân - Bùi Thị Xuân,10.7677230000000,106.6863980000000,"111 Bùi Thị Xuân, P. Phạm Ngũ Lão, Quận 1, TP. HCM","Ăn vặt/vỉa hè, Quán ăn, ","Đậu hũ, Xôi, Chè, Ăn vặt - Ăn nhẹ, ","Món Việt, ",06:30 - 18:00,06:30 - 18:00,06:30 - 18:00,06:30 - 18:00,06:30 - 18:00,06:30 - 18:00,06:30 - 18:00,yes,yes,no,25.000 -55.000,6.7,0.0,0.0,6.3,653
46,Beefsteak Hai Con Bò - Nguyễn Cư Trinh,10.7638730000000,106.6901130000000,"85 Nguyễn Cư Trinh, Quận 1, TP. HCM","Nhà hàng, ","Thịt Bò, ","Món Á, Món Âu, Món Nhật, ",07:00 - 22:00,07:00 - 22:00,07:00 - 22:00,07:00 - 22:00,07:00 - 22:00,07:00 - 22:00,07:00 - 22:00,no,no,yes,65.000 -110.000,6.9,6.7,6.9,6.9,295
47,Nhà Hàng Tân Hải Vân - Nguyễn Trãi,10.7693040000000,106.6904000000000,"158 - 164 Nguyễn Trãi, Quận 1, TP. HCM","Nhà hàng, ","Tôm, Cua - Ghẹ, Thịt Bò, Hải sản, Cá, Dimsum, ","Món Á, Món Trung Hoa, ",06:00 - 23:00,06:00 - 23:00,06:00 - 23:00,06:00 - 23:00,06:00 - 23:00,06:00 - 23:00,06:00 - 23:00,yes,yes,yes,50.000 -330.000,7.6,7.0,7.4,7.3,250
48,Som ตำ Thai - Saigon Centre,10.7732070000000,106.7009190000000,"Tầng 5, L5 - 18, SaiGon Centre, 65 Lê Lợi, P. Bến Nghé, Quận 1, TP. HCM","Nhà hàng, ","Cơm Chiên, Bún, Thịt Bò, Hải sản, Món nước, Cháo, Ăn vặt - Ăn nhẹ, Cơm, ","Món Á, Món Thái, ",10:00 - 22:00,10:00 - 22:00,10:00 - 22:00,10:00 - 22:00,10:00 - 22:00,10:00 - 22:00,10:00 - 22:00,no,no,yes,80.000 -500.000,7.9,7.7,8.1,7.9,362
48,Som ตำ Thai - Estella Place,10.8019880000000,106.7484000000000,"Lầu 2, Estella Place, 88 Song Hành, P. An Phú, Tp. Thủ Đức, TP. HCM","Nhà hàng, ","Thịt Gà, Thịt Bò, Thịt Heo, Hải sản, Lẩu, Ăn vặt - Ăn nhẹ, Cơm, ","Món Á, Món Thái, ",10:30 - 22:00,10:30 - 22:00,10:30 - 22:00,10:30 - 22:00,10:30 - 22:00,10:30 - 22:00,10:30 - 22:00,yes,no,yes,80.000 -500.000,8.1,7.2,7.7,7.8,16
48,Som ตำ Thai - Lê Thánh Tôn,10.7795369000000,106.7037179000000,"29 Lê Thánh Tôn, P. Bến Nghé, Quận 1, TP. HCM","Nhà hàng, ","Cơm Chiên, Bún, Lẩu, Cơm, ",,10:30 - 23:30,10:30 - 23:30,10:30 - 23:30,10:30 - 23:30,10:30 - 23:30,10:30 - 23:30,10:30 - 23:30,no,no,no,80.000 -500.000,6.8,7.2,7.8,7.5,12
48,Som ตำ Thai - Crescent Mall,10.7287216000000,106.7188180000000,"GF01 – Crescent Mall. 101 Tôn Dật Tiên, P. Tân Phú, Quận 7, TP. HCM","Quán ăn, ","Cơm Chiên, Bún, Lẩu, Cơm, ",,10:30 - 21:15,10:30 - 21:15,10:30 - 21:15,10:30 - 21:15,10:30 - 21:15,10:30 - 21:15,10:30 - 21:15,no,no,no,80.000 -500.000,8.8,8.6,9.3,8.9,14
48,Som ตำ Thai - Phan Xích Long,10.7981511000000,106.6884420000000,"167 Phan Xích Long, P. 2, Quận Phú Nhuận, TP. HCM","Nhà hàng, ",,,10:30 - 22:30,10:30 - 22:30,10:30 - 22:30,10:30 - 22:30,10:30 - 22:30,10:30 - 22:30,10:30 - 22:30,no,no,no,40.000 -1.000.000,0.0,0.0,0.0,_._,0
48,Som ตำ Thai - Vincom Center Đồng Khởi,10.7780260000000,106.7021041000000,"Tầng B3 (B3-05) Vincom Center Đồng Khởi, 72 Lê Thánh Tôn, P. Bến Nghé, Quận 1, TP. HCM","Nhà hàng, Quán ăn, ",,,10:30 - 22:00,10:30 - 22:00,10:30 - 22:00,10:30 - 22:00,10:30 - 22:00,10:30 - 22:00,10:30 - 22:00,no,no,no,40.000 -1.000.000,0.0,10.0,0.0,3.6,1
48,Som ตำ Thai - Nguyễn Tri Phương,10.7650783000000,106.6675167000000,"463A Nguyễn Tri Phương, P. 8, Quận 10, TP. HCM","Nhà hàng, ","Cơm Chiên, Bún, Lẩu, Cơm, ",,10:30 - 22:30,10:30 - 22:30,10:30 - 22:30,10:30 - 22:30,10:30 - 22:30,10:30 - 22:30,10:30 - 22:30,no,no,no,80.000 -500.000,9.3,9.3,10.0,9.6,3
48,Som ตำ Thai - Hùng Vương Plaza,10.7563986000000,106.6630299000000,"Lầu 4 (4F-08) Hùng Vương Plaza, 126 Hồng Bàng, P. 12, Quận 5, TP. HCM","Quán ăn, ",,,10:30 - 22:30,10:30 - 22:30,10:30 - 22:30,10:30 - 22:30,10:30 - 22:30,10:30 - 22:30,10:30 - 22:30,no,no,no,50.000 -300.000,0.0,0.0,0.0,_._,0
48,Som ตำ Thai - Thảo Điền,10.8018169000000,106.7390015000000,"Sachi Garden, 109 Võ Nguyên Giáp, P. Thảo Điền, Tp. Thủ Đức, TP. HCM","Nhà hàng, ",,,10:30 - 22:00,10:30 - 22:00,10:30 - 22:00,10:30 - 22:00,10:30 - 22:00,10:30 - 22:00,10:30 - 22:00,no,no,no,,0.0,0.0,0.0,_._,0
48,Som ตำ Thai - Vincom Plaza Quang Trung,10.8294840000000,106.6726643000000,"Tầng 2 (L2-10), Vincom Plaza Quang Trung, 190 Quang Trung, P. Gò Vấp, Quận Gò Vấp, TP. HCM","Nhà hàng, ","Tôm, Cua - Ghẹ, Hải sản, Mực, Món chay, Cơm, ",,10:30 - 22:00,10:30 - 22:00,10:30 - 22:00,10:30 - 22:00,10:30 - 22:00,10:30 - 22:00,10:30 - 22:00,no,no,no,,0.0,0.0,0.0,_._,0
48,Som Tum Thai - Saigon Marina IFC,10.7767668000000,106.7066726000000,"02 Tôn Đức Thắng, Quận 1, TP. HCM","Nhà hàng, ","Halal, ","Món Á, Món Thái, ",10:30 - 21:15,10:30 - 21:15,10:30 - 21:15,10:30 - 21:15,10:30 - 21:15,10:30 - 21:15,10:30 - 21:15,no,no,no,,0.0,0.0,0.0,_._,0
48,Som Tum Thai - Vincom Mega Mall Grand Park,10.8474090000000,106.8442470000000,"88 Phước Thiện, Tp. Thủ Đức, TP. HCM","Nhà hàng, ","Halal, ","Món Á, Món Thái, ",10:30 - 21:15,10:30 - 21:15,10:30 - 21:15,10:30 - 21:15,10:30 - 21:15,10:30 - 21:15,10:30 - 21:15,no,no,no,,0.0,0.0,0.0,_._,0
49,Sushi & BBQ Miya,10.7700350000000,106.6900890000000,"150/26 Nguyễn Trãi, P. Bến Thành, Quận 1, TP. HCM","Quán ăn, ","Sushi & Sashimi, ","Món Nhật, ","10:00 - 14:00, 17:00 - 22:00","10:00 - 14:00, 17:00 - 22:00","10:00 - 14:00, 17:00 - 22:00","10:00 - 14:00, 17:00 - 22:00","10:00 - 14:00, 17:00 - 22:00","10:00 - 14:00, 17:00 - 22:00","10:00 - 14:00, 17:00 - 22:00",yes,yes,yes,25.000 -165.000,7.9,8.0,7.6,7.7,441
50,Chewy Chewy - Cafe & Bánh - Nguyễn Cư Trinh,10.7633700000000,106.6887530000000,"145 Đ. Nguyễn Cư Trinh, P. Nguyễn Cư Trinh, Quận 1, TP. HCM","Café/Dessert, Tiệm bánh, ","Bánh sinh nhật/Bánh kem, Chocolate/Socola, Bánh Su/Chour, Bánh - Kẹo, Café - Kem, Sinh tố - Nước ép, ","Món Á, Singapore, ",07:00 - 23:00,07:00 - 23:00,07:00 - 23:00,07:00 - 23:00,07:00 - 23:00,07:00 - 23:00,07:00 - 23:00,yes,no,yes,20.000 -60.000,7.4,7.0,6.8,7.1,332
50,Chewy Chewy - Đinh Tiên Hoàng,10.7890290000000,106.6992530000000,"28 Đường Đinh Tiên Hoàng, P. Đa Kao, Quận 1, TP. HCM","Tiệm bánh, ","Bánh sinh nhật/Bánh kem, Ăn vặt - Ăn nhẹ, Nem, ","Món Á, Singapore, ",08:30 - 22:00,08:30 - 22:00,08:30 - 22:00,08:30 - 22:00,08:30 - 22:00,08:30 - 22:00,08:30 - 22:00,yes,no,yes,27.000 -55.000,6.7,6.1,6.6,6.5,44
50,Chewy Chewy - Phan Xích Long,10.8011230000000,106.6838300000000,"376 Phan Xích Long, P. 2, Quận Phú Nhuận, TP. HCM","Tiệm bánh, ","Bánh Su/Chour, Bánh - Kẹo, Thức uống, ","Món Á, Singapore, ",09:00 - 21:00,09:00 - 21:00,09:00 - 21:00,09:00 - 21:00,09:00 - 21:00,09:00 - 21:00,09:00 - 21:00,no,no,yes,25.000 -60.000,7.5,7.1,6.7,7.0,64
50,Chewy Chewy - Huỳnh Tấn Phát,10.7466910000000,106.7291980000000,"447 Huỳnh Tấn Phát, P. Tân Thuận Đông, Quận 7, TP. HCM","Tiệm bánh, ","Bánh Su/Chour, Bánh - Kẹo, ","Món Á, Singapore, ",08:00 - 22:00,08:00 - 22:00,08:00 - 22:00,08:00 - 22:00,08:00 - 22:00,08:00 - 22:00,08:00 - 22:00,yes,no,yes,20.000 -60.000,7.0,7.3,6.8,7.1,35
50,Chewy Chewy - Thống Nhất,10.8453274000000,106.6648653000000,"446 Thống Nhất, P. 16, Quận Gò Vấp, TP. HCM","Tiệm bánh, ","Bánh Su/Chour, Bánh - Kẹo, ","Món Á, Singapore, ",08:00 - 22:00,08:00 - 22:00,08:00 - 22:00,08:00 - 22:00,08:00 - 22:00,08:00 - 22:00,08:00 - 22:00,yes,no,yes,20.000 -60.000,6.6,6.7,6.5,6.6,30
50,Chewy Chewy - Vincom Center,10.7780235000000,106.7017266000000,"B3 - 25 Vincom Center, 72 Lê Thánh Tôn, Quận 1, TP. HCM","Tiệm bánh, ","Bánh sinh nhật/Bánh kem, Bánh - Kẹo, ","Món Á, Singapore, ",09:00 - 22:00,09:00 - 22:00,09:00 - 22:00,09:00 - 22:00,09:00 - 22:00,09:00 - 22:00,09:00 - 22:00,yes,no,yes,25.000 -60.000,7.1,6.8,6.9,7.0,9
50,Chewy Chewy - Cafe & Bánh - Hồng Bàng,10.7549826000000,106.6616532000000,"257 Hồng Bàng, Quận 5, TP. HCM","Café/Dessert, ","Bánh - Kẹo, Café - Kem, Thức uống, ","Món Việt, ",09:00 - 21:00,09:00 - 21:00,09:00 - 21:00,09:00 - 21:00,09:00 - 21:00,09:00 - 21:00,09:00 - 21:00,no,no,yes,25.000 -150.000,7.7,7.7,7.4,7.6,86
50,Chewy Chewy - Cafe & Bánh - Điện Biên Phủ,10.8017690000000,106.7118110000000,"373 Đường Điện Biên Phủ, Khu Phố 3, Quận Bình Thạnh, TP. HCM","Café/Dessert, ","Bánh - Kẹo, Café - Kem, Thức uống, ","Món Việt, ",07:00 - 22:00,07:00 - 22:00,07:00 - 22:00,07:00 - 22:00,07:00 - 22:00,07:00 - 22:00,07:00 - 22:00,no,no,yes,25.000 -150.000,8.3,8.0,7.3,7.9,16
50,Chewy Chewy - Trà Sữa - Co.op Mart Nguyễn Ảnh Thủ,10.8574340000000,106.6089150000000,"GF- 05 Co.op Mart Nguyễn Ảnh Thủ, 167/2 Nguyễn Ảnh Thủ, P. Trung Mỹ Tây, Quận 12, TP. HCM","Café/Dessert, ","Thức uống, Trà sữa, ","Món Việt, ",09:00 - 22:00,09:00 - 22:00,09:00 - 22:00,09:00 - 22:00,09:00 - 22:00,09:00 - 22:00,09:00 - 22:00,no,no,yes,15.000 -100.000,0.0,9.0,8.0,5.6,1
50,Chewy Chewy - Trà Sữa - CoopMart Đinh Tiên Hoàng,10.8001000000000,106.6959400000000,"Tầng Trệt CoopMart Đinh Tiên Hoàng, 127 Đinh Tiên Hoàng, P. 3, Quận Bình Thạnh, TP. HCM","Café/Dessert, ","Thức uống, Trà sữa, ","Món Việt, ",09:00 - 22:00,09:00 - 22:00,09:00 - 22:00,09:00 - 22:00,09:00 - 22:00,09:00 - 22:00,09:00 - 22:00,no,no,yes,15.000 -100.000,0.0,0.0,0.0,_._,0
50,Chewy Chewy - Cách Mạng Tháng 8,10.7881410000000,106.6625681000000,"750 Cách Mạng Tháng 8, P. 5, Quận Tân Bình, TP. HCM","Quán ăn, ","Bánh sinh nhật/Bánh kem, ",,08:00 - 22:00,08:00 - 22:00,08:00 - 22:00,08:00 - 22:00,08:00 - 22:00,08:00 - 22:00,08:00 - 22:00,no,no,no,20.000 -60.000,0.0,0.0,0.0,_._,0
50,Chewy Chewy - Phạm Hùng,10.7391318000000,106.6699584000000,"203 Đường Phạm Hùng, P. 4, Quận 8, TP. HCM","Café/Dessert, ","Sinh tố - Nước ép, Thức uống, Trà sữa, ",,08:00 - 22:00,08:00 - 22:00,08:00 - 22:00,08:00 - 22:00,08:00 - 22:00,08:00 - 22:00,08:00 - 22:00,no,no,no,20.000 -60.000,0.0,0.0,0.0,_._,0
51,Bonjour Resto' - Beefsteak Nguyễn Trãi,10.7699330000000,106.6900590000000,"150/35 Nguyễn Trãi, P. Bến Thành, Quận 1, TP. HCM","Nhà hàng, ","Thịt Bò, Thịt Heo, Beefsteak - Bò né, Sườn nướng, Hải sản, Cháo, Cá, Salad, Xúc xích, Fastfood - Thức ăn nhanh, ","Món Âu, Pháp, ",09:00 - 22:00,09:00 - 22:00,09:00 - 22:00,09:00 - 22:00,09:00 - 22:00,09:00 - 22:00,09:00 - 22:00,yes,yes,yes,100.000 -200.000,7.5,6.8,6.8,7.0,257
51,Bonjour Resto' - Beefsteak Nguyễn Huy Tưởng,10.8043050000000,106.6895310000000,"6/2 Nguyễn Huy Tưởng, P. 6, Quận Bình Thạnh, TP. HCM","Nhà hàng, ","Thịt Bò, Thịt Heo, Beefsteak - Bò né, Sườn nướng, Cháo, Salad, Fastfood - Thức ăn nhanh, ","Món Âu, Pháp, ","10:00 - 14:00, 17:00 - 20:00","10:00 - 14:00, 17:00 - 20:00","10:00 - 14:00, 17:00 - 20:00","10:00 - 14:00, 17:00 - 20:00","10:00 - 14:00, 17:00 - 20:00","10:00 - 14:00, 17:00 - 20:00","10:00 - 14:00, 17:00 - 20:00",yes,yes,yes,100.000 -200.000,7.3,6.7,7.2,6.9,78
51,Bonjour Resto' - Beefsteak Pasteur,10.7786072000000,106.6988660000000,"178/8 Pasteur, P. Bến Nghé, Quận 1, TP. HCM","Nhà hàng, ","Bánh mì, Crepe, Beefsteak - Bò né, Thịt Heo, Thịt Bò, Hải sản, Sườn nướng, Cá, Cháo, Súp, Thịt Vịt, Salad, Bánh - Kẹo, Cơm, ","Món Âu, Pháp, ","10:00 - 14:00, 17:00 - 21:00","10:00 - 14:00, 17:00 - 21:00","10:00 - 14:00, 17:00 - 21:00","10:00 - 14:00, 17:00 - 21:00","10:00 - 14:00, 17:00 - 21:00","10:00 - 14:00, 17:00 - 21:00","10:00 - 14:00, 17:00 - 21:00",yes,yes,yes,100.000 -200.000,6.8,6.5,7.1,6.7,121
52,Uraetei BBQ - Phổ Đình - Nam Kỳ Khởi Nghĩa,10.7727090000000,106.7003450000000,"69-71 Nam Kỳ Khởi Nghĩa, P. Bến Thành, Quận 1, TP. HCM","Nhà hàng, ","Thịt Bò, ","Món Á, Món Nhật, ",11:00 - 23:00,11:00 - 23:00,11:00 - 23:00,11:00 - 23:00,11:00 - 23:00,11:00 - 23:00,11:00 - 23:00,no,no,yes,200.000 -660.000,7.9,7.3,7.6,7.5,254
52,Uraetei BBQ - Phổ Đình - AEON Mall,10.8009030000000,106.6179050000000,"Tầng 1 AEON Mall, 30 Bờ Bao Tân Thắng, P. Sơn Kỳ, Quận Tân Phú, TP. HCM","Nhà hàng, ","Thịt Bò, Sushi & Sashimi, ","Món Á, Món Nhật, ",11:00 - 22:00,11:00 - 22:00,11:00 - 22:00,11:00 - 22:00,11:00 - 22:00,11:00 - 22:00,11:00 - 22:00,no,yes,yes,150.000 -550.000,8.0,7.4,7.9,7.5,107
52,Uraetei BBQ - Phổ Đình - Hoàng Văn Thái,10.7308523000000,106.7231816000000,"73 Hoàng Văn Thái, P. Tân Phú, Quận 7, TP. HCM","Nhà hàng, ","Thịt Bò, ","Món Á, Món Nhật, ",11:00 - 23:00,11:00 - 23:00,11:00 - 23:00,11:00 - 23:00,11:00 - 23:00,11:00 - 23:00,11:00 - 23:00,no,yes,yes,200.000 -660.000,7.2,6.6,7.3,7.0,45
52,Uraetei BBQ - Phổ Đình - Trần Quốc Thảo,10.7839420000000,106.6850822000000,"125A Trần Quốc Thảo, P. 7, Quận 3, TP. HCM","Nhà hàng, ","Thịt Bò, ","Món Á, Món Nhật, ",11:00 - 22:00,11:00 - 22:00,11:00 - 22:00,11:00 - 22:00,11:00 - 22:00,11:00 - 22:00,11:00 - 22:00,no,no,yes,200.000 -660.000,8.1,7.2,7.9,7.5,74
52,Uraetei BBQ - Phổ Đình - Thảo Điền,10.8018960000000,106.7383530000000,"4 Thảo Điền, Tp. Thủ Đức, TP. HCM","Nhà hàng, ","Thịt Bò, Thịt Heo, ","Món Á, Món Nhật, ",11:00 - 22:00,11:00 - 22:00,11:00 - 22:00,11:00 - 22:00,11:00 - 22:00,11:00 - 22:00,11:00 - 22:00,no,yes,yes,200.000 -400.000,8.2,7.3,8.3,7.8,39
52,Uraetei BBQ - Phổ Đình - Trần Hưng Đạo,10.7572500000000,106.6862760000000,"543 - 545 - 547 Trần Hưng Đạo, P. Cầu Kho, Quận 1, TP. HCM","Nhà hàng, ","Thịt Bò, ","Món Á, Món Nhật, ",11:00 - 23:00,11:00 - 23:00,11:00 - 23:00,11:00 - 23:00,11:00 - 23:00,11:00 - 23:00,11:00 - 23:00,no,no,yes,200.000 -660.000,7.9,6.7,7.5,7.5,62
52,Uraetei BBQ - Phổ Đình - 3 Tháng 2,10.7688825444738,106.6691404581070,"430 - 432 - 434 Đường 3 Tháng 2, P. 12, Quận 10, TP. HCM","Nhà hàng, ","Thịt Bò, Thịt Heo, Ăn vặt - Ăn nhẹ, ","Món Nhật, ",11:00 - 23:00,11:00 - 23:00,11:00 - 23:00,11:00 - 23:00,11:00 - 23:00,11:00 - 23:00,11:00 - 23:00,no,yes,yes,30.000 -650.000,8.3,7.2,7.7,7.6,46
52,Uraetei BBQ - Phổ Đình - Nguyễn Trãi,10.7527810000000,106.6545390000000,"965 - 967 -969 Nguyễn Trãi, P. 14, Quận 5, TP. HCM","Nhà hàng, ","Thịt Gà, Thịt Heo, Hải sản, ","Món Á, Món Nhật, ",11:00 - 22:00,11:00 - 22:00,11:00 - 22:00,11:00 - 22:00,11:00 - 22:00,11:00 - 22:00,11:00 - 22:00,no,no,yes,30.000 -650.000,8.4,8.6,8.6,8.2,21
52,Uraetei BBQ - Phổ Đình - Nguyễn Hồng Đào,10.7931760000000,106.6420880000000,"166-168-170 Nguyễn Hồng Đào, P. 14, Quận Tân Bình, TP. HCM","Nhà hàng, ","Thịt Bò, Thịt Heo, Món nước, Lẩu, ","Món Á, Món Nhật, ",11:00 - 23:00,11:00 - 23:00,11:00 - 23:00,11:00 - 23:00,11:00 - 23:00,11:00 - 23:00,11:00 - 23:00,no,yes,yes,200.000 -660.000,8.4,7.5,8.5,8.1,11
53,Snow Bings - Bingsu Kem Tuyết,10.7630130000000,106.6883650000000,"169 Nguyễn Cư Trinh, Quận 1, TP. HCM","Café/Dessert, ","Đậu hũ, Bún, Mì, Café - Kem, Sinh tố - Nước ép, ","Món Việt, Món Á, Món Hàn, ",10:00 - 22:00,10:00 - 22:00,10:00 - 22:00,10:00 - 22:00,10:00 - 22:00,10:00 - 22:00,10:00 - 22:00,no,no,yes,20.000 -35.000,8.1,7.6,7.4,7.6,437
54,Parkview Buffet - New World Saigon Hotel,10.7709170000000,106.6945620000000,"New World Saigon Hotel, 76 Lê Lai, P. Bến Nghé, Quận 1, TP. HCM","Nhà hàng, Buffet, ",,"Quốc tế, ",18:00 - 22:00,18:00 - 22:00,18:00 - 22:00,18:00 - 22:00,18:00 - 22:00,18:00 - 22:00,18:00 - 22:00,no,yes,yes,500.000 -1.650.000,7.3,7.7,8.2,7.6,116
54,Catwalk Club - New World Saigon Hotel,10.7704320000000,106.6942190000000,"New World Saigon Hotel, 76 Lê Lai, P. Bến Nghé, Quận 1, TP. HCM","Bar/Pub, ","Rượu vang, Thức uống, Cocktail, ","Món Việt, ",08:00 - 02:00,08:00 - 02:00,08:00 - 02:00,08:00 - 02:00,08:00 - 02:00,08:00 - 02:00,08:00 - 02:00,yes,yes,no,500.000 -2.200.000,9.5,9.5,9.5,9.0,2
54,Saigon Bakery - New World Saigon Hotel,10.7708110000000,106.6942150000000,"New World Saigon Hotel, 76 Lê Lai, P. Bến Nghé, Quận 1, TP. HCM","Tiệm bánh, ","Bánh - Kẹo, ","Quốc tế, ",06:00 - 21:00,06:00 - 21:00,06:00 - 21:00,06:00 - 21:00,06:00 - 21:00,06:00 - 21:00,06:00 - 21:00,no,no,no,50.000 -500.000,9.0,9.0,7.0,7.9,2
54,The Lounge - New World Saigon Hotel,10.7708110000000,106.6942150000000,"New World Saigon Hotel, 76 Lê Lai, P. Bến Nghé, Quận 1, TP. HCM","Café/Dessert, ","Café - Kem, Sinh tố - Nước ép, Thức uống, ","Quốc tế, ",07:00 - 01:00,07:00 - 01:00,07:00 - 01:00,07:00 - 01:00,07:00 - 01:00,07:00 - 01:00,07:00 - 01:00,no,no,yes,50.000 -300.000,7.3,7.9,8.0,7.5,10
54,Splash Pool Bar - New World Saigon Hotel,10.7708110000000,106.6942150000000,"New World Saigon Hotel, 76 Lê Lai, P. Bến Nghé, Quận 1, TP. HCM","Bar/Pub, ",,"Món Việt, Quốc tế, ",10:00 - 22:00,10:00 - 22:00,10:00 - 22:00,10:00 - 22:00,10:00 - 22:00,10:00 - 22:00,10:00 - 22:00,yes,no,yes,50.000 -300.000,7.5,7.1,7.2,7.2,15
54,Kacyo Restaurant 花蝶 - New World Saigon Hotel,10.7706661000000,106.6940920000000,"Tầng 1, New World Saigon Hotel, 76 Lê Lai, P. Bến Nghé, Quận 1, TP. HCM","Nhà hàng, ",,"Món Á, Món Nhật, ","11:00 - 14:30, 17:00 - 22:00","11:00 - 14:30, 17:00 - 22:00","11:00 - 14:30, 17:00 - 22:00","11:00 - 14:30, 17:00 - 22:00","11:00 - 14:30, 17:00 - 22:00","11:00 - 14:30, 17:00 - 22:00","11:00 - 14:30, 17:00 - 22:00",no,yes,yes,95.000 -1.500.000,8.9,8.3,8.5,8.4,11
54,Saigon Soul Pool Party - New World Saigon Hotel,10.7708730000000,106.6943039999999,"New World Saigon Hotel, 76 Lê Lai, P. Bến Nghé, Quận 1, TP. HCM","Nhà hàng, Bar/Pub, ",,"Món Việt, ",10:00 - 22:00,10:00 - 22:00,10:00 - 22:00,10:00 - 22:00,10:00 - 22:00,10:00 - 22:00,10:00 - 22:00,no,no,yes,200.000 -500.000,7.5,7.5,7.8,7.6,4
54,Hồ Bơi Pool - Khách Sạn New World - Lê Lai,10.7705141000000,106.6943662999999,"76 Lê Lai, P. Bến Thành, Quận 1, TP. HCM","Thể dục thể thao, ",,"Quốc tế, ",05:00 - 22:00,05:00 - 22:00,05:00 - 22:00,05:00 - 22:00,05:00 - 22:00,05:00 - 22:00,05:00 - 22:00,yes,yes,no,,7.5,9.5,9.0,8.0,2
55,The Coffee bean & Tea Leaf - Nguyễn Thái Học,10.7681610000000,106.6951420000000,"157 - 159 Nguyễn Thái Học, P. Phạm Ngũ Lão, Quận 1, TP. HCM","Café/Dessert, ","Bánh mì, Trà, Bánh - Kẹo, Café - Kem, Sinh tố - Nước ép, Ăn vặt - Ăn nhẹ, Thức uống, ","Mỹ, Châu Mỹ, Úc, ",Đang cập nhật,Đang cập nhật,Đang cập nhật,Đang cập nhật,Đang cập nhật,Đang cập nhật,Đang cập nhật,no,yes,yes,40.000 -88.000,7.8,7.6,8.2,7.6,64
55,The Coffee Bean & Tea Leaf - Mplaza Saigon,10.7817190000000,106.6999650000000,"Tầng Trệt - Mplaza Saigon, 39 Lê Duẩn, P. Bến Nghé, Quận 1, TP. HCM","Café/Dessert, ","Món nước, Café - Kem, Sinh tố - Nước ép, Cơm văn phòng, Thức uống, Bia, Nước ngọt, Trái cây, Sữa, ","Mỹ, Châu Mỹ, Úc, ",07:00 - 22:00,07:00 - 22:00,07:00 - 22:00,07:00 - 22:00,07:00 - 22:00,07:00 - 22:00,07:00 - 22:00,no,yes,yes,70.000 -110.000,7.8,7.1,7.6,7.6,46
55,The Coffee Bean & Tea Leaf - Tân Sơn Nhất,10.8136876000000,106.6630475000000,"Tân Sơn Nhất- B1 Tầng Trệt, Sân Bay Tân Sơn Nhất Khu vực Thương Mại Nhà Để Xe Ga Quốc Nội, TIA, P. 2, Quận Tân Bình, TP. HCM","Café/Dessert, ","Trà, Trà chanh, Café - Kem, Sinh tố - Nước ép, Cơm văn phòng, Thức uống, Bia, Nước ngọt, Trái cây, Trà sữa, ","Mỹ, Châu Mỹ, Úc, ",07:00 - 22:00,07:00 - 22:00,07:00 - 22:00,07:00 - 22:00,07:00 - 22:00,07:00 - 22:00,07:00 - 22:00,no,yes,yes,70.000 -132.000,7.4,7.2,7.5,7.2,107
55,The Coffee Bean & Tea Leaf - Sky Garden Phạm Văn Nghị,10.7297250000000,106.7070090000000,"Số R1-72 Đường Phạm Văn Nghị, Khu Phố Hưng Phước 4, P. Tân Phong, Quận 7, TP. HCM","Café/Dessert, ","Trà, Trà chanh, Café - Kem, Sinh tố - Nước ép, Cơm văn phòng, Thức uống, Bia, Nước ngọt, Trái cây, Trà sữa, ","Mỹ, Châu Mỹ, Úc, ",07:00 - 22:00,07:00 - 22:00,07:00 - 22:00,07:00 - 22:00,07:00 - 22:00,07:00 - 22:00,07:00 - 22:00,no,yes,yes,70.000 -110.000,8.0,7.5,8.3,7.8,78
55,The Coffee Bean & Tea Leaf - Nguyễn Tất Thành,10.7651510000000,106.7072120000000,"96 Ter Nguyễn Tất Thành, Quận 4, TP. HCM","Café/Dessert, ","Café - Kem, Sinh tố - Nước ép, ","Mỹ, Châu Mỹ, Úc, ",07:00 - 22:00,07:00 - 22:00,07:00 - 22:00,07:00 - 22:00,07:00 - 22:00,07:00 - 22:00,07:00 - 22:00,no,no,yes,70.000 -132.000,7.0,6.4,7.4,6.9,38
55,The Coffee Bean & Tea Leaf - Hàn Thuyên,10.7786890000000,106.6980880000000,"27 Hàn Thuyên, P. Bến Nghé, Quận 1, TP. HCM","Café/Dessert, ","Trà, Bánh - Kẹo, Café - Kem, Sinh tố - Nước ép, Thức uống, ","Mỹ, Quốc tế, Châu Mỹ, Úc, ",07:00 - 23:00,07:00 - 23:00,07:00 - 23:00,07:00 - 23:00,07:00 - 23:00,07:00 - 23:00,07:00 - 23:00,no,no,yes,40.000 -88.000,7.5,7.3,7.9,7.4,145
55,The Coffee Bean & Tea Leaf - Nguyễn Huệ,10.7737465000000,106.7037600000000,"101 Nguyễn Huệ, P. Bến Nghé, Quận 1, TP. HCM","Café/Dessert, ","Trà, Trà chanh, Café - Kem, Sinh tố - Nước ép, Ăn vặt - Ăn nhẹ, Thức uống, ","Món Việt, ",07:00 - 22:00,07:00 - 22:00,07:00 - 22:00,07:00 - 22:00,07:00 - 22:00,07:00 - 22:00,07:00 - 22:00,no,no,yes,45.000 -150.000,7.4,7.4,7.6,7.5,50
55,The Coffee Bean & Tea Leaf - Vincom Gò Vấp,10.8269070000000,106.6889720000000,"Vincom Gò Vấp, 12 Phan Văn Trị, P. 7, Quận Gò Vấp, TP. HCM","Café/Dessert, ","Trà, Café - Kem, Sinh tố - Nước ép, Thức uống, ","Mỹ, Châu Mỹ, ",07:00 - 22:00,07:00 - 22:00,07:00 - 22:00,07:00 - 22:00,07:00 - 22:00,07:00 - 22:00,07:00 - 22:00,no,no,yes,40.000 -80.000,7.8,7.8,7.6,7.6,9
55,The Coffee Bean & Tea Leaf - Hùng Vương Plaza,10.7564829000000,106.6630621000000,"Tầng 1F-14 Khu Ngoài Trời, Hùng Vương Plaza, 126 Hồng Bàng, P.12, Quận 5, TP. HCM","Café/Dessert, ","Trà chanh, Sinh tố - Nước ép, Thức uống, ",,07:00 - 21:30,07:00 - 21:30,07:00 - 21:30,07:00 - 21:30,07:00 - 21:30,07:00 - 21:30,07:00 - 21:30,no,no,no,,0.0,0.0,0.0,_._,0
55,The Coffee Bean & Tea Leaf - Crescent Mall,10.7295250000000,106.7190800000000,"Tầng Trệt, 101 Tôn Dật Tiên, P. Tân Phú, Quận 7, TP. HCM","Café/Dessert, ","Bánh mì, Bánh sinh nhật/Bánh kem, Bánh - Kẹo, Salad, ",,00:01 - 23:59,00:01 - 23:59,00:01 - 23:59,00:01 - 23:59,00:01 - 23:59,00:01 - 23:59,00:01 - 23:59,no,no,no,,0.0,0.0,0.0,_._,0
55,The Coffee Bean & Tea Leaf - Trần Hưng Đạo (Góc Đề Thám),10.7669770000000,106.6941894000000,"38A Trần Hưng Đạo, P. Phạm Ngũ Lão, Quận 1, TP. HCM","Café/Dessert, ","Trà chanh, Sinh tố - Nước ép, Thức uống, Trà sữa, ",,00:01 - 23:59,00:01 - 23:59,00:01 - 23:59,00:01 - 23:59,00:01 - 23:59,00:01 - 23:59,00:01 - 23:59,no,no,no,,0.0,0.0,0.0,_._,0
56,Lạc Thái 1,10.7743710000000,106.7045360000000,"71/2 Mạc Thị Bưởi, P. Bến Nghé, Quận 1, TP. HCM","Nhà hàng, ","Thịt Gà, Thịt Dê, Vịt quay, Thịt Ếch, Bún, Thịt Heo, Thịt Bò, Hải sản, Lẩu, Cháo, ","Món Á, Món Thái, ",10:00 - 21:00,10:00 - 21:00,10:00 - 21:00,10:00 - 21:00,10:00 - 21:00,10:00 - 21:00,10:00 - 21:00,no,yes,yes,150.000 -330.000,7.9,7.1,7.6,7.3,221
56,Lạc Thái 3,10.7749830000000,106.7049210000000,"41 Mạc Thị Bưởi, P. Bến Nghé, Quận 1, TP. HCM","Nhà hàng, ",,"Món Á, Món Thái, ","11:00 - 14:00, 17:00 - 22:00","11:00 - 14:00, 17:00 - 22:00","11:00 - 14:00, 17:00 - 22:00","11:00 - 14:00, 17:00 - 22:00","11:00 - 14:00, 17:00 - 22:00","11:00 - 14:00, 17:00 - 22:00","11:00 - 14:00, 17:00 - 22:00",no,yes,yes,150.000 -330.000,8.1,7.6,7.8,7.6,33
56,Lạc Thái 4 - Mì Quảng Lạc,10.7746450000000,106.7045560000000,"71/6 Mạc Thị Bưởi, Quận 1, TP. HCM","Nhà hàng, ","Món nước, Mì, ","Món Á, Món Thái, ","11:00 - 14:00, 17:00 - 22:00","11:00 - 14:00, 17:00 - 22:00","11:00 - 14:00, 17:00 - 22:00","11:00 - 14:00, 17:00 - 22:00","11:00 - 14:00, 17:00 - 22:00","11:00 - 14:00, 17:00 - 22:00","11:00 - 14:00, 17:00 - 22:00",no,yes,no,100.000 -300.000,8.0,6.2,6.4,6.4,5
56,Lạc Thái 6,10.7991130000000,106.6573320000000,"91 Nguyễn Thái Bình, P. 4, Quận Tân Bình, TP. HCM","Nhà hàng, ","Thịt Dê, Vịt quay, Thịt Ếch, ","Món Á, Món Thái, ","10:30 - 14:00, 16:30 - 20:30","10:30 - 14:00, 16:30 - 20:30","10:30 - 14:00, 16:30 - 20:30","10:30 - 14:00, 16:30 - 20:30","10:30 - 14:00, 16:30 - 20:30","10:30 - 14:00, 16:30 - 20:30","10:30 - 14:00, 16:30 - 20:30",no,yes,yes,50.000 -300.000,8.1,7.2,7.6,7.4,11
56,Lạc Thái 7,10.8030360000000,106.7309570000000,"48Bis Xuân Thủy, P. Thảo Điền, Tp. Thủ Đức, TP. HCM","Nhà hàng, ","Thịt Dê, Vịt quay, Thịt Ếch, Cơm Chiên, Bún, Xôi, Hủ tiếu, Lẩu, Miến, Cơm, ","Món Á, Món Thái, ","10:00 - 14:00, 17:00 - 22:00","10:00 - 14:00, 17:00 - 22:00","10:00 - 14:00, 17:00 - 22:00","10:00 - 14:00, 17:00 - 22:00","10:00 - 14:00, 17:00 - 22:00","10:00 - 14:00, 17:00 - 22:00","10:00 - 14:00, 17:00 - 22:00",no,yes,yes,50.000 -300.000,7.5,7.7,7.5,7.4,12
57,Dae Jang Gum - Mplaza Saigon,10.7813880000000,106.7003670000000,"Tầng 1 - Mplaza Saigon, 39 Lê Duẩn, P. Bến Nghé, Quận 1, TP. HCM","Nhà hàng, ","Bò nướng, Thịt Bò, Thịt Heo, Sườn nướng, Lẩu, ","Món Á, Món Hàn, ",11:00 - 22:00,11:00 - 22:00,11:00 - 22:00,11:00 - 22:00,11:00 - 22:00,11:00 - 22:00,11:00 - 22:00,no,no,yes,150.000 -330.000,8.2,7.7,8.1,7.7,190
58,Bún Đậu Cô Khàn - Món Bắc Bình Dân,10.7651342000000,106.6910200000000,"102 Cống Quỳnh, P. Bến Thành, Quận 1, TP. HCM","Quán ăn, ","Đậu hũ, Phở Cuốn, Bún, Món nước, Nem, ","Món Việt, Món Bắc, ",10:00 - 21:00,10:00 - 21:00,10:00 - 21:00,10:00 - 21:00,10:00 - 21:00,10:00 - 21:00,10:00 - 21:00,no,no,no,60.000 -110.000,6.4,0.0,0.0,5.9,553
59,TacoLeo - Mexican Food & Beer - Trần Hưng Đạo,10.7660250000000,106.6940429000000,"179 Trần Hưng Đạo, P. Cô Giang, Quận 1, TP. HCM","Quán ăn, Tiệm bánh, ","Thịt Gà, Gà rán, Thịt Bò, Ăn vặt - Ăn nhẹ, Fastfood - Thức ăn nhanh, Halal, ","Mexico, Châu Mỹ, ",09:00 - 22:00,09:00 - 22:00,09:00 - 22:00,09:00 - 22:00,09:00 - 22:00,09:00 - 22:00,09:00 - 22:00,yes,no,yes,8.000 -41.000,7.6,7.7,6.6,7.4,204
59,TacoLeo - Ẩm Thực Mexico - Đỗ Quang Đẩu,10.7672670000000,106.6906268000000,"59 Đỗ Quang Đẩu, P. Phạm Ngũ Lão, Quận 1, TP. HCM","Quán ăn, ","Halal, ",,08:00 - 22:30,08:00 - 22:30,08:00 - 22:30,08:00 - 22:30,08:00 - 22:30,08:00 - 22:30,08:00 - 22:30,no,no,no,10.000 -200.000,0.0,0.0,8.0,5.4,1
60,Texas Chicken - Phạm Thái Bường,10.7277566000000,106.7090473000000,"228 Phạm Thái Bường, Phú Mỹ Hưng, Quận 7, TP. HCM","Nhà hàng, ","Thịt Gà, Gà rán, Hamburger, Ăn vặt - Ăn nhẹ, Nước ngọt, Xúc xích, Fastfood - Thức ăn nhanh, ","Mỹ, Châu Mỹ, ",10:00 - 21:30,10:00 - 21:30,10:00 - 21:30,10:00 - 21:30,10:00 - 21:30,10:00 - 21:30,10:00 - 21:30,no,no,no,50.000 -220.000,7.8,7.0,7.3,7.3,139
60,Texas Chicken - Phan Xích Long,10.7980360000000,106.6889070000000,"274 - 276 Phan Xích Long, P. 7, Quận Phú Nhuận, TP. HCM","Nhà hàng, ","Thịt Gà, Gà rán, Hamburger, Ăn vặt - Ăn nhẹ, Thức uống, Nước ngọt, Xúc xích, Fastfood - Thức ăn nhanh, ","Mỹ, Châu Mỹ, ",07:00 - 22:00,07:00 - 22:00,07:00 - 22:00,07:00 - 22:00,07:00 - 22:00,07:00 - 22:00,07:00 - 22:00,no,no,yes,50.000 -220.000,7.4,6.7,7.0,7.1,586
60,Texas Chicken - Nguyễn Văn Cừ,10.7618470000000,106.6829480000000,"217B Nguyễn Văn Cừ, Quận 5, TP. HCM","Nhà hàng, ","Thịt Gà, Gà rán, Hamburger, Ăn vặt - Ăn nhẹ, Thức uống, Nước ngọt, Fastfood - Thức ăn nhanh, ","Mỹ, Châu Mỹ, ",10:00 - 21:30,10:00 - 21:30,10:00 - 21:30,10:00 - 21:30,10:00 - 21:30,10:00 - 21:30,10:00 - 21:30,no,no,yes,20.000 -275.000,7.3,6.6,7.2,7.0,389
60,Texas Chicken - Nguyễn Thái Học,10.7675525000000,106.6955649000000,"115 Nguyễn Thái Học, Quận 1, TP. HCM","Nhà hàng, ","Thịt Gà, Hamburger, Ăn vặt - Ăn nhẹ, Nem, Fastfood - Thức ăn nhanh, ","Mỹ, Món Âu, Châu Mỹ, ",10:00 - 22:00,10:00 - 22:00,10:00 - 22:00,10:00 - 22:00,10:00 - 22:00,10:00 - 22:00,10:00 - 22:00,no,no,yes,30.000 -300.000,7.2,6.5,7.0,7.0,269
60,Texas Chicken - Hậu Giang,10.7498770000000,106.6435090000000,"176C-176D Hậu Giang, P. 6, Quận 6, TP. HCM","Nhà hàng, ","Thịt Gà, Gà rán, Hamburger, Salad, Ăn vặt - Ăn nhẹ, Fastfood - Thức ăn nhanh, ","Mỹ, Châu Mỹ, ",10:00 - 21:30,10:00 - 21:30,10:00 - 21:30,10:00 - 21:30,10:00 - 21:30,10:00 - 21:30,10:00 - 21:30,no,no,no,50.000 -220.000,6.5,6.2,6.6,6.5,122
60,Texas Chicken - Quang Trung,10.8348719000000,106.6636871000000,"578 Quang Trung, P.11, Quận Gò Vấp, TP. HCM","Nhà hàng, ","Thịt Gà, Gà rán, Hamburger, Hải sản, Ăn vặt - Ăn nhẹ, Thức uống, Xúc xích, Fastfood - Thức ăn nhanh, ","Mỹ, Châu Mỹ, ",10:00 - 21:30,10:00 - 21:30,10:00 - 21:30,10:00 - 21:30,10:00 - 21:30,10:00 - 21:30,10:00 - 21:30,yes,no,yes,50.000 -220.000,7.1,6.5,7.1,7.0,145
60,Texas Chicken - Sư Vạn Hạnh,10.7733956000000,106.6686922000000,"463 Sư Vạn Hạnh, Quận 10, TP. HCM","Nhà hàng, ","Thịt Gà, Gà rán, Hamburger, Salad, Ăn vặt - Ăn nhẹ, Nem, Xúc xích, Fastfood - Thức ăn nhanh, ","Món Âu, ",10:00 - 21:30,10:00 - 21:30,10:00 - 21:30,10:00 - 21:30,10:00 - 21:30,10:00 - 21:30,10:00 - 21:30,yes,no,yes,20.000 -295.000,6.7,0.0,6.7,6.6,217
60,Texas Chicken - Vincom Mega Mall Thảo Điền,10.8021160000000,106.7407070000000,"Tầng 5, Vincom Mega Mall Thảo Điền, 159 Xa Lộ Hà Nội, P. Thảo Điền, Tp. Thủ Đức, TP. HCM","Nhà hàng, ","Thịt Gà, Gà rán, Hamburger, Fastfood - Thức ăn nhanh, ","Mỹ, Châu Mỹ, ",10:00 - 21:30,10:00 - 21:30,10:00 - 21:30,10:00 - 21:30,10:00 - 21:30,10:00 - 21:30,10:00 - 21:30,no,no,yes,50.000 -250.000,7.3,6.3,7.2,7.0,57
60,Texas Chicken - Aeon Mall Bình Tân,10.7425600000000,106.6114270000000,"Tầng 3, Aeon Mall Bình Tân, 1 Đường Số 17A, P. Bình Trị Đông B, Quận Bình Tân, TP. HCM","Nhà hàng, ","Thịt Gà, Gà rán, Hamburger, Xúc xích, Fastfood - Thức ăn nhanh, ","Mỹ, Châu Mỹ, ",10:00 - 21:30,10:00 - 21:30,10:00 - 21:30,10:00 - 21:30,10:00 - 21:30,10:00 - 21:30,10:00 - 21:30,no,no,yes,50.000 -250.000,6.2,6.1,6.4,6.3,39
60,Texas Chicken - Hoàng Văn Thụ,10.7961690000000,106.6562940000000,"392 - 394 Hoàng Văn Thụ, Quận Tân Bình, TP. HCM","Nhà hàng, ","Thịt Gà, Gà rán, Hamburger, Fastfood - Thức ăn nhanh, ","Mỹ, Châu Mỹ, ",10:00 - 21:30,10:00 - 21:30,10:00 - 21:30,10:00 - 21:30,10:00 - 21:30,10:00 - 21:30,10:00 - 21:30,yes,no,yes,40.000 -200.000,6.2,0.0,0.0,6.0,71
60,Texas Chicken - Nguyễn Gia Trí,10.8073580000000,106.7162670000000,"203 Nguyễn Gia Trí (Đường D2), P. 25, Quận Bình Thạnh, TP. HCM","Nhà hàng, ","Thịt Gà, Gà rán, Hamburger, Xúc xích, Fastfood - Thức ăn nhanh, ","Mỹ, Châu Mỹ, ",10:00 - 21:30,10:00 - 21:30,10:00 - 21:30,10:00 - 21:30,10:00 - 21:30,10:00 - 21:30,10:00 - 21:30,yes,no,yes,38.000 -275.000,6.3,0.0,6.1,6.0,49
60,Texas Chicken - Vạn Hạnh Mall,10.7708230000000,106.6698620000000,"16 Vạn Hạnh Mall, 11 Sư Vạn Hạnh, P. 12, Quận 10, TP. HCM","Nhà hàng, ","Thịt Gà, Gà rán, Fastfood - Thức ăn nhanh, ","Mỹ, Châu Mỹ, ",10:00 - 21:30,10:00 - 21:30,10:00 - 21:30,10:00 - 21:30,10:00 - 21:30,10:00 - 21:30,10:00 - 21:30,yes,no,yes,50.000 -250.000,6.2,0.0,6.8,6.4,21
61,Nhà Hàng Ngon - Pasteur,10.7772720000000,106.6993260000000,"160 Pasteur, P. Bến Nghé, Quận 1, TP. HCM","Quán ăn, ","Thịt Gà, Tôm, Cua - Ghẹ, Thịt Heo, Thịt Bò, Hải sản, Món nước, Cá, ","Món Việt, ",10:00 - 23:15,10:00 - 23:15,10:00 - 23:15,10:00 - 23:15,10:00 - 23:15,10:00 - 23:15,10:00 - 23:15,no,yes,yes,200.000 -550.000,6.5,6.4,7.5,6.8,212
62,Con Gà Mái - Cơm Gà Phú Yên - Trần Cao Vân,10.7840350000000,106.6975798000000,"21A Trần Cao Vân, P. Đa Kao, Quận 1, TP. HCM","Quán ăn, ","Thịt Gà, Bún, Gà ta, Gà xối mỡ, Miến, Cơm, Thức uống, ","Món Việt, ",07:00 - 22:00,07:00 - 22:00,07:00 - 22:00,07:00 - 22:00,07:00 - 22:00,07:00 - 22:00,07:00 - 22:00,yes,no,yes,10.000 -280.000,6.3,6.2,6.6,6.5,292
62,Con Gà Mái - Cơm Gà Phú Yên - 90 Nguyễn Văn Trỗi,10.7966027000000,106.6742063000000,"90 Nguyễn Văn Trỗi, P. 8, Quận Phú Nhuận, TP. HCM","Quán ăn, ","Thịt Gà, Gà ta, Cơm văn phòng, Cơm, ","Món Việt, ",07:00 - 22:00,07:00 - 22:00,07:00 - 22:00,07:00 - 22:00,07:00 - 22:00,07:00 - 22:00,07:00 - 22:00,yes,no,no,15.000 -280.000,0.0,0.0,6.3,6.0,112
62,FoodFest - Con Gà Mái - Cơm Gà Phú Yên - NowFoodxCoca-Cola,10.8076914000000,106.6889890000000,"111 Hoàng Hoa Thám, Quận Bình Thạnh, TP. HCM","Quán ăn, ","Thịt Gà, Gà rán, Cơm Chiên, Chè, Gà ta, Gà xối mỡ, Cơm văn phòng, Cơm, ","Món Việt, ",07:00 - 22:00,07:00 - 22:00,07:00 - 22:00,07:00 - 22:00,07:00 - 22:00,07:00 - 22:00,07:00 - 22:00,yes,no,yes,10.000 -280.000,0.0,0.0,0.0,_._,0
62,FoodFest - Con Gà Mái - Cơm Gà Phú Yên - Quang Trung - NowFoodxCoca-Cola,10.8280560000000,106.6745867000000,"181 Quang Trung, P. 10, Quận Gò Vấp, TP. HCM","Quán ăn, ","Thịt Gà, Gà rán, Cơm Chiên, Gà ta, Gà xối mỡ, Cơm văn phòng, Cơm, ","Món Việt, ",07:00 - 22:00,07:00 - 22:00,07:00 - 22:00,07:00 - 22:00,07:00 - 22:00,07:00 - 22:00,07:00 - 22:00,yes,no,no,15.000 -280.000,0.0,0.0,0.0,_._,0
62,Con Gà Mái - Cơm Gà Phú Yên - Nguyễn Đình Chiểu,10.7883790000000,106.6992050000000,"72 Nguyễn Đình Chiểu, P. Đa Kao, Quận 1, TP. HCM","Ăn vặt/vỉa hè, ","Cháo, Cơm, Thức uống, ","Món Việt, ",09:00 - 22:00,09:00 - 22:00,09:00 - 22:00,09:00 - 22:00,09:00 - 22:00,09:00 - 22:00,09:00 - 22:00,no,yes,yes,28.000 -45.000,0.0,0.0,0.0,4.3,19
62,Con Gà Mái - Cơm Gà Phú Yên - 6A Song Hành,10.7992612000000,106.7341293000000,"6A Song Hành, P. An Phú, Tp. Thủ Đức, TP. HCM","Quán ăn, ","Cháo, Cơm, ",,07:30 - 21:30,07:30 - 21:30,07:30 - 21:30,07:30 - 21:30,07:30 - 21:30,07:30 - 21:30,07:30 - 21:30,no,no,no,15.000 -280.000,0.0,0.0,0.0,_._,0
62,Con Gà Mái - Cơm Gà Phú Yên - Song Hành,10.7996479000000,106.7339072000000,"6 Song Hành, P. An Phú, Tp. Thủ Đức, TP. HCM","Quán ăn, ","Cháo, Cơm, ",,07:30 - 21:30,07:30 - 21:30,07:30 - 21:30,07:30 - 21:30,07:30 - 21:30,07:30 - 21:30,07:30 - 21:30,no,no,no,15.000 -280.000,0.0,0.0,0.0,_._,0
63,Gà Rán Popeyes - Điện Biên Phủ,10.7927980000000,106.6992550000000,"58/13 Nguyễn Bỉnh Khiêm (Vòng Xoay Nguyễn Bỉnh Khiêm), P. Đa Kao, Quận 1, TP. HCM","Quán ăn, ","Thịt Gà, Gà rán, Cơm, Fastfood - Thức ăn nhanh, ","Mỹ, Châu Mỹ, ",10:00 - 21:00,10:00 - 21:00,10:00 - 21:00,10:00 - 21:00,10:00 - 21:00,10:00 - 21:00,10:00 - 21:00,yes,no,yes,30.000 -170.000,6.9,6.6,6.9,6.9,243
64,Nineteen Buffet Restaurant - Caravelle Saigon,10.7762290000000,106.7034890000000,"Tầng Trệt Caravelle Saigon, 19 - 23 Công Trường Lam Sơn, P. Bến Nghé, Quận 1, TP. HCM","Sang trọng, Buffet, Nhà hàng, ","Hải sản, Lẩu, ","Món Việt, Món Âu, ",11:30 - 22:00,11:30 - 22:00,11:30 - 22:00,11:30 - 22:00,11:30 - 22:00,11:30 - 22:00,11:30 - 22:00,no,yes,no,642.000 -1.182.000,7.4,7.6,7.4,7.3,105
64,Signature Lounge - Caravelle Hotel,10.7762290000000,106.7034890000000,"Tầng 9 Caravelle Hotel, 19 - 23 Công Trường Lam Sơn, P. Bến Nghé, Quận 1, TP. HCM","Sang trọng, Café/Dessert, ",,"Món Việt, Món Âu, ",06:00 - 23:00,06:00 - 23:00,06:00 - 23:00,06:00 - 23:00,06:00 - 23:00,06:00 - 23:00,06:00 - 23:00,no,yes,yes,100.000 -220.000,6.9,6.8,8.3,7.5,8
64,Reflections Restaurant - Caravelle Hotel,10.7762290000000,106.7034890000000,"Tầng 3 Caravelle Hotel, 19 - 23 Công Trường Lam Sơn, P. Bến Nghé, Quận 1, TP. HCM","Sang trọng, Nhà hàng, ",,"Món Á, Món Âu, ",16:00 - 23:00,16:00 - 23:00,16:00 - 23:00,16:00 - 23:00,16:00 - 23:00,16:00 - 23:00,16:00 - 23:00,no,yes,no,1.000.000 -1.650.000,7.2,7.2,7.2,7.1,26
64,Saigon Saigon Bar - Caravelle Hotel,10.7762290000000,106.7034890000000,"Caravelle Hotel, 19 - 23 Công Trường Lam Sơn, P. Bến Nghé, Quận 1, TP. HCM","Sang trọng, Café/Dessert, Bar/Pub, ",,"Món Âu, ",11:00 - 23:30,11:00 - 23:30,11:00 - 23:30,11:00 - 23:30,11:00 - 23:30,11:00 - 23:30,11:00 - 23:30,no,yes,no,200.000 -1.100.000,8.3,8.1,8.5,8.1,18
64,Martini Bar - Caravelle Hotel,10.7762290000000,106.7034890000000,"Tầng 3 Caravelle Hotel, 19 - 23 Công Trường Lam Sơn, P. Bến Nghé, Quận 1, TP. HCM","Sang trọng, Bar/Pub, ","Thức uống, ","Món Âu, ",19:00 - 02:00,19:00 - 02:00,19:00 - 02:00,19:00 - 02:00,19:00 - 02:00,19:00 - 02:00,19:00 - 02:00,yes,yes,no,500.000 -1.100.000,6.7,7.0,6.6,6.6,31
64,Caravelle Saigon Hotel,10.7765330000000,106.7036739999999,"19 - 23 Công Trường Lam Sơn, P. Bến Nghé, Quận 1, TP. HCM","Khách sạn, ",,"Món Việt, ",00:00 - 23:59,00:00 - 23:59,00:00 - 23:59,00:00 - 23:59,00:00 - 23:59,00:00 - 23:59,00:00 - 23:59,yes,no,yes,,7.0,7.2,7.2,7.0,42
64,Kara Spa - Caravelle Hotel,10.7766040000000,106.7037010000000,"Tầng 3 Caravelle Hotel, 19-23 Công Trường Lam Sơn, P. Bến Nghé, Quận 1, TP. HCM","Spa/Massage, ",,"Món Việt, ",08:00 - 22:00,08:00 - 22:00,08:00 - 22:00,08:00 - 22:00,08:00 - 22:00,08:00 - 22:00,08:00 - 22:00,yes,no,yes,300.000 -1.000.000,0.0,0.0,0.0,_._,0
65,Con Gà Trống Garden 1 - Cô Bắc,10.7655490000000,106.6954300000000,"46 Cô Bắc, P. Cầu Ông Lãnh, Quận 1, TP. HCM","Nhà hàng, ","Thịt Gà, Tôm, Trà, Thịt Bò, Hải sản, Lẩu, Cá, Mực, Sinh tố - Nước ép, Đặc sản vùng, Rượu vang, Thức uống, Bia, Nước ngọt, Trái cây, ","Món Á, Campuchia, ",06:30 - 20:00,06:30 - 20:00,06:30 - 20:00,06:30 - 20:00,06:30 - 20:00,06:30 - 20:00,06:30 - 20:00,no,yes,yes,100.000 -300.000,7.0,6.6,7.3,6.9,210
66,Diggin - Món Á Mang Về,10.7691950000000,106.6912792000000,"166 Lê Lai, P. Bến Thành, Quận 1, TP. HCM","Quán ăn, ","Cơm, ","Món Việt, ",Đang cập nhật,Đang cập nhật,Đang cập nhật,Đang cập nhật,Đang cập nhật,Đang cập nhật,Đang cập nhật,no,no,yes,55.000 -75.000,9.1,6.5,6.4,7.0,"1,347"
67,Lẩu Bò Tí Chuột,10.7632364000000,106.6904322000000,"1 - 3 Cao Bá Nhạ, P. Nguyễn Cư Trinh, Quận 1, TP. HCM","Quán ăn, Quán nhậu, ","Tôm, Bò nướng, Thịt Ếch, Cơm Chiên, Đậu hũ, Nấm, Beefsteak - Bò né, Thịt Bò, Bún, Thịt Heo, Hải sản, Sườn nướng, Cá, Lẩu, Cháo, Súp, Miến, Nghêu - Sò - Ốc, Mực, Thịt Vịt, Hàu, Đặc sản vùng, Ăn vặt - Ăn nhẹ, Cơm, Cá/bò viên, Xúc xích, ","Món Việt, ",09:00 - 23:59,09:00 - 23:59,09:00 - 23:59,09:00 - 23:59,09:00 - 23:59,09:00 - 23:59,09:00 - 23:59,yes,no,yes,35.000 -88.000,6.9,6.5,6.4,6.8,380
68,Sushi Masa - Thạch Thị Thanh,10.7905470000000,106.6924640000000,"52 Thạch Thị Thanh, P. Tân Định, Quận 1, TP. HCM","Nhà hàng, ","Cháo, Sushi & Sashimi, Cơm, ","Món Á, Món Nhật, ",11:00 - 22:00,11:00 - 22:00,11:00 - 22:00,11:00 - 22:00,11:00 - 22:00,11:00 - 22:00,11:00 - 22:00,no,no,yes,39.000 -129.000,7.9,7.8,7.4,7.7,377
69,Mỳ Ý Spaghetti To Go - Trần Hưng Đạo,10.7597942000000,106.6884273000000,"393/9 Trần Hưng Đạo, P. Cầu Kho, Quận 1, TP. HCM","Quán ăn, ","Món nước, Mì, Salad, Fastfood - Thức ăn nhanh, ","Món Âu, Ý, ","07:30 - 14:00, 16:00 - 21:30","07:30 - 14:00, 16:00 - 21:30","07:30 - 14:00, 16:00 - 21:30","07:30 - 14:00, 16:00 - 21:30","07:30 - 14:00, 16:00 - 21:30","07:30 - 14:00, 16:00 - 21:30","07:30 - 14:00, 16:00 - 21:30",no,no,no,25.000 -95.000,7.5,6.9,6.2,7.0,456
70,King BBQ - Vua Nướng Hàn Quốc - Vincom Center,10.7782730000000,106.7020940000000,"Tầng B3, Vincom Center, 72 Lê Thánh Tôn, P. Bến Nghé, Quận 1, TP. HCM","Nhà hàng, ","Thịt Heo, Sườn nướng, Lẩu, ","Món Á, Món Hàn, ",10:00 - 21:15,10:00 - 21:15,10:00 - 21:15,10:00 - 21:15,10:00 - 21:15,10:00 - 21:15,10:00 - 21:15,no,yes,yes,150.000 -440.000,7.9,7.7,7.3,7.4,187
71,Gammer Beer 107,10.7797640000000,106.6962250000000,"107 Pasteur,  P. Bến Nghé, Quận 1, TP. HCM","Nhà hàng, Beer club, ","Thịt Gà, Thịt Bò, Thịt Heo, Hải sản, Salad, Thức uống, Bia, Xúc xích, ","Tiệp (Séc), Đông Âu, ",09:00 - 23:59,09:00 - 23:59,09:00 - 23:59,09:00 - 23:59,09:00 - 23:59,09:00 - 23:59,09:00 - 23:59,no,yes,no,150.000 -330.000,7.7,7.4,7.8,7.6,87
72,Quán Ụt Ụt - Barbecue & Beer - Võ Văn Kiệt,10.7644870000000,106.6984840000000,"168 Võ Văn Kiệt, P. Cầu Ông Lãnh, Quận 1, TP. HCM","Quán ăn, Quán nhậu, ","Thịt Gà, Hamburger, Thịt Bò, Thịt Heo, Lẩu, Xúc xích, Fastfood - Thức ăn nhanh, ","Quốc tế, ",11:00 - 23:00,11:00 - 23:00,11:00 - 23:00,11:00 - 23:00,11:00 - 23:00,11:00 - 23:00,11:00 - 23:00,no,yes,yes,100.000 -300.000,7.6,7.2,7.0,7.1,355
73,Ốc Đào - Nguyễn Trãi,10.7650340000000,106.6848730000000,"212B/C79 Nguyễn Trãi, P. Nguyễn Cư Trinh, Quận 1, TP. HCM","Quán ăn, ","Tôm, Cua - Ghẹ, Hải sản, Nghêu - Sò - Ốc, Mực, ","Món Việt, ",10:00 - 22:00,10:00 - 22:00,10:00 - 22:00,10:00 - 22:00,10:00 - 22:00,10:00 - 22:00,10:00 - 22:00,no,no,no,60.000 -110.000,7.2,6.2,6.5,6.5,384
74,Bún Đậu Homemade - Hồng Hà,10.8133780000000,106.6669480000000,"6 Hồng Hà, P. 2, Quận Tân Bình, TP. HCM","Quán ăn, ","Bún, Chè, Món nước, ","Món Việt, Món Bắc, ",10:00 - 22:00,10:00 - 22:00,10:00 - 22:00,10:00 - 22:00,10:00 - 22:00,10:00 - 22:00,10:00 - 22:00,yes,no,yes,30.000 -110.000,7.2,6.5,6.9,6.8,627
74,Bún Đậu Homemade - Nguyễn Văn Tráng,10.7697638000000,106.6922733000000,"1 Nguyễn Văn Tráng, Quận 1, TP. HCM","Quán ăn, ","Bún, Lẩu, Ăn vặt - Ăn nhẹ, ","Món Bắc, Hà Nội, ",10:00 - 20:30,10:00 - 20:30,10:00 - 20:30,10:00 - 20:30,10:00 - 20:30,10:00 - 20:30,10:00 - 20:30,no,no,no,25.000 -100.000,7.1,6.4,7.2,7.0,486
74,Bún Đậu Homemade - Phan Xích Long,10.7972287000000,106.6926031000000,"25 Phan Xích Long, P. 3, Quận Bình Thạnh, TP. HCM","Quán ăn, ","Bún, Chè, Lẩu, Ăn vặt - Ăn nhẹ, ","Món Việt, ",10:00 - 22:00,10:00 - 22:00,10:00 - 22:00,10:00 - 22:00,10:00 - 22:00,10:00 - 22:00,10:00 - 22:00,no,no,yes,30.000 -110.000,6.4,6.2,6.8,6.6,211
74,Bún Đậu Homemade - Ngô Gia Tự,10.7625170000000,106.6710010000000,"303 Ngô Gia Tự, P. 3, Quận 10, TP. HCM","Quán ăn, ","Bún, Chè, Lẩu, Bánh - Kẹo, Bánh tằm, ","Món Việt, ",10:00 - 22:00,10:00 - 22:00,10:00 - 22:00,10:00 - 22:00,10:00 - 22:00,10:00 - 22:00,10:00 - 22:00,no,no,yes,30.000 -100.000,7.2,7.2,7.9,7.4,80
74,Bún Đậu Homemade - Lê Lai,10.7712550000000,106.6966810000000,"52 Lê Lai, P. Bến Thành, Quận 1, TP. HCM","Quán ăn, ","Bún, ","Món Việt, ",10:00 - 22:00,10:00 - 22:00,10:00 - 22:00,10:00 - 22:00,10:00 - 22:00,10:00 - 22:00,10:00 - 22:00,no,no,yes,30.000 -100.000,8.1,7.9,8.1,7.9,34
74,Bún Đậu Homemade - Hoàng Diệu,10.7640940000000,106.7045110000000,"104 Hoàng Diệu, Quận 4, TP. HCM","Quán ăn, ","Bún, Chè, Ăn vặt - Ăn nhẹ, Nem, ","Món Việt, ",10:00 - 22:00,10:00 - 22:00,10:00 - 22:00,10:00 - 22:00,10:00 - 22:00,10:00 - 22:00,10:00 - 22:00,no,no,no,30.000 -100.000,7.0,7.1,7.8,7.2,49
74,Bún Đậu Homemade - Nguyễn Gia Trí,10.8067760000000,106.7161440000000,"213 Nguyễn Gia Trí, P. 25, Quận Bình Thạnh, TP. HCM","Quán ăn, ","Bún, Chè, Món nước, Lẩu, Ăn vặt - Ăn nhẹ, ","Món Bắc, Hà Nội, ",10:00 - 22:00,10:00 - 22:00,10:00 - 22:00,10:00 - 22:00,10:00 - 22:00,10:00 - 22:00,10:00 - 22:00,no,no,yes,20.000 -100.000,6.4,6.9,6.7,6.6,32
74,Bún Đậu Homemade - Đồng Đen,10.7870090000000,106.6433940000000,"241 Đồng Đen, P. 11, Quận Tân Bình, TP. HCM","Quán ăn, ","Bún, Thịt Heo, Chè, Hải sản, Món nước, Lẩu, ","Món Việt, ",10:00 - 22:00,10:00 - 22:00,10:00 - 22:00,10:00 - 22:00,10:00 - 22:00,10:00 - 22:00,10:00 - 22:00,yes,no,yes,30.000 -110.000,0.0,0.0,6.7,6.0,31
74,Bún Đậu Homemade - Quốc Hương,10.8023851000000,106.7325776000000,"14R Quốc Hương, P. Thảo Điền, Tp. Thủ Đức, TP. HCM","Quán ăn, ","Bún, Thịt Heo, Chè, Món nước, Lẩu, ","Món Bắc, ",10:00 - 22:00,10:00 - 22:00,10:00 - 22:00,10:00 - 22:00,10:00 - 22:00,10:00 - 22:00,10:00 - 22:00,no,no,yes,30.000 -450.000,0.0,0.0,6.7,5.8,3
74,Bún Đậu Homemade - Phú Mỹ Hưng,10.7328695000000,106.7066387000000,"Shop S75 - 1 Sky Granden 3 - R1 - 3, Số 24 Đường Phạm Văn Nghị, P. Tân Phong, Quận 7, TP. HCM","Quán ăn, ","Bún, ",,09:00 - 20:30,09:00 - 20:30,09:00 - 20:30,09:00 - 20:30,09:00 - 20:30,09:00 - 20:30,09:00 - 20:30,no,no,no,,0.0,0.0,0.0,_._,0
75,Nhân Sushi Bito - Fresh Sashimi,10.7723080000000,106.7043900000000,"62 Ngô Đức Kế, P. Bến Nghé, Quận 1, TP. HCM","Sang trọng, Nhà hàng, ","Hải sản, Món nước, Sushi & Sashimi, Café - Kem, Sinh tố - Nước ép, Cơm văn phòng, Ăn vặt - Ăn nhẹ, Thức uống, Bia, Nước ngọt, ","Món Á, Món Nhật, ",10:30 - 23:00,10:30 - 23:00,10:30 - 23:00,10:30 - 23:00,10:30 - 23:00,10:30 - 23:00,10:30 - 23:00,no,yes,yes,500.000 -2.000.000,7.6,6.9,6.8,7.0,196
76,The Organic - Nhà Hàng Chay,10.7914690000000,106.6935860000000,"54 Lý Văn Phức, P. Tân Định, Quận 1, TP. HCM","Nhà hàng, ","Món chay, ","Món Việt, ","08:00 - 14:00, 16:00 - 21:00","08:00 - 14:00, 16:00 - 21:00","08:00 - 14:00, 16:00 - 21:00","08:00 - 14:00, 16:00 - 21:00","08:00 - 14:00, 16:00 - 21:00","08:00 - 14:00, 16:00 - 21:00","08:00 - 14:00, 16:00 - 21:00",no,yes,yes,10.000 -200.000,8.2,7.7,8.2,8.0,195
77,Bánh Su Kem Nhật Bản Beard Papa’s - Vincom Center,10.7777680000000,106.7022820000000,"Tầng B3, Vincom Center, 72 Lê Thánh Tôn, P. Bến Nghé, Quận 1, TP. HCM","Tiệm bánh, ","Bánh Su/Chour, Bánh - Kẹo, ","Món Á, Món Nhật, ",12:00 - 20:00,12:00 - 20:00,12:00 - 20:00,12:00 - 20:00,12:00 - 20:00,11:00 - 20:00,11:00 - 20:00,yes,no,no,28.000 -110.000,8.1,7.4,7.2,7.4,199
77,Bánh Su Kem Nhật Bản Beard Papa’s - Vincom Mega Mall Thảo Điền,10.8033466000000,106.7409488000000,"B1-K6A, Vincom Mega Mall Thảo Điền, 159 Xa Lộ Hà Nội, P. Thảo Điền, Tp. Thủ Đức, TP. HCM","Tiệm bánh, ","Bánh Su/Chour, Bánh - Kẹo, Ăn vặt - Ăn nhẹ, ","Món Á, Món Nhật, ",12:00 - 20:00,12:00 - 20:00,12:00 - 20:00,12:00 - 20:00,12:00 - 20:00,11:00 - 20:00,11:00 - 20:00,yes,no,yes,30.000 -40.000,7.9,7.1,7.4,7.3,21
77,Bánh Su Kem Nhật Bản Beard Papa’s - Estella Place,10.8019934000000,106.7482807000000,"Tầng L2-24 Estella Place, 88 Song Hành, P. An Phú, Tp. Thủ Đức, TP. HCM","Tiệm bánh, ","Bánh - Kẹo, ","Món Á, Món Nhật, ",09:00 - 21:00,09:00 - 21:00,09:00 - 21:00,09:00 - 21:00,09:00 - 21:00,09:00 - 21:00,09:00 - 21:00,no,no,yes,28.000 -110.000,8.5,8.0,6.0,7.0,2
77,Bánh Su Kem Nhật Bản Beard Papa’s - Menas Mall,10.8131730000000,106.6656710000000,"Tầng G, Menas Mall, 60A Trường Sơn, P. 2, Quận Tân Bình, TP. HCM","Tiệm bánh, ","Bánh mì, Bánh Su/Chour, Bánh - Kẹo, ","Món Á, Món Nhật, ",10:00 - 21:00,10:00 - 21:00,10:00 - 21:00,10:00 - 21:00,10:00 - 21:00,10:00 - 21:00,10:00 - 21:00,no,no,yes,28.000 -110.000,8.5,9.0,6.5,7.6,2
77,Bánh Su Kem Nhật Bản Beard Papa’s - Saigon Centre,10.7733093000000,106.6995996000000,"B2-06, Saigon Centre, 65 Lê Lợi, P. Bến Nghé, Quận 1, TP. HCM","Tiệm bánh, ","Bánh Su/Chour, Ăn vặt - Ăn nhẹ, ",,08:00 - 22:00,08:00 - 22:00,08:00 - 22:00,08:00 - 22:00,08:00 - 22:00,08:00 - 22:00,08:00 - 22:00,yes,no,no,10.000 -54.000,0.0,0.0,0.0,_._,0
78,Ẩm Thực Hải Sản Rivia - Nhà Hàng Hải Sản,10.7647942000000,106.6921783000000,"18 Nguyễn Cư Trinh, P. Phạm Ngũ Lão, Quận 1, TP. HCM","Nhà hàng, ","Thịt Gà, Tôm, Bún, Thịt Bò, Thịt Heo, Hải sản, Mì, Miến, Nghêu - Sò - Ốc, Mực, Ăn vặt - Ăn nhẹ, ","Món Việt, ",09:00 - 23:00,09:00 - 23:00,09:00 - 23:00,09:00 - 23:00,09:00 - 23:00,09:00 - 23:00,09:00 - 23:00,no,yes,yes,100.000 -800.000,9.7,9.7,9.7,9.7,173
79,Bếp Huế - Authentic Vietnamese Restaurant,10.7907490000000,106.6915050000000,"89 Thạch Thị Thanh, P. Tân Định, Quận 1, TP. HCM","Quán ăn, ","Bánh ướt, Thịt Bò, Bún, Bánh - Kẹo, Món Huế, Bánh tằm, ","Món Huế, Món Miền Trung, ",08:00 - 21:00,08:00 - 21:00,08:00 - 21:00,08:00 - 21:00,08:00 - 21:00,08:00 - 21:00,08:00 - 21:00,no,no,yes,20.000 -100.000,7.2,7.2,7.2,7.2,611
80,L'Usine Restaurant - Đồng Khởi,10.7758180000000,106.7032640000000,"159/1 Đồng Khởi, Quận 1, TP. HCM","Nhà hàng, ","Bánh - Kẹo, Café - Kem, Sinh tố - Nước ép, Thức uống, ","Món Âu, ",07:00 - 21:00,07:00 - 21:00,07:00 - 21:00,07:00 - 21:00,07:00 - 21:00,07:00 - 21:00,07:00 - 21:00,yes,yes,yes,40.000 -154.000,7.3,7.1,8.3,7.4,170
80,L'Usine Restaurant - Lê Thánh Tôn,10.7795690000000,106.7039790000000,"19 Lê Thánh Tôn, P. Bến Nghé, Quận 1, TP. HCM","Café/Dessert, ","Hamburger, Cupcake, Salad, Café - Kem, Sinh tố - Nước ép, Fastfood - Thức ăn nhanh, ","Món Âu, ",08:00 - 21:00,08:00 - 21:00,08:00 - 21:00,08:00 - 21:00,08:00 - 21:00,08:00 - 21:00,08:00 - 21:00,no,no,yes,40.000 -154.000,7.2,7.2,8.1,7.3,173
80,L'Usine Restaurant - Phú Mỹ Hưng,10.7290670000000,106.7187000000000,"GF 56 Crescent Mall, 101 Tôn Dật Tiên, P. Tân Phú, Quận 7, TP. HCM","Nhà hàng, ","Thịt Gà, Bánh mì, Hamburger, Cupcake, Bún, Thịt Bò, Hải sản, Súp, Salad, Bánh - Kẹo, Café - Kem, Sinh tố - Nước ép, Ăn vặt - Ăn nhẹ, Cơm, Thức uống, ","Món Âu, ",07:30 - 21:00,07:30 - 21:00,07:30 - 21:00,07:30 - 21:00,07:30 - 21:00,07:30 - 21:00,07:30 - 21:00,no,yes,yes,40.000 -154.000,6.5,6.1,6.6,6.3,8
81,Meat & Meet Korean BBQ Container - Lê Thị Riêng,10.7713510000000,106.6922650000000,"8 Lê Thị Riêng, P. Bến Thành, Quận 1, TP. HCM","Nhà hàng, ","Thịt Gà, Thịt Bò, Thịt Heo, ","Món Á, Món Hàn, ",11:00 - 22:00,11:00 - 22:00,11:00 - 22:00,11:00 - 22:00,11:00 - 22:00,11:00 - 22:00,11:00 - 22:00,no,no,yes,60.000 -300.000,7.5,7.3,7.5,7.5,363
81,Meat & Meet Korean BBQ Container - Song Hành,10.8008540000000,106.7416330000000,"L3-01 TTTM Estella Place, 88 Song Hành, P. An Phú, Quận 2, TP. HCM","Nhà hàng, ","Thịt Gà, Thịt Heo, Hải sản, ","Món Á, Món Hàn, ",09:30 - 22:00,09:30 - 22:00,09:30 - 22:00,09:30 - 22:00,09:30 - 22:00,09:30 - 22:00,09:30 - 22:00,no,yes,yes,199.000 -429.000,7.5,7.2,7.4,7.3,30
81,Meat & Meet Korean BBQ Container - Crescent Mall,10.7283900000000,106.7183150000000,"4F - 01 Crescent Mall, 101 Tôn Dật Tiên, P. Tân Phú, Quận 7, TP. HCM","Nhà hàng, ","Thịt Bò, ","Món Á, Món Hàn, ",10:00 - 22:00,10:00 - 22:00,10:00 - 22:00,10:00 - 22:00,10:00 - 22:00,10:00 - 22:00,10:00 - 22:00,no,yes,yes,199.000 -429.000,6.1,0.0,6.7,6.5,21
81,Meat & Meet Korean BBQ Container – Huỳnh Thúc Kháng,10.7731274549229,106.7029362916946,"10 Huỳnh Thúc Kháng, P. Bến Nghé, Quận 1, TP. HCM","Nhà hàng, ","Thịt Gà, Thịt Bò, Thịt Heo, ","Món Á, Món Hàn, ",10:00 - 22:00,10:00 - 22:00,10:00 - 22:00,10:00 - 22:00,10:00 - 22:00,10:00 - 22:00,10:00 - 22:00,no,no,yes,60.000 -300.000,7.2,7.3,6.9,7.3,26
81,Meat & Meet Korean BBQ Container - Saigon Centre,10.7735630000000,106.7008150000000,"Saigon Centre, 65 Lê Lợi, P. Bến Nghé, Quận 1, TP. HCM","Nhà hàng, ",,"Món Á, Món Hàn, ",10:30 - 22:00,10:30 - 22:00,10:30 - 22:00,10:30 - 22:00,10:30 - 22:00,10:30 - 22:00,10:30 - 22:00,no,yes,yes,199.000 -429.000,6.5,0.0,6.1,6.3,14
82,Quán Ngon 138 - Ẩm Thực Việt Nam,10.7776090000000,106.6971800000000,"138 Nam Kỳ Khởi Nghĩa, P. Bến Nghé, Quận 1, TP. HCM","Nhà hàng, ","Thịt Gà, Tôm, Bánh mì, Xôi, Cua - Ghẹ, Thịt Bò, Hải sản, Bào Ngư, Vi Cá, Cá, Nghêu - Sò - Ốc, Mực, Sinh tố - Nước ép, Món chay, Đặc sản vùng, Cơm văn phòng, Ăn vặt - Ăn nhẹ, Cơm, ","Món Việt, ",06:30 - 22:30,06:30 - 22:30,06:30 - 22:30,06:30 - 22:30,06:30 - 22:30,06:30 - 22:30,06:30 - 22:30,no,yes,yes,150.000 -253.000,7.0,6.4,7.6,7.1,85
83,Fujiya Restaurant - Yakiniku Nabe Buffet,10.7782416000000,106.7019958000000,"B3-01 Vincom Center, 72 Lê Thánh Tôn, Quận 1, TP. HCM","Nhà hàng, Buffet, ",,"Món Á, Món Nhật, ",10:00 - 22:00,10:00 - 22:00,10:00 - 22:00,10:00 - 22:00,10:00 - 22:00,10:00 - 22:00,10:00 - 22:00,no,yes,yes,200.000 -400.000,7.2,7.1,7.2,7.1,180
84,Park Lounge - Park Hyatt Saigon,10.7775690000000,106.7035950000000,"Lobby Park Hyatt Hotel, 2 Công Trường Lam Sơn, Quận 1, TP. HCM","Sang trọng, Nhà hàng, Café/Dessert, ","Thịt Gà, Thịt Bò, Thịt Heo, Hải sản, Bánh - Kẹo, Café - Kem, Sinh tố - Nước ép, ","Món Việt, Món Âu, ",07:00 - 23:30,07:00 - 23:30,07:00 - 23:30,07:00 - 23:30,07:00 - 23:30,07:00 - 23:30,07:00 - 23:30,no,yes,yes,150.000 -550.000,7.8,7.3,8.2,7.6,76
85,"Yeebo Di Bửu - Seafood, Hot Pot & Dimsum - Lê Thánh Tôn",10.7818970000000,106.7060370000000,"1 Lê Thánh Tôn, Quận 1, TP. HCM","Nhà hàng, ","Thịt Gà, Tôm, Cơm Chiên, Thịt Bò, Hải sản, Lẩu, Cá, Nghêu - Sò - Ốc, Dimsum, Cơm, ","Món Trung Hoa, ","07:00 - 14:00, 17:00 - 22:00","07:00 - 14:00, 17:00 - 22:00","07:00 - 14:00, 17:00 - 22:00","07:00 - 14:00, 17:00 - 22:00","07:00 - 14:00, 17:00 - 22:00","07:00 - 14:00, 17:00 - 22:00","07:00 - 14:00, 17:00 - 22:00",no,yes,yes,300.000 -660.000,7.7,7.2,7.7,7.3,80
86,Buffet Liberty Central Saigon Riverside,10.7740730000000,106.7063860000000,"17 Tôn Đức Thắng, Quận 1, TP. HCM","Sang trọng, Buffet, Nhà hàng, ","Thịt Gà, Nấm, Thịt Heo, Thịt Bò, Hải sản, Món nước, Sushi & Sashimi, Pizza & Pasta, Bánh - Kẹo, Café - Kem, Sinh tố - Nước ép, Thức uống, ","Món Âu, ","10:30 - 14:00, 18:00 - 22:30","10:30 - 14:00, 18:00 - 22:30","10:30 - 14:00, 18:00 - 22:30","10:30 - 14:00, 18:00 - 22:30","10:30 - 14:00, 18:00 - 22:30","10:30 - 14:00, 18:00 - 22:30","10:30 - 14:00, 18:00 - 22:30",no,yes,yes,380.000 -680.000,6.7,7.4,7.9,7.3,158
87,Bánh Mì Huynh Hoa - Bánh Mì Pate,10.7715922000000,106.6923228000000,"30 Lê Thị Riêng, P. Phạm Ngũ Lão, Quận 1, TP. HCM","Tiệm bánh, ","Bánh mì, Bánh bao, Bánh - Kẹo, Ăn vặt - Ăn nhẹ, ","Món Việt, ",11:00 - 21:00,11:00 - 21:00,11:00 - 21:00,11:00 - 21:00,11:00 - 21:00,11:00 - 21:00,11:00 - 21:00,no,no,no,38.000 -38.000,7.5,6.2,0.0,6.5,368
87,Bánh Mì Huynh Hoa - Bánh Mì Pate - 26 Lê Thị Riêng,10.7715387000000,106.6923950000000,"26 Lê Thị Riêng, P. Bến Thành, Quận 1, TP. HCM","Tiệm bánh, ","Bánh mì, Bánh bao, Bánh - Kẹo, Ăn vặt - Ăn nhẹ, Nem, ",,18:00 - 22:00,18:00 - 22:00,18:00 - 22:00,18:00 - 22:00,18:00 - 22:00,18:00 - 22:00,18:00 - 22:00,no,no,no,,0.0,0.0,0.0,_._,0
87,Bánh Mì Huynh Hoa - Phan Xích Long,10.7975037000000,106.6901031000000,"Số 220 Đường Phan Xích Long, P. 7, Quận Phú Nhuận, TP. HCM","Quán ăn, ","Bánh mì, Cơm Cháy, Bánh bao, Bánh - Kẹo, Cơm, ",,07:00 - 21:00,07:00 - 21:00,07:00 - 21:00,07:00 - 21:00,07:00 - 21:00,07:00 - 21:00,07:00 - 21:00,no,no,no,,0.0,0.0,0.0,_._,0
88,Buffet Gánh 3 Miền - Khách Sạn Bông Sen,10.7751700000000,106.7037570000000,"117 - 123 Đồng Khởi, P. Bến Nghé, Quận 1, TP. HCM","Buffet, Khách sạn, ",,"Món Việt, ",00:00 - 23:59,00:00 - 23:59,00:00 - 23:59,00:00 - 23:59,00:00 - 23:59,00:00 - 23:59,00:00 - 23:59,yes,no,yes,200.000 -2.000.000,7.8,6.7,6.6,6.9,337
89,Phúc Long Crescent Mall,10.7291550000000,106.7185310000000,"Tầng G Crescent Mall, 101 Tôn Dật Tiên, P. Tân Phú, Quận 7, TP. HCM","Café/Dessert, ","Bánh mì, Trà, Cơm Chiên, Café - Kem, Ăn vặt - Ăn nhẹ, Cơm, Trà sữa, ","Món Việt, ",07:00 - 22:00,07:00 - 22:00,07:00 - 22:00,07:00 - 22:00,07:00 - 22:00,07:00 - 22:00,07:00 - 22:00,no,no,yes,30.000 -50.000,7.4,6.8,7.5,7.2,401
89,Phúc Long 63 Mạc Thị Bưởi,10.7746900000000,106.7043690000000,"63 Mạc Thị Bưởi, P. Bến Nghé, Quận 1, TP. HCM","Café/Dessert, ","Trà, Café - Kem, Sinh tố - Nước ép, Thức uống, Trà sữa, ","Món Việt, ",08:00 - 21:30,08:00 - 21:30,08:00 - 21:30,08:00 - 21:30,08:00 - 21:30,08:00 - 21:30,08:00 - 21:30,no,no,yes,25.000 -44.000,7.7,6.9,6.1,7.0,119
89,Phúc Long Centre Point,10.7971700000000,106.6733250000000,"Tầng Trệt Center Point, 106 Nguyễn Văn Trỗi, P. 8, Quận Phú Nhuận, TP. HCM","Café/Dessert, ","Trà, Café - Kem, Sinh tố - Nước ép, Thức uống, Nước ngọt, Trà sữa, ","Món Việt, ",10:00 - 20:30,10:00 - 20:30,10:00 - 20:30,10:00 - 20:30,10:00 - 20:30,10:00 - 20:30,10:00 - 20:30,yes,no,no,25.000 -44.000,7.0,6.7,6.7,6.6,70
89,Phúc Long 188 Trần Hưng Đạo,10.7525153000000,106.6666936000000,"188 Trần Hưng Đạo, P. 11, Quận 5, TP. HCM","Café/Dessert, ","Bánh mì, Trà, Café - Kem, Sinh tố - Nước ép, Ăn vặt - Ăn nhẹ, Thức uống, Trà sữa, ","Món Việt, ",07:15 - 21:30,07:15 - 21:30,07:15 - 21:30,07:15 - 21:30,07:15 - 21:30,07:15 - 21:30,07:15 - 21:30,no,no,yes,25.000 -77.000,6.8,6.1,6.5,6.5,125
89,Phúc Long Coffee & Tea - SC VivoCity,10.7296716000000,106.7031452000000,"Tầng 1 - 41A - 41B SC VivoCity, 1058 Nguyễn Văn Linh, KP. 1, P. Tân Phong, Quận 7, TP. HCM","Café/Dessert, ","Café - Kem, Sinh tố - Nước ép, Thức uống, Trà sữa, ","Món Việt, ",07:00 - 21:00,07:00 - 21:00,07:00 - 21:00,07:00 - 21:00,07:00 - 21:00,07:00 - 21:00,07:00 - 21:00,no,no,yes,30.000 -100.000,7.8,7.1,7.7,7.4,214
89,Phúc Long Nowzone,10.7640025000000,106.6826052000000,"Tầng Trệt - Nowzone, 235 Nguyễn Văn Cừ, P. Nguyễn Cư Trinh, Quận 1, TP. HCM","Café/Dessert, ","Trà, Café - Kem, Sinh tố - Nước ép, Thức uống, Nước ngọt, Trà sữa, ","Món Việt, ",08:00 - 21:30,08:00 - 21:30,08:00 - 21:30,08:00 - 21:30,08:00 - 21:30,08:00 - 21:30,08:00 - 21:30,yes,no,yes,25.000 -77.000,7.3,6.6,7.1,7.1,441
89,Phúc Long Phạm Hồng Thái,10.7714890000000,106.6955685000000,"42 Phạm Hồng Thái, P. Bến Thành, Quận 1, TP. HCM","Café/Dessert, ","Trà, Café - Kem, Sinh tố - Nước ép, Thức uống, Nước ngọt, Trà sữa, ","Món Việt, ",08:00 - 21:30,08:00 - 21:30,08:00 - 21:30,08:00 - 21:30,08:00 - 21:30,08:00 - 21:30,08:00 - 21:30,yes,no,yes,25.000 -77.000,6.8,6.3,7.0,6.8,224
89,Phúc Long Cộng Hoà,10.8005320000000,106.6606130000000,"1B Cộng Hòa, Quận Tân Bình, TP. HCM","Café/Dessert, ","Trà, Café - Kem, Sinh tố - Nước ép, Thức uống, Trà sữa, ","Món Việt, ",08:00 - 21:30,08:00 - 21:30,08:00 - 21:30,08:00 - 21:30,08:00 - 21:30,08:00 - 21:30,08:00 - 21:30,yes,yes,yes,25.000 -77.000,7.1,6.4,7.0,6.8,370
89,Phúc Long AEON Mall Bình Tân,10.7428274000000,106.6119296000000,"Tầng 1, Aeon Mall Bình Tân, 1 Đường Số 17A, P. Bình Trị Đông, Quận Bình Tân, TP. HCM","Café/Dessert, ","Café - Kem, Sinh tố - Nước ép, Thức uống, Trà sữa, ","Món Việt, ",08:00 - 21:00,08:00 - 21:00,08:00 - 21:00,08:00 - 21:00,08:00 - 21:00,08:00 - 21:00,08:00 - 21:00,no,no,yes,30.000 -50.000,6.9,6.8,7.4,6.9,109
89,Phúc Long Lê Văn Sỹ,10.7875140000000,106.6788310000000,"350 Lê Văn Sỹ, P. 14, Quận 3, TP. HCM","Café/Dessert, ","Trà, Café - Kem, Sinh tố - Nước ép, Thức uống, Trà sữa, ","Món Việt, ",08:00 - 21:30,08:00 - 21:30,08:00 - 21:30,08:00 - 21:30,08:00 - 21:30,08:00 - 21:30,08:00 - 21:30,no,no,yes,50.000 -200.000,0.0,0.0,0.0,4.9,25
89,Phúc Long Coffee & Tea - TTTM Takashimaya,10.7731300000000,106.7003480000000,"Tầng Hầm 2 - TTTM Takashimaya, 92 - 94 Nam Kỳ Khởi Nghĩa, P. Bến Nghé, Quận 1, TP. HCM","Café/Dessert, ","Café - Kem, Thức uống, Trà sữa, ","Món Việt, ",09:30 - 21:30,09:30 - 21:30,09:30 - 21:30,09:30 - 21:30,09:30 - 21:30,09:30 - 21:30,09:30 - 21:30,yes,no,yes,25.000 -80.000,7.4,7.1,6.6,7.1,59
89,Phúc Long Nguyễn Thái Học,10.7680630000000,106.6951130000000,"157 - 159 Nguyễn Thái Học, P. Phạm Ngũ Lão, Quận 1, TP. HCM","Café/Dessert, ","Trà, Trà chanh, Sinh tố - Nước ép, Thức uống, Nước ngọt, Trà sữa, ","Món Việt, ",08:00 - 21:30,08:00 - 21:30,08:00 - 21:30,08:00 - 21:30,08:00 - 21:30,08:00 - 21:30,08:00 - 21:30,yes,no,yes,30.000 -80.000,6.8,6.3,6.8,6.7,157
90,Crystal Jade Kitchen - Saigon Centre - Nhà Hàng Quảng Đông,10.7735990000000,106.7009370000000,"Tầng 5, Saigon Centre, 65 Lê Lợi, P. Bến Nghé, Quận 1, TP. HCM","Nhà hàng, ","Thịt Gà, Vịt quay, Hải sản, Bánh bao, Cháo, Thịt Vịt, Bánh - Kẹo, Dimsum, Ăn vặt - Ăn nhẹ, Bánh tằm, ","Món Á, Món Trung Hoa, ",10:30 - 22:00,10:30 - 22:00,10:30 - 22:00,10:30 - 22:00,10:30 - 22:00,10:30 - 22:00,10:30 - 22:00,no,yes,yes,50.000 -200.000,8.0,7.7,7.9,7.9,169
90,Crystal Jade Kitchen - AEON Mall Bình Tân - Nhà Hàng Quảng Đông,10.7425890000000,106.6114580000000,"Lầu 3, Aeon Mall Bình Tân, 532A Kinh Dương Vương, P. Bình Trị Đông, Quận Bình Tân, TP. HCM","Nhà hàng, ","Thịt Gà, Gà rán, Cơm Chiên, Hủ tiếu, Mì, Gà xối mỡ, Cháo, Chân cánh gà nướng, Hoành Thánh - Vằn Thắn, Gà ác/gà hầm, Dimsum, Cơm, ","Món Á, Món Trung Hoa, ",10:00 - 22:00,10:00 - 22:00,10:00 - 22:00,10:00 - 22:00,10:00 - 22:00,10:00 - 22:00,10:00 - 22:00,no,no,yes,100.000 -200.000,9.1,9.1,9.1,9.0,219
90,Crystal Jade Kitchen - Vạn Hạnh Mall - Nhà Hàng Quảng Đông,10.7708230000000,106.6698620000000,"06 Vạn Hạnh Mall, 11 Sư Vạn Hạnh, P. 12, Quận 10, TP. HCM","Nhà hàng, ","Cháo, Chân cánh gà nướng, Gà ác/gà hầm, Hoành Thánh - Vằn Thắn, Dimsum, ","Món Á, Món Trung Hoa, ",09:00 - 22:00,09:00 - 22:00,09:00 - 22:00,09:00 - 22:00,09:00 - 22:00,09:00 - 22:00,09:00 - 22:00,no,yes,yes,50.000 -200.000,8.1,7.9,8.3,8.0,65
90,Crystal Jade Kitchen - Aeon Mall Tân Phú,10.8021820000000,106.6181400000000,"Lô T22 - T35, Tầng 3 Aeon Mall Tân Phú, 30 Bờ Bao Tân Thắng, P. Sơn Kỳ, Quận Tân Phú, TP. HCM","Nhà hàng, ","Thịt Bò, Thịt Heo, Hải sản, Món nước, Lẩu, Cá, Chân cánh gà nướng, Gà Hải Nam, Nghêu - Sò - Ốc, Hoành Thánh - Vằn Thắn, Gà ác/gà hầm, Dimsum, ","Món Á, Món Trung Hoa, ",10:00 - 22:00,10:00 - 22:00,10:00 - 22:00,10:00 - 22:00,10:00 - 22:00,10:00 - 22:00,10:00 - 22:00,no,yes,yes,50.000 -200.000,8.9,9.1,8.9,8.9,30
90,Crystal Jade Kitchen - Vincom Mega Mall,10.8021930000000,106.7409710000000,"L5-05-07 Vincom Mega Mall Thảo Điền, 161 Xa Lộ Hà Nội, P. Thảo Điền, Tp. Thủ Đức, TP. HCM","Nhà hàng, ","Thịt Bò, Thịt Heo, Món nước, Lẩu, Cháo, Dimsum, ","Món Á, Món Trung Hoa, ",10:00 - 22:00,10:00 - 22:00,10:00 - 22:00,10:00 - 22:00,10:00 - 22:00,10:00 - 22:00,10:00 - 22:00,no,yes,yes,50.000 -200.000,9.0,8.5,9.0,8.7,19
90,Crystal Jade Kitchen Nguyễn Trãi,10.7612619000000,106.6860123000000,"347-349-351 Nguyễn Trãi , P. Nguyễn Cư Trinh, Quận 1, TP. HCM","Quán ăn, ","Dimsum, ",,11:00 - 22:00,11:00 - 22:00,11:00 - 22:00,11:00 - 22:00,11:00 - 22:00,11:00 - 22:00,11:00 - 22:00,no,no,no,,0.0,0.0,0.0,_._,0
90,Crystal Jade Kitchen - Hùng Vương Plaza,10.7562757000000,106.6631254000000,"Khu Trung Tâm Thương Mại Hùng Vương Plaza, Số 126 Hồng Bàng, P. 12, Quận 5, TP. HCM","Quán ăn, ","Bún, Dimsum, ",,10:00 - 21:00,10:00 - 21:00,10:00 - 21:00,10:00 - 21:00,10:00 - 21:00,10:00 - 21:00,10:00 - 21:00,no,no,no,,0.0,0.0,0.0,_._,0
91,Sushi Tei - Nguyễn Thị Minh Khai,10.7892281000000,106.7040910000000,"5A Nguyễn Thị Minh Khai, P. Bến Nghé, Quận 1, TP. HCM","Quán ăn, ","Cơm Chiên, Sushi & Sashimi, Salad, Cơm, ",,11:00 - 23:00,11:00 - 23:00,11:00 - 23:00,11:00 - 23:00,11:00 - 23:00,11:00 - 23:00,11:00 - 23:00,no,no,no,250.000 -500.000,10.0,9.9,9.9,9.9,540
92,Opera Tea Club - Quán Cafe Ngủ Thoải Mái 24h,10.7792260000000,106.7022480000000,"Lầu 1, 39 Lý Tự Trọng, P. Bến Nghé, Quận 1, TP. HCM","Café/Dessert, ","Trà, Bánh - Kẹo, Café - Kem, Sinh tố - Nước ép, Thức uống, Bia, Nước ngọt, Trà sữa, ","Món Việt, ","00:01 - 02:00, 06:00 - 23:59","00:01 - 02:00, 06:00 - 23:59","00:01 - 02:00, 06:00 - 23:59","00:01 - 02:00, 06:00 - 23:59","00:01 - 02:00, 06:00 - 23:59","00:01 - 02:00, 06:00 - 23:59","00:01 - 02:00, 06:00 - 23:59",no,yes,yes,20.000 -60.000,7.6,7.9,8.0,7.7,299
93,Gà Rán & Burger Lotteria - Trần Hưng Đạo,10.7677130000000,106.6951630000000,"95A Trần Hưng Đạo, Quận 1, TP. HCM","Nhà hàng, ","Thịt Gà, Tôm, Gà rán, Hamburger, Thịt Bò, Hải sản, Ăn vặt - Ăn nhẹ, Fastfood - Thức ăn nhanh, ","Món Á, Món Hàn, ",09:00 - 23:00,09:00 - 23:00,09:00 - 23:00,09:00 - 23:00,09:00 - 23:00,09:00 - 23:00,09:00 - 23:00,yes,no,yes,30.000 -77.000,6.6,6.2,7.0,6.8,222
93,Lotteria - CoopMart Đinh Tiên Hoàng,10.8003060000000,106.6962740000000,"127 Đinh Tiên Hoàng, Quận Bình Thạnh, TP. HCM","Nhà hàng, ","Thịt Gà, Tôm, Gà rán, Hamburger, Thịt Bò, Hải sản, Ăn vặt - Ăn nhẹ, Fastfood - Thức ăn nhanh, ","Món Á, Món Hàn, ",09:00 - 21:30,09:00 - 21:30,09:00 - 21:30,09:00 - 21:30,09:00 - 21:30,09:00 - 21:30,09:00 - 21:30,yes,no,yes,30.000 -77.000,7.0,6.6,6.4,6.9,25
93,Gà Rán & Burger Lotteria - Khu Phố Mỹ Khánh 4,10.7272020000000,106.7087870000000,"051 Nguyễn Đức Cảnh, Khu Phố Mỹ Khánh 4 - H12-2, P. Tân Hưng, Quận 7, TP. HCM","Nhà hàng, ","Thịt Gà, Tôm, Gà rán, Hamburger, Thịt Bò, Hải sản, Ăn vặt - Ăn nhẹ, Fastfood - Thức ăn nhanh, ","Món Á, Món Hàn, ",09:00 - 23:00,09:00 - 23:00,09:00 - 23:00,09:00 - 23:00,09:00 - 23:00,09:00 - 23:00,09:00 - 23:00,yes,no,yes,30.000 -77.000,6.7,6.3,7.0,6.9,24
93,Gà Rán & Burger Lotteria - Tô Hiến Thành,10.7777680000000,106.6653160000000,"307A Tô Hiến Thành, Quận 10, TP. HCM","Nhà hàng, ","Thịt Gà, Tôm, Gà rán, Hamburger, Thịt Bò, Hải sản, Ăn vặt - Ăn nhẹ, Fastfood - Thức ăn nhanh, ","Món Á, Món Hàn, ",09:00 - 23:00,09:00 - 23:00,09:00 - 23:00,09:00 - 23:00,09:00 - 23:00,09:00 - 23:00,09:00 - 23:00,yes,no,yes,30.000 -77.000,6.1,0.0,6.4,6.3,176
93,Gà Rán & Burger Lotteria - Xô Viết Nghệ Tĩnh,10.7986547000000,106.7111478000000,"222A Xô Viết Nghệ Tĩnh, P. 21, Quận Bình Thạnh, TP. HCM","Nhà hàng, ","Thịt Gà, Gà rán, Hamburger, Thịt Bò, Ăn vặt - Ăn nhẹ, Fastfood - Thức ăn nhanh, ","Món Á, Món Hàn, ",09:00 - 23:00,09:00 - 23:00,09:00 - 23:00,09:00 - 23:00,09:00 - 23:00,09:00 - 23:00,09:00 - 23:00,yes,no,yes,30.000 -77.000,0.0,0.0,0.0,5.9,49
93,Gà Rán & Burger Lotteria - Bình Phú,10.7456780000000,106.6308440000000,"211 - 213 Bình Phú, P. 11, Quận 6, TP. HCM","Nhà hàng, ","Thịt Gà, Fastfood - Thức ăn nhanh, ","Món Việt, ",09:00 - 22:00,09:00 - 22:00,09:00 - 22:00,09:00 - 22:00,09:00 - 22:00,09:00 - 22:00,09:00 - 22:00,yes,no,yes,30.000 -110.000,0.0,0.0,6.2,6.1,33
93,Gà Rán & Burger Lotteria - HTV,10.7864535000000,106.7015380000000,"11Bis Nguyễn Thị Minh Khai, P. Bến Nghé, Quận 1, TP. HCM","Nhà hàng, ","Thịt Gà, Tôm, Gà rán, Hamburger, Thịt Bò, Hải sản, Ăn vặt - Ăn nhẹ, Thức uống, Nước ngọt, Xúc xích, Fastfood - Thức ăn nhanh, ","Món Á, Món Hàn, ",09:00 - 23:00,09:00 - 23:00,09:00 - 23:00,09:00 - 23:00,09:00 - 23:00,09:00 - 23:00,09:00 - 23:00,yes,no,yes,30.000 -77.000,6.2,0.0,6.6,6.5,48
93,Gà Rán & Burger Lotteria - 283 Võ Văn Ngân,10.8498920000000,106.7681620000000,"283 Võ Văn Ngân, P. Linh Chiểu, Tp. Thủ Đức, TP. HCM","Nhà hàng, ","Thịt Gà, Gà rán, Hamburger, Ăn vặt - Ăn nhẹ, Fastfood - Thức ăn nhanh, ","Món Á, Món Hàn, ",09:00 - 22:00,09:00 - 22:00,09:00 - 22:00,09:00 - 22:00,09:00 - 22:00,09:00 - 22:00,09:00 - 22:00,yes,no,no,30.000 -77.000,0.0,0.0,0.0,6.0,35
93,Gà Rán & Burger Lotteria - Pandora City,10.8064000000000,106.6348330000000,"Tầng 4 Pandora City, 1/1 Trường Chinh, P. Tây Thạnh, Quận Tân Phú, TP. HCM","Nhà hàng, ","Thịt Gà, Gà rán, Hamburger, Thịt Bò, Ăn vặt - Ăn nhẹ, Cơm, Thức uống, Nước ngọt, Fastfood - Thức ăn nhanh, ","Món Á, Món Hàn, ",08:00 - 21:00,08:00 - 21:00,08:00 - 21:00,08:00 - 21:00,08:00 - 21:00,08:00 - 21:00,08:00 - 21:00,no,no,no,35.000 -132.000,0.0,0.0,6.0,6.0,35
93,Gà Rán & Burger Lotteria - Lottemart Nguyễn Hữu Thọ,10.7405390000000,106.7010750000000,"Tầng Trệt, Lotte Mart Nam Sài Gòn, 469 Nguyễn Hữu Thọ, P. Tân Hưng, Quận 7, TP. HCM","Nhà hàng, ","Thịt Gà, Gà rán, Hamburger, Thịt Bò, Ăn vặt - Ăn nhẹ, Fastfood - Thức ăn nhanh, ","Món Á, Món Hàn, ",07:00 - 23:00,07:00 - 23:00,07:00 - 23:00,07:00 - 23:00,07:00 - 23:00,07:00 - 23:00,07:00 - 23:00,no,no,no,18.000 -310.000,6.0,0.0,6.2,6.2,68
93,Lotteria - Crescent Mall,10.7285570000000,106.7183450000000,"Tầng 5 Crescent Mall, 101 Tôn Dật Tiên, P. Tân Phú, Quận 7, TP. HCM","Nhà hàng, ","Thịt Gà, Gà rán, Hamburger, Hải sản, Ăn vặt - Ăn nhẹ, Fastfood - Thức ăn nhanh, ","Món Á, Món Hàn, ",09:00 - 21:00,09:00 - 21:00,09:00 - 21:00,09:00 - 21:00,09:00 - 21:00,09:00 - 21:00,09:00 - 21:00,yes,no,no,30.000 -77.000,6.8,6.4,7.0,6.9,41
93,Gà Rán & Burger Lotteria - Nguyễn Ánh Thủ,10.8555820000000,106.6072135000000,"159/6 - 160/1 Nguyễn Ảnh Thủ, X. Trung Chánh, Huyện Hóc Môn, TP. HCM","Nhà hàng, ","Fastfood - Thức ăn nhanh, ","Món Việt, ",07:00 - 22:00,07:00 - 22:00,07:00 - 22:00,07:00 - 22:00,07:00 - 22:00,07:00 - 22:00,07:00 - 22:00,yes,no,yes,40.000 -132.000,0.0,0.0,0.0,5.6,37
94,A Tùng - Bánh Mì Bò Nướng Bơ Cambodia - Cống Quỳnh,10.7660704000000,106.6888809000000,"171 Cống Quỳnh, Quận 1, TP. HCM","Ăn vặt/vỉa hè, ","Bánh mì, Bánh - Kẹo, Ăn vặt - Ăn nhẹ, ","Món Á, Campuchia, ",14:00 - 21:00,14:00 - 21:00,14:00 - 21:00,14:00 - 21:00,14:00 - 21:00,14:00 - 21:00,14:00 - 21:00,no,yes,yes,5.000 -15.000,7.8,7.5,6.6,7.4,336
94,A Tùng - Bánh Mì Bò Nướng Bơ Cambodia - Lê Hồng Phong,10.7734234000000,106.6716375000000,"837 Lê Hồng Phong, P. 12, Quận 10, TP. HCM","Ăn vặt/vỉa hè, ","Bánh mì, Thịt Bò, Bánh - Kẹo, Ăn vặt - Ăn nhẹ, Nem, ","Món Á, Campuchia, ",09:00 - 22:30,09:00 - 22:30,09:00 - 22:30,09:00 - 22:30,09:00 - 22:30,09:00 - 22:30,09:00 - 22:30,no,yes,yes,5.000 -15.000,6.5,6.2,0.0,6.2,30
94,A Tùng - Bánh Mì Bò Nướng Bơ Cambodia - Phạm Viết Chánh,10.7675571000000,106.6850498000000,"112B Phạm Viết Chánh, P. Nguyễn Cư Trinh, Quận 1, TP. HCM","Quán ăn, ","Bánh mì, Bánh - Kẹo, Bánh tằm, ",,14:00 - 22:00,14:00 - 22:00,14:00 - 22:00,14:00 - 22:00,14:00 - 22:00,14:00 - 22:00,14:00 - 22:00,no,no,no,5.000 -15.000,0.0,0.0,0.0,_._,0
95,Kem Bạch Đằng,10.7746860000000,106.7009660000000,"26 Lê Lợi, P. Bến Nghé, Quận 1, TP. HCM","Café/Dessert, ","Café - Kem, Sinh tố - Nước ép, ","Món Việt, ",09:30 - 22:30,09:30 - 22:30,09:30 - 22:30,09:30 - 22:30,09:30 - 22:30,09:30 - 22:30,09:30 - 22:30,no,no,no,40.000 -110.000,6.6,6.4,6.8,6.6,191
96,Con Voi Vàng - Hai Bà Trưng,10.7770990000000,106.7046830000000,"34 Hai Bà Trưng, P. Bến Nghé, Quận 1, TP. HCM","Nhà hàng, ","Thịt Gà, Cơm Chiên, Thịt Heo, Bún, Thịt Bò, Hải sản, Mì, Lẩu, Món chay, Cơm, ","Món Thái, ","11:15 - 14:00, 17:00 - 21:00","11:15 - 14:00, 17:00 - 21:00","11:15 - 14:00, 17:00 - 21:00","11:15 - 14:00, 17:00 - 21:00","11:15 - 14:00, 17:00 - 21:00","11:15 - 14:00, 17:00 - 21:00","11:15 - 14:00, 17:00 - 21:00",no,yes,yes,150.000 -330.000,7.9,7.6,7.5,7.6,156
97,KOI Thé - SC VivoCity,10.7299087000000,106.7034179000000,"Tầng 1 - 01 - 16, Khu F SC VivoCity, 1058 Nguyễn Văn Linh, KP. 1, P. Tân Phong, Quận 7, TP. HCM","Café/Dessert, ","Trà, Sinh tố - Nước ép, Thức uống, Trà sữa, Sữa, ","Món Á, Singapore, ",10:00 - 22:00,10:00 - 22:00,10:00 - 22:00,10:00 - 22:00,10:00 - 22:00,09:00 - 22:00,09:00 - 22:00,yes,no,no,40.000 -60.000,7.8,7.5,6.7,7.2,466
97,KOI Thé - Vincom Mega Mall Thảo Điền,10.8021270000000,106.7406980000000,"B1-K11-K12-K13, Vincom Mega Mall Thảo Điền, 161 Xa Lộ Hà Nội, P. Thảo Điền, Tp. Thủ Đức, TP. HCM","Café/Dessert, ","Trà, Café - Kem, Sinh tố - Nước ép, Thức uống, Trà sữa, Sữa, ","Món Á, Singapore, ",09:30 - 22:00,09:30 - 22:00,09:30 - 22:00,09:30 - 22:00,09:30 - 22:00,09:30 - 22:00,09:30 - 22:00,no,no,yes,40.000 -60.000,8.0,7.7,7.4,7.5,166
97,KOI Thé - AEON Mall Bình Tân,10.7429605000000,106.6118665000000,"Lô F29B, Tầng 1, Aeon Mall Bình Tân, 1 Đường Số 17A, P. Bình Trị Đông, Quận Bình Tân, TP. HCM","Café/Dessert, ","Trà, Café - Kem, Sinh tố - Nước ép, Thức uống, Trà sữa, Sữa, ","Món Á, Singapore, ",10:00 - 21:30,10:00 - 21:30,10:00 - 21:30,10:00 - 21:30,10:00 - 21:30,09:00 - 21:30,09:00 - 21:30,no,no,yes,40.000 -60.000,7.8,7.5,7.1,7.3,225
97,KOI Thé - Hồ Tùng Mậu,10.7730204000000,106.7033316000000,"108 - 110 Hồ Tùng Mậu, P. Bến Nghé, Quận 1, TP. HCM","Café/Dessert, ","Trà, Café - Kem, Sinh tố - Nước ép, Thức uống, Trà sữa, Sữa, ","Món Á, Singapore, ",09:00 - 22:00,09:00 - 22:00,09:00 - 22:00,09:00 - 22:00,09:00 - 22:00,09:00 - 22:00,09:00 - 22:00,yes,no,yes,40.000 -60.000,7.9,7.5,7.7,7.5,363
97,KOI Thé - Pearl Plaza,10.7999104000000,106.7184609000000,"L1-01 Pearl Plaza, 561A Điện Biên Phủ, P. 25, Quận Bình Thạnh, TP. HCM","Café/Dessert, ","Trà, Thức uống, Trà sữa, Sữa, ","Món Á, Đài Loan, Singapore, ",09:00 - 22:00,09:00 - 22:00,09:00 - 22:00,09:00 - 22:00,09:00 - 22:00,09:00 - 22:00,09:00 - 22:00,no,no,yes,40.000 -60.000,7.9,7.5,7.6,7.5,167
97,KOI Thé - Lotte Mart Nam Sài Gòn,10.7411718000000,106.7012142000000,"Tầng Trệt, Lotte Mart Nguyễn Hữu Thọ, 469 Nguyễn Hữu Thọ, P. Tân Hưng, Quận 7, TP. HCM","Café/Dessert, ","Trà, Thức uống, Trà sữa, Sữa, ","Món Á, Singapore, ",09:00 - 22:00,09:00 - 22:00,09:00 - 22:00,09:00 - 22:00,09:00 - 22:00,08:00 - 22:00,08:00 - 22:00,no,no,yes,40.000 -60.000,7.9,7.7,7.5,7.6,68
97,KOI Thé - Nguyễn Đức Cảnh,10.7221250000000,106.7111767000000,"157 Khu Grand View, Nguyễn Đức Cảnh, P. Tân Phong, Quận 7, TP. HCM","Café/Dessert, ","Trà, Thức uống, Trà sữa, Sữa, ","Món Á, Singapore, ",10:00 - 22:00,10:00 - 22:00,10:00 - 22:00,10:00 - 22:00,10:00 - 22:00,09:00 - 22:00,09:00 - 22:00,no,no,yes,30.000 -60.000,7.4,7.6,7.8,7.6,36
97,KOI Thé - 119 Phan Xích Long,10.7973529000000,106.6900232000000,"119 - 121 Phan Xích Long, P. 2, Quận Phú Nhuận, TP. HCM","Café/Dessert, ","Trà, Thức uống, Trà sữa, Sữa, ","Món Á, Singapore, ",10:00 - 22:00,10:00 - 22:00,10:00 - 22:00,10:00 - 22:00,10:00 - 22:00,10:00 - 22:00,10:00 - 22:00,yes,no,yes,30.000 -70.000,7.5,6.7,6.9,6.9,305
97,KOI Thé - Nowzone,10.7641260000000,106.6825220000000,"Vào Mall Quẹo Trái Tầng G Nowzone, 235 Nguyễn Văn Cừ, P. Nguyễn Cư Trinh, Quận 1, TP. HCM","Café/Dessert, ","Trà, Thức uống, Trà sữa, Sữa, ","Món Á, Singapore, ",08:00 - 21:30,08:00 - 21:30,08:00 - 21:30,08:00 - 21:30,08:00 - 21:30,08:00 - 21:30,08:00 - 21:30,yes,no,yes,40.000 -60.000,7.9,7.6,7.3,7.6,43
97,KOI Thé - Phan Xích Long,10.7987247000000,106.6862778000000,"137 Cù Lao (Ngã 3 Phan Xích Long và Cù Lao), P. 2, Quận Phú Nhuận, TP. HCM","Café/Dessert, ","Trà, Thức uống, Trà sữa, Sữa, ","Món Á, Singapore, ",10:00 - 22:00,10:00 - 22:00,10:00 - 22:00,10:00 - 22:00,10:00 - 22:00,10:00 - 22:00,10:00 - 22:00,yes,no,no,30.000 -70.000,6.1,0.0,6.2,6.1,28
97,KOI Thé - Pasteur,10.7730985000000,106.7016113000000,"120 Pasteur, P. Bến Nghé, Quận 1, TP. HCM","Café/Dessert, ","Trà, Thức uống, Trà sữa, Sữa, ","Món Á, Singapore, ",09:00 - 22:00,09:00 - 22:00,09:00 - 22:00,09:00 - 22:00,09:00 - 22:00,09:00 - 22:00,09:00 - 22:00,no,no,yes,40.000 -60.000,7.6,7.1,7.8,7.5,79
97,KOI Thé - Phan Văn Trị,10.8239125000000,106.6918946000000,"L6.2 Khu Dân Cư City Land, Phan Văn Trị, P. 5, Quận Gò Vấp, TP. HCM","Café/Dessert, ","Trà, Thức uống, Trà sữa, Sữa, ","Món Á, Singapore, ",09:00 - 22:00,09:00 - 22:00,09:00 - 22:00,09:00 - 22:00,09:00 - 22:00,09:00 - 22:00,09:00 - 22:00,no,no,yes,40.000 -70.000,7.4,6.7,7.2,7.0,55
98,Đen Đá Cafe - Trà Sữa & Trà Đào - Pasteur,10.7785250000000,106.6983050000000,"182 Pasteur, Quận 1, TP. HCM","Café/Dessert, ","Trà, Café - Kem, Sinh tố - Nước ép, Thức uống, Trà sữa, Sữa, ","Món Việt, ",00:01 - 23:59,00:01 - 23:59,00:01 - 23:59,00:01 - 23:59,00:01 - 23:59,00:01 - 23:59,00:01 - 23:59,no,no,yes,25.000 -55.000,6.7,6.2,6.8,6.7,366
99,Secret Garden - Vietnamese Restaurant & Tea House,10.7771880000000,106.6998680000000,"158 Bis/40-41 Pasteur, P. Bến Nghé, Quận 1, TP. HCM","Nhà hàng, ","Thịt Gà, Thịt Bò, Thịt Heo, Hải sản, ","Món Việt, ",08:00 - 22:00,08:00 - 22:00,08:00 - 22:00,08:00 - 22:00,08:00 - 22:00,08:00 - 22:00,08:00 - 22:00,no,yes,yes,150.000 -330.000,7.6,7.1,8.1,7.4,132
100,Stix - Hải Sản Cao Cấp,10.7802860000000,106.6916120000000,"174A Nguyễn Đình Chiểu, P. 6, Quận 3, TP. HCM","Sang trọng, Nhà hàng, ","Hải sản, ","Món Âu, ",10:00 - 23:00,10:00 - 23:00,10:00 - 23:00,10:00 - 23:00,10:00 - 23:00,10:00 - 23:00,10:00 - 23:00,no,yes,yes,1.000.000 -1.650.000,7.4,7.1,7.6,7.2,108
100,Lẩu Hoàng Yến - Phú Mỹ Hưng,10.7275720000000,106.7195500000000,"103 Tôn Dật Tiên, Quận 7, TP. HCM","Nhà hàng, ","Thịt Gà, Thịt Bò, Thịt Heo, Hải sản, ","Món Việt, ",10:00 - 22:00,10:00 - 22:00,10:00 - 22:00,10:00 - 22:00,10:00 - 22:00,10:00 - 22:00,10:00 - 22:00,no,yes,no,100.000 -550.000,6.8,6.7,7.5,6.9,42
100,Hoàng Yến Buffet Premier - Bitexco Tower,10.7737470000000,106.7009090000000,"Tầng 3, Bitexco Tower, 2 Hải Triều, P. Bến Nghé, Quận 1, TP. HCM","Nhà hàng, ",,"Món Việt, ","11:00 - 14:00, 18:00 - 22:00","11:00 - 14:00, 18:00 - 22:00","11:00 - 14:00, 18:00 - 22:00","11:00 - 14:00, 18:00 - 22:00","11:00 - 14:00, 18:00 - 22:00","11:00 - 14:00, 18:00 - 22:00","11:00 - 14:00, 18:00 - 22:00",no,yes,yes,400.000 -810.000,7.0,7.1,7.6,7.1,166
100,Hoàng Yến Buffet - Vincom Center,10.7781380717904,106.7020189762116,"B3-27, Tầng B3, Vincom Center, 72 Lê Thánh Tôn, P. Bến Nghé, Quận 1, TP. HCM","Nhà hàng, Buffet, ",,"Món Việt, ","11:00 - 14:00, 18:00 - 22:00","11:00 - 14:00, 18:00 - 22:00","11:00 - 14:00, 18:00 - 22:00","11:00 - 14:00, 18:00 - 22:00","11:00 - 14:00, 18:00 - 22:00","11:00 - 14:00, 18:00 - 22:00","11:00 - 14:00, 18:00 - 22:00",no,yes,yes,200.000 -550.000,6.3,6.6,7.1,6.6,118
100,Hoàng Yến Buffet Premier - Saigon Centre,10.7735990000000,106.7009370000000,"Tầng 5, Saigon Centre, 65 Lê Lợi, P. Bến Nghé, Quận 1, TP. HCM","Nhà hàng, ","Thịt Gà, Thịt Bò, Thịt Heo, Hải sản, ","Món Việt, ","11:00 - 14:00, 18:00 - 22:00","11:00 - 14:00, 18:00 - 22:00","11:00 - 14:00, 18:00 - 22:00","11:00 - 14:00, 18:00 - 22:00","11:00 - 14:00, 18:00 - 22:00","11:00 - 14:00, 18:00 - 22:00","11:00 - 14:00, 18:00 - 22:00",no,yes,yes,400.000 -810.000,6.3,6.4,7.0,6.4,70
100,Hoàng Yến Buffet - Cao Thắng Mall,10.7690520000000,106.6831450000000,"Lầu 3, Cao Thắng Mall, 19 Cao Thắng, Quận 3, TP. HCM","Buffet, ",,"Món Việt, ",10:00 - 22:00,10:00 - 22:00,10:00 - 22:00,10:00 - 22:00,10:00 - 22:00,10:00 - 22:00,10:00 - 22:00,yes,yes,yes,200.000 -810.000,7.2,7.0,7.8,7.3,72
100,Lẩu Hoàng Yến - Cao Thắng Mall,10.7689529000000,106.6829112000000,"Lầu 3, Cao Thắng Mall, 19 Cao Thắng, P. 2, Quận 3, TP. HCM","Nhà hàng, ","Thịt Gà, Thịt Bò, Thịt Heo, Hải sản, Món nước, Lẩu, ","Món Việt, ",10:00 - 22:00,10:00 - 22:00,10:00 - 22:00,10:00 - 22:00,10:00 - 22:00,10:00 - 22:00,10:00 - 22:00,no,yes,no,100.000 -500.000,7.2,7.1,7.3,7.2,27
100,Flora Kitchen - Cooking Class,10.7849040000000,106.6958810000000,"Lầu 5 Nhà Hàng Hoàng Yến, 148 Hai Bà Trưng, P. Đa Kao, Quận 1, TP. HCM","Trường dạy nghề, ",,"Quốc tế, ",08:00 - 22:00,08:00 - 22:00,08:00 - 22:00,08:00 - 22:00,08:00 - 22:00,08:00 - 22:00,08:00 - 22:00,yes,yes,yes,300.000 -700.000,9.5,10.0,8.5,8.6,2
100,Lẩu Hoàng Yến - Vạn Hạnh Mall,10.7708090000000,106.6698510000000,"13A Vạn Hạnh Mall, 11 Sư Vạn Hạnh, P. 12, Quận 10, TP. HCM","Nhà hàng, ","Lẩu, ","Món Việt, ",10:00 - 22:00,10:00 - 22:00,10:00 - 22:00,10:00 - 22:00,10:00 - 22:00,10:00 - 22:00,10:00 - 22:00,no,no,yes,100.000 -500.000,7.1,6.6,7.1,6.8,36
100,Hoàng Yến Buffet - Vạn Hạnh Mall,10.7707740000000,106.6697300000000,"Lầu 5, 13 Vạn Hạnh Mall, 11 Sư Vạn Hạnh, P. 12, Quận 10, TP. HCM","Buffet, ",,"Món Việt, ",09:00 - 22:00,09:00 - 22:00,09:00 - 22:00,09:00 - 22:00,09:00 - 22:00,09:00 - 22:00,09:00 - 22:00,yes,yes,yes,200.000 -810.000,7.1,7.3,7.4,7.2,79
100,Hoàng Yến Buffet - The Garden Mall,10.7545644000000,106.6570963000000,"Zone C, Tầng 3 The Garden Mall, 190 Hồng Bàng, P. 12, Quận 5, TP. HCM","Buffet, ",,"Món Việt, ","11:00 - 14:00, 18:00 - 22:00","11:00 - 14:00, 18:00 - 22:00","11:00 - 14:00, 18:00 - 22:00","11:00 - 14:00, 18:00 - 22:00","11:00 - 14:00, 18:00 - 22:00","11:00 - 14:00, 18:00 - 22:00","11:00 - 14:00, 18:00 - 22:00",yes,yes,yes,200.000 -385.000,8.2,8.2,8.4,7.8,55
100,Hoàng Yến Buffet - Pearl Plaza,10.7999894196360,106.7185702174902,"Tầng 4, Pearl Plaza, 561A Điện Biên Phủ, P. 25, Quận Bình Thạnh, TP. HCM","Nhà hàng, ","Thịt Gà, Thịt Bò, Thịt Heo, Hải sản, Món nước, Lẩu, ","Món Việt, ",18:00 - 22:00,18:00 - 22:00,18:00 - 22:00,18:00 - 22:00,18:00 - 22:00,18:00 - 22:00,18:00 - 22:00,no,yes,yes,200.000 -385.000,8.1,7.8,8.6,8.2,38
101,Sài Gòn Ơi Cafe - Nguyễn Huệ,10.7740523000000,106.7041406000000,"Tầng 5, Chung Cư 42 Nguyễn Huệ, P. Bến Nghé, Quận 1, TP. HCM","Café/Dessert, ","Trà, Trà chanh, Café - Kem, Sinh tố - Nước ép, Thức uống, Nước ngọt, ","Món Việt, ",08:30 - 21:30,08:30 - 21:30,08:30 - 21:30,08:30 - 21:30,08:30 - 21:30,08:30 - 21:30,08:30 - 21:30,no,yes,yes,40.000 -100.000,6.6,6.8,7.8,7.1,294
102,Thế Giới Tàu Hũ - Trần Đình Xu,10.7622943000000,106.6887689000000,"122D Trần Đình Xu, P. Nguyễn Cư Trinh, Quận 1, TP. HCM","Ăn vặt/vỉa hè, ","Đậu hũ, Bánh - Kẹo, Sinh tố - Nước ép, Ăn vặt - Ăn nhẹ, Bánh xèo, Nem, Thức uống, Nước ngọt, ","Món Việt, ",11:00 - 22:00,11:00 - 22:00,11:00 - 22:00,11:00 - 22:00,11:00 - 22:00,11:00 - 22:00,11:00 - 22:00,yes,yes,yes,10.000 -44.000,7.0,6.4,6.3,6.8,311
103,Tokyo Deli Express - Sushi - Trần Hưng Đạo,10.7649670000000,106.6925640000000,"120Bis Trần Hưng Đạo, P. Phạm Ngũ Lão, Quận 1, TP. HCM","Nhà hàng, ","Thịt Bò, Thịt Heo, Hải sản, Món nước, Mì, Lẩu, Sushi & Sashimi, Salad, Café - Kem, Sinh tố - Nước ép, Ăn vặt - Ăn nhẹ, ","Món Á, Món Nhật, ",11:00 - 20:00,11:00 - 20:00,11:00 - 20:00,11:00 - 20:00,11:00 - 20:00,11:00 - 20:00,11:00 - 20:00,no,yes,yes,80.000 -165.000,8.0,7.7,7.8,7.8,153
104,Gyu Shige - Ngưu Phồn - Nướng Nhật Bản - Saigon Centre,10.7731890000000,106.7011200000000,"L5 - 16, Saigon Centre, 67 Lê Lợi, P. Bến Nghé, Quận 1, TP. HCM","Nhà hàng, ","Thịt Gà, Thịt Bò, Thịt Heo, ","Món Á, Món Nhật, ",10:00 - 22:00,10:00 - 22:00,10:00 - 22:00,10:00 - 22:00,10:00 - 22:00,10:00 - 22:00,10:00 - 22:00,no,yes,yes,150.000 -300.000,8.2,7.6,7.5,7.7,149
104,Gyu Shige - Ngưu Phồn - Nướng Nhật Bản - Nguyễn Thị Minh Khai,10.7701710000000,106.6862450000000,"183A Nguyễn Thị Minh Khai, P. Phạm Ngũ Lão, Quận 1, TP. HCM","Nhà hàng, ",,"Món Á, Món Nhật, ",10:00 - 22:00,10:00 - 22:00,10:00 - 22:00,10:00 - 22:00,10:00 - 22:00,10:00 - 22:00,10:00 - 22:00,no,yes,yes,150.000 -300.000,7.3,6.3,7.1,6.9,116
104,Gyu Shige - Ngưu Phồn - Nướng Nhật Bản - Trần Hưng Đạo,10.7693210000000,106.6962700000000,"6A Trần Hưng Đạo, P. Phạm Ngũ Lão, Quận 1, TP. HCM","Nhà hàng, ","Thịt Bò, Hải sản, Lẩu, Sushi & Sashimi, Thức uống, ","Món Á, Món Nhật, ",10:00 - 22:00,10:00 - 22:00,10:00 - 22:00,10:00 - 22:00,10:00 - 22:00,10:00 - 22:00,10:00 - 22:00,no,yes,yes,150.000 -300.000,7.9,7.5,7.6,7.7,57
104,Gyu Shige - Ngưu Phồn - Nướng Nhật Bản - Phan Văn Trị,10.8229760000000,106.6927760000000,"463 Phan Văn Trị, Quận Gò Vấp, TP. HCM","Nhà hàng, ",,"Món Á, Món Nhật, ",10:30 - 23:30,10:30 - 23:30,10:30 - 23:30,10:30 - 23:30,10:30 - 23:30,10:30 - 23:30,10:30 - 23:30,no,yes,yes,150.000 -400.000,7.5,7.1,7.7,7.4,28
104,Gyu Shige - Ngưu Phồn - Nướng Nhật Bản - Đông Du,10.7763370000000,106.7048280000000,"48 - 50 Đông Du, P. Bến Nghé, Quận 1, TP. HCM","Nhà hàng, ","Thịt Gà, Thịt Bò, Thịt Heo, Hải sản, ","Món Á, Món Nhật, ",10:30 - 22:30,10:30 - 22:30,10:30 - 22:30,10:30 - 22:30,10:30 - 22:30,10:30 - 22:30,10:30 - 22:30,no,no,no,150.000 -300.000,8.5,7.5,7.6,7.9,10
104,Gyu Shige - Ngưu Phồn - Nướng Nhật Bản - Hồ Tùng Mậu,10.7734890000000,106.7029390000000,"119 Hồ Tùng Mậu, P. Bến Nghé, Quận 1, TP. HCM","Nhà hàng, ","Thịt Bò, Thịt Heo, Lẩu, Ăn vặt - Ăn nhẹ, Thức uống, ","Món Á, Món Nhật, ",10:00 - 22:00,10:00 - 22:00,10:00 - 22:00,10:00 - 22:00,10:00 - 22:00,10:00 - 22:00,10:00 - 22:00,no,yes,yes,150.000 -300.000,8.0,7.8,7.9,8.0,12
105,Đo Đo Quán - Món Quảng,10.7699790000000,106.6867680000000,"10/14 Lương Hữu Khánh, P. Phạm Ngũ Lão, Quận 1, TP. HCM","Quán ăn, ","Bún, Hải sản, Món nước, Mì, Cá, Bánh - Kẹo, Bánh bèo, Đặc sản vùng, ","Món Việt, Món Miền Trung, Món Quảng, ",08:00 - 15:00,08:00 - 15:00,08:00 - 15:00,08:00 - 15:00,08:00 - 15:00,08:00 - 15:00,08:00 - 15:00,yes,no,no,25.000 -110.000,7.1,6.4,6.3,6.6,160
106,Eleven Restaurant,10.7716616000000,106.6950953000000,"29 Lê Anh Xuân, P. Bến Thành, Quận 1, TP. HCM","Nhà hàng, Café/Dessert, ","Café - Kem, Sinh tố - Nước ép, Thức uống, ","Món Việt, Món Á, ",07:00 - 23:00,07:00 - 23:00,07:00 - 23:00,07:00 - 23:00,07:00 - 23:00,07:00 - 23:00,07:00 - 23:00,no,yes,yes,150.000 -300.000,7.7,7.4,7.9,7.6,133
107,Rico Taco - Mexican Restaurant,10.7785259000000,106.7035904000000,"74/7 Hai Bà Trưng, P. Bến Nghé, Quận 1, TP. HCM","Nhà hàng, ","Salad, Cơm văn phòng, Cơm, Halal, ","Mexico, Châu Mỹ, ",10:00 - 20:00,10:00 - 20:00,10:00 - 20:00,10:00 - 20:00,10:00 - 20:00,10:00 - 20:00,10:00 - 20:00,no,no,no,100.000 -300.000,7.7,7.5,8.0,7.5,128
108,Gyumaru Restaurant 牛丸 - Hamburger & Steak - Lê Thánh Tôn,10.7820450000000,106.7052410000000,"8/3 Lê Thánh Tôn, P. Bến Nghé, Quận 1, TP. HCM","Nhà hàng, ","Thịt Bò, Beefsteak - Bò né, Sushi & Sashimi, Salad, ","Món Á, Món Nhật, ",11:00 - 21:30,11:00 - 21:30,11:00 - 21:30,11:00 - 21:30,11:00 - 21:30,11:00 - 21:30,11:00 - 21:30,yes,yes,yes,100.000 -300.000,7.8,7.7,7.3,7.4,135
109,Curry Shika - Mochi & Dango,10.7696730000000,106.6923090000000,"1/4 Nguyễn Văn Tráng, P. Bến Thành, Quận 1, TP. HCM","Nhà hàng, ","Thịt Bò, Hải sản, Món nước, Sushi & Sashimi, Bánh - Kẹo, Café - Kem, Ăn vặt - Ăn nhẹ, Rượu vang, Thức uống, Bia, Nước ngọt, ","Món Á, Món Nhật, ",11:00 - 21:00,11:00 - 21:00,11:00 - 21:00,11:00 - 21:00,11:00 - 21:00,11:00 - 21:00,11:00 - 21:00,no,no,yes,25.000 -269.000,7.9,8.4,7.8,7.4,127
110,Mellow Creperie Cafe (Le Cottage Cũ),10.7899000000000,106.6961060000000,"51A Huỳnh Khương Ninh, P. Đa Kao, Quận 1, TP. HCM","Nhà hàng, Café/Dessert, Quán ăn, ","Trà, Hamburger, Crepe, Beefsteak - Bò né, Súp, Pizza & Pasta, Salad, Café - Kem, Sinh tố - Nước ép, Ăn vặt - Ăn nhẹ, Cơm, Rượu vang, Thức uống, Nước ngọt, Cocktail, Trà sữa, ","Mỹ, Món Âu, Pháp, ",09:00 - 22:00,09:00 - 22:00,09:00 - 22:00,09:00 - 22:00,09:00 - 22:00,09:00 - 22:00,09:00 - 22:00,no,no,yes,20.000 -119.000,7.3,7.6,7.9,7.2,124
111,Chè Khúc Bạch Thanh - Hoàng Sa,10.7939002000000,106.6863030000000,"361 Đường Hoàng Sa, P. Tân Định, Quận 1, TP. HCM","Ăn vặt/vỉa hè, Quán ăn, ","Chè, Ăn vặt - Ăn nhẹ, Nem, ","Món Việt, ",10:00 - 22:45,10:00 - 22:45,10:00 - 22:45,10:00 - 22:45,10:00 - 22:45,10:00 - 22:45,10:00 - 22:45,no,no,no,20.000 -33.000,7.5,6.8,6.6,6.9,572
112,Nhà Hàng Chay Phương Mai - Võ Thị Sáu,10.7891890000000,106.6920360000000,"82/86F Võ Thị Sáu, P. Tân Định, Quận 1, TP. HCM","Ăn chay, ","Cơm Chiên, Bún, Hủ tiếu, Miến, Món chay, Cơm, ","Món Việt, Món Á, ",09:00 - 22:00,09:00 - 22:00,09:00 - 22:00,09:00 - 22:00,09:00 - 22:00,09:00 - 22:00,09:00 - 22:00,no,no,yes,50.000 -200.000,8.3,8.0,8.6,8.2,144
113,Cocodak Restaurant - Gà Hàn Quốc,10.7730740000000,106.6954990000000,"192 Lý Tự Trọng, P. Bến Thành, Quận 1, TP. HCM","Nhà hàng, ","Thịt Gà, Lẩu, ","Món Á, Món Hàn, ",10:30 - 22:00,10:30 - 22:00,10:30 - 22:00,10:30 - 22:00,10:30 - 22:00,10:30 - 22:00,10:30 - 22:00,no,no,yes,30.000 -200.000,7.6,7.4,7.8,7.5,248
113,Cocodak – Cơm Trưa Văn Phòng,10.7730744000000,106.6954992000000,"192 Lý Tự Trọng, P. Bến Thành, Quận 1, TP. HCM","Quán ăn, ","Cơm văn phòng, Cơm, ","Món Việt, ",09:00 - 15:00,09:00 - 15:00,09:00 - 15:00,09:00 - 15:00,09:00 - 15:00,09:00 - 15:00,09:00 - 15:00,no,no,no,59.000 -67.000,8.6,7.8,8.8,8.3,5
114,Bún Đậu A Vừng - Lương Hữu Khánh,10.7694000000000,106.6867190000000,"6AB Lương Hữu Khánh, P. Phạm Ngũ Lão, Quận 1, TP. HCM","Quán ăn, ","Đậu hũ, Bún, Thịt Heo, Món nước, Chả giò, Ăn vặt - Ăn nhẹ, Nem, ","Món Bắc, Hà Nội, ",10:00 - 22:00,10:00 - 22:00,10:00 - 22:00,10:00 - 22:00,10:00 - 22:00,10:00 - 22:00,10:00 - 22:00,no,no,no,25.000 -50.000,6.7,6.2,6.4,6.5,322
115,Riverside Cafe Buffet - Renaissance Riverside Hotel,10.7743545000000,106.7065405999999,"Renaissance Riverside Hotel, 8 - 15 Tôn Đức Thắng, Quận 1, TP. HCM","Nhà hàng, Buffet, ","Thịt Gà, Thịt Bò, Thịt Heo, Hải sản, ","Quốc tế, ","11:00 - 14:30, 18:00 - 22:00","11:00 - 14:30, 18:00 - 22:00","11:00 - 14:30, 18:00 - 22:00","11:00 - 14:30, 18:00 - 22:00","11:00 - 14:30, 18:00 - 22:00","11:00 - 14:30, 18:00 - 22:00","11:00 - 14:30, 18:00 - 22:00",no,yes,yes,500.000 -1.100.000,7.7,7.7,8.0,7.6,54
115,Kabin Restaurant - Renaissance Riverside Hotel,10.7742660000000,106.7064550000000,"Renaissance Riverside Hotel, 8 - 15 Tôn Đức Thắng, Quận 1, TP. HCM","Sang trọng, Nhà hàng, ","Thịt Gà, Thịt Bò, Thịt Heo, Hải sản, Lẩu, ","Món Á, Món Trung Hoa, ",10:00 - 23:00,10:00 - 23:00,10:00 - 23:00,10:00 - 23:00,10:00 - 23:00,10:00 - 23:00,10:00 - 23:00,no,yes,yes,300.000 -550.000,7.3,7.0,7.4,7.2,75
115,Lobby Lounge - Renaissance Riverside Hotel,10.7743545000000,106.7065405999999,"Tầng trệt, Renaissance Riverside Hotel, 8 - 15 Tôn Đức Thắng, Quận 1, TP. HCM","Café/Dessert, ","Món nước, Café - Kem, Sinh tố - Nước ép, Thức uống, Cocktail, ","Quốc tế, ",07:00 - 22:00,07:00 - 22:00,07:00 - 22:00,07:00 - 22:00,07:00 - 22:00,07:00 - 22:00,07:00 - 22:00,no,no,yes,80.000 -300.000,8.3,8.3,7.7,8.1,3
115,Atrium Lounge - Renaissance Riverside Hotel,10.7743545000000,106.7065405999999,"Renaissance Riverside Hotel, 8 - 15 Tôn Đức Thắng, Quận 1, TP. HCM","Bar/Pub, ","Café - Kem, Sinh tố - Nước ép, Thức uống, Cocktail, ","Quốc tế, ",08:00 - 23:00,08:00 - 23:00,08:00 - 23:00,08:00 - 23:00,08:00 - 23:00,08:00 - 23:00,08:00 - 23:00,yes,no,yes,100.000 -500.000,0.0,0.0,0.0,_._,0
115,Liquid Sky Bar - Renaissance Riverside Hotel,10.7742660000000,106.7064550000000,"Renaissance Riverside Hotel, 8 - 15 Tôn Đức Thắng, Quận 1, TP. HCM","Bar/Pub, ","Thức uống, ","Món Việt, ",17:00 - 00:00,17:00 - 00:00,17:00 - 00:00,17:00 - 00:00,17:00 - 00:00,17:00 - 00:00,17:00 - 00:00,yes,no,yes,300.000 -1.000.000,6.0,8.0,7.0,7.2,1
116,Ngọc Sương - Sương Nguyệt Ánh,10.7717600000000,106.6889940000000,"106 Sương Nguyệt Ánh, P. Phạm Ngũ Lão, Quận 1, TP. HCM","Sang trọng, Nhà hàng, Tiệc cưới/Hội nghị, ","Thịt Gà, Trà, Thịt Bò, Hải sản, Bào Ngư, Lẩu, Cháo, Nghêu - Sò - Ốc, Sinh tố - Nước ép, Thức uống, Bia, Nước ngọt, Trái cây, ","Món Việt, ",10:00 - 22:00,10:00 - 22:00,10:00 - 22:00,10:00 - 22:00,10:00 - 22:00,10:00 - 22:00,10:00 - 22:00,no,yes,yes,50.000 -330.000,7.0,6.9,6.9,6.9,213
116,Ngọc Sương - Hoàng Việt,10.7970910000000,106.6592480000000,"6 Hoàng Việt, Quận Tân Bình, TP. HCM","Sang trọng, Nhà hàng, ","Thịt Gà, Trà, Thịt Bò, Hải sản, Bào Ngư, Lẩu, Cháo, Nghêu - Sò - Ốc, Mực, Sinh tố - Nước ép, Bia, Nước ngọt, Trái cây, ","Món Việt, ",10:00 - 22:00,10:00 - 22:00,10:00 - 22:00,10:00 - 22:00,10:00 - 22:00,10:00 - 22:00,10:00 - 22:00,no,yes,yes,50.000 -330.000,7.6,7.4,7.9,7.4,17
116,Ngọc Sương - Nguyễn Siêu,10.7793420000000,106.7057580000000,"08 Nguyễn Siêu, P. Bến Nghé, Quận 1, TP. HCM","Nhà hàng, ","Tôm, Cơm Chiên, Beefsteak - Bò né, Cua - Ghẹ, Thịt Bò, Hải sản, Hủ tiếu, Mì, Lẩu, Cá, Nghêu - Sò - Ốc, Mực, Cơm, ","Món Việt, ",10:00 - 23:00,10:00 - 23:00,10:00 - 23:00,10:00 - 23:00,10:00 - 23:00,10:00 - 23:00,10:00 - 23:00,no,yes,yes,50.000 -500.000,6.5,6.5,8.5,7.0,2
117,Bún Đậu 46 - 60 Cao Bá Nhạ,10.7620440000000,106.6895930000000,"60 Cao Bá Nhạ, P. Nguyễn Cư Trinh, Quận 1, TP. HCM","Quán ăn, ","Bún, Ăn vặt - Ăn nhẹ, Nem, ","Món Bắc, ",10:00 - 21:00,10:00 - 21:00,10:00 - 21:00,10:00 - 21:00,10:00 - 21:00,10:00 - 21:00,10:00 - 21:00,no,no,no,50.000 -100.000,7.6,6.7,6.7,7.2,309
118,Quán Nem - Nem Cua Biển & Bún Chả - Nguyễn Thị Minh Khai,10.7857430000000,106.7009790000000,"15E Nguyễn Thị Minh Khai, P. Bến Nghé, Quận 1, TP. HCM","Quán ăn, ","Đậu hũ, Bún, Ăn vặt - Ăn nhẹ, Nem, Cá/bò viên, Thức uống, Bia, Nước ngọt, ","Món Việt, ",10:00 - 22:00,10:00 - 22:00,10:00 - 22:00,10:00 - 22:00,10:00 - 22:00,10:00 - 22:00,10:00 - 22:00,no,yes,yes,20.000 -60.000,7.3,0.0,6.6,6.8,147
119,Pacey Cupcakes - Trần Khánh Dư,10.7940490000000,106.6889425000000,"8 Trần Khánh Dư, P. Tân Định, Quận 1, TP. HCM","Tiệm bánh, ","Cupcake, Bánh - Kẹo, Café - Kem, Sinh tố - Nước ép, ","Mỹ, Châu Mỹ, ",09:00 - 22:00,09:00 - 22:00,09:00 - 22:00,09:00 - 22:00,09:00 - 22:00,09:00 - 22:00,09:00 - 22:00,yes,no,yes,30.000 -66.000,7.9,7.3,7.7,7.5,245
120,Shinsen Sushi - Cách Mạng Tháng 8,10.7727310000000,106.6922640000000,"12B Cách Mạng Tháng 8, P. Bến Thành, Quận 1, TP. HCM","Nhà hàng, ","Tôm, Bún, Hải sản, Mì, Cá, Sushi & Sashimi, Mực, Sinh tố - Nước ép, ","Món Á, Món Nhật, ",14:00 - 22:00,14:00 - 22:00,14:00 - 22:00,14:00 - 22:00,14:00 - 22:00,14:00 - 22:00,14:00 - 22:00,yes,no,no,30.000 -85.000,6.8,6.5,6.8,6.8,261
121,Buddha Chay - Đặng Tất,10.7927710000000,106.6882050000000,"31 Đặng Tất, P. Tân Định, Quận 1, TP. HCM","Nhà hàng, ","Phở, Đậu hũ, Nấm, Hủ tiếu, Mì, Lẩu, Miến, Súp, Salad, Chả giò, Gỏi, Món chay, Ăn vặt - Ăn nhẹ, Cơm, Phá lấu, ","Món Việt, ",10:00 - 22:00,10:00 - 22:00,10:00 - 22:00,10:00 - 22:00,10:00 - 22:00,10:00 - 22:00,10:00 - 22:00,no,no,yes,25.000 -250.000,8.0,7.8,7.9,7.9,292
122,Cá Viên Chiên - Lương Hữu Khánh,10.7686270000000,106.6876530000000,"33A Lương Hữu Khánh, P. Phạm Ngũ Lão, Quận 1, TP. HCM","Ăn vặt/vỉa hè, Quán ăn, ","Ăn vặt - Ăn nhẹ, Cá/bò viên, ","Món Việt, ",16:00 - 22:00,16:00 - 22:00,16:00 - 22:00,16:00 - 22:00,16:00 - 22:00,16:00 - 22:00,16:00 - 22:00,no,no,no,20.000 -55.000,7.5,6.4,6.3,6.8,263
123,Seoul Garden Vincom B,10.7782680000000,106.7020620000000,"B3-16A, Tầng B3, Vincom Center, 72 Lê Thánh Tôn, P. Bến Nghé, Quận 1, TP. HCM","Nhà hàng, Buffet, ","Thịt Gà, Thịt Bò, Hải sản, Lẩu, ","Món Á, Món Hàn, ",10:00 - 21:15,10:00 - 21:15,10:00 - 21:15,10:00 - 21:15,10:00 - 21:15,10:00 - 21:15,10:00 - 21:15,no,yes,yes,300.000 -440.000,7.1,7.2,7.2,7.1,132
124,Phá Lấu Lì - Nguyễn Thị Minh Khai,10.7855429000000,106.7005732000000,"17A Nguyễn Thị Minh Khai, P. Bến Nghé, Quận 1, TP. HCM","Quán ăn, ","Bánh mì, Mì, Cháo, Súp, Bánh - Kẹo, Ăn vặt - Ăn nhẹ, Bánh tằm, Phá lấu, ","Món Việt, ",11:30 - 19:00,11:30 - 19:00,11:30 - 19:00,11:30 - 19:00,11:30 - 19:00,11:30 - 19:00,11:30 - 19:00,no,no,no,30.000 -110.000,6.2,0.0,0.0,6.1,295
125,The Laban - Cafe & Homestay,10.7714500000000,106.6901900000000,"23A Bùi Thị Xuân, Quận 1, TP. HCM","Café/Dessert, Homestay, ","Trà, Café - Kem, Sinh tố - Nước ép, Thức uống, ","Món Việt, ",07:00 - 23:00,07:00 - 23:00,07:00 - 23:00,07:00 - 23:00,07:00 - 23:00,07:00 - 23:00,07:00 - 23:00,no,yes,yes,50.000 -500.000,6.8,6.8,6.7,6.7,588
126,Basilico - Italian Trattoria - InterContinental Residences Saigon,10.7811550000000,106.7006539999999,"Tầng Trệt, InterContinental Residences Saigon, Góc Đường Nguyễn Du & Lê Văn Hưu, P. Bến Nghé, Quận 1, TP. HCM","Sang trọng, Nhà hàng, ",,"Món Âu, Ý, ",06:30 - 22:30,06:30 - 22:30,06:30 - 22:30,06:30 - 22:30,06:30 - 22:30,06:30 - 22:30,06:30 - 22:30,no,yes,yes,75.000 -430.000,7.4,7.5,7.8,7.5,68
126,Yu Chu - Cantonese & Peking - InterContinental Saigon,10.7803690000000,106.7003750000000,"InterContinental Saigon, Góc Đường Hai Bà Trưng & Lê Duẩn, P. Bến Nghé, Quận 1, TP. HCM","Sang trọng, Nhà hàng, ","Trà, Dimsum, Rượu vang, Thức uống, Bia, Nước ngọt, Cocktail, ","Món Á, Món Trung Hoa, ","11:30 - 14:30, 18:00 - 22:00","11:30 - 14:30, 18:00 - 22:00","11:30 - 14:30, 18:00 - 22:00","11:30 - 14:30, 18:00 - 22:00","11:30 - 14:30, 18:00 - 22:00","10:30 - 14:30, 18:00 - 22:00","10:30 - 14:30, 18:00 - 22:00",no,no,no,80.000 -698.000,7.7,7.8,8.1,7.6,62
126,Market 39 Restaurant - Buffet & A La Carte - InterContinental Saigon,10.7811550000000,106.7006539999999,"Tầng Trệt, InterContinental Saigon, Góc Đường Hai Bà Trưng & Lê Duẩn, P. Bến Nghé, Quận 1, TP. HCM","Nhà hàng, ","Thịt Gà, Thịt Bò, Thịt Heo, Hải sản, Lẩu, ","Quốc tế, ",18:00 - 22:00,18:00 - 22:00,18:00 - 22:00,18:00 - 22:00,18:00 - 22:00,18:00 - 22:00,18:00 - 22:00,no,yes,no,330.000 -2.000.000,7.1,7.6,7.9,7.4,56
126,InterContinental Saigon Hotel & Residences,10.7811550000000,106.7006539999999,"Góc Đường Hai Bà Trưng & Lê Duẩn, P. Bến Nghé, Quận 1, TP. HCM","Khách sạn, ",,,00:00 - 23:59,00:00 - 23:59,00:00 - 23:59,00:00 - 23:59,00:00 - 23:59,00:00 - 23:59,00:00 - 23:59,yes,no,yes,4.000.000 -10.000.000,7.0,6.9,7.0,6.9,207
127,Au Parc - Món Địa Trung Hải,10.7787925000000,106.6980650000000,"23 Hàn Thuyên, P. Bến Nghé, Quận 1, TP. HCM","Nhà hàng, ","Thịt Gà, Thịt Bò, Thịt Heo, Hải sản, Thức uống, Fastfood - Thức ăn nhanh, Halal, ","Món Á, Món Âu, ",07:30 - 22:30,07:30 - 22:30,07:30 - 22:30,07:30 - 22:30,07:30 - 22:30,07:30 - 22:30,07:30 - 22:30,no,yes,yes,45.000 -605.000,8.0,7.8,8.2,7.9,105
128,Bánh Canh Cua - Trần Khắc Chân,10.7945250000000,106.6909710000000,"87 Trần Khắc Chân, P. Tân Định, Quận 1, TP. HCM","Quán ăn, ","Tôm, Cua - Ghẹ, Bún, Hải sản, Món nước, Bánh canh, Miến, ","Món Việt, ",11:00 - 20:00,11:00 - 20:00,11:00 - 20:00,11:00 - 20:00,11:00 - 20:00,11:00 - 20:00,11:00 - 20:00,no,no,no,30.000 -55.000,7.5,6.6,0.0,6.7,260
129,Hum Vegetarian - Lounge & Restaurant,10.7763100000000,106.7056870000000,"2 Thi Sách, P. Bến Nghé, Quận 1, TP. HCM","Nhà hàng, Ăn chay, ","Thịt Gà, Thịt Bò, Thịt Heo, Hải sản, Món nước, Lẩu, Bánh - Kẹo, Café - Kem, Sinh tố - Nước ép, Món chay, Cơm văn phòng, Ăn vặt - Ăn nhẹ, Cơm, Rượu vang, Thức uống, Bia, Nước ngọt, Trái cây, ","Quốc tế, ",10:00 - 22:00,10:00 - 22:00,10:00 - 22:00,10:00 - 22:00,10:00 - 22:00,10:00 - 22:00,10:00 - 22:00,no,yes,yes,65.000 -240.000,8.4,7.9,8.6,8.0,105
130,Trà Sữa Xiên Que Hot & Cold - Trần Hưng Đạo,10.7674880000000,106.6944171000000,"32 Trần Hưng Đạo, P. Phạm Ngũ Lão, Quận 1, TP. HCM","Café/Dessert, ","Trà, Trà chanh, Sinh tố - Nước ép, Ăn vặt - Ăn nhẹ, Thức uống, Trà sữa, Sữa, ","Món Việt, Món Á, ",07:00 - 23:00,07:00 - 23:00,07:00 - 23:00,07:00 - 23:00,07:00 - 23:00,07:00 - 23:00,07:00 - 23:00,yes,no,yes,20.000 -55.000,6.7,6.0,6.3,6.5,386
130,Trà Sữa Xiên Que Hot & Cold - Sư Vạn Hạnh,10.7722530000000,106.6694540000000,"744 Sư Vạn Hạnh, P. 12, Quận 10, TP. HCM","Café/Dessert, ","Trà, Café - Kem, Sinh tố - Nước ép, Ăn vặt - Ăn nhẹ, Thức uống, Trà sữa, Sữa, ","Món Việt, ",08:30 - 22:00,08:30 - 22:00,08:30 - 22:00,08:30 - 22:00,08:30 - 22:00,08:30 - 22:00,08:30 - 22:00,no,no,no,30.000 -88.000,6.5,6.1,6.7,6.5,462
130,Trà Sữa Xiên Que Hot & Cold - Bình Chánh,10.7348900000000,106.6894660000000,"132 Đường Số 9A, KDC Trung Sơn, X. Bình Hưng, Huyện Bình Chánh, TP. HCM","Café/Dessert, ","Trà, Café - Kem, Sinh tố - Nước ép, Ăn vặt - Ăn nhẹ, Thức uống, Trà sữa, Sữa, ","Món Việt, ",08:30 - 22:00,08:30 - 22:00,08:30 - 22:00,08:30 - 22:00,08:30 - 22:00,08:30 - 22:00,08:30 - 22:00,no,no,yes,30.000 -88.000,7.0,6.6,7.1,6.9,96
130,Trà Sữa Xiên Que Hot & Cold - Trần Não,10.7975052000000,106.7315421000000,"13B Trần Não, P. Bình An, Tp. Thủ Đức, TP. HCM","Café/Dessert, ","Trà, Thức uống, Trà sữa, Sữa, ",,08:30 - 22:30,08:30 - 22:30,08:30 - 22:30,08:30 - 22:30,08:30 - 22:30,08:30 - 22:30,08:30 - 22:30,no,no,yes,14.000 -55.000,7.2,6.8,6.9,7.1,120
130,Trà Sữa Xiên Que Hot & Cold - Nguyễn Thị Thập,10.7390726000000,106.7100570000000,"390A Nguyễn Thị Thập, P. Tân Quy, Quận 7, TP. HCM","Café/Dessert, ","Thức uống, Trà sữa, ","Món Việt, ",08:30 - 22:30,08:30 - 22:30,08:30 - 22:30,08:30 - 22:30,08:30 - 22:30,08:30 - 22:30,08:30 - 22:30,yes,no,no,14.000 -55.000,7.3,6.7,7.1,7.1,175
130,Trà Sữa Xiên Que Hot & Cold - Hậu Giang,10.7496730000000,106.6470620000000,"64 Hậu Giang, P. 6, Quận 6, TP. HCM","Café/Dessert, ","Trà, Sinh tố - Nước ép, Ăn vặt - Ăn nhẹ, Thức uống, Trà sữa, Sữa, ","Món Việt, ",Đang cập nhật,Đang cập nhật,Đang cập nhật,Đang cập nhật,Đang cập nhật,Đang cập nhật,Đang cập nhật,no,no,no,20.000 -55.000,7.4,7.1,7.5,7.4,84
130,Trà Sữa Xiên Que Hot & Cold - Quang Trung,10.8376510000000,106.6546960000000,"804 Quang Trung, Quận Gò Vấp, TP. HCM","Café/Dessert, ","Trà, Ăn vặt - Ăn nhẹ, Thức uống, Trà sữa, Sữa, ","Món Việt, ",07:00 - 22:00,07:00 - 22:00,07:00 - 22:00,07:00 - 22:00,07:00 - 22:00,07:00 - 22:00,07:00 - 22:00,no,no,no,30.000 -80.000,6.5,0.0,6.1,6.3,230
130,Trà Sữa Xiên Que Hot & Cold - Lũy Bán Bích,10.7764907000000,106.6338926000000,"384 Lũy Bán Bích, P. Hòa Thạnh, Quận Tân Phú, TP. HCM","Café/Dessert, ","Trà, Ăn vặt - Ăn nhẹ, Thức uống, Trà sữa, Sữa, ","Món Việt, ",08:30 - 22:00,08:30 - 22:00,08:30 - 22:00,08:30 - 22:00,08:30 - 22:00,08:30 - 22:00,08:30 - 22:00,no,no,yes,25.000 -50.000,7.1,6.6,7.1,7.1,153
130,Trà Sữa Xiên Que Hot & Cold - Tăng Nhơn Phú,10.8288538000000,106.7718209000000,"97B Tăng Nhơn Phú, P. Phước Long B, Tp. Thủ Đức, TP. HCM","Café/Dessert, ","Trà, Ăn vặt - Ăn nhẹ, Thức uống, Trà sữa, Sữa, ","Món Việt, ",10:00 - 22:00,10:00 - 22:00,10:00 - 22:00,10:00 - 22:00,10:00 - 22:00,10:00 - 22:00,10:00 - 22:00,no,no,yes,30.000 -80.000,7.4,7.2,7.2,7.3,147
130,Trà Sữa Xiên Que Hot & Cold - Lê Văn Sỹ,10.7957812000000,106.6664681000000,"238B Lê Văn Sỹ, P. 1, Quận Tân Bình, TP. HCM","Café/Dessert, ","Trà, Thức uống, Trà sữa, Sữa, ","Món Việt, ",09:00 - 21:00,09:00 - 21:00,09:00 - 21:00,09:00 - 21:00,09:00 - 21:00,09:00 - 21:00,09:00 - 21:00,no,no,yes,20.000 -30.000,6.6,6.4,7.1,6.7,129
130,,null,null,,,,,,,,,,,,yes,yes,yes,,0.0,0.0,0.0,,
130,Trà Sữa Xiên Que Hot & Cold - 393Bis Trần Hưng Đạo,10.7596033000000,106.6882953000000,"393Bis Trần Hưng Đạo, P. Cầu Kho, Quận 1, TP. HCM","Café/Dessert, ","Trà, Sinh tố - Nước ép, Ăn vặt - Ăn nhẹ, Thức uống, Trà sữa, Sữa, ","Món Việt, ",08:15 - 22:15,08:15 - 22:15,08:15 - 22:15,08:15 - 22:15,08:15 - 22:15,08:15 - 22:15,08:15 - 22:15,no,no,yes,2.000 -17.000,8.4,8.4,7.2,8.1,61
131,Lẩu Tươi MK - Vincom Center,10.7781230000000,106.7018740000000,"Tầng B3, Vincom Center, 70 - 72 Lê Thánh Tôn, P. Bến Nghé, Quận 1, TP. HCM","Nhà hàng, ","Lẩu, ","Món Á, Món Trung Hoa, Món Thái, ",09:15 - 21:00,09:15 - 21:00,09:15 - 21:00,09:15 - 21:00,09:15 - 21:00,09:15 - 21:00,09:15 - 21:00,no,yes,yes,200.000 -330.000,7.8,7.6,7.5,7.4,145
131,Lẩu Tươi MK - Mesa Plaza,10.7775852000000,106.6986875999999,"Mesa Plaza, 82 Nguyễn Du, P. Bến Nghé, Quận 1, TP. HCM","Nhà hàng, ","Lẩu, ","Món Á, Món Thái, ",08:00 - 22:00,08:00 - 22:00,08:00 - 22:00,08:00 - 22:00,08:00 - 22:00,08:00 - 22:00,08:00 - 22:00,no,no,no,100.000 -500.000,7.7,7.4,7.6,7.4,40
131,Lẩu Tươi MK - Vincom Mega Mall Thảo Điền,10.8021360000000,106.7407230000000,"Tầng 4, Vincom Mega Mall Thảo Điền, 159 Xa Lộ Hà Nội, P. Thảo Điền, Tp. Thủ Đức, TP. HCM","Nhà hàng, ","Lẩu, ","Món Á, Món Thái, ",09:00 - 21:00,09:00 - 21:00,09:00 - 21:00,09:00 - 21:00,09:00 - 21:00,09:00 - 21:00,09:00 - 21:00,no,no,no,100.000 -500.000,8.1,7.4,7.6,7.6,23
131,Lẩu Tươi MK - AEON Mall Bình Tân,10.7425890000000,106.6114580000000,"Tầng 3, Aeon Mall Bình Tân, 1 Đường Số 17A, P. Bình Trị Đông, Quận Bình Tân, TP. HCM","Nhà hàng, ","Lẩu, ","Món Á, Món Thái, ",10:00 - 22:00,10:00 - 22:00,10:00 - 22:00,10:00 - 22:00,10:00 - 22:00,10:00 - 22:00,10:00 - 22:00,no,no,yes,200.000 -300.000,6.9,7.2,6.9,6.9,15
131,Lẩu Tươi MK - Vạn Hạnh Mall,10.7705810000000,106.6695040000000,"02 Tầng 5 Vạn Hạnh Mall, 11 Sư Vạn Hạnh, P. 12, Quận 10, TP. HCM","Nhà hàng, ","Lẩu, ","Món Á, Món Thái, ",09:00 - 22:00,09:00 - 22:00,09:00 - 22:00,09:00 - 22:00,09:00 - 22:00,09:00 - 22:00,09:00 - 22:00,no,yes,yes,100.000 -500.000,6.9,6.9,6.7,6.9,15
131,Lẩu Tươi MK - Vincom Landmark 81,10.7949370000000,106.7219892000000,"Tầng B1 Vincom Landmark 81, 772 Điện Biên Phủ, P. 22, Quận Bình Thạnh, TP. HCM","Nhà hàng, ","Lẩu, ","Món Á, Món Thái, ",10:00 - 22:00,10:00 - 22:00,10:00 - 22:00,10:00 - 22:00,10:00 - 22:00,10:00 - 22:00,10:00 - 22:00,no,no,no,200.000 -330.000,6.5,6.2,6.5,6.4,12
132,Nhung qa test - Test - 1,1.0000000000000,2.0000000000000,"12 Nguyễn Đình Chiểu, Phường Phạm Ngũ Lão, Quận 1, TP. HCM","Karaoke, ","Thịt Gà, Bánh ướt, Thịt Heo, Thịt Bò, Hải sản, Bánh - Kẹo, ","Món Việt, ",09:00 - 22:00,09:00 - 22:00,09:00 - 22:00,09:00 - 22:00,09:00 - 22:00,09:00 - 22:00,09:00 - 22:00,yes,yes,yes,150.000 -275.000,6.9,6.7,8.1,7.1,111
133,Hủ Tiếu Nam Vang Quỳnh,10.7662540000000,106.6880250000000,"A65 Nguyễn Trãi, P. Nguyễn Cư Trinh, Quận 1, TP. HCM","Nhà hàng, ","Hủ tiếu, Món nước, Thức uống, Nước ngọt, ","Món Việt, ",05:30 - 21:30,05:30 - 21:30,05:30 - 21:30,05:30 - 21:30,05:30 - 21:30,05:30 - 21:30,05:30 - 21:30,no,no,no,69.000 -80.000,6.6,6.2,6.7,6.4,142
134,Mộc - Riêu & Nướng - Võ Văn Kiệt,10.7619021000000,106.6961921000000,"318 - 320 Võ Văn Kiệt (Gần Ngã 3 Đề Thám), P. Cô Giang, Quận 1, TP. HCM","Quán ăn, ","Thịt Gà, Thịt Bò, Bún, Mì, Lẩu, Cơm, ","Món Việt, ","11:00 - 23:00, 16:00 - 23:00","11:00 - 23:00, 16:00 - 23:00","11:00 - 23:00, 16:00 - 23:00","11:00 - 23:00, 16:00 - 23:00","11:00 - 23:00, 16:00 - 23:00","11:00 - 23:00, 16:00 - 23:00","11:00 - 23:00, 16:00 - 23:00",no,yes,no,50.000 -200.000,7.1,6.5,7.4,7.0,221
135,Ăn Đêm SG - Giao Đồ Ăn Khuya - Món Ngon Các Nước,10.7870839000000,106.6946373000000,"165 Điện Biên Phủ, P. Đa Kao, Quận 1, TP. HCM","Quán ăn, ","Bún, Mì, Miến, Sushi & Sashimi, Ăn vặt - Ăn nhẹ, Cơm, ","Món Á, Món Hàn, ",16:00 - 23:59,16:00 - 23:59,16:00 - 23:59,16:00 - 23:59,16:00 - 23:59,16:00 - 23:59,16:00 - 23:59,yes,no,yes,12.000 -60.000,7.3,7.3,6.4,7.0,231
136,Hương Rừng Buffet,10.7600130000000,106.6852280000000,"371A Nguyễn Trãi, P. Nguyễn Cư Trinh, Quận 1, TP. HCM","Nhà hàng, Buffet, ","Thịt Gà, Thịt Bò, Thịt Heo, Hải sản, Đặc sản rừng, Đặc sản vùng, ","Món Á, Món Âu, ",10:00 - 22:30,10:00 - 22:30,10:00 - 22:30,10:00 - 22:30,10:00 - 22:30,10:00 - 22:30,10:00 - 22:30,yes,yes,yes,100.000 -1.100.000,6.6,6.4,6.7,6.7,117
137,OMG Rooftop,10.7720340000000,106.6972017000000,"15-17-19 Nguyễn An Ninh, Quận 1, TP. HCM","Nhà hàng, ","Thịt Gà, Thịt Bò, Thịt Heo, Hải sản, ","Món Á, Món Âu, ","00:01 - 01:00, 17:00 - 23:59","00:01 - 01:00, 17:00 - 23:59","00:01 - 01:00, 17:00 - 23:59","00:01 - 01:00, 17:00 - 23:59","00:01 - 01:00, 17:00 - 23:59","00:01 - 01:00, 17:00 - 23:59","00:01 - 01:00, 17:00 - 23:59",no,yes,yes,200.000 -500.000,8.0,8.0,8.8,8.3,107
138,Gogi House - Nướng Hàn Quốc - Phan Xích Long,10.7977220000000,106.6894380000000,"198 Phan Xích Long, P. 7, Quận Phú Nhuận, TP. HCM","Nhà hàng, ","Thịt Bò, ","Món Á, Món Hàn, ",10:00 - 22:00,10:00 - 22:00,10:00 - 22:00,10:00 - 22:00,10:00 - 22:00,10:00 - 22:00,10:00 - 22:00,no,yes,yes,65.000 -315.000,8.0,7.4,7.9,7.7,368
138,Gogi House - Quán Nướng Hàn Quốc - Vincom Thủ Đức,10.8503430000000,106.7652460000000,"Tầng 3 Vincom Thủ Đức, 216 Võ Văn Ngân, Tp. Thủ Đức, TP. HCM","Nhà hàng, ","Thịt Bò, ","Món Á, Món Hàn, ",10:00 - 22:00,10:00 - 22:00,10:00 - 22:00,10:00 - 22:00,10:00 - 22:00,10:00 - 22:00,10:00 - 22:00,no,no,yes,79.000 -250.000,7.7,7.4,7.7,7.5,161
138,Gogi House - Quán Nướng Hàn Quốc - SC VivoCity,10.7300890000000,106.7035220000000,"Tầng 4 - 12A SC VivoCity, 1058 Nguyễn Văn Linh, KP. 1, P. Tân Phong, Quận 7, TP. HCM","Nhà hàng, ","Thịt Bò, ","Món Á, Món Hàn, ",10:00 - 22:00,10:00 - 22:00,10:00 - 22:00,10:00 - 22:00,10:00 - 22:00,10:00 - 22:00,10:00 - 22:00,no,no,no,79.000 -250.000,8.6,8.3,8.5,8.4,410
138,Gogi House - Quán Nướng Hàn Quốc - Vincom Center,10.7772090000000,106.7017936000000,"Vincom Center, 72 Lê Thánh Tôn, P. Bến Nghé, Quận 1, TP. HCM","Nhà hàng, ","Thịt Bò, ","Món Á, Món Hàn, ",10:00 - 22:00,10:00 - 22:00,10:00 - 22:00,10:00 - 22:00,10:00 - 22:00,10:00 - 22:00,10:00 - 22:00,no,yes,yes,100.000 -300.000,8.4,8.2,8.1,8.2,283
138,Gogi House - Nướng Hàn Quốc - Vincom Quang Trung,10.8295430000000,106.6721320000000,"B1-04 Vincom Quang Trung, 190 Quang Trung, Quận Gò Vấp, TP. HCM","Nhà hàng, ","Thịt Bò, Thịt Heo, ","Món Á, Món Hàn, ",09:00 - 21:00,09:00 - 21:00,09:00 - 21:00,09:00 - 21:00,09:00 - 21:00,09:00 - 21:00,09:00 - 21:00,no,no,yes,100.000 -300.000,9.0,8.8,8.8,8.8,192
138,Gogi House - Quán Thịt Nướng Hàn Quốc - Pearl Plaza,10.7998650000000,106.7184590000000,"Lầu 4 - 02 Pearl Plaza, 561A Điện Biên Phủ, P. 25, Quận Bình Thạnh, TP. HCM","Nhà hàng, ","Bò nướng, Nấm, Thịt Heo, Thịt Bò, Hải sản, Sườn nướng, ","Món Á, Món Hàn, ",10:00 - 22:00,10:00 - 22:00,10:00 - 22:00,10:00 - 22:00,10:00 - 22:00,10:00 - 22:00,10:00 - 22:00,yes,no,yes,300.000 -550.000,8.8,8.6,8.8,8.7,335
138,Gogi House - Quán Nướng Hàn Quốc - AEON Mall Tân Phú,10.8021700000000,106.6184360000000,"Lô T45 Tầng 3, Aeon Mall Tân Phú, 30 Bờ Bao Tân Thắng, P. Sơn Kỳ, Quận Tân Phú, TP. HCM","Nhà hàng, ","Thịt Gà, Thịt Bò, Thịt Heo, Hải sản, Ăn vặt - Ăn nhẹ, ","Món Á, Món Hàn, ",08:00 - 22:00,08:00 - 22:00,08:00 - 22:00,08:00 - 22:00,08:00 - 22:00,08:00 - 22:00,08:00 - 22:00,no,no,yes,300.000 -550.000,8.8,8.7,8.6,8.6,198
138,Gogi House - Thịt Nướng Hàn Quốc - E-Mart Gò Vấp,10.8227366000000,106.6935754000000,"Tầng 1 E Mart Gò Vấp, 168 Phan Văn Trị, P. 5, Quận Gò Vấp, TP. HCM","Nhà hàng, ","Thịt Gà, Thịt Bò, ","Món Á, Món Hàn, ",08:30 - 22:00,08:30 - 22:00,08:30 - 22:00,08:30 - 22:00,08:30 - 22:00,08:30 - 22:00,08:30 - 22:00,no,yes,yes,100.000 -500.000,8.9,8.7,8.9,8.9,519
138,Gogi House - Quán Nướng Hàn Quốc - Vincom Lê Văn Việt,10.8456920000000,106.7790250000000,"Tầng L4-02 Vincom Lê Văn Việt, 50 Lê Văn Việt, P. Hiệp Phú, Tp. Thủ Đức, TP. HCM","Quán ăn, ","Bò nướng, Thịt Bò, Lẩu, ","Món Á, Món Hàn, ",10:00 - 22:00,10:00 - 22:00,10:00 - 22:00,10:00 - 22:00,10:00 - 22:00,10:00 - 22:00,10:00 - 22:00,no,yes,yes,300.000 -500.000,8.6,8.4,8.8,8.6,143
138,Gogi House - Quán Nướng Hàn Quốc - Lotte Mart Gò Vấp,10.8384130000000,106.6709520000000,"Lotte Mart Gò Vấp, 242 Nguyễn Văn Lượng, P. 10, Quận Gò Vấp, TP. HCM","Nhà hàng, ","Thịt Bò, ","Món Á, Món Hàn, ",11:00 - 22:00,11:00 - 22:00,11:00 - 22:00,11:00 - 22:00,11:00 - 22:00,11:00 - 22:00,11:00 - 22:00,no,no,yes,300.000 -500.000,9.0,8.8,8.9,8.9,183
138,Gogi House - Quán Nướng Hàn Quốc - Saigon Centre,10.7735990000000,106.7009370000000,"Saigon Centre, 65 Lê Lợi, P. Bến Nghé, Quận 1, TP. HCM","Nhà hàng, ","Nấm, Thịt Bò, ","Món Á, Món Hàn, ",09:00 - 22:00,09:00 - 22:00,09:00 - 22:00,09:00 - 22:00,09:00 - 22:00,09:00 - 22:00,09:00 - 22:00,no,yes,yes,300.000 -500.000,8.6,8.4,8.5,8.5,150
138,GoGi House - Quán Thịt Nướng Hàn Quốc - Aeon Mall Bình Tân,10.7425890000000,106.6114580000000,"Tầng 3, Aeon Mall Bình Tân,1 Đường Số 17A, KP. 11, P. Bình Trị Đông B, Quận Bình Tân, TP. HCM","Nhà hàng, ","Thịt Bò, ","Món Á, Món Hàn, ",10:00 - 22:00,10:00 - 22:00,10:00 - 22:00,10:00 - 22:00,10:00 - 22:00,10:00 - 22:00,10:00 - 22:00,no,no,yes,150.000 -250.000,8.8,8.5,8.4,8.5,241
139,Ếch Xanh - Nguyễn Cảnh Chân,10.7599550000000,106.6858940000000,"371D Nguyễn Cảnh Chân, P. Nguyễn Cư Trinh, Quận 1, TP. HCM","Nhà hàng, ","Thịt Ếch, Cơm Chiên, Cháo, Đặc sản vùng, Ăn vặt - Ăn nhẹ, Cơm, Nem, ","Singapore, ",10:00 - 23:00,10:00 - 23:00,10:00 - 23:00,10:00 - 23:00,10:00 - 23:00,10:00 - 23:00,10:00 - 23:00,yes,no,yes,80.000 -330.000,7.1,0.0,6.0,6.5,133
140,The Loft - Restaurant & Cafe - Lý Tự Trọng,10.7780470000000,106.7011410000000,"Tầng 1, Chung Cứ 26 Lý Tự Trọng, Quận 1, TP. HCM","Café/Dessert, ","Café - Kem, Sinh tố - Nước ép, Ăn vặt - Ăn nhẹ, ","Món Việt, ",08:00 - 22:30,08:00 - 22:30,08:00 - 22:30,08:00 - 22:30,08:00 - 22:30,08:00 - 22:30,08:00 - 22:30,no,no,yes,40.000 -100.000,7.2,7.4,8.0,7.3,212
141,She Cafe - Cafe Cho Phái Đẹp,10.7770300000000,106.6996910000000,"Tầng 1, 158D Pasteur, Quận 1, TP. HCM","Café/Dessert, ","Café - Kem, Sinh tố - Nước ép, Thức uống, Nước ngọt, Sữa, ","Món Việt, ",09:00 - 22:30,09:00 - 22:30,09:00 - 22:30,09:00 - 22:30,09:00 - 22:30,09:00 - 22:30,09:00 - 22:30,no,no,yes,30.000 -61.000,6.9,7.1,8.0,7.1,220
142,Banana's Juice Shop - Sinh Tố,10.7711980000000,106.6908540000000,"102B Lê Thị Riêng, Quận 1, TP. HCM","Café/Dessert, ","Café - Kem, Sinh tố - Nước ép, Ăn vặt - Ăn nhẹ, Thức uống, Trái cây, ","Món Việt, ",10:30 - 00:00,10:30 - 00:00,10:30 - 00:00,10:30 - 00:00,10:30 - 00:00,10:30 - 00:00,10:30 - 00:00,yes,no,no,20.000 -35.000,8.0,7.2,6.8,7.4,224
143,The Workshop - Coffee Shop,10.7736250000000,106.7056770000000,"Tầng 2, 27 Ngô Đức Kế, Quận 1, TP. HCM","Café/Dessert, ","Hải sản, Café - Kem, Sinh tố - Nước ép, Ăn vặt - Ăn nhẹ, Thức uống, ","Món Âu, ",07:00 - 20:00,07:00 - 20:00,07:00 - 20:00,07:00 - 20:00,07:00 - 20:00,07:00 - 20:00,07:00 - 20:00,no,no,yes,20.000 -80.000,7.0,7.0,8.1,7.2,108
144,Bready Bánh Mì Tươi - Burger Đĩa Bay - Mạc Đĩnh Chi,10.7873800000000,106.6966220000000,"62 Mạc Đĩnh Chi, P. Đakao, Quận 1, TP. HCM","Quán ăn, ","Bánh mì, Thịt Bò, Bánh - Kẹo, Café - Kem, Ăn vặt - Ăn nhẹ, Thức uống, Nước ngọt, ","Món Việt, Món Âu, ",07:00 - 22:00,07:00 - 22:00,07:00 - 22:00,07:00 - 22:00,07:00 - 22:00,07:00 - 22:00,07:00 - 22:00,no,no,yes,40.000 -66.000,6.6,6.4,6.5,6.6,132
145,Nhà Hàng Chay Mandala,10.7715890000000,106.6888030000000,"110 Sương Nguyệt Ánh, P. Bến Thành, Quận 1, TP. HCM","Nhà hàng, ","Món chay, Thức uống, Nước ngọt, ","Món Á, ",09:00 - 21:00,09:00 - 21:00,09:00 - 21:00,09:00 - 21:00,09:00 - 21:00,09:00 - 21:00,09:00 - 21:00,no,yes,yes,50.000 -121.000,7.0,6.8,7.2,6.9,134
146,Mountain Retreat - Vietnamese Cuisine - Lê Lợi,10.7742860000000,106.7004870000000,"Lầu 5, Rooftop 36 Lê Lợi, P. Bến Nghé, Quận 1, TP. HCM","Nhà hàng, ","Phở, Bánh ướt, Bún, Xôi, Thịt Bò, Hải sản, Bánh - Kẹo, Salad, Ăn vặt - Ăn nhẹ, Cơm, Bánh xèo, ","Món Việt, ",10:00 - 22:00,10:00 - 22:00,10:00 - 22:00,10:00 - 22:00,10:00 - 22:00,10:00 - 22:00,10:00 - 22:00,no,yes,yes,50.000 -500.000,7.8,7.5,8.2,7.6,92
147,Nguyên Sinh 1942 - Pate Giò Chả Bánh Mì - Trần Đình Xu,10.7630116000000,106.6872826000000,"141 Trần Đình Xu, P. Nguyễn Cư Trinh, Quận 1, TP. HCM","Nhà hàng, ","Bánh mì, Tôm, Bồ Câu, Beefsteak - Bò né, Cua - Ghẹ, Thịt Bò, Hải sản, Cá, Súp, Bánh - Kẹo, Salad, Đặc sản vùng, Rượu vang, Bia, Nước ngọt, Thịt Cừu, Xúc xích, Fastfood - Thức ăn nhanh, ","Món Âu, Pháp, ",06:00 - 21:00,06:00 - 21:00,06:00 - 21:00,06:00 - 21:00,06:00 - 21:00,06:00 - 21:00,06:00 - 21:00,yes,no,yes,50.000 -300.000,8.0,7.3,6.9,7.4,179
148,NATRAJ - Indian Cuisine - Bùi Thị Xuân,10.7711620000000,106.6899820000000,"41 Bùi Thị Xuân, P. Phạm Ngũ Lão, Quận 1, TP. HCM","Nhà hàng, ","Thịt Gà, Bánh mì, Tôm, Cơm Chiên, Hải sản, Cá, Ăn vặt - Ăn nhẹ, Cơm, Bánh xèo, Thịt Cừu, Halal, ","Món Á, Món Ấn Độ, ",11:00 - 22:30,11:00 - 22:30,11:00 - 22:30,11:00 - 22:30,11:00 - 22:30,11:00 - 22:30,11:00 - 22:30,no,no,no,15.000 -110.000,8.2,8.2,7.8,8.0,96
149,Caztus Iceblended - Võ Thị Sáu,10.7917740000000,106.6957640000000,"4A - 4B Võ Thị Sáu, P. Tân Định, Quận 1, TP. HCM","Café/Dessert, ","Trà, Trà chanh, Café - Kem, Sinh tố - Nước ép, Thức uống, Trà sữa, ","Món Việt, ",07:30 - 22:00,07:30 - 22:00,07:30 - 22:00,07:30 - 22:00,07:30 - 22:00,07:30 - 22:00,07:30 - 22:00,yes,no,yes,12.000 -33.000,7.6,7.3,7.4,7.4,424
149,Caztus Iceblended - Nguyễn Thị Minh Khai,10.7706820000000,106.6869150000000,"153/11A Nguyễn Thị Minh Khai, P. Phạm Ngũ Lão, Quận 1, TP. HCM","Café/Dessert, ","Trà, Café - Kem, Sinh tố - Nước ép, Thức uống, Trà sữa, ","Món Việt, ",07:30 - 21:00,07:30 - 21:00,07:30 - 21:00,07:30 - 21:00,07:30 - 21:00,07:30 - 21:00,07:30 - 21:00,yes,no,yes,12.000 -33.000,7.6,7.3,7.5,7.3,444
150,Bò Né 3 Ngon - Bò Quanh Lửa Hồng - Đinh Tiên Hoàng,10.7885230000000,106.6998090000000,"18 Đinh Tiên Hoàng, P. Đa Kao, Quận 1, TP. HCM","Quán ăn, ","Thịt Bò, Beefsteak - Bò né, Ăn vặt - Ăn nhẹ, Nem, ","Món Việt, ",16:00 - 22:00,16:00 - 22:00,16:00 - 22:00,16:00 - 22:00,16:00 - 22:00,16:00 - 22:00,16:00 - 22:00,no,no,no,25.000 -35.000,7.3,6.6,0.0,6.9,241
151,Chiyoda Sushi Viet Nam,10.7721172000000,106.6949141000000,"254-256 Lê Thánh Tôn, P. Bến Thành, Quận 1, TP. HCM","Nhà hàng, ","Tôm, Bò nướng, Trà, Nấm, Beefsteak - Bò né, Cua - Ghẹ, Bào Ngư, Hải sản, Vi Cá, Cá, Nghêu - Sò - Ốc, Sushi & Sashimi, Mực, Hàu, Sinh tố - Nước ép, Món chay, Bia, Nước ngọt, Trái cây, ","Món Á, Món Nhật, ",11:00 - 23:00,11:00 - 23:00,11:00 - 23:00,11:00 - 23:00,11:00 - 23:00,11:00 - 23:00,11:00 - 23:00,no,yes,yes,150.000 -300.000,8.7,8.8,8.6,8.4,172
152,Beefsteak Titi - Trần Cao Vân,10.7838857000000,106.6973566000000,"25 Trần Cao Vân, P. Đa Kao, Quận 1, TP. HCM","Nhà hàng, ","Thịt Bò, Beefsteak - Bò né, Cháo, Salad, ","Món Âu, Pháp, ",11:00 - 22:00,11:00 - 22:00,11:00 - 22:00,11:00 - 22:00,11:00 - 22:00,11:00 - 22:00,11:00 - 22:00,no,no,yes,50.000 -100.000,6.3,6.1,6.5,6.5,133
153,Dallas Cakes & Coffee - Hàm Nghi,10.7710748000000,106.7032206000000,"92 Hàm Nghi, P. Bến Nghé, Quận 1, TP. HCM","Tiệm bánh, ","Bánh sinh nhật/Bánh kem, Bánh - Kẹo, Café - Kem, ","Quốc tế, ",08:00 - 21:00,08:00 - 21:00,08:00 - 21:00,08:00 - 21:00,08:00 - 21:00,08:00 - 21:00,08:00 - 21:00,no,yes,yes,20.000 -300.000,9.9,9.9,9.7,9.8,211
154,Lush Saigon Bar,10.7827320000000,106.7054840000000,"2 Lý Tự Trọng, Quận 1, TP. HCM","Bar/Pub, ","Rượu vang, Thức uống, Bia, Nước ngọt, Trái cây, Cocktail, ",,"00:01 - 02:00, 17:00 - 23:59","00:01 - 02:00, 17:00 - 23:59","00:01 - 02:00, 17:00 - 23:59","00:01 - 02:00, 17:00 - 23:59","00:01 - 02:00, 17:00 - 23:59","00:01 - 02:00, 17:00 - 23:59","00:01 - 02:00, 17:00 - 23:59",yes,yes,no,200.000 -440.000,6.9,6.8,7.2,7.0,60
155,Thế Giới Donut - Hai Bà Trưng,10.7879545000000,106.6918725000000,"210 Hai Bà Trưng, P. Tân Định, Quận 1, TP. HCM","Tiệm bánh, ","Donut, Bánh - Kẹo, Ăn vặt - Ăn nhẹ, Nem, ","Món Việt, ",08:00 - 22:00,08:00 - 22:00,08:00 - 22:00,08:00 - 22:00,08:00 - 22:00,08:00 - 22:00,08:00 - 22:00,yes,no,no,12.000 -33.000,7.8,7.0,7.1,7.5,195
156,Quán No - Bún Đậu Mắm Tôm,10.7669800000000,106.6916270000000,"26/24/24 Đỗ Quang Đẩu, P. Phạm Ngũ Lão, Quận 1, TP. HCM","Quán ăn, ","Bún, Món nước, Ăn vặt - Ăn nhẹ, Nem, ","Món Việt, ",07:00 - 21:00,07:00 - 21:00,07:00 - 21:00,07:00 - 21:00,07:00 - 21:00,07:00 - 21:00,07:00 - 21:00,no,no,no,40.000 -70.000,8.2,8.2,7.7,8.0,223
157,Tùng Hưng - Hủ Tiếu Mì Sườn - Trần Hưng Đạo,10.7666740000000,106.6945570000000,"147 Trần Hưng đạo, P. Cầu Ông Lãnh, Quận 1, TP. HCM","Quán ăn, ","Hủ tiếu, Mì, Món nước, ","Món Việt, ",07:00 - 22:00,07:00 - 22:00,07:00 - 22:00,07:00 - 22:00,07:00 - 22:00,07:00 - 22:00,07:00 - 22:00,yes,yes,yes,60.000 -80.000,7.3,6.8,7.1,7.0,105
158,Ramen Bar Suzuki,10.7820469000000,106.7052238000000,"8/5 Lê Thánh Tôn, Quận 1, TP. HCM","Nhà hàng, ","Món nước, Mì, Sushi & Sashimi, ","Món Á, Món Nhật, ","11:00 - 14:00, 18:00 - 23:00","11:00 - 14:00, 18:00 - 23:00","11:00 - 14:00, 18:00 - 23:00","11:00 - 14:00, 18:00 - 23:00","11:00 - 14:00, 18:00 - 23:00","11:00 - 14:00, 18:00 - 23:00","11:00 - 14:00, 18:00 - 23:00",no,no,yes,100.000 -550.000,7.9,7.1,7.4,7.2,94
159,No Name Restaurant - Món Pháp Giá Việt,10.7939210000000,106.6862050000000,"357 Hoàng Sa, P. Tân Định, Quận 1, TP. HCM","Nhà hàng, ","Thịt Gà, Thịt Bò, Thịt Heo, Hải sản, Sườn nướng, Salad, Thịt Cừu, Halal, ","Món Âu, Pháp, ",09:30 - 22:30,09:30 - 22:30,09:30 - 22:30,09:30 - 22:30,09:30 - 22:30,09:30 - 22:30,09:30 - 22:30,no,no,no,100.000 -200.000,6.7,0.0,6.2,6.5,111
160,Cháo Sườn Chú Chen - Nguyễn Trãi,10.7629500000000,106.6868070000000,"281 - 283 Nguyễn Trãi, P. Nguyễn Cư Trinh, Quận 1, TP. HCM","Nhà hàng, Quán ăn, ","Cơm Chiên, Cháo, Dimsum, Ăn vặt - Ăn nhẹ, Cơm, ","Món Á, Món Trung Hoa, ","00:01 - 02:00, 07:10 - 23:59","00:01 - 02:00, 07:10 - 23:59","00:01 - 02:00, 07:10 - 23:59","00:01 - 02:00, 07:10 - 23:59","00:01 - 02:00, 07:10 - 23:59","00:01 - 02:00, 07:10 - 23:59","00:01 - 02:00, 07:10 - 23:59",no,no,yes,35.000 -79.000,7.1,7.0,7.3,7.1,233
160,Cháo Sườn Chú Chen - Bàu Cát 9,10.7890890000000,106.6420920000000,"41/42 Bàu Cát 9, P. 14, Quận Tân Bình, TP. HCM","Quán ăn, ","Cơm Chiên, Bún, Thịt Heo, Mì, Cháo, Miến, Cơm, ","Món Việt, ",07:00 - 23:59,07:00 - 23:59,07:00 - 23:59,07:00 - 23:59,07:00 - 23:59,07:00 - 23:59,07:00 - 23:59,no,no,no,35.000 -79.000,8.3,8.4,8.4,8.2,11
160,Cháo Sườn Chú Chen - Lâm Văn Bền,10.7404951000000,106.7157686000000,"261 Lâm Văn Bền, P. Bình Thuận, Quận 7, TP. HCM","Nhà hàng, ","Bánh bao, Cháo, Bánh - Kẹo, ",,09:00 - 22:00,09:00 - 22:00,09:00 - 22:00,09:00 - 22:00,09:00 - 22:00,09:00 - 22:00,09:00 - 22:00,no,no,no,15.000 -195.000,10.0,10.0,10.0,10.0,1
160,Cơm Niêu Và Cháo Sườn Chú Chen - Nguyễn Trãi,10.7631994000000,106.6868330000000,"283 Đường Nguyễn Trãi, P. Nguyễn Cư Trinh, Quận 1, TP. HCM","Quán ăn, ","Cơm Chiên, Bún, Mì, Cháo, Cơm văn phòng, Cơm, ",,07:00 - 23:00,07:00 - 23:00,07:00 - 23:00,07:00 - 23:00,07:00 - 23:00,07:00 - 23:00,07:00 - 23:00,no,no,no,25.000 -200.000,0.0,0.0,0.0,_._,0
160,Cháo Sườn Chú Chen - Đường Số 9,10.7437750000000,106.7349948000000,"Số 3 Đường Số 9, P. Tân Thuận Đông, Quận 7, TP. HCM","Quán ăn, ","Bánh bao, Cháo, Bánh - Kẹo, ",,07:00 - 23:00,07:00 - 23:00,07:00 - 23:00,07:00 - 23:00,07:00 - 23:00,07:00 - 23:00,07:00 - 23:00,no,no,no,25.000 -200.000,10.0,10.0,10.0,9.8,2
160,Cháo Sườn Chú Chen - Tô Hiến Thành,10.7723936000000,106.6606060000000,"523 Tô Hiến Thành, P.14, Quận 10, TP. HCM","Quán ăn, ","Cơm Chiên, Cháo, Dimsum, Cơm, ",,07:00 - 23:00,07:00 - 23:00,07:00 - 23:00,07:00 - 23:00,07:00 - 23:00,07:00 - 23:00,07:00 - 23:00,no,no,no,25.000 -200.000,0.0,0.0,0.0,_._,0
160,Cháo Sườn Chú Chen - Nguyễn Bá Huân,10.8042830000000,106.7291760000000,"36 Nguyễn Bá Huân, P. Thảo Điền, Tp. Thủ Đức, TP. HCM","Quán ăn, ","Cháo, ",,10:00 - 21:00,10:00 - 21:00,10:00 - 21:00,10:00 - 21:00,10:00 - 21:00,10:00 - 21:00,10:00 - 21:00,no,no,no,35.000 -79.000,0.0,0.0,0.0,_._,0
161,The Alley - Trà Sữa Đài Loan - Nguyễn Huệ,10.7747040000000,106.7034310000000,"68 Nguyễn Huệ, P. Bến Nghé, Quận 1, TP. HCM","Café/Dessert, ","Trà, Sinh tố - Nước ép, Thức uống, Trà sữa, Sữa, ","Món Á, Đài Loan, ",08:00 - 22:00,08:00 - 22:00,08:00 - 22:00,08:00 - 22:00,08:00 - 22:00,08:00 - 22:00,08:00 - 22:00,yes,no,yes,30.000 -70.000,7.4,7.1,6.6,6.9,201
161,The Alley - Trà Sữa Đài Loan - Hồ Tùng Mậu,10.7731490000000,106.7033590000000,"114 Hồ Tùng Mậu, Quận 1, TP. HCM","Café/Dessert, ","Thức uống, Trà sữa, Sữa, ","Món Á, Đài Loan, ",08:00 - 22:00,08:00 - 22:00,08:00 - 22:00,08:00 - 22:00,08:00 - 22:00,08:00 - 22:00,08:00 - 22:00,yes,no,yes,30.000 -70.000,6.9,6.7,6.5,6.7,307
161,The Alley - Trà Sữa Đài Loan - Nguyễn Thị Minh Khai,10.7744000000000,106.6898720000000,"232 Nguyễn Thị Minh Khai, P. 6, Quận 3, TP. HCM","Café/Dessert, ","Trà, Thức uống, Trà sữa, Sữa, ","Món Á, Đài Loan, ",09:15 - 22:00,09:15 - 22:00,09:15 - 22:00,09:15 - 22:00,09:15 - 22:00,09:15 - 22:00,09:15 - 22:00,no,no,yes,41.000 -69.000,7.4,7.3,7.2,7.3,194
161,The Alley - Trà Sữa Đài Loan - Nguyễn Văn Cừ,10.7583235000000,106.6842671000000,"151 Nguyễn Văn Cừ, P. 2, Quận 5, TP. HCM","Café/Dessert, ","Trà, Thức uống, Trà sữa, Sữa, ","Món Á, Đài Loan, ",09:00 - 22:00,09:00 - 22:00,09:00 - 22:00,09:00 - 22:00,09:00 - 22:00,09:00 - 22:00,09:00 - 22:00,yes,no,yes,30.000 -70.000,6.1,0.0,6.1,6.1,73
161,The Alley - Trà Sữa Đài Loan - Lê Văn Sỹ,10.7875350000000,106.6785470000000,"299 Lê Văn Sỹ, P. 13, Quận 3, TP. HCM","Café/Dessert, ","Trà, Sinh tố - Nước ép, Thức uống, Trà sữa, Sữa, ","Món Việt, ",09:00 - 22:30,09:00 - 22:30,09:00 - 22:30,09:00 - 22:30,09:00 - 22:30,09:00 - 22:30,09:00 - 22:30,no,no,yes,30.000 -70.000,7.2,6.7,7.2,6.8,63
161,The Alley - Trà Sữa Đài Loan - Quang Trung,10.8274140000000,106.6777290000000,"56 Quang Trung, P. 10, Quận Gò Vấp, TP. HCM","Café/Dessert, ","Trà, Sinh tố - Nước ép, Thức uống, Trà sữa, Sữa, ","Món Việt, ",09:00 - 22:00,09:00 - 22:00,09:00 - 22:00,09:00 - 22:00,09:00 - 22:00,09:00 - 22:00,09:00 - 22:00,yes,no,yes,30.000 -70.000,7.2,7.0,7.1,6.9,66
161,The Alley - Trà Sữa Đài Loan - Nguyễn Thị Thập,10.7397890000000,106.7046390000000,"510 Nguyễn Thị Thập, P. Tân Phong, Quận 7, TP. HCM","Café/Dessert, ","Trà, Thức uống, Trà sữa, Sữa, ","Món Việt, ",09:00 - 22:00,09:00 - 22:00,09:00 - 22:00,09:00 - 22:00,09:00 - 22:00,09:00 - 22:00,09:00 - 22:00,no,no,yes,30.000 -70.000,6.7,6.5,7.4,6.8,36
161,The Alley - Trà Sữa Đài Loan - Võ Văn Ngân,10.8504180000000,106.7617350000000,"156 Võ Văn Ngân, P. Bình Thọ, Tp. Thủ Đức, TP. HCM","Café/Dessert, ","Trà, Thức uống, Trà sữa, Sữa, ","Món Á, Đài Loan, ",09:00 - 22:00,09:00 - 22:00,09:00 - 22:00,09:00 - 22:00,09:00 - 22:00,09:00 - 22:00,09:00 - 22:00,no,no,yes,30.000 -70.000,7.7,8.0,7.9,7.7,42
161,The Alley - Trà Sữa Đài Loan - Trường Chinh,10.7986178000000,106.6429608000000,"320 Trường Chinh, P. 13, Quận Tân Bình, TP. HCM","Café/Dessert, ","Trà, Thức uống, Trà sữa, Sữa, ","Món Á, Đài Loan, ",09:00 - 22:00,09:00 - 22:00,09:00 - 22:00,09:00 - 22:00,09:00 - 22:00,09:00 - 22:00,09:00 - 22:00,no,no,yes,40.000 -70.000,7.7,7.3,7.9,7.4,44
161,The Alley - Trà Sữa Đài Loan - Mai Chí Thọ,10.7814530000000,106.7367310000000,"Tầng Trệt Bali Mall, 17 Mai Chí Thọ, P. Bình Khánh, Tp. Thủ Đức, TP. HCM","Café/Dessert, ","Trà, Sinh tố - Nước ép, Thức uống, Trà sữa, Sữa, ","Món Á, Đài Loan, ",09:00 - 10:30,09:00 - 10:30,09:00 - 10:30,09:00 - 10:30,09:00 - 10:30,09:00 - 10:30,09:00 - 10:30,no,no,yes,30.000 -88.000,7.6,7.8,7.6,7.5,11
161,The Alley - Trà Sữa Đài Loan - 152 Trần Hưng Đạo,10.7530307000000,106.6674557000000,"152 Trần Hưng Đạo, P. 7, Quận 5, TP. HCM","Café/Dessert, ","Trà, Sinh tố - Nước ép, Thức uống, Trà sữa, Sữa, ","Món Á, Đài Loan, ",09:00 - 22:00,09:00 - 22:00,09:00 - 22:00,09:00 - 22:00,09:00 - 22:00,09:00 - 22:00,09:00 - 22:00,no,no,yes,50.000 -88.000,7.8,7.8,8.3,7.7,16
161,The Alley - Trà Sữa Đài Loan - Nguyễn Gia Trí,10.8037770000000,106.7158190000000,"91 Nguyễn Gia Trí (Đường D2), P. 25, Quận Bình Thạnh, TP. HCM","Café/Dessert, ","Trà, Sinh tố - Nước ép, Thức uống, Trà sữa, Sữa, ","Món Á, Đài Loan, ",09:00 - 22:00,09:00 - 22:00,09:00 - 22:00,09:00 - 22:00,09:00 - 22:00,09:00 - 22:00,09:00 - 22:00,no,no,yes,30.000 -70.000,6.5,6.2,6.6,6.4,41
162,Bún Đậu Ngõ Nhỏ Phố Nhỏ,10.7769670000000,106.6997230000000,"158 Pasteur, Quận 1, TP. HCM","Quán ăn, ","Bún, Đặc sản vùng, ","Món Việt, ",10:00 - 20:00,10:00 - 20:00,10:00 - 20:00,10:00 - 20:00,10:00 - 20:00,10:00 - 20:00,10:00 - 20:00,no,no,no,60.000 -165.000,6.7,6.3,6.5,6.6,218
163,Bánh Mì & Sữa Bắp 122 - Bùi Thị Xuân,10.7699680000000,106.6884290000000,"122E Bùi Thị Xuân, P. Phạm Ngũ Lão, Quận 1, TP. HCM","Tiệm bánh, ","Bánh mì, Xôi, Bánh - Kẹo, Sinh tố - Nước ép, Ăn vặt - Ăn nhẹ, Cơm, Nem, ","Món Việt, ",05:30 - 01:00,05:30 - 01:00,05:30 - 01:00,05:30 - 01:00,05:30 - 01:00,05:30 - 01:00,05:30 - 01:00,no,no,no,20.000 -33.000,7.2,7.0,6.6,7.1,101
164,BOC Homemade BBQ,10.7916580000000,106.6972680000000,"43 Nguyễn Văn Giai, P. Đa Kao, Quận 1, TP. HCM","Nhà hàng, ","Lẩu, Salad, Fastfood - Thức ăn nhanh, ","Món Âu, ",16:30 - 22:00,16:30 - 22:00,16:30 - 22:00,16:30 - 22:00,16:30 - 22:00,16:30 - 22:00,16:30 - 22:00,no,no,yes,50.000 -300.000,8.2,7.9,8.0,7.8,160
165,MANMARU - Ẩm Thực Nhật Bản - Mạc Đĩnh Chi,10.7882384000000,106.6956407000000,"71 Mạc Đĩnh Chi, P. Đa Kao, Quận 1, TP. HCM","Nhà hàng, ","Lẩu, Sushi & Sashimi, Salad, Thức uống, ","Món Á, Món Nhật, ",11:00 - 23:59,11:00 - 23:59,11:00 - 23:59,11:00 - 23:59,11:00 - 23:59,11:00 - 23:59,11:00 - 23:59,no,yes,yes,150.000 -300.000,8.1,8.3,8.2,8.0,148
166,STEAK DELI,10.7719710000000,106.6932750000000,"6/1 Cách Mạng Tháng 8, P. Bến Thành, Quận 1, TP. HCM","Nhà hàng, ","Tôm, Bò nướng, Beefsteak - Bò né, Thịt Bò, Hải sản, Thịt Vịt, Thịt Cừu, Xúc xích, ","Món Âu, Pháp, ",09:00 - 22:30,09:00 - 22:30,09:00 - 22:30,09:00 - 22:30,09:00 - 22:30,09:00 - 22:30,09:00 - 22:30,yes,yes,yes,20.000 -450.000,7.7,7.5,7.6,7.3,88
167,The Olive - Pasta & Steak - Lê Thánh Tôn,10.7812430000000,106.7057570000000,"13/9 Lê Thánh Tôn, Quận 1, TP. HCM","Nhà hàng, ","Hamburger, Beefsteak - Bò né, Thịt Bò, Bún, Mì, Fastfood - Thức ăn nhanh, Halal, ","Món Âu, ","Tạm nghỉ, Tạm nghỉ","11:30 - 15:00, 17:00 - 22:00","11:30 - 15:00, 17:00 - 22:00","11:30 - 15:00, 17:00 - 22:00","11:30 - 15:00, 17:00 - 22:00","11:30 - 15:00, 17:00 - 22:00","11:30 - 15:00, 17:00 - 22:00",no,no,yes,95.000 -250.000,0.0,0.0,0.0,2.8,605
168,Bò Bía Lý,10.7907960000000,106.6970970000000,"120E Đinh Tiên Hoàng, P. Đa Kao, Quận 1, TP. HCM","Ăn vặt/vỉa hè, ","Ăn vặt - Ăn nhẹ, ","Món Việt, ",12:30 - 18:30,12:30 - 18:30,12:30 - 18:30,12:30 - 18:30,12:30 - 18:30,12:30 - 18:30,12:30 - 18:30,yes,yes,yes,5.000 -5.000,7.0,6.8,6.8,6.8,862
169,Moo Beef Steak - Đồng Khởi,10.7747250000000,106.7047860000000,"44 Đồng Khởi, P. Bến Nghé, Quận 1, TP. HCM","Quán ăn, ","Thịt Bò, Beefsteak - Bò né, Cơm, ","Món Việt, ","10:00 - 14:00, 17:00 - 22:00","10:00 - 14:00, 17:00 - 22:00","10:00 - 14:00, 17:00 - 22:00","10:00 - 14:00, 17:00 - 22:00","10:00 - 14:00, 17:00 - 22:00","10:00 - 14:00, 17:00 - 22:00","10:00 - 14:00, 17:00 - 22:00",no,no,yes,80.000 -250.000,8.4,8.5,8.6,8.2,154
169,Moo Beef Steak - Cao Triều Phát,10.7318850000000,106.7073170000000,"87 Cao Triều Phát, P. Tân Phong, Quận 7, TP. HCM","Quán ăn, ","Thịt Bò, Beefsteak - Bò né, ","Món Việt, ",10:00 - 14:00,17:00 - 22:00,17:00 - 22:00,17:00 - 22:00,17:00 - 22:00,10:00 - 14:00,10:00 - 14:00,no,yes,yes,80.000 -250.000,8.2,8.2,8.4,7.8,18
169,Moo Beef Steak - Lý Tự Trọng,10.7741860000000,106.6975500000000,"109 Lý Tự Trọng, Quận 1, TP. HCM","Quán ăn, ","Thịt Bò, Beefsteak - Bò né, ","Món Việt, ","10:00 - 14:00, 17:00 - 22:00","10:00 - 14:00, 17:00 - 22:00","10:00 - 14:00, 17:00 - 22:00","10:00 - 14:00, 17:00 - 22:00","10:00 - 14:00, 17:00 - 22:00","10:00 - 14:00, 17:00 - 22:00","10:00 - 14:00, 17:00 - 22:00",no,yes,yes,100.000 -1.550.000,8.3,8.4,8.4,8.3,22
170,Passio Coffee - 15F Nguyễn Thị Minh Khai,10.7861020000000,106.7011350000000,"15F Nguyễn Thị Minh Khai, P. Bến Nghé, Quận 1, TP. HCM","Café/Dessert, ","Trà, Trà chanh, Bánh - Kẹo, Café - Kem, Sinh tố - Nước ép, Ăn vặt - Ăn nhẹ, Thức uống, Bia, Nước ngọt, Trà sữa, ","Món Việt, ",06:00 - 22:00,06:00 - 22:00,06:00 - 22:00,06:00 - 22:00,06:00 - 22:00,06:00 - 22:00,06:00 - 22:00,yes,no,yes,30.000 -55.000,7.4,7.1,6.7,7.1,130
170,Passio Coffee - 53C Nguyễn Du,10.7800760000000,106.7010050000000,"53C Nguyễn Du, P. Bến Nghé, Quận 1, TP. HCM","Café/Dessert, ","Trà, Bánh - Kẹo, Café - Kem, Sinh tố - Nước ép, Ăn vặt - Ăn nhẹ, Thức uống, ","Món Việt, ",06:30 - 23:00,06:30 - 23:00,06:30 - 23:00,06:30 - 23:00,06:30 - 23:00,06:30 - 23:00,06:30 - 23:00,yes,no,yes,30.000 -55.000,7.0,7.2,7.0,7.1,94
170,Passio Coffee - 97 Lê Văn Duyệt,10.7983450000000,106.6962090000000,"97 Lê Văn Duyệt, (số cũ 97 Đinh Tiên Hoàng) P. 3, Quận Bình Thạnh, TP. HCM","Café/Dessert, ","Trà, Bánh - Kẹo, Café - Kem, Sinh tố - Nước ép, Thức uống, ","Món Việt, ",08:00 - 22:30,08:00 - 22:30,08:00 - 22:30,08:00 - 22:30,08:00 - 22:30,08:00 - 22:30,08:00 - 22:30,yes,no,yes,30.000 -55.000,7.0,7.1,6.4,6.9,48
170,Passio Coffee - 213 Nguyễn Văn Cừ,10.7605930000000,106.6834370000000,"213 Nguyễn Văn Cừ, P. 3, Quận 5, TP. HCM","Café/Dessert, ","Bánh - Kẹo, Café - Kem, Sinh tố - Nước ép, Thức uống, Trà sữa, ","Món Việt, ",08:00 - 22:00,08:00 - 22:00,08:00 - 22:00,08:00 - 22:00,08:00 - 22:00,08:00 - 22:00,08:00 - 22:00,no,no,no,15.000 -50.000,7.2,7.0,6.5,7.0,58
170,Passio Coffee - 227A Xô Viết Nghệ Tĩnh,10.8000470000000,106.7111040000000,"227A Xô Viết Nghệ Tĩnh, Quận Bình Thạnh, TP. HCM","Café/Dessert, ","Trà, Bánh - Kẹo, Café - Kem, Sinh tố - Nước ép, Thức uống, ","Món Âu, Ý, ",06:00 - 15:00,06:00 - 15:00,06:00 - 15:00,06:00 - 15:00,06:00 - 15:00,06:00 - 15:00,06:00 - 15:00,yes,no,yes,30.000 -55.000,6.8,6.6,6.9,6.8,87
170,Passio Coffee - 91 Nguyễn Du,10.7772880000000,106.6985210000000,"91 Nguyễn Du, P. Bến Nghé, Quận 1, TP. HCM","Café/Dessert, ","Trà, Café - Kem, Sinh tố - Nước ép, Ăn vặt - Ăn nhẹ, Thức uống, Trà sữa, ","Món Việt, ",06:30 - 16:00,06:30 - 16:00,06:30 - 16:00,06:30 - 16:00,06:30 - 16:00,06:30 - 16:00,Tạm nghỉ,yes,no,yes,30.000 -55.000,7.4,7.3,6.6,7.1,16
170,Passio Coffee - 179B Nguyễn Cư Trinh,10.7628975000000,106.6875297000000,"179B Nguyễn Cư Trinh, P. Nguyễn Cư Trinh, Quận 1, TP. HCM","Café/Dessert, ","Trà, Bánh - Kẹo, Café - Kem, Sinh tố - Nước ép, Thức uống, Trà sữa, ","Món Việt, ",06:30 - 22:00,06:30 - 22:00,06:30 - 22:00,06:30 - 22:00,06:30 - 22:00,06:30 - 22:00,06:30 - 22:00,yes,no,yes,35.000 -45.000,6.6,6.4,6.4,6.7,39
170,Passio Coffee - 102A Huỳnh Văn Bánh,10.7937734000000,106.6806542000000,"102A Huỳnh Văn Bánh, Quận Phú Nhuận, TP. HCM","Café/Dessert, ","Trà, Café - Kem, Sinh tố - Nước ép, Thức uống, Trà sữa, ","Món Việt, ",06:30 - 22:00,06:30 - 22:00,06:30 - 22:00,06:30 - 22:00,06:30 - 22:00,06:30 - 22:00,06:30 - 22:00,no,no,yes,25.000 -55.000,6.9,7.0,6.5,6.8,40
170,Passio Coffee - 63A Võ Văn Tần,10.7775972000000,106.6914098000000,"63A Võ Văn Tần, P. 6, Quận 3, TP. HCM","Café/Dessert, ","Café - Kem, Sinh tố - Nước ép, Thức uống, ","Món Việt, ",06:30 - 22:00,06:30 - 22:00,06:30 - 22:00,06:30 - 22:00,06:30 - 22:00,06:30 - 22:00,Tạm nghỉ,yes,no,yes,25.000 -45.000,7.6,7.1,6.7,7.3,19
170,Passio Coffee - 182 Lê Đại Hành,10.7642389000000,106.6559539000000,"Tòa Nhà Flemington, 182 Lê Đại Hành, Quận 11, TP. HCM","Café/Dessert, ","Trà, Café - Kem, Sinh tố - Nước ép, Thức uống, ","Món Việt, ",08:00 - 22:00,08:00 - 22:00,08:00 - 22:00,08:00 - 22:00,08:00 - 22:00,08:00 - 22:00,08:00 - 22:00,no,no,yes,20.000 -40.000,0.0,0.0,0.0,5.0,4
170,Passio Coffee - 1 Lê Văn Ninh,10.8510970000000,106.7546630000000,"1 Lê Văn Ninh, Tp. Thủ Đức, TP. HCM","Café/Dessert, ","Trà, Café - Kem, Sinh tố - Nước ép, Thức uống, Sữa, ","Món Việt, ",07:00 - 22:00,07:00 - 22:00,07:00 - 22:00,07:00 - 22:00,07:00 - 22:00,07:00 - 22:00,07:00 - 22:00,no,no,yes,25.000 -55.000,6.4,0.0,6.7,6.3,7
170,Passio Coffee - 197 Nguyễn Trãi,10.7662450000000,106.6883420000000,"197 Nguyễn Trãi, P. Nguyễn Cư Trinh, Quận 1, TP. HCM","Café/Dessert, ","Trà, Café - Kem, Sinh tố - Nước ép, Thức uống, Trà sữa, ","Món Việt, ",06:00 - 22:00,06:00 - 22:00,06:00 - 22:00,06:00 - 22:00,06:00 - 22:00,06:00 - 22:00,06:00 - 22:00,no,no,yes,30.000 -55.000,6.8,6.8,7.0,6.9,19
171,Hẻm Ăn Vặt 76 Hai Bà Trưng,10.7786640000000,106.7026200000000,"Hẻm 76 Hai Bà Trưng, P. Bến Nghé, Quận 1, TP. HCM","Ăn vặt/vỉa hè, Quán ăn, ","Bún, Món nước, Ăn vặt - Ăn nhẹ, Cơm, ","Món Việt, ",14:00 - 17:00,14:00 - 17:00,14:00 - 17:00,14:00 - 17:00,14:00 - 17:00,14:00 - 17:00,14:00 - 17:00,no,no,no,15.000 -20.000,6.5,0.0,0.0,6.2,191
172,Fox Beer Club - Hàm Nghi,10.7704730000000,106.7039790000000,"11 Hàm Nghi, Quận 1, TP. HCM","Bar/Pub, Beer club, ","Cơm Chiên, Cua - Ghẹ, Thịt Bò, Hải sản, Cá, Ăn vặt - Ăn nhẹ, Cơm, Thức uống, ","Món Việt, ","00:01 - 01:00, 17:00 - 23:59","00:01 - 01:00, 17:00 - 23:59","00:01 - 01:00, 17:00 - 23:59","00:01 - 01:00, 17:00 - 23:59","00:01 - 01:00, 17:00 - 23:59","00:01 - 01:00, 17:00 - 23:59","00:01 - 01:00, 17:00 - 23:59",yes,no,yes,100.000 -500.000,6.8,6.5,7.3,6.9,97
173,Basta Hiro - Pasta & Pizza - Saigon Centre,10.7740160000000,106.7010420000000,"L3 - 26B, Saigon Centre, 65 Lê Lợi, P. Bến Nghé, Quận 1, TP. HCM","Nhà hàng, ","Pizza & Pasta, Cơm, ","Món Âu, Ý, ",10:00 - 22:00,10:00 - 22:00,10:00 - 22:00,10:00 - 22:00,10:00 - 22:00,10:00 - 22:00,10:00 - 22:00,no,no,yes,100.000 -200.000,7.7,7.8,7.9,7.7,167
173,Basta Hiro - Pasta & Pizza - Estella Place,10.8020280000000,106.7482350000000,"Tầng 1 - 05 Estella Place, 88 Song Hành, P. An Phú, Tp. Thủ Đức, TP. HCM","Nhà hàng, ","Bún, Mì, Pizza & Pasta, Fastfood - Thức ăn nhanh, ","Món Âu, Ý, ",10:30 - 21:30,10:30 - 21:30,10:30 - 21:30,10:30 - 21:30,10:30 - 21:30,10:30 - 21:30,10:30 - 21:30,no,yes,yes,100.000 -300.000,7.9,7.7,7.9,7.9,62
173,Basta Hiro - Pasta & Pizza - Vincom Đồng Khởi,10.7783150000000,106.7016600000000,"Tầng B3, B3 – 06, Vincom Đồng Khởi, 72 Lê Thánh Tôn, P. Bến Nghé, Quận 1, TP. HCM","Nhà hàng, ","Thịt Bò, Pizza & Pasta, Fastfood - Thức ăn nhanh, ","Món Âu, Ý, ",10:30 - 21:30,10:30 - 21:30,10:30 - 21:30,10:30 - 21:30,10:30 - 21:30,10:30 - 21:30,10:30 - 21:30,no,yes,yes,200.000 -400.000,7.9,7.8,8.0,7.9,39
173,Basta Hiro - Pasta & Pizza - Vincom Mega Mall Thảo Điền,10.8022650000000,106.7409050000000,"L4 – 12, Mega Mall Thảo Điền, 161 Xa Lộ Hà Nội, P. Thảo Điền, Tp. Thủ Đức, TP. HCM","Nhà hàng, ","Thịt Bò, Pizza & Pasta, Salad, Xúc xích, Fastfood - Thức ăn nhanh, ","Món Âu, Ý, ",10:30 - 21:30,10:30 - 21:30,10:30 - 21:30,10:30 - 21:30,10:30 - 21:30,10:30 - 21:30,10:30 - 21:30,no,yes,yes,200.000 -400.000,8.2,8.1,8.3,8.2,29
173,Basta Hiro - Saigon Centre,10.7733827000000,106.7003490000000,"67 Lê Lợi ( L3- 26, Tòa Nhà Saigon Centre ), P. Bến Nghé, Quận 1, TP. HCM","Nhà hàng, ","Pizza & Pasta, Xúc xích, Fastfood - Thức ăn nhanh, ",,10:30 - 22:00,10:30 - 22:00,10:30 - 22:00,10:30 - 22:00,10:30 - 22:00,10:30 - 22:00,10:30 - 22:00,no,no,no,100.000 -300.000,0.0,0.0,0.0,_._,0
173,Basta Hiro - Crescent Mall,10.7286305000000,106.7185879000000,"Lầu 2 (2F-39B) Crescent Mall, 101 Tôn Dật Tiên, P. Tân Phú, Quận 7, TP. HCM","Nhà hàng, ","Pizza & Pasta, Xúc xích, Fastfood - Thức ăn nhanh, ",,10:30 - 22:30,10:30 - 22:30,10:30 - 22:30,10:30 - 22:30,10:30 - 22:30,10:30 - 22:30,10:30 - 22:30,no,no,no,50.000 -300.000,0.0,0.0,0.0,_._,0
174,Nhà Hàng Beirut - Ẩm Thực Trung Đông,10.7738970000000,106.7058350000000,"21 Ngô Đức Kế, P. Bến Nghé, Quận 1, TP. HCM","Nhà hàng, ","Pizza & Pasta, Dimsum, Shisha, Xúc xích, Fastfood - Thức ăn nhanh, ","Trung Đông, Ả Rập, ","00:01 - 01:00, 11:00 - 23:59","00:01 - 01:00, 11:00 - 23:59","00:01 - 01:00, 11:00 - 23:59","00:01 - 01:00, 11:00 - 23:59","00:01 - 01:00, 11:00 - 23:59","00:01 - 01:00, 11:00 - 23:59","00:01 - 01:00, 11:00 - 23:59",no,no,yes,38.000 -200.000,9.6,9.7,9.7,9.5,99
175,Hồng Hạnh - Bánh Cuốn & Món Huế,10.7850190000000,106.7006300000000,"17A Nguyễn Thị Minh Khai, P. Bến Nghé, Quận 1, TP. HCM","Quán ăn, ","Bánh ướt, Cơm Tấm, Bún, Mì, Miến, Bánh - Kẹo, Bánh bèo, Món Huế, Ăn vặt - Ăn nhẹ, Cơm, Bánh tằm, ","Món Việt, Món Huế, Món Miền Trung, ",06:00 - 23:00,06:00 - 23:00,06:00 - 23:00,06:00 - 23:00,06:00 - 23:00,06:00 - 23:00,06:00 - 23:00,no,no,no,25.000 -77.000,6.2,0.0,0.0,6.1,211
176,GÀ NƯỚNG PHÁP - LETOILE,10.7862287000000,106.6943251000000,"180bis Hai Bà Trưng, P. Đa Kao, Quận 1, TP. HCM","Nhà hàng, ","Thịt Gà, Thịt Bò, Beefsteak - Bò né, Pizza & Pasta, Salad, Xúc xích, Fastfood - Thức ăn nhanh, ","Món Âu, Pháp, ","10:30 - 14:30, 16:30 - 21:30","10:30 - 14:30, 16:30 - 21:30","10:30 - 14:30, 16:30 - 21:30","10:30 - 14:30, 16:30 - 21:30","10:30 - 14:30, 16:30 - 21:30","10:30 - 14:30, 16:30 - 21:30","10:30 - 14:30, 16:30 - 21:30",no,yes,yes,50.000 -110.000,7.5,7.0,7.1,7.2,93
177,The Pizza Company - Nguyễn Thái Học,10.7665700000000,106.6959560000000,"105 - 107 Nguyễn Thái Học, P. Cầu Ông Lãnh, Quận 1, TP. HCM","Nhà hàng, ","Sườn nướng, Chân cánh gà nướng, Lẩu, Pizza & Pasta, Salad, Xúc xích, Fastfood - Thức ăn nhanh, ","Món Âu, Ý, ",10:00 - 22:00,10:00 - 22:00,10:00 - 22:00,10:00 - 22:00,10:00 - 22:00,10:00 - 22:00,10:00 - 22:00,yes,no,yes,100.000 -250.000,7.6,7.2,7.3,7.3,184
178,Gà Tần Gia Bảo - Quận 1,10.7573342000000,106.6891458000000,"TK24/9 Nguyễn Cảnh Chân, P. Cầu Kho, Quận 1, TP. HCM","Quán ăn, ","Cháo, ",,09:00 - 23:59,09:00 - 23:59,09:00 - 23:59,09:00 - 23:59,09:00 - 23:59,09:00 - 23:59,09:00 - 23:59,no,no,no,,10.0,10.0,10.0,10.0,302
179,Le Jardin - Ẩm Thực Pháp,10.7798690000000,106.7037230000000,"31 Thái Văn Lung, P. Bến Nghé, Quận 1, TP. HCM","Nhà hàng, ",,"Món Âu, Pháp, ","11:00 - 14:00, 18:00 - 23:00","11:00 - 14:00, 18:00 - 23:00","11:00 - 14:00, 18:00 - 23:00","11:00 - 14:00, 18:00 - 23:00","11:00 - 14:00, 18:00 - 23:00","11:00 - 14:00, 18:00 - 23:00","11:00 - 14:00, 18:00 - 23:00",no,yes,yes,300.000 -550.000,7.8,7.0,7.5,7.5,41
180,BreadTalk - Nguyễn Tri Phương,10.7554650000000,106.6695750000000,"143 - 145 Nguyễn Tri Phương, P. 8, Quận 5, TP. HCM","Tiệm bánh, ","Bánh - Kẹo, Sinh tố - Nước ép, Ăn vặt - Ăn nhẹ, Thức uống, ","Món Việt, ",06:30 - 22:00,06:30 - 22:00,06:30 - 22:00,06:30 - 22:00,06:30 - 22:00,06:30 - 22:00,06:30 - 22:00,no,no,yes,13.000 -300.000,7.5,7.1,7.1,7.2,34
180,BreadTalk - Vincom Center,10.7781230000000,106.7018740000000,"Tầng B3, Vincom Center, 72 Lê Thánh Tôn, P. Bến Nghé, Quận 1, TP. HCM","Café/Dessert, Tiệm bánh, ","Bánh sinh nhật/Bánh kem, Bánh - Kẹo, Ăn vặt - Ăn nhẹ, Thức uống, ","Món Á, Singapore, ",08:00 - 22:00,08:00 - 22:00,08:00 - 22:00,08:00 - 22:00,08:00 - 22:00,08:00 - 22:00,08:00 - 22:00,no,no,no,13.000 -300.000,7.7,7.1,7.2,7.3,119
180,BreadTalk - Cantavil Premier,10.8015073000000,106.7465748000000,"Tầng Trệt, Cantavil Premier, 1 Song Hành, P. An Phú, Tp. Thủ Đức, TP. HCM","Tiệm bánh, ","Bánh mì, Bánh sinh nhật/Bánh kem, Bánh - Kẹo, ","Món Á, Singapore, ",07:00 - 22:00,07:00 - 22:00,07:00 - 22:00,07:00 - 22:00,07:00 - 22:00,07:00 - 22:00,07:00 - 22:00,no,no,no,13.000 -300.000,6.7,6.2,6.7,6.7,18
180,BreadTalk - AEON Mall Tân Phú,10.8014730000000,106.6179530000000,"Tầng Trệt AEON Mall Tân Phú, 30 Bờ Bao Tân Thắng, P. Sơn Kỳ, Quận Tân Phú, TP. HCM","Tiệm bánh, ","Bánh mì, Donut, Ăn vặt - Ăn nhẹ, ","Món Á, Singapore, ",10:00 - 22:00,10:00 - 22:00,10:00 - 22:00,10:00 - 22:00,10:00 - 22:00,09:00 - 22:00,09:00 - 22:00,no,no,no,13.000 -300.000,7.4,7.2,7.4,7.3,50
180,BreadTalk - SC VivoCity,10.7299520000000,106.7032370000000,"Tầng 3 - SC VivoCity, 1058 Nguyễn Văn Linh, KP. 1, P. Tân Phong, Quận 7, TP. HCM","Tiệm bánh, ","Bánh sinh nhật/Bánh kem, Bánh - Kẹo, ","Món Việt, Món Á, Singapore, ",10:00 - 22:00,10:00 - 22:00,10:00 - 22:00,10:00 - 22:00,10:00 - 22:00,09:00 - 22:00,09:00 - 22:00,no,no,yes,13.000 -300.000,7.9,6.9,7.2,7.2,66
180,BreadTalk - Saigon Centre,10.7735990000000,106.7009370000000,"Tầng B2, Saigon Centre, 65 Lê Lợi, P. Bến Nghé, Quận 1, TP. HCM","Café/Dessert, Tiệm bánh, ","Bánh sinh nhật/Bánh kem, Bánh - Kẹo, Ăn vặt - Ăn nhẹ, ","Món Á, Singapore, ",08:30 - 21:30,08:30 - 21:30,08:30 - 21:30,08:30 - 21:30,08:30 - 21:30,08:30 - 22:30,08:30 - 22:30,no,no,yes,13.000 -300.000,7.4,6.6,7.1,7.1,52
180,BreadTalk - Aeon Mall Bình Tân,10.7425600000000,106.6114270000000,"Tầng Trệt, Aeon Mall Bình Tân, 1 Đường Số 17A, P. Bình Trị Đông B, Quận Bình Tân, TP. HCM","Tiệm bánh, ","Bánh sinh nhật/Bánh kem, Bánh - Kẹo, Ăn vặt - Ăn nhẹ, ","Món Á, Singapore, ",08:00 - 22:00,08:00 - 22:00,08:00 - 22:00,08:00 - 22:00,08:00 - 22:00,08:00 - 22:00,08:00 - 22:00,no,no,yes,13.000 -300.000,6.6,0.0,6.2,6.4,19
180,BreadTalk - Vạn Hạnh Mall,10.7707810000000,106.6698520000000,"FM17 - 18 Vạn Hạnh Mall, 11 Sư Vạn Hạnh, P. 12, Quận 10, TP. HCM","Tiệm bánh, ","Bánh sinh nhật/Bánh kem, Bánh - Kẹo, ","Món Á, Singapore, ",07:30 - 22:00,07:30 - 22:00,07:30 - 22:00,07:30 - 22:00,07:30 - 22:00,07:30 - 22:00,07:30 - 22:00,yes,no,yes,13.000 -300.000,6.7,6.7,7.4,7.2,17
180,BreadTalk - Estella Place,10.8021110000000,106.7483840000000,"Tầng 2 Estella Place, 88 Song Hành, P. An Phú, Tp. Thủ Đức, TP. HCM","Tiệm bánh, ","Bánh mì, Bánh sinh nhật/Bánh kem, Bánh - Kẹo, Ăn vặt - Ăn nhẹ, ","Món Á, Singapore, ",09:00 - 22:00,09:00 - 22:00,09:00 - 22:00,09:00 - 22:00,09:00 - 22:00,09:00 - 22:00,09:00 - 22:00,no,no,yes,13.000 -300.000,9.0,9.0,9.0,8.7,2
180,BreadTalk - Gigamall,10.8280480000000,106.7222298000000,"Tầng 2, Giga Mall, 240 Phạm Văn Đồng, P. Hiệp Bình Chánh, Tp. Thủ Đức, TP. HCM","Tiệm bánh, ","Bánh mì, Bánh sinh nhật/Bánh kem, Bánh - Kẹo, Ăn vặt - Ăn nhẹ, Thức uống, ","Món Việt, ",09:30 - 22:00,09:30 - 22:00,09:30 - 22:00,09:30 - 22:00,09:30 - 22:00,09:00 - 22:00,09:00 - 22:00,yes,no,no,25.000 -50.000,7.0,8.5,7.5,7.6,2
180,Breadtalk - Âu Cơ,10.7695887000000,106.6518402000000,"36-36A Âu Cơ, P. 9, Quận Tân Bình, TP. HCM","Quán ăn, ","Bánh mì, Bánh sinh nhật/Bánh kem, Cupcake, Bánh Su/Chour, Crepe, Bánh - Kẹo, ",,09:00 - 21:30,09:00 - 21:30,09:00 - 21:30,09:00 - 21:30,09:00 - 21:30,09:00 - 21:30,09:00 - 21:30,no,no,no,13.000 -300.000,0.0,0.0,0.0,2.8,1
180,BreadTalk - Vinhomes Grand Park,10.8395785000000,106.8344739000000,"01S13 Tòa S3.01, Vinhomes Grand Park, P. Long Thạnh Mỹ, Tp. Thủ Đức, TP. HCM","Quán ăn, ","Bánh sinh nhật/Bánh kem, Đậu hũ, Ăn vặt - Ăn nhẹ, ",,07:00 - 21:30,07:00 - 21:30,07:00 - 21:30,07:00 - 21:30,07:00 - 21:30,07:00 - 21:30,07:00 - 21:30,no,no,no,20.000 -250.000,0.0,0.0,0.0,_._,0
181,Trái Cây Tô Alley Fruit Cocktail - Lý Tự Trọng,10.7733240000000,106.6968730000000,"Hẻm 177 Lý Tự Trọng, Quận 1, TP. HCM","Ăn vặt/vỉa hè, Quán ăn, ","Hủ tiếu, Hải sản, Món nước, Mì, Ăn vặt - Ăn nhẹ, Trái cây, Phá lấu, ","Món Việt, ",13:30 - 22:00,13:30 - 22:00,13:30 - 22:00,13:30 - 22:00,13:30 - 22:00,13:30 - 22:00,13:30 - 22:00,no,no,no,20.000 -44.000,7.4,6.3,0.0,6.5,189
182,Opera Buffet - Park Hyatt Saigon,10.7775190000000,106.7035720000000,"Lobby Park Hyatt Hotel, 2 Công Trường Lam Sơn, Quận 1, TP. HCM","Sang trọng, Buffet, Nhà hàng, Tiệc cưới/Hội nghị, ",,"Món Âu, ",18:00 - 22:30,18:00 - 22:30,18:00 - 22:30,18:00 - 22:30,18:00 - 22:30,18:00 - 22:30,18:00 - 22:30,no,yes,yes,1.000.000 -2.000.000,7.3,7.6,7.4,7.2,51
183,Dynasty Restaurant - New World Saigon Hotel - Ẩm Thực Trung Hoa,10.7702630000000,106.6943590000000,"Tầng 1, New World Saigon Hotel, 76 Lê Lai, P. Bến Nghé, Quận 1, TP. HCM","Sang trọng, Nhà hàng, ","Thịt Gà, Trà, Nấm, Thịt Bò, Thịt Heo, Hải sản, Món nước, Thịt Vịt, Món chay, Rượu vang, Thức uống, Bia, Nước ngọt, Cocktail, ","Món Á, Món Trung Hoa, ",18:00 - 22:00,18:00 - 22:00,18:00 - 22:00,18:00 - 22:00,18:00 - 22:00,18:00 - 22:00,18:00 - 22:00,yes,no,yes,90.000 -3.500.000,6.7,6.8,7.2,6.9,56
184,Bánh Mì Chảo - 189 Đinh Tiên Hoàng,10.7914120000000,106.6961520000000,"189 Đinh Tiên Hoàng, P. Đa Kao, Quận 1, TP. HCM","Quán ăn, ","Bánh mì, Bún, Thịt Bò, Bánh - Kẹo, Ăn vặt - Ăn nhẹ, ","Món Việt, ",07:00 - 21:00,07:00 - 21:00,07:00 - 21:00,07:00 - 21:00,07:00 - 21:00,07:00 - 21:00,07:00 - 21:00,no,no,no,30.000 -55.000,7.5,7.2,7.0,7.2,155
185,Haidilao Hot Pot - Bitexco Tower,10.7717610000000,106.7043850000000,"Tầng 2 Bitexco Tower, 2 Hải Triều, P. Bến Nghé, Quận 1, TP. HCM","Nhà hàng, ","Lẩu, ","Món Á, Món Trung Hoa, ",09:00 - 22:00,09:00 - 22:00,09:00 - 22:00,09:00 - 22:00,09:00 - 22:00,09:00 - 22:00,09:00 - 22:00,no,yes,yes,50.000 -300.000,8.6,8.8,8.4,8.4,133
186,"Fumo - Steak, Pasta & Bar",10.7883270000000,106.6918260000000,"220/1 Hai Bà Trưng, P. Tân Định, Quận 1, TP. HCM","Nhà hàng, ","Thịt Bò, Beefsteak - Bò né, Salad, Sinh tố - Nước ép, Ăn vặt - Ăn nhẹ, Thức uống, Xúc xích, Fastfood - Thức ăn nhanh, ","Món Âu, Ý, ","11:30 - 15:00, 17:30 - 22:30","11:30 - 15:00, 17:30 - 22:30","11:30 - 15:00, 17:30 - 22:30","11:30 - 15:00, 17:30 - 22:30","11:30 - 15:00, 17:30 - 22:30","11:30 - 15:00, 17:30 - 22:30","11:30 - 15:00, 17:30 - 22:30",no,no,yes,40.000 -365.000,8.2,8.5,8.1,8.1,160
186,"Fumo - Steak, Pasta & Bar - Hồ Hảo Hớn",10.7620680000000,106.6923770000000,"42/7 Hồ Hảo Hớn, P. Cô Giang, Quận 1, TP. HCM","Nhà hàng, ","Thịt Bò, Pizza & Pasta, Ăn vặt - Ăn nhẹ, ","Món Âu, Ý, ",15:00 - 22:00,15:00 - 22:00,15:00 - 22:00,15:00 - 22:00,15:00 - 22:00,15:00 - 22:00,15:00 - 22:00,yes,no,yes,40.000 -365.000,8.0,8.0,9.0,8.6,1
187,Choice Hotpot - Buffet Lẩu Nhật,10.7780152199585,106.7021041363477,"B3-28AB, Tầng 3, Vincom Center, 72 Lê Thánh Tôn, Quận 1, TP. HCM","Nhà hàng, ",,"Món Á, Món Nhật, ",09:30 - 22:00,09:30 - 22:00,09:30 - 22:00,09:30 - 22:00,09:30 - 22:00,09:30 - 22:00,09:30 - 22:00,no,no,yes,179.000 -299.000,6.4,6.9,6.6,6.7,80
188,L’Olivier - Ẩm Thực Pháp - Sofitel Saigon Plaza,10.7843970000000,106.7023410000000,"17 Lê Duẩn, P. Bến Nghé, Quận 1, TP. HCM","Nhà hàng, ",,"Món Âu, Pháp, ","11:30 - 14:30, 18:30 - 22:30","11:30 - 14:30, 18:30 - 22:30","11:30 - 14:30, 18:30 - 22:30","11:30 - 14:30, 18:30 - 22:30","11:30 - 14:30, 18:30 - 22:30","11:30 - 14:30, 18:30 - 22:30","11:30 - 14:30, 18:30 - 22:30",no,yes,yes,250.000 -1.000.000,7.8,7.8,8.2,8.0,5
188,Mezz - Buffet Tương Tác - Sofitel Saigon Plaza,10.7839399000000,106.7025634000000,"17 Lê Duẩn, P. Bến Nghé, Quận 1, TP. HCM","Buffet, ",,"Món Á, Món Âu, ",18:30 - 22:30,18:30 - 22:30,18:30 - 22:30,18:30 - 22:30,18:30 - 22:30,18:30 - 22:30,18:30 - 22:30,yes,yes,yes,386.000 -1.605.450,7.3,8.0,8.3,7.7,39
189,Lobby Lounge - Sheraton Saigon Hotel & Towers,10.7753010000000,106.7039180000000,"Sheraton Saigon Hotel & Towers, 88 Đồng Khởi, P. Bến Nghé, Quận 1, TP. HCM","Sang trọng, Café/Dessert, ","Trà, Café - Kem, Sinh tố - Nước ép, Rượu vang, Thức uống, Bia, Nước ngọt, ","Món Á, Món Âu, ",08:00 - 23:30,08:00 - 23:30,08:00 - 23:30,08:00 - 23:30,08:00 - 23:30,08:00 - 23:30,08:00 - 23:30,no,no,yes,90.000 -320.000,7.7,7.9,8.4,7.9,14
189,Li Bai Restaurant - Sheraton Saigon Hotel & Towers,10.7758900000000,106.7040680000000,"Level 2, Sheraton Saigon Hotel & Towers, 88 Đồng Khởi, P. Bến Nghé, Quận 1, TP. HCM","Nhà hàng, ","Hải sản, Thịt Vịt, ","Món Á, Món Trung Hoa, ","11:00 - 14:30, 18:00 - 22:00","11:00 - 14:30, 18:00 - 22:00","11:00 - 14:30, 18:00 - 22:00","11:00 - 14:30, 18:00 - 22:00","11:00 - 14:30, 18:00 - 22:00","11:00 - 14:30, 18:00 - 22:00","10:00 - 14:30, 18:00 - 22:00",no,no,yes,500.000 -1.000.000,8.2,7.3,7.8,7.6,39
189,Sheraton Saigon Hotel & Towers,10.7755740000000,106.7036850000000,"88 Đồng Khởi, P. Bến Nghé, Quận 1, TP. HCM","Khách sạn, ",,"Món Việt, Món Á, Món Âu, Châu Mỹ, ",00:00 - 23:59,00:00 - 23:59,00:00 - 23:59,00:00 - 23:59,00:00 - 23:59,00:00 - 23:59,00:00 - 23:59,yes,no,yes,500.000 -5.500.000,7.1,7.0,7.2,6.9,159
189,Saigon Cafe - Sheraton Saigon Hotel & Towers,10.7757330000000,106.7034670000000,"Tầng 1 Sheraton Saigon Hotel & Towers, 88 Đồng Khởi, P. Bến Nghé, Quận 1, TP. HCM","Sang trọng, Nhà hàng, ","Thịt Bò, Hải sản, Lẩu, Sushi & Sashimi, ","Món Âu, ","12:00 - 14:30, 18:00 - 22:00","12:00 - 14:30, 18:00 - 22:00","12:00 - 14:30, 18:00 - 22:00","12:00 - 14:30, 18:00 - 22:00","12:00 - 14:30, 18:00 - 22:00","12:00 - 14:30, 18:00 - 22:00","11:30 - 15:00, 18:00 - 22:00",no,yes,no,800.000 -1.700.000,8.1,8.0,8.3,7.9,74
190,Bon Appétit - Đinh Công Tráng,10.7901880000000,106.6919390000000,"30 Đinh Công Tráng, P. Tân Định, Quận 1, TP. HCM","Nhà hàng, ","Thịt Gà, Thịt Bò, Thịt Vịt, ","Món Âu, Pháp, ","10:00 - 14:00, 17:00 - 21:00","10:00 - 14:00, 17:00 - 21:00","10:00 - 14:00, 17:00 - 21:00","10:00 - 14:00, 17:00 - 21:00","10:00 - 14:00, 17:00 - 21:00","10:00 - 14:00, 17:00 - 21:00","10:00 - 14:00, 17:00 - 21:00",no,yes,yes,50.000 -150.000,8.3,7.8,7.8,7.9,154
191,Hokkaido Baked Cheese Tart - Saigon Centre,10.7737480000000,106.7009082000000,"Unit B2 - 21 Saigon Centre, 65 Lê Lợi, P. Bến Nghé, Quận 1, TP. HCM","Tiệm bánh, ","Bánh - Kẹo, Ăn vặt - Ăn nhẹ, ","Quốc tế, ",10:00 - 23:00,10:00 - 23:00,10:00 - 23:00,10:00 - 23:00,10:00 - 23:00,10:00 - 23:00,10:00 - 23:00,no,no,no,29.000 -210.000,8.2,7.7,7.1,7.7,192
191,Hokkaido Baked Cheese Tart - Nguyễn Thái Học,10.7682010000000,106.6949730000000,"169 Nguyễn Thái Học, P. Phạm Ngũ Lão, Quận 1, TP. HCM","Tiệm bánh, ","Bánh - Kẹo, Café - Kem, Ăn vặt - Ăn nhẹ, ","Quốc tế, ",10:00 - 22:00,10:00 - 22:00,10:00 - 22:00,10:00 - 22:00,10:00 - 22:00,10:00 - 22:00,10:00 - 22:00,no,no,yes,29.000 -210.000,7.4,7.0,0.0,6.9,58
191,Hokkaido Baked Cheese Tart - Estella Place,10.8019934000000,106.7482807000000,"Estella Place, L4-29B, 88 Song Hành, P. An Phú, Quận 2, TP. HCM","Tiệm bánh, ","Bánh - Kẹo, Ăn vặt - Ăn nhẹ, ","Quốc tế, ",09:00 - 22:00,09:00 - 22:00,09:00 - 22:00,09:00 - 22:00,09:00 - 22:00,09:00 - 22:00,09:00 - 22:00,no,no,yes,29.000 -189.000,8.5,7.4,7.7,7.8,13
191,Hokkaido Baked Cheese Tart - Gigamall,10.8279287000000,106.7212284000000,"Tầng 4 Giga Mall, 240 Phạm Văn Đồng, P. Hiệp Bình Chánh, Tp. Thủ Đức, TP. HCM","Tiệm bánh, ","Bánh - Kẹo, Café - Kem, Ăn vặt - Ăn nhẹ, ","Món Á, Món Nhật, ",09:00 - 22:00,09:00 - 22:00,09:00 - 22:00,09:00 - 22:00,09:00 - 22:00,09:00 - 22:00,09:00 - 22:00,yes,no,no,42.000 -300.000,7.8,7.5,7.2,7.5,17
191,Hokkaido Baked Cheese Tart - Phan Xích Long,10.7980620000000,106.6892780000000,"256 Phan Xích Long, P. 7, Quận Phú Nhuận, TP. HCM","Tiệm bánh, ","Đậu hũ, Bánh - Kẹo, Ăn vặt - Ăn nhẹ, Nem, ","Món Việt, ",09:00 - 23:00,09:00 - 23:00,09:00 - 23:00,09:00 - 23:00,09:00 - 23:00,09:00 - 23:00,09:00 - 23:00,yes,no,yes,39.000 -210.000,7.7,6.9,6.5,7.0,13
191,Hokkaido Cheese Tart - 86 Nguyễn Huệ,10.7752180000000,106.7027380000000,"86 Nguyễn Huệ, Phường Bến Nghé, Quận 1, TP. HCM","Tiệm bánh, ","Bánh - Kẹo, Ăn vặt - Ăn nhẹ, ","Quốc tế, ",10:00 - 22:00,10:00 - 22:00,10:00 - 22:00,10:00 - 22:00,10:00 - 22:00,10:00 - 22:00,10:00 - 22:00,no,no,no,29.000 -210.000,8.3,6.8,7.0,7.6,12
191,Hokkaido Baked Cheese Tart - Aeon Mall Bình Tân,10.7437210000000,106.6120100000000,"G34 Aeon Mall Bình Tân, 1 Đường Số 17A, P. Bình Trị Đông B, Quận Bình Tân, TP. HCM","Tiệm bánh, ","Bánh - Kẹo, Ăn vặt - Ăn nhẹ, ","Món Á, Món Nhật, ",08:00 - 22:00,08:00 - 22:00,08:00 - 22:00,08:00 - 22:00,08:00 - 22:00,08:00 - 22:00,08:00 - 22:00,no,no,no,32.000 -210.000,7.0,7.0,7.0,6.6,1
191,Hokkaido Baked Cheese Tart - AEON Mall Tân Phú,10.8005010000000,106.6174150000000,"Tầng Trệt, GRD1 AEON Mall Tân Phú, 30 Bờ Bao Tân Thắng, P. Sơn Ký, Quận Tân Phú, TP. HCM","Tiệm bánh, ","Bánh - Kẹo, Café - Kem, ","Món Á, Món Nhật, ",10:00 - 22:00,10:00 - 22:00,10:00 - 22:00,10:00 - 22:00,10:00 - 22:00,10:00 - 22:00,10:00 - 22:00,no,no,no,32.000 -210.000,7.8,7.5,7.0,7.8,4
192,Bánh Mì Út Thương - Tôn Thất Tùng,10.7692120000000,106.6894150000000,"28/11A Tôn Thất Tùng, P. Bến Thành, Quận 1, TP. HCM","Tiệm bánh, ","Bánh mì, Bánh - Kẹo, Ăn vặt - Ăn nhẹ, Thức uống, ","Món Việt, ",06:00 - 23:59,06:00 - 23:59,06:00 - 23:59,06:00 - 23:59,06:00 - 23:59,06:00 - 23:59,06:00 - 23:59,yes,yes,yes,9.000 -29.000,8.1,8.0,7.3,7.8,175
193,KAI Coffee - Nguyễn Thái Bình,10.7684410000000,106.6990190000000,"139 Nguyễn Thái Bình, P. Nguyễn Thái Bình, Quận 1, TP. HCM","Café/Dessert, ","Trà, Café - Kem, Sinh tố - Nước ép, Thức uống, Trà sữa, Sữa, ","Món Việt, ",00:00 - 23:59,00:00 - 23:59,00:00 - 23:59,00:00 - 23:59,00:00 - 23:59,00:00 - 23:59,00:00 - 23:59,yes,no,yes,25.000 -50.000,6.5,6.7,7.4,6.9,167
194,Dì Năm Sa Đéc - Hủ Tiếu (Hủ Tíu) & Bánh Tằm,10.7681870000000,106.6869170000000,"166 Bùi Thị Xuân, P. Phạm Ngũ Lão, Quận 1, TP. HCM","Quán ăn, ","Món nước, Cơm, ","Miền Tây, Món Miền Nam, ","07:00 - 14:00, 16:00 - 22:00","07:00 - 14:00, 16:00 - 22:00","07:00 - 14:00, 16:00 - 22:00","07:00 - 14:00, 16:00 - 22:00","07:00 - 14:00, 16:00 - 22:00","07:00 - 14:00, 16:00 - 22:00","07:00 - 14:00, 16:00 - 22:00",no,no,no,10.000 -45.000,8.0,7.8,7.8,7.8,156
195,Whippy Tea,10.7692390000000,106.6880850000000,"146 Bùi Thị Xuân, P. Phạm Ngũ Lão, Quận 1, TP. HCM","Café/Dessert, Quán ăn, ","Trà, Sinh tố - Nước ép, Ăn vặt - Ăn nhẹ, Thức uống, Trà sữa, ","Món Việt, Quốc tế, ",07:00 - 22:00,07:00 - 22:00,07:00 - 22:00,07:00 - 22:00,07:00 - 22:00,07:00 - 22:00,07:00 - 22:00,no,no,yes,25.000 -50.000,7.5,7.3,6.8,7.3,74
196,Ahihi - Fruit & Yogurt,10.7850244000000,106.7005350000000,"17/3 Nguyễn Thị Minh Khai, P. Bến Nghé, Quận 1, TP. HCM","Shop Online, ","Sinh tố - Nước ép, Thức uống, Sữa, ","Món Việt, ",07:00 - 21:00,07:00 - 21:00,07:00 - 21:00,07:00 - 21:00,07:00 - 21:00,07:00 - 21:00,07:00 - 21:00,yes,yes,yes,25.000 -30.000,9.7,9.6,9.3,9.5,138
197,Brotzeit - Nhà Hàng Đức - Mplaza Saigon,10.7817316656218,106.7000045967003,"Tầng 1 - Mplaza Saigon, 39 Lê Duẩn, P. Bến Nghé, Quận 1, TP. HCM","Sang trọng, Nhà hàng, ","Thịt Gà, Thịt Bò, Thịt Heo, Hải sản, Cá, Thức uống, Bia, Xúc xích, ","Món Âu, Đức, ",11:00 - 23:30,11:00 - 23:30,11:00 - 23:30,11:00 - 23:30,11:00 - 23:30,11:00 - 23:30,11:00 - 23:30,no,yes,yes,150.000 -385.000,7.1,7.1,7.5,7.2,42
198,Mr Mì - Pasteur,10.7749740000000,106.7006470000000,"63 Pasteur, P. Bến Nghé, Quận 1, TP. HCM","Quán ăn, ","Tôm, Bún, Thịt Bò, Hải sản, Món nước, Mì, Súp, Mực, Cơm, Cá/bò viên, ","Món Việt, ",09:00 - 22:00,09:00 - 22:00,09:00 - 22:00,09:00 - 22:00,09:00 - 22:00,09:00 - 22:00,09:00 - 22:00,no,no,no,30.000 -40.000,7.2,6.7,6.6,6.8,169
199,Azabu Sabo - TTTM Takashimaya,10.7734960000000,106.7010710000000,"Tầng Hầm 2 - TTTM Takashimaya, 92 - 94 Nam Kỳ Khởi Nghĩa, P. Bến Nghé, Quận 1, TP. HCM","Café/Dessert, ","Café - Kem, ","Món Á, Món Nhật, ",09:30 - 21:30,09:30 - 21:30,09:30 - 21:30,09:30 - 21:30,09:30 - 21:30,09:30 - 21:30,09:30 - 21:30,no,no,yes,20.000 -95.000,8.0,7.4,6.8,7.2,159
200,Cơm Gà Hội An - 95 Nguyễn Trãi,10.7651790000000,106.6850180000000,"212B/D28 Nguyễn Trãi, P. Nguyễn Cư Trinh, Quận 1, TP. HCM","Café/Dessert, ","Bún, Mì, Cháo, Miến, Café - Kem, Cơm, Thức uống, ","Món Việt, ",06:30 - 22:30,06:30 - 22:30,06:30 - 22:30,06:30 - 22:30,06:30 - 22:30,06:30 - 22:30,06:30 - 22:30,no,no,yes,10.000 -50.000,8.9,8.5,8.0,8.3,182
200,Cơm Gà Hội An - Nguyễn Trãi,10.7651590000000,106.6850190000000,"212B/D28/5 Nguyễn Trãi, P. Nguyễn Cư Trinh, Quận 1, TP. HCM","Quán ăn, ","Thịt Gà, Thịt Bò, Bún, Bào Ngư, Hải sản, Mì, Gà xối mỡ, Cá, Miến, Cơm, ","Món Miền Trung, ","00:01 - 02:00, 07:00 - 23:59","00:01 - 02:00, 07:00 - 23:59","00:01 - 02:00, 07:00 - 23:59","00:01 - 02:00, 07:00 - 23:59","00:01 - 02:00, 07:00 - 23:59","00:01 - 02:00, 07:00 - 23:59","00:01 - 02:00, 07:00 - 23:59",no,no,no,20.000 -65.000,8.4,8.1,7.9,8.1,14
201,Tôm Tép Quán - Nguyễn Cư Trinh,10.7636440000000,106.6887040000000,"168/28 Nguyễn Cư Trinh, Quận 1, TP. HCM","Quán ăn, Quán nhậu, ","Thịt Gà, Tôm, Thịt Ếch, Trà, Hải sản, Lẩu, Nghêu - Sò - Ốc, Mực, Hàu, Gỏi, Đặc sản vùng, Cơm văn phòng, Ăn vặt - Ăn nhẹ, Cơm, Thức uống, Bia, Nước ngọt, ","Món Việt, ",11:00 - 22:00,11:00 - 22:00,11:00 - 22:00,11:00 - 22:00,11:00 - 22:00,11:00 - 22:00,11:00 - 22:00,no,no,no,50.000 -150.000,7.5,6.8,6.5,6.9,77
202,Quán Nướng 3T,10.7739544000000,106.7031908000000,"29 - 31 Tôn Thất Thiệp, Quận 1, TP. HCM","Nhà hàng, ","Bò nướng, Thịt Bò, Thịt Heo, Hải sản, Sườn nướng, ","Món Việt, ",17:00 - 23:00,17:00 - 23:00,17:00 - 23:00,17:00 - 23:00,17:00 - 23:00,17:00 - 23:00,17:00 - 23:00,no,yes,no,50.000 -330.000,8.3,7.6,7.7,7.6,70
203,GEM Lounge - GEM Center,10.7904820000000,106.7008070000000,"Tiền Sảnh GEM Center, 8 Nguyễn Bỉnh Khiêm, P. Đa Kao, Quận 1, TP. HCM","Café/Dessert, ","Café - Kem, Sinh tố - Nước ép, ","Món Việt, Quốc tế, ",07:30 - 23:00,07:30 - 23:00,07:30 - 23:00,07:30 - 23:00,07:30 - 23:00,07:30 - 23:00,07:30 - 23:00,no,yes,yes,50.000 -300.000,8.0,8.1,8.8,8.1,67
204,Le Resto - Món Pháp Giá Việt,10.7938890000000,106.6861890000000,"357 Hoàng Sa, P. Tân Định, Quận 1, TP. HCM","Nhà hàng, ","Thịt Bò, Thịt Cừu, Fastfood - Thức ăn nhanh, ","Món Âu, Pháp, ",10:00 - 21:00,10:00 - 21:00,10:00 - 21:00,10:00 - 21:00,10:00 - 21:00,10:00 - 21:00,10:00 - 21:00,no,no,yes,45.000 -150.000,6.9,6.3,6.8,6.8,143
205,Modis Dining Bar,10.7796860000000,106.7053600000000,"8A/A16Bis Thái Văn Lung, P. Bến Nghé, Quận 1, TP. HCM","Nhà hàng, ","Thịt Gà, Gà rán, Cơm Chiên, Beefsteak - Bò né, Thịt Heo, Thịt Bò, Hải sản, Cá, Chân cánh gà nướng, Sushi & Sashimi, Pizza & Pasta, Salad, Café - Kem, Ăn vặt - Ăn nhẹ, Cơm, Fastfood - Thức ăn nhanh, Halal, ","Châu Mỹ, ","00:01 - 03:00, 17:00 - 23:59","00:01 - 03:00, 17:00 - 23:59","00:01 - 03:00, 17:00 - 23:59","00:01 - 03:00, 17:00 - 23:59","00:01 - 03:00, 17:00 - 23:59","00:01 - 03:00, 17:00 - 23:59","00:01 - 03:00, 17:00 - 23:59",no,yes,yes,50.000 -290.000,6.7,6.6,6.6,6.6,366
206,New York Steakhouse Sài Gòn,10.7890450000000,106.6998840000000,"25 - 27 Nguyễn Đình Chiểu, P. Đa Kao, Quận 1, TP. HCM","Sang trọng, Nhà hàng, ","Thịt Bò, Rượu vang, Thức uống, Bia, Nước ngọt, ","Mỹ, Châu Mỹ, ",11:00 - 22:30,11:00 - 22:30,11:00 - 22:30,11:00 - 22:30,11:00 - 22:30,11:00 - 22:30,11:00 - 22:30,no,yes,yes,500.000 -1.000.000,8.3,8.0,8.3,7.8,58
207,Fastnood - Cống Quỳnh,10.7657570000000,106.6896690000000,"123 Cống Quỳnh, Quận 1, TP. HCM","Ăn vặt/vỉa hè, Quán ăn, ","Món nước, Cơm, Fastfood - Thức ăn nhanh, ","Món Nhật, Món Hàn, ",Đang cập nhật,Đang cập nhật,Đang cập nhật,Đang cập nhật,Đang cập nhật,Đang cập nhật,Đang cập nhật,yes,no,yes,35.000 -55.000,8.0,7.8,6.7,7.4,130
208,Mì Cay Khuya,10.7648843000000,106.6880313000000,"233/18 Nguyễn Trãi, P. Nguyễn Cư Trinh, Quận 1, TP. HCM","Quán ăn, ","Thịt Gà, Tôm, Nấm, Bún, Thịt Bò, Hải sản, Món nước, Mì, Cơm, Cá/bò viên, ","Món Việt, ","00:01 - 00:15, 14:00 - 23:59","00:01 - 00:15, 14:00 - 23:59","00:01 - 00:15, 14:00 - 23:59","00:01 - 00:15, 14:00 - 23:59","00:01 - 00:15, 14:00 - 23:59","00:01 - 00:15, 14:00 - 23:59","00:01 - 00:15, 14:00 - 23:59",yes,no,yes,30.000 -45.000,6.9,6.6,6.4,6.6,155
209,Ăn Vặt Nhà Bảo,10.7633590000000,106.6873540000000,"145A Trần Đình Xu, Quận 1, TP. HCM","Café/Dessert, ","Bún, Mì, Café - Kem, ","Món Việt, ",07:00 - 22:00,07:00 - 22:00,07:00 - 22:00,07:00 - 22:00,07:00 - 22:00,07:00 - 22:00,07:00 - 22:00,yes,no,yes,16.000 -36.000,7.8,7.6,6.7,7.4,128
210,King BBQ Buffet - Mạc Đĩnh Chi,10.7870510000000,106.6973360000000,"38 Mạc Đĩnh Chi, P. Đa Kao, Quận 1, TP. HCM","Buffet, ","Gà rán, Sườn nướng, Lẩu, Chân cánh gà nướng, ","Món Á, Món Hàn, ",08:30 - 23:00,08:30 - 23:00,08:30 - 23:00,08:30 - 23:00,08:30 - 23:00,08:30 - 23:00,08:30 - 23:00,yes,no,yes,100.000 -700.000,6.2,0.0,6.5,6.3,163
211,KATINAT - Đồng Khởi,10.7747870000000,106.7043760000000,"91 Đồng Khởi, P. Bến Nghé, Quận 1, TP. HCM","Café/Dessert, ","Trà, Café - Kem, Sinh tố - Nước ép, Thức uống, Trà sữa, ","Món Việt, ",09:00 - 20:15,09:00 - 20:15,09:00 - 20:15,09:00 - 20:15,09:00 - 20:15,09:00 - 20:15,09:00 - 20:15,no,no,yes,30.000 -100.000,6.8,6.6,7.0,7.0,173
211,KATINAT - Nguyễn Du,10.7792220000000,106.7002520000000,"59B Nguyễn Du, P. Bến Nghé, Quận 1, TP. HCM","Café/Dessert, ","Trà, Café - Kem, Sinh tố - Nước ép, Thức uống, Trà sữa, Sữa, ","Món Việt, ",07:00 - 21:00,07:00 - 21:00,07:00 - 21:00,07:00 - 21:00,07:00 - 21:00,07:00 - 21:00,07:00 - 21:00,no,no,yes,30.000 -100.000,7.3,6.6,6.6,7.0,11
211,Katinat Saigon Kafe - Nguyễn Huệ,10.7732400983796,106.7039505019784,"B7-8 Zone 87, 87 Nguyễn Huệ, Quận 1, TP. HCM","Café/Dessert, ","Café - Kem, ","Món Việt, ",07:00 - 22:30,07:00 - 22:30,07:00 - 22:30,07:00 - 22:30,07:00 - 22:30,07:00 - 22:30,07:00 - 22:30,no,no,yes,25.000 -48.000,0.0,0.0,0.0,_._,0
211,KATINAT - Phó Đức Chính,10.7680480000000,106.7007490000000,"41 Phó Đức Chính, P. Nguyễn Thái Bình, Quận 1, TP. HCM","Café/Dessert, ","Trà, Café - Kem, Sinh tố - Nước ép, Thức uống, Trà sữa, Sữa, ","Món Việt, ",07:00 - 21:00,07:00 - 21:00,07:00 - 21:00,07:00 - 21:00,07:00 - 21:00,07:00 - 21:00,07:00 - 21:00,no,no,yes,30.000 -100.000,0.0,0.0,0.0,5.2,13
211,KATINAT - Hàm Nghi,10.7710880000000,106.7025240000000,"120 Hàm Nghi, P. Bến Nghé, Quận 1, TP. HCM","Café/Dessert, ","Trà, Café - Kem, Sinh tố - Nước ép, Thức uống, Trà sữa, Sữa, ","Món Việt, ",07:00 - 21:00,07:00 - 21:00,07:00 - 21:00,07:00 - 21:00,07:00 - 21:00,07:00 - 21:00,07:00 - 21:00,no,no,yes,30.000 -100.000,0.0,0.0,0.0,5.7,11
211,KATINAT - Nguyễn Bỉnh Khiêm,10.7882650000000,106.7037750000000,"25L Nguyễn Bỉnh Khiêm, Quận 1, TP. HCM","Café/Dessert, ","Trà, Café - Kem, Sinh tố - Nước ép, Thức uống, Trà sữa, ","Món Việt, ",07:00 - 22:00,07:00 - 22:00,07:00 - 22:00,07:00 - 22:00,07:00 - 22:00,07:00 - 22:00,07:00 - 22:00,no,no,yes,30.000 -100.000,0.0,0.0,0.0,5.2,9
211,KATINAT - Bùi Thị Xuân,10.7697510000000,106.6883210000000,"122 Bùi Thị Xuân, P. Phạm Ngũ Lão, Quận 1, TP. HCM","Café/Dessert, ","Trà, Café - Kem, Sinh tố - Nước ép, Thức uống, Nước ngọt, Sữa, ","Món Việt, ",07:00 - 22:00,07:00 - 22:00,07:00 - 22:00,07:00 - 22:00,07:00 - 22:00,07:00 - 22:00,07:00 - 22:00,no,no,yes,30.000 -100.000,8.0,8.0,8.0,8.0,1
211,KATINAT - Phan Bội Châu,10.7733100000000,106.6982260000000,"56 - 58 Phan Bội Châu, P. Bến Thành, Quận 1, TP. HCM","Café/Dessert, ","Trà, Café - Kem, Sinh tố - Nước ép, Thức uống, Nước ngọt, Sữa, ","Món Việt, ","00:01 - 02:00, 07:00 - 23:59","00:01 - 02:00, 07:00 - 23:59","00:01 - 02:00, 07:00 - 23:59","00:01 - 02:00, 07:00 - 23:59","00:01 - 02:00, 07:00 - 23:59","00:01 - 02:00, 07:00 - 23:59","00:01 - 02:00, 07:00 - 23:59",no,no,yes,30.000 -100.000,7.0,7.0,7.3,7.1,3
211,KATINAT - An Dương Vương,10.7575985000000,106.6738395000000,"1 An Dương Vương, P.8, Quận 5, TP. HCM","Café/Dessert, Quán ăn, ","Trà, Thức uống, Trà sữa, ",,06:30 - 23:00,06:30 - 23:00,06:30 - 23:00,06:30 - 23:00,06:30 - 23:00,06:30 - 23:00,06:30 - 23:00,no,no,no,30.000 -100.000,8.3,6.7,7.0,7.3,3
211,KATINAT - Huỳnh Thúc Kháng,10.7736021000000,106.7035783000000,"3 Huỳnh Thúc Kháng, P.Bến Nghé, Quận 1, TP. HCM","Café/Dessert, Quán ăn, ","Trà, Thức uống, Trà sữa, ",,06:30 - 23:00,06:30 - 23:00,06:30 - 23:00,06:30 - 23:00,06:30 - 23:00,06:30 - 23:00,06:30 - 23:00,no,no,no,30.000 -100.000,9.0,8.0,8.0,8.6,1
211,KATINAT - Vòng Xoay Dân Chủ,10.7778421000000,106.6810528000000,"10 Đường 3 Tháng 2, P. 12, Quận 10, TP. HCM","Café/Dessert, ","Trà, Thức uống, Trà sữa, ",,07:00 - 23:00,07:00 - 23:00,07:00 - 23:00,07:00 - 23:00,07:00 - 23:00,07:00 - 23:00,07:00 - 23:00,no,no,no,30.000 -100.000,0.0,0.0,0.0,_._,0
211,KATINAT - Ngã 7 Lý Thái Tổ,10.7683760000000,106.6743515000000,"788 Điện Biên Phủ, P. 10, Quận 10, TP. HCM","Café/Dessert, ","Trà, Thức uống, Trà sữa, ",,07:00 - 23:00,07:00 - 23:00,07:00 - 23:00,07:00 - 23:00,07:00 - 23:00,07:00 - 23:00,07:00 - 23:00,no,no,no,30.000 -100.000,8.0,8.4,9.0,8.1,7
212,Mochi Sweets - Nguyễn Đình Chiểu,10.7716486000000,106.6833814000000,"504 Nguyễn Đình Chiểu, P. 4, Quận 3, TP. HCM","Tiệm bánh, ","Bánh - Kẹo, ","Món Á, Món Nhật, ",08:30 - 22:00,08:30 - 22:00,08:30 - 22:00,08:30 - 22:00,08:30 - 22:00,08:30 - 22:00,08:30 - 22:00,no,no,yes,32.000 -200.000,8.1,7.5,7.1,7.4,123
212,Mochi Sweets - Vincom Center,10.7780200000000,106.7016860000000,"Tầng B3 Vincom Center, 72 Lê Thánh Tôn, P. Bến Nghé, Quận 1, TP. HCM","Tiệm bánh, ","Bánh - Kẹo, ","Món Á, Món Nhật, ",09:30 - 22:00,09:30 - 22:00,09:30 - 22:00,09:30 - 22:00,09:30 - 22:00,09:30 - 22:00,09:30 - 22:00,no,no,no,32.000 -200.000,7.9,7.6,7.5,7.5,77
212,Mochi Sweets - Saigon Centre,10.7733833000000,106.7008979000000,"L5-K8, Tầng 5, Saigon Centre, 65 Lê Lợi, P. Bến Nghé, Quận 1, TP. HCM","Tiệm bánh, ","Bánh - Kẹo, ","Món Á, Món Nhật, ",09:00 - 22:00,09:00 - 22:00,09:00 - 22:00,09:00 - 22:00,09:00 - 22:00,09:00 - 22:00,09:00 - 22:00,no,no,yes,32.000 -200.000,7.7,6.6,6.9,7.1,17
212,Mochi Sweets - Vạn Hạnh Mall,10.7712164000000,106.6698276000000,"Tầng 3 Vạn Hạnh Mall, 11 Sư Vạn Hạnh, P. 12, Quận 10, TP. HCM","Tiệm bánh, ","Bánh - Kẹo, ","Món Á, Món Nhật, ",09:00 - 22:00,09:00 - 22:00,09:00 - 22:00,09:00 - 22:00,09:00 - 22:00,09:00 - 22:00,09:00 - 22:00,no,no,no,32.000 -200.000,9.0,8.6,8.5,8.5,8
212,Mochi Sweets - Lotte Mart,10.7411300000000,106.7013750000000,"469 Nguyễn Hữu Thọ, P. Tân Hưng, Quận 7, TP. HCM","Tiệm bánh, ","Bánh - Kẹo, ",,09:00 - 22:00,09:00 - 22:00,09:00 - 22:00,09:00 - 22:00,09:00 - 22:00,09:00 - 22:00,09:00 - 22:00,no,no,no,40.000 -60.000,10.0,10.0,10.0,10.0,1
213,ROU Vegetarian Restaurant - Quán Chay - Trần Hưng Đạo,10.7568586000000,106.6859479000000,"567A Trần Hưng Đạo, P. Cầu Kho, Quận 1, TP. HCM","Nhà hàng, Ăn chay, Quán ăn, ","Món chay, Cơm văn phòng, ","Món Việt, ","09:00 - 14:00, 16:00 - 22:00","09:00 - 14:00, 16:00 - 22:00","09:00 - 14:00, 16:00 - 22:00","09:00 - 14:00, 16:00 - 22:00","09:00 - 14:00, 16:00 - 22:00","09:00 - 14:00, 16:00 - 22:00","09:00 - 14:00, 16:00 - 22:00",yes,yes,no,20.000 -72.000,6.9,6.5,6.6,6.7,146
214,Things Cafe,10.7696050000000,106.7041700000000,"14 Tôn Thất Đạm, Quận 1, TP. HCM","Café/Dessert, ","Trà, Trà chanh, Café - Kem, Sinh tố - Nước ép, Cơm văn phòng, Thức uống, Nước ngọt, Sữa, ","Món Việt, ",Đang cập nhật,Đang cập nhật,Đang cập nhật,Đang cập nhật,Đang cập nhật,Đang cập nhật,Đang cập nhật,no,yes,yes,20.000 -55.000,6.7,7.1,8.3,7.1,70
215,Nossa Steakhouse - Phạm Hồng Thái,10.7712070000000,106.6958230000000,"36 Phạm Hồng Thái, P. Bến Thành, Quận 1, TP. HCM","Nhà hàng, ","Thịt Bò, Hải sản, ","Món Âu, Ý, ",10:30 - 23:00,10:30 - 23:00,10:30 - 23:00,10:30 - 23:00,10:30 - 23:00,10:30 - 23:00,10:30 - 23:00,no,yes,yes,75.000 -510.000,8.3,8.3,8.3,8.1,57
216,Somtam ZAAP - Món Ăn Thái - Pasteur,10.7750260000000,106.7009010000000,"136 Pasteur, P. Bến Nghé, Quận 1, TP. HCM","Nhà hàng, ","Tôm, Bún, Hủ tiếu, Hải sản, Mì, Miến, Gỏi, Thịt Cừu, ","Món Á, Món Thái, ","09:00 - 21:00, 11:00 - 14:30","09:00 - 21:00, 11:00 - 14:30","09:00 - 21:00, 11:00 - 14:30","09:00 - 21:00, 11:00 - 14:30","09:00 - 21:00, 11:00 - 14:30","09:00 - 21:00, 11:00 - 14:30","09:00 - 21:00, 11:00 - 14:30",yes,yes,yes,30.000 -200.000,7.3,7.1,7.3,7.1,131
217,The Loft - Restaurant & Cafe - Pasteur,10.7777500000000,106.6988820000000,"Tầng 2, 95 Pasteur (Chung Cư Cũ), Quận 1, TP. HCM","Café/Dessert, ","Hamburger, Pizza & Pasta, Salad, Fastfood - Thức ăn nhanh, ","Món Việt, ",08:00 - 22:30,08:00 - 22:30,08:00 - 22:30,08:00 - 22:30,08:00 - 22:30,08:00 - 22:30,08:00 - 22:30,no,no,yes,40.000 -80.000,7.4,7.6,8.3,7.6,121
218,The Vintage Emporium Cafe - Brunch - Morrocan Eggs,10.7901620000000,106.6992130000000,"95B Nguyễn Văn Thủ, Quận 1, TP. HCM","Nhà hàng, Café/Dessert, ","Thịt Gà, Bánh mì, Thịt Heo, Thịt Bò, Hải sản, Súp, Salad, Bánh - Kẹo, Café - Kem, Sinh tố - Nước ép, Home-made, Ăn vặt - Ăn nhẹ, Fastfood - Thức ăn nhanh, Halal, ","Món Âu, ",08:00 - 20:30,08:00 - 20:30,08:00 - 20:30,08:00 - 20:30,08:00 - 20:30,08:00 - 20:30,08:00 - 20:30,no,yes,yes,50.000 -150.000,8.0,8.0,8.3,7.7,107
219,ROSÉ Brasserie - Đồng Khởi,10.7741797467578,106.7056003820721,"8 Đồng Khởi, P. Bến Nghé, Quận 1, TP. HCM","Sang trọng, Nhà hàng, ",,,"10:00 - 14:00, 18:00 - 23:30","10:00 - 14:00, 18:00 - 23:30","10:00 - 14:00, 18:00 - 23:30","10:00 - 14:00, 18:00 - 23:30","10:00 - 14:00, 18:00 - 23:30","10:00 - 14:00, 18:00 - 23:30","10:00 - 14:00, 18:00 - 23:30",no,no,no,100.000 -1.000.000,8.1,8.1,8.1,8.1,67
220,Cơm Gà Hải Nam - Calmette,10.7699750000000,106.6974840000000,"205-207 Calmette, P. Nguyễn Thái Bình, Quận 1, TP. HCM","Quán ăn, ","Thịt Gà, Tôm, Heo quay, Vịt quay, Cơm Chiên, Bún, Hủ tiếu, Hải sản, Bào Ngư, Gà ta, Gà xối mỡ, Mì, Cá, Cơm, ","Món Á, Món Trung Hoa, ",09:30 - 21:30,09:30 - 21:30,09:30 - 21:30,09:30 - 21:30,09:30 - 21:30,09:30 - 21:30,09:30 - 21:30,yes,no,no,50.000 -100.000,0.0,0.0,0.0,5.9,159
221,Beefsteak TiTi - Hồ Hảo Hớn,10.7613380000000,106.6924650000000,"30 Hồ Hảo Hớn, P. Cô Giang, Quận 1, TP. HCM","Nhà hàng, ","Gà rán, Beefsteak - Bò né, Thịt Bò, Thịt Heo, Sườn nướng, Salad, Xúc xích, Fastfood - Thức ăn nhanh, Đà điểu, ","Món Âu, Pháp, Ý, ",10:00 - 22:00,10:00 - 22:00,10:00 - 22:00,10:00 - 22:00,10:00 - 22:00,10:00 - 22:00,10:00 - 22:00,no,no,yes,55.000 -110.000,6.8,0.0,0.0,6.4,163
222,MyLife Coffee - Trần Hưng Đạo,10.7643240000000,106.6921270000000,"257 Trần Hưng Đạo, Quận 1, TP. HCM","Café/Dessert, ","Trà, Café - Kem, Sinh tố - Nước ép, Thức uống, ","Món Việt, ",08:00 - 21:00,08:00 - 21:00,08:00 - 21:00,08:00 - 21:00,08:00 - 21:00,08:00 - 21:00,08:00 - 21:00,no,no,yes,25.000 -88.000,6.6,6.4,7.2,6.8,153
222,MyLife Coffee - Trương Định,10.7781750000000,106.6894210000000,"Góc Trương Định & Nguyễn Đình Chiểu, Quận 3, TP. HCM","Café/Dessert, ","Trà, Café - Kem, Sinh tố - Nước ép, Thức uống, ","Món Việt, ",08:00 - 21:00,08:00 - 21:00,08:00 - 21:00,08:00 - 21:00,08:00 - 21:00,08:00 - 21:00,08:00 - 21:00,no,no,yes,15.000 -35.000,6.5,6.8,7.7,6.9,131
222,MyLife Coffee - Lê Duẩn,10.7838857000000,106.7004070000000,"2B Lê Duẩn, Quận 1, TP. HCM","Café/Dessert, ","Trà, Trà chanh, Café - Kem, Sinh tố - Nước ép, Thức uống, Nước ngọt, ","Món Việt, ",08:00 - 21:00,08:00 - 21:00,08:00 - 21:00,08:00 - 21:00,08:00 - 21:00,08:00 - 21:00,08:00 - 21:00,no,no,yes,25.000 -75.000,6.6,6.3,7.7,6.9,52
222,MyLife Coffee - Nguyễn Cư Trinh,10.7635010000000,106.6887050000000,"160 Nguyễn Cư Trinh, Quận 1, TP. HCM","Café/Dessert, ","Bánh - Kẹo, Café - Kem, Sinh tố - Nước ép, Thức uống, ","Món Việt, ",08:00 - 21:00,08:00 - 21:00,08:00 - 21:00,08:00 - 21:00,08:00 - 21:00,08:00 - 21:00,08:00 - 21:00,no,no,yes,29.000 -65.000,6.5,7.1,7.5,7.0,19
222,MyLife Coffee - Lê Lai,10.7684570000000,106.6896420000000,"Công Viên Lê Lai, Lê Lai, Quận 1, TP. HCM","Café/Dessert, ","Café - Kem, Thức uống, ","Món Việt, ",08:00 - 21:00,08:00 - 21:00,08:00 - 21:00,08:00 - 21:00,08:00 - 21:00,08:00 - 21:00,08:00 - 21:00,no,no,yes,29.000 -65.000,6.8,6.5,8.3,7.3,11
222,MyLife Coffee - Đồng Khởi,10.7807638000000,106.6953342000000,"8 Đồng Khởi, P. Bến Nghé, Quận 1, TP. HCM","Café/Dessert, ","Café - Kem, Sinh tố - Nước ép, Thức uống, Sữa, ","Món Việt, ",08:00 - 21:00,08:00 - 21:00,08:00 - 21:00,08:00 - 21:00,08:00 - 21:00,08:00 - 21:00,08:00 - 21:00,no,no,yes,30.000 -55.000,0.0,0.0,0.0,_._,0
223,The World Of Heineken,10.7719839000000,106.7043912000000,"36 Hồ Tùng Mậu, Quận 1, TP. HCM","Khu Ẩm Thực, ",,"Món Việt, ",15:00 - 21:30,15:00 - 21:30,15:00 - 21:30,15:00 - 21:30,15:00 - 21:30,15:00 - 21:30,15:00 - 21:30,yes,yes,yes,235.000 -250.000,8.3,8.1,8.6,8.4,74
224,Ne'mer Drinks - Nguyễn Đình Chiểu,10.7732300000000,106.7028609999999,"Đối diện số 10 Huỳnh Thúc Kháng, P. Bến Nghé, Quận 1, TP. HCM","Café/Dessert, ","Trà, Thức uống, Trà sữa, ","Món Việt, ",16:00 - 22:00,16:00 - 22:00,16:00 - 22:00,16:00 - 22:00,16:00 - 22:00,16:00 - 22:00,16:00 - 22:00,yes,no,yes,16.000 -25.000,8.0,7.6,6.4,7.4,122
225,Gà Rán Otoké - Đậm Vị Hàn Quốc - Đồng Đen,10.7922410000000,106.6440890000000,"116 Đồng Đen, P. 14, Quận Tân Bình, TP. HCM","Nhà hàng, ","Thịt Gà, Gà rán, Hamburger, Salad, Cơm, Fastfood - Thức ăn nhanh, ","Món Á, Món Hàn, ",08:00 - 21:30,08:00 - 21:30,08:00 - 21:30,08:00 - 21:30,08:00 - 21:30,08:00 - 21:30,08:00 - 21:30,yes,no,yes,29.000 -300.000,6.6,6.6,6.5,6.6,161
225,Otoké Chicken - Gà Rán Hàn Quốc - Hàm Nghi,10.7706890000000,106.7036980000000,"77B Hàm Nghi, P. Nguyễn Thái Bình, Quận 1, TP. HCM","Nhà hàng, ","Thịt Gà, Gà rán, Fastfood - Thức ăn nhanh, ","Món Á, Món Hàn, ",08:00 - 21:30,08:00 - 21:30,08:00 - 21:30,08:00 - 21:30,08:00 - 21:30,08:00 - 21:30,08:00 - 21:30,yes,no,yes,29.000 -300.000,7.3,7.3,7.2,7.3,182
225,Otoké Chicken - Gà Rán Hàn Quốc - Nguyễn Thị Minh Khai,10.7859490000000,106.7008490000000,"18A Nguyễn Thị Minh Khai, P. Đa Kao, Quận 1, TP. HCM","Nhà hàng, ","Thịt Gà, Gà rán, Hamburger, Salad, Fastfood - Thức ăn nhanh, ","Món Á, Món Hàn, ",08:00 - 21:30,08:00 - 21:30,08:00 - 21:30,08:00 - 21:30,08:00 - 21:30,08:00 - 21:30,08:00 - 21:30,no,yes,yes,30.000 -300.000,7.3,7.2,6.8,7.1,55
225,Gà Rán Otoké - Đậm Vị Hàn Quốc - Nguyễn Duy Trinh,10.7880570000000,106.7660130000000,"315 Nguyễn Duy Trinh, P. Bình Trưng Tây, Tp. Thủ Đức, TP. HCM","Nhà hàng, ","Thịt Gà, Gà rán, Hamburger, Salad, Cơm, Thức uống, Fastfood - Thức ăn nhanh, ","Món Á, Món Hàn, ",08:00 - 21:30,08:00 - 21:30,08:00 - 21:30,08:00 - 21:30,08:00 - 21:30,08:00 - 21:30,08:00 - 21:30,no,no,yes,20.000 -150.000,6.6,6.8,7.1,7.0,12
225,Gà Rán Otoké - Đậm Vị Hàn Quốc - Lạc Long Quân,10.7662940000000,106.6425150000000,"280 Lạc Long Quân, P. 10, Quận 11, TP. HCM","Nhà hàng, ","Thịt Gà, Gà rán, Cơm Chiên, Hamburger, Salad, Cơm, Fastfood - Thức ăn nhanh, ","Món Á, Món Hàn, ",08:00 - 21:30,08:00 - 21:30,08:00 - 21:30,08:00 - 21:30,08:00 - 21:30,08:00 - 21:30,08:00 - 21:30,yes,no,yes,29.000 -300.000,8.5,8.6,8.6,8.5,39
225,Gà Rán Otoké - Đậm Vị Hàn Quốc - Huỳnh Tấn Phát,10.7432220000000,106.7295850000000,"547 Huỳnh Tấn Phát, P. Phú Thuận, Quận 7, TP. HCM","Quán ăn, ","Thịt Gà, Gà rán, Cơm Chiên, Hamburger, Salad, Cơm, Fastfood - Thức ăn nhanh, ","Món Việt, ",08:00 - 21:30,08:00 - 21:30,08:00 - 21:30,08:00 - 21:30,08:00 - 21:30,08:00 - 21:30,08:00 - 21:30,no,no,no,29.000 -300.000,8.6,8.7,8.4,8.5,86
225,Gà Rán Otoké - Đậm Vị Hàn Quốc - Thống Nhất,10.8475638000000,106.6646507000000,"516 Đường Thống Nhất, P. 16, Quận Gò Vấp, TP. HCM","Quán ăn, ","Gà rán, Fastfood - Thức ăn nhanh, ",,08:30 - 21:30,08:30 - 21:30,08:30 - 21:30,08:30 - 21:30,08:30 - 21:30,08:30 - 21:30,08:30 - 21:30,no,no,no,29.000 -300.000,0.0,0.0,0.0,_._,0
225,Gà Rán Otoké - Đậm Vị Hàn Quốc - Quốc Lộ 13,10.8577975000000,106.7228682000000,"665 QL13, P. Hiệp Bình Phước, Tp. Thủ Đức, TP. HCM","Quán ăn, ","Gà rán, Hamburger, Fastfood - Thức ăn nhanh, ",,08:30 - 21:00,08:30 - 21:00,08:30 - 21:00,08:30 - 21:00,08:30 - 21:00,08:30 - 21:00,08:30 - 21:00,no,no,no,,0.0,0.0,0.0,_._,0
225,Gà Rán Otoké - Đậm Vị Hàn Quốc - Hoàng Diệu 2,10.8598269000000,106.7621111000000,"35 Hoàng Diệu 2, Khu Phố 2, P.Linh Trung, Tp. Thủ Đức, TP. HCM","Quán ăn, ","Gà rán, Hamburger, Salad, Cơm văn phòng, Cơm, Fastfood - Thức ăn nhanh, ",,08:30 - 21:30,08:30 - 21:30,08:30 - 21:30,08:30 - 21:30,08:30 - 21:30,08:30 - 21:30,08:30 - 21:30,no,no,no,,0.0,0.0,0.0,_._,0
225,Gà Rán Otoké – Đậm Vị Hàn Quốc - Hoa Cúc,10.7988752000000,106.6877902000000,"08 Hoa Cúc, P. 7, Quận Phú Nhuận, TP. HCM","Quán ăn, ","Gà rán, Hamburger, Fastfood - Thức ăn nhanh, ",,09:30 - 21:30,09:30 - 21:30,09:30 - 21:30,09:30 - 21:30,09:30 - 21:30,09:30 - 21:30,09:30 - 21:30,no,no,no,,0.0,0.0,0.0,_._,0
225,Gà Rán Otoké - Đậm Vị Hàn Quốc - Lê Thị Riêng,10.7707709000000,106.6896205000000,"148 Lê Thị Riêng, P. Bến Thành, Quận 1, TP. HCM","Quán ăn, ","Gà rán, Hamburger, Fastfood - Thức ăn nhanh, ",,08:00 - 21:00,08:00 - 21:00,08:00 - 21:00,08:00 - 21:00,08:00 - 21:00,08:00 - 21:00,08:00 - 21:00,no,no,no,,0.0,0.0,0.0,_._,0
226,QUI - Cuisine & Mixology,10.7806740000000,106.7045390000000,"22 - 22Bis Lê Thánh Tôn, P. Bến Nghé, Quận 1, TP. HCM","Nhà hàng, ","Thịt Gà, Thịt Bò, Thịt Heo, Hải sản, Thức uống, Trái cây, ","Món Á, ",17:30 - 02:00,17:30 - 02:00,17:30 - 02:00,17:30 - 02:00,17:30 - 02:00,17:30 - 02:00,17:30 - 02:00,no,yes,yes,100.000 -500.000,8.0,8.0,8.0,7.7,61
227,Level 9 Restaurant - Liberty Saigon Parkview,10.7681130000000,106.6919770000000,"265 Phạm Ngũ Lão, P. Phạm Ngũ Lão, Quận 1, TP. HCM","Nhà hàng, ","Thịt Bò, Hải sản, ","Món Việt, Món Âu, ","11:30 - 13:30, 18:00 - 21:30","11:30 - 13:30, 18:00 - 21:30","11:30 - 13:30, 18:00 - 21:30","11:30 - 13:30, 18:00 - 21:30","11:30 - 13:30, 18:00 - 21:30","11:30 - 13:30, 18:00 - 21:30","11:30 - 13:30, 18:00 - 21:30",no,yes,yes,249.000 -380.000,6.8,7.6,6.9,7.1,70
228,Five Boys - Sinh Tố Bùi Viện,10.7671760000000,106.6932180000000,"84/7 Bùi Viện, P. Phạm Ngũ Lão, Quận 1, TP. HCM","Ăn vặt/vỉa hè, Quán ăn, ","Sinh tố - Nước ép, Thức uống, ","Món Việt, ","00:01 - 02:00, 11:00 - 23:59","00:01 - 02:00, 11:00 - 23:59","00:01 - 02:00, 11:00 - 23:59","00:01 - 02:00, 11:00 - 23:59","00:01 - 02:00, 11:00 - 23:59","00:01 - 02:00, 14:00 - 23:59","00:01 - 02:00, 14:00 - 23:59",yes,no,no,20.000 -40.000,7.9,6.6,6.1,7.0,254
229,Cyclo Cafe - Majestic Hotel,10.7729300000000,106.7063000000000,"1 Đồng Khởi, P. Bến Nghé, Quận 1, TP. HCM","Nhà hàng, Café/Dessert, Tiệc cưới/Hội nghị, ","Thịt Gà, Thịt Bò, Thịt Heo, Hải sản, Món nước, ","Món Việt, Món Á, Món Âu, ",09:00 - 23:00,09:00 - 23:00,09:00 - 23:00,09:00 - 23:00,09:00 - 23:00,09:00 - 23:00,09:00 - 23:00,no,yes,yes,70.000 -1.100.000,9.0,9.5,8.5,8.5,2
229,M.Bar - Majestic Hotel,10.7729190000000,106.7063210000000,"Tầng 8, 1 Đồng Khởi, P. Bến Nghé, Quận 1, TP. HCM","Nhà hàng, Bar/Pub, ","Thịt Bò, Hải sản, Pizza & Pasta, Bánh - Kẹo, Café - Kem, Sinh tố - Nước ép, Rượu vang, Thức uống, Bia, Nước ngọt, Trái cây, Cocktail, ","Món Việt, Món Âu, ",07:00 - 23:00,07:00 - 23:00,07:00 - 23:00,07:00 - 23:00,07:00 - 23:00,07:00 - 23:00,07:00 - 23:00,no,yes,yes,100.000 -440.000,8.0,8.3,8.7,8.1,29
229,Breeze Sky Bar - Majestic Hotel,10.7729610000000,106.7062140000000,"Tầng 5, 1 Đồng Khởi, P. Bến Nghé, Quận 1, TP. HCM","Bar/Pub, ",,"Món Việt, Món Âu, ","00:00 - 23:30, 18:00 - 23:30","00:00 - 23:30, 18:00 - 23:30","00:00 - 23:30, 18:00 - 23:30","00:00 - 23:30, 18:00 - 23:30","00:00 - 23:30, 18:00 - 23:30","00:00 - 23:30, 18:00 - 23:30","00:00 - 23:30, 18:00 - 23:30",yes,yes,yes,100.000 -550.000,8.3,8.9,8.9,8.4,9
229,Majestic Hotel Saigon,10.7725940000000,106.7060280000000,"1 Đồng Khởi, P. Bến Nghé, Quận 1, TP. HCM","Nhà hàng, ",,"Món Việt, Quốc tế, ",08:00 - 22:00,08:00 - 22:00,08:00 - 22:00,08:00 - 22:00,08:00 - 22:00,08:00 - 22:00,08:00 - 22:00,no,no,yes,200.000 -1.000.000,8.6,8.2,9.0,8.5,9
230,Bistro - Liberty Central Saigon City Point - Pasteur,10.7744890000000,106.7008020000000,"Liberty Central, 59 - 61 Pasteur, Quận 1, TP. HCM","Café/Dessert, ","Café - Kem, ","Quốc tế, ",06:00 - 23:59,06:00 - 23:59,06:00 - 23:59,06:00 - 23:59,06:00 - 23:59,06:00 - 23:59,06:00 - 23:59,no,no,yes,50.000 -200.000,7.4,7.3,7.6,7.3,44
230,Buffet Liberty Central Citypoint - Pasteur,10.7745790000000,106.7007480000000,"Tầng 3, 59 - 61 Pasteur, Quận 1, TP. HCM","Sang trọng, Buffet, Nhà hàng, ",,"Món Á, Món Âu, ",06:00 - 22:00,06:00 - 22:00,06:00 - 22:00,06:00 - 22:00,06:00 - 22:00,06:00 - 22:00,06:00 - 22:00,no,yes,yes,299.000 -680.000,6.4,7.3,7.8,7.1,68
230,Above Sky Bar - Liberty Central Citypoint - Pasteur,10.7746240000000,106.7007670000000,"59 - 61 Pasteur, Quận 1, TP. HCM","Sang trọng, Bar/Pub, ","Thịt Bò, Ăn vặt - Ăn nhẹ, Thức uống, Bia, Cocktail, ","Món Á, Món Âu, ","00:01 - 01:00, 09:00 - 23:59","00:01 - 01:00, 09:00 - 23:59","00:01 - 01:00, 09:00 - 23:59","00:01 - 01:00, 09:00 - 23:59","00:01 - 01:00, 09:00 - 23:59","00:01 - 01:00, 09:00 - 23:59","00:01 - 01:00, 09:00 - 23:59",yes,no,yes,200.000 -500.000,6.6,6.6,6.6,6.6,25
231,Bánh Bèo Huế - Chợ Bến Thành,10.7718988000000,106.6981873000000,"Sạp 1170, Hướng Tây Cửa Số 7 Chợ Bến Thành, Quận 1, TP. HCM","Quán ăn, ","Bánh - Kẹo, Bánh bèo, Ăn vặt - Ăn nhẹ, Nem, Bánh tằm, ","Món Huế, Món Miền Trung, ",06:30 - 17:00,06:30 - 17:00,06:30 - 17:00,06:30 - 17:00,06:30 - 17:00,06:30 - 17:00,06:30 - 17:00,yes,no,no,20.000 -50.000,8.2,7.3,6.6,7.5,122
232,B3 Steakhouse & Craft Beer,10.7753180000000,106.7027940000000,"tầng 1, 90 Nguyễn Huệ, P. Bến Nghé, Quận 1, TP. HCM","Nhà hàng, ","Thịt Bò, Thịt Heo, Hải sản, Lẩu, Ăn vặt - Ăn nhẹ, Thức uống, ","Món Việt, ",15:00 - 23:00,15:00 - 23:00,15:00 - 23:00,15:00 - 23:00,15:00 - 23:00,15:00 - 23:00,15:00 - 23:00,no,yes,yes,50.000 -500.000,8.9,8.4,8.2,8.3,61
233,Súp Cua & Gỏi Cuốn Hội An,10.7651590000000,106.6850190000000,"212B/D28/2 Nguyễn Trãi, P. Nguyễn Cư Trinh, Quận 1, TP. HCM","Ăn vặt/vỉa hè, ","Thịt Bò, Bún, Cháo, Súp, Miến, Bánh cuốn, Ăn vặt - Ăn nhẹ, ","Món Miền Trung, ",06:30 - 22:30,06:30 - 22:30,06:30 - 22:30,06:30 - 22:30,06:30 - 22:30,06:30 - 22:30,06:30 - 22:30,yes,yes,yes,12.000 -25.000,8.2,7.9,7.5,7.7,163
234,Square One - Park Hyatt Saigon,10.7776200000000,106.7037140000000,"Tầng Lửng Park Hyatt Hotel, 2 Công Trường Lam Sơn, Quận 1, TP. HCM","Sang trọng, Buffet, Nhà hàng, ","Thịt Bò, Hải sản, ","Món Việt, Món Âu, ","11:30 - 14:30, 18:00 - 22:30","11:30 - 14:30, 18:00 - 22:30","11:30 - 14:30, 18:00 - 22:30","11:30 - 14:30, 18:00 - 22:30","11:30 - 14:30, 18:00 - 22:30","12:00 - 15:00, 18:00 - 22:30","11:30 - 14:30, 18:00 - 22:30",no,yes,no,90.000 -2.990.000,7.2,7.1,7.0,6.9,84
235,Carpaccio - Italian Restaurant,10.7770190000000,106.7044880000000,"79 Hai Ba Trung, P. Bến Nghé, Quận 1, TP. HCM","Nhà hàng, ","Thịt Gà, Thịt Bò, Thịt Heo, Hải sản, Pizza & Pasta, Xúc xích, Fastfood - Thức ăn nhanh, ","Món Âu, Ý, ",13:00 - 21:00,13:00 - 21:00,13:00 - 21:00,13:00 - 21:00,13:00 - 21:00,13:00 - 21:00,13:00 - 21:00,no,no,yes,50.000 -400.000,9.9,9.9,9.9,9.9,156
236,Chen Shabu Shabu - Nướng Không Khói - Nguyễn Trãi,10.7693400000000,106.6903780000000,"152 - 154 Nguyễn Trãi, Quận 1, TP. HCM","Nhà hàng, ","Hải sản, Lẩu, Sushi & Sashimi, ","Món Á, Món Nhật, ","00:01 - 03:00, 11:00 - 23:59","00:01 - 03:00, 11:00 - 23:59","00:01 - 03:00, 11:00 - 23:59","00:01 - 03:00, 11:00 - 23:59","00:01 - 03:00, 11:00 - 23:59","00:01 - 03:00, 11:00 - 23:59","00:01 - 03:00, 11:00 - 23:59",no,yes,yes,50.000 -550.000,7.2,6.6,7.0,6.9,74
237,Bánh Xèo 46A Đinh Công Tráng,10.7895510000000,106.6913690000000,"46A Đinh Công Tráng, P. Tân Định, Quận 1, TP. HCM","Quán ăn, ","Thịt Bò, Bún, Bánh - Kẹo, Ăn vặt - Ăn nhẹ, Bánh xèo, ","Món Việt, ","10:00 - 13:30, 16:00 - 20:30","10:00 - 13:30, 16:00 - 20:30","10:00 - 13:30, 16:00 - 20:30","10:00 - 13:30, 16:00 - 20:30","10:00 - 13:30, 16:00 - 20:30","10:00 - 13:30, 16:00 - 20:30","10:00 - 13:30, 16:00 - 20:30",no,no,no,25.000 -50.000,0.0,0.0,0.0,5.4,177
238,Cộng Cà Phê - Lý Tự Trọng,10.7783970000000,106.7012520000000,"Tầng 1, Chung Cư 26 Lý Tự Trọng, P. Bến Nghé, Quận 1, TP. HCM","Café/Dessert, ","Café - Kem, Sinh tố - Nước ép, Thức uống, Nước ngọt, ","Món Việt, ",07:00 - 22:30,07:00 - 22:30,07:00 - 22:30,07:00 - 22:30,07:00 - 22:30,07:00 - 22:30,07:00 - 22:30,no,no,yes,40.000 -80.000,7.0,6.9,7.5,7.1,141
238,Cộng Cà Phê  - Vincom Center,10.7781984000000,106.7018236000000,"Tầng B3, Vincom Đồng Khởi, 72 Lê Thánh Tôn, P. Bến Nghé, Quận 1, TP. HCM","Café/Dessert, ","Trà, Café - Kem, Sinh tố - Nước ép, Thức uống, Sữa, ","Món Việt, ",09:30 - 22:00,09:30 - 22:00,09:30 - 22:00,09:30 - 22:00,09:30 - 22:00,09:30 - 22:00,09:30 - 22:00,no,no,yes,20.000 -50.000,7.0,7.0,7.5,7.2,43
238,Cộng Cà Phê - Hồng Hà,10.8132030000000,106.6667570000000,"10 Hồng Hà, P. 2, Quận Tân Bình, TP. HCM","Café/Dessert, ","Trà, Café - Kem, Sinh tố - Nước ép, Thức uống, Trà sữa, ","Món Việt, ",08:00 - 22:00,08:00 - 22:00,08:00 - 22:00,08:00 - 22:00,08:00 - 22:00,08:00 - 22:00,08:00 - 22:00,no,no,yes,25.000 -60.000,8.0,7.8,8.3,7.8,39
238,Cộng Cà Phê - Vinhomes Central Park,10.7966236000000,106.7220252000000,"SH04 - Landmark 1, Vinhomes Central Park, 208 Nguyễn Hữu Cảnh, P. 22, Quận Bình Thạnh, TP. HCM","Café/Dessert, ","Trà, Café - Kem, Sinh tố - Nước ép, Thức uống, Sữa, ","Món Việt, ",08:00 - 22:00,08:00 - 22:00,08:00 - 22:00,08:00 - 22:00,08:00 - 22:00,08:00 - 22:00,08:00 - 22:00,no,no,yes,25.000 -60.000,0.0,0.0,6.1,5.5,29
238,Cộng Cà Phê - Công Trường Quốc Tế,10.7825647000000,106.6954565000000,"Tòa Nhà Vietjet Air, 8 - 8Bis Công Trường Quốc Tế, P. 6, Quận 3, TP. HCM","Café/Dessert, ","Trà, Café - Kem, Sinh tố - Nước ép, Thức uống, Sữa, ","Món Việt, ",07:00 - 22:00,07:00 - 22:00,07:00 - 22:00,07:00 - 22:00,07:00 - 22:00,07:00 - 22:00,07:00 - 22:00,no,no,yes,30.000 -100.000,6.9,0.0,7.3,6.8,31
238,Cộng Cà Phê - Yersin,10.7681850000000,106.6968340000000,"93 Yersin, P. Cầu Ông Lãnh, Quận 1, TP. HCM","Café/Dessert, ","Trà, Café - Kem, Sinh tố - Nước ép, Thức uống, Trà sữa, ","Món Việt, ",07:00 - 23:00,07:00 - 23:00,07:00 - 23:00,07:00 - 23:00,07:00 - 23:00,07:00 - 23:00,07:00 - 23:00,no,no,yes,25.000 -60.000,6.8,6.4,7.4,6.9,39
238,Cộng Cà Phê - Khu Hưng Vượng 3,10.7301335000000,106.7084521000000,"Shop S2, Lô R16 - 2, Đường Số 6, P. Tân Phong, Quận 7, TP. HCM","Café/Dessert, ","Trà, Café - Kem, Sinh tố - Nước ép, Thức uống, Nước ngọt, Trà sữa, Sữa, ","Món Việt, ",07:00 - 23:30,07:00 - 23:30,07:00 - 23:30,07:00 - 23:30,07:00 - 23:30,07:00 - 23:30,07:00 - 23:30,no,no,yes,30.000 -100.000,8.2,7.5,8.1,7.9,19
238,Cộng Cà Phê - Chợ Lớn,10.7455650000000,106.6310560000000,"152 Chợ Lớn, P. 11, Quận 6, TP. HCM","Café/Dessert, ","Trà, Café - Kem, Sinh tố - Nước ép, Thức uống, Trà sữa, Sữa, ","Món Việt, ",06:30 - 19:00,06:30 - 19:00,06:30 - 19:00,06:30 - 19:00,06:30 - 19:00,06:30 - 19:00,06:30 - 19:00,yes,no,yes,20.000 -100.000,6.9,6.5,7.8,7.0,21
238,Cộng Cà Phê - Sương Nguyệt Ánh,10.7707260000000,106.6879080000000,"136 Sương Nguyệt Ánh, P. Phạm Ngũ Lão, Quận 1, TP. HCM","Café/Dessert, ","Trà, Café - Kem, Sinh tố - Nước ép, Thức uống, Sữa, ","Món Việt, ",07:00 - 23:00,07:00 - 23:00,07:00 - 23:00,07:00 - 23:00,07:00 - 23:00,07:00 - 23:00,07:00 - 23:00,no,no,yes,20.000 -60.000,0.0,0.0,0.0,5.6,10
238,Cộng Cà Phê - Hai Bà Trưng,10.7888510000000,106.6908210000000,"274 Hai Bà Trưng, P. Tân Định, Quận 1, TP. HCM","Café/Dessert, ","Trà, Café - Kem, Sinh tố - Nước ép, Thức uống, ","Món Việt, ",07:00 - 23:00,07:00 - 23:00,07:00 - 23:00,07:00 - 23:00,07:00 - 23:00,07:00 - 23:00,07:00 - 23:00,no,no,yes,20.000 -60.000,0.0,0.0,6.3,6.0,8
238,Cộng Cà Phê - Phan Văn Trị,10.8234990000000,106.6921640000000,"467 Phan Văn Trị, P. 5, Quận Gò Vấp, TP. HCM","Café/Dessert, ","Trà, Café - Kem, Sinh tố - Nước ép, Thức uống, Trà sữa, ","Món Việt, ",07:00 - 23:30,07:00 - 23:30,07:00 - 23:30,07:00 - 23:30,07:00 - 23:30,07:00 - 23:30,07:00 - 23:30,no,no,yes,30.000 -70.000,0.0,0.0,6.1,5.7,7
238,Cộng Cà Phê - Nguyễn Thị Thập,10.7386066000000,106.7110414000000,"443 Nguyễn Thị Thập, P. Tân Phong, Quận 7, TP. HCM","Café/Dessert, ","Trà, Café - Kem, Sinh tố - Nước ép, Thức uống, Trà sữa, Sữa, ","Món Việt, ",08:00 - 22:30,08:00 - 22:30,08:00 - 22:30,08:00 - 22:30,08:00 - 22:30,08:00 - 22:30,08:00 - 22:30,no,no,yes,30.000 -100.000,0.0,0.0,6.8,5.9,8
239,Tiệm Mì Ý Mùa Hè,10.7607995000000,106.6864050000000,"6A/5bis Nguyễn Cảnh Chân, P. Nguyễn Cư Trinh, Quận 1, TP. HCM","Café/Dessert, ","Pizza & Pasta, Gỏi, Ăn vặt - Ăn nhẹ, Thức uống, Trà sữa, ","Món Việt, ",10:00 - 21:45,10:00 - 21:45,10:00 - 21:45,10:00 - 21:45,10:00 - 21:45,10:00 - 21:45,10:00 - 21:45,no,no,yes,38.000 -89.000,8.4,8.6,8.4,8.2,119
240,Bún Thịt Nướng Kiều Bảo - Nguyễn Tri Phương,10.7624670000000,106.6681524000000,"329 Nguyễn Tri Phương, P. 8, Quận 10, TP. HCM","Quán ăn, ","Bún, Món nước, ","Món Việt, Món Miền Nam, ",11:00 - 20:30,11:00 - 20:30,11:00 - 20:30,11:00 - 20:30,11:00 - 20:30,11:00 - 20:30,11:00 - 20:30,no,no,no,15.000 -20.000,7.4,6.6,6.5,7.1,179
240,Bún Thịt Nướng Kiều Bảo - Quang Trung,10.8377980000000,106.6534120000000,"850 Quang Trung, P. 8, Quận Gò Vấp, TP. HCM","Quán ăn, ","Bún, Ăn vặt - Ăn nhẹ, ","Món Việt, ",11:00 - 20:30,11:00 - 20:30,11:00 - 20:30,11:00 - 20:30,11:00 - 20:30,11:00 - 20:30,11:00 - 20:30,no,no,no,20.000 -40.000,7.8,7.2,7.1,7.5,59
240,Bún Thịt Nướng Kiều Bảo - Đề Thám,10.7652850000000,106.6946340000000,"139 Đề Thám, P. Cô Giang, Quận 1, TP. HCM","Quán ăn, ","Bún, Món nước, Chả giò, Nem, ","Món Việt, ",11:00 - 20:30,11:00 - 20:30,11:00 - 20:30,11:00 - 20:30,11:00 - 20:30,11:00 - 20:30,11:00 - 20:30,no,no,no,10.000 -25.000,6.6,0.0,6.1,6.5,157
240,Bún Thịt Nướng Kiều Bảo - Lê Trọng Tấn,10.8078680000000,106.6218771000000,"266 Lê Trọng Tấn, P. Tây Thạnh, Quận Tân Phú, TP. HCM","Quán ăn, ","Bún, ","Món Việt, ",11:00 - 20:30,11:00 - 20:30,11:00 - 20:30,11:00 - 20:30,11:00 - 20:30,11:00 - 20:30,11:00 - 20:30,no,no,no,20.000 -40.000,0.0,0.0,6.0,6.1,56
240,Bún Thịt Nướng Kiều Bảo - Hoàng Văn Thụ,10.7968867000000,106.6567349000000,"372 Hoàng Văn Thụ, P. 4, Quận Tân Bình, TP. HCM","Quán ăn, ","Thịt Bò, Bún, Thịt Heo, Món nước, Ăn vặt - Ăn nhẹ, Nem, ","Món Việt, ","11:00 - 14:00, 15:00 - 20:30","11:00 - 14:00, 15:00 - 20:30","11:00 - 14:00, 15:00 - 20:30","11:00 - 14:00, 15:00 - 20:30","11:00 - 14:00, 15:00 - 20:30","11:00 - 14:00, 15:00 - 20:30","11:00 - 14:00, 15:00 - 20:30",no,no,yes,20.000 -50.000,0.0,0.0,0.0,_._,0
240,Bún Thịt Nướng Kiều Bảo - Lữ Gia,10.7714001000000,106.6536317000000,"66 Lữ Gia,P. 15, Quận 11, TP. HCM","Quán ăn, ","Bún, ",,07:00 - 21:00,07:00 - 21:00,07:00 - 21:00,07:00 - 21:00,07:00 - 21:00,07:00 - 21:00,07:00 - 21:00,no,no,no,24.000 -28.000,0.0,0.0,0.0,3.6,1
240,Bún Thịt Nướng Kiều Bảo - Đinh Tiên Hoàng,10.7927081000000,106.6957611000000,"219 Đinh Tiên Hoàng, P. Tân Định, Quận 1, TP. HCM","Quán ăn, ","Bún, ",,11:00 - 20:45,11:00 - 20:45,11:00 - 20:45,11:00 - 20:45,11:00 - 20:45,11:00 - 20:45,11:00 - 20:45,no,no,no,,0.0,0.0,0.0,_._,0
241,Bigbro Korean Hotdog,10.7721400000000,106.7036670000000,"85 Hồ Tùng Mậu, P. Bến Nghé, Quận 1, TP. HCM","Quán ăn, ","Ăn vặt - Ăn nhẹ, Xúc xích, Fastfood - Thức ăn nhanh, ","Món Á, Món Hàn, ",09:00 - 23:00,09:00 - 23:00,09:00 - 23:00,09:00 - 23:00,09:00 - 23:00,09:00 - 23:00,09:00 - 23:00,no,no,yes,50.000 -50.000,8.2,8.0,6.9,7.6,116
242,Chụyy Quán - Món Ngon Vị Miền Trung,10.7723033000000,106.6936634000000,"6/33 Cách Mạng Tháng 8, P. Bến Thành, Quận 1, TP. HCM","Quán ăn, ","Thịt Gà, Trà, Trà chanh, Thịt Bò, Thịt Heo, Hải sản, Sinh tố - Nước ép, Thức uống, Nước ngọt, Trà sữa, ","Món Miền Trung, ","09:00 - 14:00, 16:00 - 21:00","09:00 - 14:00, 16:00 - 21:00","09:00 - 14:00, 16:00 - 21:00","09:00 - 14:00, 16:00 - 21:00","09:00 - 14:00, 16:00 - 21:00","09:00 - 14:00, 16:00 - 21:00","09:00 - 14:00, 16:00 - 21:00",no,no,yes,5.000 -68.000,7.7,8.1,8.0,7.8,115
243,Hoa Viên Brauhaus - Nguyễn Thị Minh Khai,10.7860090000000,106.6991330000000,"18Bis/28 Nguyễn Thị Minh Khai, P. Đa Kao, Quận 1, TP. HCM","Nhà hàng, Bar/Pub, Beer club, ","Thịt Gà, Thịt Bò, Thịt Heo, Hải sản, Thức uống, Bia, Xúc xích, ","Món Âu, Tiệp (Séc), Đông Âu, Đức, ",09:00 - 23:00,09:00 - 23:00,09:00 - 23:00,09:00 - 23:00,09:00 - 23:00,09:00 - 23:00,09:00 - 23:00,no,yes,yes,200.000 -330.000,7.8,7.4,7.7,7.4,61
244,Thành Đạt - Hủ Tíu Nam Vang - Cô Bắc,10.7656472000000,106.6956664000000,"34 Cô Bắc, P. Cầu Ông Lãnh, Quận 1, TP. HCM","Quán ăn, ","Bún, Hủ tiếu, Mì, Món nước, ","Món Việt, ","00:01 - 04:30, 05:30 - 23:59","00:01 - 04:30, 05:30 - 23:59","00:01 - 04:30, 05:30 - 23:59","00:01 - 04:30, 05:30 - 23:59","00:01 - 04:30, 05:30 - 23:59","00:01 - 04:30, 05:30 - 23:59","00:01 - 04:30, 05:30 - 23:59",no,no,no,35.000 -50.000,7.0,6.1,0.0,6.4,135
245,Bếp Nhà Xứ Quảng - Home Kitchen,10.7838362000000,106.6969738000000,"16 Trần Cao Vân, P. Đa Kao, Quận 1, TP. HCM","Nhà hàng, ","Cơm, ","Món Việt, ",11:00 - 23:00,11:00 - 23:00,11:00 - 23:00,11:00 - 23:00,11:00 - 23:00,11:00 - 23:00,11:00 - 23:00,no,yes,yes,35.000 -300.000,7.5,7.6,8.1,7.5,106
246,Ning Cha - Trà Chanh Hong Kong - Trần Khắc Chân,10.7940946000000,106.6905861000000,"59 Trần Khắc Chân, P. Tân Định, Quận 1, TP. HCM","Café/Dessert, ","Trà, Trà chanh, Thức uống, Trà sữa, Sữa, ","Món Việt, ",09:30 - 21:00,09:30 - 21:00,09:30 - 21:00,09:30 - 21:00,09:30 - 21:00,09:30 - 21:00,09:30 - 21:00,no,no,yes,10.000 -35.000,8.1,7.5,7.6,7.8,139
247,Maxim's - Nhà Hàng Sang Trọng,10.7732320000000,106.7061080000000,"13 - 15 - 17 Đồng Khởi, P. Bến Nghé, Quận 1, TP. HCM","Sang trọng, Nhà hàng, ","Thịt Gà, Thịt Heo, Hải sản, Đặc sản vùng, ","Món Việt, ",10:00 - 23:00,10:00 - 23:00,10:00 - 23:00,10:00 - 23:00,10:00 - 23:00,10:00 - 23:00,10:00 - 23:00,no,yes,yes,150.000 -330.000,7.0,7.0,7.0,6.9,44
248,King Coffee & Tea - Tôn Thất Tùng,10.7710280000000,106.6875920000000,"100 Tôn Thất Tùng, Quận 1, TP. HCM","Café/Dessert, ","Trà, Thức uống, Trà sữa, ","Món Á, Đài Loan, ",07:00 - 22:30,07:00 - 22:30,07:00 - 22:30,07:00 - 22:30,07:00 - 22:30,07:00 - 22:30,07:00 - 22:30,yes,no,yes,32.000 -45.000,7.3,7.4,6.4,7.0,144
248,King Coffee & Tea - Hồ Tùng Mậu,10.7719290000000,106.7038990000000,"54 Hồ Tùng Mậu, P. Bến Thành, Quận 1, TP. HCM","Café/Dessert, ","Trà, Café - Kem, Sinh tố - Nước ép, Thức uống, Trà sữa, ","Món Á, Đài Loan, ",10:00 - 21:00,10:00 - 21:00,10:00 - 21:00,10:00 - 21:00,10:00 - 21:00,10:00 - 21:00,10:00 - 21:00,yes,no,yes,32.000 -45.000,7.6,7.3,6.5,7.4,27
249,Buffet Chay Cỏ Nội,10.7768800000000,106.7048310000000,"61 - 63 Hai Bà Trưng, P. Bến Nghé, Quận 1, TP. HCM","Nhà hàng, Buffet, ","Món chay, ","Món Việt, ","11:00 - 14:00, 18:00 - 21:00","11:00 - 14:00, 18:00 - 21:00","11:00 - 14:00, 18:00 - 21:00","11:00 - 14:00, 18:00 - 21:00","11:00 - 14:00, 18:00 - 21:00","11:00 - 14:00, 18:00 - 21:00","11:00 - 14:00, 18:00 - 21:00",no,yes,yes,,8.1,8.0,7.5,7.7,52
250,Osaka Ohsho Saigon Center - Quán Mì Ramen - Gyoza Nhật Bản,10.7735990000000,106.7009370000000,"Lầu 5, Saigon Centre, 65 Lê Lợi, P. Bến Nghé, Quận 1, TP. HCM","Nhà hàng, ","Thịt Gà, Hải sản, Món nước, Mì, Cơm, ","Món Á, Món Nhật, ",09:00 - 22:00,09:00 - 22:00,09:00 - 22:00,09:00 - 22:00,09:00 - 22:00,09:00 - 22:00,09:00 - 22:00,no,yes,yes,150.000 -200.000,7.4,7.1,7.4,7.4,125
251,Gà Rán KFC - Phú Mỹ Hưng Đường Phạm Văn Nghị,10.7302836000000,106.7066001000000,"60 Phạm Văn Nghị, Khu Sky Garden 2-R1-2, Khu Phố 3, P. Tân Phong, Quận 7, TP. HCM","Nhà hàng, ","Thịt Gà, Gà rán, Hamburger, Ăn vặt - Ăn nhẹ, Thức uống, Nước ngọt, Fastfood - Thức ăn nhanh, ","Mỹ, Châu Mỹ, ",09:00 - 22:00,09:00 - 22:00,09:00 - 22:00,09:00 - 22:00,09:00 - 22:00,09:00 - 22:00,09:00 - 22:00,yes,no,yes,30.000 -88.000,0.0,0.0,6.8,6.3,27
251,Gà Rán KFC - Crescent Mall,10.7290836000000,106.7188731000000,"Tầng 5 Crescent Mall, 101 Tôn Dật Tiên, P. Tân Phú, Quận 7, TP. HCM","Nhà hàng, ","Thịt Gà, Gà rán, Hamburger, Ăn vặt - Ăn nhẹ, Thức uống, Nước ngọt, Fastfood - Thức ăn nhanh, ","Mỹ, Châu Mỹ, ",09:00 - 22:00,09:00 - 22:00,09:00 - 22:00,09:00 - 22:00,09:00 - 22:00,09:00 - 22:00,09:00 - 22:00,yes,no,yes,30.000 -88.000,7.0,7.0,7.4,7.1,51
251,Gà Rán KFC - Bến Xóm Củi,10.7468405000000,106.6601768000000,"48 - 50 Cần Giuộc, P. 13, Quận 8, TP. HCM","Nhà hàng, ","Thịt Gà, Gà rán, Hamburger, Ăn vặt - Ăn nhẹ, Thức uống, Nước ngọt, Fastfood - Thức ăn nhanh, ","Mỹ, Châu Mỹ, ",09:00 - 22:00,09:00 - 22:00,09:00 - 22:00,09:00 - 22:00,09:00 - 22:00,09:00 - 22:00,09:00 - 22:00,yes,no,yes,30.000 -88.000,0.0,6.1,7.1,6.5,13
251,Gà Rán KFC - Vincom Maximark Cộng Hòa,10.8006814000000,106.6585900000000,"15 - 17 Cộng Hòa, P. 4, Quận Tân Bình, TP. HCM","Nhà hàng, ","Thịt Gà, Gà rán, Hamburger, Ăn vặt - Ăn nhẹ, Thức uống, Nước ngọt, Fastfood - Thức ăn nhanh, ","Mỹ, Châu Mỹ, ",09:00 - 22:00,09:00 - 22:00,09:00 - 22:00,09:00 - 22:00,09:00 - 22:00,09:00 - 22:00,09:00 - 22:00,yes,no,yes,30.000 -88.000,7.0,6.8,7.3,7.0,44
251,Gà Rán KFC - Nguyễn Sơn,10.7822334000000,106.6281014000000,"111 Nguyễn Sơn, P. Phú Thạnh, Quận Tân Phú, TP. HCM","Nhà hàng, ","Thịt Gà, Gà rán, Hamburger, Ăn vặt - Ăn nhẹ, Thức uống, Nước ngọt, Fastfood - Thức ăn nhanh, ","Mỹ, Châu Mỹ, ",09:00 - 22:00,09:00 - 22:00,09:00 - 22:00,09:00 - 22:00,09:00 - 22:00,09:00 - 22:00,09:00 - 22:00,yes,no,yes,30.000 -88.000,0.0,0.0,0.0,4.8,27
251,Gà Rán KFC - Tân Sơn Nhì,10.8021480000000,106.6339540000000,"76-78 Tân Sơn Nhì, P. Tân Sơn Nhì, Quận Tân Phú, TP. HCM","Nhà hàng, ","Thịt Gà, Gà rán, Hamburger, Ăn vặt - Ăn nhẹ, Thức uống, Nước ngọt, Fastfood - Thức ăn nhanh, ","Mỹ, Châu Mỹ, ",09:00 - 22:00,09:00 - 22:00,09:00 - 22:00,09:00 - 22:00,09:00 - 22:00,09:00 - 22:00,09:00 - 22:00,yes,no,yes,50.000 -165.000,0.0,0.0,6.0,5.9,32
251,Gà Rán KFC - Võ Văn Ngân,10.8508120000000,106.7646920000000,"251 Võ Văn Ngân, P. Linh Chiểu, Tp. Thủ Đức, TP. HCM","Nhà hàng, ","Thịt Gà, Gà rán, Hamburger, Ăn vặt - Ăn nhẹ, Thức uống, Nước ngọt, Fastfood - Thức ăn nhanh, ","Mỹ, Châu Mỹ, ",09:00 - 22:00,09:00 - 22:00,09:00 - 22:00,09:00 - 22:00,09:00 - 22:00,09:00 - 22:00,09:00 - 22:00,yes,no,yes,30.000 -88.000,6.0,6.1,6.6,6.5,53
251,Gà Rán KFC - Xô Viết Nghệ Tĩnh,10.7994873000000,106.7109289000000,"195 Xô Viết Nghệ Tĩnh, P. 17, Quận Bình Thạnh, TP. HCM","Nhà hàng, ","Thịt Gà, Gà rán, Hamburger, Ăn vặt - Ăn nhẹ, Thức uống, Nước ngọt, Fastfood - Thức ăn nhanh, ","Mỹ, Châu Mỹ, ",09:00 - 22:00,09:00 - 22:00,09:00 - 22:00,09:00 - 22:00,09:00 - 22:00,09:00 - 22:00,09:00 - 22:00,yes,no,yes,50.000 -165.000,6.1,0.0,6.3,6.2,80
251,Gà Rán KFC - Phạm Ngọc Thạch,10.7836024000000,106.6951299000000,"14 Phạm Ngọc Thạch, P. 6, Quận 3, TP. HCM","Nhà hàng, ","Thịt Gà, Gà rán, Hamburger, Ăn vặt - Ăn nhẹ, Thức uống, Nước ngọt, Fastfood - Thức ăn nhanh, ","Mỹ, Châu Mỹ, ",09:00 - 22:00,09:00 - 22:00,09:00 - 22:00,09:00 - 22:00,09:00 - 22:00,09:00 - 22:00,09:00 - 22:00,yes,no,yes,30.000 -88.000,6.9,7.0,7.2,7.1,51
251,Gà Rán KFC - Lê Văn Sỹ,10.7887451000000,106.6758880000000,"407C - 407D Lê Văn Sỹ, P. 12, Quận 3, TP. HCM","Nhà hàng, ","Thịt Gà, Gà rán, Hamburger, Ăn vặt - Ăn nhẹ, Thức uống, Nước ngọt, Fastfood - Thức ăn nhanh, ","Mỹ, Châu Mỹ, ",09:00 - 22:00,09:00 - 22:00,09:00 - 22:00,09:00 - 22:00,09:00 - 22:00,09:00 - 22:00,09:00 - 22:00,yes,no,yes,50.000 -165.000,6.5,6.2,6.4,6.5,55
251,Gà Rán KFC - Trịnh Văn Cấn - Nguyễn Thái Học,10.7673434000000,106.6964040000000,"35 Trịnh Văn Cấn, P. Cầu Ông Lãnh, Quận 1, TP. HCM","Nhà hàng, ","Thịt Gà, Gà rán, Hamburger, Ăn vặt - Ăn nhẹ, Thức uống, Nước ngọt, Fastfood - Thức ăn nhanh, ","Mỹ, Châu Mỹ, ",09:00 - 22:00,09:00 - 22:00,09:00 - 22:00,09:00 - 22:00,09:00 - 22:00,09:00 - 22:00,09:00 - 22:00,yes,no,yes,30.000 -88.000,6.8,6.4,7.1,6.8,46
251,Gà Rán KFC - Nguyễn Văn Giai,10.7927708000000,106.6972065000000,"2 Nguyễn Huy Tự, P. Đa Kao, Quận 1, TP. HCM","Nhà hàng, ","Thịt Gà, Gà rán, Hamburger, Ăn vặt - Ăn nhẹ, Thức uống, Nước ngọt, Fastfood - Thức ăn nhanh, ","Mỹ, Châu Mỹ, ",09:00 - 22:00,09:00 - 22:00,09:00 - 22:00,09:00 - 22:00,09:00 - 22:00,09:00 - 22:00,09:00 - 22:00,yes,no,yes,30.000 -88.000,6.8,6.6,6.6,6.9,25
252,Dì Mai - Nhà Hàng Việt Nam - Lê Thị Hồng Gấm,10.7687926000000,106.6950620000000,"136 - 138 Lê Thị Hồng Gấm, Quận 1, TP. HCM","Nhà hàng, ","Thịt Gà, Bánh mì, Thịt Heo, Bún, Thịt Bò, Hải sản, Mì, Bánh - Kẹo, Ăn vặt - Ăn nhẹ, ","Món Việt, ",11:00 - 20:30,11:00 - 20:30,11:00 - 20:30,11:00 - 20:30,11:00 - 20:30,11:00 - 20:30,11:00 - 20:30,no,no,yes,50.000 -300.000,8.5,8.4,8.7,8.3,108
253,Xôi Mít Sì Gòn - Giao Hàng Tận Nơi,10.7615863000000,106.6932981000000,"187/5/6 Cô Giang, P. Cô Giang, Quận 1, TP. HCM","Ăn vặt/vỉa hè, ","Xôi, Cơm, ","Món Việt, ",09:30 - 21:00,09:30 - 21:00,09:30 - 21:00,09:30 - 21:00,09:30 - 21:00,09:30 - 21:00,09:30 - 21:00,yes,yes,yes,35.000 -50.000,7.5,7.1,6.1,6.6,115
254,Kingdom Karaoke Nhà Hàng - Phạm Viết Chánh,10.7659780000000,106.6824340000000,"67 - 69 Phạm Viết Chánh, P. Nguyễn Cư Trinh, Quận 1, TP. HCM","Sang trọng, Nhà hàng, Karaoke, ","Bánh - Kẹo, Sinh tố - Nước ép, Ăn vặt - Ăn nhẹ, Thức uống, Trái cây, ","Món Việt, ",09:30 - 23:59,09:30 - 23:59,09:30 - 23:59,09:30 - 23:59,09:30 - 23:59,09:30 - 23:59,09:30 - 23:59,no,yes,yes,80.000 -0.000,7.4,7.3,8.3,7.4,66
254,Kingdom Karaoke - Trần Quang Khải,10.7914050000000,106.6878250000000,"218 - 220 Trần Quang Khải, P.Tân Định, Quận 1, TP. HCM","Nhà hàng, Karaoke, ","Ăn vặt - Ăn nhẹ, Thức uống, ","Món Việt, ",08:00 - 23:59,08:00 - 23:59,08:00 - 23:59,08:00 - 23:59,08:00 - 23:59,08:00 - 23:59,08:00 - 23:59,no,no,yes,200.000 -500.000,7.3,7.4,7.6,7.3,16
254,Yolo Pub & Cafe,10.7677840000000,106.6948390000000,"1 Bùi Viện, P. Phạm Ngũ Lão, Quận 1, TP. HCM","Bar/Pub, ","Café - Kem, Thức uống, ","Món Việt, ","00:01 - 02:00, 10:00 - 23:59","00:01 - 02:00, 10:00 - 23:59","00:01 - 02:00, 10:00 - 23:59","00:01 - 02:00, 10:00 - 23:59","00:01 - 02:00, 10:00 - 23:59","00:01 - 02:00, 10:00 - 23:59","00:01 - 02:00, 10:00 - 23:59",yes,no,yes,50.000 -500.000,6.9,6.4,7.2,7.0,20
254,Kingdom Beer Club - Lê Văn Hưu,10.7822830000000,106.7006500000000,"26 - 28 Lê Văn Hưu, P. Bến Nghé, Quận 1, TP. HCM","Beer club, ",,"Món Việt, ",16:00 - 23:59,16:00 - 23:59,16:00 - 23:59,16:00 - 23:59,16:00 - 23:59,16:00 - 23:59,16:00 - 23:59,yes,yes,yes,200.000 -500.000,7.2,6.8,6.9,7.0,116
254,Kingdom Beer Club - Lê Văn Sỹ,10.7954780000000,106.6667780000000,"236A Lê Văn Sỹ, P. 4, Quận Tân Bình, TP. HCM","Beer club, ",,"Món Việt, ",16:00 - 23:59,16:00 - 23:59,16:00 - 23:59,16:00 - 23:59,16:00 - 23:59,16:00 - 23:59,16:00 - 23:59,yes,yes,yes,200.000 -500.000,6.5,6.3,6.8,6.7,13
255,Thanh Xuân - Hủ Tiếu Cua Mỹ Tho,10.7735380000000,106.7019680000000,"62 Tôn Thất THiệp, P. Bến Nghé, Quận 1, TP. HCM","Quán ăn, ","Hủ tiếu, Mì, Món nước, ","Món Việt, ",06:30 - 14:00,06:30 - 14:00,06:30 - 14:00,06:30 - 14:00,06:30 - 14:00,06:30 - 19:00,06:30 - 19:00,no,no,no,30.000 -60.000,0.0,0.0,0.0,5.3,144
256,Clover Korean House Food,10.7916547000000,106.6954939000000,"4C Võ Thị Sáu, P. Tân Định, Quận 1, TP. HCM","Quán ăn, ","Thịt Bò, Cơm, ","Món Á, Món Hàn, ",09:00 - 21:00,09:00 - 21:00,09:00 - 21:00,09:00 - 21:00,09:00 - 21:00,09:00 - 21:00,09:00 - 21:00,no,no,yes,20.000 -61.000,7.4,7.6,7.0,7.2,101
256,Clover Korean House Food - Võ Thị Sáu,10.7917499000000,106.6955303000000,"4D Võ Thị Sáu, P. Tân Định, Quận 1, TP. HCM","Quán ăn, ","Cơm Chiên, Hải sản, Cá, Cơm, ",,09:00 - 21:40,09:00 - 21:40,09:00 - 21:40,09:00 - 21:40,09:00 - 21:40,09:00 - 21:40,09:00 - 21:40,no,no,no,10.000 -445.000,8.0,8.0,8.0,8.0,1
257,Ganesh - Ẩm Thực Ấn Độ - Hai Bà Trưng,10.7768610000000,106.7046690000000,"38 Hai Bà Trưng, P. Bến Nghé, Quận 1, TP. HCM","Nhà hàng, ","Thịt Gà, ","Món Á, Món Ấn Độ, ",11:30 - 22:00,11:30 - 22:00,11:30 - 22:00,11:30 - 22:00,11:30 - 22:00,11:30 - 22:00,11:30 - 22:00,no,no,no,100.000 -300.000,7.3,7.5,7.0,7.3,61
258,Buihaus Coffee & Workshop - Nguyễn Huệ,10.7741120000000,106.7040890000000,"Tầng 7, 42 Nguyễn Huệ, Quận 1, TP. HCM","Café/Dessert, ","Trà, Café - Kem, Sinh tố - Nước ép, Thức uống, Nước ngọt, Trà sữa, ","Món Việt, ",08:30 - 22:30,08:30 - 22:30,08:30 - 22:30,08:30 - 22:30,08:30 - 22:30,08:30 - 22:30,08:30 - 22:30,no,no,yes,20.000 -50.000,7.3,7.4,8.0,7.6,102
259,Hoàng Ty Group - Đặc sản Trảng Bàng - Trương Quốc Dung,10.7952819000000,106.6724680000000,"74 Trương Quốc Dung, Quận Phú Nhuận, TP. HCM","Quán ăn, ","Bò nướng, Bún, Bò lá lốt, Món nước, Bánh canh, Ăn vặt - Ăn nhẹ, ","Miền Đông, Món Miền Nam, ",10:00 - 22:00,10:00 - 22:00,10:00 - 22:00,10:00 - 22:00,10:00 - 22:00,10:00 - 22:00,10:00 - 22:00,no,yes,no,60.000 -110.000,7.4,6.8,7.0,6.9,150
259,Hoàng Ty Group - Đặc sản Trảng Bàng - Nguyễn Hữu Cầu,10.7916110000000,106.6911830000000,"01 Nguyễn Hữu Cầu, P. Tân Định, Quận 1, TP. HCM","Quán ăn, ","Thịt Bò, Bún, Hải sản, Món nước, Bánh canh, Cá, Miến, ","Miền Đông, Món Miền Nam, ",10:00 - 22:00,10:00 - 22:00,10:00 - 22:00,10:00 - 22:00,10:00 - 22:00,10:00 - 22:00,10:00 - 22:00,no,yes,no,60.000 -110.000,7.2,6.4,6.8,6.8,123
259,Hoàng Ty Group - Đặc Sản Trảng Bàng - Hoa Mai,10.7974570000000,106.6870440000000,"32 Hoa Mai, P. 2, Quận Phú Nhuận, TP. HCM","Quán ăn, ","Thịt Bò, Hải sản, Cá, Ăn vặt - Ăn nhẹ, ","Miền Đông, Món Miền Nam, ",10:00 - 22:00,10:00 - 22:00,10:00 - 22:00,10:00 - 22:00,10:00 - 22:00,10:00 - 22:00,10:00 - 22:00,yes,yes,yes,8.000 -374.000,7.3,7.3,7.2,7.1,83
259,Hoàng Ty Group - Đặc Sản Trảng Bàng - Mạc Đĩnh Chi,10.7869267000000,106.6972671000000,"38 Mạc Đĩnh Chi, P. Đa Kao, Quận 1, TP. HCM","Quán ăn, ","Tôm, Bánh tráng, Bánh hỏi, Bún, Thịt Bò, Hải sản, Món nước, Lẩu, Cá, Miến, Bánh bèo, Món Huế, Ăn vặt - Ăn nhẹ, Thức uống, ","Miền Đông, Món Miền Nam, ",10:00 - 22:00,10:00 - 22:00,10:00 - 22:00,10:00 - 22:00,10:00 - 22:00,10:00 - 22:00,10:00 - 22:00,no,yes,no,8.000 -374.000,7.8,7.4,8.3,7.7,29
259,Hoàng Ty Group - Đặc Sản Trảng Bàng - Trần Não,10.7947991000000,106.7313626000000,"73 Trần Não, P. An Khánh, Tp. Thủ Đức, TP. HCM","Nhà hàng, ","Thịt Bò, Hải sản, Cá, Ăn vặt - Ăn nhẹ, ",,10:00 - 21:30,10:00 - 21:30,10:00 - 21:30,10:00 - 21:30,10:00 - 21:30,10:00 - 21:30,10:00 - 21:30,no,no,no,8.000 -374.000,0.0,0.0,0.0,_._,0
260,Akataiyo 赤太陽 Mặt Trời Đỏ - Hai Bà Trưng,10.7779890000000,106.7034350000000,"74B Hai Bà Trưng, P. Bến Nghé, Quận 1, TP. HCM","Nhà hàng, ","Thịt Gà, Tôm, Cua - Ghẹ, Thịt Bò, Thịt Heo, Hải sản, Cá, Sushi & Sashimi, Mực, ","Món Nhật, ","10:00 - 13:30, 16:00 - 22:00","10:00 - 13:30, 16:00 - 22:00","10:00 - 13:30, 16:00 - 22:00","10:00 - 13:30, 16:00 - 22:00","10:00 - 13:30, 16:00 - 22:00","10:00 - 13:30, 16:00 - 22:00","10:00 - 13:30, 16:00 - 22:00",no,yes,yes,100.000 -275.000,7.0,6.3,6.8,6.6,65
261,Yamamoto Mattcha Cafe Premium - Saigon Centre,10.7735990000000,106.7009370000000,"Tầng B2, Saigon Centre, 65 Lê Lợi, Quận 1, TP. HCM","Café/Dessert, ","Café - Kem, Thức uống, ","Món Á, Món Nhật, ",09:00 - 22:00,09:00 - 22:00,09:00 - 22:00,09:00 - 22:00,09:00 - 22:00,09:00 - 22:00,09:00 - 22:00,no,no,yes,50.000 -100.000,8.2,7.7,7.4,7.7,111
262,Furin - Chuông Gió Cafe,10.7904780000000,106.6954280000000,"7C Phan Tôn, P. Đa Kao, Quận 1, TP. HCM","Café/Dessert, ","Trà, Bánh - Kẹo, Café - Kem, Thức uống, Trà sữa, ","Món Việt, Châu Phi, ",10:00 - 17:00,10:00 - 17:00,10:00 - 17:00,10:00 - 17:00,10:00 - 17:00,10:00 - 17:00,10:00 - 17:00,no,no,yes,5.500 -30.000,0.0,6.3,6.5,6.2,118
263,Quán Nướng Giấy Bạc,10.7712330000000,106.6910220000000,"96/1 Lê Thị Riêng, P. Bến Thành, Quận 1, TP. HCM","Quán ăn, ","Thịt Ếch, Thịt Bò, Hải sản, Gà ta, Bào Ngư, Cá, Lẩu, Mực, Ăn vặt - Ăn nhẹ, ","Món Việt, ",10:00 - 22:00,10:00 - 22:00,10:00 - 22:00,10:00 - 22:00,10:00 - 22:00,10:00 - 22:00,10:00 - 22:00,no,yes,no,30.000 -220.000,7.7,6.8,6.7,7.0,113
264,Cháo Hàu Thịt Nguyên Con,10.7651590000000,106.6850190000000,"212B/D28/1 Nguyễn Trãi, P. Nguyễn Cư Trinh, Quận 1, TP. HCM","Quán ăn, ","Tôm, Hải sản, Cháo, Mực, Hàu, Ăn vặt - Ăn nhẹ, ","Món Việt, ",06:30 - 22:30,06:30 - 22:30,06:30 - 22:30,06:30 - 22:30,06:30 - 22:30,06:30 - 22:30,06:30 - 22:30,no,no,no,55.000 -55.000,8.9,8.4,8.1,8.3,127
265,You+ Cafe - Tôn Thất Thiệp,10.7733300000000,106.7022760000000,"42/6B Tôn Thất Thiệp, P. Bến Nghé, Quận 1, TP. HCM","Café/Dessert, ","Café - Kem, Sinh tố - Nước ép, ","Món Việt, ",08:00 - 22:00,08:00 - 22:00,08:00 - 22:00,08:00 - 22:00,08:00 - 22:00,08:00 - 22:00,08:00 - 22:00,yes,no,yes,20.000 -94.000,6.2,6.3,0.0,6.2,71
266,Tam Hảo Fresh Noodles - Hồ Tùng Mậu,10.7725050000000,106.7033890000000,"105 Hồ Tùng Mậu, P. Bến Nghé, Quận 1, TP. HCM","Nhà hàng, ","Bún, Mì, Món nước, Miến, Hoành Thánh - Vằn Thắn, Cơm văn phòng, Ăn vặt - Ăn nhẹ, Cơm, ","Món Việt, Món Á, ",08:00 - 21:30,08:00 - 21:30,08:00 - 21:30,08:00 - 21:30,08:00 - 21:30,08:00 - 21:30,08:00 - 21:30,yes,no,yes,50.000 -100.000,7.4,7.1,7.4,7.1,109
267,Gà Tiềm Vinh Hòa,10.7899677000000,106.6962378000000,"47bis Huỳnh Khương Ninh, P. Dakao, Quận 1, TP. HCM","Quán ăn, ","Thịt Gà, Thịt Bò, Bún, Thịt Heo, Hủ tiếu, Hải sản, Mì, Cháo, Cơm văn phòng, ","Món Á, Món Trung Hoa, ",08:30 - 23:30,08:30 - 23:30,08:30 - 23:30,08:30 - 23:30,08:30 - 23:30,08:30 - 23:30,08:30 - 23:30,yes,no,no,50.000 -72.000,6.6,6.6,6.5,6.5,176
268,Subway - Nowzone,10.7638230000000,106.6825060000000,"Lầu 4, Nowzone, 235 Nguyễn Văn Cừ, P. Nguyễn Cư Trinh, Quận 1, TP. HCM","Nhà hàng, ","Bánh mì, Bánh - Kẹo, Ăn vặt - Ăn nhẹ, Fastfood - Thức ăn nhanh, ","Mỹ, Châu Mỹ, ",09:30 - 21:00,09:30 - 21:00,09:30 - 21:00,09:30 - 21:00,09:30 - 21:00,09:30 - 21:00,09:30 - 21:00,yes,no,yes,45.000 -105.000,7.2,6.8,6.4,6.6,36
269,Bún Mọc Thanh Mai - Chợ Bến Thành,10.7716150000000,106.6964690000000,"14 Trương Định, P. Bến Thành, Quận 1, TP. HCM","Quán ăn, ","Bún, Thịt Heo, Món nước, Ăn vặt - Ăn nhẹ, ","Món Việt, ",06:00 - 14:30,06:00 - 14:30,06:00 - 14:30,06:00 - 14:30,06:00 - 14:30,06:00 - 14:30,06:00 - 14:30,no,no,no,40.000 -66.000,7.1,6.4,0.0,6.6,119
270,Chivago Chicken - Gà Rán Hàn Quốc & Bia - Nguyễn Thái Học,10.7682140000000,106.6952430000000,"161 Nguyễn Thái Học, P. Phạm Ngũ Lão, Quận 1, TP. HCM","Quán ăn, ","Thịt Gà, Gà rán, Thức uống, Bia, Fastfood - Thức ăn nhanh, ","Món Á, Món Hàn, ","00:01 - 03:00, 11:00 - 23:59","00:01 - 03:00, 11:00 - 23:59","00:01 - 03:00, 11:00 - 23:59","00:01 - 03:00, 11:00 - 23:59","00:01 - 03:00, 11:00 - 23:59","00:01 - 03:00, 11:00 - 23:59","00:01 - 03:00, 11:00 - 23:59",no,no,yes,100.000 -500.000,8.8,8.7,8.6,8.5,86
271,Chị Tuyền - Bún Thịt Nướng,10.7618390000000,106.6936690000000,"175C Cô Giang, P. Cô Giang, Quận 1, TP. HCM","Ăn vặt/vỉa hè, Quán ăn, ","Bún, Món nước, Bánh - Kẹo, Chả giò, Bánh tằm, ","Món Việt, ",07:00 - 20:00,07:00 - 20:00,07:00 - 20:00,07:00 - 20:00,07:00 - 20:00,07:00 - 20:00,07:00 - 20:00,no,no,no,30.000 -66.000,7.4,6.7,6.3,6.7,196
272,Food Connexion Buffet - Pullman Hotel,10.7644410000000,106.6919350000000,"148 Trần Hưng Đạo, Quận 1, TP. HCM","Sang trọng, Buffet, Nhà hàng, ",,,"06:00 - 22:00, 10:00 - 14:00","06:00 - 22:00, 10:00 - 14:00","06:00 - 22:00, 10:00 - 14:00","06:00 - 22:00, 10:00 - 14:00","06:00 - 22:00, 10:00 - 14:00","06:00 - 22:00, 10:00 - 14:00","06:00 - 22:00, 10:00 - 14:00",no,yes,yes,390.000 -890.000,7.2,7.7,7.9,7.5,58
272,Urbane Lounge - Pullman Hotel,10.7644350000000,106.6917570000000,"Tầng Trệt, Pullman Hotel, 148 Trần Hưng Đạo, Quận 1, TP. HCM","Nhà hàng, ","Thịt Gà, Thịt Bò, Thịt Heo, Hải sản, ","Món Âu, ",08:30 - 23:30,08:30 - 23:30,08:30 - 23:30,08:30 - 23:30,08:30 - 23:30,08:30 - 23:30,08:30 - 23:30,no,no,yes,300.000 -880.000,7.7,7.7,8.3,7.6,7
272,Pool Bar - Pullman Hotel,10.7644350000000,106.6917570000000,"148 Trần Hưng Đạo, Quận 1, TP. HCM","Bar/Pub, ","Thức uống, Trái cây, ",,15:30 - 22:00,15:30 - 22:00,15:30 - 22:00,15:30 - 22:00,15:30 - 22:00,15:30 - 22:00,15:30 - 22:00,yes,no,yes,500.000 -1.100.000,9.5,9.5,9.5,8.6,2
272,Mad Cow Wine & Grill,10.7644279000000,106.6919236000000,"Leval 30, 148 Trần Hưng Đạo, Quận 1, TP. HCM","Nhà hàng, ","Thịt Gà, Thịt Bò, Thịt Heo, Hải sản, Ăn vặt - Ăn nhẹ, Thức uống, Thịt Cừu, ","Món Việt, Mỹ, ",16:00 - 23:59,16:00 - 23:59,16:00 - 23:59,16:00 - 23:59,16:00 - 23:59,16:00 - 23:59,16:00 - 23:59,no,no,yes,120.000 -1.300.000,7.5,8.0,7.8,7.4,4
273,Lion City - Lê Anh Xuân,10.7722871000000,106.6951640000000,"42 Lê Anh Xuân, P. Bến Thành, Quận 1, TP. HCM","Nhà hàng, ","Thịt Ếch, Đặc sản vùng, ","Món Á, Singapore, ","00:01 - 03:00, 08:00 - 23:59","00:01 - 03:00, 08:00 - 23:59","00:01 - 03:00, 08:00 - 23:59","00:01 - 03:00, 08:00 - 23:59","00:01 - 03:00, 08:00 - 23:59","00:01 - 03:00, 08:00 - 23:59","00:01 - 03:00, 08:00 - 23:59",no,yes,yes,100.000 -275.000,7.7,7.4,7.4,7.3,55
273,Lion City Exclusive - Mê Linh Point,10.7745149000000,106.7058407000000,"Mê Linh Point, 2 Ngô Đức Kế, P. Bến Thành, Quận 1, TP. HCM","Nhà hàng, ","Cháo, Đặc sản vùng, Ăn vặt - Ăn nhẹ, ","Món Á, Singapore, ",10:00 - 22:00,10:00 - 22:00,10:00 - 22:00,10:00 - 22:00,10:00 - 22:00,10:00 - 22:00,10:00 - 22:00,no,yes,yes,200.000 -880.000,8.7,8.5,8.6,8.1,29
273,Lion City - Món Sing - Lê Lợi,10.7743940000000,106.7005880000000,"32 Lê Lợi, P. Bến Nghé, Quận 1, TP. HCM, Quận 1, TP. HCM","Nhà hàng, ",,"Món Á, Singapore, ",10:00 - 22:00,10:00 - 22:00,10:00 - 22:00,10:00 - 22:00,10:00 - 22:00,10:00 - 22:00,10:00 - 22:00,yes,no,yes,100.000 -300.000,7.7,8.3,8.7,7.9,9
274,Kem BUD'S - Pandora City,10.8023290000000,106.6363160000000,"Tầng 4 Pandora City, 1/1 Trường Chinh, P. Tây Thạnh, Quận Tân Phú, TP. HCM","Café/Dessert, ","Café - Kem, ","Mỹ, Châu Mỹ, ",06:30 - 23:00,06:30 - 23:00,06:30 - 23:00,06:30 - 23:00,06:30 - 23:00,06:30 - 23:00,06:30 - 23:00,no,no,yes,40.000 -88.000,7.9,7.0,7.0,7.0,8
274,Kem BUD'S -  Parkson CT Plaza,10.8129150000000,106.6652300000000,"Tầng Hầm Parkson CT Plaza, 60A Trường Sơn, P. 2, Quận Tân Bình, TP. HCM","Café/Dessert, ",,"Mỹ, Châu Mỹ, ",10:00 - 21:00,10:00 - 21:00,10:00 - 21:00,10:00 - 21:00,10:00 - 21:00,10:00 - 21:00,10:00 - 21:00,yes,no,yes,40.000 -88.000,7.8,6.8,6.3,6.7,4
274,Kem BUD’S - Phan Xích Long,10.7980870000000,106.6886510000000,"176 - 178 Phan Xích Long, P. 2, Quận Phú Nhuận, TP. HCM","Café/Dessert, ","Café - Kem, ","Mỹ, Châu Mỹ, ",06:30 - 23:00,06:30 - 23:00,06:30 - 23:00,06:30 - 23:00,06:30 - 23:00,06:30 - 23:00,06:30 - 23:00,yes,no,yes,40.000 -88.000,6.7,6.4,6.9,6.7,78
274,Kem BUD'S - Nguyễn Thị Minh Khai,10.7808400000000,106.6962840000000,"86 Nguyễn Thị Minh Khai, P. 6, Quận 3, TP. HCM","Café/Dessert, ","Café - Kem, ","Mỹ, Châu Mỹ, ",06:30 - 23:00,06:30 - 23:00,06:30 - 23:00,06:30 - 23:00,06:30 - 23:00,06:30 - 23:00,06:30 - 23:00,yes,no,yes,40.000 -88.000,7.4,7.1,7.8,7.3,71
274,Kem BUD’S - Đường 3 Tháng 2,10.7670697317669,106.6663958808899,"547B Đường 3 Tháng 2, P. 8, Quận 10, TP. HCM","Café/Dessert, ","Café - Kem, Sinh tố - Nước ép, Ăn vặt - Ăn nhẹ, ","Mỹ, Châu Mỹ, ",10:00 - 23:00,10:00 - 23:00,10:00 - 23:00,10:00 - 23:00,10:00 - 23:00,10:00 - 23:00,10:00 - 23:00,yes,no,yes,40.000 -250.000,7.7,7.5,7.5,7.4,68
274,Kem BUD'S - Vincom Center,10.7774200000000,106.7019870000000,"Tầng B2-15, Vincom Center, 70 - 72 Lê Thánh Tôn, P. Bến Nghé, Quận 1, TP. HCM","Café/Dessert, ","Café - Kem, ","Mỹ, Châu Mỹ, ",08:30 - 22:30,08:30 - 22:30,08:30 - 22:30,08:30 - 22:30,08:30 - 22:30,08:30 - 22:30,08:30 - 22:30,yes,no,yes,40.000 -88.000,7.3,6.6,7.1,7.0,69
274,Kem BUD'S - Nowzone,10.7639180000000,106.6828680000000,"Tầng 4 - Nowzone, 235 Nguyễn Văn Cừ, P. Nguyễn Cư Trinh, Quận 1, TP. HCM","Café/Dessert, ","Café - Kem, ","Mỹ, Châu Mỹ, ",06:30 - 23:00,06:30 - 23:00,06:30 - 23:00,06:30 - 23:00,06:30 - 23:00,06:30 - 23:00,06:30 - 23:00,no,no,yes,40.000 -88.000,7.3,7.2,6.8,7.0,12
274,Kem BUD'S - AEON Mall Tân Phú,10.8025820000000,106.6204390000000,"Tầng 2 AEON Mall Tân Phú, 30 Bờ Bao Tân Thắng, P. Sơn Kỳ, Quận Tân Phú, TP. HCM","Café/Dessert, ","Café - Kem, ","Món Việt, ",09:00 - 22:00,09:00 - 22:00,09:00 - 22:00,09:00 - 22:00,09:00 - 22:00,09:00 - 22:00,09:00 - 22:00,no,no,yes,50.000 -110.000,0.0,0.0,0.0,5.7,14
274,Kem BUD'S - Parkson Cantavil,10.8016920000000,106.7469930000000,"Tầng 5 Parkson Cantavil, 1 Song Hành, P. An Phú, Quận 2, TP. HCM","Café/Dessert, ","Café - Kem, ","Mỹ, Châu Mỹ, ",09:30 - 21:30,09:30 - 21:30,09:30 - 21:30,09:30 - 21:30,09:30 - 21:30,09:30 - 21:30,09:30 - 21:30,no,no,yes,40.000 -88.000,7.0,6.5,6.0,6.7,2
274,Kem BUD'S - Parkson Hùng Vương,10.7560610000000,106.6630680000000,"Tầng 3 Parkson Hùng Vương, 126 Hùng Vương, P. 12, Quận 5, TP. HCM","Café/Dessert, ","Café - Kem, Trái cây, ","Mỹ, Châu Mỹ, ",06:30 - 23:00,06:30 - 23:00,06:30 - 23:00,06:30 - 23:00,06:30 - 23:00,06:30 - 23:00,06:30 - 23:00,no,no,yes,40.000 -88.000,7.2,6.7,6.3,6.6,10
274,Kem BUD'S - Vincom Quang Trung,10.8294330000000,106.6716880000000,"Tầng B1 Vincom Quang Trung, 190 Quang Trung, P. 10, Quận Gò Vấp, TP. HCM","Café/Dessert, ","Café - Kem, ","Mỹ, Châu Mỹ, ",09:00 - 21:00,09:00 - 21:00,09:00 - 21:00,09:00 - 21:00,09:00 - 21:00,09:00 - 21:00,09:00 - 21:00,yes,no,no,40.000 -90.000,6.4,6.5,7.4,6.6,11
274,Kem BUD'S - Vincom Plaza Gò Vấp,10.8265560000000,106.6894260000000,"Tầng 4 - Vincom Plaza Gò Vấp, 12 Phan Văn Trị, P. 7, Quận Gò Vấp, TP. HCM","Café/Dessert, ","Café - Kem, ","Mỹ, Châu Mỹ, ",09:00 - 21:00,09:00 - 21:00,09:00 - 21:00,09:00 - 21:00,09:00 - 21:00,09:00 - 21:00,09:00 - 21:00,no,no,yes,40.000 -100.000,0.0,0.0,0.0,_._,0
275,Thức Coffee - 40D Lý Tự Trọng,10.7769085000000,106.7001855000000,"40D Lý Tự Trọng, P. Bến Nghé, Quận 1, TP. HCM","Café/Dessert, ","Trà, Café - Kem, Sinh tố - Nước ép, Thức uống, Sữa, ","Món Việt, ",07:00 - 23:00,07:00 - 23:00,07:00 - 23:00,07:00 - 23:00,07:00 - 23:00,07:00 - 23:00,07:00 - 23:00,no,no,no,20.000 -44.000,6.9,6.8,6.8,7.0,88
275,Thức Coffee - Cống Quỳnh,10.7638740000000,106.6904280000000,"42 Cống Quỳnh, P. Nguyễn Cư Trinh, Quận 1, TP. HCM","Café/Dessert, ","Trà, Café - Kem, Sinh tố - Nước ép, Thức uống, Trà sữa, ","Món Việt, ",07:00 - 23:00,07:00 - 23:00,07:00 - 23:00,07:00 - 23:00,07:00 - 23:00,07:00 - 23:00,07:00 - 23:00,no,no,yes,20.000 -55.000,6.8,6.7,6.9,6.9,65
275,Thức Coffee - Lý Tự Trọng,10.7793060000000,106.7024750000000,"37/11 Lý Tự Trọng, P. Bến Nghé, Quận 1, TP. HCM","Café/Dessert, ","Trà, Café - Kem, Sinh tố - Nước ép, Thức uống, ","Món Việt, ",07:00 - 23:00,07:00 - 23:00,07:00 - 23:00,07:00 - 23:00,07:00 - 23:00,07:00 - 23:00,07:00 - 23:00,no,no,yes,20.000 -45.000,6.8,6.4,6.6,6.8,67
275,Thức Coffee - Nguyễn Thái Sơn,10.8226600000000,106.6857150000000,"320 Nguyễn Thái Sơn, Quận Gò Vấp, TP. HCM","Café/Dessert, ","Trà, Café - Kem, Sinh tố - Nước ép, Thức uống, ","Món Việt, ",07:00 - 23:00,07:00 - 23:00,07:00 - 23:00,07:00 - 23:00,07:00 - 23:00,07:00 - 23:00,07:00 - 23:00,no,no,yes,25.000 -55.000,6.3,0.0,7.0,6.4,96
275,Thức Coffee - Nguyễn Oanh,10.8284270000000,106.6788527000000,"45 Nguyễn Oanh, P. 10, Quận Gò Vấp, TP. HCM","Café/Dessert, ","Trà, Café - Kem, Sinh tố - Nước ép, Thức uống, ","Món Việt, ",07:00 - 23:00,07:00 - 23:00,07:00 - 23:00,07:00 - 23:00,07:00 - 23:00,07:00 - 23:00,07:00 - 23:00,no,no,yes,28.000 -65.000,0.0,0.0,6.2,5.9,38
275,Thức Coffee - Đường Số 41,10.7581812000000,106.7000030000000,"2 Đường Số 41, P. 6, Quận 4, TP. HCM","Café/Dessert, ","Trà, Café - Kem, Thức uống, Trà sữa, ","Món Việt, ",07:00 - 23:00,07:00 - 23:00,07:00 - 23:00,07:00 - 23:00,07:00 - 23:00,07:00 - 23:00,07:00 - 23:00,yes,no,yes,20.000 -44.000,0.0,0.0,7.3,5.9,21
275,Thức Coffee - Gò Dầu,10.7958000000000,106.6271150000000,"65 Gò Dầu, P. Tân Quý, Quận Tân Phú, TP. HCM","Café/Dessert, ","Trà, Café - Kem, Thức uống, Trà sữa, ","Món Việt, ",07:00 - 23:00,07:00 - 23:00,07:00 - 23:00,07:00 - 23:00,07:00 - 23:00,07:00 - 23:00,07:00 - 23:00,no,no,yes,20.000 -44.000,6.3,0.0,6.9,6.2,15
275,Thức Coffee - Hoa Phượng,10.7964150000000,106.6876110000000,"42 Hoa Phượng, P. 2, Quận Phú Nhuận, TP. HCM","Café/Dessert, ","Trà, Café - Kem, Sinh tố - Nước ép, Thức uống, ","Món Việt, ",07:00 - 23:00,07:00 - 23:00,07:00 - 23:00,07:00 - 23:00,07:00 - 23:00,07:00 - 23:00,07:00 - 23:00,no,no,yes,20.000 -40.000,0.0,0.0,6.8,5.5,12
276,Trung Nguyên Legend - 587 Nguyễn Kiệm,10.8059640000000,106.6785380000000,"587 Nguyễn Kiệm, P. 9, Quận Phú Nhuận, TP. HCM","Café/Dessert, ","Trà, Trà chanh, Bánh - Kẹo, Café - Kem, Sinh tố - Nước ép, Cơm văn phòng, Thức uống, ","Món Việt, ",07:00 - 23:00,07:00 - 23:00,07:00 - 23:00,07:00 - 23:00,07:00 - 23:00,07:00 - 23:00,07:00 - 23:00,no,no,yes,40.000 -110.000,6.6,6.7,7.1,6.5,14
276,Trung Nguyên Legend - 320 Xô Viết Nghệ Tĩnh,10.8021920000000,106.7117340000000,"320 Xô Viết Nghệ Tĩnh, P. 25, Quận Bình Thạnh, TP. HCM","Café/Dessert, ","Trà, Trà chanh, Bánh - Kẹo, Café - Kem, Sinh tố - Nước ép, Cơm văn phòng, Thức uống, Trà sữa, Sữa, ","Món Việt, ",06:30 - 17:30,06:30 - 17:30,06:30 - 17:30,06:30 - 17:30,06:30 - 17:30,06:30 - 17:30,06:30 - 17:30,no,no,yes,40.000 -110.000,6.9,6.5,7.3,7.0,23
276,Trung Nguyên Legend - 249A Hoàng Văn Thụ,10.8002657000000,106.6655574000000,"249A Hoàng Văn Thụ, P. 1, Quận Tân Bình, TP. HCM","Café/Dessert, ","Trà, Trà chanh, Bánh - Kẹo, Café - Kem, Sinh tố - Nước ép, Cơm văn phòng, Thức uống, Sữa, ","Món Việt, ",07:00 - 22:00,07:00 - 22:00,07:00 - 22:00,07:00 - 22:00,07:00 - 22:00,07:00 - 22:00,07:00 - 22:00,no,no,yes,40.000 -110.000,0.0,0.0,6.3,6.0,33
276,Trung Nguyên Legend - 219 Lý Tự Trọng,10.7726574000000,106.6954464000000,"219 Lý Tự Trọng, P. Bến Thành, Quận 1, TP. HCM","Café/Dessert, ","Trà, Trà chanh, Bánh - Kẹo, Café - Kem, Sinh tố - Nước ép, Cơm văn phòng, Thức uống, Sữa, ","Món Việt, ",06:30 - 17:30,06:30 - 17:30,06:30 - 17:30,06:30 - 17:30,06:30 - 17:30,06:30 - 17:30,06:30 - 17:30,no,no,yes,40.000 -110.000,8.2,7.4,7.6,7.7,20
276,Trung Nguyên Legend - 603 Trần Hưng Đạo,10.7567000000000,106.6850000000000,"603 Trần Hưng Đạo, P. Cầu Kho, Quận 1, TP. HCM","Café/Dessert, ","Trà, Trà chanh, Bánh - Kẹo, Café - Kem, Sinh tố - Nước ép, Cơm văn phòng, Thức uống, ","Món Việt, ",06:30 - 17:30,06:30 - 17:30,06:30 - 17:30,06:30 - 17:30,06:30 - 17:30,06:30 - 17:30,06:30 - 17:30,no,no,yes,40.000 -110.000,8.0,7.6,8.1,7.8,65
276,Trung Nguyên Legend - 40 Lý Thường Kiệt,10.7592170000000,106.6613798000000,"40 Lý Thường Kiệt, P. 7, Quận 10, TP. HCM","Café/Dessert, ","Trà, Café - Kem, Sinh tố - Nước ép, Thức uống, ","Món Việt, ",06:31 - 22:00,06:31 - 22:00,06:31 - 22:00,06:31 - 22:00,06:31 - 22:00,06:31 - 22:00,06:31 - 22:00,no,no,yes,30.000 -55.000,6.5,6.6,0.0,6.4,8
276,Trung Nguyên Legend - 87A Cách Mạng Tháng 8,10.7728824000000,106.6908610000000,"87A Cách Mạng Tháng 8, P. Bến Thành, Quận 1, TP. HCM","Café/Dessert, ","Café - Kem, Sinh tố - Nước ép, Thức uống, Sữa, ","Món Việt, ",06:30 - 17:30,06:30 - 17:30,06:30 - 17:30,06:30 - 17:30,06:30 - 17:30,06:30 - 17:30,06:30 - 17:30,no,no,yes,50.000 -300.000,6.7,6.0,6.9,6.5,23
276,Trung Nguyên E-Coffee - Cô Giang,10.7611090000000,106.6925950000000,"218Bis Cô Giang, P. Cô Giang, Quận 1, TP. HCM","Café/Dessert, ","Trà, Café - Kem, Sinh tố - Nước ép, Thức uống, Trà sữa, Sữa, ","Món Việt, ",06:30 - 21:00,06:30 - 21:00,06:30 - 21:00,06:30 - 21:00,06:30 - 21:00,06:30 - 21:00,06:30 - 21:00,no,no,yes,17.000 -35.000,9.2,9.2,8.2,8.6,5
276,Trung Nguyên Legend - 12 Alexandre De Rhodes,10.7792630000000,106.6965400000000,"12 Alexandre De Rhodes, P. Bến Nghé, Quận 1, TP. HCM","Café/Dessert, ","Trà, Café - Kem, Sinh tố - Nước ép, Thức uống, Sữa, ","Món Việt, ",06:30 - 22:00,06:30 - 22:00,06:30 - 22:00,06:30 - 22:00,06:30 - 22:00,06:30 - 22:00,06:30 - 22:00,no,no,yes,30.000 -100.000,0.0,0.0,6.2,5.5,6
276,Trung Nguyên Legend - Tô Hiệu,10.7730590000000,106.6275440000000,"182 Tô Hiệu, P. Hiệp Tân, Quận Tân Phú, TP. HCM","Café/Dessert, ","Trà, Café - Kem, Sinh tố - Nước ép, Thức uống, ","Món Việt, ",06:30 - 17:30,06:30 - 17:30,06:30 - 17:30,06:30 - 17:30,06:30 - 17:30,06:30 - 17:30,06:30 - 17:30,no,no,yes,25.000 -150.000,10.0,10.0,10.0,10.0,1
276,Trung Nguyên E-Coffee - 89 Trương Công Định,10.7940928000000,106.6404577000000,"89 Trương Công Định, Quận Tân Bình, TP. HCM","Café/Dessert, ","Trà chanh, Sinh tố - Nước ép, Thức uống, Trà sữa, ",,08:00 - 21:30,08:00 - 21:30,08:00 - 21:30,08:00 - 21:30,08:00 - 21:30,08:00 - 21:30,08:00 - 21:30,no,no,no,,0.0,0.0,0.0,_._,0
276,Trung Nguyên Legend - Bãi Sậy,10.7481617000000,106.6502091000000,"116 Bãi Sậy, P.1, Quận 6, TP. HCM","Café/Dessert, ","Trà chanh, Sinh tố - Nước ép, Thức uống, Trà sữa, ",,08:00 - 21:30,08:00 - 21:30,08:00 - 21:30,08:00 - 21:30,08:00 - 21:30,08:00 - 21:30,08:00 - 21:30,no,no,no,,0.0,0.0,0.0,_._,0
