UserID,User,Review Time,Rating (10),Comment,RestaurantID
1,Nancy Nguyễn,21/1/2021 23:07,6.6,"Đặt Now giao về nên tính ra tiết kiệm xíu.

Cục nào cục nấy ăn chả khác là bao, một kiểu nhân chả thịt. Hên là vỏ không quá dầy nên ăn đỡ ngán. Chứ chả thấy ngũ sắc đâu hết. Đặt loại trứng cút cũng không thấy đâu.",2
2,Rosie Rosie,30/10/2020 11:20,8.0,"Chiều chiều thèm ăn vặt là hay đặt mấy cục dimsum này về măm lắm nè. Đợt này kết hợp cùng coca nên lên Now đặt vừa rẻ vừa nhiều bao luôn chai coca đã nha. Combo các viên đủ loại ngẫu nhiên, mà loiaj nào thấy cũng ổn hết á. Vỏ không quá dày nữa, ăn vặt thì order thử quán này nhennn

Giá từ 18k-23k/phần thui á",2
3,RoseMary Pham,23/10/2020 21:53,1.0,Mình đặt mì gà quay rồi đủ thứ mấy cái disum được giảm giá một chút tầm hơn 30k. ai dè quán chơi chiêu kêu hết rồi xuất đơn khác như vầy. Nếu hết thì phải chỉnh lại trên foody cho ng ta còn biết. Mình thấy tội shipper đã đến quán nên bấm bụng mua luôn. Ăn thì dở mà bảo là ngon nữa chứ.🤬🤬🤬🤬🤬 Con review kia được trả tiền để review nên mọi ng đừng có tin. Mấy chi nhánh kia cũng review thấp mà tại tui***nên chưa xem review mà đã đâm đầu vô mua. 🥺😭😭😭😭😭 ❌❌❌❌❌❌❌,2
4,Bổi,10/2/2020 18:08,9.6,"Dimsum Homemade thì hơi bị nổi tiếng rồi, thường xuyên xuất hiện trên mấy bài đăng của Foody :)) mình cũng là khách quen của tiệm này mà bên chi nhánh Trần Khắc Chân. Nay thấy có chi nhánh mới , sản phẩm mới mới trồi lên nên order thử.
Giảm giá 40% nhập thêm mã Freeship của Now nữa rẻ càng thêm rẻ.
Một combo 6 viên là vừa ăn, ăn xong không bị quá no quá ngán. Xíu mại ở chi nhánh này có trứng cút, chi nhánh cũ thường ăn không có. Há cảo bự, vỏ không bị dày. Nước chấm ngon, có sẵn tương ớt cho ai thích ăn cay.
Sẽ ủng hộ tiếp khi thèm ăn vặt giờ chiều ^.^
Xem thêm",2
5,Yen Hoang,"05/03/2021 11:15:36,",9.0,"Dimsum ngon rẻ đậm đà
...Xem thêm",4
6,Rosie Rosie,"30/10/2020 11:20:20,",8.0,"Chiều chiều thèm ăn vặt là hay đặt mấy cục dimsum này về măm lắm nè. Đợt này kết hợp cùng coca nên lên Now đặt vừa rẻ vừa nhiều bao luôn chai coca đã nha. Combo các viên đủ loại ngẫu nhiên, mà loiaj nào thấy cũng ổn hết á. Vỏ không quá dày nữa, ăn vặt thì order thử quán này nhennn

Giá từ 18k-23k/phần thui á
...Xem thêm",4
7,Thảo Ngọc Linh,"14/12/2019 10:37:34,",6.6,"Trưa không biết ăn gì nên order quán này ăn vì thấy có khuyến mãi nạ. Chỗ này mình có ăn qua 2 3 lần rồi cũng ok lắm nên lần này mình order 35 viên cho cả đám ăn luôn. Giao hàng khá nhanh, vẫn còn ấm ấm. Viên nào cũng đầy đặn hết, mình đặt nhiều loại gồm há cảo tôm, xíu mại, cảo cua, cảo hẹ, sủi cảo, nhân bên trong mình thấy đều giống tựa tựa nhau thôi chứ cũng khó phân biệt lắm, ăn nhân đầy, thơm thịt, bỏ bột mỏng mình thấy màu nhân bên trong. Rau râm và nước chấm cho nhiều. 1 người ăn tầm 5 viên là ngán rồi vì viên ở đây khá to nè. Giá mình thấy rẻ nhá, vì được giảm trực tiếp trên giá món nè, chất lượng cũng ok.
...Xem thêm",4
8,Thảo Ngọc Linh,"19/11/2019 12:47:44,",6.6,"Chiều chiều đói sơm nên order vài viên về ăn xế, thấy chỗ nào trên top mà còn đang giảm giá trên Now nên gọi mỗi loại vài viên ăn thử, thấy cũng ok lắm nha, viên nào cũng to tròn, mình gọi mấy loại như há cảo tôm, cua, gà, mực, xíu mại, sủi cảo (2 viên/loại) ăn thấy y chang nhau, không phân biệt được vị nha, nhìn hình và màu thì đoán đoán đại chứ nhân tương tự nhau, viên to, nhân thơm lắm. Sốt cho rất ít luôn, vị sốt cũng được mà ít không đủ chấm, rau cho kèm là rau râm nè. Giá được giảm trực tiếp trên mỗi viên, gần nhà nên xài thêm được mã freeship nữa, nên là rẻ quá trời hà.
...Xem thêm",4
9,Mia Trâm,"07/11/2019 21:43:42,",8.4,"Há cảo viên nào viên nấy to to ú ú. Nhưng với giá 5k viên thì hơi chát 1 tẹo. Nhìn chung hơi giống nhau, ăn không thể phân biệt được.
Nước chấm trộn cùng tương ớt ăn cũng rất ngon.
Tranh thủ Now đang giảm giá mạnh nên mình order 10 viên tốn có 25k khá ổn.
8/10
...Xem thêm",4
10,Đình Đình,"11/10/2019 00:20:07,",7.2,"Nay mình mua cỡ 19-20 viên mà viên nào cũng bự ná thở, ăn xong lăn luôn. Được cái order xong ship luôn nên còn nóng. 1 cục giá giảm còn 3k mấy, dù có gía 5k 1 cục thì cũng xứng. 
Nhưng nước chấm k ngon, vị kì kì, pha loãng quá. Mua hơn chục viên mà cho bịch chấm có tí, mình mua đủ loại mà ăn cái nào cũng na ná nhau. Trừ sủi cảo vs cục màu vàng, màu đỏ là còn phâm biệt dc chứ cục trắng vị y như nhau dù mình mua nhiều loại chứ k phải 2-3 vị. Nên phải chăng quăng đại vào vì nó màu trắng như nhau?
...Xem thêm",4
11,Vy Trần,"22/02/2019 17:08:29,",8.4,"Mua về còn nóng nè ! 
Tất cả nhân đều say mịn nên ăn hơi ngán 
Nhưng vs cái con ng thèm ăn dimsum như mình vẫn ổn 
Giá 5k viên thì mình cũng thấy tạm ổn , các bạn thấy sao ?
...Xem thêm",4
12,Trương Ryan,"18/02/2019 20:02:11,",9.2,"Trước hay mua ở chi nhánh bên Trần Khắc Chân, nay là lần đầu mua ở chi nhánh này. Bình thường mình hay gọi há cảo tôm, mực, cua, gà, bắp, xíu mại. Trong đó há cảo bắp ăn khá hay, lạ lạ mà cũng vừa miệng. Xíu mại mình gọi bên này hình như tiệm bị nhầm sang sủi cảo thì phải, nhưng được cái là lớp vỏ tuy còn hơi khô chút nhưng không bị sượng cứng như mình từng ăn. Còn 4 loại còn lại lả tôm, mực, cua với gà thì vẫn ngon nhưng nói thật là vị gần như là y chang nhau không khác gì cả. Cái mình thích trước giờ ở Dimsum Homemade là lớp vỏ dày vừa đủ, dẻo, vị không bị chua và có mùi thơm thơm của bột (bên chi nhánh Trần Khắc Chân sẽ rõ hơn). Nhân làm rất mịn tay, không bị sạn và cũng khá đầy đặn. Nước tương ở bên này không phải là nước tương đen/ xì dầu mà có pha với tương cà thì phải, vị mặn mặn ngọt ngọt ngon cực. Giá thì đều là 5k/ viên với chất lượng như vậy là quá ok rồi, chỉ ngán là mấy chi nhánh của Dimsum Homemade đều cách nhà tầm 6-7km nên ship mỗi lần toàn tầm 40k còn nhiều hơn cả tiền đồ ăn
...Xem thêm",4
13,Minhphuong88,"15/01/2019 19:31:49,",8.0,"Há cảo ở đây ngon, mình ăn 2 lần r mới review, đặc biệt là xíu mại và há cảo tôm, há cảo tôm khô. Nhân thịt vừa ăn, vỏ bột dai mềm, mùi thơm lắm. Nước chấm cũng ngon mà cho ít lắm. Mua 40v cho có 1 bịch nước chấm thôi nên ai oder nhớ note shipper xin thêm nước chấm nha. 
Ăn ngon mà trình bày ko đẹp, lần nào rau răm cũng héo queo, quán nên để rau răm riêng chứ để chung trong hộp mở ra nhìn cọng rau nhàu nhĩ lắm.
...Xem thêm",4
14,Ăn Để Giảm Cân,"09/01/2019 16:02:47,",9.2,"Há cảo là chân lý của cuộc đời tui đó quý vị, nên là mấy nay trung thành với hiệu này lắm :)) cục này cục nấy chà bá, thích nhất há cảo tôm với xíu mại.
Giá 5k cũng rẻ mà còn giảm giá nữa <3
...Xem thêm",4
15,,,,,4
16,,,,,4
17,,,0,,4
18,Elsa Diệp,25/1/2021 16:18,9.4,"Tui có biết 1 xe dimsum bán mang về trên con hẻm nhỏ ngay trung tâm TP cụ thể là trên đường*** Ở đây món dimsum nào cũng có không thua gì ngoài nhà hàng mà giá còn lại rất phải chăng nữa cơ.
Dimsum đúng vị Hoa. Mình thích nhất món xôi vỏ xanh ăn vị thích. Xôi dẻo nha, nhân vô cùng nhiều ăn ngon ngon. 
Mình còn kêu thêm 2 set há cả tôm thịt và và bánh cuốn tôm nữa sốt vừa vị ăn ngon và còn cả 2 chiếc bánh bao kim sa cho thằng em ăn nó cũng khen tuyệt vời luôn.",6
19,Foodee_9eyeyk2s,24/6/2022 12:02,10,"Không gian thoáng, nhìn sang trọng, sáng sủa. Buổi trưa lượng khách vừa phải. Dạng buffet lẩu băng chuyền, quầy dimsum và nước chấm nhìn khá hấp dẫn. Nhân viên than thiện. Giá vé trưa là 219k chưa gồm 8%vat và 3% phí phục vụ. Lẩu là dạng lẩu 2 ngăn, hình như tổng cộng 5-6 vị nước lẩu. Mình chọn vị cà ri và phúc HongKong ăn cũng khá ok. Dimsum ăn ổn, tuy cũng không ngon như các nhà hàng chuyên bán dim sum. Có kem và nước ngọt refill thoải mái. Đi nhóm đông ăn được nhiều hơn 😁.",29
20,Foodee_9eyeyk2s,24/6/2022 12:00,9.6,"Chỗ ngồi rộng rãi, thoải mái, nv với quản lý thân thiện nhiệt tình. Có quầy dimsum ai ăn thì lại kêu ng hấp. Đi giờ trưa nên cũng không đông lắm. Nước lẩu tomyum nên làm đậm hơn tí, nước chấm lạ miệng. Có quầy tráng miệng chè và kem, kem ngon. Nói chung là ok về giá cũng như chất lượng",29
21,Foodee_9eyeyk2s,24/6/2022 11:57,10,"Mình đã có trải nghiệm tuyệt vời tại nhà hàng. Quán đẹp, sạch sẽ, nhân viên nhiệt tình 

Quan trọng là hương vị rất ngon. Mình đã thử nước lẩu Cà ri và Xie Xie đặc biệt. Lần sau sẽ thử hương vị khác

Một lần nữa cảm ơn nhà hàng. Mong cơ sở bạn vẫn giữ được chất lượng dịch vụ như vậy và sẽ thành công hơn nữa",29
22,Foodee_Mwp6qdr2,24/6/2022 11:49,10,"Quán đẹp, vị trí tốt, thức ăn ngon, chủ là một đầu bếp trứ danh từ Thượng Hải về",29
23,Foodee_Mwp6qdr2,24/6/2022 11:47,10,"Không gian đẹp cho gia đình, đồ ăn ngon, nhân viên nhiệt tình. Sẽ quay lại khi có dịp đi ngang qua đây",29
24,Foodee_Mwp6qdr2,24/6/2022 11:45,10,"- Nhân viên phục vụ và nv giữ xe rất nhiệt tình.
- Không gian quán không lớn lắm nhưng thoáng mát. Bạn nào ko thích ngồi gắp trên băng chuyền thì có thể lên lầu ngồi bàn gọi món.
- Hải sản( mực, bạch tuột, tôm) tươi, dimsum, xíu mại ngon
- Có quầy chè, kem tráng miệng
- Vé buffe đã bao gồm nước ngọt uống thoải mái, free refill
Hoàn toàn hài lòng, chúc nhà hàng đông khách !",29
25,Foodee_Atgip47q,23/6/2022 17:01,10,"Mình mới cùng gia đình đến đây, thật sự là quá tuyệt vời không gian nhà hàng ấm áp trang trí đẹp, sạch sẽ, nước lẩu có nhiều sự lựa chọn, hải sản tươi, nhiều món ăn kèm. Mình sẽ cùng gia đình và dẫn bạn bè đến đây thêm lần nữa
Thật sự tuyệt vời",29
26,Foodee_70tk6cv1,23/6/2022 16:56,10,"Nhà hàng thật sự tuyệt vời, không khí ấm cúng, thức ăn ngon, dimsum nhức nách, phục vụ tận tình chu đáo. Hoàn toàn hài lòng, chúc nhà hàng đông khách !",29
27,Linh Tống,23/6/2022 16:51,10,"Quán rất ấm cúng, nằm ngay góc đường Lê Văn Huân và Cộng Hòa, không gian rộng rãi thoáng đãng. Nhân viên phục vụ tận tình, dễ thương và nhiệt tình. Món ăn ngon, rất vừa miệng, giá cả phải chăng. Đặc biệt quán có món dimsum ăn rất ngon nhé",29
28,Hidoanhquch,18/6/2022 15:56,10,"Ẩm thực buffet không gian thoáng đãng yên tĩnh, phục vụ lẩu và các món dimsum kiểu Trung Hoa. Quán khá lý tưởng cho họp mặt bạn bè, gặp gỡ đối tác. Có 2 tầng tầng trệt thì theo kiểu lẩu băng chuyền cũng khá vui khi món ăn di chuyển cho mình tự chọn. Tầng trên thì không gian chill nhẹ nhàng hơn và phục vụ cũng khá với đầy đủ các món topping kèm lẩu độ đa dạng ko kém tầng trệt là bao. 
Nhân viên phục vụ tận tình, dễ thương và nhiệt tình. Món ăn ngon, rất vừa miệng, giá cả phải chăng, dimsum ăn rất ngon nhé. Hoàn toàn hài lòng, chúc nhà hàng đông khách ! Sẽ tiếp tục đến ủng hộ quán thời gian tới ❤️",29
29,Vinci,3/2/2021 19:51,8.4,"Mình order phần 12 viên hấp, xíu mại tôm thịt, bánh bao kim sa, xôi lá sen và chả ốc. Trừ xíu mại tôm thịt và 1 loại há cảo nào đó bị bở ra thì còn lại đều ngon và chất lượng như nhà hàng. Rất thích xôi lá sen nhưng viên xôi bé quá. Ko biết do sức ăn mình mạnh hay sao mà 2 đứa ăn ko đủ no hic.",30
30,Nhật Mi,31/12/2020 12:14,10,"NÊN ĐẶT Ở ĐÂY KHI ĐÓI. 
Tối đói quá không biết nên ăn gì thì lên Now tìm được quán Hoàng Gia Dimsum.
Một phần 25-30k nhưng nhân Xíu Mại Tôm Thịt thì đầy luôn, Bánh Xếp Hải Sản thì có hải sản đầy đủ đâu ra đó so với mấy quán lề đường thì ở đây sạch sẽ chất lượng nhiều. Bánh bao kimsa Thơm béo ngậy. 
Đã đặt 2-3l nhưng ít ng review cho quán quá!! Hi vọng nhiều người ăn thử.",30
31,Loan Nguyễn,16/10/2020 21:09,8.6,"Thấy chưa ai review nên lúc order cũng hơi lo, sợ chỗ lạ không ngon, nhưng mà thấy grab đang khuyến mãi nên đặt thử, 167k giảm còn 117k gồm cả ship
Mình đặt 6 món, một món tầm 3,4 viên
Nước tương ngon, giống các quán dimsum mình hay ăn, bánh cuốn lúc ăn thì bị dính hết vào nhau, hơi tiếc
Các món còn lại đều ngon, hợp khẩu vị của mình, sợ không no nên đặt hơi nhiều, ai dè no ná thở 
Giá quá rẻ, sẽ quay lại lần nữa.",30
32,Tiên,16/11/2023 11:26,10,Mềm thơm,32
33,Quyết Vũ,8/5/2022 22:14,1.0,Đồ ăn nhạt toẹt,32
34,Hoàng Lâm,19/5/2021 16:51,1.0,"Đặt ăn theo nhóm trên cty, quán không chịu tách ra theo phần như trên menu mà gom lại không thể phân biệt loại tôm và loại thường. Shipper gọi nói quán đòi thêm 2k 1 hộp nếu muốn chia. Người ăn loại thường người ăn há cảo tôm không thể nào phân biệt được. Đặt 8 người, ăn tại công ty mà giao 3 hộp thì ăn bằng cách nào ?
Đã đặt 2 3 lần và lần nao cũng như vậy !!!",32
35,Dat Tran,14/5/2021 16:38,1.0,"Cả nhóm đặt nhiều món, xin bỏ hôp riêng cho từng người thì đòi thêm tiền, mặc dù nhóm đặt rất nhiều món ( 10 phần).",32
36,Phúc Hoàng,14/5/2021 16:36,1.0,Xin bỏ hộp riêng thì đòi thêm tiền,32
37,Nguyễn Ngọc Thiện,17/12/2020 15:44,7.0,"Lại là 1 quán trong Lễ Hội ẩm thực Coca-Cola ""Deal diệu kỳ - Tiệc vui hết ý"" đây nhưng lần này là ăn dặm buổi trưa .

Đang làm thì bụng kêu rột rột muốn ăn dặm nên vào now chọn ngay lễ hội coca lựa quán gần nhà liền . Đập vào mắt là quán há cảo giá siêu mềm mịn này 10 viên với 1 chai coca chỉ có 27k rẻ quá xá rẻ :v . 
Giá siêu bình dân nên ăn chơi vui miệng thì được không có nhiều gì đọng lại lắm nè nên mọi người đừng khó tính quá nè #NowFoodSaleGiangSinh #ReviewRinhiPhone12ProMax",32
38,Rosie Rosie,30/10/2020 11:20,8.4,"Chiều chiều thèm ăn vặt là hay đặt mấy cục dimsum này về măm lắm nè. Đợt này kết hợp cùng coca nên lên Now đặt vừa rẻ vừa nhiều bao luôn chai coca đã nha. Combo các viên đủ loại ngẫu nhiên, mà loiaj nào thấy cũng ổn hết á. Vỏ không quá dày nữa, ăn vặt thì order thử quán này nhennn

Giá từ 18k-23k/phần thui á",32
39,Ngọc,30/9/2020 22:49,4.8,"Mình đặt tổng hộp 12 viên (nhân theo mình lựa riêng) và hộp 4 viên(nhân gì cũng được). 
Kết quả, giao thiếu 4 viên và cũng ko đúng nhân mình chọn.
Nước chấm lỏng, ko đậm đà. 
Ăn tạm được.",32
40,Sơn Phan,14/9/2020 21:49,2.6,"Ai mà tới quán này mua trực tiếp mang về , tôi dám cá các bạn ói luôn mà chưa kịp nếm thử !!!
Cái nồi bánh canh nguyên liệu .... đặt trên nắp cống , nói các bạn đừng buồn - thua làm cho***ăn ....... 
Tôi khuyên các bạn đừng vì ham rẽ mà ăn . Quả báo nhãn tiền , chủ quán này đạo đức kém vô cùng . Buôn bán đồ ăn mà thất đức như này thì Trời phạt ·",32
41,Mũm Mĩm Mụp,23/2/2020 0:33,6.0,"-Chiều xế đói bụng nên mình lên Now kiếm chỗ ăn chơi
-Quán gần nhà, đang có KM các món há cảo tầm 2k-3k/ viên. Mình chọn combo 10 viên ngẫu nhiên, áp mã giảm giá coi như chỉ trả ship 15k, giá khá hợp lý cho bữa chiều
-Viên nhỏ, được cái nhân cũng khá ổn, chỉ là có vài viên bị bể vỏ. Ngoài ra có vẻ vỏ bánh hơi mỏng, ăn cũng ko ngon lắm
-Rau răm kèm theo khá nhiều, nước chấm pha vừa, hơi lỏng, phải chấm quyện cả viên ăn mới vừa miệng được
-Giá KM thì chấp nhận được
Xem thêm",32
42,Thắng Lâm,3/5/2023 14:29,4.0,"Lớp bột rất bỡ và nát, dimsum, bánh cuốn, bánh xếp vừa gắp đũa lên là bể nát ra hết chưa kịp bỏ chén. Có món Tôm chiên sốt thơm là ăn vừa ý thôi.

Nhà hàng lớn vậy mà không nhận quẹt thẻ rất là bất tiện nên xem lại. Nhân viên phục vụ kém.",34
43,Lynn Nguyen,2/4/2023 1:51,1.8,"Chẳng hiểu bán kiểu gì mà toàn đồ nguội…. Bánh bao vỏ khô nhân kim sa bình thường ăn là hay chảy ra , nay khô cứng 1 cục luôn…. Lại còn hôi dầu Giống như đồ củ , Không bao giờ quay lại",34
44,Halavender,25/2/2023 13:04,2.0,"Mình ăn ở đây chắc cũng N lần. Tuy nhiên từ năm 2022 mình có ghé đây ăn 2 lần . 
Lần 1: cảm giác đồ ăn không ngon, tươi như trước 
Lần 2: ăn vào buổi sáng, món bò kho nước lèo nguội. Qua tới há cảo cũng nguội y vậy. Mình có oder thêm món mì nước tuy nhiên đợi 20 phút vẫn ko thấy đem món lên tính bỏ đi về rồi , nhân viên năn nỉ đơi chút. Tới lúc đem lên thật sự thấy vọng đợi lâu mà nước lèo món mì vẫn nguội ko có 1 chút nóng nào.",34
45,Châu,30/10/2022 17:46,1.0,"Đây là lần thứ 2 ăn lại quán, lần này là do bạn mình lựa quán, cảm giác vẫn dở như cách đây mấy năm mình ghé. Vỏ bánh của dimsum nhão và nát 👎👎👎
Mình ghé buổi trưa CN, quán đông ồn là điều hiển nhiên. Nhưng tiếng ồn nhất không phải từ khách mà là từ nhân viên. Tiếng dọn dẹp, sắp xếp chén dĩa nó ồn suốt 1 buổi ăn. Cảm giác như bị tra tấn lỗ tai vậy, cực kì khó chịu. Còn thái độ nhân viên thì không thân thiện, khách kêu thì cứ lơ lơ, phải gọi to mới có người lại, mà lại nói chuyện với khách thái độ không vui vẻ ạ 😒
Chưa bao giờ đi ăn mà khó chịu như lần này.
Thôi thì 1 từ CHÊ và không bao giờ ghé lại.
Xem thêm",34
46,Thanh Trúc,13/9/2022 18:18,9.2,"Mình ăn ở đây cũng nhiều rồi mà nay mới viết bình luận. Mình thích nhất là món há cảo thuỷ tinh, hủ tiểu xào hải sản, cơm chiên hải sản, lá sách hấp và bánh cuốn xì dầu. Vịt quay ở đây mình thấy rất ngon, vỏ giòn thơm còn thịt bên trong thì mềm. Nói chung chưa lần nào ăn mà mình thấy khó chịu hay bực bội. Nhà hàng rất đông khách nên đôi khi phục vụ chưa được tốt, nếu có sự cố gì xảy ra thì cứ phản ánh, chắc chắn sẽ nhận được lời giải thích, xin lỗi và đền bù. Chắc chắn mình sẽ quay lại dài dài hihi!! 
Ăn nhiều lần nhưng ít chụp hình nên chỉ có nhiêu đây thuii",34
47,Nguyen Ly,4/9/2022 1:43,4.2,"Đồ ăn nguội cực kỳ dỡ , nước dùng của phần hoành thánh cứ như nước ấm lạt nhách chả có tí vị gì không biết có phải do đông cẩu thả quên cho gia vị hay không ! Bo tay",34
48,Haminhhhh ..,1/8/2022 2:38,1.4,"Mình có đọc review về vịt quay nhưng không nghĩ là tệ dến vậy. Đặt vịt nguyên con mà mở hộp ra không cánh , không cổ... được có mấy miếng vịt, nhà hàng làm như mình chưa bao giờ ăn vịt hay m chưa mua cả con bao giờ 😂. Tin tưởng đặt online mà thất vọng quá.",34
49,Tran Vdc,20/6/2022 18:47,1.0,"Nhân viên mất nết, VÔ VĂN HÓA từ giữ xe, order, lên món, tính tiền
- Nhân viên order: Vào chưa kịp ngồi nóng ghế, còn chưa xem hết 2 trang menu, nhân viên lại hối order như chửi vào mặt khách, rồi chỉ chỉ chỏ chỏ bảo chọn rồi quay mặt bỏ đi.
- Nhân viên lên món: lên nước và món ăn, như tạt vào mặt khách.
- Nhân viên tính tiền: tính tiền xong thì có vẻ KHÔNG muốn trả lại tiền thừa, mình ngồi đợi rất lâu, rồi hỏi: tiền thừa của mình đâu bạn? thì nhân viên bảo xuống lễ tân lấy.....
- Nhân viên giữ xe: đứng tụ tập nói chuyện với nhau, mình ra đứng nhòm nhòm tìm xe, không thèm hỏi là khách đi xe nào, rồi mình tự tìm xe và tự dắt xe, xong cũng chẳng thèm tới lấy vé hay hỏi vé, mà mình phải tự lại đưa vé tận tay cho nhân viên
Nói chung TRÁNH nơi này càng xa càng tốt, Viêt Nam có đóng cửa hết tất cả nhà hàng cũng chẳng quay lại quán này ăn!
Xem thêm",34
50,Cream Cheese,14/5/2022 20:01,5.0,Vịt quá dầu! Order 1 con nhưng thực tế chỉ có vài lát!!! Quá tệ...,34
51,Ngo Hoo,10/5/2022 21:30,5.0,"Dimsum vị mình thường , đa số mình thấy chổ nào bán dimsum vị củng na ná nhau , khó mà so sánh được , nhưng mà đồ ở đây bị nguội quá nên mất ngon.... phục vụ thì tệ hại.... không muốn quay lại!",34
52,Lananhnguyn2079,5/11/2023 14:51,1.0,"Nhà hàng kém. Khách hàng mất đồ, quản lý kêu không biết và nói nhân viên không biết nên vứt đồ của khách và không 1 lời xin lỗi. Các bạn không nên ghé, đồ ăn bth, thái độ quá kém",36
53,Lâm Đoàn,12/2/2023 11:38,2.6,"Đồ ăn các món có thể nói tương đối ổn
Tuy nhiên phục vụ có kém. Mình đi 6 người quán có xếp một bàn tròn khu vực chung, nhưng vì ồn quá. 

Mình đề nghị chuyển vào khu vực bàn tròn khu vực riêng. Bàn này nếu đi dưới 8 người thì phụ thu 200k, quán có nói rõ vậy. Mình hoàn toàn ok.
Tuy nhiên trong thời gian mình ăn thì nhân viên có thái độ kì quặc với nhóm mình, ngoài ra về nghiệp vụ phục vụ cực kì có vấn đề.",36
54,Anna Truong,28/2/2026 2:39,5.0,f,37
55,Anna Truong,22/2/2026 11:37,5.0,T,37
56,Tiramisu Cake,12/2/2026 21:00,5.0,g,37
57,Tiramisu Cake,10/9/2025 14:49,5.0,H,37
58,Tiramisu Cake,14/6/2025 0:00,5.0,V,37
59,Trâm Ng Thị,24/6/2024 14:36,6.0,Vv,37
60,Le Thao Thuy,28/1/2024 16:02,5.0,Ngon,37
61,Quyen Le,20/12/2023 21:21,5.0,Ngon,37
62,Quyen Le,20/12/2023 20:14,5.0,Ngon waaa,37
63,Nguyên Thảo,5/12/2023 10:09,10,Chỗ ngon như z mà h mới biết lun,37
64,Foodee_779046fg,13/3/2022 1:03,2.0,"Lần đầu tiên đi ăn 1 quán mắc mà dở tệ từ mọi thứ:
Mình od cho 2 ng ăn hết 641,5k luôn. mà trời ơi, kêu lẩu mấy bạn phục vụ cho nồi nước lẩu lên xong ngồi đợi cả thế kỷ đến mức nước lẩu nó bốc hơi mặn chát luôn ms mang ra cho vài món không đủ những món od. Xong ăn vài miếng hết lại ngồi đợi dài cổ ra mặc dù kêu đồ cho sống cho dô lẩu đó. Cái món kê gà nó không tươi mà hơi mùi kinh dị. Cái bàn bên cạnh đến sau bao lâu mà mấy bạn còn phục vụ trước chứ. 
thấy bức xúc dễ sợ vì 1 bữa ăn mắc và đồ ăn dở tệ, chất lượng phục vụ cùi bắp!!!",40
65,Minh Tuệ Trần,6/8/2023 20:10,2.4,"Quán phục vụ quá tệ. Mình ghé chi nhánh Nguyễn Thị Xuân, vào trước hết, order trước hết cuối cùng chờ gần 1 tiếng không lên món. Những bàn vào sau thì có full món trước hết. Đã nhắc nhở nhưng vẫn miss bill, vẫn mang món bàn khác lên trước. Quá thất vọng với quán",45
66,Linhlinh0112,17/5/2022 20:09,6.2,"Trước giờ mình hay ăn baoz dimsum bên quận 5
Nay thấy ở đây được review trên tiktok giá cả ok rẻ hơn nên ghé thử
Nhưng theo cá nhân thì không như mong đợi
2 đứa gọi 6 món hết 489k
- rau ngồng xào cũng ok, nhưng hơi nhìu dầu ăn nhanh ngấy
- bánh cuốn tôm hơi nhạt, được cái tôm tươi chấp nhận
-Há cảo thì bình thường
- bào ngư gì đó không có gì đặc sắc lắm
- được món vịt da giòn, nước sốt cũng ok
Ăn thử cho biết, không có ý định quay lại
Xem thêm",45
67,Gia Hinh,31/3/2022 12:21,7.4,"Miến tôm ngon chỉ có thể gọi cay hoặc cay ít. Mà ai k ăn dc cay thì cay ít vẫn thấy cay 
Bánh cuốn hơi nhạt
Bánh bao kim sa nhân k dc mịn hơi bột
Chân gà vừa ăn sốt đậm đà
Các loại dimsum ngon ăn khá ok",45
68,T4_ Eattheworld,29/4/2021 20:51,6.8,"Đồ ăn ok nhưng miến xào hơi nhiều dầu nhaaa 👍🏻
Nhân viên mặt hơi căng nhưng cũng nhiệt tình nè 😆
Không gian nhỏ, hình như có trên lầu nữa nhaa .
@t4_eattheworld",45
69,Yin Le,7/3/2021 13:48,7.0,"Mình ăn vào dịp Valentine. Công nhận là quán đông khách, lượt khách này vừa ra là có lượt khách khác vào. Không gian khá nhỏ và hơi tối . Những món mình gọi toàn là những món được khen nhiều : mai cua phô mai, miến tôm tay cầm, bánh cuốn tôm, há cảo sò điệp, chân gà tàu xì... 
_Món mai cua phô mai ngoài vị béo đến ngán của phô mai ra, mình không cảm nhận được nhiều cua và sò điệp như các bài review.
 _Càng cua bách hoa ăn ổn hơn, nhưng mình thấy hợp với tương ớt hơn nước mắm.
_ Mình có gọi thử xíu mại bào ngư hồng xíu 79k, nhưng thật sự bào ngư ăn dai dai như ốc giác, không thấy gì đặc biệt luôn 😭. 
_Bánh cuốn tôm thì khá nhạt dù có sốt , tôm giống kiểu đông lạnh ăn sựt sựt 
_ Há cảo sò điệp rất vừa phải , nhưng mình thấy nước tương và sa tế bị nhạt quá. 
_ Chân gà tàu xì mềm, thấm sốt chồng mình khen ngon
* Món thấy ngon nhất là miến tôm ăn rất vừa miệng, không bị dầu mơ~
Tổng thiệt hại là 572k .
Xem thêm",45
70,Khanh Khanh,17/2/2021 10:26,7.4,"tình cờ chạy ngang nên ghé ăn thử, khá bất ngờ vì dimsum ở đây chất lượng mà giá cả so với mặt bằng chung là hợp lí nếu không muốn nói là rẻ 
điểm trừ là lên món hơi lâu đợi gần 20p mới lên món đầu tiên
đặc biệt ở đây có món mai cua phô mai ăn rất là mlem mlem, phô mai ngập ngụa kèm nhân thịt cua, sò điệp, và gạch cua, ko nên bỏ qua món này nha mọi người
mình gọi 4 món há cảo, 1 banh cuon tom, 1 xoi ga hap la sen, 1 cái mai cua phô mai, 2 ly trà, tổng bill hết 400k hơn cho 2 người",45
71,Thuý Hạnh,31/10/2023 14:22,5.0,Tìm kiếm : Nha Trang Dimsum House nên tới thử,47
72,Si_Bong,29/10/2023 15:37,8.8,( Tính đồ của dimsum thì nên tới thử. ),47
73,Foodee_Fug8ude9,17/6/2023 10:11,5.0,Món nào cũng ngon,48
74,Anh Chau Tu,15/6/2023 13:31,1.0,"Mình kêu 2 ly trà đá và 3 món
Chờ món lâu nên có tgian ngó qua các bàn khác, thấy ai kêu món xong cũng được bưng nước ra trước, ko lẽ kêu trà đá nên bị khinh ko thèm bưng ra????
Lúc tính tiền, tổng bill 211k. Mình đưa 512k thì nhận lại được tiền thối 201k, mình kêu: “Em ơi hình như thối thiếu” thì bạn nhân viên lấy lại 200k. Khúc này là khó hiểu rồi, tại sao ko đưa thêm 100k mà lấy về 200k? Sau đó mình chờ rất lâu vẫn ko thấy tiền thối nên đến quầy thì bạn nv bảo: “Em tưởng em thối dư” rồi còn đòi check cam các thứ như kiểu mình là người ăn vạ vậy? Suy nghĩ quá logic: đưa nhiêu mà các em thối 201k? Ko lẽ đưa 412k? Có nhầm thì cũng nhầm tờ 100k với 500k thôi chứ? Vậy sao ko đòi thêm tụi mình 100k? 
Điều cuối cùng là ko biết xin lỗi mà còn thối tiền trong thái độ chưa bằng lòng? Quá tệ, cảm ơn vì trải nghiệm đầy bài học quý báu!
Xem thêm",48
75,Kim Thanh Lữ,30/12/2022 19:13,1.0,"Rất ghét thái độ nhân viên ở đây. 

Nhân viên lên nhầm món, còn chửi ‘MÁ’ và liếc khách hàng. Chả hiểu làm việc kiểu gì",48
76,Foodee_E9f7cbdf,13/6/2022 20:40,3.8,"Lần đầu mình ăn, mình phải đợi bàn 10 phút nhưng bù lại thức ăn ra nhanh. Lần thứ hai, mình không cần đợi bàn nhưng bù lại chỉ cần đợi 45 phút để có 2 dĩa mì xào. Phổ biến nhất, khách ăn ở đây phải đợi bàn và đợi rất lâu để có đồ ăn.
Vị trí quán tương đối thuận lợi, rất dễ kiếm, đường không nỗi kẹt xe. Có thể do ngày hôm đó xui, nhưng lúc mình ăn một phần không ít các món ăn và món nước lại không có. Đồ ăn có gọi ra thì cũng tạm được, thật sự không có gì ấn tượng, giá chát và những điều ấy cũng được áp dụng cho thậm chí món mai cua phô mai ở đây.
Về nhân viên, mình không có ý kiến bởi vì họ cũng là người làm lương như mọi người, và mình nghĩ rằng nhiều hạn chế của quán nằm ngoài tầm kiểm soát của họ. Nhưng nếu thức ăn - thứ làm nên một quán ăn - có chất lượng và thời gian phục vụ không bằng các tiệm bình dân, thì những thứ khác cũng không làm ảnh hưởng nhận xét mình cho lắm. 
Nói ngắn gọn, lần đầu mình rất ấn tượng về sự đa dạng trong những món ăn và không gian của quán, nhưng chỉ mỗi lần hai mình không còn thấy lí do nào để quay trở lại thêm một lần nữa...
Xem thêm",48
77,Luker_Luke Luke,16/5/2022 17:18,1.2,"Quán nằm trong hẻm mà bán giá như nhà hàng Q1, nhân viên thì chậm chạp mà tính tiền thì rất nhanh. Kêu món mì xào hải sản mà làm cay, bỏ cả đống ớt như món Thái. Ăn xong lấy xe còn bị đòi thêm 5k. Nản quá nản.",48
78,Constance Đoàn,2/1/2022 0:24,5.0,"Hua Wu Lou - 📌🎯 27C Bàn Cờ phường 3 quận 3
.
📌 Quán này 1 đợt nổi lắm, nỏi cái món Mai Cua Phô Mai mà mình ăn xong thấy dở đây. Phô mai bỏ lò bị chai, cứng, bên trong nhân bị mặn, ăn chán thiệt sự luôn
.
📌 Quán làm món khá lâu nên chịu khó đợi nhen. Menu có khá nhiều món, mấy món dimsum dao động từ 40k ~ 55k, mấy món cơm mì trên dưới 150k. Mà qua đây ăn thử dimsum chứ mấy món kia đi qua hàng khác ăn cho an toàn, có chỗ còn rẻ hơn
.
📌 Mới dô chê cái Mai Cua roài hen, chê hết các món thì cũng không phải. Dimsum của quán sau khi ăn thử vài món thì có món ăn được và món dở ẹc. Như món Bánh Cuốn Xá Xíu là dở nè, xá xíu ướp ngọt ngay, vỏ bánh dày, có mùi hơi hăng. Nước sâm lạt nhách, nhạt nhẽo. Trừ mấy món mình chê thì còn lại ăn được: như là Há Cảo Tôm, Tàu Hũ Ky Tôm ăn ngon, vỏ giòn, nhân hơi ít, Tàu Hũ Ky Sốt Dầu Hào ăn khá đậm đà. Đấy, nửa ngon nửa dở, khen chê có cả
.
📌 Dù có mấy món ăn khá okie nhưng khả năng quay lại quán siêu thấp. Làm món thì lâu mà tính tiền thì nhanh, anh em yên tâm
--------
Follow hagstag #constancereportfood để đi ăn cùng Constance nhé
🐷🐷🐷
Instagram: @constance.reportfood
Facebook: Eat with Constance.D
--------
#Constancefooddiary #constancefood #foodreview #foodaholic #foodholicvn #riviu #thanhriviu #saigon #saigonese #constanceinquan3 #huawulou #banco #ansapsaigon #dimsum #hacao #hacaotom #tauhuky #monhoa #chinesefood
Xem thêm",48
79,Minh Nguyet Luu,24/8/2021 20:06,7.8,"Quán dễ tìm. Này là mình đi từ năm ngoái rồi giờ dịch ở nhà review huhu. Có món mai cua phô mai này ăn ok phết. Nhưng mình thích nhất cái tàu hũ chiên có nhân bên trong á, cơm cũng ngon nè. Há cảo cũng ok.👍🏻 Nhưng bé nhân viên nhìn hơi ko cảm xúc 😂",48
80,B Mai Luu,5/5/2021 22:06,6.6,"Chỗ này nổi món mai cua đút lò nhưng mình ăn k ấn tượng, bạn mình bảo ăn ok.
Đậu hũ Tứ Xuyên ăn được, k bằng San Fu Lou.
Nói chung các món khá bình thường. Còn phải tốn tiền gửi xe nữa chứ😂",48
81,Hoàng Thảo,18/3/2021 22:07,6.4,"Dimsum vị bình thường, ko có gì khác với mấy chỗ khác. Nhưng được cái mai cua ăn khá ngon.",48
82,Nhi Trần,2/3/2021 11:13,1.0,"Chuyện là có chi nhánh ngay bàn cờ nên mình ăn thử, cứ nghĩ là ngon nên order 4-5 món hết 174k, thề là dở***ra vừa tanh vừa dở, may mà chủ quán người hoa tui cũng người hoa là tui ăn không nổi, thêm cái là thái độ nhân viên kiểu không cần khách, order mà nv ghi chép kiểu không cần nhìn thấy ghét*** may mà đồ ăn dở ngon chắc chết người, nhờ thái độ nhân viên mà vắng dần r đấy, ăn lần này cũng là lần cuối chưa từng ăn món há cảo nào vừa dở vừa tanh",48
83,Trần Anh Thư,8/9/2023 22:21,4.2,"Đặt 174 nghìn đủ loại giao đến chỉ 2 loại , hết đồ ăn không nói với khách",53
84,B Mai Luu,27/11/2021 18:44,7.6,"Mua khuyến mãi mà ăn cũng ngon á. Nhân đầy đặn.
Nước chấm cho nhiều.",53
85,Bơ,25/6/2021 10:41,1.8,:) đặt 15 viên há cảo giao tới nhiêu đây. Với nửa viên như này đây. Ăn rồi nhả vô đây lại hả trời. Làm ăn sao không có uy tín r ai dám đặt nữa. Nếu lỡ hết thì báo ng ta đổi cái khác taii sao lại giao cục như thế này ?,53
86,Trí Phạm,7/1/2021 11:31,4.0,"Đặt nhiều lần, lần nào cũng giao thiếu, ít thì 2-3v. Hôm nay đặt thiếu tới 5v, làm ăn chán quá
đặt 67v mà giao 62v, ăn chặn của khách hết 15k",53
87,Bổi,10/12/2020 16:37,9.8,"Lâu rồi mới quay lại order dimsum ở đây, hương vị vẫn ngon như xưa. Ba loại há cảo mình thích nhất là há cảo tôm, há cảo hẹ & xíu mại :)) 10 viên ăn cũng còn hơi thèm thèm, chắc ngày mai order nữa.
Quán có code freeship cho đơn hàng giá trị nhỏ nên rất yên tâm để ăn mỗi ngày :D 
Về dịch vụ thì mình ăn ở đây chưa gặp tình trạng thiếu món sai món bao giờ nên cũng không có phàn nàn gì.
Về giá thì quá good rồi.

#dimsumhomemade #hnag #nowfood #foodlover
Xem thêm",53
88,Thành,4/12/2020 16:28,1.0,"Về món ăn: Há cảo rất đặc biệt - vì 3 màu 1 vị không khác gì nhau, giúp người ăn cảm nhận được sự giống nhau dù đặt bất kì loại nào 

Về cách phục vụ: dù chưa đến đây ăn nhưng chắc chắn 1 điều cách phục vụ siêu siêu tệ:
 1. Đặt giao ở đây 2-3 lần mà lúc nào cũng thiếu, không phải thiếu 1,2, hay 3 viên nữa mà thiếu ít nhất là 6-7 viên :) 1 phần combo rồi còn gì, cố tình hay vô tình thiếu thì không biết nhưng bên dưới thấy cũng rất nhiều người bị tình trạng thiếu đồ ăn như mình thì chắc cũng đủ hiểu thế nào rồi nhỉ :) 
 2. Đã dặn cho hộp riêng vì là nhiều người ăn riêng mỗi phần chứ phải 1-2 người ăn đâu. vậy mà đặt phần 12 VIÊN - NOTE CHO THÊM HỘP RIÊNG IN HOA RỒI > vẫn không để được cái hộp riêng ??? Ủa 1 cái hộp đắt lắm không vậy cần thì mình ship bạn 10-20 cái hộp qua để cho bạn đỡ mất công tốn hộp nha, còn sợ tốn tiền hộp quá thì bán luôn 1-3k 1 cái hộp tôi cũng chấp nhận mua chứ mắc gì đặt nhiều như vậy để chung hết vô mỗi 2 hộp rồi thiếu một đống vậy.
 > Làm ăn thì làm ơn làm ăn đàng hoàng để còn làm ăn lâu dài, khách hàng mua bỏ tiền ra đàng hoàng chứ đâu phải đi xin hay bố thí gì đâu mà sao 1 cái hộp đã IN HOA TRONG GHI CHÚ mà cũng không bao giờ chịu đọc vậy ? Thôi nói nói vậy thôi, chứ cũng hi vọng chủ quán có thể làm ăn khấm khá, ăn nên làm ra cho có đủ tiền mua sách tập đếm để học tập lại cho đàng hoàng rồi bán tiếp nhé
Xem thêm",53
89,Kail Sama,4/12/2020 16:27,4.2,"Rất bức xúc vì đặt ở đây rất nhiều lần rồi nhưng lần nào đặt cũng giao thiếu. Nhóm đặt trên dưới 10 phần mà toàn là để chung hộp với nhau, ai ăn tự nấy chia. Ok để chung cũng không vấn đề gì, cái quan trọng là thiếu phần, thiếu tới 6 7 viên. 1 viên không đáng bao nhiêu nhưng lần nào cũng thiếu với số lượng không ít thì rất ức chế. Làm ơn nếu có để chung hộp thì quán đếm cho đủ viên giùm! Thiếu lần 1 lần 2 chẳng bức xúc viết đánh giá vậy đâu, thiếu lần thứ N mũ M rồi ạ. Quán đếm đủ viên rồi hãy giao, cảm ơn rất nhiều!",53
90,Yunjoong,4/12/2020 16:24,2.8,"ĐỪNG BAO GIỜ ĐẶT QUÁ 5 VIÊN HÁ CẢO TẠI ĐÂY
1. Quán có vấn đề về đọc và hiểu tiếng Việt khi đặt hộp phần 12v đã dặn xin để riêng vì mỗi phần ăn của mỗi ng khác nhau tránh nhầm mà cũng k biết để, 12v k đáng bỏ hộp riêng à
2. Chưa bao giờ giao đủ và đúng số viên cả, 1-2 ng ăn chắc không đếm nhưng ở đây nhiều ng ăn đếm là chắn chắn auto thiếu, không biết quán là vô ý hay cố tính nhưng đã đặt 2-3 lần ở đây chưa bao giờ giao đủ thiếu 1 lần cũng k phải 1 2 viên thiếu 6-7 viên
 1v không đáng nhiêu tiền cả, cái hộp cũng thế bán luôn 2-3 1 hộp cũng mua chứ làm đéo gì ki bo đến nỗi đặt gần 30 40v mà cho k nổi đc thêm cái hộp ? trong khi đã ghi chú in hoa rồi?? 
 Bán thì làm ơn có tâm dùm xíu, tập đếm đc rồi thì hẳn bán nếu không biết đếm thì làm ơn chuyển nghề khác bán dùm. Vài viên sủi cảo cũng k đáng bao nhiêu, nhưng cũng đủ đánh giá được chủ quán ntn r ;)
Xem thêm",53
91,Rosie Rosie,30/10/2020 11:18,8.0,"Chiều chiều thèm ăn vặt là hay đặt mấy cục dimsum này về măm lắm nè. Đợt này kết hợp cùng coca nên lên Now đặt vừa rẻ vừa nhiều bao luôn chai coca đã nha. Combo các viên đủ loại ngẫu nhiên, mà loiaj nào thấy cũng ổn hết á. Vỏ không quá dày nữa, ăn vặt thì order thử quán này nhennn

Giá từ 18k-23k/phần thui á",53
92,Nguyễn Thuý Bắc,14/10/2020 22:30,8.2,"mình đặt tổng 22 viên hết 62k, vì quá lười chọn vị nên mình chọn combo gì cũng được hết cho lẹ.
các vị ăn đều giống nhau khác màu thôi, 1 người ăn 11 cục mệt mỏi luôn á.
tiệm nêm vừa miệng, nhân ăn giống chả tôm chả cá viên á, kiểu nhân vị tôm vị cua vị thịt thôi chứ ko phải thịt thật đâu :v tiệm cho nước chấm rau răm đầy đủ đóng hộp sạch sẽ. với giá 3k 1 cục khá to như vậy thì không thể đòi hỏi nhiều như những loại 100k 4 cục được. các bạn đòi ăn tôm thật cua thật cho 1 cục ú nu với giá 3k oát đờ heo?",53
93,Linhbt27121985,"16/07/2025 08:01:07,",2.4,"Mọi người đi ăn quán này chú ý khi ngồi vào bàn thì nhìn xem có chén dĩa hay ly gì của khách trước ăn còn để lại ko nha, vì mình ko để ý cái này nên có 4 dĩa há cảo của khách trước ăn để lại (cố tình xếp chồng lên và xếp gọn vào chỗ để muỗng đũa, chén nước chấm) - đây là lỗi của người dọn bàn ko kĩ hay do quán cố tình giăng bẫy để lấy thêm tiền của khách thì mình ko rõ nhưng bắt mình trả tiền cho phần đó thì mình quá là khó chịu và bất bình, mình có yêu cầu ông chủ trích xuất camera nhưng quán lãng tránh mà cứ 1 mực khẳng định mình có ăn và phải trả tiền, mình truy hỏi từng nhân viên từng khâu order đến bưng mâm ra thì tất cả nhân viên (6 người) đều ậm ừ đùn đẩy trách nhiệm trong khi quán ko có đông khách (lúc mình vô có 2 bàn 3 khách đang ăn thôi, mình là bàn thứ 3) mà ko ai nhớ được khách mình đã ăn những món gì thì cũng thật khó hiểu. Mình tính kêu***xuống rồi thì có 1 cô đầu bạc mới chịu ra tính tiền (ko tính 4 dĩa đó nữa) kêu là tính cho xong đi nói hoài nhức đầu quá ☹️!? TIỆM LÂU ĐỜI MÀ BÁN HÀNG NHƯ VẬY???
...Xem thêm",58
94,Trần Anh Tú,"27/02/2022 08:36:41,",3.0,"Dat 3 phan:
- Hu tieu***thi giao Hu tieu xa xiu
- Mi hoanh thanh thi giao Mi ga
- Mi thap cam thi giao Mi xa xiu 
Dat hang ma giao sai vay mot ai dam an ?
...Xem thêm",58
95,Nim Chau,"10/03/2021 12:13:47,",1.0,"Mẹ mình ngày đầu ăn sủi cảo tôm ở đây tối về sốt nằm liệt giường, uống thuốc hôm sau khỏe.
Sau đó 1 hôm vì nghĩ rằng do ăn cái khác nên lại ghé ăn hủ tiếu cá và tối hôm đó lại sốt liệt giường trở lại, toàn thân bùn rủn mệt mỏi. Hỏi thì mẹ bảo khi ăn thấy vị nước lạ và chua hơn bình thường nhưng tuần trước cũng ăn nên nghĩ không sao. Từ giờ không ăn ở đây nữa, chẳng biết khi nào chết.
...Xem thêm",58
96,Thien Loc,"17/09/2020 19:15:40,",6.2,"Nổi hứng buổi sáng đi ăn tiệm nên chọn quán ăn có tuổi đời hơi lâu này, sau đây là review:
- Khi vào quán sẽ có 1 chú mang ra nguyên một mâm đủ thứ chén đĩa dimsum, muốn ăn cái nào thì lấy, mình mang tâm trạng ăn thử cho biết nên lấy 1 dĩa 4 viên xíu mại, 1 dĩa có 2 há cảo, 2 xíu mại, 1 chén xíu mại nước. Xíu mại khô thì khá ngon, vừa miệng nè nhưng há cảo thì lớp bột bên ngoài có vẻ hơi dai tí, vị y chang xíu mại khô thôi. Xíu mại nước phải nói là rất tuyệt, mọi người nên chọn cái này, ăn mà xuýt xoa hihi. Điểm trừ là khi mang ra trên mâm thì mình thấy chén dĩa còn ấm mà ăn thì hơi nguội.
- Mình gọi thêm 1 mì xá xíu và 1 hủ tíu xá xíu. Vị bình thường, không xuất sắc cũng không phải là tệ.
- Giá cả: 2 tô mì và hủ tíu tốn 110k (mỗi tô 55k). Mỗi dĩa dimsum 40k, chén xíu mại nước 1 viên 20k. Hơi chát nên mình không lấy nhiều, vì 20k mình cũng có thể mua nhiều hơn thế ở mấy quán dimsum rong ngoài đường. Tổng thiệt hại: 214k (thêm 1 khăn và trà đá).
- Không gian quán hơi cũ kỹ, nếu đi trễ chắc sẽ nóng nực. Nếu bạn tìm 1 quán có không gian sang chảnh thì chắc đây ko phải địa điểm lý tưởng rồi
- Gởi xe mình thấy review 5k cũng chuẩn bị tinh thần rồi nhưng đến thì bạn sẽ thấy quán có dán gởi xe miễn phí (chắc tại bị phản đối nhiều?).
Ăn cho biết 1 lần chắc sẽ không quay lại đâu
...Xem thêm",58
97,Huỳnh Yến Oanh,"18/02/2020 23:56:14,",5.8,"𝐓𝐀̂𝐍 𝐒𝐀𝐍𝐇 𝐇𝐎𝐀̣𝐓 - 𝐃𝐢𝐦𝐬𝐮𝐦 𝐥𝐚̂𝐮 đ𝐨̛̀𝐢 𝐠𝐢𝐮̛̃𝐚 𝐥𝐨̀𝐧𝐠 𝐐𝟑
⏰ Mở cửa: 5:00 - 22:00
🕹 322*** Q.3 (đối diện áo cưới Linh Nga) 
Có gì ở tiệm dimsum lâu đời luôn tấp nập khách ra vào bất kể khung giờ nào nhỉ? 
•••••••••
𝐌𝐨́𝐧 𝐚̆𝐧
Mọi thứ từ không gian, cách phục vụ, lẫn món ăn đều đúng kiểu người Hoa không lẫn đi đâu được. 
DIMSUM
Dimsum sẽ được bưng ra một mâm khoảng 6,7 chén nhỏ, khách ăn cái nào thì chọn để lên bàn tính tiền cái đó. Mỗi chén vậy đồng giá 40k. 
Mình thấy những món như sủi cảo, há cảo, vv... nhân bên trong vị i xì nhau, ngon thì có ngon nhưng vị bột ngọt hơi nhiều, ăn đến miếng thứ 2 là ngán. Chân gà tàu xì nhiều người khen nhưng không hợp khẩu vị mình lắm, cứ nhớt nhớt nhàn nhạt sao ấy 🤒
À, mình thích bánh quẩy ở đây nhất, không biết có phải tự làm không nhưng ăn không bị hôi dầu như những chỗ khác.

MÌ SƯỜN
Nếu mình có quay lại đây thì chắc vì món mì ở đây đúng y xì vị tô mì Hoa ngày xưa mình được ăn. Sợi mì dai vừa phải, nước lèo đậm đà, sườn mềm, dễ ăn. 

Ở đây có trà bông cúc, cà phê vợt pha tại chỗ luôn nè, trà khá thơm í.
•••••••••••
𝐆𝐢𝐚́ 𝐫𝐨̂̉
Giá hơi cao so với những quán cùng chất lượng. Mình đi 2 người, gọi những món trong hình total hết 300k á. 

Thêm 1 chuyện khiến mình (và chắc hơi nhiều khách khác) cảm thấy không vui là xe để ngay trước quán chứ ko phải gửi đâu xa xôi, vì lề đường khá rộng, không ai đưa thẻ hay gì, ra vào gì cũng tự dắt mà lúc lấy xe bị thu 5k. Thật ra 5k không đáng bao nhiêu, bình thường đi ăn mình vẫn hay gửi thêm mấy chú bảo vệ/giữ xe tiền mình thấy happy lắm. Nhưng với mức giá cao, lại thêm chuyện xe để ngay trước quán mà thu tiền khách vậy hơi dở.
••••••••••••
𝐊𝐡𝐨̂𝐧𝐠 𝐠𝐢𝐚𝐧
Quán lâu đời nên khá cũ, nhưng đôi khi chính vì cái cũ kĩ lại tạo nên một giá trị khác, bước vào đây sẽ cảm thấy như được quay lại Sài Gòn thời mười mấy năm trước.
Khách ra vào tấp nập nên cứ bàn trống xíu là được filk đầy, nhưng chỗ ngồi vẫn thoải mái, không phải chen chúc nhau đâu nè.
...Xem thêm",58
98,Hằng Nguyễn,"15/12/2019 18:42:04,",7.8,"🌟 Quán điểm tâm Tân Sanh Hoạt có từ mấy chục năm nay ở SG rồi. Quán như ngôi nhà nhỏ ở trên đường NTMK quận 3. 

🌟 Quán nhỏ nhưng lúc nào cũng tấp nập khách ra vô. Có khi phải ngồi ghép bàn. 

🌟 Các món điểm tầm giá từ 40k trở lên, các món mì, hủ tiếu tầm 60-70k. Xíu mại viên nhỏ 20k, viên lớn 40k, bánh bao xá xíu, ***dé 20k.... 

🌟 Xíu mại, há cảo ở đây ăn ok, nhân chắc, nêm nhạt vừa miệng. Món xôi gà ở đây nêm gia vị ổn nhất. Còn các món hủ tiếu mì hay bánh bao xá xíu, sủi cảo theo Ú thì chưa xuất sắc lắm vì nhân bánh bao hơi quá ngọt và mặn. Sủi cảo trụng chưa tới nên ăn còn hơi cứng và dai.

🌟 Bánh quẩy chiên để chấm với cà phê sữa thì bánh quẩy quá nhiều dầu ăn hơi ngán. 

🌟 Quán dimsum lâu năm ở SG, giá hơi cao mà theo Ú ăn thì chất lượng ở mức trung bình thôi ạ. Kèm theo giữ xe máy bị tốn phí 5k nha cả nhà. Phục vụ bàn là các cô, chú có tuổi trong gia đình nên đôi khi có hơi lâu tí.
...Xem thêm",58
99,N Han,"11/09/2019 23:19:40,",8.0,"Mình người Hoa và là 1 Fan lớn của món mì hoành thánh người Hoa, ngày bé tầm 5-7 tuổi mình thường ăn cùng gia đình ở 1 tiệm mì trên đường Huỳnh Mẫn Đạt Q5, mình cực thích nhưng về sau do ba mình cay cú phục vụ nên thôi không được ăn nữa :(, gần 20 năm sau mình mới được lại đúng y hệt cái hương vị nước lèo ấy, độ dai giòn vừa đúng của sợi mì, nhân hoành thánh ăn vào phát nhớ ngay, mấy phần dimsum cũng vậy,... everything is just ... right. Mình xin lỗi nếu bạn nào thấy đắt và không đáng tiền, nhưng với mình, không nói ngon dở, mình vẫn chưa tìm được quán nào vừa ý mình như ở đây. Con về phần phục vụ, vào quán người Hoa đúng gốc mà sạch sẽ ngắn nắp im lặng là ăn mất ngon, hãy xem nó là 1 trải nghiệm. Dimsum ở đây cũng không hẳn là cùng loại với cái loại các bạn ăn ở San Fu Lau, Ocean Palace,... những chỗ đó là gốc Hong Kong, Macau, còn ở TSH nó là hương vị của Người gốc Hoa ngay cả việc để sẵn ở bàn, ăn thì tính tiền, không ăn để đó thôi cũng là 1 điều chỉ có ở những tiệm mì người Hoa cổ thôi, bản chất nó là 2 món 2 phong cách khác nhau, không thể đem so sánh được, thứ duy nhất chung của 2 món là cái tên Dimsum tức là điểm tâm là bữa sáng ấy, mà bữa sáng ăn *beep* gì chả được. Nói tóm lại, không phải ai cũng thấy được cái giá trị/trải nghiệm/chất lượng ở quán, nhưng phải có lý do gì đó mà một quán mì “vừa dơ, vừa cũ, vừa đắt” (theo lời nhiều bạn) vẫn có thể đông khách đến vậy? Điểm trừ lớn nhất của mình là tiền giữ xe 5k, này cay thật, nhưng buổi hôm ấy 2 vợ chồng ăn hết gần 250k (1 tô 2 vắt 1 tô 3 vắt và 3 phần dimsum) và mình cảm thấy đáng, nên dù bị tốn tý gửi xe làm cho mọi chuyện bớt trọn vẹn, 2 vợ chồng vẫn rất hài lòng
...Xem thêm",58
100,Hnhanan,"19/08/2019 22:42:30,",1.0,"Nay mình có đi ghé quán ăn .. ăn cũng tạm ổn mà .. gửi xe 5 ngàn điếm thúi vậy . Quán thiếu tiền vậy sao :)
...Xem thêm",58
101,Minh Châu Lê,"22/07/2019 10:20:16,",1.0,"Quán bình dân mà lại lấy giá như nhà hàng. Dimsum ngụi lạnh, vỏ khô, nhân ăn chán òm. Giữ xe trc quán mà thu 5k. Hình này do mình chụp bằng app nên mới hấp dẫn za chứ ở ngoài k bằng 1 góc
...Xem thêm",58
102,Linh K Nguyễn,"13/07/2019 09:09:12,",6.6,"❗ Nhấn vào hashtag #linginquan3 để cùng ăn nát Quận 3 nhé mọi người 💜
.
📌Tân Sanh Hoạt số 322 Nguyễn Thị Minh Khai Quận 3
.
🔺Đây là tiệm dimsum, mì, hủ tiếu các kiểu đậm phong cách người Hoa cũng khá lâu đời ở Sài Gòn, tầm 40 năm cũng có luôn 👍
.
🔺Đến đây thì bạn như lạc vào Sài Gòn những năm 90. Hahaahaha vẫn kiểu cổ cổ xưa xưa, mộc mạc quán vãn giữ đc cho đến giờ, từ cái bếp khá cổ đêdn quầy tính tiền đậm chất phim HK. Chỉ có con người già đi chứ không gian bên trog hay biển hiệu bên ngòai vẫn trường tồn và trải qua theo năm tháng.
.
🔺Chắc đây là quán ăn phục vụ kiểu gia đình nên hơi lộn xộn. Quán là nơi ăn điểm tâm của các gđ người Hoa, các cụ lớn tuổi hay những đứa tầm tuổi mình muốn khám phá địa điểm hòai cổ này.
.
🔺Menu quán dán hẳn lên tường chứ k có ngay chổ ngồi nhé. Mà chỉ có mấy đứa lớ ngớ như mình mới đến đây lần đầu mới hỏi menu. Ở đây có há cảo, xíu mại tôm/thịt heo, bánh bao kim sa, hủ tiếu/mì/hoành thánh,...
.
🔴Tụi mình gọi đầy đủ phần dimsum kèm theo đó là 1 hủ tiếu mì đầy đủ luôn cho dễ thử.
.
👉Nói đến dimsum các lọai thì xíu mại tôm/thịt là ổn nhất. Mấy lọai còn lại thì khôg vừa miệng mình lắm. Còn bạn bánh bao kim sa thì nhân bên trong khá đặc, bột cũng nhiều và khá khô nên chung quy ăn hơi ngán. 
.
👉Nói đến tô hủ tiếu mì thì đượ ăn kèm với thịt nạc nhưng thịt được xắt nhỏ lại khá khô. Nước dùng đối với mình nhạt nhẽo quá luôn :((( Ở đây chỉ có 2 lọai nước chấm là nc tương và nc dấm, kèm tương ớt. Trộn chung tầ cả lại và chấm thì vị giác đc đậm đà tí chứ k ngon miệng mình đâu :))))
.
✔️Ở đây xe gửi có người trông coi những toàn để tụi mình tự dắt ra/vào. Khôg đưa thẻ mà lấy tiền xe mất 5k nhé mnguoi nên là luư ý điểm này 😁
.
#saigon #vietnam #vscocam #vsco #diadiemanuong #review #foodaholic #foodoftheday #foodininstagram #foody #foodlover #foodporn #milktealife #milktealover #bubbletea #milkfoam #cheesetea #eatanddrink #foodblogger #saigonstreetfood #eatsaigon #matchaholic #lingeatdelicious
...Xem thêm",58
103,,,,,58
104,,,,,58
105,,,0,,58
106,Lucy Ngọc,28/10/2023 17:05,5.0,"Ngon, nước chấm đậm đà 👍",64
107,Nancy Nguyễn,28/11/2020 8:58,8.8,"Chủ là hai cha con người Hoa, mở xửng hấp thơm phức hương vị tươi nguyên. 

Hộp thập cẩm há cảo có 2 bánh xếp là 44k. Há cảo đủ loại vậy thôi chứ chủ yếu nhân thịt ú nụ, vỏ mỏng đến nỗi lộ nhân ra ngoài. Không như mấy loại vỏ dày cui nguyên mảnh bột. Ngon nhất là bánh xếp, vỏ trong vừa đủ để thấy “nội y” bên trong, cũng đủ dày để không lộ hàng ra ngoài, nhân thịt nấm mèo vừa vị ngon ghê. 

1 bánh bao mai quế lộ 1 bánh bao kim sa- 24k. Bánh bao khá ngọt, mai quế lộ như nhân đậu đỏ ấy, còn kim sa có hương vị trứng muối nhưng vị sữa đặc nhiều hơn.
Xem thêm",66
108,Linh K Nguyễn,6/11/2020 16:35,7.6,"MỖI LẦN THÈM DIMSUM THÌ MÌNH GHÉ ĐÂYYY 👍

Đó giờ nói đến ăn dimsum thì mình chỉ #highlyrecommend bạn bè ghé đây thôi, chuẩn hơn nữa quán Minh Ký này còn là nơi lấy sỉ của mấy chổ bán dimsum luôn ó 😘 Quán mở tầm chiều 4h nha mọi người bán đến gần 8h tối thì mình thấy đã vơi dần rồi. Ở đây chủ yếu mnguoi toàn mua về nhà thôi vì thật chất chổ ngồi ban đầu là chôt gửi xe của tiệm KellyPang đầu đg ý 🤣 

Quán Minh Ký - Dimsum Bình Dân
🏠76 Nguyễn Thời Trung Quận 5

À quên nói, con đg NTT thì nằm kế chân cầu NTP luôn nha, để ý kỹ thì nằm cắt đg THĐ và NTT, đầu đg là tiệm nail á. Nên ghé đây tầm 6h hơn tí, bởi đầu giờ mà bạn ghé thì đông thật sự và hơi loạn, kiểu kb gửi xe dô chổ nào đâu :)))) Mình ăn ở đây từ lúc cô và chua chỉ để 1 2 cái bàn bên trong nhà và còn chưa có menu. Bây h thì thêm bàn cũng là 4 5 cái rồi, có menu luôn à nhen nhưng khgian nói thiệt hơi chật với tối. Ai mà cao dò dô đây ngồi chắc đụng trần luôn quá :))))

Menu thật sự đa dạng vì có rất nhiều loại bánh bao, hơn cả chục loại ấy, mà mình nghĩ chỉ có cô chú mới phân biệt nổi, từ nhân mặn như xá xíu, trứng muối .. đến nhân ngọt như kim sa, mai quế lộ, giá trung bình từ 12K. Đến đây mình hay kêu 1 dĩa thập cẩm còn k bạn cũng có thể mua từng loại thì sẽ được bán chẵn chục như há cảo đông cô 40k/10 cái, bánh xếp hấp 40k/10 cái. Gía quá bình ổn mọi người nhỉ 👍 Đến đây ngoài dimsum mình mê món xôi lá sen cực kỳ luôn. Xôi thơm mùi lá sen, nhân mặn thì gồm có thịt, tôm khô, nấm rất vừa miệng.

Đây là ý kiến cá nhân của mình, bạn hãy đến và trải nghiệm rồi hashtag #bigmoutheatmore chia sẻ cùng mình với nhé 😝
Xem thêm",66
109,Mlem Mlem,14/8/2020 16:56,8.4,"Vô tình biết được quán từ đó vẫn hay ghé ủng hộ nè. Mình hơi kén ăn nhưng há cảo ở đây làm rất hợp với khẩu vị của mình ngoài ra còn có bánh bao***dé thần thánh ngon số dzách luôn nghen. Mình là fan của***dé á ăn cũng nhiều chỗ lắm rồi nhưng đúng như vị mình nhớ lúc nhỏ thì rất ít nhưng giờ đã tìm được chân ái rồi ❤️***dé có bán hộp đem về, phết bánh mì ăn bao ngon nha.
Xôi lá sen cũng ngon luôn, thơm, nếp dẻo nhân vừa ăn. 
Mọi người nên thử nha 👍👍👍
Ps: đi ăn ít khi chụp hình 🤣🤣🤣",66
110,Minnie Pham,21/6/2020 23:39,7.0,"Mình với bạn hay đi ăn dimsum ở đây nên sẵn hôm nay thèm thì rủ nó đi chung luôn. Quán đi buổi chiều cũng khá rộng rãi và thoáng mát. Mình gọi: há cảo thập cẩm, gồm há cảo tôm, háo cảo hẹ há cảo thủy tinh, há cảo đông cô. Bánh xếp, xíu mại. Xíu mại hấp không được nóng bằng mấy món khác, ăn hơi cứng, kiểu dai dai phần vỏ, nhưng nhân ngon. Mấy món này chan tí nước tương là vừa ăn luôn á, ngon. Bánh xếp với bánh hẹ thì ngon hơn hẳn, kiểu vỏ bánh ăn không cần nước tương cũng được. Có điều tương ớt ở đây hơi cay, xịt lố tay là cay té khói.",66
111,Luan,28/1/2020 13:10,8.0,"Mình ăn há cảo, bánh bao ở đây cũng mấy lần rồi, lần thì mua về, khi thì ở lại ăn. Quán bán dimsum với bánh bao nhiều loại lắm nên mình chọn thập cẩm luôn, còn bánh bao thì mỗi lần thử một, hai loại. 
Dimsum 1 hộp thập cẩm 43k, có 10 viên lớn gồm cảo tôm, cảo thịt, bánh xếp hẹ, xíu mại, .... có mấy loại mình k biết gọi là gì. 😄. Vỏ cảo mềm dẻo, dày vừa phải, nhân chắc, gia vị vừa ăn nhưng chấm thêm sốt nữa thì ngon hơn. Bánh bao bột xốp mềm, không có mùi khai, nhân ăn cũng ngon.",66
112,Mỹ Phạm,30/6/2019 23:44,6.8,"Há cảo nhân vị bình thường, nước chấm bình thường.
Ngoài há cảo ra đặc biệt có bánh bao cade, kim sa, socola, xá xíu và đây cũng là quán đầu ăn xôi lá sen nên không biết vị xôi đó đây quanh ta thế nào, nhưng chiếc xôi này nhân nhạt với mình quá, bù lại lớp xôi dẻo nóng.

Dàn nhân viên có một ông nội nhìn khách bằng nửa con mắt còn lại thì chú bác anh chị nào cũng dễ thương nhanh nhẹn.

Giá 1 dĩa thập cẩm 30k + 1 xôi lá sen 20k.
Xem thêm",66
113,Linh K Nguyễn,1/5/2019 13:33,8.2,"❗NƠI NHỮNG NƠI BÁN DIMSUM NHỎ - LẺ HAY GHÉ LẤY SĨ CÓ GÌ HOT❗
.
❗ Nhấn vào hashtag #linginquan5 để cùng ăn nát Quận 5 nhé mọi người 💜
.
📌Quán Minh Ký - Dimsum Bình Dân 22/6 Đường Nguyễn Thời Trung, Quận 5
.
🔺Vị trí quán dễ tìm lắm nên là khỏi phải lăn tăng nếu bạn là ng chưa bao h ghé qua con đg này. Vi nhìn bên ngòai nhìn vào con đg NTT này tầm 4h hơn là đã khá đông xe máy bu quanh quán, 1 đặc điểm khá nhận dạng quán mở bán chưa độ với mình :)))) à phía trc quán là chổ học nail Kelly Pang nên nếu bạn đến quán sớm thì vẫn còn đợi quán đẩy hết xe máy mà hv bên đây gửi ra r mới có chổ ngồi nha!
.
🔺Ở đây bán đầy đủ tất tần tật tất cả thể lọai dimsum, há cảo, bánh bao, bánh xếp, ca dé, .. Và món mính mê nhất là Xôi lá sen. Giá cả từ 10k, 20k.. còn đối với há cảo phần thập cẩm là 40k nhé 👍
.
🔴Phần Há Cảo Thập Cẩm
↪️Vì mình đến sớm nên thấy khá nhiều thể lọai dimsum đag nằm trong xửng cũng thật là bối rối chả biết phải gọi sao mới gọi luôn phần thập cẩm cho dễ xử :))) Phần này gồm há cảo tôm, há cảo thịt, há cảo hẹ, xíu mại,.. Ăn kèm với nước tương pha loãng và rau râm nè. Bột bánh ở đây dày vừa, k quá mỏng để dễ bị bỡ. Còn nhìn thì cho cũng vừa đủ thôi chứ khôg nhiều đâu ạ. Nước tương ổn nhưng mà rau râm ở đây mình thấy khá thích vì cho nhiều khỏi phải xin thêm là 1 chuyện, thật ra thì nó khá hăng ăn đỡ ngán nè :))))
.
🔴Xôi Lá Sen
↪️Gói xôi vỏn vẹn 20k đc gói trong lá sen nhìn thấy hay hay. Bên trong có tôm khô, nấm mèo và xá xíu nên khiến bên trong nhân có màu hơi đỏ của xá xíu. Xôi khá dẻo và thơm, nhìn ít vậy thôi chứ ăn mau no và ngán lắm.
.
👉À luư ý là đến đây khá sớm sẽ gặp tình trạng như mình nếu ăn ở lại thì mọi thứ sẽ chưa nóng vì chỉ mới bắt đầu lấy trong khay ra. Đa số h đó ngta lại mua sỉ và mua mang về nhìu lắm luôn nên đông. Còn thái độ pv mình thấy k ưng cái bạn nam trẻ trẻ ở đây, pv khách hàg mà mắt còn k thèm nhìn mặt ngat nửa là. Thích nhất là cô chủ, tuy lúc nào cũng đôg nhưng cô khá vui tính, và pv từng ng với nụ cười trên môi thì ng mua cũng vui lòg đứng đợi 👌
.
. 
#saigon #vietnam #vscocam #vsco #diadiemanuong #review #foodaholic #foodoftheday #foodininstagram #foody #foodlover #foodporn #milktealife #milktealover #lingeatdeliciou
Xem thêm",66
114,Jun K,1/5/2019 11:58,8.2,"Tình cờ thấy foody review quán nên ghé ăn thử nè. Quán có khá nhìu món nhưng không gian hơi nhỏ tầm 5 bàn thấp thấp kê trong nhà nên đi ăn dễ hết bàn. Gọi phần thập cẩm và gọi thêm vài loại bánh khác. Cảm nhận dĩa đầu tiên là quá nguội (chắc vì ngay lúc đông tại quán và mang về cũng nhìu). Dĩa thứ 2 mình gọi lúc vãng khách rồi nên nóng hơn đc tí (haiz). Bạn nam phục vụ hơi thái độ (cái này mình có đọc comment của các bạn) kiểu mình chưa kịp gọi hết món là quay lưng đi rùi, xong báo khách hết món thì đứng ngoài quay ngoác vào nói hết món đó nha rùi thôi (mặt ko cảm xúc HQH lắm nha). Nói chung ko ưa, mốt mua về ăn thì đc.",66
115,Mai Khôi Trịnh,20/12/2018 13:20,6.2,"Thèm dimsum nên lân la trên foody và tìm được quán này. Hôm qua mình và xã đến ăn và có chút cảm nhận riêng. Mình gọi 2 phần dimsum thập cẩm và 1 bánh bao kim sa. Theo đánh giá riêng của mình thì dimsum rất bình thường, phần nhân không có gì đặc sắc và ấn tượng, nước chấm ổn. Còn bánh bao kim sa thì quá thất vọng lun, háo hứng bẻ ra sẽ có kim sa chảy ra nhưng hụt hẫng, trứng muối cực kỳ ít, thành phần chủ yếu là bột sữa nên phần nhân đông lại và khi ăn còn lợn cợn bột sữa :( mình mua thêm 2 bánh bao xá xíu mang về, mình hk ăn nhưng xã mình ăn và bảo cũng không ngon @@
Không gian quán nhỏ, tầm 4-5 bàn ngồi lại, khách mua mang về rất đông. Nhân viên dễ thương. Món ăn thì bình thường nên không chắc mình sẽ quay lại.
Xem thêm",66
116,Nango,16/12/2018 22:05,6.0,"Đặt bánh ăn, há cảo thì vẫn bình thường, nhưng hôm nay order thử thêm kimsa thì bánh vẫn còn chưa chín, nhân còn sống nhăn răng à",66
117,Đặng Ghị Liên,12/6/2024 17:27,10,Địa điểm quá tuyệt vời đồ uống ngon,82
118,Foodee_2ku0cbr1,17/6/2025 12:56,10,Bánh ngon ơi là ngonnnnn,84
119,Phuong,28/11/2023 13:01,10,Ngon,86
120,Hẳn Hoa Hung Hãn,6/10/2023 13:27,6.0,Quán quá tuyệt vời,86
121,Kim Chi,7/4/2019 0:33,4.2,"Mình đi ăn trưa cùng chị thì mìh chọn quán này để thử. Các món dimsum ở đây như hàng đông lạnh siêu thị về rã đông và hấp lại.
Phần hủ tíu xào như hình 55k mà có đúng hai miếng thịt bò như vậy, còn lại toàn rau củ xào. Must try của quán mà như vậy thì làm sao có tự tin thử các món khác??",86
122,Pan Da,17/3/2019 12:23,2.8,"Này là phần cơm gà, loe hoe vài miếng thịt mà thịt còn sậm màu nữa. Nhìn xong hết muốn ăn. Nếu chủ yếu chỉ chú trọng dimsum thì đừng thêm nòn này chi cho khách bực bội",86
123,Ngọc Thuý Trần,16/5/2018 15:35,5.0,"Rãnh rỗi k bk đi đâu , lang thang trong aeon mall thì thấy cái dimsum chỗ này nhỏ nhỏ xinh nên ord ăn thử , chou ou giá rẻ rẻ rẻ...mà do giảm cân nên ăn nhẹ như này thôi ! Chân gà tàu xì và sủi cảo , nước sủi cảo có mùi giấm đậm nhưng ăn chung với cảo thì cực hợp lun ! Ăn xg quất ly trà đào , mát rười rượi lun ! Hihi",86
124,Elisa Lê,16/3/2018 16:56,7.0,"Search coi quán nào ăn ổn trong Aeon thì thấy có bamboo là okie nhất nên nhóm thử ăn ở chỗ này. Gọi 3 phần cơm với mì vs dumplings, chờ tầm 10 phút thì quay lại quầy là tất cả các món ra nóng hôi hổi.
Theo mình thì cơm xá xíu hơi khô, không được dẻo lắm nhưng nói chung ăn cũng được. Mì xá xíu cũng được, ăn không nghe vị bột ngọt. Mì bò thì nước dùng khá ổn, ăn thấy thơm lắm. Bánh dumplings ăn okie. Với giá mỗi món tầm 45-50 k thì vậy cũng được.",86
125,Quang Duy,13/1/2018 13:37,7.2,"mình chưa từng có cảm tình với những quán ăn trong trung tâm thương mại, nhưng khi ăn ở Bamboo thật sự đã có ấn tượng tốt về thương hiệu này.
Đồ ăn nóng hổi, mì bò kho làm đúng vị chuẩn luôn, bò mềm, thơm, chân gà tàu xì ngon vô cùng, thơm vị nước tương. Ngoài ra há cảo, xíu mại cũng chất lượng ko kém.
ăn ngồi trên tầng, chọn ngay chỗ gần cửa sổ có view cực đẹp nữa nhé. 2 người ăn tầm hơn 200k no căng bụng, sẽ còn quay lại, nv vui vẻ, nhanh nhẹn",86
126,Dinh Phan,24/12/2017 15:46,5.8,Các món ăn bình thường không quá xuất sắc. Không có sa tế.,86
127,DTP,10/11/2017 21:12,7.0,"- Gia đình mình có dịp ghé Aeon mall chơi định kím món gì lạ lạ nên ghé Bamboo Dimsum ăn thử, cảm nhận đầu tiên là nóng hỏi vừa thỏi vừa ăn luôn, đồ ăn rất tươi và ngon, lần sao có dịp mình sẽ ghé lại.",86
128,Minnie Pham,24/6/2017 19:49,7.0,"Sáng sớm ghé Aeon Mall sẵn tiện kiếm chỗ nào ăn sáng luôn. Thấy chỗ này bán dimsum nhìn hấp dẫn nên tấp vô luôn. Đi có 4 người mà gọi quá trời món luôn. Mình gọi cơm chiên hải (cơm chiên ngon, mềm với thơm lắm), bánh bao kim sa (bánh bao ngon, mềm với sốt kim sa béo béo mặn mặn ngon nè), bánh bao xá xíu (bánh bao cũng ngon, thơm), mì bò kho (bò kho ngon, mì dai dai mà vẫn giữ độ mềm), chả giò hải sản (chả giò ngon giòn lắm nè), chân gà tàu xì ( chân gà mềm và thơm lắm, thấm vị nữa), bánh củ cải ( bánh mềm, có cải mềm chấm tí nước tương ngon á). Các món dimsum như bánh xếp, xíu mại, sủi cảo,..kêu quá trời cũng ngon lắm nè, mang ra nóng hổi vừa thổi vừa ăn luôn. Về dessert thì mình gọi trà hạt sen cũng ngon nè. Về nước thì mình gạo trà đào (trà đào hơi ngọt tí, bữa sau đi mình sẽ kêu giảm ngọt lại, miếng đào ngon nè), blue berry yogurt ngon chua vừa uống, dễ tiêu. Nhân viên nhiệt tình dễ thương.
Xem thêm",86
129,Kim Hai Nguyễn Thị,10/11/2023 13:02,6.0,Chất lượng tiệt vời,91
130,Kún Kon,28/10/2023 13:15,6.0,Chất lượng tuyệt vời lắm nha,91
131,Foodee_Ldjysyia,16/10/2023 13:09,10,Tuyệt vời,91
132,Ly Byty,28/9/2023 13:03,6.0,Quá ngon luôn ạ,91
133,Bao Ngoc,30/1/2020 19:45,6.8,Lần đầu ăn ở đây thấy vừa túi tiền mà ngon lắm các bạn ạ. Há cảo tôm là hết xảy bà bảy luôn nha nên thử mọi người ơi. Trong hình là mình ăn kèm với món mì hoành thánh ở quầy khác,91
134,Williams Gavin,16/10/2019 14:07,8.8,"I ate here after a disaster at Hue Delights. Duck, amazing, tender, flavoursome. Rice, well cooked and hot. And an amazing stir fry of pumpkin, pumpkin flowers and pumpkin seeds. Just amazing. Abd very quick with friendly and efficient staff. Other restaurants should take note.",91
135,Huong,21/8/2019 3:02,5.0,"Không gian thoải mái , nằm trên L5 của Megamall thảo điền , nhân viên phục vụ không vui vẻ với khách hàng lắm , đồ ăn ngon và giá ổn rẻ . Mình gọi combo 3 xửng 35K có giá 98K , cơm chiên hải sản ngon trên cả tuyệt vời mì xá xíu thì kh ngon lắm soup ăn kèm với mì và cơm mặn với hình như bỏ bột ngọt nhiều quá ăn vào mình bị tê lưỡi",91
136,Cyndi Garcia,23/6/2019 14:26,9.0,Giá rẻ so vớ Cơm công chúa hay Claypot. Đồ ăn cũng ngon và đúng kiểu Tàu. Điểm trừ là đũa muỗng so sài nhìn ko đẹp mắt lắm.,91
137,Sxxphyyzz,18/5/2019 18:51,5.6,"Mình hay ăn ở đây cuối tuần, với lại khẩu vị mình ăn rất dễ tính, thấy ngon là đc nhưng mình không thích cái kiểu phục vụ, bill 98k đưa không có tiền thối chả nói chẳng hỏi là chị ơi mình có 8k lẻ ko cho em thối lại 10k cho chẵn, xuất bill ra xong tự nhiên tự tại nói là cho thiếu 2k vì không có tiền thối??? Ủa ai cho cái quyền đó vậy? Mấy vụ thiếu tiền lẻ lẻ như vậy mình ăn ở đây gặp quài, lúc 2k 3k 4k nhưng mình cho qua vì nhân viên hỏi mình cho thiếu rất đàng hoàng mình ok thì thôi hoặc lát sau đem ra trả lại, chứ nay tự cho cái quyền vậy luôn? Mình phải nói là mình có 8k xong mới đưa 10k cho mình? Kể cả bạn order cho mình cũng kiểu mới vô hay gì nên mình không đánh đồng vội mà mình order nói chn lịch sự đàng hoàng mà bạn cứ kiểu ừ hử ko nói ko gì hết. Đây ko phải là nhà hàng 5 sao mình biết thừa nhưng cũng có cái gì đó quy chuẩn 1 chút dùm đi.
Xem thêm",91
138,YẾN NHI,1/9/2018 11:48,9.6,"Nhà mình nghiện mấy món ở đây nên rất hay ghé. Ngon nhất là mì vịt tiềm, mì bò Hồng Kong (giống kiểu mì bò kho của mình), há cảo tôm thịt, bánh xếp chiên/hấp, chân gà tàu xì, bánh cuốn tôm, bánh bao kim sa, hoành thánh kiểu Hoa (gần hết thực đơn còn gì 😜).

Những ai từng đi ăn ở nhà hàng món Hoa San Fu Lou có thể tìm thấy các món tương tự ở đây với mức giá rẻ hơn nhưng vị không hề thua kém.

Chỉ tiếc nhiều lần ghé ăn nhưng đều không còn các món tráng miệng mình thích như ghi trên menu.
Xem thêm",91
139,Hien Nguyen,4/12/2023 16:52,5.0,Rất hài lòng,93
140,Mai Mai,4/12/2023 16:13,5.0,10 điểm chất lượng ạ.Các món ăn rất hợp khẩu vị.lần sau nhất định mình sẽ quay lại ủng hộ cửa hàng tiếp ạ rất hợp khẩu vị của mình.cả nhà mình đều thích .Rất ngon,93
141,Chikhuyen123,4/12/2023 15:19,6.0,Chất lượng tuyệt vời,93
142,Thi Trang Nguyen,4/12/2023 13:31,6.0,Ok,93
143,Tuyết Đặng,4/12/2023 13:21,6.0,Món ăn rất ngon. Mình rất thích,93
144,Quân Quang Ngọc Lan,4/12/2023 13:11,5.0,Chất lượng tuyệt vời,93
145,Én Phạm,4/12/2023 13:07,6.0,Đánh giá 10 điểm,93
146,Huyền Tô,4/12/2023 13:04,5.0,Ngon lắm,93
147,Quỳnh Hoa,4/12/2023 13:03,6.0,Chất lượng tuyệt vời,93
148,Foodee_R65vraek,4/12/2023 13:02,5.8,Chất lượng ok,93
149,Hà Thu,16/3/2023 11:39,7.0,"🌟Thực phẩm LC Foods tuyển nhà phân phối , đại lý và cộng tác viên bán hàng trên toàn Quốc 🌟
😱Bạn đang tìm kiếm nguồn hàng có nguồn gốc sản xuất rõ ràng với các loại đồ ăn vặt với chất lượng cao và giá tốt -> hãy hợp tác ngay cùng thực phẩm LC Foods.
👉Thực phẩm LC Foods là đơn vị tiên phong trong lĩnh sản xuất và thương mại chuyên các sản phẩm như : xúc xích, chả giò, dimsum, bánh bao , pizza ...
❤Vì sao lại lựa chọn nguồn hàng tại LC Foods
✅Sản phẩm đa dạng , nhiều mặt hàng hot trên thị trường, công ty luôn nghiên cứu, thay đổi nhiều sản phẩm phù hợp với thị hiếu của nhiều đối tượng khách hàng 
✅Giá tốt, chiết khấu cao
✅Sản phẩm chất lượng cao: được sản xuất trên dây chuyền hiện đại, công nghệ nước ngoài, với nguồn nguyên liệu chọn lọc. Thực phẩm LC Foods đạt chứng nhận an toàn thực phẩm HACCP.
🌟Hiện tại các mặt hàng LC Foods đang được bày bán tại khắp các hệ thống siêu thị lớn nhỏ trên toàn Quốc!
------------------------------ 
📲I.n.b.o.x ngay để được tư vấn miễn phí : m.me/thucphamlcfoods
👉Tiktok: https://www.tiktok.com/@lcfoods***👉Youtube:https://bom.so/L0kXfv
🌐https://lcfoods***
☎️ Hotline: 1900 636 975
Xem thêm",96
150,Hoàng Ngọc Ánh,21/10/2022 22:22,10,"Lại nhớ món há cảo nóng hổi chấm cùng tương bên quán. Đã thèm là phải ăn luôn cho nóng, tạt vô quán gọi xuất 14 viên. Nóng hổi vừa thổi vừa ăn ngon thiệt đó. Ăn ở đây chưa lần nào chê hết trơn",96
151,Lã Thúy,21/10/2022 22:20,9.6,"Order combo 58k nhận hàng hài lòng ghê. Há cảo viên nào cũng to, nhân nhiều, vị ăn vừa miệng. Tôm, Thịt, hẹ, bó xôi quán cho nhiều ăn thoải mái.",96
152,Cậy Mai,21/10/2022 21:48,10,"Mình ăn quán này mấy năm nay rồi, phải nói là ngon cũng xếp thứ nhì SG. Viên há cảo tại đây khá to, nhìn rất bắt mắt và hấp dẫn vô cùng, vỏ bánh được cán thật mỏng, thơm dai gói gọn thấy được cả lớp nhân thịt bên trong, giá lại quá yêu thương nữa. Bà chủ thì thân thiện, dễ mến nhìn cũng ngon như viên há cảo.🤣🤣",96
153,Hoàng Sinh,21/10/2022 21:43,10,Quán bán ngon lắm... Nước chấm cũng ngon ... Giá cũng ok với sinh viên như mình... Cục há cảo với xíu mại cũng bự nữa... Nói chung là ăn đáng đồng tiền...,96
154,Phạm Phương Ngoan,21/10/2022 21:40,9.8,"Ngon mà giá cũng khá rẻ, thích hợp ăn sáng hoặc xế chiều :3 lớp ngoài dẻo mềm, nhân rất đầy, nước chấm cũng ok, sẽ thú bị hơn nếu mn trộn tương ớt vs nước tương lại nha, mình quên chụp hình rồi... :)",96
155,An Như Thủy,21/10/2022 16:08,9.6,"Dimsum ở đây rất ngon. Đúng là quán ăn ngon, Sạch sẽ. Giá quá hợp lý, còn rẻ hơn những nơi khác, mà chất lượng thì khỏi phải chê luôn! Nói chung là mình rất hài lòng khi ăn uống ở đây!",96
156,Nguyễn Thị Tho,21/10/2022 15:20,9.4,"Bánh ở đây rẻ hơn so với các cửa hàng dimsum mình đã ăn nhưng chất lượng thì không chê được. Giá vừa phải, đồ ăn ngon, highly recommend ae gọi há cảo và dimsum . Best ngon. ❤️",96
157,Nhật Lê,21/10/2022 15:05,10,"Chủ quán ở đây hiếu khách ghê . Chào đón niềm nở , phục vụ chu đáo . Hài lòng từ chất lượng đồ ăn đến cách phục vụ của quán.",96
158,Thảo Mai,21/10/2022 14:56,10,"Thật sự rất hài lòng 👍. mình vừa nhận được hàng mở túi hàng ra thật sự rất đẹp mắt và kỹ lưỡng . món ăn nóng hổi.hương vị thì đậm đà . Giá cả phải chăng.nói chung là rất ok .ko chê vào đâu được . mình sẽ quay lại 👍👍👌
.",96
159,T T,19/6/2019 21:03,1.0,"Thua cả mấy tiệm bán há cảo nhỏ trong xóm. Dimsum gì mà bột dày, thịt thì ít, cứng ngắt, giá thì mắc gấp đôi, hổng lẽ đem bỏ thùng rác, ăn mà tiếc tiền. Vậy mà có review khen ngon, hổng biết có ăn chưa mà khen nữa. Mua sủi cảo chưa hấp đem về mà tự ý đổi thành xíu mại. Buôn bán thiếu tôn trọng khách, chỉ biết lợi nhuận bản thân.",100
160,DIMSUM SHANGHAI,8/5/2018 22:25,8.2,Thay đổi để phát triển,100
161,Toby Lewis,28/3/2018 15:16,6.8,"Xế chiều nguyên team order dimsum thập cẩm về ăn. 1 phần gồm 10 viên đầy đủ các nhân, có nước tương, rau râm, hành phí. Lúc giao đến vẫn còn hơi ấm ấm. 
Dimsum ăn không có gì đặc biệt lắm, kiểu giống như mấy cái dimsum đông lạnh trong siêu thị hay mua về hấp á, được cái là mấy cáy này to thôi. Trừ cái há cảo bắp với hẹ ra mình thật lòng không phân biệt nổi mất cái còn lại, giống y chang nhau. 
Phần thập cẩm ăn khá là nhanh no nên mình nghĩ tốt nhất là các bạn 2 người kêu 1 phần. Giá cả thì rẻ, không có gì bàn cãi.",100
162,Chu Thiên Anh,20/1/2018 21:15,10,"Há cảo ngon , nhân bánh bên trong rất ngon vỏ bánh không quá dày 👌🏻",100
163,Mike Nguyễn,18/1/2018 12:08,10,"Đồ ăn bao ngon nhất là trà sữa nhé,ăn hết r nên k có hình đâu hihi :>",100
164,Tran Lan,13/11/2017 15:07,3.8,"Mình thấy điểm foody cao nên cũng đặt giao hàng vì thấy khuyến mãi giảm 10%.....Ai dè,món ăn làm mình hơi buồn,xiên que full k nhiều và k ngon,trà đào xả chanh thì chát,chỉ 1 miếng đào @@ trà sữa full topping nhưng chỉ lèo tèo vài miếng thạch bé tí,dimsum ăn tạm tạm~~~~~ túm lại là buồn ơi là buồn!!!",100
165,Thiên Định Nguyễn,8/11/2017 18:58,7.6,"Nhân dịp SG mưa sml nên tự nhiên thèm ăn và order ở đây qua Delivery Now, ở thời điểm này đang có deal giảm 10% cho hóa đơn 100k nên order 1 cây phô mai, set thập cẩm 10 viên, 1 ly trà sữa và mấy 1 cục xíu mại khô và có 1 số nhận xét sau:

- Không nên mua 1, 2 cục nhìn nó cô đơn lẻ loi.
- Mua set 10 cục tưởng nhận đc 10 viên khác nhau, nhưng thật ra có 2~4 viên trùng
- Phô mai thì dưới điểm trung bình, nhưng bù lại thì há cảo, xíu mại thì ngon thiệt (quán Dimsum mà)
- Trà sữa thì cũng ngọt bất thường, không phù hợp cho ai ăn uống ít/ ngọt vừa.
Xem thêm",100
166,Phuoc Hung,5/7/2017 12:45,7.6,"Thích nhất món trà sữa cà phê ... trà sữa quán thơm mùi trà và ngọt không quá gắt , vừa uống. 
Chụp lén được vài chai syrup . Hỏi chủ quán sao có 3 loại syrup vậy ... thì chủ quán nói dùng syrup của mỹ đắt lắm nên tạm thời chỉ có 3 mùi ... 
Quán này có show nguyên liệu nên uống yên tâm , bán mắc hơn ở ngoài xíu , mắc thêm vài K nhưng tin tưởng nên uống thôi ...",100
167,Lam Chan,29/5/2017 18:00,7.8,"Mình order thức ăn qua delivery now. Giao hàng nhanh và thức ăn vẫn nóng . Ngon nhất là há cảo tôm và bánh xếp. Ăn nhiều chỗ rồi , nhưng ở đây ngon . Nhân bánh dòn và sực .",100
168,Hieutt58,25/5/2021 14:06,10,Ngon và đẹp mắt nữa,103
169,Jang Mi,19/5/2021 12:06,10,"Mọi người nên ăn thử xong sẽ ghiền giống mình, menu nước thì tha hồ full topping lun.",103
170,Dung Thái,18/5/2021 16:24,9.8,Bao ngon luôn nhé mọi người ơi,103
171,Lê Phương,15/5/2021 22:24,1.0,Nhỏ thì nói nhỏ 😖😖😖😖🤮🤮🤮🤮🤮,103
172,Foodee_0196p0oc,15/5/2021 22:22,10,"Phải nói ở đây bán gì cũng ngon - rẻ . Há cảo khỏi chê , trà sữa full topping xịn xò . Sẽ ủng hộ quán dài dài nè",103
173,Nhã Thanh,15/5/2021 11:23,10,Nhã Thanh,103
174,Cát Phượng,15/5/2021 9:36,10,"Hôm qua mới ăn thử, há cảo to mà ngon. Không gian quán mát mẻ dễ thương, chị chủ cũng nhiệt tình nữa 😍 chắc chắn sẽ quay lại ăn ❤️❤️",103
175,Uyen,14/5/2021 15:57,7.0,"Nay 2 dì cháu kén ăn đói bụng cái là đặt há cảo tôm, cua huỳnh đế, đậu hủ hải sản ... Và chè khúc bạch nữa. Ngon quá ăn sạch luôn...",103
176,Dũng Nguyễn,14/5/2021 15:27,10,"Mình ăn quán này mấy năm nay rồi, phải nói là ngon cũng xếp thứ nhì SG. Viên há cảo tại đây khá to, nhìn rất bắt mắt và hấp dẫn vô cùng, vỏ bánh được cán thật mỏng, thơm dai gói gọn thấy được cả lớp nhân thịt bên trong, giá lại quá yêu thương nữa. Bà chủ thì thân thiện, dễ mến nhìn cũng ngon như viên há cảo.🤣🤣",103
177,Vicky Vo,14/5/2021 11:27,9.6,"Há cảo ngon , nhiều loại đa dạng để lựa chọn .. nước chấm rất ngon ..😋😋",103
178,Linh,14/1/2021 22:37,8.0,"Đồ ăn đúng ngon, gia vị nêm vừa phải, nhân đầy đặn, đậm đà, thêm nước chấm ngon nữa thì cái giá như vậy là rất vừa phải. Nói chung theo kinh nghiệm 1 đứa thích ăn dimsum như mình thì mình cho quán 9.3/10",105
179,Hoàng Vlog,13/10/2020 18:55,8.8,"Mình là tín đồ dimsum thường hay lui tới mọi ngõ ngách tìm ăn dimsum của người Hoa chỗ nào nghe bàn tán hay ho là phải dắt con xe cà tàng đi thăm dò cho được, khổ nỗi dạo này dịch covid hoành hành rồi mưa giông bão tố khắp nơi nên cũng an phận ở nhà cà đít phền phệt trên nền nhà cầm con đt đặt hàng về ăn, hôm nay mình kím đc quán này trên mạng, tiếng tăm thấy cũng ổn nên triển liền, tít tít tẹt tẹt nằm lê bò lết chừng 40' thì cuối cùng cuộc gọi thân thương của a shipper đã vang lên, bỏ qua thủ tục rườm rà mình review luôn chất lượng món ăn nhé, ngon và chất lượng, cục nào ú nụ thịt ko là thịt chứ ko có bột như nhiều chỗ, bao bì gọn gàng đàng hoàng tử tế sạch sẽ có khi còn hơn nhiều chỗ mình mua mấy trăm ngàn mà làm ẩu dễ sợ..tương chấm ngon, đem về hơi xa nên hơi nguội hấp lại chắc chắn ngon hơn nhiều á, nói chung mình chấm điểm 9/10 so với giá cả các kiểu con đà điểu, còn lại thì các bạn tự tìm hiểu đánh giá cho mình nhé!
Xem thêm",105
180,Linh K Nguyễn,20/2/2020 16:54,7.8,"AI MÊ DIMSUM NGON LẠI RẺ THÌ MỜI VÀO ĐÂYYYYYYY 😍
_____
Đó h mình là 1 đứa khá mê mẫn những món của người Hoa nên là khôg thể nào bỏ lở những món dimsum được chứ nhể 🤪

Nếu túi tiền rủng rỉnh thì rủ đám bạn ghé Dim Tu Tac hay Baoz chứ mà túi tiền eo hẹp tí thì nên ghé Mr Hào cũng k quá đổi 😌 Thường thì mình hay đặc delivery về nhà ăn nhưng nay sẵn hẹn con bạn ghé qua quán luôn cho có khôg khí :))

Mình đến quán tầm 8h tối hơn và quán cũng khá đông nhưng k đến nổi hết chổ. 2 đứa mình thì ngồi bên ngoài cho mát mẻ chứ bên trong thấy hơi nóng và hầm. Vừa đặt đích xuống ghế là có cô đưa menu order món ngay. Cũng như menu trên foody và mình cũng gọi những món hay gọi thôi. Order xong này nọ thì đợi tầm 10 đến 15p là có đồ ăn lên. Vì đa số mọi món điều có sẵn chỉ là bạn order thì nhân viên sẽ làm nóng mọi thứ thôi nạ 🤣

Mình gọi cũng gần cả 10 món trong menu. Theo mình sẽ chia menu ra là 2 ""trường phái"" là món hấp và món chiên. Nhận xét về các món dimsum hấp thì mình khá ưng với vị của xíu mại và bánh trứng cuộn. Xíu mại ở đây vỏ mỏng, nhân thịt nêm nếm vừa ăn và nhất là bánh k bị bở. Còn bánh trứng cuộn vừa lạ vừa quen, vì mình ít thấy món này ở các tiệm dimsum khác còn quen là chỉ là trứng chiên cán mỏng cuộn với thịt thôi :)))

Với mình các món chiên ở đây khá là dầu mỡ, mình ăn vào cảm giác hơi ngán. Nhưng k quên recommend Bánh xếp chiên nha, ăn tựa như há cảo chiên nhưng mà nhân bên trong nhiều hơn nạ 👏 Nước tương chấm ở đây đối với mình khá nhạt, có thêm tí tương ớt và sa tế cho bắt vị hơn 👍 À rau râm ở đây cho hơi tiết kiệm nên là mạnh miệng xin thì cô nhân viên mới cho nhiều :))) Mà menu mình thấy cũng có phần thập cẩm ý, nên ai lăn tăng lần đầu đến đây chưa biết nên ăn gì cũng nên gọi thử phần đó rồi tính tiếp nhỉ 😜

🏠DIMSUM MR HÀO
171A***Quận 5

Đây là ý kiến cá nhân của mình, bạn hãy đến và trải nghiệm rồi hashtag #bigmoutheatmore chia sẻ cùng mình với nhé 😝

Follow my IG @bigmoutheatmore for more review 🤘
Xem thêm",105
181,Thiên Vũ Tăng,27/11/2019 0:08,8.0,"Nay lên cơn thèm há cảo, được bạn dẫn ra đây ăn. Ban đầu còn sợ ăn dăm 3 cục dimsum hem đủ no. Cơ mà ra đây ăn thì no ứ hự luôn á. Cục nào cục nấy bạ chà bứ, mà mỏng vỏ, thịt nhiều nên ăn ko bị ngán.

Chỉ có 1 điểm trừ là các loại thịt hơi na ná nhau, tôm cua bò heo gì cũng 1 vị, hem nhận diện đc cái nào với cái nào 🤔🤔🤔 Nhưng mà ngon nên tha thứ hết 😂😂😂",105
182,Kim Le,30/10/2019 23:00,8.0,"Mình tìm đc quán này trên foody, là fan ruột của dimsum nên ghé ăn thử, ko dám kêu nhiều đâu vì ăn thử mà, mấy cục dimsum ú nu, thịt đầy, vị hợp với khẩu vị người Việt, nc tương thêm sate cay cay siêu ngon. Mình rất kết nc tương ở đây, trà ong gừng hàn quốc cũng tuyệt, vị gừng thanh thanh rất rõ ràng. Nói chung điểm 9 cho chất lượng, ăn xong mua thêm về cho ba mẹ ăn cũng khen, sẽ quay lại.",105
183,Son Jacob,29/10/2019 20:17,9.0,An amazing find! I worked my way through almost the whole menu and everything was great. Having the Vietnamese mint served with the dumplings is a great touch.,105
184,Thanh Thanh,5/9/2019 20:52,5.0,"Mỗi bữa mua bánh bao kim sa ăn rất ngon , hôm nay ăn lại thấy sợ hãi, bánh bao gì mà mới bẻ ra nhân chảy ròng ròng, trời ơi toàn là dầu kg , ở trong có màu vàng bóng lỏng bỏng , cắn tới đâu nó nhiễu nhạo dầu chảy ra tay tới đó , mấy lần trước nhân ăn rất ngon và đặc mình nằm ăn còn dc nữa, chia tay từ đây kg dám mua nữa",105
185,Elaine Le,25/8/2019 18:48,1.0,"Mình đi 2 ng, order xong xuôi, lúc đó quán chỉ có 3 bàn: 1 bàn là mình, 1 bàn là khách trước đó đã ăn xog và ngồi chơi, 1 bàn là khách mới vô sau mình. Ngồi đợi gần 20 phút ko thấy bạn mình bực bội mới ra kêu quán tính tiền vì lí do ngồi đợi quá lâu, nhân viên không thèm giải thích xin lỗi khách mà còn trách khách ngược lại kiểu như ăn là phải chờ hấp, tại sao vào sau lại đòi có trước, ngoài ra còn mất dạy hơn nữa là thách khách đòi coi lại camera coi có đúng khách đã chờ 20 phút chưa. Hơn thua với khách bằng cái thái độ bất lịch sự và mất dạy là không chấp nhận nổi",105
186,Nguyễn Phương,23/6/2019 14:52,8.6,"Trời mưa nên book bánh qua go viet, bánh nóng hổi luôn, nước chấm cay cay siêu ngon, giao hàng nhanh, mấy hôm tăng ca văn phòng mình toàn order ở đây về ăn.",105
187,Hằng,16/6/2019 14:40,3.4,"Cho phép được đánh giá kém nha. Thật sự rất kém. Hôm thứ 5. Ngày 13/6. Lúc 21h00. Mình có đặt 1 hộp thập cẩm và 6 cái bánh sò điệp. Vì mới đặt lần đầu nên đâu biết là hộp thập cẩm là bao nhiêu cái. Khi ship mang tới mình thấy chỉ có 1 hộp thôi. Và hỏi a ship “e có đặt 6 cái bánh sò điệp nữa” a ship mới nói là để a quay lại a coi. Vào trong nhà mình mở hộp bánh ra thì chỉ thấy 12 cái dimsum. Không có cái bánh sò điệp nào hết. Lúc này a ship mới gọi điện lại cho mình nhưng đưa cho người bán nói chuyện. Nói là “e ơi. Nãy e đặt 1 hộp thập cẩm vs 6 cái bánh sò điệp. Mà a đưa lộn 1 hộp 12 cái. Hộp thập cẩm của e 9 cái. Thêm 6 cái bánh sò điệp nữa là 15 cái. Vậy a thiếu e 3 cái nữa. A trả lại e 3 cái nha” mình mới hỏi “vậy 6 cái bánh sò điệp của e đâu a ?” Anh ấy mới nói “a thiếu e có 3 cái e đòi trả 6 cái là sao ?” Mình mới nói “không a. A giao lộn hàng là việc của a. E đặt 1 hộp thập cảm và 6 cái bánh sò điệp. A phải giao lại 6 cái bánh sò điệp cho e. Còn a muốn thì e sẽ trả tiền thêm 3 cái dimsum nữa. Vì nhà e đã lỡ ăn 12 cái rồi”. Anh ấy mới nói “a thiếu e có 3 cái. E đòi trả 6 cái. Thoi có mấy cái bánh không đáng nhiêu tiền đâu e. A cho e luôn đó” rồi cúp máy ngang. Tới đây thì máu lòn tao nó thật sự dồn lên tới não ròi. Mà mình cũng im vì không đáng để đôi co. Nói chuyện như dạy là đánh giá đc con người như thế nào ròi. Không bao giờ đặt nữa. Thề luôn. Cách ứng xử vs khách như lòn như dạy thì có ngon cách mấy cũng nuốt đéo vô đâu. Mấy cái bánh đúng là nó không bao nhiêu tiền. Nhưng mình ghét là ghét cái thái độ. Thật sự là chưa bao giờ muốn xỉa xói ai. Nhưng hôm nay nhất quyết phải nói vì lỗi ở người bán chứ không phải của a shipper hay của mình mà nói chuyện cục súc như dạy.....
Xem thêm",105
188,Nguyenthi Lethao,22/8/2022 16:50,9.8,"Mình siêu mê dimsum nên rất vui vì đã tìm được nơi này. Món ăn siêu ngon, siêu nóng hổi, nguyên liệu tươi, giá lại quá ổn. So với Cửu Long và Dim Tu Tắc và Baoz thì ko thua kém. 
Mong các bạn đến ủng hộ để quán mở rộng hơn. Chứ e là sau này xếp hàng mới đc ăn. 
Mình nhẹ tay chấm 9.5 để mí pạn ko bảo mình quá lố dù mún lắm. 
Món sủi cảo có hơi mặn 1 tí. Mình có góp ý chị chủ quán. Mong chị sẽ bớt 1 xíu muối.",108
189,Lương Sói,8/4/2022 23:11,8.8,"Quán mới khai trương mà ăn ba lần rồi đó tròi. Xíu mại và sủi cảo dầu hào cực kỳ ngon nha. Món hoành thành chiên cũng đỉnh. Mấy món còn lại ko bằng nhưnb vẫn rất ngon luôn. Sẽ quay lại nhiều nhiều.
Không gian quán khá thoáng mát. Mình đi 3 người. Gọi khoảng 10 món sao á. Hết 380k 😁",108
190,PT,26/4/2021 22:16,8.0,"Mình đến khi quán còn đang sửa chữa và đầu giờ mở cửa chiều nên chờ chut chut. Nhân viên chu đáo, nhiệt tình.
Món ăn thì bánh cuốn***loại và cơm là ngon nhất nhất. Các món còn lại ổn áp
Quán nằm đắc địa ngay quận 1 dễ tìm. Giá ổn rẻ cho dimsum",109
191,Hứa Carrie,25/4/2021 20:30,8.8,"Mọi người ai fan của dimsum thì ủng hộ Quán này nhé. Đảm bảo hài lòng. Nhà mình sáng nay đến ăn thử, giá cả phải chăng, phần 4 viên, viên to và vị rất đậm đà. Nhà mình gần, đi ngang thấy Quán hơi vắng nên nay Chủ Nhật đi ăn sáng, ghé ăn thử để ủng hộ. Ai dè thích lắm luôn. Chúc Quán buôn máy bán đắt nhé. Nhất định sẽ quay lại để ủng hộ.",109
192,Anh Bui,22/4/2021 15:50,8.6,"Đi ăn chỗ này đã lâu, bây giờ mới review cho quán. Phải nói là xuất sắc. Vì sao ư? Xin mời đọc tiếp:

- Giữ xe: Trước và hẻm bên cạnh. 100 điểm cho chú bảo vệ, rất là dễ thương và nhiệt tình

- Không gian: rộng, có lầu, trang trí kiểu Hongkong xưa. Mình yêu thích style nhạc ở đây, toàn những bài nhạc hoa 8x-9x. Bước vào quán để nhớ một thời ta đã mê.

- Phục vụ: nhiệt tình, nhanh nhẹn, biết quan sát khách cần và thiếu gì

- Món ăn: đa dạng, ngon, vị rất vừa miệng mình. Ưng bụng nhất là món miến tôm, sợi miến nóng hổi, dai dai, cay cay hoà vào nước tương dìu dịu, kèm theo những con tôm tươi ngọt. Ôi chao, thiệt là đã ^^

- Giá: khá hợp lý cho chất lượng

Chắc chắn sẽ đến nhiều lần để ủng hộ quán.
Xem thêm",109
193,Jun Jun Chan,8/2/2021 22:13,9.4,"📍180*** phường Nguyễn Cư Trinh, quận 1

流去很长很长的时间，流去几个世纪，点心已经成为华人的特产饮食，并给后世流传到现在。大家既然是亚洲人，不能不吃过点心。一旦吃过，就不能不忘怀。
今天我给大家介绍这家点心店。说到他们的食品，我就会给他们10分，不用我说出口，也知道他们的食品很好吃。虽然这家点心店的空间不太大，空调几乎坏了，但是服务员非常非常热情，同时，价钱也很合理。于是，以后有空一定回来这里吃点心。",109
194,Hiền Anh,4/11/2020 8:27,9.2,"Quán nằm ngay mặt tiền đường*** ngay kế bên gym mình tập nên cũng hay nghía, tối qua thì mình mua 1 ít há cảo tôm mang về. Phần 36k/4 viên, nhân nhiều tôm vừa giòn vừa thơm, bột bánh cũng mỏng, mềm dẻo, nêm gia vị rất vừa phải, xì dầu tỏi ớt chấm kèm cũng rất ngon. Có mua thêm món tàu hũ ky dầu hào mà không ấn tượng lắm. Nhìn chung chất lượng tương đương một số quán HongKong trong mall mình từng ăn qua (mình chủ yếu chỉ thích ăn há cảo tôm và mì thôi), giá cả thì mềm hơn rất nhiều. 

Điểm cộng lớn nhất làm mình chắc chắn quay lại đó là nhân viên rất ân cần. Mình mua mang về mà được mời trà đá trong lúc đợi, hỏi thăm này nọ, cảm giác rất có tâm, từ anh giữ xe đến bạn thu ngân.

Không gian ấm cúng vừa phải, xây kiểu thoáng chứ không dùng máy lạnh, sạch sẽ không có cảm giác bức bí dầu mỡ gì. Mong quán được nhiều người biết đến hơn. Lần tới chắc mình sẽ thử mấy món mì xá xíu :3
Xem thêm",109
195,Thuy Linh,8/12/2022 11:34,9.6,"Mì ngon, cơm xá xíu ngon. Mình ăn từ khi mới khai trương tới giờ. Nhân viên nhiệt tình. Hai chị chủ siêu siêu dễ thương nữa. Sẽ ủng hộ dài dài",113
196,Ngân Nguyễn,31/5/2021 21:18,8.0,"Đang đà thèm há cảo sủi cảo các loại thì thấy chỗ này chạy quảng cáo trên facebook.
Bình thường mình đặt trên baemin nhưng nhìn quảng cáo thèm quá nên cắn răng đặt trên foody luôn.
Vì không ăn cay được nên có pm hỏi fanpage đổi nước súp chả ngờ gặp bạn***nào nhây quá ngồi nc cười i~
Theo khẩu vị của mình thì nước tuyết sơn nhạt, vị thanh, bù lại có nước chấm muối ớt, đang thèm nên ăn cũng ổn, dù sao cũng do mình đòi đổi nước mà chịu thôi 🤣
Nếu giảm được độ cay thì chắc mình sẽ thử tiếp món này với đúng loại súp của nó, nhưng mà giá hơi cao so với budget ăn trưa của mình.
Đóng gói nhìn sạch sẽ xịn sò, tiếc là không có cho người ta thêm giấy ăn.
Xem thêm",113
197,Tran Thi Chi,10/4/2021 17:04,3.4,Đặt hàng giao thiếu số lượng . Làm ăn gian dối,115
198,Anh Thu,6/4/2021 17:33,8.4,"Dimsum đen thui thùi lùi lạ miệng!

2 màu lạ nhất là màu đậu biếc với màu than tre này. Nhân thịt nhiều bột mỏng 1 viên cũng vừa vừa chứ không bự lắm mỗi người muốn no ăn ít nhất từ 6 viên trở lên nha. Nước chấm không bị mặn, chấm vừa miệng. Hộp giao sạch sẽ, ăn thì bột làm bằng than tre nên có màu đen chớ cũng không có vị gì đâu nên khá dễ ăn.",115
199,Chupa Chup Sweetie,21/12/2020 16:37,7.8,"Há cảo hoa đậu biếc và bắp cải tím là món ""hot trend"" của quán luôn nha. 
Mấy bé ú nu này không những đẹp - ngon lại còn an toàn thực phẩm do quán dùng màu từ rau củ hoàn toàn nhen 🥰
Nước chấm quán tự pha, chấm một chấm iu say đắm
Giá cả như hình, ai ăn gì quẹo lựa, cô chú bán hàng siêu nhanh và dễ thươnggg.",115
200,Quỳnh Hoa,10/9/2020 16:13,8.4,"Há cảo nhà làm , màu sắc hoàn toàn từ rau , củ . 
Vừa thơm vừa bổ dưỡng . Mọi ngừoi ghé thưởng thức nhé!",115
201,Trịnh Châu Linh,11/1/2023 21:29,1.0,"Bình luận vậy thôi mà quán khen mình là chuyên gia ẩm thực luôn thì hơi quá lời rồi. )))))))
Ý bạn là khách bỏ tiền ra để mua đồ ăn bên bạn, nếu không ngon và thiếu đồ ăn kèm thì vẫn không được đánh giá 1 sao hả bạn? ^^
Chưa kể mình xem qua các đánh giá kém bên bạn, toàn giao thiếu giao sai món cho người ta xong trả lời bỡn cợt, chén cơm của bạn chắc đáng được tôn trọng bạn nhỉ? ^^
Mình xin phép để đánh giá 1 sao ở đây luôn nhé.
Thân ái và không hẹn gặp lại.",129
202,Thỏ Con,28/6/2020 22:50,9.0,"Vỏ mỏng mà cục cũng bự nữa, đặt 1 combo tiếp sức 1 combo gia đình vì sợ ít mà 3 đứa ăn no căng. Nhân nhiều lắm nhưng vị nào cũng na ná nhau không phân biệt được, chả nhiều nên giống như chả cá bọc vỏ vậy nhưng ăn cuzng được vừa với giá tiền. Nước mắm hơi nhạt, chấm nó không có dính vô cục xíu nào ăn nhạt lắm, ăn với tương cà ngon hơn,haha. Được cái sạch sẽ rau với hành phi bỏ vô cái bọc nhỏ xinh lắm.",129
203,Phương Lê,5/6/2020 20:23,6.2,"Nước tương mặn, có vị ngọt+ rau nhiều chút sẽ ngon hơn. Vỏ bánh ngon nhân thì cũng nhiều mà mùi vị na ná nhau. Bịch topping kẹp bằng kim bấm khui ra cứ sợ kim bấm rớt vào đồ ăn",129
204,Aizy Vy,27/5/2020 12:39,8.6,"Mấy bữa nay ngán dầu mỡ nên đặt ăn thử. Mở hộp ra thì viên nào viên nấy cũng to, mà bên trong thịt nhiều nha chứ k phải giống mấy chỗ khác mà bột nhiều thịt ít đâu. Với giá tiền như vậy mình thấy ok lắm. Gọi thêm một chai sâm nữa, sâm mát, không ngọt gắt, thơm.
Đánh gía 8/10",129
205,Tiên Thuỷ,25/4/2020 21:08,10,"Nước tương ăn rất vừa miệng, cô chủ lại cho nhiều rau răm hành phi, còn có đu đủ muối ăn kèm cực ngon. Mua cho cả phòng ăn ai cũng khen. Xưa giờ ít khi ăn há cảo, vô tình lướt Now thấy mới đặt ăn thử ai dè tìm đc quán há cảo chân ái của đời em. Sẽ ủng hộ dài dài ạ 🥰🥰🥰🥰",129
206,Hoang Anh,7/11/2019 0:47,9.0,"1 suất 10 viên như hình giá 50k. Được bọc bằng giấy bạc rất cẩn thận cùng rau và đũa, thìa. Dimsum nhân full thịt, ăn đủ no ,ngon, không bị ngán và còn nóng hổi là điểm khác biệt so với những quán khác.",132
207,Nguyễn Anh Đào,6/11/2019 21:47,10,"Ăn nhiều chỗ rồi,nhưng ở đây đặc biêt há cảo đc gói trong giấy bạc đến nơi vẫn còn nóng,vị rất vừa miêng,viên to,nhân nhiều nhưng ăn không hề bị ngán,sẽ tiếp tục ủng hộ quán.",132
208,Thương Lữ,15/12/2020 11:18,8.8,"Quán trà sữa ngon nhất ở Suối Tiên. Không gian ngoài trời rộng rãi, thức uống ngon, có đồ ăn nhẹ",133
209,An Nhiên,31/5/2020 19:44,5.8,"Dimsum ăn được, nước tương hơi ngọt, thất vọng với món răng mực!",134
210,Mỹ Duyên Lê,3/2/2020 20:11,1.2,Đặt bánh tôm sate mà giao toàn bộ bánh gi ko bit ăn mùi kinh lên dc...có vị xả bên trong hình tròn.mới đầu năm đã phát điên rồi .,134
211,Foodee_Faf770B2,16/8/2019 21:05,3.0,"Hôm nay mình và bạn tới ăn phần thập cẩm lớn + răng mực. Thấy review rất ngon các kiểu đến lúc ăn thì thề lần đầu cũng là lần cuối. Đồ ăn nhìn bình thường, nhân thì chỉ 1 loại chỉ khác hình thức và vỏ bánh, đã vậy nhân vừa dở vừa ngáy và ngán, phải nói là quá tệ. Các bạn có đến ăn thì nhớ tìm hiểu ko lại thấy vọng như mình. À ngoài ra giá cũng ko hề bình dân chút nào.",134
212,Hoa Tran,9/8/2019 21:23,7.4,"Dimsum ngon, đa dạng, giá rẻ, đặt trong chõ tre nóng hôi hổi. Có 1 số nhân mình ăn thấy gần na ná nhau :)))
Phục vụ hơi phân tâm, mình gọi mà mấy bàn tới sau lên món hết rồi mà mình chưa có nữa, gọi nước cũng ăn xong 1 nửa rồi mới mang lon xá xị lên",134
213,Mashi Le,24/7/2019 23:59,5.0,"Mình gọi phần thập cẩm và món gân bò, có nhiều loại há cảo, phần lớn 54k. Mình cản thấy không ngon do bột khá nhão và nhân hơi lộn xộn, có nước chấm lạ và ngon",134
214,Uyên,15/7/2019 20:25,5.0,Dimsum & nước chấm ngon. Phục vụ nhiệt tình. Mỗi tội quên mang cho mình 1 phần súp cua. Mình lúc đó cũng ăn khá no và quên mất. Về nhà xem bill mới nhớ ra T.T,134
215,Hạ An Yên,26/4/2019 16:57,8.4,"Ngon hết ăn hoài không ngán, có điều răng mực tỏi sốt chưa đậm đà lắm, góp ý nên làm sốt sệt sệt và đậm vị hơn thì tuyệt vời luôn :))",134
216,Hằng Nguyễn Nguyễn,17/3/2019 12:45,9.8,Ăn nhiều lần rồi mà lần nào cũng thấy ngon,134
217,Giang Pham,14/3/2019 20:21,7.4,"đặt 2 lần. lần đầu rất ngon. phần bánh phần nhân tuyệt vời. lần 2 vỏ bánh hơi cứng như vừa hấp vậy, nhưng vẫn hương vị đó. tiệm nhớ khắc phục để chất lượng tốt hơn nhé. sẽ còn oder nữa. 😊😊",134
218,Sushi02 Nguyễn,12/3/2019 15:20,6.8,"Bữa 8/3 nhiều người đi chơi thì mình ở nhà gọi đồ ăn thôi ^^~ đó giờ ăn Mr.Hào nhiều rồi, ngon, vị cái nào ra cái đó chứ không phải như mấy quán kia mình ăn thì trong miệng chỉ toàn mùi giò sống 😑. Mình thì hay ăn tại quán nên ngon, còn giao hàng thì vị món sẽ bị giảm đi chút. Vì quán làm lớp vỏ khá mỏng nên khi mang đi sẽ dễ bị dính với nhau nên dễ rách. Nên khuyên mọi người nếu muốn ngon hơn thì lại quán nhé!
Mình khá thích bánh ốc, bánh tôm sa tế, trứng cuộn, bánh xếp ở đây! 
Thấy nhiều bạn comment nói quán hay giao thiếu, mình xem cũng lo, mà lúc shipper giao tới mình kiểm thì đủ hết!",134
219,Hongduc,15/4/2021 21:46,8.0,"Rất ngon tối qua mới đặt ăn chưa đã hnay làm order 200k ăn luôn :)) 
Đây là chỗ có viên há cảo xíu mại ngon nhất mình từng ăn. Ngon hơn nhà hàng luôn. Hấp chín tới ko bị nát. Hnay nhớ bù trân châu cho em nha quán ơiii.",135
220,Duy Anh Đào,9/2/2021 12:44,1.0,Đồ nóng để trong hộp nhựa mà k có giấy bạc lót đáy hộp thì gây ảnh hưởng xấu cho sức khoẻ do tạo ra chất độc hại. Bịch nước chấm để trong túi nhựa cầm cũng rất nóng. Cả gia đình mình k ai dám ăn.,135
221,Như Ý,1/7/2020 17:07,4.2,"Thường dim sum khá ngon, mình ăn cũng nhiều quán rồi không ngờ quán này dở vậy.
Mình đặt giao hàng và mở ra đồ ăn không giống như ảnh chụp, Fried Chicken trong ảnh là 5 xiên que tỏng khi mở ra thì chỉ có 1 cây mà làm nhìn như cháy cháy, k ngon như ảnh, 1 cây xiên que 59k??? 2 món còn lại đều ngấy ăn dc vài miếng thì k thể ăn nổi, 3 món hơn 200k thì quả thật không bao giờ đặt đồ ăn ở quán này !!!",137
222,Vy Tran,6/12/2019 21:41,9.2,"Khẩu vị rất phù hợp với người Việt mình, giá cả hợp lý, nhân viên nhiệt tình dễ thương nữa ạ",137
223,Trang Lê Châu,14/11/2019 21:03,10,Rất vừa miệng 👍,137
224,Lương Duyên,11/11/2019 21:54,10,Ngon!,137
225,Quế Minh,8/11/2019 21:22,10,"Ngon tuyệt vời 💟 Nhân viên tư vấn nhiệt tình, thân thiện. Mọi người nên ghé ăn thử khi đến crescent mall.",137
226,Nguyễn Tuyền,8/11/2019 20:47,10,"Một món ăn tuyệt, mới lạ ❤️ Nên ghé thử!!!",137
227,Như Hằng,10/10/2019 22:55,9.4,"Pancake xoài lạ và rất ngon
😂😂😂 nhất định sẽ thử các loại khác",137
228,Nhi Yến,10/10/2019 22:54,10,"Món ăn khá lạ và ngon, nhân viên tư vấn nhiệt tình",137
229,Lngcthintrang,21/9/2019 23:06,8.0,"🥟Lần đầu tiên và duy nhất dimsum Nga xuất hiện ở Sài Gòn. Người Việt mình còn khá xa lạ với các món ăn của Nga nên còn e dè, nhưng dimsum Nga cũng khá tương đồng với dimsum Trung Quốc, ở Nga người ta gọi là Pelmeni. Bánh có vỏ mềm, nhân là hỗn hợp thịt bằm, hành, tỏi, muối, tiêu,... ăn khá đậm đà, dễ ăn. Mình thử 2 kiểu là hấp và chiên đựng trong tô kèm thêm nhiều loại topping: thịt xông khói, hành tây, nấm được xào sơ thơm nức luôn. 
🥘Cà ri ăn vị cay, đậm đà, hoành thánh nhân giống của dimsum đầy ụ ăn 1 tô no lắm. Đặc biệt dimsum ở đây có cả loại nhân mặn và ngọt, bạn có thể chọn nhân theo ý thích nha. 
🍌Pancake chuối có lớp vỏ vừa vặn bên trong kẹp chuối cắt lát bên ngoài rưới sốt dâu và socola. .
🥗Và nhắc đến nước Nga hẳn phải nhắc đến salad Nga, ở quán họ trộn rau củ như khoai tây, cà rốt, đậu,... với sốt mayonnaise vị y như hồi nhỏ mẹ hay làm cho mình ăn vậy đó. Quán đã chế biến theo khẩu vị Việt nên cũng không khó ăn lắm đâu. 
Ai ghé ăn nhớ lưu ý cách ăn dimsum Nga đúng là đổ sốt vào rồi trộn đều lên ăn chứ đừng như mình, chỉ chấm với sốt nên thấy nó sai sai 😅. Ngoài ra món Pelmeni này còn có 1 tục lệ thú vị của Nga như bên Nga họ hay bỏ đồng xu, ớt, rau,... vào để tạo bất ngờ và mang ý nghĩa khác nhau, có thể search Google thêm để biết nhe 😌. 
Thêm nữa, anh chị đầu bếp trẻ người Nga hì hụi nhào bột làm bánh trong bếp nhìn thấy thương luôn. Quán nằm ở tầng 5 Cresent Mall nha, ai có ghé ngang nhớ ghé quán ủng hộ ẩm thực nước Nga ngon lạ, độc đáo này nhe 👍

🍽 Follow Instagram @foxdaholic để cùng ăn hết thế giới nhé.
Xem thêm",137
230,Nguyen Nguyen,18/9/2019 21:14,9.6,It was very tasty and beautiful. I will definitely come again.,137
231,Trần Hạnh,26/9/2023 13:02,6.0,Tuyệt vời,141
232,Nguyễn Nhi Lily,12/5/2021 21:27,8.0,"Vô tình tìm được quán Dimsum ngon, đúng ý, giá lại phải chăng. Bánh bao xá xíu hơi nhỏ được cái mỏng vỏ và bột bánh không nghẹn. Cảo điệp, xíu mại và cảo hẹ ngon đều. Trà bông cúc thơm và ngọt dịu. 
Nên thử nha mọi người.",145
233,Foodee_I7dje51k,14/4/2021 11:41,10,"Món ngon, gói đẹp, ủng hộ nè",145
234,Foodee_I7dje51k,30/3/2021 12:28,10,"Quán nhỏ ,chủ yếu bán mang đi, nói chung đồ ăn ngon, mình ăn lần 2 rồi vẫn ghiền há cảo tôm và sò điệp",145
235,Foodee_I7dje51k,29/3/2021 15:48,10,"Lần đầu đặt đồ ăn của quán, món ngon, đóng gói đẹp, sẽ ủng hộ quán :)",145
236,Linh Nguyễn,10/8/2022 21:03,8.6,"Mình ghé ăn buổi trưa nên không đông lắm, nhân viên tư vấn khá nhiệt tình. Món ăn ngon, mình toàn gọi bestseller nên mk thấy được, giá cả cũng ổn. Không gian sang trọng, khá là nhiều góc đẹp để chụp ảnh, nhưng mà quán bật điều hòa hơi lạnh. 
Điểm trừ: Chỗ để xe ô tô hơi xa.",147
237,Brown Amanda,2/8/2022 11:21,9.8,"Mặc dù cuối tuần hơi đông khách, nhưng món ăn lên cũng khá là nhanh. Nhân viên khá là nhanh và vui vẻ. Giá cả ổn so với túi tiền của mình và chất lượng món ăn. 
Mong nhà hàng sẽ có nhiều ưu đãi để được đi ăn nhiều hơn!!!",147
238,Jennifer Vu,27/7/2022 13:42,10,"Đây là 1 trong số ít quán mà mk cảm thấy dimsum khá là rẻ. Món xào và quay khá là ngon, hợp khẩu vị mk. Dù đã ăn khá nhiều vịt quay Bắc Kinh ở nhiều quán tại SG nhưng mk vẫn ấn tượng với vịt quay quán này. Thịt mềm không bị khô, da giòn và ngậy. Nếu ai đến quán mình nghĩ các bạn nên thử món da vịt gói bánh pía. Siêu ngon luôn
Về phần phục vụ, mình thấy mấy e này tương đối ngoan và lễ phép, gọi dạ bảo vâng, rất nhiệt tình tư vấn món.
Còn phần giá cả, mình đi 4 người, tb mỗi người hết hơn 200k mk thấy khá là hợp lý cho 1 trải nghiệm tốt.





























































































































































































































































































































































































































































































































































































































































































































































































































































































































































































































































































































































































































































































































































































































































































































































































































































































































































































































































































































































































































































































































































































































































































































































































































































































































































































































































































































































































































































































































































































































































































































































































































































































































































































































































































































































































































































































































































































































































































































































































































































































































































































































































































9
Xem thêm",147
239,Michelle May,24/7/2022 18:51,7.8,"Nhóm mình đi 4 người gọi các món như trong hình và trong bill. 
Ưu: Không gian quán rất đẹp, nhân viên nhiệt tình, gửi xe sát bên, trang trí món ăn bắt mắt, món bánh cuốn, cảo, hủ tiếu xào vịt quay, trà sữa ngon
Khuyết: Món Vịt quay Bắc Kinh khi kêu ra sẽ chia làm 2 món: da vịt cuốn bánh tráng > da không giòn, loại bánh tráng để cuốn khô nên cả món không ngon, còn hủ tiếu xào vịt quay thì ngon",147
240,Bella Hân,17/7/2022 17:49,9.0,"Món ngon ở đây thì kg phải bàn cải nữa quá ngon từ điểm tâm đến món xào, phục vụ ok nhanh nhẹn mấy bạn oder tư vấn nhiệt tình. Nên sẽ ăn hoài ở đây",147
241,Tuyet Ha Ho,14/7/2022 10:39,7.4,Mình đã đến nhiều lần thấy món ăn rất ngon giá lại rẻ.khung gian ấm cúng,147
242,Nhát Đoàn,13/7/2022 16:10,9.6,"Đây là lần thứ 2 mình quay trở lại quán. Đây là một trong số ít quán Dimsum ở Sài Gòn mà mình khá ưng ý về đồ ăn và view của quán. Món ăn vẫn giữ được chất lượng như cũ, dimsum ăn thật sự rất ngon và hợp khẩu vị của mình.
Nhưng điều đặc biệt khiến mình thấy thích nhất là nhà hàng đã cải thiện được thái độ của nhân viện. Khi mình đến các bạn đã niềm nở, nhiệt tình chào đón mình hơn, chủ động hơn, nhiệt tình hơn rất nhiều so với lần đầu mình tới quán.
Mong quán ngày càng phát triển hơn nhé, sẽ ủng hộ quán dài dài",147
243,Jessica Đỗ,12/7/2022 10:01,10,"Món ăn ngon , không gian ấm cúng , đồ ăn ngon & lên nhanh , đã ăn nhiều lần phục vụ ok nhanh nhẹn , mấy bạn oder rất nhiệt tình , tất cả nhân viên điều vui vẻ nhiệt tình 😘",147
244,Quang Thúy,12/7/2022 9:55,9.4,"Nhân viên tư vấn và đón khách rất nhiệt tình, thân thiện, món ăn rất ngon, giá cả hợp lý, món lên nhanh, nhìn bắt mắt 🤟🏻♥️ không gian quán ấm cúng, đẹp kiểu như ở HK vậy 👏🏻",147
245,Khò Khò,7/7/2022 17:28,9.0,"Menu rất nhiều món ăn đặc trưng của người Hoa, mà chất lượng thì khỏi bàn luôn, ổn áp và tuyệt zời ông mặt trời nhen. Hải sản tươi sống, bạn có thể chọn khi nó còn đang bơi trong nước.
Các món dimsum thì các bạn nên gọi hết để trải nghiệm. Nhân thịt, hải sản đều rất tươi, đầy ú ụ và đậm vị.
Nhất định phải gọi thêm vịt quay nha, thịt nạc mềm và thấm vị lắm da giòn ít mỡ siêu ngon. Không thua kém gì những quán vịt quay nổi tiếng của người Hoa. Cua thì tươi, to, xào với miến đều hết ý luôn, đậm vị Hoa luôn à. Xịn lắm. Đặc biệt bào ngư, ăn siêu ngon. Nói chung là mình rất vừa ý.",147
246,Thy Le,17/9/2023 9:42,2.8,"Mình đã có 1 buổi sáng chủ nhật thật tệ hại khi ăn ở chi nhánh Trần Khắc Chân. Đưa ba mẹ đi ăn sáng, mà cuối cùng ba mình phải bỏ về trước vì chờ đồ ăn quá lâu. Hỏi phục vu thì kêu thông cảm do sớm quá chỉ có 2 người, mình hỏi mấy giờ bên em mở cửa thì kêu là 7am, và khi mình ở quán ăn là 8:30am và khi đó ở nhà hàng ko có bất kỳ người khách nào ngoại trừ gia đình mình. Nếu quán ko có đủ người thì nên mở cửa trễ hơn vào lúc 10am hoặc 11am j đó để phục vụ đc sẵn sàng hơn nhé. Tiếp đến là mình ít khi nào phải dùng từ thẳng thừng thế này nhưng là DỞ HƠN BẤT KỲ NHÀ HÀNG HOA nào mình từng ăn, vì đã order từ lúc còn ba mình ở đó nên xem như 4 người hết gần 800k, mì khô vịt quay vừa khô vừa dai, hủ tíu bò kho nước dùng nhạt nhẽo, chỉ có món bột chiên trứng là tạm ổn. Măc dù được tặng voucher nhưng mình cũng xin để lại tại bàn, cám ơn nhưng chắc chắn ko bao giờ quay lại để cần dùng đến.
Xem thêm",154
247,Pham Huong,27/9/2022 22:31,2.6,"Đợi hơn 45p mới có món mà toàn đồ nguội ngắc lớp vỏ của mấy món hấp dai lại lạnh luôn , giá lại mắc , quá tệ…",154
248,Loretta Lee,25/9/2022 14:18,5.2,"đồ ăn ko quá ngon mà giá như nhà hàng 5* quận 1, đã thế thái độ nhân viên rất chán! phục vụ còn tệ hơn quán ăn lề đường!
ko quay lại",154
249,Foodee_81e9b014,8/5/2022 10:03,3.2,Nhà hàng nên xem xét và quản giáo lại thái độ và cách phục vụ từ quản lý cho đến nhân viên,154
250,Nga Tran,3/4/2022 16:45,7.8,"Không gian ở đây mình thấy rất đẹp nhưng giá lại rất là ok luôn không hề đắt, món ăn hương vị ổn, mình thấy ngon nhất là sủi cảo giấm đen nên thử nhe, có điều là phục vụ khá chậm và không linh hoạt.",154
251,Muciel Yu,13/2/2022 13:22,3.0,"Đồ ăn ở đây giá cả cao tương đương những nhà hàng trung hoa khác như Dimtutac, Ái Huê... mà ăn không đáng tiền. Há cảo xíu mại mỗi lồng chỉ có 3 viên mà ăn tại quán là 68k (69k?), Chân gà tàu xì thì k đc 2 cặp, chỉ có 1 cặp rưỡi, món Lá sách cà ri thì miếng lá sách nhỏ xíu mà còn ít, Hoành thánh sốt giấm hay gì đó mình quên tên r 89k!! viên hoành thánh thì ngon r (cả buổi chỉ thấy mỗi viên hoành thánh này là ngon) mà giấm thì chả ra vị gì, đồ ăn còn nguội chứ không nóng. Phục vụ thì ai mặt cũng đen thui, nhờ lấy cái này cái nọ thì mặt dửng dưng, k thèm đáp trả lại, thái độ cực kỳ khinh thường khách luôn. Chén đĩa dơ mình nhờ đổi lại xong bơ mình luôn, k phải mình ăn bỏ lum la đồ ăn lên bắt đổi mà lúc setup cho mình đã dơ r mình mới nhờ đổi. Trong khi quán không đông lắm phục vụ cũng nhiều mà không chu đáo chút nào. Mình nhờ hoặc hỏi chút xíu thôi mà nhăn mày lại, mình thấy rõ ràng. Đồ ăn ngon đi không nói, mà cũng k bằng mấy nhà hàng khác, mà giá tiền như nhau. Điểm cộng duy nhất là không gian đẹp, còn lại là CHÊ nha. 

Còn gửi xe thì nhà mình đi xe hơi tại đi 5 người, xong k cho chạy vô trong đỗ trong khi bên trong cả đống chỗ, xong phải xin cho đỗ thì mới cho vô trong ??
Xem thêm",154
252,Tracy Phan,5/1/2022 8:50,8.8,Quán phục vụ ổn tốt. Thức ăn khá ngon. Đặc biệt vịt quay BK da giòn mềm. Mình đi 6 nguời kiu 1 con chế biến 3 món ăn vừa đủ. Tàu hủ ky chiên rất ngon với sốt đặc biệt.,154
253,Amy Thai,30/11/2021 3:14,3.4,"mình có tiệc sinh nhật ở đây, đồ ăn cảm thấy nguội ko ngon, vịt quay bắc kinh thì dai lạnh ngắt, thái độ nhân viên phục vụ xem thường khách. Mình đã từng ăn rất nhiều quán dimsum nhưng quán này là dở và tệ nhất",154
254,Arian Nguyễn Bùi,26/11/2021 23:05,10,"Ngon và ngon, menu là mấy món phổ thông thôi mà món nào cũng có hương vị riêng nhất là dimsum, chồng mình thích nhất món chân gà tàu xì. Không gian sang trọng và nhân viên quan tâm khách, vì còn dịch bệnh nên phân chia bàn cách xa nhau. 2 đứa ăn 8 món 2 nước hết 550k, không thấy phần thu phí VAT. Sẽ quay lại, mãi yêu nhà hàng.",154
255,Phuong Tramm,28/9/2021 21:38,8.6,"Này là 1 trong số những quán điểm tâm chất lượng mà mình ưng ý nhất luôn, nếu ai có dịp đi sang khu Quận 6 thì nên ghé nhe 😗 Menu phong phú nên đi đông để thử đc nhiều món hơn, có vịt quay da giòn nữa áaa 😢
Mình đi 2 người gọi 5 món như hình + 1 ấm trà nhỏ là vừa đủ no á giá thì đâu đó 400 ka thui. Tàu hủ ki chiên tôm thịt ngon lắm nè, thịt tôm ở đây tươi và ngọt, ăn thấy sướng gì đâu 😆 Bánh bao liu sa tạm ổn, có trứng chảy mà vị ko rõ lắm. Bánh cuốn với xíu mại nhân đầy đặn, vỏ bánh mỏng đúng kiểu mình thích luôn. Chân gà tàu xì hương vị rất dễ ăn chứ k khó ăn đâu, ướp vừa miệng lắm á. Bánh củ cải hay gì đó chiên ăn giải ngấy okela hehe xD 
Rate: 9/10 vì service wa' nice và đồ ăn ngon huhu sẽ quay lại để thử các món khác
Xem thêm",154
256,Luận Lê,1/1/2022 22:14,10,"Mình biết đến quán là xem rivew của Chị Trinh và Anh Hòa Hiệp vô tình là địa chỉ cũng gần nhà mình. Tiệm không chỉ hấp tại chổ và có bán đồ tươi mang về tự hấp. Chất lượng phải nói là sánh ngang với nhà hàng Baoz, Cửu Long mà giá ở đây vừa túi tiền sinh viên như mình.",159
257,Kim Hoàng,13/6/2021 11:35,1.0,Liên quan đến ns HV,159
258,Ngọc Mint,20/5/2021 0:05,8.0,Trưa nằm lướt fb thấy quảng cáo. Mình lại thèm dimsum nên Vào hỏi menu đại luôn. Xong order liền 50 viên xíu mại tươi ship liền qua Tân Phú haha. Ship đến là còn sống hoàn toàn chưa đông đá. Yên tâm ko phải hàng đông lạnh . Hấp cho 3 mẹ con ăn ngay cho nóng. Vừa rẻ lại hợp vệ sinh và tiện lợi cho mùa dịch này.,159
259,Toả Võ,10/5/2021 10:48,10,"Dim sum ở đây rất đặt biệt,lớp vỏ mỏng k dày rất dễ ăn .bánh bao tuy nhỏ nhưng nhân ngon tuyệt vời... quán rất sạch sẽ . Nv thân thiện dễ thương . 
Mọi người nếu có cơ hội thì nên ghé ngang 903A*** Quận 5 để trải nghiệm nha",159
260,Lâm Bùi,10/5/2021 10:29,10,Món nào cũng ngon xỉu luôn á,159
261,Ngo Huy,3/5/2021 14:04,7.2,"Mới ghé mua về ăn thử , thấy đồ tươi chứ không phải hàng đông lạnh trong siêu thị . Ngon và giá ok hơn so với các quán nhà hàng khác",159
262,Minh Uyên Vũ,29/4/2021 19:52,9.8,"Mình ăn ở đây một vài lần rồi, theo cảm nhận của mình thì quán phục vụ rất nhiệt tình và có tâm luôn. Điểm cộng đầu tiên cho quán là thức ăn phải nói là siêu ngon luôn ấy, lần trước mình mua bánh bao xá xíu và lần này mình quyết định thử luôn vị còn lại🥰. Không ngờ là nó ngon đến vậy luôn í, bánh nóng hổi, trứng muối bên trong béo ngậy luôn mọi người ạ. Nói chung quán này không có điểm trừ rồi, cho quán ⭐⭐⭐⭐⭐luôn. Mọi người cũng nên dùng thử các món ở đây nha😍😍",159
263,Viet Hoang Thanh,17/4/2021 21:38,8.8,"Theo mình thì Rất đáng đồng tiền để ăn ở đây !
- Vị há cảo rất rất tươi và sạch
- Phần nhân của cục Há Cảo ... Cực kỳ Ngon ngon lắm .
- Ơ đây rất đúng hẹn thời gian giao làm mình hài lòng.

Mình cũng đã tìm được món ngon để lưu lại Favorite Foody nhâm nhi cùng gia đình rồi..

Cám ơn Hàng Xóm
Xem thêm",159
264,Thảo Nhi Võ,17/4/2021 14:18,10,"DIMSUM HÀNG XÓM👍 rì viu sương sương từng món theo cảm nhận của mình nha ☺️☺️☺️
1. Há cảo bó xôi tôm thịt: Vỏ bánh ko quá dày ko quá mỏng, bột ăn nghe mùi thơm thơm kiểu mới làm trong ngày á, nhân tôm khá là ngon vì tôm siêu tươi nhe mng, ko chê vào đâu được🧐🧐
2. Bánh bao xá xíu vỏ bánh mịn nhân bên trong ăn vừa miệng.
> Tóm lại, tìm được 1 quán ưng ý mà giá thành phải chăng ☺Nhân viên nhiệt tình nhe nói chung chưa tìm ra dc chỗ nào chê luôn á, sẽ ghé lại quán Mọi ng cứ đến tham khảo ạ chúc mọi ng ngon miệng❤️❤️❤️
Đánh giá ⭐️⭐️⭐️⭐️⭐️cho quán :))
📍DIMSUM HÀNG XÓM
Xem thêm",159
265,Nguyễn Ngọc Oanh,17/4/2021 14:03,10,"Mình không thể nào tin được là quán này mới mở trên Foody mà bán ngon như vậy luôn ấy. Mình không chỉ đánh giá cao về mặt hình thức, sự cẩn trọng trong các chuẩn bị đồ ăn kèm cho khách, mà Viên há cảo ở đây cũng cực kì chất lượng và cục nào cục nấy cũng ú nu như nhau.
Viên há cảo có lớp vỏ (theo cảm nhận mình) mình thấy thì nó mỏng, không quá dày, thơm nhẹ và dai. Cắn một miếng thì bên trong ngập thịt luôn. Mình là một đứa rất kén ăn nhưng mình nhận thấy được thịt ở đây khá tươi (không cần ăn kèm rau răm để kèm mùi đâu.)
Nói về nước chấm, nó khá là ngon. Không biết nói sao để diễn tả được. Sau khi trở thành khách quen của nơi này thì mình được biết thêm một thông tin, Nước chấm ở đây hoàn toàn là tự pha, có 1 không 2, hoàn toàn không đụng hàng với bất kì quán Dimsum nào.
 Ngon lắm mọi người ạ, em mê lắm ạ.◉‿◉
Giá ổn đúng không mọi người. Chỉ có 35k/1phan, lại được Freeship trong 3km nè. À mọi người nên kêu kèm bánh bao đi mọi người. Em thì em ghiền BB Kim Sa rồi. Nhân có vị trứng múi, không mặn nha, béo ngậy và cực thơm luôn.
Hãy thử một lần, nghiện một đời luôn nà!!!
Xem thêm",159
266,Van Luu,15/7/2022 11:35,8.0,"Nay lang thàn tìm quán tấp vào buổi trưa thì vô tình phát hiện quán này. Mà vị trí quán ko có nằm ở mặt tiền nha. 
Quán vừa bán chè vừa bán dimsum nữa. Mình gộ chè bát giới tắm tiên, có nguyên***hồng dễ thương lắm, ko nở ăn luôn 
Dimsum thì mình gọi há cảo kim tiền và tiểu long bao á. Vỏ mỏng mềm, nhân thịt, cũng ngon á. 
Quán còn nhiều món á mà mình đi 2 người ăn nhẹ thôi. Đợt sau sẽ thử các món khác",162
267,Vân Quỳnh,"07/06/2021 09:22:33,",9.6,"Pizza đế khoai tây ngon, ăn ko ngán, há cảo ok lắm.
...Xem thêm",171
268,Trần Kim Định,"06/06/2021 23:58:32,",9.6,"Đang thời gian cách ly, thèm dim sum nên đặt hàng giao về nhà. Quán đóng hộp nhìn sạch sẽ, chất lượng. Dim sum tôm, sò điệp ngon, chất lượng. Chấm thêm chút tương cà và tương ớt bá cháy.
Sẽ ủng hộ quán dài dài.
...Xem thêm",171
269,Foodee_Bpp4py04,"05/06/2021 12:05:35,",9.6,"Đã dùng và cảm thấy rất ngon nhe shop.. Giá cũng tốt nữa..
 Mng nên dùng thử.. Bảo đảm ghiền luôn!!
...Xem thêm",171
270,Chinhmina,"05/06/2021 12:01:56,",9.8,"Món ăn ngon
Nhiều món
Giá hợp lý với chất lượng
...Xem thêm",171
271,,,,,171
272,,,,,171
273,,,0,,171
274,Nhi Tố,13/11/2020 9:52,3.4,"1 phần mỳ xá xíu 40k mà ăn vài đũa là hết, bán 1 phần ăn mà như cho con nít 3 tuổi ăn vậy, 3 tuổi nó ăn còn k đủ chứ đừng nói người lớn,",172
275,Nhien Nhien,1/5/2022 17:04,10,Sủi cảo chiên ngon,174
276,Nhien Nhien,23/3/2022 17:32,6.6,"Sợi mì dai , nước lèo và sốt chấm ngon",174
277,Phú Phong Phanh,17/6/2021 21:10,4.6,"Quán mới mở gần nhà nên ra ủng hộ dù thấy giá ko hề rẻ. Mình mua há cảo nhân thịt về mở ra bánh cứng ngắc như còn sống;hoành thánh v bánh hẹ 12k/cái nhỏ xíu v khô queo. Nhìn phần ăn với giá tiền bỏ ra mà lắc đầu. Nước tương bán dimsum ko pha mà cho nước tương đậu nành Hương Việt, trước giờ chưa ăn dimsum quán nào vậy luôn. Quá tệ!!!Góp ý chân thành quán cần cải thiện chứ ko phải cứ trông vô mặt bằng đẹp ở quận 4 là xong!!!",175
278,Meimei Trần,25/3/2022 15:20,9.2,"DIMSUM 
Món ngon - Chuẩn vị
Đến với LC Foods bạn sẽ được thưởng thức món ăn mới lạ của người Trung Hoa - Dimsum. Với lớp vỏ mềm cùng bên trong nhân thịt đầy đặn tạo nên hương vị thơm ngon, hấp dẫn chỉ có tại LC Foods.
Gồm 3 loại: hoàn thánh, xíu mại, há cảo.
Nguồn nguyên liệu được chọn lọc kỹ càng và vô cùng bổ dưỡng.
Thử Dimsum tại LC Foods ngay!!
Sản phẩm đã có mặt tại một số siêu thị trên toàn quốc, đang chờ đón các bạn!
-------------------------------
📲 I.n.b.o.x ngay để được tư vấn miễn phí : m.me/thucphamlcfoods
🌐 https://lcfoods***
☎️ Hotline: 1900 636 975
#dimsum #hacao #xiumai #hoanthanh
Xem thêm",176
279,Dũng Phan Anh,21/5/2021 17:04,1.0,"Mình thấy quán mở gần nhà ghé mua ăn thử nhưng quá thất vọng:
1. Giá cả quá đắt, mình mua 1 phần há cảo sò điệp và 1 phần tôm thịt đặc biệt, 20k/1 PHẦN/ 3 VIÊN mà viên há cảo chả khác gì há cảo SIÊU THỊ, nhỏ tí như đầu tăm.
2. Mình đứng ngoài cửa nhìn vào thì thấy lấy trong tủ đông ra hấp lại, mình cũng không để ý nhưng hấp thì phải hấp cho kỹ chứ hấp mà nhân còn LẠNH NGẮT thì ai mà NUỐT NỔI.
 Tương thì còn lạnh hơn đá tủ đông.
Bán buôn như này khách ăn 1 lần chả ai dám quay lại LẦN NỮA.
P/s: hình này mình đã ăn thử mỗi loại 1 viên.
Xem thêm",176
280,Ying,22/4/2021 11:43,1.0,"Book taxi qua đến nơi , chỉ có 1 cái bàn nhựa ở ngoài cửa . Vào hỏi có bán không cũng không thấy ai . Mình tưởng có bàn ghế ở phía sau hoặc trên lầu nhưng bà***chỉ cái bàn nhựa ngoài hiên nhà . Omg , thật không còn gì để nói về quán . Cũng thất vọng khi lựa chọn tìm quán ăn trên foody",176
281,Pika Pu,18/12/2019 9:57,7.0,"Thấy quán gần nhà nên mình order về ăn thử. Không biết do giảm giá rồi bớt phần đi hay không mà thấy ít, phần xíu mại trong ảnh là 8 viên, mình nghĩ là quán sẽ làm có 6 viên nhưng nhận về có 4 viên thôi. Phần thịt tôm và vỏ bánh xíu mại mềm, nêm vừa ăn không cần phải chấm thêm. Khá hài lòng khi xíu mại mềm vị ổn như vậy, gói cũng xinh.
Mình order lúc 9h12p mà shipper còn nói quán chưa mở cửa, phải đợi gần 30p mới có ăn. Quán cách nhà mình tầm 2-3p đi xe máy. 
Mình dùng thêm mã giảm giá nên thấy ổn với mức giá và số lượng như vậy. Nếu để nguyên giá thì cao quá, ít nhất phần hơn 40k phải được 7 miếng. Sẽ ghé lại khi có dư dả hơn.
Xem thêm",176
282,Thái,18/12/2019 0:34,9.2,"Gọi chả giò cà ri gà, chả giò thịt bò và tôm chiên xù ăn trong lúc chờ lẩu đông trùng hạ thảo. Món nào cũng ok, chả giò lạ miệng, độc đáo, giòn, ngon. Lẩu đông trùng quá xá là ngon mà giá quá ok luôn. 1 dĩa đông trùng hạ thảo tươi này có 395k trong khi bình thường mình mua hơn 600k. Sẽ ghé ăn lại dài dài",176
283,Chang Chang,24/2/2021 17:32,9.8,Tìm trên Foody quán nào gần nhà thì ăn đại. Ai ngờ tìm dc quán này ngon mà rẻ nữa. Tổng thiệt hại: 187k bao gồm 2 li trà đá. Sẽ quay lại. Ít khi đề xuất mà ngon quá nên phải để lại cmt,178
284,Nancy Nguyễn,21/1/2021 15:31,9.4,"Ăn từ địa chỉ cũ giờ qua chỗ mới vẫn giữ vững phong độ. Giờ gần hơn nên chắc ghé thường xuyên hao tài quá đa. 

Chị chủ vẫn niềm nở nhiệt tình như xưa, còn ưu đãi thêm khi thấy khách quen. Menu cập nhật thêm vài món cũng ngon nghẻ. Mừng là giá vẫn mềm xèo không đổi.",178
285,Vu Tram Anh,2/7/2019 13:15,1.0,"Có đức xíu đi , mới đặt xong
vừa mới khỏi bệnh tiêu hóa xong, đậu xanh",179
286,Ngân Nguyễn,23/3/2019 14:10,1.0,"Đồ ăn nghe mùi rất tệ, như bị ôi thiu. Mình chưa bao giờ bỏ đồ ăn, nhưng vừa ăn xong 1 viên mình đã phải nôn ra và bỏ cả hộp.",179
287,Mẹ Tiểu Bảo,17/1/2019 14:43,2.6,"Order hơn một tiếng mới được ăn :) . May mà thấy khuyến mãi mua ăn thử, ko thì bốc shit. 
- nước lèo nhạt hơn nc ốc
- mì thì bở ko tưởng tượng được
- chả cá chua nhe, có phải mấy hôm trước bán ế hay sao mà hôm nay pr dữ rồi lấy đồ cũ chua lè cho người ta ăn. 
- Mình thề là bỏ cả tô luôn. 
Bán giá 20k cũng ko mua đâu!",179
288,Thanh Trúc,28/12/2018 18:21,4.2,"Há cảo ở đây cực kì dở tệ
Mình ăn mà như ăn bao ni lông v 
Há cảo nguội ngắt
Bột há cảo bên ngoài mỏng với cứ dai dai không khác gì đang nhai BAO NI LÔNG chứ không phải là bột há cảo nữa
Thề là không bao giờ quay lại đây một lần nào nữa",179
289,Khánh Trình Trần,26/12/2018 21:17,1.0,"Mình thích ăn dim sum, đặt kha khá món, về thiếu điều vứt. Dù có giảm giá mà vẫn tiếc tiền cực kỳ luôn.
Đợi lâu, há cảo nguội ngắt.
Vỏ xài bột gì đó, dai nhách, bao dở.
Nước chấm cũng ko ra gì.
Bánh bao có mùi mốc.
Tiếc tiền đánh bỏ vỏ lấy nhân nhai cho đỡ buồn..
Ko bao giờ quay lại, nhé.",179
290,Lan Nhược,21/12/2018 21:49,1.0,Trong hộp nước soup thì có vài cọng thun. Đồ thì nguội ngắt,179
291,Long,19/12/2018 13:27,3.4,"Đặt phần có trứng giao phần ko có trứng, kêu thêm mì lại ko có, nước dùng nhạt toét, gói nước tương bung ra hết",179
292,Bich Nhat,6/12/2018 14:14,4.2,Thành thật góp ý. Nếu quán bán với chất lượng như vậy sẽ không lâu bền đâu.,179
293,Chanson Nguyen,2/12/2018 9:01,9.0,"Ăn cũng ngon, gà chiên giòn tan, nước lèo thì vừa miệng. Có 2 miếng gà, giá cả phải chăng. Well-done duyệt",179
294,Foodyuser_01b4e85b,25/11/2018 18:45,3.8,"Thay vì giảm giá 40%, thì nên thay đổi chất lượng món ăn. Quá tệ",179
295,Hằng Nguyễn,21/10/2019 13:14,9.2,"🥟🥟🥟 Dìa quận 2 là phải lật đật đi rw quán Dimsum HK mới mở ở NTĐ-Q2 thân iu liền. 
#Ăn_sập_Quận2
#RW_Úmup

🌟 Quán mới mở nên menu chưa đa dạng lắm (thiết kế menu cũng ko bắt mắt lắm 😕), vỏ các loại bánh đều hơi dày và cứng, nhân bị nước hấp vô nên hơi nhão. Đó luôn là khuyết điểm của các món khi làm sẵn và để lâu hic hic. 
Gia vị nêm cũng vừa ăn. 👌 
🍝Mì khô bị dính cục và không đậm đà, hên bù lại có xá xíu ăn ok. 
🐔 Chân gà tàu xì nước sốt phải sệt và co đặc, nhưng ở đây thì còn nước lỏng, nên gà không được thấm gia vị lắm. 

🌟 Quan trọng là không có Giấm đỏ huhu, nước chấm Ú luôn pha phải có Nước tương, Giấm, sate tôm và Tương ớt. 

🌟 Không gian quán được decor theo kiểu HK rất đẹp, tha hồ cho bạn vừa ăn, vừa sống ảo. 

🌟 Theo kinh nghiệm, ăn rất nhiều qán, nhà hàng chuyên dimsum, Ú chỉ góp ý vài ý trên. 
Vả lại linh hồn của các món dimsum - điều qan trọng đầu tiên ăn thử Há cảo - Xíu mại ngon thì thực khách mới ăn tiếp các món khác. Hy vọng, những lần ghé thăm tới, quán sẽ ok hơn và khắc phục các lỗi nhỏ trên để ngày càng đông khách ủng hộ hơn nhé ♥
Xem thêm",182
296,Đôrêmông Nguyễn,21/6/2020 17:13,8.0,"Nhắc dimsum thì Bamboo ko phải lựa chọn đầu tiên, nhưng lại luôn có nhiều combo km mình ăn thấy giá hợp lý mà ngon. Nhà mình đi cuối tuần sau khi dạo Bến BĐ, đi bộ qua cũng gần nhưng hơi đông xe.
Cuối tuần nên foodcourt vắng vẻ, lại ăn trưa nữa nên được phục vụ tận tình, chu đáo hơn. Mình gọi 1 combo 5 món, 1 combo 3 món và thêm 1 món há cảo chiên do nhân viên giới thiệu. Đồ ăn nóng, ngon, 3 người ăn bao no phủ phê, tuy nhiên bên này ko phục vụ kèm nước nên hơi uổng. Mấy bạn nvien siêu nhiệt tình, mua thẻ ở quầy thẻ fd dư thì được trả lại tiền thối nhưng khoảng nạp vô và xài phải còn dư cỡ 150 đổ lại thôi thì phải.
Không gian ngồi được, sạch sẽ nhưng hơi lạnh. Giá oke.
Xem thêm",183
297,Heohaman,14/3/2020 16:48,8.2,"Mình lam ở đây, đang trong mùa bân nên làm khá tối và thường xuống foodcourt để ăn tối, là 1 đứa nghiên dimsum thì minh rất mê các combo của quán. Giá mỗi phần từ 29-35k trở lên nè, ngoài ra còn có các món nước và tráng miệng

Khá tiết kiệm khi bạn gọi combo 3-5 món để án chung 1 nhóm. Món ăn có khá nhanh khi tối la thời gian đông khách nhất 

Mình thường gọi các món như và nước chấm ngon la yeu to quan trong cua mon an:
- Há cảo tôm, sò điệp, cíu mại tôm rất ngon có tôm o trên, vỏ bánh mỏng.
- Chân gà la món must-eat của tụi mình: chân gà thơm mềm, đậm vị, lúc nào cung phải gọi món nay lun
- Bánh cuốn tôm: dk hai con tôm nè, tôm tươi nhưng lớp bột hơi khá dày so với mình cam nhan
- Bánh cuốn quang châu: này la món mới, ở dưới la lớp trứng hấp ăn kèm vs xá xíu va rau xa lách khá ngon và lạ miệng
- Bánh bao xá xíu: thịt bằm nêm nếm vừa miệng, lớp bột bánh mềm ko quá dày
- Ngoài ra có há cảo hoa hồng, bánh xếp, bánh xoài tráng miệng (không có hình) nhưng lớp bánh moi chien gion tan, nhân xoài ngọt dịu rất ngon nên thử
Xem thêm",183
298,Đôrêmông Nguyễn,17/11/2019 21:49,7.0,"Mình ăn trưa ngày thường nên ko đông lắm, nhân viên tư vấn nhiệt tình, combo cũng lợi mà ko rẻ lắm vs có mấy món ko được linh hoạt chọn. Món ăn ngon, bánh xếp hấp, xíu mại, há cảo thủy tinh oke, bánh cuốn có nước chấm kèm vị cũng ổn. Có gọi nước thì nhân viên quên mà cũng ko mang ra trước nhưng ra nhắc thì được. Không gian food court sang và sạch sẽ, chỉ ko được riêng tư lắm nhưng ổn hơn bên Aeon :)) Quán phục vụ tận bàn nên kiểu ko để khách mang ra bàn. Có thể TT momo được hoàn tiền nhưng cũng ko nhiều lắm nha.
Điểm trừ: nằm trong TTTM phải gửi xe và lên lầu các kiểu nên ko prefer kiểu có mục đích vào ăn lắm mà kiẻu tình cờ thấy ăn thử hoặc đã từng ăn thì mới quay lại thôi.
Xem thêm",183
299,Huyenvuthithanh,15/6/2019 12:41,5.4,"Mình đến vào trưa thứ 7 khách không đông lắm mà nhân viên vẫn quên món của khách. Mình ngồi đợi 15’ không thấy món lên, nhắc thì các bạn ấy mới kiểm tra lại, sau đó bắt đầu hấp lại và đưa món ra. Vậy mà các bạn ấy mang lên không một lời xin lỗi. Chuyện không có gì to tát, tuy nhiên thái độ như vậy thật không tốt.",183
300,Gia Khanh Nguyen,12/6/2019 12:47,3.6,Nghĩ sao món ni mà cũng bán đựoc trời. 55k chỉ có 3 miếng bò và hủ tíu thì dính cục cục. Ăn một lần ko bao giờ ghé nữa,183
301,Tường Vy Võ,23/10/2018 17:20,8.8,"Không gian thoáng mát, rộng rãi, dễ chịu, mình đi vào đầu tuần nên hơi vắng. Nhân viên phục vụ thoải mái, lên món nhanh cực, vừa ngồi xuống là có đồ ăn rồi :))))) giá hơi đắt so với bên ngoài nhưng với vị trí này thì mình nghĩ là khá ổn. Món ăn vừa miệng, thực đơn có nhiều lựa chọn, có thể sẽ quay lại.",183
302,Uyên Uyên,27/7/2018 21:12,8.4,"Không gian khá rộng rãi , nhân viên phục vụ hơi chậm .
Đồ ăn phải nói ngon cực , còn về chè ( chè khúc bạch thì toàn đường và đá mình khuyên mấy bạn đừng gọi ) , à còn bánh bao hoàng kim thì không ngon bằng các chỗ khác .
Tụi mình đi 2 người kêu tổng cộng 9 phần , 2 phần chè ăn khá no , mỗi người tầm 150k là ăn thả ga luôn . 
Chắc chắn sẽ quay lại nữa hihi",183
303,Thảo Nguyễn,15/7/2018 22:47,7.0,"Thấy review tốt nên tụi mình ghé ăn trưa luôn.
Lên món hơi lâu vì cuối tuần đông khách. Nhân viên order hơi chậm, món lên lâu nên ăn bị mất hứng ^^
Nhìn chung là giá trong khu này như vậy là quá ổn, chất lượng chấp nhận được. Chè khúc bạch hơi ngọt, chén toàn đá với nước đường thôi ^^",183
304,Hà Nguyễn,22/6/2018 20:26,7.4,"Cuối tuần dạo chơi khu này, thấy review tốt nên tụi mình ghé ăn thử. Menu khá nhiều món, gọi 8 món hết 4 món nên chỉ ăn nhiêu đây thôi ^^
Nhân viên dễ thương, nhưng bếp lên món lâu, có đúng 1 người loay hoay mãi, mà cuối tuần nhưng khu này ko đông lắm, chắc do mình ăn giấc chiều nên khá vắng. Chỗ ngồi ăn thì chung cho khu ăn uống luôn, bên cạnh có cô bán đồ ăn nhật khó chịu kinh khủng. Tụi mình ko ăn mà ngồi bàn gần như cạnh quầy đó, đi qua đi lại là lườm nguýt các kiểu :)) đúng sân si dễ sợ luôn.
Nói chung giá cả và chất lượng tương đối ổn, khắc phục khâu lên món nữa là 8 điểm.",183
305,Mai Lannn,5/6/2018 14:59,7.4,"Xíu mại tôm thịt 29k 4 viên, viên vừa phải, ăn rất chắc thịt chứ không phải kiểu có tí nhân.
Bánh bao sandwich xá xíu 29k 2 cái là bánh bao kẹp thịt xá xíu, có cả miếng cà chua cắt lát nữa, đúng tên sandwich.
Há cảo hoa hồng 29k : 4 viên, ăn như há cảo thịt thường thôi, bù lại vỏ hình hoa hồng trông là lạ. 
Bánh cuốn tôm : tôm non nho nhỏ, cắt sẵn 3 phần hộ khách. Cho lượng tương vừa ăn, lúc đầu thấy khô, nghĩ sợ nhạt mà ăn thấy vừa miệng. 
Tưởng mấy món này có sẵn ra nhanh nhưng mà ngồi chờ còn lâu hơn kêu cơm nữa cơ. Giá thành rẻ, đồ ăn chất lượng. Lần sau sẽ quay lại thử thêm các món khác, do lần này mình chỉ thèm dimsum nên chỉ kêu toàn dimsum.
Xem thêm",183
306,Nhi Tú,6/8/2020 21:22,3.4,"Mình đặt qua Baemin, nhìn hình nghe tên rất hấp dẫn, mình đặt cơm tôm sốt thơm chiên giòn sốt mayonnaise giá chưa sale là 70k, sốt thơm thì ko thấy, tôm chiên rất cứng, kiểu chiên đi chiên lại nhiều lần, thịt tôm rất khô, rất tanh, lớp bột nghe có mùi khó chiu và cơm cũng có mùi, sốt mayonnaise khá béo khá ổn nhưng ngán và lạc quẻ với tôm, hoàn toàn KHÔNG ĐÁNG 70k. KHÔNG CÓ LẦN THỨ 2",184
307,Trần Hạnh,14/6/2020 23:24,7.8,"Đang ở nhà lựa món ăn trưa thì search now vòng vòng ra chỗ này, nhìn tên cũng khá thú vị nên order thử xem, hình như có các chi nhánh khác nhưng mình chọn chỗ này gần nhất. Lúc đầu định ăn cơm gà giòn cơ mà đọc menu cái ra món tên thú vị khác là cơm tôm sốt thơm chiên giòn sốt mayonaise nên đặt thử, trong đầu hình dung ra món tôm chiên sốt thơm của người hoa ấy, thêm canh rong biển nữa. mà lát shiper gọi hết canh rong biển mà mình ko muốn cashback phiền shipper nên chọn bằng giá là kim chi luôn. Giao tới nhìn con tôm hơi thất vọng nhẹ, dù vẫn đúng là tôm chiên giòn mà ko hiểu sốt thơm chỗ nào, hộp đi kèm là sốt mayonaise nha, cũng bình thường à, tôm chiên chấm vô đây thấy hơi lạc quẻ, kiểu ngán ấy, kim chi ăn ok. Có dịp sẽ thử cơm gà
Xem thêm",184
308,YuYu Chime,5/3/2020 12:09,3.4,"Đặt xôi bát bửu mà nhận dc 1 cục bột nếp dẻo quẹo. Cơm gà chanh dây thì giao cơm gà kim sa, hột cơm thì lại khô queo. Rất tệ!",184
309,Zen Zen,10/1/2020 17:16,5.0,"Đặt qua baemin, thấy có sốt trứng muối lạ lạ nên mình đặt thử, sốt quá ngọt ăn với gà không hợp tí nào, gà khô, có cơm thì nón thôi, ăn cho biết chứ so với tầm gía thì có nhiều chỗ ngon hơn, phần này 35k nhé có add km của baemin",184
310,Lam Vân,31/12/2019 14:16,2.6,"Mình đặt giao hàng cơm tôm chiên sốt mayo + xôi gà bát bửu, đơn hàng giao đến nhìn sạch sẽ chất lượng, nhưng ăn thì :((( Cơm tôm chiên bột mà bột dày, tôm bé xíu, xôi gà bát bửu cũng chỉ là xôi nếp xong chiên cùng với trứng 😣 Giá thì mắc mà chất lượng thì thôi rồi. No recommend nhan mn 😢",184
311,Hoàng,30/10/2019 11:38,1.0,"Những ai có ý định ăn ở đây nên né ra. Phần cơm cũng ko hề rẻ mà chất lượng thật đáng sợ. Mình đặt 2 phần cơm gà sốt tàu xì. Nhận hộp cơm thấy cũng sach sẽ và bắt mắt, nhưng khi mở bao bì ra thì hỡi ôi cơm có mùi thiu, minh đành ăn gà không vậy. Gà thì khô queo nuốt không nổi thế là bỏ lun cả hộp cơm và gà. Làm ăn như vậy thì không tồn tại được lâu đâu.",184
312,Vin Ngụy,26/6/2021 18:39,10,"V được em gái giới thiệu quán này, đi nhiều người nên V thử cũng được rất nhiều nhiều món ở đây. 
Đầu tiên để nói là quán rất sạch sẽ, không gian thoáng, các bạn phục vụ cũng dễ thương.
Tiếp đến chắc chắn là món ăn rồi, menu đa dạng, phong phú, có rất nhiều món lạ, ngoài dimsum, cơm thì hủ tiếu .. thì các vị rất lạ & siêu ngon.. thật tình V muốn thử hết, nhưng vì cái bụng nho nhỏ nên chỉ chứa đc vài món V chụp ảnh + video ở dưới thôi nè. Phải nói chưa ăn ở đâu mà đậm vị, ngon & xuất sắc đến vậy hihiii
Cuối cùng là về giá cả, ngon thì phải giá hợp lý thì mới ưng cái bụng được chứ ^^ 
V ở xa nên nếu có dịp thì V sẽ ghé lạiiiiiii .. chắc chắn là như thế. Các bạn chắc chắn phải thử ăn hết tất cả menu của quán này đi nha hihi
Xem thêm",189
313,Dang Nhi,26/6/2021 13:43,9.4,"Mình từng ăn dimsum nhiều nơi ở Sài Gòn như Sanfulou, Dim tu tac, Tan hai van... nhưng mà mình thấy ở đây mình thích nhất luôn nè, ngon và hợp lý, mình thích món Tàu hũ ky chiên tôm và Mì khô cua xá xíu, nhân dimsum ở đây tươi.
Đặc biệt là giá thì quá trời hợp lý. 
View ngồi ăn cũng đẹp và thoải mái, thoáng mát, còn 1 điểm mình siêu thích nữa là anh chủ là người siêu kĩ tính hay sao nên mọi thứ đũa muỗng đều được bọc lại cẩn thận sạch sẽ, chứ đi ăn ngoài mình ngại nhất là đũa muỗng bị dơ, ở đây thì yên tâm nhất khoảng đó.",189
314,Oanh Phạm,15/5/2021 8:44,8.4,"Sáng thứ 7 thèm điểm tâm nên ghé quán
✨✨ quán có không gian rộng, có ngoài trời và phòng máy lạnh
🌸🌸 Mình và bạn order tổng 3 món
- Hoành thánh tứ xuyên 55k
- Hoành thánh xá xíu 65k
- Bánh cuốn sườn x.o 65k
Và 2 ly coffee bạc sỉu và đen đá
🍀🍀 Món ăn ngon, vừa miệng, gía cả hợp lí so với các quán Hoa mình đã ăn
Nhân viên thân thiện, nói chung ổn, ưng ý, nhất định sẽ quay lại để thưởng thức thêm nhiều món khác!
Xem thêm",190
315,Anh Thy,27/5/2020 18:55,9.8,"Không gian thoáng mát, có vườn hồng trên lầu rất xinh, riêng món beefsteak sốt ngon, thịt mềm mình rất thích. Thức uống ok, mình sẽ ghé lần nữa 😉",190
316,Thư Vũ Nguyễn,27/5/2020 18:54,9.2,"Hôm qua mình vừa ghé quán, quán vừa được sửa sang lại nên nhìn sạch sẽ và đẹp hơn hẵn. Không gian cũng được chia ra nhiều khu. Quán có cả 1 vườn xương rồng tha hồ check in sống ảo. Nước uống khoảng tầm 40k -50k, thích hợp đi với bạn bè, gia đình ngày cuối tuần. Không gian quán có rất nhiều cây xanh mini, có thể mua về nhà. Nói chung nếu bạn cần không gian thư thái, thả hồn vào thiên nhiên và tận hưởng cuối tuần vs 1 tách cà phê thơm ngon thì nên ghé quán thử 1 lần.",190
317,Nhung Le,27/5/2020 18:34,9.8,"Không gian thoáng mát, chỗ vườn hồng đẹp lắm luôn mà buổi trưa trên đó hơi nóng, nên cho thêm máy quạt nha. Thấy có bán cây xanh nữa, đa dạng lắm luôn.",190
318,Foodee_4dabf166,27/5/2020 18:04,9.4,"Khuôn viên rộng rãi nhiều cây cảnh, mát mẻ, yên tĩnh. Thức ăn giá cả tương đối chấp nhận được. Thuận tiện cho họp nhóm, tập thể và cá nhân ngồi thưởng thức cà phê.",190
319,Trang Lê,27/5/2020 17:56,10,"Cuối tuần em Quân trồng cây tặng Mẹ🌿🌿☘️
#BÉ_CON_NGÀY_CHỦ_NHẬT_XANH…",190
320,Calla,27/5/2020 17:46,7.6,"Quán khá yên tĩnh và nên thơ, không gian cây xanh đẹp, dịu mát..
Món ăn ngon
Sẽ đến lần sau",190
321,Zayce Huang,19/8/2018 16:06,5.0,"Đây là lần thứ ba nhà mình ghé. Càng ngày càng không ngon và hơi mất vệ sinh.
Mình order 2 phần bánh cuốn tôm, lúc ăn vào thì có mùo của con gián (không ăn được luôn), điểm tâm thì ăn được, món chân gà thì oknên nhà mình order nhiều. 
Nhân viên chậm chạp. Tính tiền rất lâu và thu thuế V.A.T hơi mắc.
Quán không gian không rộng cho lắm.",190
322,Oanh Lê,29/4/2018 8:56,5.4,"Mình ăn ở Hoa Viên Phú Thọ cũng đã khá nhiều lần và mình rất hài lòng về món ăn ở đây. Mình cũng là một người dễ tính nhưng hôm nay mình thật sự rất không hài lòng ở sự chuyên nghiệp trong phục vụ thực khách.
Bình thường thì mình chỉ ăn ở bên dưới lầu nhưng hôm nay do cả nhà mình đi đông và không còn bàn dành cho 10 người ở dưới lầu nên cả nhà phải lên lầu ngồi. Vì có trẻ em nên mình ngồi gần khu nhà banh và cái bàn chưa hề được set up. Một lúc sau thì chén, dĩa, nước,... bắt đầu được đưa lên. Nhưng chỉ có nước là được 1 chị nhân viên nữ set up cho thực khách, còn các thứ còn lại thì anh nhân viên đem cả chồng để lên bàn rồi thôi.
Mong Hoa Viên lần sau rút kinh nghiệm vì điều này làm mình cảm thấy không chuyên nghiệp và thiếu quan tâm đến khách ạ.
Xem thêm",190
323,Minh Thư,26/2/2018 11:16,7.8,"Hoa viên Phú Thọ: 4 Lê Đại Hành quận 11 #saigon
✨Quán sân vườn siêu to, rất dễ thấy. Giữ xe miễn phí.
✨Mình đi sáng mùng 2 Tết nên rất đông, phụ thu 20%. Nhân viên chạy liên tục mà còn không kịp, nhưng các món đều lên khá nhanh.
✨Nhà mình gọi khá nhiều nên không nhớ hết tên món. Mình định gọi mì ý, nhưng nhân viên nói là các món xào thì 11h trưa mới bắt đầu phục vụ nên mình chuyển qua hủ tíu mì hoành thánh cũng khá là ngon. Latte mình uống cũng ổn. Mấy món còn lại cũng ổn hết đó.
✨Nếu có dịp mình sẽ quay lại vào một ngày vắng khách hơn.
Xem thêm",190
324,Hồng Mai,27/4/2022 11:12,9.6,"TUYỂN SỈ TOÀN QUỐC
Trở thành cộng tác viên của LC Foods có lợi ích gì? 😀
👉 Với chi phí đầu tư thấp. Bạn muốn kinh doanh để kiếm thêm thu nhập? Vậy thì hãy nhanh tay về đội LC Foods thôi nào!!
👉 Với tiêu chí ""Ngon & lành"" thực phẩm LC Foods luôn lắng nghe và thấu hiểu khách hàng, không ngừng nỗ lực tạo ra những thực phẩm sạch, tiện lợi, tiết kiệm để đáp ứng nhu cầu khách hàng.
Thực phẩm LC Foods đạt tiêu chuẩn quốc tế và có mặt tại các siêu thị lớn nhỏ khắp cả nước.
Đặt hàng ở LC Foods vì :
✅ Thương hiệu uy tín
✅ Hàng luôn có sẵn
✅ Bình ổn giá
✅ Giao hàng nhanh chóng
LC FOODS - SỰ LỰA CHỌN HOÀN HẢO
Hãy liên hệ với chúng tôi để được giá ưu đãi và còn nhiều những chính sách khác.
-------------
☎️ hotline LC Foods: 1900 636 975.
📲 I.n.b.o.x ngay để được tư vấn miễn phí : m.me/thucphamlcfoods
🌐 https://lcfoods***
#tuyensi #tuyendaily
Xem thêm",191
325,User,28/2/2021 20:33,2.6,"hôm nay mình đặt đơn 133k cá viên về ăn nhưng bỏ đi nhiều phần vì bị chua ở cá viên , dưa leo thì bở bở cũ ra gói lâu rồi , thiệt tệ chỉ có đậu bắp là chiên mới . Quán buôn bán như vạy đó",191
326,Nguyễn Thuý Bắc,4/11/2020 22:08,10,"nay shop chạy deal 1k và 11k quá chừng.
mình đặt 1 phần bánh bao trứng tôm (2 cục), 1 phần cá viên (8 cục), 1 phần viên hải sản phô mai kéo (3 cục) tổng 36,5k cả ship. tiệm cho thêm dưa leo đu đủ với cái gì đó lắc ớt ăn ngon kinh khủng.
cá viên giòn dai đặc, không phải kiểu chiên phồng lên xong nguội xẹp đi đâu mà nguội vẫn phồng tròn căng. bánh bao ngon, viên hải sản phô mai ngon.
không nghĩ có tiệm bán viên ngon vậy. 10 điểm không nói nhiều.",191
327,Thắm,2/8/2020 20:32,4.2,Bánh muối nhuyễn bị mốc ngay khi vừa nhận được. Quán ko kiểm tra kĩ trước khi giao cho khách,191
328,Quang,29/1/2020 8:07,4.8,"Menu không có giá cả , súp cua thì lỏng như nước canh không có độ sệt và nhạt cả món Tokbokki cũng khá nhai khá bột nhiều và nhạt",191
329,Như Huyền Phan,19/10/2019 16:05,2.8,"Vừa đặt hàng tại quán, món mực cuộn khoanh 2 xâu 3 cuộn bề dày bằng ngón tay à? Sandwich cá hồi 3 miếng hình tam giác bằng 1 đốt ngón tay, rõ ràng là 1.5 miếng cắt ra đó. 
Đây là toàn bộ.",191
330,Châu Huỳnh,5/9/2019 9:23,8.2,"Lâu lâu đi ăn bên thủ đức thì quyết định ghé quám cá viên ăn thử vì thấy khá đông. Có 2 quán đối diện nhau nhưng mình chọn quán cá viên số 3 lam sơn không có bán nước(bạn vẫn kêu nước bên kia được) vào xem menu khá bất ngờ vì giá thành không rẻ lắm. Thôi thì ăn thử vì nhiều món lạ. Kêu 1 dĩa lúc đem ra, má ơi 1 dĩa khủng lồ cùng dĩa đu đủ ăn kèm. Ăn thử cá và bò, mình đảm bảo chất lượng khác hẵn những quán khác. Cá dai, bò cảm thấy không có tí bột nào luôn. Hoành thánh dồn cá nhà làm, chủ quán giới thiệu nhiều món do chính quán làm nên độc quyền, mà ăn không nổi.
 Ăn no căng bụng, thấy giá phù hợp với chất lượng. Tình tiền thì chỉ có hơn 100k (bill tính dư 1 món nên còn khoảng 110 mấy). Thấy tính ra cũng rẻ. Sẽ ủng hộ dài dài. 
Điểm trừ mưa thì không có chỗ ngồi
Xem thêm",191
331,Hien Tran,16/8/2019 21:55,10,"Mình đã ăn rất nhiều quán cá viên, nhưng cá viên Lam Sơn là quán mình thích nhất. Vì quán có đa dạng món ăn ngon, sạch, bổ rẻ, phục vụ rất rất tốt.. Sẽ tiếp tục ủng hộ quán nhiều hơn nữa❤️❤️",191
332,Dung,15/1/2019 11:40,8.6,Quán rất đông vào buổi tối. Nhân viên đông. Nhìn có vẻ chuyên nghiệp.,191
333,Tung Phan,18/8/2019 15:04,4.2,"Hôm nay mình đặt 2 phần: xíu mại và bánh xếp với giá 46k/phần(km 40% còn 28k). Xíu mại 4 viên, bánh xếp 2 miếng như hình. Không có miếng rau nào ăn kèm. Bánh bình thường như ăn vỉa hè, ko có gì đặc biệt.",192
334,Son An,24/11/2021 22:16,9.6,Ăn quán này quài không ngán luôn. Tuần ăn mấy lần combo nhức nách này. Tả pín lù xào bơ cay với mì trộn đặc biệt xuất sắc nha quán.,194
335,Sơn Bình Giang,20/11/2021 23:28,9.6,"Đúng là món thấy nhiều người đặt nên ăn thử, ngon thiệc nha. Tả pín lù xào bơ tỏi tặng trà chanh rất ngon",194
336,Yen Ho Quach,20/11/2021 23:28,9.6,Chỗ này có mì gà viên ăn lạ miệng nè. Mì cay cay với gà thì lắc phô mai. Ăn cũng ngon,194
337,Nguyen Huu Tuan,16/11/2021 22:31,9.6,1 hộp mì trộn đầy ụ luôn mà có 33k ko tin được lun đó,194
338,Nguyễn Phương Hằng,16/11/2021 22:27,9.6,Gà lắc phô mai chỗ này ngon lắm nhiều mà phô mai thơm cực kì,194
339,San Ý Hà,11/11/2021 22:21,9.6,Khoai tây với gà lắc chỗ này ngon nha. Gà ko xương ăn cũng đã mồm nữa 🤣🤣🤣,194
340,Ha Min Chang,10/11/2021 23:43,9.6,"Cá viên chiên thì mình ăn cũng nhiều nơi rồi, nhưng quán này theo mình giá vừa rẻ, đồ ăn ngon và hợp khẩu vị mình nhất. Ăn cũng khá nhiều lần ở quán rồi, lúc nào cũng 1 hộp đầy ụ kèm theo 2 ly trà chanh mà có 99k thôi",194
341,Nguyen Minh Tri,9/11/2021 22:06,9.6,"Mỳ trộn đặc biệt nhìn dậy chứ ko phải dậy đâu, phía dưới mấy cục đậu bắp kia là sự ẩn mình của cây xúc xích với mấy cục cá viên nữa mà công nhận là mì hơi bị cay nha, ai ăn k cay nhớ dặn trước 😁😁",194
342,Hau Khanh Mac,6/11/2021 18:44,9.6,"Thiệt sự tới công chiện dới cái quán này chứ, 1 phần tả pí lù có 69k tặng thêm trà chanh siu ngon nữa, đặc biệt xào bơ tỏi hơi bị ngon lun á chờiiiiii",194
343,Han Hanh Luu,4/11/2021 23:26,9.6,Quán giao đồ ăn vẫn còn nóng được cái lót giấy thấm dầu với đóng gói cũng sạch sẽ. Duyệt,194
344,Thao Phuong,5/11/2021 21:37,9.8,"Quán chỉ bán mang về , đa dạng các món dimsum . 
Vị ngon ,40k / phần. Nhân há cảo , xíu mại tươi. 
Quán sạch sẽ , vị trí dễ tìm .",198
345,Oanh 06,25/12/2020 12:39,1.0,"Quán cbi đồ ăn lâu, đặt mỳ hoành thánh mà không giao nhân, chí có nước và hành, ko để sđt để liên hệ khi có vấn đề",200
346,Conyyyy,18/11/2020 11:45,9.4,Ngon,200
347,Ngô Huyền Trang,17/9/2020 12:23,9.6,"Món ăn ở Ana ngon, nóng hổi mà còn hợp túi tiền ❤❤👍",200
348,Ngô Huyền Trang,10/9/2020 12:14,9.6,"Không những đồ mặn ngon, mà chè cũng làm xuất sắc nữa , ngon, thơm 🥰👍",200
349,Ngô Huyền Trang,28/8/2020 19:55,9.8,"Lần đầu đặt ở Ana, dimsum nóng hổi, đồ ăn ngon tuyệt, giá cả vừa phải, tuyệt lắm 🥰👍👍",200
350,Ngô Huyền Trang,27/8/2020 11:11,9.6,"Đồ ăn nóng hổi, thơm, ngon, và giá thành rẻ. Tôi rất thích 👍👍❤",200
351,Phan Tuấn,21/8/2020 11:16,9.4,"Đồ ăn ngon, giá hợp lí, sạch sẽ👍mình rất thích 👍😍",200
352,Huong,31/7/2020 18:40,5.0,"Bánh cuốn nhão nhớt và bủn . Đồ đông lạnh rồi hấp lại chứ không phải bánh cuốn tươi 
Mình đặt 4 món . Chất lượng chỉ tạm ổn . Còn khẩu phần thì rất rất ít",200
353,Sushi Ngô,19/6/2020 12:30,9.4,Ngon xuất sắc luôn Ana 👍👍😍,200
354,Minh Khôi,19/6/2020 8:56,9.0,Một buổi sáng nộp đủ năng lượng cùng ANa food . súp hoành thánh nóng hổi . nước súp thơm ngon vừa ăn . mì xào thì đầy đủ tôm.mực . nói chung là ok . ngủ ngon .bổ.rẻ .😀😀👍,200
