UserID,User,Review Time,Rating (10),Comment,RestaurantID
1,Nguyễn Thanh Bình,4/1/2023 9:54,2.6,Đi ăn gần 800k về xuất hóa đơn gửi mail tính có 2 cái khăn 11.000 :))Xem thêm,1
2,Lưu Phạm,21/9/2022 9:08,9.8,"Lẩu ngon, nhân viên nhiệt tình, sẽ quay lại lần nữa.Xem thêm",1
3,foodee_eyp9dqnp,17/9/2022 12:49,9.8,Quán ăn ngon nhân viên vui vẻ nhiệt tìnhXem thêm,1
4,tanhtuan3,16/9/2022 13:11,10,"Xịn xò lắm mn ạ, quán đang có checkin tặng trà sữa, siêu ngon luôn ạ. Đáng để thử nha mn, một ly có 39k thôi mà chất lượng lắm luônXem thêm",1
5,tanhtuan3,14/9/2022 22:28,10,"Món ăn ngon, nhân viên nhiệt tình, dễ thươngXem thêm",1
6,Trần Như,14/9/2022 7:29,10,"Đồ ăn chất lượng, nhân viên chăm sóc khách hàng chu đáo nhiệt tìnhXem thêm",1
7,Gia Huy Đậu,13/9/2022 23:27,10,"Bực mình quá đi
Gì mà nhân viên dễ thương, đồ ăn ngon quá zãy.Xem thêm",1
8,anhong6149,13/9/2022 23:11,10,Wonderfullllll ! Seafood very nice !!Xem thêm,1
9,Nguyễn Duy Tân,13/9/2022 23:07,10,Ngon ơi là ngon :))Xem thêm,1
10,Nguyễn Duy Tân,13/9/2022 23:04,10,Rất ngon ạ. Lẩu rất đậm đà đủ vịXem thêm,1
11,cẩm tú,4/9/2024 19:29,5.0,"Dịch vụ tốt, món ăn ngon, phục vụ tốt ,sạch sẽ ,thoáng mát hơnXem thêm",2
12,foodee_e80f9u5g,23/8/2024 10:18,5.0,"Nhà hàng mình rất đẹp và sang trong,món ăn ngon và đẹp mắt,khẩu vị thì miễn chê .không khí thì thoáng mát nhìn nhà hàng mình lộng lẫy và nguy nga,giá cả phải chăng,Xem thêm",2
13,foodee_uor00yia,21/8/2024 17:48,5.0,"Quán đẹp,đồ uống hợp khẩu vị!Xem thêm",2
14,trunganh,21/8/2024 13:55,5.0,"Rất ổn, thái độ okXem thêm",2
15,Nhung Hồng,20/8/2024 17:39,5.0,Dịch vụ phục vụ tốt 10 điểmXem thêm,2
16,Hoang Tuyen,20/8/2024 9:01,10,Địa điểm vui chơi sạch đẹpXem thêm,2
17,Hợp Tướng Thị,17/8/2024 14:08,5.0,Dịch vụ tốt.mời mọi người đến trải nghiệmXem thêm,2
18,trang.tran,16/8/2024 14:56,8.8,Dịch vụ tốt.thức ăn ngon ạ.mọi người nên đến để trải nghiệm nhéXem thêm,2
19,Hiền Võ,16/8/2024 12:56,10,Dịch vụ tốt.thức ăn ngon ạ.mọi người nên đến để trải nghiệm nhéXem thêm,2
20,Lieu Lieu,15/8/2024 20:39,9.8,Địa điểm đẹp đáng để đi đến 1 lần để biếtXem thêm,2
21,Cao Thị Hương,27/9/2024 14:17,5.0,Thật là thú vịXem thêm,3
22,Nguyễn Hà,27/9/2024 13:37,5.0,Tốt đáng để mọi người trải nghiệmXem thêm,3
23,hiền,25/9/2024 20:03,7.0,Trên cả tuyệt vời rất nhiều cảnh đẹp đểXem thêm,3
24,Nguyen thitram,25/9/2024 19:03,5.0,Thật là thú vịXem thêm,3
25,Vương tường Vy,25/9/2024 12:36,5.0,Thật là thú vịXem thêm,3
26,Vương tường Vy,25/9/2024 12:35,5.0,Thật là thú vịXem thêm,3
27,Vương tường Vy,25/9/2024 12:35,5.0,Thật là thú vịXem thêm,3
28,trinh,25/9/2024 10:00,5.0,Thật là thú vịXem thêm,3
29,Bui Lan Anh,23/9/2024 14:52,5.0,Thật là thú vịXem thêm,3
30,Huyen Trang,22/9/2024 9:40,5.0,Thật là thú vịXem thêm,3
31,Xuân  Thảo,30/8/2019 21:31,5.2,"Đồ ăn quán nhiều,  hải sản tươi,  đồ ăn phong phú,  nhưng rau câu lá dứa hơi nhạt chút, giá tiền có hơi cao chút,  phục vụ nhiệt tình,  nhưng quán nên đổi ghế thành ghế dựa để khách được ăn thoải mái hơn,  ns chung là buffet béo khá là ok 😅Xem thêm",4
32,Cường Duy,30/3/2019 21:55,2.2,"thêm thuế 10%, nước lọc 15k là ko ổnXem thêm",4
33,Tài,11/10/2018 22:54,8.2,"Dô thì chuẩn bị đồ thì cũng khá nhanh. Nhân viên phục vụ thì nói chung cũng nhiệt tình. Món ăn thì hơi cũ nhưng ướp thì ngon okkkk. Quán rộng rãi có điều hơi nóng :)) 
> quán khá okkk. Có thể sẽ quay lại nữaXem thêm",4
34,Xanh May,8/10/2018 17:02,7.8,"** quán có không gian mở, dễ tìm, gửi xe miễn phí.
** Hồi trước thì k tính phí VAT 10℅, nhưng giờ áp dụng rồi. Đồ uống, khăn lạnh đều có VAT hết.
** Đồ ăn k tươi lắm, nhưng tẩm ướp đuợc.
****Đồ nướng khá đa dạng. Thịt heo thì có nạc, ba chỉ, lòng, tim gan. Gà có đùi, cánh, chân gà, philê nữa. Ngoài ra còn có cá kèo, mực, bạch tuộc, chạo, xúc xích, thịt cuốn lá lốt, 1 2 loại ốc vs sò.
**** Tôm ko có trên quầy. Đi bao nhiêu người thì đc cho bằng đó con.
**** Rau củ ăn kèm hơi ít. Chi có rau sống, đậu bắp, cà tím, khoai lang thôi.
**** Đồ nguội cũng khá nhiều loại. Có súp, mì xào hoặc mì ý, bánh hỏi, cơm chiên, cari bánh mì, khoai tây và cá viên chiên. Ngoài ra còn có gỏi vs bắp cải muối chua. Mình khá kết món bắp cải muối.
**** Có trái cây, chè hoặc sương sáo tráng miệng.
** Đồ ăn lên cũng khá nhanh. Nhân viên cũng nhiệt tình, gọi thêm than là có liền.

***Quán k chật, nhưng khá nóng, nên lắp thêm hệ thống quạt.
*** Nên thêm nhiều xô đá. Bàn nào đông khách mới để sẵn đá. Mà mỗi lần gọi thêm đá thấy khá phiền, nhất là đi ít người.Xem thêm",4
35,Oliver Paul,23/5/2018 16:52,8.2,"Really enjoy this place away from all the hustle and bustle in a smaller street.  Fresh seafood, meats and vegetables. Last time they even had some awesome spaghetti bolognese. Initially the service is good but later it takes some flagging to get some ice. Waiters are busy playing on their phones.  But it's OK. If you come later in the evening they sometimes run out of fresh fish, but at least that proves that it's fresh. Not sure why they can't refill at least the fruit if it runs out. Will definitely visit again. 99k during the week and 119k on weekends.Xem thêm",4
36,Mót,6/5/2018 21:55,7.8,"Đã ăn 1 lần , đồ ăn hợp lý so với giá nhưng chưa đc phong phú lắm, lên món hơi chậm, nhưng giá vậy là cũng ok rồi . Nói chung ăn cũng ngonXem thêm",4
37,Ly Nguyen,1/5/2018 18:09,5.6,"Tới sớm mà món nào cũng hết. Ốc sò gì cũng nhỏ xíu. 99k chưa tính thuế 10% và phí dịch vụ 10% nữa, nc tính riêngXem thêm",4
38,namnguyen16190,25/4/2018 21:37,10,hôm nay tới đồ ăn ok hơn bên chú tèo.... nhưng lên món lâu... nói chung là ok . không gian thoáng....Xem thêm,4
39,Mai An Nguyen,7/4/2018 0:38,2.8,"Nghe mọi người review tốt mà thấy giá cả cũng hợp lý ,nên vào ăn thử. Sao mình thấy Đồ Ăn Không Tươi thì phải,kiểu đc ướp gia vị nên mình ăn khó phát hiện. Ăn xong về làm mình với bà chị đau bụng quá chừng 😿😿😿. Mà nghe nói thực phẩm thịt thà ở đây nhập khg tươi đâu nên giá mới vậy. Đúng là tiền nào của nấy, chưa kể không gian m cũng không thấy mấy sạch sẽ, ruồi và bụi nhiều . Cứ nghĩ đến ăn thực phẩm kh sạch để cả buổi ruồi bâu vào rồi lớp khói bụi mỗi lẩn xe chạy ngang bám vào vì sát mặt đường 😭😭. Thôi mình googbye cái quán này từ đây ,ăn xong về quằn quại nguyên đêm chả ngủ đc,a Tào cứ ghé thăm suổt. Đây là vài ý kiến riêng của mình,hy vọng các b sáng suốt khi chọn quán ăn,giá rẻ thì chất lượng khg thể nào có đc. Chưa kể hôm nào đi chơi với ng iu mà bị dí thì khổ, chưa kể nhóm gia đình có trẻ nhỏ và người lớn nữa. Ăn uống mà khg đảm bảo vệ sinh thì khổ như mình huhu...Xem thêm",4
40,Hương Nguyễn,1/8/2017 9:26,5.6,"1. Cách bố trí bàn của quán quá sát nhau gây khó khăn cho việc di chuyển. Phải nói là người này ngồi quay lưng sát vào người kia luôn
2. Quầy chén, dĩa, kẹp gắp, đũa,.... không đủ số lượng phục vụ khách. Lúc nào mình lại đó lấy cũng không có. Đến nỗi bạn nhân viên phải đưa kẹp gắp trong xô nước đá bạn đang cầm lun
3. Đồ ăn chỉ có vài món, thấy nhiều như vậy chứ thực ra là trùng nhau hết. Mực bạch tuột thì chỉ mới đem lên chừng 2 phút sau là hết. Còn tráng miệng thì có đậu xanh, sương sáo mà đem lên rất là ít so với số lượng khách có mặt nên không nói thì các bạn cũng hiểu thế nào rồi đó.Tóm lại là bạn nào muốn ăn thì ráng mà ngồi bàn gần khu đồ ăn ak.Xem thêm",4
41,vy,10/1/2022 14:51,4.2,"Nhà mình mới ăn ở đây và sẽ không bao giờ quay lại nữa.
Ban đầu mình định ăn Hutong, nhưng vì Hutong tạm ngưng hoạt động nên mới ghé vào Manwah vì nghe nói là đây ăn cũng okie, vào ăn rồi thì thật sự thất vọng về thái độ phục vụ.
1. Ngày mình đi quán cũng không gọi là đông lắm, mình được giới thiệu gói buffet 498k/người, được chọn món trong menu giới hạn, ban đầu họ mang ra dĩa bò và rau, nấm,  chọn nước lẩu nhúng, sau đó nhà mình có gọi thêm bò và rau thì ngồi đợi móc mỏ cũng không thấy mang ra, chỉ thấy mang ra mấy thứ như là phù trúc, đậu hũ, mì, khoai môn, cá ngừ lát, còn bò và rau tuyệt nhiên không thấy? Mình cũng kiên nhẫn đợi mà đợi mãi cung không thấy mang ra--> Chắc chọn món cho vui thôi còn mang ra hay không thì hên xui quá. Ngay cả dĩa rau để nhúng lẩu cũng không mang ra thì thực sự là quá tệ. Đợi mãi chán chường nên quyết định nghỉ ăn và tính tiền ra về.
2. Khi khách đang ăn thì nhân viên phục vụ ngang nhiên lấy lại ipad mà khách đang chọn thức ăn như vậy là không chấp nhận được và quá bất lịch sự. Vì bạn đang ăn gói buffet, khi muốn mượn thì phải hỏi ý kiến khách là có dùng thêm gì nữa không hoặc em xin phép mượn lại ipad nhé, chớ sao ngang nhiên lấy lại không nói tiếng nào như tát vào mặc khách vậy.
Tổng kết là hai vợ chồng và 1 bé nhỏ ăn hết gần 1.1trieu mà quá thất vọng về thái độ phục vụ của nhân viên, mình có complain với bạn quản lý thì bạn cũng xin lỗi, nhưng viết lên đây để các bạn biết mà rút kinh nghiệm. Vì ban đầu gđình cung ko nghĩ là đi ăn buffet kiểu này, chỉ thích ăn kiểu tự do ăn bao nhiều trả bấy nhiêu, còn nhà hàng đã ra gói buffet nếu sợ vượt quá hay ntn đó thì nên qui định rõ combo như thế nào, chứ như vậy quả thật là khá bức xúc.Xem thêm",5
42,Meo Cú,5/10/2020 13:23,7.0,"• Manwah Hotpot xuất hiện ở Vincom Q9 cũng lâu rồi mà giờ mình mới có dịp thử. Nằm ngay tầng 4, khá dễ thấy.

• Mình đi vào chủ nhật nên có 2 giá buffet là 329k và 359k thì phải. Mình chọn gói 359k vì có thêm buffet nước và tráng miệng. Ban đầu mình tính dùng gói hssv nhưng mà phải đăng ký code gì gì đó trước 3 tiếng nên thôi.

• Menu có nhiều loại thịt, hải sản, rau nấm các loại. Bò tươi, khá ổn. Tráng miệng chất lượng. Thứ duy nhất khiến mình không thích là nước chấm, có thể do mình tự pha không ngon đối với khẩu vị của mình. Ăn dễ ngán. Tổng bill gồm 2 người lớn, 1 trẻ em + VAT khoảng 1tr200.

• Không gian đẹp, bàn ghế san sát trông hơi tù túng.

• Các bạn nhân viên thân thiện, lịch sự. Cashier có ánh mắt lạnh và sắc như dao.

• Cân nhắc quay lại.Xem thêm",5
43,Anh N,1/10/2020 16:15,8.2,"được khen nhiều nhưng mình ăn thấy cũng bình thường, khá nhanh ngán
nhân viên siêuuuu dễ thươngXem thêm",5
44,Nguyễn Yến,30/1/2020 21:19,9.4,"Mình đi ăn nhiều nơi, nhưng mình khá ưng Manwah. Nước lẩu đậm đà, nước chấm cũng ngon, và mình khá thích buffet line vì có nhiều món, nhân viên ở đây cũng nhiệt tình vui vẻ, pv chu đáo. Hợp với giá tiền mình bỏ raXem thêm",5
45,Nguyễn Ngọc Ngân,29/1/2020 13:48,8.0,"Đã lâu rồi ko quay lại đây, nay có dịp đi cùng bạn qua đây ăn. Nay quay lại hơi bất ngờ vì giá ko thay đổi nhưng nay nhà hàng có thêm nhiều loại tráng miệng mới... Lúc trước đã đa dạng từ món thả lẩu, và quầy line cũng đa dạng ko kém, nay giá vẫn vậy mà nhiều món hơn ( có cả mông, vai cuừ nữa ) lại càng thích. Mình Sẽ quay lại và ủng hộ tiếp ^^ chúc Manwah năm mới nhiều thành công mới :)Xem thêm",5
46,Tien Tien,21/1/2020 18:10,8.0,"Mình thấy chương trình khuyến mãi dành cho học sinh, sinh viên giá vé buffet còn 199k nên đi thử. Nhà hàng nằm ở tầng 4 của Vincom Lê Văn Việt. Gửi xe ở Vincom tốn 6k nha. Không gian cũng thoải mái. Mình dùng chương trình học sinh nên còn 199k/ 1 người mà giá này thì bao gồm đồ ăn, nước uống và tráng miệng luôn nhưng không bao gồm hải sản. Giá vé bình thường thì sáng trưa 269k còn chiều tối thì 299k. Buffet cũng khá là đa dạng với nhiều loại thịt. Có núi thịt như trong hình, có khói toả ra nhìn hấp dẫn cực kì. Có 4 loại nước lẩu. Nhân viên dễ thương, nhanh nhẹn, vui vẻ.Xem thêm",5
47,Thùy Thùy,11/1/2020 10:27,4.4,"Bữa mình ghé đây vì có ctrinh hssv. Mình đi với gdinh 4 người mà hay ăn Manwah rồi nên lúc order có ghi luôn 1 món đó gọi 2-3phan để ăn 1 lần khỏi kêu nữa.
 Mình ghi 5 phần mì tươi mà bạn nhân viên đem 1 phần thôi, mình mới kêu thêm 4 phần nửa (đi 4 người mỗi người 1 phần mì) bạn ấy đem ra mà hỏi: ""chị nhắm bàn mình ăn hết ko?"" 
Ok thế là mình kêu từng phần cho bạn đem lên đem xuống đi bộ cho khỏe.Xem thêm",5
48,Vũ Ngọc Phước,8/1/2020 23:24,7.4,"Lần thứ 3 ăn ở đây rồi, dịch vụ ở đây đã được cải thiện hơn những lần trước, món ra nhanh hơn, trình bày đẹp hơn. Về chất lượng món ăn thì vẫn tuyệt vời!Xem thêm",5
49,Tháo Tào,20/12/2019 16:23,9.2,"vẫn trang thái củ 
vẫn ngon
vẫn tuyệt
giá vẫn rẻXem thêm",5
50,lâm,18/12/2019 12:37,9.6,"Hôm nay lại hẹn với bạn thân đến Manwah, lúc trước đến đây thì nói chung là không có gì phàn nàn, nhưng lần này thì phải review nha cả nhà oi.
1. Đồ ăn đầy đủ hết nha, cái này lúc trước không được nè, còn có thêm nhiều món mới. Cho 1 like vì có tiến bộ
2. Nhân viên chu đáo hơn, hỏi han nhiều hơn. Ăn xong có chị ql ra hỏi thăm các kiểu, minh hơi ngại, nhưng thấy cũng hay
3. Phiếu cho lần này là nước uống mới nè. 1 bình SIÊU TO KHỔNG LỒ, mà đúng vị mình thích Hồng Sâm, siêu ngọt ngào, nhưng món này hơi có men rượu, bạn nào order xin lưu ý.
4. Tráng miệng tuyệt vời, tủ kem hết xảy.

Nói nhiều sợ bạn ko tin, hehe nên tới đây thôi.Xem thêm",5
51,Ninh Anna,5/9/2019 10:45,7.0,"Mình mua vé buffet 147k chưa bao gồm VAT và nước. VAT + nước tầm 200k/người nhen. Vì là buffet nên ăn thoả thích nè, hết thì kêu tiếp. 
Đồ ăn đa dạng có lẩu, sushi, bánh xèo, thịt heo xiên và xúc xích nướng + 1 số món khác mình k nhớ nhen. 
Đồ nhúng lẩu có bò, gà, heo, mực, tôm, cá hồi, cá viên và các loại rau nấm.
Điểm trừ lớn nhất là phục vụ chậm nè, đợi hơi lâu mới mang đồ ăn ra.Xem thêm",6
52,Trâm Huỳnh,26/8/2019 14:07,9.6,"Món ăn khỏi phải bàn luôn, ngon tươi còn nhanh nữa, mình là fan cứng của nhà hàng luôn, nhân viên thì vui vẻ nhiệt tình, view có kính nhìn được bên ngoài rất là thích nữa. Sẽ luôn ủng hộ nhà hàng!Xem thêm",6
53,Phương Linh,9/7/2019 22:28,7.8,"Đồ ăn cũng  ok lắm,  buffer lẩu ăn thỏa thích luôn,  nhân viên phục vụ cũng tận tình lại hỏi thăm 👍Xem thêm",6
54,Thọ Lê,9/7/2019 22:19,9.0,"đồ ăn rất ngon 
ngân viên phục vụ tận tình chu đáoXem thêm",6
55,Tiến Hữu,25/6/2019 10:15,8.2,"Hôm trước vào vicom cũng ghé quán dùng thử buffet 196 xem sao. Vào quán thì trước tiên được cái view mà trời đang mưa thì đẹp thôi rồi. Nhân viên thì vui vẻ hoà đồng. Mình chỉ dùng lẩu nên đồ ăn thấy cũng lên nhanh tầm 3 4 phút gì đó hải sản thì ok tươi nước lẩu ngon mình không nhớ nhầm thì là nước lẩu nhật việt, trong bản menu buffet còn nhiều món nhìn ngon mà rất tiếc ăn lẩu no quá nên thôi. Nói chung đánh giá thì OK giá cả hợp lý vừa túi tiềnXem thêm",6
56,Thuong Corleone,3/5/2019 14:23,2.6,"Chỉ có thể dùng từ này để diễn tả: PHÍ TIỀN
Mình đi vào 1 buổi tối trong tuần, không phải cuối tuần, nhưng là buổi tối. 
Quán này hầu hết nhân viên từ phục vụ tới thu ngân tới đầu bếp là các em sinh viên làm thêm, quán dc 2 em nấu bếp, 1 em thu ngân và 1 hay 2 em chạy bàn. Các em nói chung là rất nhiệt tình với khách chỉ trừ các điểm sau:
1 - là quên order, mình gọi tới gọi lui mấy lần vẫn đem thiếu và sai
2 - là không biết các chương trình khuyến mãi của quán gì hết, hỏi thì phải ra hỏi lại rồi hỏi tới hỏi lui rất mệt
3 - quán cũng ít khách nhưng không hiểu làm gì mà lên món rất rất chậm thời gian để được phục vụ món đầu khoản 15p hơn, làm từ thiện cảm ban đầu về sự nhiệt tình của các em mất hết và mình hứa là sẽ không bao giờ quay lại quán này hoặc quán khác cùng hệ thống cùng công ty này.

Nếu thấy 3 điều trên chưa đủ tệ thì điều dưới này sẽ làm nhận định của mình đúng hơn và sẽ thấy quán kinh khủng tới chừng nào.
Chất lượng của thực phẩm, không phải là tệ mà là cực kỳ tệ. Cá không phải là không tươi đâu mà là ươn nhé. Mực thì ăn nghe mùi thuốc tẩy, há cảo chiên thì nghe mùi bột giặt. Tất cả toàn là hàng đông lạnh có vẻ để rất lâu rồi. Chưa nếm thử thịt nên không biết vì order 2 3 lần mà các em không nhớ để đem ra. Chưa kể cơm thì bở và chảy nước.
Chưa kể nước chấm thì lung tung, không rỏ món nào ăn cái nào, đũa muổng các em cũng không đem đầy đủ phải kêu tới 2 3 lần.
Dù các em có trình bày món ăn đẹp, và nấu nêm nếm không đến nổi nào nhưng do chất lượng thực phẩm quá tệ nên ra món ăn không ra gì

mình đi 2 người có mã giảm giá 30% nhưng thanh toán cũng 600k hơn. Bỏ 600k ra không ăn cái gì ra hồn, rước 1 cục tức tối về phải ăn mì gói.Xem thêm",6
57,anmanthau,5/4/2019 9:51,9.4,"Hôm qua có đi ăn cùng bạn ở đây, mình thấy có deal giảm giá nên mình mua trên adayroi giá 336 giảm còn 256 mà có cả sashimi nên ăn thử, bạn mình thì ăn được sashimi còn mình thì không ăn được đồ sống nên gọi mấy cái sushi ăn thử. Cá nhân mình thấy sushi ở đây bình thường, có cơm cuộn ngon, cuộn cá ngừ mayonnaise, cuộn chiên giòn ăn rất ngon, ngoài ra thì sushi california cay và phủ cá hồi ăn cũng ngon lắm nè. Các bạn nên dặn nhân viên lấy ít thôi chứ không 1 phần tận 6 viên ăn no không ăn được cái khác nữa đâu. Ngoài ra bò BBQ vừa miệng, bánh khoai tây ăn cũng đc, sụn gà rán ngon. Về phần sashimi bạn mình nói ăn cũng ok, không quá tươi nhưng cũng không đến nỗi tệ, béo và ngon. Lần sau tới chắc mình dùng gói 147 vì gói ăn cái này dễ no quá, toàn cơm, nhưng mà  ngon ^^, nhân viên ngoan nhưng phục vụ hơi chậm. Nhà hàng cần cải thiện thêm nhiều để có khách.Xem thêm",6
58,Vyvy_0209 Nguyễn,1/3/2019 14:08,10,"Đọc thấy nhiều review chê nhưng mà thử vô ăn coi sao thì chời ơi 😮😮😮😮😮😮.................đồ ăn ở đây siêu ngon mà, chắc tại mình dễ ăn :3 Sushi chiên giòn k bị cứng như mấy chỗ khác, thơm mùi gừng và béo vị mayonaise. Bánh xèo ngon hơn ở Aka House, rau chín còn giữ đc độ giòn, k quá nhiều bột, sốt thơm và béo. Ầy ôi ngon lắm. Mình thì k ăn đc đồ sống nên mình chỉ ăn mấy món này thôi. Lần tới mình sẽ thử lẩu vì ăn sushi no căng ròi :)))))) 
10dXem thêm",6
59,chesecake,20/12/2018 1:18,8.4,"Mình dạo vincom cả 2 vòng tia tia quán này vì view đẹp kaka nên mình quẹo vào ăn thử. Mình đi vào lúc trưa nên có vẻ hơi vắng. Menu đa dạng giá tiền cũng hợp lý dù hơi cao đó. Quán có mấy chị nhân viên dễ thương nữaaa. Mình vào gọi combo gì đó 89k í có mì udon với cả chảo cơm chiên với bò hay gì í mình quên mất tên. Nhưng từ lúc chị nhân viên đem món ra thì mình kiểu:” Thơmmmmm quáaa” )))))))))) Lúc ăn cũng ngon nữaaa nên mình nghĩ là mình sẽ ủng hộ quán mỗi khi vào vincom hihi . Kể cả rau, kimchi, salad cũng ngon. Nên thử nhéee 
À lúc tính bill sẽ có cộng thuế cỡ 8k đóoXem thêm",6
60,Phương Rachel,17/12/2018 22:04,6.4,"Mình đến đây cũng vài lần rồi nằm ngay trong trung tâm thương mại nhưng cũng không đông lắm. Đến đây thường sẽ gọi theo combo lẩu, thịt nướng, cá nướng, cơm cuộn còn sashimi và bánh xèo, cơm cá hồi, udon gọi riêng
. Thịt nướng, cá nướng là cái ngon nhất khá vừa miệng. Có thể gọi theo phần cơm có kim chi dễ ăn 
. Sashimi cắt mỏng không đều cũng tạm được 
. Bánh xèo bình thường không đặc sắc lắm vì nhân toàn thấy rau củ
. Lẩu chua cay nêm vừa miệng ăn no căng nhé. Hồi đầu mình nhìn cứ tưởng ít nhưng mà ăn nhiều cực nên kêu thêm 1 vắt mì nữa là được rồi
. Cơm cá hồi khuyên là không nên ăn vì nhạt nhẽo tanh. Thực ra mình định kêu thêm cá hồi ăn sống nhưng nhầm sang cái cơm bento này chứ không định kêu
. Udon kèm với cơm ăn được. Nêm nếm vừa miệng nhưng mà tô nhỏ lắm nhé
. Cái kinh khủng nhất là Trứng Hấp. Phải gọi là DỞ KINH. Chả có vị gì không thơm mùi gì luôn. Lần đầu tiên mình ăn trứng hấp Nhật dở như vậy mà còn đợi lâu nữa. Bỏ được miếng tôm nhỏ xíu còn bên trong không có gì hết
Không gian trang trí sáng sủa theo phong cách Nhật. Có chỗ ngồi sát kiếng nhìn ra ngoài nhưng view toàn nhà là nhà. Nhân viên mới cũng hơi lơ ngơ xí
Nên đầu tư vào món ăn nhiều hơn nữa nếu muốn giữ chân kháchXem thêm",6
61,foodee_02450fd6,27/4/2026 14:22,2.6,"Nay nhà tui ăn lẩu 2 người 759k, nước coca 30k/lon. Bao chặt chém. Bao dở. Chủ quán lùa lùa như lừa đảo. Vô 1 lần không có lần hai. Quán phải nói là bảo tệ.Xem thêm",7
62,Levo Minhanh,9/9/2023 12:50,10,Quán bán đồ ăn nhon rất chất lượng vệ sạch sẽ nhân viên thân thiện đồ ăn ko quá mắt ai cx ăn đc thấy có ng chê nhg chắc mỗi người một ý chứ gđ bb đi ăn khen còn giới thiệu đối tác đồ tới ăn nx ai cũng khen quán có a chủ nói chuyện tiw vắn rất dthg trc khi ăn đc tư vấn giá r mới lên chứ ko chặt chém hay mắt như mn nói quán làm rất có tâm ăn từ 2016 tới hXem thêm,7
63,foodee_d06bd0ff,3/5/2022 20:49,6.4,"Đoàn 17 người ăn 3 cái lẩu, 3 dĩa cá phèn chiên, 31 lon bia, 17 hủ yaout tính 6.3 triệu. Mọi người lưu ý, thức ăn ngon bằng cái lẫu 400k là full optionXem thêm",7
64,michael,26/2/2022 16:10,1.0,"Khuyên chân thành mọi người đừng bao giờ đến quán này, thái độ coi thường khách, chặt chém, nồi lẩu 3 người 600k như nồi lẩu 200k ở vỉa hè, mặn kinh khủng. Nói chung là một đi không bao giờ quay lại.Xem thêm",7
65,Bao Duy Huynh,15/3/2021 12:14,8.8,"Tôi biết lẩu mắm Phong Lan này từ ngày xưa quán còn nằm ở cầu Sài Gòn. Sau này mở rộng Xa Lộ HN nên mới chuyển xuống đây.
Quán rộng rãi thoáng mát, khung cảnh mang đậm chất dân dã.
Hôm qua tôi mời gia đình người bạn đi ăn, vào Foody để tìm hình để gửi cho bạn nó tham khảo. Nhìn và đọc bình luận của các bạn trẻ, tôi nghĩ chắc quán đã đổi chủ và phân vân có nên đi tới hay không vì khá xa nhà?
Sau khi thưởng thức đồ ăn thì cảm thấy rất ngon miệng, không như các bình luận trên của các bạn. Có lẽ khẩu vị mỗi người mỗi khác, cũng có khi các bạn trẻ giờ đã quen với vị trà sữa rồi nên cảm thấy lẩu ở đây mặn? Lẩu mắm mà không mặn một chút thì có lẽ không ngon!
Nhân viên phục vụ nhiệt tình, anh chủ quán chu đáo chỉ dẫn khách cách ăn thế nào để đạt khẩu vị ngon nhất.
Món ăn được báo giá ngay lúc khách đặt món nên khách sẽ cân đối được ""túi tiền"".
Ăn xong được nhân viên mời ra bàn khách để uống trà, kèm mứt gừng (khá cay), bạn nào thích có thể ăn thêm hũ sữa chua tráng miệng.
Nói chung là khá ổn, điểm trừ là không có ghế em bé và thanh toán tiền mặt!Xem thêm",7
66,foodee_rlfi9p5o,2/11/2020 15:03,1.0,"Lẩu bình thường, chẳng có gì là ngon xuất sắc như review. Giá thì chặt chém khỏi nóiXem thêm",7
67,Jeny Tăng,10/3/2019 21:24,6.0,"2 vc mình cũng đọc cmt nhưng do gần nhà mà đang thèm lẩu nên ghé ăn
Bước vô quán không gian rộng rãi thoáng mát nhà vườn gần sông nói chung hài lòng không gian
Thấy mấy bạn cmt lẩu có mấy con tôm càng mà giá tính đầu ngươi 150k nên định bụng kêu ko tôm vì ở nhà mới ăn tôm xong
Bưng ra cô chu phục vụ rất nhiệt tình mà hương vị thì thôi nó mặn mà nó ko lấy j xuất sắc như cái giá chát của nó
Lẩu có 4 - 5 khúa cá ( là thêm cá r á nha, ko lấy tôm thêm mấy khứa cá tính bằng giá tôm), 4 cục bò vs 1 cục ca viên , 3 cục heo quay mặn lòi, 2-3 miếng mực cắt xén nhỏ xíu xiu y như bầm nấu cháo, tàu hủ chiên hình vuông ( wtf, lẩu mắm mà bỏ tàu hủ??!) mấy miếng cà tím
Dĩa rau có đủ loại rau nhìn cũng bắt mắt , chấm dc phần rau
2 đứa ăn tệ hơn ăn lẩu ngoai hàng bình dân mà giá trên trời, tổng cộng 440k ( lẩu 350k, nước ngọt 60k/2 lon, hạt điều bưng ra ăn hay ko kệ 25k, khăn 6k total 440k)
Thề ko bao h quAy lại
Mắc cũng dc nhưng làm ơn nấu ngon vs topping ngập mặt giùm cái
Quán vắng có ban mình vs 1 bàn kia mà mấy bạn kia tính ra mỗi đứa 450k, uống vài lon bia vs cái lẩu vs dĩa cá phèn, trơi mạ
Định lấy tiền bù cho quán ế cả ngày hả ta
Khu vực quán là heo hốc bò tó quận 9 o miệt 
Đóng góp, nếu quÁn lấy lẩu chừng 150k thề sẽ rủ bạn quay lại còn h thì chắc ko dám qua lại nữaXem thêm",7
68,bebu,18/6/2018 16:53,3.4,"Lẩu cũng thường, giá chát, không menu không bảng giá, bill viết tay chữ không đọc được món nào hếtXem thêm",7
69,Ha Pham,7/6/2017 18:00,9.4,"Anh người yêu mình rất thích lẩu mắm, cứ tìm các quán lẩu mắm ở sài gòn mà ăn thôi hihi. Hôm ấy mình tìm được quán này trên foody, tuy xa trung tâm nhưng hai đứa vẫn quyết đi vì tình yêu lẩu mắm. Đường tới quán khá dễ đi, thẳng 1 đường nguyễn duy trinh, rồi quẹo phải là tới. Mình đi từ quận 10 mà khoảng chừng 35 40 phút là tới nơi. Quán chủ yếu là bán trưa chiều. Nhưng lúc mình tới là 7 rưỡi tối, quán chỉ có 2 đứa mình. Vậy mà chú làm ở quán vẫn phục vụ tận tình. 
Mọi thứ ở quán mình đều ưng hết. 
Đầu tiên là món lẩu mắm, mình và anh người yêu thích nhất là rau. Rau đủ các loại, và có nhiều loại bông nữa. Lẩu mắm cũng khá nhiều nhân, vị nước ngon. Điều làm mình hài lòng là tất cả gia vị, đồ dùng ở đây đều là loại chất lượng, đến chai nước mắm đưa cho khách nêm thêm cũng có nhãn mác đàng hoàng. Nước ngọt có nhiều loại nước nhập. 
Không gian sân vườn, rộng, thoáng, lúc mình tới buổi tối nên chả chụp được gì, hẹn chú ở quán sẽ quay lại ban ngày chụp choẹt một ít.
Chú làm ở quán rất nhiệu tình, hướng dẫn cách ăn lẩu mắm, khăn giấy, nước rửa tay, bồn rửa tay đều chỉ tận tình. Thứ tự bỏ các loại rau, rồi ăn rau trước ăn bún sau không kẻo no. Tụi mình định gọi thêm món khác nữa mà lẩu mắm đã quá no nê rồi, đợi dịp sau đi đông người vậy.
Lẩu mắm ở đây tính giá 150k/1 người nếu không có tôm. Có tôm thì cộng theo thời giá, cũng hợp lý. So với các chỗ lẩu mắm khã trong sài gòn như lẩu mắm 140 trần huy liệu, lẩu mắm bà dú,... thì giá này không đắt xíu nào. Nhưng chất lượng thì okie lắm, đáng để các bạn yêu lẩu mắm thử. 
Nói chung chắc chắn sẽ quay lại.Xem thêm",7
70,Phuoc Pham,25/2/2015 16:06,7.4,"Nhà hàng này rộng và mát lắm luôn, món chính là lẩu mắm, ăn khá okie. Hôm mình ghé quán được thử qua món cá chiên giòn cuốn bánh tráng rau sống. Đây là một loại cá chiên lên giòn rụm luôn, ăn đã lắm, cực kỳ thích món này mà cá này tên gì mình quên mất rồi ^^ Lẩu mắm ở đây tùy theo đầu người chứ không tính theo phần, ăn no lặt lè luôn. Khoái nhất là đĩa rau ăn kèm, quá trời loại rau luôn, mình bảo đảm nhìn đĩa rau là thích liên, vừa tươi xanh vừa phong phú nữa. Lẩu mắm ăn cũng okie, có tôm càng, bao tử cá, cá viên, cá tươi..... Ăn no phè phỡn xong đi xung quanh khu nhà hàng này hóng gió cũng sướng lắm.Xem thêm",7
71,Pooh Luv Food,27/2/2020 13:45,6.8,"Quán khá xa, mình chỉ đến đây khi có việc ở gần khu này. 
- Không gian: cũng khá rộng rãi và thoáng, gọn gàng sạch sẽ, buổi trưa nếu không chọn được chỗ ngồi gần quạt thì hơi hầm 1 chút
- Phục vụ: lần nào đến ăn được 1 lúc là thấy quán đông khách, nhưng cũng không phải đợi quá lâu. 
- Chất lượng: ở khu này tìm quán ăn thì có lẽ quán này là chất lượng nhất rồi, 1 tô bún thịt chả cũng đầy đặn, bún ơi ít so với mức ăn của nam, nước dùng vừa miệng. Sữa chua cũng ngon nhé.Xem thêm",8
72,Ngân Kim Trần,3/1/2019 23:48,8.0,"Đi đâu ăn bún bò cũng không thể nào sánh dc với bún bò ở đây. Có lẽ do mình ăn quen rồi. Có 1 khoảng time quán bị chê nhiều. Nhưng giờ quay lại ăn mình thấy ngon y cũ, thịt nhìu, bún nhiều. Rau muống bào nhuyễn, tươi ngon. Phục vụ cực nhanh luôn. Hehe. 
Bình thường mình ăn to vừa là no nóc luôn. 
Nói chung theo khẩu vị mình là mình thích ăn bún bò Huế ở đây nhất.Xem thêm",8
73,Hoàng Anh,5/8/2018 15:22,1.0,Bánh bột lọc hấp ko chín khi kêu nhân viên ra nói thì nhận đc thái độ phản ứng vô cùng tệ và thậm chí mất dạy. Kêu với mình bánh sống khách tự chịu mình mới nói làm vậy ko đúng thì người nhân viên oder và tính tiền đá ghế dằn mặt cực mất dạyXem thêm,8
74,Ngọc Huyền,9/6/2018 23:29,6.8,"Quán này có tuổi đời lâu rồi nên hầu như ai đi du lịch cũng đều ghé qua, đó là lý do sáng mình đến lúc 7h đã thấy quán chật kín bàn. Trên bàn là đũa muỗng, nước mắm, sa tế (khá cay) và mắm nêm. Ngoài ra còn dĩa chả cây nhà làm ăn kèm bún bò, tuy nhiên do có vị lá dính vào nên ăn hơi đắng. Khi gọi bún bò sẽ có dĩa rau đi kèm theo, rau tươi bào sợi ăn hợp vị. Tô của mình là tô vừa, nước dùng ngon ngọt, nhưng sợi bún hơi mềm, ăn có cảm giác ngán. Tráng miệng bằng hũ yogurt 7k 1 hũ, mặc định để trên bàn, bạn ăn thì tính. Yogurt có vị ngọt sữa và mát lạnh. Phục vụ còn hơi bối rối. Và nếu đi đông thì các bạn chờ hơi lâu tại món thường ra cùng 1 lúc, ko ra lẻ tẻ. Dù sao tuổi đời và danh tiếng của quán cũng bù lại cho chất lượng bình dân của món ăn.Xem thêm",8
75,Hưng Hoàng,21/2/2018 14:34,7.2,"Quán Bún bò Trường Bắn 
Bún bò ngon, nhiều thịt, đây là to nhỏ và to vừa. 
Quán sạch sẽ, phục vụ nhanh, tương đối đông khách dù xa và khó tìm. 
Có tráng miệng là bánh flan và rau câu dừa. Bánh phan thơm min, nhưng hơi nhạt.Xem thêm",8
76,Hanakid Nguyễn,18/3/2017 9:03,8.2,"Mình đã đến quán nhiều lần, mỗi khi đi Vũng Tàu đều ghé đây ăn sáng, phục vụ nhanh gọn lẹ, món ăn ngon, bao no luôn, tô nhỏ đem ra cứ ngỡ tô lớn, ai ngờ tô lớn đúng lớn luônXem thêm",8
77,Khanh minh Tran,12/2/2017 16:48,8.0,"Mình là đạo bún bò mà nên ăn nhiều nơi lắm rùi. Ở nhà mẹ mình cũng rất hay nấu bún bò theo kiểu miền nam cho cả nhà.
Hôm nay đi chùa Bửu Long xong thì chạy ra ngã 3 để ăn được quán bún bò nổi tiếng nghe đồn bấy lâu. Quả là ngon thiệt. Quán rộng mà cũng sạch sẽ nữa. Tô bún bò nhiều bánh hơi ít thịt xíu nhưng nước lèo lại rất đậm đà. Theo như ba mình nhận xét thì có hơi đậm đặc quá, phải cho thêm tí chanh hoặc xin thêm nước. Nhưng mà ngon lắm. Chả bò cũng đúng kiểu luôn.
Mà quên mất tiêu giá 1 tô nhiu roài :)Xem thêm",8
78,Đình Nguyên Phan,1/8/2016 17:41,6.6,"Quán khá rộng kiểu như trạm dừng chân của mấy xe đi du lịch xa, của tài xế đường dài
Ấn tượng là quán có khá đầy đủ dịch vụ : cả quầy truyện . sách báo, đồ chơi cho con nít , WC và tạp hóa tổng hợp .
Chất lượng : thịt không nhiều lắm, giò khá nhỏ và nước ngọt nhạt, không đậm đà như ở thành phố nhưng được cái tô bự , nhìn có vẻ nhiều. Bên cạnh đó là có mấy hủ sữa chua 6k ăn ngon, khai vị hay tráng miệng đều hợp.  
Giá cả : Khá đắt, với cái giá 45k cho 1 tô khá bèo bọt và nhạt vị. Được hủ sữa chua đáng giá 6k thôi !
Phục vụ : Nhanh nhẩu , không phải đợi lâu.Xem thêm",8
79,thienanh_tong,18/1/2015 19:51,7.0,"Hbua rảnh tỗi 2 cô cháu chạy lên quán nỳ ăn thử.phần vì thik bún bò vs lại nghe nói chỗ nỳ ăn cung ngon lắm
Luac mình tới cũng gần 10h ùi nên quán cũng vắng.zô kiu 2 tô bt.vừa gỗing quay qa qay lại là thấy có ùi.nhanh thật
Rau nhìu,tươi.nước soup đậm đà.ngon.có cái có cục thịt toàn mỡ k ah.dc tý xíu thịt ah.mấy miếng bò mỏng vs miếng chả(bik z lần sau sẽ kiu nạm thui^^)
Ăn xong đem ra 2 hũ yaourt.ăn rất đc.dẻo mềm
Nếu có dịp đi qa đó sẽ ăn 1 lần nữa và lần nỳ sữ ăn nạm k ăn giò đâu mỡ qá nhìuXem thêm",8
80,Linh,9/1/2015 13:56,5.4,"Quán gần Suối Tiên nên có nhiều khách du lịch tới ăn. Các bác tài xế xe tải cũng hay tới ăn lắm. Quán rộng rãi, mặt tiền to nên để đc nhiều xe hơi. Tuy nhiên khá hạn chế về món ăn. 1 tô bún bò + ly nước mía giá 35k nhưng bún bò chỉ có vài miếng thịt mà nước lèo chẳng có vị nước bò cho lắm. Chủ quán cũng ko thân thiện nữa. Nói chung mình ko khoái quán này lắm.Xem thêm",8
81,Lê Tiên,19/7/2015 9:09,5.2,"Quán nhìn rất dễ thương, gần gũi. Nhân viên hoạt bát, nhanh nhẹn. Thức ăn thì mình thấy được, nhưng bạn mình đa số bảo dở và mắc, tụi nó kêu bên thủ đức cùng giá đó mà nhiều hơn và ăn rất ngon. Mình đi 2 lần, không lần nào được bật máy lạnh, toàn dùng quạt máy, mà 2 3 bàn 1 cái quạt, siêu nóng (bạn mình đi riêng cũng vậy). Túm lại là khi nào không biết đi đâu ăn thì sẽ ghé lạiXem thêm",9
82,Nguyễn Thành,5/7/2015 19:47,9.0,"Beefsteak ở đây nhìn sạch và ngon mắt, nhưng nếu nhìn vào giá thì so với những chỗ khác có thể nói là vừa ngon vừa rẻ. Thích nhất là phục vụ rất hiền và dễ thương, gọi là chạy tới ngay. 
Không gian cũng nhẹ nhàng nữa, có mấy chậy cây tự trồng trong chậu nhựa rất hay.Xem thêm",9
83,Nước Mắt Lạnh,29/6/2015 15:09,8.6,"Chẳng bít gì luôn ý;) tự dưng cái hum đó chẳng bít thế nào thấy quán có mấy cái cây thích thích thế là vào> vào chả lẽ lại đi ra > lại được cái cái bạn phục vụ dễ thương quá cơ chẳng lỡ ra . ngồi xuống trong túi làm gì có nhiều tiền đành gọi cái món rẻ nhất .cái em nè nè ......ai ngờ vào mà hối hận kinh khủng ,why why ko bít cái chỗ này sớm hơn cơ chứ,,,,MỲ XÀO BÒ..((((((Xem thêm",9
84,Phương Lưu,25/6/2015 19:49,6.6,"#Beefsteak mềm nhưng nêm nếm rất nhạt nhẽo, không hấp dẫn, không có mỡ để chấm với bánh mì. Ăn một lần rồi thì chẳng muốn quay lại lần hai.Xem thêm",9
85,Đá Tảng,7/6/2015 10:57,7.0,"Quán nhìn khá dơn giản, thân thiện, có máy lạnh, món ăn nhìn đẹp mắt, ngon miệng và giá cả rất OK.
Thêm 1 địa điểm hấp dẫn cho quận 9 đây :DXem thêm",9
86,Đá Tảng,6/6/2015 21:00,7.0,"Quán hơi khó tìm, nhưng món ăn ngon, đẹp mắt và giá cả phải chăng! sẽ đến nữa @@!Xem thêm",9
87,Đá Tảng,6/6/2015 20:38,7.2,"Món ăn rất tuyệt vời, nhìn rất bắt mắt hương vị đậm đà, thơm ngon, không gian ấm cúng riêng tư, giá lại rẻ. mình nghĩ mọi người nên ghé qua nhận xét :DXem thêm",9
88,Mattroi Moc,6/6/2015 11:48,8.0,"Nhân viên ân cần và nhiệt tình với khách hàng, món ăn giá phải chăng, ngon và nhìn hấp dẫn ........ sẽ phải quay lại nhiều lần ^^! bò + trứng chỉ 35k @@!Xem thêm",9
89,Quoc Nguyen,5/6/2015 16:09,7.0,"Thoạt nhìn thì khó phát hiện đã có 1 quán bít tết trên đường Lê Văn Việt, nhung cũng ko thể dấu dc những đôi mắt sành ăn uống, la cà. ở đây nhìn đơn giản, thân thiện môi trường, ngon, trang trí khá đẹp mắt và rất  sạch, giá cả hợp lý, chỉ có 1 cái là hơi khó tìm, mặc dù nằm ngay trên đường Lê Văn Việt, đối diện viễn thông A q9, xéo KFC và gần cổng đình Phong Phú (150m).Xem thêm",9
90,Quoc Nguyen,5/6/2015 0:25,7.2,"Chỉ dơn giản là thức ăn ngon và rẻ, chỉ có cái hơi xa ^^!Xem thêm",9
91,Hoang Minh long,3/12/2020 14:43,9.0,"Không biết gọi gì nên gọi trà sữa mtach combo 6 loại thạch 
Vị trà sữa đậm đà, về mình cho thêm mấy cục đá mà tan ra vẫn đậm ngon nghen.
trân trâu ngon ko bị nhão 
Quán làm đồ khá nhanh, gọi một lúc đã có rồi. Lại hay có ưu đãi. Nên mình sẽ còn uống nữa.Xem thêm",10
92,Bích Trâm,13/11/2020 10:12,10,"Quán này điểm đầu tiền về Trà Sữa Full Thạch + Bánh Flan ăn như nào cũng ngon , nhiều loại để lựa
Tiếp theo là trà sữa  mình gọi là Trà Sữa Gottea Vip, lại làm mình bất ngờ vì chỗ là vị rất đậm đà hơn hẳn1 vài quán mình từng uống lại không bị ngọt quá đúng như mình thích 
Nên sẽ ủng hộ dài dàiiiiiiXem thêm",10
93,Ngát Béo,13/11/2020 10:08,9.0,"Nhà người ta thì mẹ chồng nàng dâu, nhà mình thì mẹ chồng lại hợp nàng dâu một cách bất thường, hợp từ cái ăn cái uống hợp đi haha
cứ quán nào thấy ai bảo ngon ngon cái là lấy xe đèo nhau đi luôn
cái quán gottea bày mẹ mình bị mê trà sữa ở đây xong truyền cái đam mê trà sữa ấy cho mình, nói thì bảo điêu chứ đấy là thậtXem thêm",10
94,Kim Anh Kem Trộn,13/11/2020 9:30,9.0,"Con gái mình thích trà sữa ở quán lắm
lần nào được điểm 10 cũng năn nỉ mẹ mua cho 1 ly trà sữa ở đây
mua ở đây mình cũng yên tâm vì trà với sữa an toàn, cháu còn bé nên lúc nào gọi mình cũng bảo cho ít trân châu với thạch thôi vì đường ruột cháu yếu nhai ko kỹ sợ ko tốt ^^Xem thêm",10
95,Hà Anh,13/11/2020 9:15,10,"Mình đi học về tiện ghé ngang qua đây mua ly trà sữa về uống luôn. Menu ở đây đa dạng nhiều món để lựa thiệt chứ
Quán nhiệt tình thân thiện tư vấn đồ uống. Mình thấy có món trà sữa việt quất ly FULL thạch + Flan, uống cũng khá ngon nha mọi người, đã lắm mọi người. Lần sau mình sẽ thử thêm món khác xem sao, thấy bạn mình khen hồng trà chanh cũng ngon nè.Xem thêm",10
96,Tuyết Nhung,13/11/2020 8:03,10,"Là fan của Trà Sữa Wait Tea nên cứ mỗi lần rảnh là lại mon men tới order .
Thích cái size ly ở đây. Uống nghe đã miệng gì đâu. Trà sữa làm ngọt vừa phải, béo béo, mát lạnh với trân châu dẻo dẻo sực sực. Đáng để mọi người ghé lắm nhaXem thêm",10
97,Bích Phương,12/11/2020 8:22,9.0,"Lần đầu tiên và cũng sẽ xác định là đóng họ dài ở đây vì quán rất sạch sẽ, tác phong làm việc rất cẩn thận và nhanh nhẹn ( do mình quan sát ) hiuhiu. 
như hôm nay mình gọi mang về đóng gói rất kỹ càng và thái độ thân thiện với khách hàng
mình cảm thấy cực kỳ hài lòngXem thêm",10
98,Linh Nguyễn,12/11/2020 8:17,10,"Nay vui vui rủ đám bạn đi uống trà sữa 
trà sữa thơm thơm ngậy ngậy nhưng không cõ cảm giác ngán khi uống đâu nha 
trân châu ăn giòn dai 
hương vị rất tuyệt 
10đXem thêm",10
99,Huệ hàng hiệu,12/11/2020 8:01,10,"Nay lên hứng mình đặt hẳn 3 ly trà sữa về uống thì có 1 số cảm nhận sau
Trà sữa socola combo 3 loại thạch uống khá ngon không bị ngọt gắt quá như mấy quán khác 
Sẽ tiếp tục ủng hộXem thêm",10
100,Hường Phạm,12/11/2020 7:22,10,"Trà sữa ở đây ngon tuyệt.
Nhiều loại đa dạng mà giá cả lại phù hợp với giá tiền của đứa sinh viên như mình.
Phục vụ thân thiện. 
Nói chung chắc chắn sẽ quay trở lại.
 It's perpect <3Xem thêm",10
101,Khánh Linh,10/12/2020 9:35,6.6,"Mình và bạn đi vào tối thứ 4 nhưng quán cực vắng. Ở đây thịt vẫn tươi nhưng quá nhiều mỡ @@ ăn mà ớn nổi da gà. Thật sự là chưa đi ăn thịt nướng ở đâu mà mỡ nhiều như vậy luôn :( bù lại mấy bạn nhân viên vui vẻ, nhiệt tình. Các món súp ăn ổn, kem socola ngon. Mình đã ăn bên chi nhánh Aeon Tân Phú rồi nên về chất lượng thịt ở chi nhánh Vincom này mình thấy khá thất vọng.Xem thêm",11
102,Mai Trúc Huỳnh,10/7/2020 11:53,1.6,"-Hôm qua (09/07) nhóm mình có ghé cn LÊ VĂN VIỆT ăn buffee.
-Xem ưu đãi trên web thì nói khách hàng có ngày sn đúng ngày, hoặc trước sau sinh nhật 1 ngày đều sẽ nhận ưu đãi 15% trên tổng hoá đơn. SN mình ngày 10/07, mình ghé ăn nhóm 4 người hỏi có ưu đãi sn phải ko, nv trả lời là có, mượn mình cmnd. Rõ ràng trên web không nhắc ăn mức giá nào để được ưu đãi. Mình chọn mức giá 198k/ ngừoi thì lát sau nv ra nói chỉ áp dụng khuyến mãi cho suất 278k/ng vs 348k/người, trong khi rõ ràng trên web không để mức giá nào được áp dụng.
-Mình ăn thường xuyên ở đây, mà thấy như vậy thấy chán, sẽ không ghé lại quán nữa. 
Đăng khuyến mãi cho cố mà khách ghé ăn lại không muốn . TỆXem thêm",11
103,Nguyễn Thuý Bắc,12/1/2020 21:38,7.4,"mình đặt bàn qua Pasgo được giảm set buffet sakura 278k còn 222k, em bé đi cùng dưới 1m được free.
mình ngồi bàn sát hành lang, khá thoáng, ăn đồ nướng nhưng không bị ám mùi vào quần áo tí nào.
trước khi đến cứ sợ bên này vắng đồ ăn không tươi phục vụ tệ nhưng mà khi đến thì trái ngược hẳn. quán khá đông khách, trống tầm 3-4 bàn thôi. nhân viên phục vụ nhanh nhẹn lắm, thấy bàn mình hết đồ ăn là chủ động lại hỏi xem mình có order gì không, rồi chủ động đổi vỉ nướng cho mình luôn.
thịt bò tươi nhưng hơi nhiều mỡ, thấy mọi người khen sườn bò mỹ rồng ngon lắm làm gọi ăn thử, tưởng là cục sườn hoá ra là miếng thịt mỡ dày và dài, ăn mỡ không ngấy chết đi được. cứ bò mà ăn cho ngon.
cá trứng và mực ăn tanh lắm nên đừng gọi, khoai tây chiên ngon nè.
set mình có lẩu nữa mà mình no nên không ăn.
menu nhiều món mà mình gọi được vài món à, ăn xíu là ngấy.
Kem ngon nè hông hiểu họ làm sao mà kem dẻo quẹo, mình ăn vị socola, vani, matcha, thấy vani là ngon nhất, ngọt vừa lại thơm thơm.
Khăn lạnh ở đây 2k/cái biết thế mang khăn ướt từ nhà đi ăn cho sướngXem thêm",11
104,bosser hoang,30/4/2019 18:59,1.0,ここの食べ物は新鮮です。 しかし、スタッフのサービス態度は本当に残念です。Xem thêm,11
105,Lâm Hoàng,11/4/2019 9:24,8.4,"Món ăn khá đa dạng. Nhân viên nhiệt tình, không giống như những gì mà cm khác cm. Hoặc có thể hôm bạn khi khách quá đông nên mới ảnh hưởng như vậy. 
Một số món ướp hơi quá tay ăn hơi mặn. Máy lạnh trong quán mở hơi nhỏ, cảm giác người nướng hơi nóng.Xem thêm",11
106,foodee_8iq8a24d,9/12/2018 19:48,10,"Ăn ngon lắm luôn🥓🍶, các anh chị phục vụ siêu nhiệt tình🍽, còn có anh phục vụ siêu cấp đẹp trai nữa😍❤❤Xem thêm",11
107,HP Phan,25/11/2018 19:15,8.8,"Đồ nướng cũng ngon lắm nha, nước chấm ngon lắm. Cuộn miếng rau ăn ngon tuyệt vời.
Các em phục vụ cũng nhiệt tình. Các bạn nên thửXem thêm",11
108,Huyền Nguyễn,6/11/2018 18:29,1.0,"Nhóm mình đi 5 người, có thể nói là ai cũng ăn rất ít. Vậy nhưng gọi món nhân viên chỉ đem được lần đầu tiên tạm gọi là nhiều, còn những lần sau hầu như KHÔNG MANG, đưa giấy ghi lại món xong cũng chả thấy mang ra, mọi thứ trong menu đều phải gọi qua nhân viên phục vụ nhưng nhân viên không mang, vậy mình vô quán đó để làm gì ? ngồi hít khói tán gẫu ?Xem thêm",11
109,foodee_c7a2229f,6/11/2018 18:19,3.4,"Đã ăn nhiều chỗ như king bbq, grill & cheer,... nhưng chưa thấy nơi nào tệ như ở đây. Giá cả cũng ngang ngửa nơi khác , đồ ăn cũng không có gì đặc biệt, không có line đồ ăn riêng. Phục vụ cực kì tệ, kêu món cứ gật đầu cho qua rồi chả thấy mang ra, những món chín kêu trong menu hầu như không mang ra món nào, kể cả kem, rau. Sẽ không bao giờ quay lại đây.Xem thêm",11
110,linh nguyễn,27/10/2018 21:32,8.4,"Mình đi ăn buổi trưa, cũng vắng khách
Nhân viên ân cần, nhiệt tình lắm ah
Món rất nhiều món ngon có cơm trộn, cơm tỏi rất ngon
Thịt nướng vị cũng khá ok
Không gian cũng tạm, mình thấy thiết kế bên King vẫn thoải mái hơn màu sắc ăn thịt nướng cũng hợp hơn 
Nhưng vì đồ ăn sẽ quay lại nữaXem thêm",11
111,Phong Trần,31/3/2023 14:59,8.0,"HIGHLANDS COFFEE TẶNG BẠN VOUCHER ƯU ĐÃI ĐẶC BIỆT
-	MUA 2 TẶNG 1: ÁP DỤNG CHO DÒNG PHINDI VÀ FREEZE
-	GIẢM 20K CHO ĐƠN 100K
-	TẶNG PHINDI SIZE M CHO ĐƠN 89K
NHẬN VOUCHER ƯU ĐÃI SỐ LƯỢNG CÓ HẠN TRUY CẬP: https://shorten.asia/FvWKCANnXem thêm",12
112,NHi tÂm T,16/1/2019 15:57,9.2,Không gian rất thoải mái. Rất thích cảm giác cầm laptop vào đây ngồi làm việc xuyên màn đêm hihiXem thêm,12
113,Linh Tran,17/12/2018 17:45,6.0,"Mình là khách ruột ở đây rồi, vẫn mãi mê freeze trà xanh , uống từ hồi còn đi học cấp 2 giờ lên đại học vẫn mê món đó
Quán sạch đẹp phục vụ vui vẻ nhiệt tình, giá cũng vừa phải đồ ăn thì ngon
Chúc quán luôn đông kháchXem thêm",12
114,Nhu Tran,24/10/2018 16:51,8.0,"Highlands đang được giảm 35% tất cả chi nhánh trên Now đó mí bạn 😆 Kỳ rồi mình đặt chung với bạn monz trà xanh đậu đỏ có hơi ngọt dù đã dặn ít đường. Phin caramel thì vẫn ngon như mọi khi bị cái ship tới phần kem tươi ở trên bị bấy nhầy hết như hình nhìn hơi mất hứng, nhưng thôi kệ. Trà thanh đào thơm mùi sả chua ngọt vừa phải mình rất thích. Nói chung chắc chắn sẽ quay lạiXem thêm",12
115,datton,26/8/2018 3:32,7.0,"Quán này nằm trong SS3 công ty Intel Product Vietnam. Muốn vào đây uống cafe có 3 cách:
Cách 1: bạn phải là nhân viên của Intel, Blue badge hay Green badge gì cũng được.
Cách 2: phải có người quen làm trong intel, nhờ người ta bảo lãnh vô.
Cách 3: nếu ko phải nhân viên intel, cũng ko có người quen trong intel thì bạn phải qua mặt an ninh của intel mới vô được.
Quán này không gian nhỏ, chủ yếu người ta mua rồi mang đi, nếu muốn quán to hơn, liên hệ với Albert Acuna, có lẽ ổng sẽ giúp đc bạn. Hình bên dưới là hình thực tế.
Điểm trừ của quán, xài mấy cái máy tính tiền của Intel dở như hạch, hư cảm ứng hoài. Giờ ko biết còn bị ko, anh Lập lưu ý nha.Xem thêm",12
116,sang phạm,22/12/2013 19:34,6.2,"Trang trí đẹp nhân viên phục vụ tốt sau khi tính tiền xong thì lại bàn chờ nhân viên mang thức uống đền bên Highlands Coffee mới có món Jelly Freeze Coffee - 55k  một ly với 4 mùi khác nhau   Classic, Caramel, Hazenut và Vanilla nhưng mình thích mùi  Hazenut nhất , nói chung thì lớp bên dưới không khác nhau cùng 1 vị chỉ có cái trang trí bên trên là khác thôi thêm socola chip,  sốt chocolate hay  thêm bột chocolate... 
Uống cafe bên dưới thì khá lạt nhưng lớp kêm bên trên béo và ngọt là chất lượng chứ không như những nơi khác , lớp bên dưới là đá xay cùng thạch cà phê kết hợp rất độc đáo, mớ lạ . Ly cà phê đá xay mát lạnh, hút vào 1 lần lên cả cà phê, lẫn đá nhuyễn, lẫn thạch jelly giòn giòn dai dai, vừa  đắng đắng vừa ngọt ngọt .. Đúng kiểu: vừa ăn vừa uống, đỡ chán so với 1 ly cà phê truyền thống  . Bánh thì hơi ngọt quá , mà không có nước uống kèm nên mau chán mong là sau này Highlands Coffee  cho thêm nước trà uông cho bớt chán .  Giá thấp nhất là 29k cao nhất là 75k 1 ly ,  Jelly Freeze Coffee - 55k   , socola nóng hay đá 55k , coca 39 k, lip ton 45k , nước cam không đá 75 mắc nhất là món này ,...............Xem thêm",12
117,Vuong Thien,22/2/2019 14:36,7.0,Quán sài ly của the coffee house :vXem thêm,13
118,Van DaiVo,21/5/2018 13:43,9.2,"Sinh tố dưa hấu,  một loại thức uống ngon, thanh mát cho một mùa hè nóng nực, khộng những thanh mát mà còn thêm nhiều vitamin nữa chứ lị, khổ thiệt đó.

You Can House Coffee & milktea
#sinhtoduahauXem thêm",13
119,nguyenthi ngochoa,19/4/2018 11:27,9.6,"Quán dùng nguyên liệu sạch, hợp khẩu vịXem thêm",13
120,Jin Jin,7/1/2018 16:11,6.6,"Quán nằm đối diện cao đẳng tài chính hải quan. View quán  không đẹp lắm nhưng khá lạ, phần lan can mỏng manh hơi ghê xíu.

Ánh sáng của quán ngay cửa sổ rất tốt thích hợp để chụp hình.

Trong hình là matcha machiato và trà đào machiato.
Không ngon vì không có cái nào thấy rõ vị, chỉ ngọt ngọt. Lần sau mình sẽ uống blender của quán coi sao.

Vào giờ trưa thì quán vắng, yên tĩnh. Tầng dưới thích hợp để ngồi học bài, còn tầng trên thì chỉ bàn ngay cửa sổ đủ sáng nhưng ghế cao mà bàn thấp nên không ngồi học được.Xem thêm",13
121,Lê Anh,6/1/2018 22:49,7.6,Ở gần mà ít ra uống hôm đi thử view cũng đẹp trang trí cỗ đồ uống khá ngon.nhân viên lịch sự.Xem thêm,13
122,Huỳnh Phương,11/7/2017 3:33,10,"Quán gần nhà, vị trí dễ tìm, không gian hài hoà, ngày nào cũng ra ngồi làm việc, rất thú vị. 
Chủ quán thân thiệt, nhiệt tình, barista chuyên nghiệp. Mình thường uống cafe, cafe Gia Lai đậm đà, espress cũng ok luôn, còn cappuccino thì giống như latte macchiato :) nói chung cũng độc, chỉ là hơi ít caffeine. 
Buổi tối đi ngang qua nhìn quán rất là hầm hố ^^Xem thêm",13
123,Khang,11/7/2017 0:33,9.6,"- Vị trí: dễ tìm vì đối diện CĐ Tài chính hải quan.
- Thức uống: mình gọi trà đào, ly trà đào ở đây có 2 miếng đào to, có thêm thạch ăn sần sật lạ miệng, hợp khẩu vị của mình. order thức uống tại quầy.
- Phục vụ: nhân viên nhanh nhẹn, dễ thương. anh chủ quán cực kỳ lịch sự, thân thiện.
- Không gian: quán decor theo style vintage, bày trí nhiều vật dụng đồ chơi thời 8x, 9x đời đầu. có không gian trệt và gác, ngồi bệt và ghế gỗ.Xem thêm",13
124,Võ Lê Khánh Ngân,6/7/2017 23:46,8.6,"Quán nằm gần xịt nhà mình, đi nhang hoài mà chưa có dịp ghé. Bữa trời mưa sml, nên 2 đứa ghé vô vừa trú mưa vừa thử quán mới. Quán view khá đẹp, trang trí lạ mắt. Đồ uống thì mình uống trà olong gì mình quên mất rồi, chỉ nhớ là cái gì đó olong sữa với trân châu hoàng kim. Mình thích trân châu ở đây, không phải dạng dai như truyền thống mà vừa dai vừa sựt sựt, ngon mà thích lắm. Olong với lớp kem ở trên có vị mặn mặn, uống khá là lạ miệng, hơi béo quá 1 tí, nhưng nói chung là ok. ^^ nhân viên quán hơi ít cười tí, chịu khó cười tí xí cho đẹp trai nha. Hì hìXem thêm",13
125,Thảo Trần,3/5/2017 19:32,8.6,"Quán mới mở, nằm ngay đối diện trường Cao đẳng Tài Chính hải quan. Nhỏ nhỏ, xinh xinh. Cách bài trí khá đơn giản, hợp mắt, đặc biệt thích tông xanh dương của quán. Ngay giữa tầng trẹt có 1 cái bàn làm bằng bể cá, hay hay. Đồ uống mình gọi ngon, hợp khẩu vị với mình, giá cả lại hợp lý. Anh chủ quán thân thiện và siêu dễ tính luôn. Chỉ tiếc hôm mình đến quán đang sửa nên hơi ồn 1 xíu :(Xem thêm",13
126,nguyenthi ngochoa,30/4/2017 10:38,10,"Quán mới nước cũng lạ so với khu vực tôi ở, và thích nhất đồ uống, ăn điều làm nhà, như thạch thì không dẻo dẹo hay kích thước chung mà có hình dạng khuôn đá, hihi. Thức ăn đồ uống sạch và nhân viên nhiệt tình là mình thích, mong các bạn cũng đến thưởng thức nhé.

Đính chính địa chỉ quán là số 39 nha mọi người, đối diện Trường CĐ Tài chính Hải quan luôn, dễ tìm lắm.Xem thêm",13
127,Mr. Nhã,1/9/2019 10:06,1.0,"Cùng Block A với nhau. Từ lầu trên VC tôi đi xuống tầng 4 của Shop này. Gặp đúng chủ quán thiết mới biết không còn Bán / Kinh doanh nữa. Yêu cầu: Admin /Chủ quán phải tôn trọng KH 1 chút. Không còn kinh doanh nữa thì phải gỡ thông tin xuống chứ. Cứ online là Dang hoạt động /Mở cửa thì khổ cho KH đặt lắm. Biết KD trên đây làm ơn phải biết Văn hóa Bán hàng gián tiếp và trực tiếp, nữa là online nha. Góp ý Xây dựngXem thêm",14
128,trungnguyen,2/11/2018 10:02,8.6,"Nhà mình kề 1 bên căn hộ của chị này nè, món cuốn và nước chấm thì miễn bàn rồi, riêng cái phần chả giòn thì mình mê phải biết. Giòn giòn bùi bùi rất thích, mình hay order riêng chục cuốn và xin thêm mắm để măm măm thôi.Xem thêm",14
129,Nguyễn Phát,1/11/2018 21:32,7.6,"Đợt đầu đặt thì có liền, mấy lần tiếp theo thì đợi cả tiếng luôn, dài cả cổ. Đồ ăn thì ngon rồi, nhưng tốt nhất thì nên đặt sớm hơn giờ ăn để đỡ thấy khó chịu.Xem thêm",14
130,Thanh Nhi,30/10/2018 9:52,8.0,"Được bạn recommend cho ăn thử. Cũng vừa miệng và hợp khẩu vị. Nước chấm chua chua ngọt ngọt lạ miệng 
> Nên thử. LikeXem thêm",14
131,quocdungprc,25/10/2018 9:45,8.0,"Ăn khá lạ miệng, nhưng sẽ ngon hơn nếu cay hơn một chút. Nói chung ăn khá oke sẽ quay lại...Xem thêm",14
132,Thùy Uyên,18/10/2018 10:05,7.8,"Order lần đầu thì quán này cuốn giùm, lần thứ 2 thì không. Vậy là mình tự cuốn luôn. Hơi mất thời gian nhưng nhìn cũng thích ghê. Đồ ăn đẹp như này thích hợp cho mấy đứa thích sống ảo như mình nè. Ăn vào thì ngon, nước chấm cũng được.Xem thêm",14
133,Nhân Lê,13/10/2018 11:54,9.2,"Lần đầu mình thử do có bạn giới thiệu, mình đặt qua fanpage của quán nên chat trực tiếp với chị chủ luôn, thức ăn ngon lắm nha, mình nhờ chị chủ cuốn giùm luôn, trời ơi phải thề là nó ngon bá cháy. Phải thử phải thử bởi vì quán quy mô chưa lớn một ngày chỉ nhận một lượng order nhất định thôi, chậm tay thì không được ăn món ngon đâu nhé. 
Mình order hai phần, còn một phần chả nữa mà giở ra ăn ngon quá quên chụp cmnr hahaha.Xem thêm",14
134,Tư Đàm,13/10/2018 11:44,8.8,"Đây là lần đầu mình ăn thử ẩm thực miền Trung, ở cùng chung cư nên mình qua lấy luôn, nhìn chị chủ chế biến tuy hơi lâu nhưng vì chị ấy làm rất kỹ từng công đoạn nên mình bỏ qua hết, đổi lại là mọi thứ rất thoải mái. Chả cá thơm ngon và nước chấm lạ lạ là điểm cộng cho quán nhe, mọi người hãy thử mới biết được chứ đừng ngại xa, hình như có shipper giao hàng nếu order qua Now thì phảiXem thêm",14
135,An Nguyên,12/10/2018 22:33,8.0,"Chả cái dai, mềm, ngọt vừa miệng lắm luôn. Đề xuất quán nên bổ sung menu món thêm để khách tiện order nè. Nước chấm thì đúng như mấy bạn trước review, khá ngon và khá lạ luôn!
Quán onl mà hình thức khá bắt mắt, thời gian đợi hơi lâu, hy vọng quán sớm cải thiện được vấn đề này.Xem thêm",14
136,Gia Hân Nguyễn,11/10/2018 10:17,8.2,"Mình người Bắc mà dùng món miền trung này lại thấy hợp cạ kinh khủng. Chả cá ngon, ram khoai lang ngon, trứng vịt béo ngậy chấm với nước chấm đặt sệt ăn mê ghê nơi. 
Chỉ có một điểm mình hổng ưng nhất, là phải tự cuốn bánh. Hổng khéo tay lắm nên tự cuốn nó vừa nhọc vừa mất thời gian quá đi. Hy vọng tiệm có thể cuốn sẵn cho khách luôn, để mọi người đều có thể thưởng thức một cách dễ dàng nhất mà hổng gặp trở ngại nè.
Thêm nữa, thiệt mong tiệm sớm có mặt bằng để mình dắt bạn bè đến ăn luôn, vẫn thích đến tận nơi thưởng thức hơn là tốn xiền ship order các kiểu.Xem thêm",14
137,Tuấn Nguyễn,1/2/2019 23:22,2.2,"Món ăn ít, ko có nhiều món để chọn, nhân viên phục vụ kém, phải ngồi chờ than lên rất lâu, xin mượn kéo cắt thịt cũng không thấy hồi đáp. Nói chung là tệ.Xem thêm",15
138,foodee_b0842cbf,11/1/2019 22:08,3.6,"Cảnh báo! """""" Buffet Cánh Đồng Quán đường Hồ Thị Tư đối diện nhà thiếu nhi quận 9"""""".
3 mẹ con đi vào mua vé ăn buffet giá 99k + 10% thuế GTGT của 99k lúc 8h15'. Sẽ là bình thường nếu tình trạng thức ăn còn phục vụ. Đằng này mua vé vào ăn mà như ăn ""cơm thừa canh cặn"" của người khác, trái cây, bánh ngọt, chè cũng ko còn nguyên. 
Mua vé ăn buffet vào mà chỉ còn mỗi cá kèo, thịt dư còn lại, đến rau salad cũng ko có.
Thử hỏi nếu thức ăn ko còn sao vẫn bán vé?
Gọi quản lý đến hỏi lý do, quản lý đi kiểm tra 1 hồi đến xin lỗi thức ăn đã hết.
Biết hết sao vẫn bán vé bình thường nhỉ?
Các mem cẩn thận mắc lừa như mình nhé!Xem thêm",15
139,xu.jenny1408,11/4/2018 20:50,1.8,"Hôm nay được bữa rảnh mình đi ăn với bạn.
Vừa vào thì nhân viên bán vé nói chuyện nhỏ nhẹ, vì không có tiền lẻ thối nên chị nhân viên hẹn mình ăn xong ra lấy, lúc này thì chưa cần bàn tới.
Đồ ăn bình thường, ốc cũ, súp nhạt không có vị, không gian tuy mở nhưng khói vẫn mù mịt đến NGHẸT THỞ. Nhân viên phục vụ bàn thì nhiệt tình. Khi ăn xong mình vẫn thấy quán khá ổn và định quay lại cho đến khi quay lại chỗ bán vé để nhận lại tiền lẻ như chị kia đã nói, tính là lấy qua trả tiền gửi xe luôn. Nhưng vừa đi được 3 BƯỚC thôi các bác ạ, 3 người ở ngoài đó tụm lại nói RẤT TO là TRỜI ƠI CÓ 2 NGHÌN THÔI MÀ CŨNG LẤY CHO BẰNG ĐƯỢC, sau đó là cười rất to bằng giọng chế giễu.
Mình nghe rõ từng chữ, nhưng đi 1 mạch và quyết định không bao giờ quay trở lại chỗ này nữa. 2 nghìn cũng là tiền nha các anh các chị, không phải tự nhiên trên trời rơi xuống, nó là tiền của mình chứ không phải đi ăn xin mấy anh mấy chị :) 
Đi ăn một bữa thôi mà mang bao nhiêu bực dọc vô người ạ.Xem thêm",15
140,Bee Bee,9/3/2018 21:35,3.8,"Mọi ng đừng ham rẻ mà ghé qua. Phí tiền và thgian đó. Món ăn ko đủ như hình - Có thể hết mà ko thêm món ăn.
Đồ hải sản ko tươi sống đâu nha. Nói chung dở tệ và kinh khủng.
Ăn cho biết 1 lần rồi ko bao giờ dám ghé.Xem thêm",15
141,Trương Nhật Bảo Nhi,1/1/2018 14:32,6.0,"Quán gần nhà mà từ hồi mở cửa mình chưa đi. Mình hơi rén vì thấy có vẻ hơi bị chê. Lần này do bạn rủ quá mình đi cho biết.
Đi tối tầm hơn 7h30, 109k/người. Gửi xe phía bên nhà văn hóa rồi đi bộ qua. Quán rộng, cũng khá thoáng, sáng sủa, mát. Ngồi phía đằng trước thích hơn. Đi giờ đó cũng khá đông.
Chỗ bày đồ ăn ở trên thềm, mà cái đường viền đi hẹp, mình nghĩ ai mà ko chú ý, hoặc là đông quá đi sẽ vấp té. Cái tủ đựng muỗng đĩa làm quê quê sao đó, mấy cái ống đựng cũng bất tiện, khôg biết nào là nào vì chất dẹp lép xuống hết, đồ dùng ko đc khô ráo.
Mình đi lấy đồ ăn có 1 lần còn nhiêu bạn mình lấy. Hôm đi có bạch tuộc nè. Ướp khá vừa. Có các loại ốc nhưng mình ko lấy.  Hình như có nầm heo, mà nhìn èo èo. Thịt heo xắt cục bự, nướng lên khô queo, phải cắt ra ăn mới đặng chớ ko thôi nghẹn. Cánh gà ngon nè. Kim chi cay nồng ăn được lắm. Súp cua bỏ bột hơi quá nó cứ lòng thòng ăn ngán. Hàu ko tươi lắm. Bánh hỏi cuộn bự ăn một cái đầy họng, không thích. Gỏi trộn lìu xìu. Tôm ngon. Chả giò ngon. Nghêu ăn hơi chán. Lúc đi lấy đồ ăn thấy có ếch mà sao để da nhìn rén quá ah. Có cá kèo nhưng mình ko lấy. Xúc xích đồ chiên ngon :')) Lần thứ hai lấy bạch tuộc, ướp mặn kinh khủng, bỏ vô miệng xong phải nhè ra. Chân gà hấp hành ko ngon. Có điểm sáng là nước chấm nè, muối ớt xanh với nước mắm kẹo kẹo ngon. 
Bạn nữ nhân viên đứng sau bàn mình rất tốt nhé, lịch sự, nhanh nhẹn, nhờ lấy gì cũng vui vẻ chớ hong có khó chịu đâu. Dọn dẹp đĩa ăn xong liền liền nên bàn gọn lắm. Bữa đó thay than 4 lần, thay vỉ cũng đâu 3 lần thì phải. Nhờ là làm nhanh gọn liền, ưng. Dòm xung quanh thấy mấy bạn nữ nhân viên nhanh lẹ lắm.
Mình về là 9h15, vắng luôn, còn có mấy bàn ăn ah. 
2 nước ngọt 30k, khăn 2k/cái, có tính thuế nhé. Nhưng mình sẽ không quay lại, vì đồ ăn so ra thì hơi chán. Giá đó có một chỗ mình ăn quen ngon hơn lại ko thuế. Hi vọng quán sẽ phát triển về đồ ăn hơn.Xem thêm",15
142,Huyền Trân,21/11/2017 0:06,2.0,"Nghe con bạn bảo Cánh đồng quán ăn được nên ghé vào vì sẵn tiện bên Chóp Chép đang sửa chữa. Thất vọng toàn tập khi nhìn đồ ăn, về độ sạch sẽ gọn gàng thì xách dép cho bên Chóp Chép. Vào lúc 7h15 nhưng thức ăn đã k còn bao nhiêu, lấy đồ ăn như nạn đói năm 75. Nhìn hình long lanh lắm lên thấy đồ ăn thì hết hồn, thịt heo cắt cục cục hổ lốn, hoàn toàn k có bò, chỉ có cánh và chân gà :))). Cá làm nhìn rất dơ, đặc biệt mấy con ếch đen đen k lột da nhìn chết khiếp. Lúc 8h tất cả đồ ăn đều hết trừ ít thịt, nước chấm hết từ 7h và k châm thêm. Giá 110k 1 ng, mag danh 109k đã có thuế nhưng ở đây k thối nhé, gặp ai cũng lát c quẹo lấy 2k, lạy hồn luôn vì bạn mình đến sau cug bị y chag, có gian trá gì đâu đây, nước uống tính sau có tính thêm VAT nữa nhen, khiếp y như KingBbq z tính vat luôn nước và khăn
K bao giờ quay lại, ai k tin cứ đi ăn thử cho biết :)))Xem thêm",15
143,Hạnh Phan,9/11/2017 1:11,9.0,"Sau đây vài cảm nhận khi đến chi nhánh,
Đồ ăn thì ổn, nhưng ghét cái mấy người không ý thức , chỉ biết mình mình có nhiêu đồ ăn ngon là lùa hết, chẳng chừa cho ai.
Nói chung giá cũng hợp lý, không đến nỗi, nhưng cần tuyển thêm nhân viên .Xem thêm",15
144,Nôbìtá Hung,4/11/2017 22:40,10,Bữa ăn ngon miệng.Xem thêm,15
145,Ngân Nguyễn,4/11/2017 19:36,9.6,"Giới thiệu giá vé là 99k nhưng khi đến giá vé chưa VAT là 109k nha mấy bạn, đồ ăn nhiều á, ăn quá trời. hihiXem thêm",15
146,NGỌC,24/10/2017 9:55,6.4,"Nay mình đi ăn thứ 2 nên đồ ăn không nhiều lắm, nếu không muốn nói là ít nên phải nhanh tay không thôi hết đồ ăn. Theo quan điểm cá nhân thì ướp không vừa miệng lắm. Cắt thịt không chuyên nghiệp lắm nên dai, xiên que cẩu thả. Nói chung ăn không ngon. Không gian hơi nóng.
99k thì vậy cũng vừa giá rồi, không đòi hỏi nhiều.Xem thêm",15
147,Thanh Mai,17/11/2019 13:12,6.6,"Có dịp đi ngang khu này gia đình mình mới ghé ăn lại, lần ăn trước cách đây tầm 2 năm. Vì quãng đường khá xa, về tới q10 chính xác là 60p.
- Mình gọi món tôm càng loại 2: 380K/1kg, bia hấp 10k, rau, bún tính riêng. Tôm tươi, nhưng ko đều, có con nhỏ con to. Nước mắm chấm cũng ngon nhé.
- Tôm xào me sốt siu ngon, có bánh mì chấm thì tuyệt vời. Nên gọi món này nhé.
- Mình đi vào buổi trưa nên hơi nóng, chiều hoặc tối chắc ok hơn.
Tổng 2kg tôm, 3 lon nước ngọt, bún  rau... tầm 900K.
> Chất lượng tôm ngon, nhưng ko đồng đều, con nhỏ con to.Xem thêm",16
148,Phillip Le,20/12/2017 23:11,7.4,"Đc hôm cả nhà đi viếng nghĩa trang Phúc An Viên gần đây nên ghé qua đây luôn, quán này nhà mình ăn lâu rồi giờ mới nhớ chụp hình đê review.
Ở đây đặc biệt là tôm tươi, cực kì tươi, do nhà nuôi và bắt đem lên chế biến, nhà mình luôn gọi 1 phần tôm lớn, khi ra món con nào con nấy cực kì to, lột tôm chấm muối tiêu ăn rất ngon. Ngoài ra còn có lẩu cá nữa.
Ăn xong có thể lấy vỏ tôm đem ra bờ hồ cho cá ăn nhìn cũng vui vui, 1 phần cũng giúp dọn bàn sạch sẽ nữa.
Có dịp đi lên sẽ rủ bạn bè ghé đây ăn thử.Xem thêm",16
149,Ngoc Bui,17/11/2017 11:15,8.0,"Quán hơi xa nên lâu lâu thèm lắm mới được cả nhà lấy xe chở đi ăn, là quán ruột của cả công ty luôn ấy, mỗi lần ăn tiệc là đến quán này liền.Lần này đi ăn gần 11kg Tôm hấp, 10kg cua rang me và luộc nên không còn bụng ăn lẩu nữa, lẩu ở quán cũng rất ngon. Cảm nhận mình như sau
- Vị trí : Quán ngay bờ sông view thoáng mát và thoải mái,có chỗ gởi xe hơi bên ngoài rộng, mưa vẫn có nhân viên quán cầm dù dẫn khách vào. Tuy vậy nhưng hơi xa.
- Chất lượng : Tôm, Cá , Cua tươi sống, khách vào chọn và được nhân viên cân theo ý khách muốn bao nhiêu kg. Chế biến rất ngon và hợp khẩu vị. 
- Phục vụ : Phục vụ nhanh nhẹn, tận tình và dễ thương. Quan trọng nếu bạn có vô tình có vài kg Cua ở nhà mang theo quán vẫn chấp nhận chế biến giúp chỉ tính công có 30-40k thôi.Xem thêm",16
150,Viet cuong Nguyen,2/4/2017 15:50,1.4,"Quán này nhà mình ăn hơn 10 năm từ lúc đường dẫn vào quán còn sình lầy xe oto ko vào dc....càng ngày càng tệ...kêu con cá lăng 1kg1 nấu lẩu thì cá bị mất 1 khúc,bộ đồ lòng...kêu tôm càng loại 2 hấp thì khi bê ra trộn cả mấy con tép vào...bia hấp tính tiền chẵn 1 lon mà tôm thì gọi có 1kg hấp mà ko hề có mùi bia...rau bún tính riêng chơi thẳng 50k 1 phần rau 1 người ăn+1 dĩa bún....cua thì bán 600k 1kg còn mắc hơn trên tp bán..bây giờ còn bán tôm càng loại 1 ko thèm nướng nữa bắt người ta ăn hấp...xin lỗi chứ hấp thì ở nhà ra chợ mua tôm càng về nhà hấp cũng dc ngta đến đe ăn tôm nướng mà lại nỏ nướng ko làm...à khi vô lựa tôm thì đem tông càng to loại 1 ra...khi nướng xong tôm ko biết sao teo lại như loại 3...ko biết là do nướng nóng quá teo lại hay là quán có thủ thuật gì cái đó có trời mới biết...tóm lại là quá sợ rồi ko bao giờ ghé lại...Xem thêm",16
151,Quynh Chau,13/10/2016 11:03,7.6,"Chỗ ưa thích vì từ Thủ Đức qua Q9 cũng không xa lắm nhưng hơi khó tìm nếu như ai chưa từng đi. Chất lượng thì khỏi chê, giá rẻ lắm cho nên người ta đi xe hơi ăn rất đông, đến là tự phục vụ luôn chứ không phải như nhà hàng đâu. Quán không có đủ người nên mấy tháng nay không nhận món nướng, mình thì thích ăn tôm càng nướng, thiệt là tiếc đi 2 lần trong tháng 9 không được ăn nướng rồi. Bữa đó 17/9 mình ghé ăn 6 người lớn, 2 trẻ em, món: tôm càng rang muối, tôm càng hấp cuốn bánh tráng, cua gạch rang me, cháo tôm càng. Ngon bá chấy mà chỉ có 1.8 triệuXem thêm",16
152,Đức Minh,20/4/2016 19:36,2.6,"Quán bán hàng hình thức treo đầu dê bán thịt chó, tôi kêu tôm càng xanh nướng, lúc đầu báo giá tôm loại lớn nhất 1 kg 8 con, do đi 2 người tôi chỉ kêu 2 con, vậy mà lúc tính tiền lại tính 1/2kg, khi được hỏi thì thằng bé tính tiền ấp a ấp úm ko trả lời được, đúng là đủ kiểu lừa đảoXem thêm",16
153,Ngọc Cao,28/9/2015 7:08,6.8,"Ở đây đặc biệt với các món tôm. Khách đến đây chủ yếu là gọi món tôm nướng mọi, tôm hấp và lẩu tôm chua. Tôm ở đây rất tươi, thịt ngọt, dai k bị bở, chắc thịt. Có nhiều loại cho khách lựa chọn, 320k/1 kg, 350k/1kg, và loại 600k/1kg bao gồm cả công chế biến.  
Chỉ cái đường đi hơi xa nhưng lúc nào quán cũng đông khách kể cả ngày bình thường. Nhân viên k đc thân thiện cho lắm.Xem thêm",16
154,Mai Hiếu  .,19/4/2015 12:35,6.2,"Cả nhóm mới được thưởng quý nên lại kéo ra đây ăn trưa. Buổi trưa ghé đây mưa tầm tã luôn, ngồi cạnh bờ sông mà tối trời tối đất, nhưng được cái gió sông thổi mát rượi luôn, hôm nay đổi qua ăn tôm nướng và cua. Chất lượng vẫn ngon như mọi khi, tôm và cua rất tươi, thịt cũng rất chắc, đặc biệt là cua không hề bở, thịt dai, ngọt. Mỗi tội phục vụ ở đây càng ngày càng tệ. Từ khi bưng đồ ăn ra là chạy đâu hết, gọi mãi chẳng thấy ai ra để phục vụ, cũng không xin được thêm nước chấm luôn. Đúng kiểu quán gia đình, nên cũng không thể đòi hỏi thêm hic hicXem thêm",16
155,Quynh Chau,5/2/2015 10:57,7.4,"Tôm càng to mà rẻ chỉ có 600k / ký. Đường đi hơi xa và ít món nhưng được cái rất tươi ngon, phục vụ bình dân nên đừng đòi hỏi nhiều.Xem thêm",16
156,The Phuong,12/12/2014 14:23,5.0,"Ngã tư thủ đức, Lê Văn Việt, quẹo phải đường Nguyễn Duy Tăng, chạy gặp Nguyễn Xiển, cứ chạy thẳng luôn ( đừng quẹo Nguyễn Xiển ngay ngã 3) gặp Trần Trọng Khiêm bên tay phải , chạy cuối đường là tớiXem thêm",16
157,Lê Cường,13/10/2018 7:59,6.6,"Mình ăn lòng đen, bò lụi sả, bò nhúng giấm, bò nướng.
Thít muếng nào ra miếng đấy.
Giá ko đắt không rẻ.
Không gian quán chưa thất sự tốt.Xem thêm",17
158,Anh N,29/10/2017 22:10,5.8,"Nhân viên không nhiệt tình, cứ lơ ngơ kiểu gì, món ăn cũng bình thường, giá cả chấp nhận được.Xem thêm",17
159,hongmopham,28/7/2016 14:26,4.2,"Quán cũng ko đông lắm nhưng nhân viên có vẻ ko nhiệt tình, thấy chạy loạn đi nhưng mà gọi cái gì cũng lâu cực lâu, bầu nhà mình phải vào tận nhà bếp xin thêm đồ. Gọi thêm nước chấm mà 1 lúc ăn gần hết món mới đưa ra. Bò nướng y và thăn nội khá ngon, lẩu thì ko hợp khẩu vị mình, hoặc do luca đó no rồi. Củ mì ngon, gọi 2 đĩa, gọi thêm mà đợi lâu nên tính tiền về luôn.Xem thêm",17
160,Vân Anhh,21/5/2016 21:06,7.4,"Bò tơ ở đây thì nổi tiếng lắm rồi, gia đình mình cuối tuần lâu lâu có ghé xuống đây ăn, đi có hơi xa nhưng đồ ăn chất lượng thì mình thấy vẫn xứng đáng. Bò ở đây cực ngon mà giá cũng phải chăng nữa, bò nướng vẫn là ngon nhất mấy món lẩu mình không thấy mặn mà cho lắm, miếng bò nướng to dày thịt mềm ăn ngập răng siêu đã, ăn kèm tỏi nướng to thơm vô cùng luôn, khoai mì ăn khai vị cũng khá ổn, mềm thơm béo béo, nhìn chung đồ ăn ở đây không chê được. Phục vụ đông nhưng rất chu đáo nhiệt tình nữaXem thêm",17
161,Duyên Lê,16/1/2016 22:20,6.4,"Quán này ăn hôm sinh nhật mẹ của bạn nên ngại không chụp hình lại. Bò lụi xả ăn ngon, tỏi nướng thơm, lẩu bò cho nhiều khoai mì quá mình ăn không quen nên không thích. Nhân viên khá nhiệt tình. Có bãi gữi xe an toàn miễn phí.Xem thêm",17
162,Vân Anhh,31/12/2015 14:12,7.4,"Lâu lâu gia đình mình hay tới đây ăn picnic cuối tuần, ở đây cuối tuần thì cực kì đông xe ra vào đậu kín cả con đường luôn. Bò tơ ở đây ngon nên cực kì hút khách, bò luôn tươi và giá cả lại vừa tầm, các món ăn cũng cực kì đa dạng, hôm rồi quay lại ăn được free cho dĩa khoai mì chấm muối mè thích cực hihi. Quán này khá nóng vào buổi trưa, ngồi chòi ok hơn nhưng thường phải đặt trước, nhân viên nhanh nhẹn thân thiện và nhiệt tình, gọi là có ngay. Bò ở đây to, thịt mềm ngọt, phần khá nhiều nên đi nhóm sẽ ăn được nhiều hơn, tỏi nướng cũng không nên bỏ qua nha ngon lắm :))Xem thêm",17
163,Mai Hiếu  .,12/6/2015 13:53,6.8,"Trong vòng một tháng mà mình ăn ở đây chắc cũng 7-8 lần, ăn vậy mà vẫn chưa thấy ngán. Tới đây thì vẫn chỉ gọi các món quen thuộc như bò cục nướng mọi, bò cục nướng nước mắm, bò lụi sả, thăn nội và thăn ngoại nướng, thỉnh thoảng có ăn thêm lẩu hoặc cháo, nhưng chỉ cần ăn mấy món nướng thôi là cũng đủ no cành hông rồi. 
Dạo này rau rợ cho hơi ít, phục vụ cũng kém nhiệt tình hơn xưa nên cũng thấy không được happy lắm khi anh em ghé đây nhậu trưa. 
Được cái khách đông mà đồ ăn được lên nhanh và giá cả vẫn như cũ. Buổi trưa tầm 11h30 ra là lúc nào cũng chật kín bànXem thêm",17
164,Mai Hiếu  .,6/4/2015 17:19,7.2,"Một trong những địa điểm ăn trưa quen thuộc của team mình. Mình từng ăn nhiều chi nhánh của Năm Sánh rồi nhưng vẫn thích nhất là cách phục vụ tại quán này. Mấy anh em phục vụ vô cùng nhanh nhẹn và chuyên nghiệp, bên cạnh việc xắt thịt, bưng đồ ăn, lên bia, còn tận tình chỉ thực khách cách xắt thịt thế nào là ngon và cách ăn từng món thế nào. Điểm cộng cho sự nhiệt tình. Bò tơ ở đây bán rất đông khách và luôn bảo đảm là bò tươi trong ngày, món ăn cũng rất đa dạng và ngon. Đợt này ghé còn được khuyến mãi dĩa khoai mì nóng hổi ngon lành. 
Điểm trừ: quán hơi nóng nếu đi vào buổi trưa cao điểm.Xem thêm",17
165,Vân Anhh,30/8/2014 23:38,7.2,"Lần trước đến ăn mình ngồi trong chòi lá của quán, lần này tới đông khách nên ngồi bàn ngoài, đông người nên không gian bí nóng nực. Các món từ bò ở đây làm ngon nên lúc nào cũng đông khách dù vị trí có xa trung tâm thành phố, giá cũng vừa, 1 cái đuôi bò chia ra làm được rất nhiều món, đi đông người ăn được nhiều chia ra cũng rẻ hơn. Ngon nhất vẫn là các món nướng, thịt bò miếng khá to và dày mềm, lẩu cũng rất ngon, nước dùng đậm vị lần nào ăn xong cũng no muốn lăn, phục vụ nhanh nhẹn món lên cũng nhanh dù đông kháchXem thêm",17
166,Long Phi Hà Thị,12/6/2014 16:56,6.6,"Nhìn miếng bò hết hồn luôn,nhưng mà nướng như vầy mới ngon,tự nướng,tự ăn luôn.Quán ở q9 nên hơi xa,đi ăn bò mà tốn tiền xăng nhiều hơn tiền ăn nữa.Tuy nhiên bù lại bò ngon nên không uổng công đi.Xem thêm",17
167,Deidamia Thụy Hy,6/9/2019 0:57,9.8,"1. Quán rộng rãi, thoáng mát. Đường xá cũng yên tĩnh, dễ tìm. 
2. Nhân viên cực kỳ dễ thương, thân thiện và phục vụ rất tận tâm.
3. Về phần món ăn.
- Quán có số lượng món ăn tương đối, không nhiều nhưng theo mình cũng đủ phong phú. 
- Món ăn sạch sẽ, vú heo, ba rọi đều rất ngon, gà thì thịt ngọt (vừa có cánh vừa có đùi gà). Ngoài ra cũng có thịt cuốn nấm kim châm và các món xiên que ăn thay đổi đỡ ngán. Tối anh chủ còn đem ra hoành thánh chiên và mấy món phụ như cút lộn, bánh hỏi, bánh phồng tôm, chân gà sả tắc (mình nghĩ là vậy). 
- 99k tính tiền đúng y vậy luôn, cực rẻ với những món ăn vừa ướp ngon vừa sạch sẽ như vậy.
- Muối tiêu xanh chỗ này cũng ngon - không ngọt quá, vừa ăn.
Hình là 80% số món đã bưng ra nhé. Tụi mình ăn quá trời luôn.Xem thêm",18
168,Hạ Trâm,5/9/2019 23:21,9.6,"Mình chạy từ Hóc Môn qua quận 9 ăn buffet. Thật không uổng công xíu nào vì mọi thứ đều tuyệt vời. Ấn tượng với cách đón khách niềm nở, phục vụ dễ thương. Đồ ăn tươi ngon, vừa miệng. Mình thích nhất các món nước chấm của quán này, bảo đảm ăn thử rồi thì mọi người cũng đồng tình với mình. 
Quán có không gian thoáng mát, bàn ghế đẹp. Bộ chén dĩa tông đen nhìn ưng mắt và siêu nghệ. Mọi thứ từ thức ăn, không gian đến cách phục vụ đều khiến mình vô cùng hài lòng, khác hẳn với những quán buffet từng tới trước đó.
À mà sẵn đây, có ai ăn buffet mà tia luôn anh chủ như mình không???  :vXem thêm",18
169,Jaeger,19/6/2019 17:32,10,"Mình chính là vị khách từ q3 lặn lội kiếm quán để ăn đây. Đến quán 2,3 lần và chưa lần nào thất vọng cả, vần là thái độ Niềm Nở đón khách, nhân viên Dễ Thương, đồ ăn luôn Tươi và ướp rất Ngon, giá cả Hợp Lý cho sinh viên gia đình, ngay cả trái cây tráng miệng cũng rất tươi, dù là quán mới còn chưa đông khách nhưng mình mong sau này quán có thêm thực khách vẫn sẽ luôn giữ được những nét đặc biệt mà mình thích ở quán.Xem thêm",18
170,Nguyễn Lương,1/6/2019 20:48,9.8,"Quán rất thân thiện chiều lòng khách. Giá cả hợp lý cho gia đình sinh viên công nhân. Phục vụ rất có tâm, hương vị dễ ăn. Tuy nhiên quán ít bàn. Quán ngoài trời không hút khói.....Đặc biệt nhân viên siêu thân thiện !!!Xem thêm",18
171,Đức Anh  Nguyễn,17/5/2019 23:20,8.4,"Quán ở vị trí ổn, nhân viên phục vụ nhiệt tình mà không nhăn với khách khi gọi đồ nhiều lần. Quán nên làm thêm món hoặc thay đổi món theo tuần để phong phú hơn. Chắc chắn sẽ quay lại ủng hộ buffet Thằng BờmXem thêm",18
172,Huy Trần,4/12/2018 0:35,10,"Vừa ăn ở đây về, giá cả hợp lý, đồ ăn ngon, sạch sẽ. Nhân viên quán phục vụ dễ thương, nhiệt tình. Chắc chắn sẽ quay lại đây nhiều lần nữa.Xem thêm",18
173,Yuri Hang,4/12/2018 0:17,9.4,"TUYỆT!!!!!
Nghe đồng nghiệp ở quận 9 giới thiệu nên bấm bụng chạy từ quận 6 xún để ăn thử
Cảm giác mới vào quán là không gian rộng rãi và thoáng mát, quán mở nhạc rất hay
Đây là quán buffet đồng giá 99k nên ăn thoả thích, đồ ăn ướp vị đậm đà rất hợp khẩu vị với mình, món lên rất nhanh và nhiều món đa dạng
Ăn xong tính tiền mỗi người chỉ 120k, no căng cả bụng
Sẽ quay lại khi có dịp xuống quận 9 vì hơi xa thôi chứ gần nhà chắc cũng làm thân với chỗ nàyXem thêm",18
174,Thiện Đặng Văn,2/12/2018 10:31,9.8,"Buffet này mới mở, phải nói là món ngon thật. mình tới lần thứ 2 thấy đã cải thiện về số lượng món ăn, không gian thoáng mátXem thêm",18
175,Thiện Đặng Văn,30/11/2018 19:02,10,"Mình từng đi nhiêu quán buffet 99k nhưng quán này thấy ưng ý nhất về món ăn và không gian, bàn nướng.Xem thêm",18
176,Dung Mai,26/11/2018 14:05,9.8,"Nhìn chung, đi ăn lần 2+ rồi. Quán ở vị trí khá thoáng, không gian rất thoải mái phù hợp với gia đình hay tụ hợp bạn bè,... Món ăn ướp dùng vừa miệng, kết hợp với nước chấm khá đa dạng "" Muối ớt chanh ngon bá cháy lun nha :) "". Giá cả cũng rất bình dân lun, nước ngọt các loại chỉ 12K thôi. Đi hai người mà chỉ có 226K. Chắc chắn sẽ quay lạiXem thêm",18
177,Thao Khanh Pham,20/2/2020 22:35,9.4,"Cô rất nghiện cà phê nhưng kg thích ngồi quán nhiều, tình cờ ghé qua 1 lần và nhiều lần sau đó vẫn chọn quán là điểm hẹn với các bạn và gia đình. hương vị cà phê rất ngon như lần ở pháp cô đã uống, tyu kg bằng nhưng rất ok.Xem thêm",19
178,Trg Ngoc Linh,14/11/2018 19:17,10,"Menu đa dạng, đồ uống ngon, view đẹp.
Đặc biệt bé cashies ca tối dễ thương cựccccc ❤️Xem thêm",19
179,Trương Hồng Sang,14/11/2018 16:50,9.6,"Không khí ở quán rất tuyệt, thích hợp để học tập và làm việc. Thức uống đa dạng và siêu ngon.
Everything make me satisfy!Xem thêm",19
180,jwc_ms,14/11/2018 14:30,9.0,"Quán sạch sẽ, rộng rãi, đồ uống ngon, nhân viên thì dễ thuơngXem thêm",19
181,foodee_1c8221b9,14/11/2018 12:40,8.8,"Không gian quán rộng, có gác đẹp.
Đồ uống tuyệt vời, đặc biệt có bán đồ ăn là bánh mì với xôi ngon cựcXem thêm",19
182,lenhu02_08,14/11/2018 12:30,10,"Thức uống ngon,giá cả hợp lí, không gian rộng rãi phù họp cho việc học nhóm và làm việc 💓Xem thêm",19
183,Bình Đào,14/11/2018 12:26,9.0,"Thức uống ngon , không gian của quán ổn thích hợp cho việc họp mặt bạn bè.Xem thêm",19
184,Duy Gia,14/11/2018 12:21,10,Best thingsXem thêm,19
185,thsn1000,14/11/2018 12:09,8.6,Đồ uống ngon và ổn định. Đặc biệt là các loại đá xay và các loại trà. Kèm theo đó là không gian lý tưởng để làm vc và học tập cùng với sự phục vụ nhiệt tình của nhân viên tại đây..Xem thêm,19
186,Vy Tô,12/11/2018 21:17,5.0,"Ấn tượng đầu tiên khi bước vào quán là không gian quán rất thoáng, cách bố trí bàn ghế rất thuận tiện cho di chuyển. Thực đơn thì vẫn chưa có gì mới lạ lắm nhưng chất lượng thì ổn, đặc biệt giá cả rẻ.... sẽ ghé quán ủng hộ dài dài nha 😍😍Xem thêm",19
187,Meo Cú,24/9/2020 0:27,7.8,"• Bánh tráng nướng ở đây ngon nhất Q9 nên lúc nào cũng không hết. Nhà mình gần nhưng ngại đông nên thành ra cũng ít ghé

• Menu đa dạng, bánh dẻo bánh nướng có đủ, cũng có nhiều loại topping tha hồ lựa chọn, giá cả thì phải chăng, dưới 20k hết. Tương đen ở đây siêu ngon.

• Không gian hơi nhỏ, tối là đông sấp mặt, chỗ để xe cũng nhỏ luôn, tự để tự dắt.

• Sẽ quay lại.Xem thêm",20
188,unin,1/5/2020 21:01,9.4,Vẫn là điểm 10 nhéXem thêm,20
189,Tedomi Vtc,21/2/2020 23:26,8.2,Thực đơn phong phú . Bánh nướng giòn và ngon . Phục vụ nhiệt tình. Đáng để trở lạiXem thêm,20
190,châu đoan,5/8/2018 17:50,7.6,"Bánh tráng nướng ngon, giòn và thơm nữa. Có rất nhiều loại, mình thị chọn loại đặc biệt cho đầy đủ nguyên liệu. Đặc biệt, mình rất thích bánh tráng cuốn dẻo, loại nào cũng ngon và rẻ nữa.Xem thêm",20
191,unin,27/5/2018 9:57,8.4,Chỗ này là ngon nhấtXem thêm,20
192,unin,18/3/2018 7:13,8.4,Không chỗ nào ngon bằng chỗ này.Xem thêm,20
193,Meo Cú,22/1/2018 22:41,6.8,"• Nằm trên đường Làng Tăng Phú, không khó tìm.
• Không gian nhỏ, khá chật nếu đi theo nhóm, không những thế còn khá tối. Nhưng cũng không phàn nàn vì đây là dạng quán ăn vặt vỉa hè.
• Menu bánh tráng nướng đa dạng, giá cả dao động dưới 17k. Bánh khá ngon, vừa miệng.
• Nhân viên không quá chuyên nghiệp, nhiệt tình. Bánh tráng ra lâu ơi là lâu. Chỗ để xe là vỉa hè, không có bảo vệ, khách sẽ phải tự dắt xe. Không có máy lạnh và wifi.
• Sẽ quay lại.Xem thêm",20
194,Khánh Linh Lưu,30/9/2017 19:26,7.8,"Hôm nay bạn mình rủ đi ăn, quán dễ tìm, ở trong đường bên hông Ký Túc Xá D2 của trường Sư Phạm Kỹ Thuật TP. HCM, ngay trạm xe buýt 141, 76. Quán khá đông, bàn hơi nhỏ, không gian thoải mái. Nhân viên nhanh nhẹn, nhiệt tình.
Các món dao động từ 5,000đ đến 18,000đ phù hợp với sinh viên, học sinh.
Nước sốt me rất đặc biệt.
Bánh nướng giòn rụm, phô mai là phô mai con bò cười, thơm và béo ngậy.
Bánh dẻo giống bánh tráng cuốn nhưng hình như được nướng lại nên còn khá nóng.
Hương vị thơm ngon, chắc chắn mình sẽ quay lại.Xem thêm",20
195,Heineken Luong,23/10/2016 3:44,8.2,"Chiều nay lặn lội đường xa ghé quán ăn thử,vì vốn là mê mẩn món này mà chưa tìm ra chỗ nào ưng ý.Chắc chắn sẽ còn ghé dài dài.
Bánh ngon,giá thì quá rẻ,nước chấm ngon,nước uống miễn phí.chú chủ quán canh thời gian vừa khít,vừa xong 1 cái là có ngay cái mới.Bánh vừa nướng ra ngon,giòn...kết hợp thêm không khí buổi chiều lất phất mưa,làm cứ tưởng đang ăn ở Đà LạtXem thêm",20
196,Như Huỳnh,7/6/2016 7:30,7.0,"Tới đây rất rất nhiều lần rồi. Kết nhất là nước sốt me của quán hí hí 😍😍😍
Vị trí khá khó tìm.
Mình hay kêu phần đặc biệt 17k. Ăn ngon thiệt ngon.
Bánh dẻo bạn mình nó thích nhưng riêng mình ko thích lắm.
Menu đa dạng phong phú nhưng mình thấy khá mắc so vs nhiều quán # nhưng dc cái là ngon lắm.
Chỗ giữ xe hơi chật. Lúc đông thì khó lấy lắm nha.
Phục vụ nhanh chóng. Đem ra 1 cái trc rồi quan sát khách ăn gần hết mới nướng cái t2 :))
Tuej phục vụ nước đá và cho rửa tay free luôn :))).Xem thêm",20
197,Thiên Nhi Nguyễn,19/5/2018 11:55,5.0,"Vị trí: gần trường cđ công thương, quán khá là nhỏ, khó nhìn, chỗ gửi xe cực hẹp chắc chỉ để đc 5-6 chiếc xe thôi
Không gian: nhìn bên ngoài quá nhỏ, vào bên trong thì được tầm khoảng 6-7 bàn. Quán trang trí đơn giản nhưng được cái mở nhạc nhẹ nhẹ, yên tĩnh.
Nước uống: mình lại đây là lần thứ 3, và uống các loại nước khác nhau, hồng trà khá nhạt, nhưng được cái trà sữa khá ok, giá cả cũng vừa túi tiền
Phục vụ: chắc là nhân viên làm theo ca, có hôm mình lại thì vui vẻ nhiệt tình lắm, có hôm thì nhân viên khá khó chịu :((((Xem thêm",21
198,Foodee_ybaiofyb Ho,2/8/2017 22:28,3.2,"Quán nhỏ không có chỗ để xe chắc chỉ để đc 2, 3  chiếc .  Thái độ nv không vui mà cũng  chẳng buồn  ( khó hiểu 😊😊) theo mình  nước ở đây  nhạt k có  gì đặc  biệt.,  quán cũng  dễ thương 😄Xem thêm",21
199,Takashi Nguyễn,22/3/2017 9:12,6.4,"Quán không dễ thấy cho lắm vì nhỏ, nhưng khi bước vào quán thì thấy bên trong cũng không tệ, về thiết kế thì mình thấy bình thường, nhưng được cái  tạo cảm giác yên tĩnh. Rất phù hợp cho các bạn tránh nóng để hok bài hay đọc sách, ưu điểm lớn nhất mình thích là  yên tĩnh ... hy vọng quán phát huy tốt hơn ..... (nên mở nhạc không lời hoặc nhỏ, sẽ tạo cảm giác yên tĩnh hơn phù hợp với tím mộng mơ).Xem thêm",21
200,Thoại Phương,14/11/2016 20:41,8.8,"Quán gần nhà, đi qua hoài mà chưa ghé. Nay ghé thử, view quán khá là đẹp, quán không rộng lắm nhưng cũng đủ làm nơi trốn nắng cho sinh viên Công Thương rồi. Quán hơi nhỏ nên nhìn kỹ mới tìm ra được nha. Trà sữa ở đây uống cũng không tệ. Mà gửi xe không tốt, mình đi chung với thằng bạn, trên đường chạy về mới thấy cái kính xe nó xúc ốc, giống như làm ngã xe nó vậy. Nói vậy thôi chứ quán cũng khá là được.Xem thêm",21
201,Nhân Hồ,11/9/2016 13:52,4.8,"Mới chuyển ra quận 9 học vòng vòng kiếm quán trà sữa nào mát trú và tìm được Taro nhìn ngoài quán có tẹo nhưng đi vào trong thì phòng rộng phía bên trái là bàn với ghế sofa cạnh cửa sổ trong cổ điển, còn phía bên phải là sàn gỗ và ngồi bệch mà cái gối ngồi hơi nhỏ bé. không gian mát mẻ thoáng mát. wc phía sau cũng sạch sẽ. so với cái quán khác ở quận 9 thì không gian ở đây rất ok chưa nói đến giá cả và chất lượng. Quán phục vụ nước uống và thức ăn nhanh. nước uống giá hơi cao so với chất lượng khoảng tầm 15k - 25k, đồ ăn thì hầu như 15k hết. 
Nếu như trưa nắng nóng thì đây là địa điểm lý tưởng để tránh nắng và táng gẩu.Xem thêm",21
202,Thiện Nguyễn,14/1/2016 14:36,8.0,"Ly trà sữa to dã man luôn, mà có 15.000, không ngờ ở chỗ này cũng có quán trà sữa đẹp vậyXem thêm",21
203,Thiện Nguyễn,16/8/2014 22:17,8.0,"Quán có kích thước vừa phải, có máy lạnh, thức uống hơi ít (chắc do mới mở), khoảng 40 loại. Sử dụng nguyên liệu nhập khẩu, mùi vị ngon, nhân viên lịch sự, có chụp hình cho khách. Nói chung rất ổnXem thêm",21
204,dorodo yoto,1/6/2020 15:21,3.2,Thái độ phục vụ của nhân viên không tốt. Thậm chi ra vẻ mặt khó chịu trước khách hàng... cảm giác khách hàng đến đây như xin thay vì như được phục vụXem thêm,22
205,Hương Nguyễn Ngọc Vân,30/5/2019 20:58,5.2,"Bánh ở đây ngon vừa, không đặc biệt lắm, ngon nhất là bánh su. Trà sữa ngọt rất ngọt luôn. Uống 1 lần ko có lần 2.
Có điều mình không hài lòng là khi mua bánh mì thịt,nhân viên làm bánh mì cho khách thì ko đeo bao tay. Chỉ đeo khi cầm miếng thịt xắt ra để nhận ổ bánh thôi. Sau đoa vẫn lấy tay không cầm bánh mì. Cảm thấy ko hợp vệ sinh cho lắm. Việc cân thịt theo đúng tiêu chuẩn bán bánh là cần thiết nhưng nhân viên làm chậm quá mức. Mình mua 2 ổ bánh mì thịt. Nhân viên xắt thịt ra cân đúng lượng cho 1 ổ bánh rồi chuẩn bị 1 ổ, tiếp đến lại xắt thịt và quay lại làm thêm 1 ổ nữa. Đứng nhìn nhân viên làm mà ngán ngẩm luôn, hết hứng ăn. Tay nhân viên vừa cầm tiền thối cho khách trước thì chạy vào lấy tay không cầm bánh mì làm cho khách sau. Bẩn lắm. Còn 1 điều nữa là khâu tính tiền lâu. Mình đưa tiền cho nhân viên nhân viên chạy vào đưa chủ / quản lý lấy tiền thối mà chủ/ quản lý ở trong ngồi chơi điện thoại, bấm xong rồi mới in hoá đơn, lấy tiền thối cho khách. Thêm một lần đứng chờ. T_T thiệt là mệt mỏi. Mặc dù bánh ngon nhưng việc phục vụ khách kém. Cực kémXem thêm",22
206,Cyndi Garcia,3/5/2019 22:33,7.2,"mua bánh ở đây từ hồi quán mới mở, đến nay cả 10 năm rồi. mình đi làm xa nên ko ăn bánh nhiều chỉ mỗi dịp sinh nhật mới mua bánh kem ở đây. bánh luôn ngon, update nhiều mẫu mới. giá ổn định phù hợp.Xem thêm",22
207,Anh N,11/1/2019 15:08,5.2,"bánh mì gà ngon, ăn ok hơi mặn so vs mình, còn bánh mì thịt heo nhiều mỡ quá, với lại mình nghĩ nhân viên nên đeo bao tay khi làm bánh mì, đừng dùng tay không mà lại đeo cả 2-3 cái nhẫn bự chảng (bạn nv nam đeo mắt kiếng) r lại cầm tiền thối cho khách, trông mất vệ sinhXem thêm",22
208,TrangEm,22/4/2017 16:37,8.6,"Mình đã mua đc mấy cái bánh ở tiệm .nhân viên vui vẻ, thân thiện ,pgujc vụ tốt , bánh ngon , giá cả OKXem thêm",22
209,Nguyễn Thu,21/4/2017 19:15,6.4,"Lần thứ mấy mua bánh ở đây cũng không nhớ, mấy lần trước mua toàn bánh kem, nay đi ngang cũng nhớ mùi, tính vào xem có mousse không nhưng không có, vào tủ trong thấy có bánh nhìn cũng tựa tựa mousse nên mua ăn thử, chị bán hàng nói bánh pháp gì đấy nghe không rõ. Về ăn thấy bánh chỉ có lớp phomai bên ngoài thôi, trong toàn bông lan nên thôi sau này sẽ từ bỏ em ấy. Vì mình không thích bông lan cho lắm.
P/s: Nói chung bánh ngon, sẽ ủng hộ thêm nữa. Nếu được quán thêm mousse đi thì sẽ ủng hộ hằng ngày lun. 😊Xem thêm",22
210,Thành Bùi,1/6/2016 19:11,5.6,Đặt bánh ở đây đúng 2 lần và không bao giờ quay lại nữa. Bánh cũng không phải gọi là xuất sắc nhưng ở mức chấp nhận được so với giá. Lần nào đặt bánh mặt nhân viên như kiểu không cần khách. Bộ tươi cười một chút chắc chết người. Chính thái độ nhân viên làm mình không bao giờ tới đây nữa. 😑😑😑😑Xem thêm,22
211,NGỌC,29/1/2016 10:36,5.8,"Mình thường đến đây vào buổi tối cùng bạn bè. Lần nào cũng gọi những món nước khác nhau và lúc nào cũng cảm thấy hài lòng cả. 
Phục vụ ân cần, nước rất ngon đặc biệt là sữa thái và sinh tố. 
Bánh thì hơi cứng, trông cũng bình thường thôi.
Nhưng được cái là đến đây uống nước sẵn tiện có bakery cùng thương hiệu nên cũng yên tâm không lo đói.Xem thêm",22
212,Duyên Lê,26/1/2016 21:04,6.4,"Mình mua bánh xong qua quán trà sữa Phương Chi bên cạnh uống luôn ( hình như cùng một chủ) bánh không ngon như hồi trước. Muffin khô quắc, tart trứng nhiều dầu quá, bông lan ngon, nước ổn so với giá. Bánh flan hồng kong quá tụt dốc, hồi xưa ngon bn thì bây giờ dở bấy nhiêu. Nhân viên thân thiện, không gian quán ấm áp.Xem thêm",22
213,Võ Lê Khánh Ngân,14/8/2015 0:11,4.0,"Vô riết là khách quen tại đối diện TQT, trường cấp 2 của mình. Bánh thì nói thật là không ngon, trà sữa ổn, hợp túi tiền, không gian quán nhỏ, nói chung là bình thườngXem thêm",22
214,Tuấn Ruby,30/1/2019 20:08,9.4,"Trà sữa siêu ngon. Vị thanh, nghe rất rõ vị trà và sữa. Ngon nhất trong những ly trà sữa đã từng uống thử. Tuy nhiên có lẽ không hợp với bánh bèo nào thích ngọt như đường nha.Xem thêm",23
215,Thể  Xuyên,10/1/2019 7:06,7.4,"Thấy mã giảm giá tận 60% nên mình quyết định đặt giao mấy ly cafe cho chồng vì giá bình thường không giảm của quán cũng không phải là rẻ, ai dè ổng bị nghiện quất 1 lúc cả 2 ly cafe luôn (đến sợ), mình cũng nếm thử thì cafe rất thơm và đậm vị mình cũng thích mê.
- Trà sữa thì mình có đọc coment của các bạn khác bảo order 50% đường thôi, nên mình cũng liều làm theo vì mình cũng không phải fan hảo ngọt. Ai dè nhạt nhẽo thật mọi người ạ, trà sữa thì vẫn thơm vẫn béo nhưnh mình phải khuấy thêm ít đường cho vừa miệng mới uống được. Trân châu ở quán thì dai chứ hổng giòn nha, hạt cũng hơi nhỏ làm nhai không đã gì hết trơn.
- Còn Chocolate nóng mình uống thấy y chang sữa milo không khác tí gì luôn. Món này sẽ không thử lại nè.

Nói túm lại thì giá giảm 60% là không có gì để chê được về chất lượng hết á, nhưng nếu back lại giá thường thì mình nghĩ mọi người nên thử cafe của quán nè ^^Xem thêm",23
216,Truclien Vo,19/11/2018 23:38,8.6,"Mình đã order đúng diệp được khuyến mãi, giảm giá nên thử khá nhiều loại trong menu đặc biệt là trà sữa :).
Tất cả  trà sữa đều ngon, nhất la Earl grey! Trà thơm, sữa béo vừa, vị thanh tao. Chất lượng có thể sánh với các thương hiệu có tiếng nha. 
À quán có món cà phê nước cốt dừa, uống cũng khá được nhưng không bằng Cộng. 
Giá thì mình thấy hơi đắt chút ;)). Nhưng nhìn chung khá ok
Mình chỉ order chứ chưa ghé quán, nhưng nhất định sẽ ghé ủng hộ.Xem thêm",23
217,Jin Jin,12/11/2018 20:01,6.4,"Thấy quán có mã khuyến mã nên mình đặt thử, cũng không mong đợi nhiều. Kết quả là...trà ngon, 50 đường 50 đá uống vừa, lớp creamcheese thì vẫn còn vài cục phô mai chưa tan. Trà sữa ngon, trân châu mềm dai, mà hơi nhỏ, mình thích loại to hơn. 
Vì order nên ko đánh giá được các mặt khác của quán, nên mình chỉ đánh giá nước uống.Xem thêm",23
218,MinKhoa IchiKa,25/8/2018 18:32,8.4,"Quán có bán thêm đồ ăn nữa thì tuyệt. Không gian yên tĩnh, có thể làm việc học tập được. Đồ uống cũng ok.Xem thêm",23
219,Bảo Lê,5/6/2018 9:25,8.8,"Không gian rất phù hợp với việc học tập, nhân viên dễ thương, nhiệt tình. Thức uống ngon, decorate rất đẹp mắt, có bán bánh để ăn kèm nữa. Nhiều chương trình ưu đãi hấp dẫn cho khách hàng. Rất tuyệt vời! 👍👍👍👍Xem thêm",23
220,Anh Minh,1/6/2018 19:01,8.0,"Quán T'aroma với không gian yên tĩnh và thiết kế rất là sang trọng với những thức uống đa dạng và độc đáo.Theo ý kiến cá nhân của tôi thì các bạn hãy ghé quá thưởng thức cho mình ly sữa tươi chân trâu đường nâu,cà phê trứng...T'aroma cũng rất là đảm bảo về chất lượng và dịch vụ đối với khách hàng như là giảm giá 20% cho khách làm thẻ thành viên và giảm 10% take way.Tôi rất hài lòng khi uống ở T'aromaXem thêm",23
221,vannguyen412,1/6/2018 14:10,9.2,Ngon❤️Xem thêm,23
222,Nguyễn Thanh Long,8/5/2018 11:54,9.6,"Quán này không gian lãng mạn, view đẹp, trà sữa ngon, phục vụ chu đáo, nv dễ thương và phục vụ nhiệt tình, thích hợp hẹn hò, selfie, học tập, có tủ để đồ. 

Cho 5 sao cho quán này.Xem thêm",23
223,QL,18/4/2018 0:21,7.4,"🍒Quán có ko gian trẻ trung, chỗ để xe ngoài sân cũng thoải mái và có nhiều cây xanh mát mẻ nữa
Nhân viên mặc đồng phục dễ thuương
Không gian có nhiều góc học hành, làm việc
🍒Menu đa dạng: cafe, nước ép, trà sữa, smoothie.... nhưng mình thấy có vẻ quán chuyên cafe nên có nhiều dòng cafe rất lạ
Giá cả ổn so với mặt bằng chungXem thêm",23
224,Jin Jin,8/1/2019 21:43,6.2,"Quán rộng vừa, dễ tìm từ đầu đường 385 đi vào 1 khúc nhìn bên tay trái,  quán có gác nhỏ, buổi trưa nên trên gác hơi nóng.

Nhân viên vui tính, khách vô mà vẫn bấm đt, lúc mình gọi món cũng còn bấm, vừa bấm vừa nói giá tiền, bill cũng không đưa, hỏi mới đưa.

Nước uống bình thường tương xứng với giá tiền.Xem thêm",24
225,Kimngn3848,3/12/2018 14:42,7.6,"Nhân viên quán lịch sự nhiệt tình, không gian thoáng mát sạch sẽ rất thích hợp để tụ họp và học bài, quan trọng là các món uống đều rất ngon, vệ sinh, cách trang trí đồ uống rất bắt mắt, đã uống và nghiện luôn đồ uống ở đây r. Will comeback🤗🤗🤗Xem thêm",24
226,nguyễn ánh,3/12/2018 11:49,8.6,"Sáng có việc tí ngoài này nên Yokan Tea Coffee ở Quận 9 để ăn sáng ~ ^ ^ ~ bánh mì thơm ngon, lượng vừa đủ cho bữa sáng, rất vừa bụng, ko quá no cũng ko quá đói ~ nhân viên rất ân cần luôn. Không gian ở đây cũng thích hợp cho mình làm việc, đỡ phải mất công chạy vòng vòng. Trước h hay uống các dòng nước ngọt , giờ chuyển sang thích cafe, trà sữa với đá xay ở đây rồi, cafe đậm thơm. Ah Yokan còn có trà trái cây rồi, mình thấy nó uống cũng ok đấyXem thêm",24
227,Lan Nguyễn,3/12/2018 11:16,10,"Quán rất đa dạng về nước uống và còn ngon bổ rẻ nữa
 chớ ,nhân viên viên rất nhiệt tình và dễ thương này , nhạc quán phải nói là quá tuyệt. Tới một lần là sẽ muốn tới nhiều lần luôn😍😍😍Xem thêm",24
228,Xuân Hương,3/12/2018 10:55,10,"View đẹp, thoáng mát, sạch sẽ . Nước uống rất ngon, giá rất ư sinh viên. Nhân viên nhiệt tình dễ thương...  ❤❤❤Xem thêm",24
229,nguyễn ánh,3/12/2018 10:38,10,"Quán mới có thêm các món đồ ăn vặt nên menu khá đa dạng
Quán gần trường ĐH Tài Chính marketing, không gian ấm cúng, đẹp.
Trà sữa thơm ngon mà không béo giá hợp lý, rất đáng túi tiềnXem thêm",24
230,Mỹ Hạnh,17/9/2018 18:21,10,"Quán mới mở gần trường ĐH Tài chính marketing 
Không gian quan ấm cúng 🙆🏻‍♂️ tinh tế 👍🏻 đẹp 💋 phòng vệ sinh sạch sẽ✋🏻 có những chậu cây viên sỏi rất đáng yêu ❤️
Nhân viên nói chuyện nhẹ nhàng 😍 lịch sự ⚫️ và đep trai 😍❤️
Trà sữa thơm 😍 ngon 😋 mà hông béo ( điểm cộng dành cho những bạn thích trà sữa mà thân hình hơi béo 👏🏻👏🏻) giá cả hợp lí . Đáng túi tiền 👍🏻
 Quán mới mở nên hông có đồ ăn vặt 😭😭 cần thêm cá viên chiên hoặc bánh tráng hay gì đấy cho menu phong phúXem thêm",24
231,Nhungnguyen4147,2/7/2018 18:28,9.6,Quán mới mở nên hơi ít đồ uống. Mình thích nhất là trà oolong nhiệt đới và latte. Nhân viên lịch sự và nhiệt tình ❤️❤️ Sẽ quay lạiXem thêm,24
232,Thanh Hoài,28/6/2015 20:48,8.0,"Quay lại Quán tôi sau mấy tháng. Quán đổi địa điểm mới. Không gian đẹp hơn, phong cách lạ mà ấm cúng. Nhạc vẫn hay như xưa (ưng hơn trước)

Điểm trừ: đồ uống vẫn không ngon, 1 đĩa trái cây ~60k mà toàn ổi, cóc, xoàiXem thêm",25
233,bằng hải,7/3/2015 12:51,7.0,"Điểm công:  không gian dẹp, biểu diễn ngay hồ giữa quán. Hát nhạc Trịnh siêu hay. Ko công phụ phí, vì cũng tính vô tiền nước rồi nhưng vậy nên giá hợp lý hơn chờ khác. 
Điểm trừ:  Tối quà mức ko nhìn dc cái menu, nhạc tùy đêm tùy ca sĩ.  Nhạc công cùi mỉa quá ko chơi nhạc mới cho mình hátXem thêm",25
234,Ty Bợn,17/10/2014 15:04,6.2,"Chỗ nàu mình đi nhiều rồi. không gian tạm ổn, thoát mát phù hợp cho nhung ai iu thiên nhiên, giữa hồ còn nuôi con thỏ, khỉ bọ các loại thấy cưng lắm. Buoi Tối thì gía hơi mắc và nhiều mũi @@Xem thêm",25
235,phat ma,8/6/2014 17:50,7.2,Địa điểm ok. Giá cả phải chăng.Xem thêm,25
236,Giải Trí Tổng Hợp,19/5/2014 8:17,2.6,"Tình cờ tôi vào quán cafe này, mặc dù gần nhà nhưng cũng chưa vào quán bao giờ, lúc đó là 19h tối, tôi đang cần vào internet bằng laptop có tí chuyện, vậy mà tìm hoài không ra ổ cắm điện, quán rất tối không thấy gì, và nóng nữa ...

Thật sự tôi rất thất vọng cách phục vụ của quán, nhân viên quá ít, lại không chuyên nghiệp, tỏ vẻ bực tức khi tôi hỏi pass wifi , không có ổ cắm điện, không có không gian, không có ánh sáng, cuối cùng tôi không dùng laptop, chỉ bật điện thoại lên đọc tin tức, thỉnh thoảng có chuột chạy qua chạy lại.

Ngồi khoảng 30', nóng quá không chịu nổi, tôi quyết định tính tiền rồi về, Và không hiểu sao khi tính tiền, món nước ép thơm có giá 55.000 vnđ, tôi rất bực nhưng cũng đành thanh toán và tự hứa từ nay không bao giờ quay trở lại quán nữa.Xem thêm",25
237,Dũng Phạm,2/3/2014 8:20,7.0,khá tốt về không gian và thức uốngXem thêm,25
238,Alane Nguyen,7/7/2013 23:59,7.8,"- Không gian: rộng và thoáng đãng. Đây là quán cafe rộng nhất mà mình biết. Toàn bộ quán như một biệt thự sân vườn mang đậm phong cách Việt Nam: hồ nước, gian nhà mái lá, gian nhà mái ngói như cung đình Huế, khu vực ngoài trời san sát hồ và sân khấu dưới những vòm cây. Giữa hồ nước là ""hòn đảo"" của cặp gà cảnh. Quán có nhạc sống mỗi ngày nên cứ gần đến giờ nhạc lên 6h30-7h, cặp gà lại dắt nhau đủng đỉnh vào chuồng ngủ yên. Rất dung dị.
Quán rất rộng, nhưng mọi thiết kế đều tinh tế, hài hòa, hướng về thiên nhiên, đơn giản.

- Nước uống: bình thường, ko đặc sắc.
- Giá cả: ban ngày tầm 15-30k. Buổi tối phụ thu nhạc sống khá rẻ: 45-60k (đã bao gồm nước)
- Nhân viên: bình thường
- Buổi tối rất đông nên cần đến sớm để có chỗ ngồi nhìn sân khấu thuận lợi.
- Điểm trừ là đêm nhạc hát qua mic nên âm thanh không hay (mình ngồi chính diện sân khấu - cách 1 hồ nước nên thấy âm thanh phô). Mỗi đêm chỉ có 1 ca sĩ nên nếu đêm nào ca sĩ mình không thích/hát ko hay thì phải ngồi chịu trận ))Xem thêm",25
239,Vigneyard Mizu,10/3/2013 8:45,8.6,"Quán có không gian xanh mát, có nhạc sống cuối tuần. Thức uống cũng tạm được. Nói chung rất tốt để tìm chỗ yên tĩnh trò chuyện. Nhân viên hơi ít nên phục vụ cũng chưa được tốt lắm.Xem thêm",25
240,Thanh Vy,9/4/2023 22:51,8.2,"- Tối thứ 6 mình ra đây lai rai với đồng nghiệp. Ngày thường khá vắng. Thứ 6 tới thì có tiệc sinh nhật rồi bàn cũng có người đặt nữa. Nhân viên cũng sắp cho nhóm mình được 1 chỗ ngồi mát mẻ, không cần ngồi trong chồi hay lên lầu.
- Món ăn cũng đa dạng. Tụi mình gọi vài món sau: Chả mực, dê hấp, chân giò heo chiên, gỏi hải sản khoai môn, gỏi tép bông điên điển, khoai tây chiên, sụn gà rang muối, hủ tiếu xào bò, tôm sốt chanh dây. Mỗi món dao động cỡ 100k.
- Món mình thích nhất là chân giò heo muối chiên, sụn gà rang muối.
- Gỏi hải sản khoai môn lúc trước ăn ngon lắm, giờ độn củ hành nhiều quá.
- Tổng bill cỡ 3tr do tụi mình kêu thêm bia nữa, 10 người ăn. Quán cũng bình dân, tụi mình ăn uống hơi nhiều nên mình nghĩ giá đó hợp lý rồi. Quán có đặt tiệc mang món lại công ty nữa, bữa công ty mình có đặt do muốn ăn nhiều món kiểu buffet, có menu tiệc riêng luôn, ăn cũng được.Xem thêm",26
241,Phương Quỳnh Lê,9/8/2019 20:35,8.8,Ăn 5 món mà chụp được có 2. Cơm chiên hải sản ngon mà có 42k à. Phần xả của dê xối xả thì k được giòn bằng bên Biển xanh cho lắm. Nhân viên k vui vẻ nhiệt tình lắm. Nhưng nhìn chung món ăn ngon rẻ. Hợp tụ họp. Có điều ồn quá mình khó nói chuyện ghê 😌Xem thêm,26
242,Phương Quỳnh Lê,15/2/2019 7:32,8.4,"Quán rộng rãi, mát mẻ. Đồ ăn rẻ hơn mấy chỗ khác ở Thủ Đức. Mặt bằng chung là ok. Cơm chiên Hải Sản rất ngon. Còn món Dê sối xả thì xả k ngon lắm, mình ăn chỗ khác xả rất giòn và thơm, còn Bia Tuyết xả hơn bã. Bao tử hầm tiêu cũng ngon nè. Tiếc là quên k chụp. Đi đúng dịp Valentine nên quán có tặng cho dĩa Trái cây ngon quá trời. Sẽ quay lại lần tới 🔙😋😋Xem thêm",26
243,Ánh,24/1/2019 20:14,4.0,"Đông quá rồi không cần khách hả :) 
Đã đặt bàn khoảng 7 rưỡi  8h sẽ đến nhé , Ok chị, hỏi tên luôn nà. Đến nơi thì là hết bàn rồi chị chị lên lầu ngồi thì ngồi nà không thì thôi nà ( ở trên tiệc sn). Ủa sao dị? Có đặt bàn đàng hoàng nhé! 
Thái độ quản lí như thế nhân viên cũng chẳng kém :) bị 1 vài lần rồi vẫn tính thử mà chắc đéo nữa đâu 🙂Xem thêm",26
244,NGỌC,23/11/2018 23:11,7.4,"Tụ họp bạn bè tụi mình thường chọn chổ này. Rộng rãi thoáng mát đông khách, đồ ăn ngon, giá cả phải chăng, để xe rộng rãi. Có điều phục vụ care nhiều bàn nên hơi lâu.Xem thêm",26
245,Hưng Hoàng,14/7/2018 13:05,6.4,"Đồ ăn rẻ. Chất lượng ổn. 
Nhân viên ko tốt, ko trực bàn mỗi lần gọi được 1 người khác nhau. 
Còn làm rơi rớt đồ nữa.Xem thêm",26
246,Hưng Hoàng,30/6/2018 8:57,7.8,"Quán rộng sạch sẽ, chỗ giữ xe mưa hơi trũng nước. 
Cơm chiên ok. 
Gỏi bò khoai môn: khoai môn chiên lâu rồi ko đc giòn. 
Nghêu hấp sả: bình thường 
Tôm nướng ko ngon
Lẩu okXem thêm",26
247,Oliver Paul,23/5/2018 17:21,9.6,Been there now a few times. Large restaurant conveniently located. Very friendly attentive waitstaff. Food is fresh and tasty. Squid is tasty and lots of other fresh seafood options.  I enjoy the beefsalad with fresh sprouts. Comfortable tables and chairs.Xem thêm,26
248,Thuong Vi,7/5/2018 16:49,9.0,"Quán rộng rãi, sạch sẽ, ngay mặt tiền rất dễ tìm
Đồ ăn khá vừa miệng mình, giá khá rẻ so với mặt bằng chung.
Phục vụ hơi chậm chạp.Xem thêm",26
249,Tai Tran,12/12/2018 8:13,9.8,"Lần đầu đến quán xem Việt Nam đá, không khí ở đây cực kì sôi động và cuồng nhiệt. Pháo sáng được đốt liên tục mỗi khi Việt Nam có bàn thắng. Không gian mở ngồi rất thoáng mát, kế bên là công viên dọc theo bờ sông.
Bán phục vụ đá banh nên quán bán đồng giá 25k cho các loại nước uống cơ bản (cà phê đá, cà phê sữa, nước ép cam, trà sữa) và nước ngọt (có cả bia Heineken). Với giá này vào ngày đá banh thì quá rẻ so với mặt bằng ổn và chổ ngồi xem cực sướng (2 màn chiếu lớn rõ nét)
Các bạn nhân viên mình thấy các bạn rất mệt nhưng có lẻ vì tinh thần ủng hộ Việt Nam nên làm việc rất nhiệt tình và thân thiện.
Sẽ quay lại tiếp tục xem trận chung kết lượt về tại đây (y)Xem thêm",27
250,MocMien,8/12/2018 11:31,9.4,"Tối lang thang cùng đám bạn kiếm quán xem trận bán kết lượt về Việt Nam với Philippines thì search Foody thấy quán ở khu vực Đỗ Xuân Hợp. Đánh giá ban đầu quán hơi khuất và bên ngoài khó biết vì nằm trong khu dân cư khép kín Gia Hòa (số 523A Đỗ Xuân Hợp), nếu tìm không được các bạn có thể lên Google Maps search là ra.
Quán nằm tận bên trong có công viên ven sông cực kỳ thoáng mát và rộng rãi, trang bị 2 máy chiếu với màn hình lớn để xem bóng đá. Mình nhóm mình vào là quán đã rất đông vui.
Cứ mỗi lần Việt Nam ghi bàn, là lại có pháo sáng được đốt lên, chụp hình sống ảo cực chất, không khí cực kì sôi động, ko thua kém gì phố đi bộ hay Bùi Viện :D.

Về nước uống: do hôm đó có lẽ quá tải nên nước ra hơi lâu, nhưng về chất lượng thì rất ok. Được cái các bạn nhân viên cứ chăm trà đá liên tục và hỗ trợ rất nhiệt tình nên dù đợi nhưng tụi mình vẫn thấy rất thoải mái.
Về giá cả thì hỏi ra được biết quán không phụ thu bất kể sự kiện hay các ngày hát Acoustic cũng vậy. Giá trên Menu khá ổn.
Về không gian: có 3 khu riêng biệt gồm phòng lạnh, sân vườn và vỉa hè ven sông, bàn ghế cũng được setup nhiều sự lựa chọn phù hợp cho các lứa tuổi :)))). (tụi mình thấy ngồi bàn thùng phi khá chất).

Chắc chắn sẽ quay lại ủng hộ quánXem thêm",27
251,Nam Phương,5/12/2018 21:52,9.2,"Hôm nay ghé thử quán, hầu như bật Foody lên khu vực này chỉ thấy mỗi quán này thôi.
Quán nằm trong khu dân cư khép kín (đi từ Đỗ Xuân Hợp vào chứ đừng đi theo hướng Dương Đình Hội), nói chung cứ bật Google Maps lên đi theo là chắc nhất.
Trong khu dân cư khá nhiều quán cafe (cũng sẽ thử các quán khác vào một ngày gần nhất), hy vọng tương lai sẽ trở thành khu cà phê vì khu này rất đẹp và mát mẻ.
Nói về quán TH COFFEE SHOP:
- Không gian chắc chắn không thể chê vào đâu được, bao gồm 3 khu vực phòng lạnh, sân vườn (có hồ cá chạy dọc theo bao đẹp), công viên ven sông (khu vực hot nhất của quán), cả 3 đều rộng rãi, thoáng mát, thiết kế hiện đại, sang trọng nhưng vẫn gần gũi với thiên nhiên.
- Nước uống: các loại đá xay khá ngon (mình đi theo nhóm nên thử được một số món), sinh tố sử dụng trái cây tươi.
- Giá cả: trung bình từ 18k đến 35k
- Nhân viên: vui vẻ, nhiệt tình (tính chuyên nghiệp còn phải rèn thêm do các bạn đa phần chắc là sinh viên làm thêm).
- Nay đi trúng ngày có Acoustic rất hay và ""chất"", hầu như toàn khu vực chỉ có quán này có. Lịch Acoustic có hỏi nhưng thường sẽ tổ chức 2-3 tuần/lần (không cố định) mọi thông tin xem trên fanpage.

Tóm lại: sẽ quay lại <3Xem thêm",27
252,Hải Hải,5/12/2018 12:06,9.4,"Quán nằm trong khu dân cư Gia Hòa nên ít người biết đến, trong khu dân cư cơ bản đã đẹp rồi, quán decor theo phong cách hiện đại rất đẹp và thoáng mát, điểm nhấn đặc biệt là có công viên ven sông rất mát, có thể tụ tập bạn bè (nếu trưa vắng còn có thể câu cá giải trí). Về nước uống tạm được, khá ổn với mức giá quán đưa ra. Nhân viên nhiệt tình, hôm bữa ngồi 6-7 tiếng mà mấy bạn vẫn vui vẻ rót trà thường xuyên. Phòng lạnh có vẻ ít người ngồi do ngồi bên sông mát và thoáng, thích hợp cho ai làm việc hoặc học nhómXem thêm",27
253,Duyên Duyên,4/12/2018 22:27,9.6,"Quán trang trí một góc Noel sớm cho mọi người chụp hình rất đẹp, tha hồ check-in, nước uống và đồ ăn sáng ok (đồ ăn sáng bán theo ngày nên các ngày khác mình không rõ), không gian phòng lạnh hay bên ngoài đều rất rộng và thoáng mát, sạch sẽ, thích hợp đi theo hội, nhóm, gia đình. Rất tuyệt để tránh nóng buổi trưa và học nhóm tại đây. À ngoài ra, do nằm trong khu dân cư nên hơi khó tìm một tí, các bạn có thể lên google map search TH COFFEE SHOP là ra.Xem thêm",27
254,Tín Huỳnh,4/12/2018 20:23,9.4,"Nước uống khá ngon, đặc biệt là các loại đá xay. Nằm trong khu dân cư nên an ninh, có không gian công viên ven sông khá mát và thoáng. Ngoài ra có phòng lạnh rộng rãi, có thể tổ chức tiệc nhẹ.Xem thêm",27
255,Kanny Vương,4/12/2018 20:13,9.6,"Có nhiều sự kiện hấp dẫn, nước ok, giá cả phải chăng, có các khu vực riêng lẻ dành cho nhiều đối tượng, phòng lạnh, sân vườn, công viên ven sông thoáng mát.Xem thêm",27
256,Hiếu Võ,30/7/2016 14:08,6.0,"Đúng chất Ngon - Bổ - Rẽ Thik nhất là rau sạch, nhìn là muốn ăn ngay, chia sẽ của quán "" giá tự trồng "" cọng giá ngọt và giòn, ăn với bún cá là "" ngon tuyệt "". Bún cá ở đây mùi vị rất quê hương, mình ở Ninh Hòa-Nha Trang, ăn mà cứ tưởng đang ăn tại ""quê"" - i like !!!Nem chua, có nước chấm rất đậm đà. Đặc biệt, nem ""lùi"" hay gọi là nem chua được nướng lên, cái mùi thơm không cưỡng lại được của mùi lá "" chùm ruộc"" mùi "" nem"" hòa quyện vào nhau khi nướng lên. Có thể ăn nóng ngay tại quán một vài chiếc "" nem lùi/ nướng"" thì thật tuyệt.....!!!Ngoài ra, còn có bò kho, bánh mì xíu mại, chả lụa.....mì vị không chê được.Xem thêm",28
257,Tiên Tiên Sumo,26/7/2016 11:18,8.0,Quán ăn khá ngon . Nước sốt khá đậm đà . Mong là quán là vị đậm một xíu nữa là ngon . Nhân viên phục vụ khá nhanh . Không gian hơi chật nhưng không sao . Giá cả cũng phải chĂng không quá mắc . Bị cái là xa quá tại mình lên chơi ở tận quân 12 hizz . Chúc quán ngày cang mua may bán đắt nhé .Xem thêm,28
258,Ngô Huệ,26/7/2016 10:33,8.0,"Hôm trước đi ngang khu vự này thấy quán để bảng hiệu khai trương ăn 3 tặng 1, mà lâu lắm rồi cũng chưa được ăn hương vị đặc sản quê hương: bún cá Ninh Hòa nên tấp vô luôn.
Quán ấn tượng với cách bày trí khá ấn tượng cho ngày khai trương, không gian thoáng, sạch sẽ, đặc biệt có cô chủ xinh xinh và vui vẻ quá chừng.
- Mình oder bún cá và nem phần.
BÚn cá ăn đúng vị mỗi lần về quê mình ăn luôn đó, cũng là loại cá cờ không lẫn vào đâu được ( những quán bún cá ở đây ít có cá này lắm nha), chả cá thơm ngon, nước ngọt và đúng chất Ninh Hòa. HỎi ra thì mới biết hàng là lấy từ quê vào gửi liên tục hàng ngày. <3
- Nem phần được chấm với nước sốt riêng biệt, ngon quá trời quá đất hà.
Nói chung là ấn tượng với quán này, mặc dù ở gò vấp nhưng hứa là thỉnh thoảng sẽ chạy xuống đây thưởng thức cũng như ủng hộ quán :)Xem thêm",28
259,Phuong Bui,23/7/2016 19:56,6.0,"Lần đầu tiên đc ăn món Nha Trang. Quán bao nhiêu món thì mình và bạn ăn thử hết bấy nhiêu. Ngon lắmmmm! Đặc biệt là NEM CHUA, NEM NƯỚNG, CHẢ CÁ trong món bún. Có món cuốn nem nướng với nc chấm lạ lạ, nhưng ăn hợp vị lắm. Nem chua thì cục nào cũng to, ăn đã gì đâu luôn. Chả cá thì miễn bàn, chắc thịt, dai và đều vị. 

Chung quy là mình ưng quán này dã man. Sẽ lôi bạn bè tới ăn dài dài. 

Chỉ có 1 điểm trừ là anh chị phục vụ cute quá, ăn mất tập trung :v :v :vXem thêm",28
260,Mai Đỗ,23/7/2016 18:04,8.4,"Món ngon Ninh Hòa. Mình ăn bánh mì xíu mại, ngon đậm đà khác biệt với xíu mại sốt cà chua. Nem nướng có nước sốt lạ ngon đúng chất Nha Trang. Và cuối cùg bún chả cá thơm dai. Dự là sẽ quay lại đấy!!! 😁Xem thêm",28
261,Mai Đỗ,23/7/2016 17:57,8.2,"Quán sạch sẽ với đồ ăn hương vị Ninh Hòa Nha Trang ngon tuyệt cú mèo.
Mình thích nhất bánh mì xíu mại với cả nem nướng l đây. Xíu mại kiểu Nha Trag vị đậm đà, k màu mè nước sốt cà chua. Nem nướng với nước chấm sệt ngon kèm với khế chua, giá tự trồng. Ăn là sẽ nhớ.
P/s: mình quên chụp bánh mì xíu mại rồi. A quên nữa bún chả cá cũng hấp dẫn k kém ah nha. 😁Xem thêm",28
262,Thao Do,15/7/2016 13:18,8.6,"Quán chú trọng các món ăn ở Ninh Hòa - tỉnh Khánh Hòa. Bún cá với cá tươi và chả cá, nước thanh và ngọt. Nem nướng nóng hổi, thơm lừng ăn chung với rau sống và nước sốt đặc biệt. Nghe cô chủ quán nói là giá được chính cô trồng bằng cát và hẹ được gởi từ quê Ninh Hòa (đều là của nhà trồng được ... ^^)
Chủ quán và nhân viên rất dễ thương, vui vẻ, thân thiện. Sau khi chúng tôi thưởng thức xong, các bạn í hỏi thăm và xem thái độ của nhóm chúng tôi có hài lòng không, có thấy vừa miệng không, ...
Giá cả rất phải chăng, các món ăn chỉ từ 20k-40k
Tuy quán hơi xa trung tâm Thành phố một xíu, nhưng tôi sẽ ghé thăm quán mỗi dịp cuối tuần để ủng hộ.Xem thêm",28
263,Minh LC,15/7/2016 12:52,9.0,"Quán mới và sạch, phục vụ dễ thương. 

Các món bún cá, nem nướng, xíu mại của quán đều rất ngon. 

Giá cả ok.Xem thêm",28
264,Đỗ Hảo,15/7/2016 11:49,8.0,"Mình tới quán hôm khai trương nên mua 2 được tặng 1. Quán bình dân, sáng sủa và sạch sẽ. Tuy nhiên hơi xa T_T
- Chất lượng: Món ngon, ít thấy quán bán nhiều món mà món nào cũng ngon.
             + Phần bún cá quá trời chả, nước chấm cũng rất ngon. Nghe bà chủ nói cá làm từ cá cờ (không biết nó ra sao). Có chả cá và cá tươi. Tuy mình không thích ăn cá biển, nhưng ăn thấy cũng ngon lắm.
             + Nem nướng: Một phần 2 người ăn đủ, nước chấm lạ, ăn rất giống quán gì nổi tiếng mình ăn ở nha Trang
             + Bò kho: Bò kho ăn ở nhiều nơi nhưng đây là chỗ mình thấy nêm nếm ngon nhất.

 - Giá cả: Rẻ nữa. Vì mình làm ở quận 1, ăn xung quanh tô bún toàn 40k k à, ở đây bún cá 25k, nem nướng 40k, bò kho được tặng nên không nhớ nhiu ^^.
- Phục vụ: chắc quán mới nên hay quên, lúc đầu mang nem ra quên lấy khế, dù mình không ăn, nhưng nhắc rồi quán nói quên mất mới lấy ra ^^
Mình ăn lúc tối, mua bò kho mang về mà hết bánh mì T_T  nhưng được tặng nên cũng được ^^

- Địa điểm: do có việc đi xuống quận 9, chứ xa quá trời đất T_T ở gần chắc qua ăn hoài. Hôm qua ăn quên chụp hình, để lần sau chụp :DXem thêm",28
265,LoAn PhưƠng,21/11/2018 22:56,7.4,Chè ở đây ngon lắm mọi người ơi heheXem thêm,29
266,Thao Lai,23/12/2017 20:59,8.6,"Lúc trước mình không thích ăn chè bưởi nhưng từ khi được bạn dẫn đi ăn ở đây thì mình đã thay đổi. Chè ở đây siêu ngon luôn, khác hẳn chè bưởi chỗ khác làm. Các bạn nên thử :DXem thêm",29
267,Phuong Nguyen,30/10/2017 1:12,9.8,"Hai năm trước dù ở xa nhưng hàng tháng mình vẫn phải ghé quán ăn chè bưởi. Vì mình ko tìm thấy chè bưởi ở đâu ngon như của quán. Hơn nữa cô chủ quán cực kỳ nhiệt tình và thân thiện. Bây giờ thì xa quá nên chưa biết khi nào mới lại được ăn chè ở đây nữa..
Bạn nào chưa biết đến quán thì nên thử một lần ghé quán. Đây là một trong những địa điểm yêu thích của mình.Xem thêm",29
268,Long Luu,29/10/2017 19:19,9.8,"Mình hông thích đồ ngọt, cơ mà qua nhà bạn chơi, nó dắt đi ăn và thế là ghiền luôn
Cảm giác khi ăn rất là thanh mát, miếng bưởi giòn giòn, sực sực, vị ko quá ngọt, nước dừa lại béo...ực ực.......
Nhắc lại thèm...hícXem thêm",29
269,Tiến Nguyễn Đức,10/3/2017 22:19,5.0,"Quán này có nhiều món ngon nhưng đặc biệt như tên gọi quán đó là chè bưởi huế. Vị thanh đạm, vị ngọt dịu...Xem thêm",29
270,Duyên Lê,16/1/2016 22:15,9.0,"Trong số những chỗ chè bưởi mình ăn thì ở đây là ngon nhất, ngọt vừa, mát lạnh giòn giòn siêu thích. Quán có bán há cảo hấp cũng rất ngon. Mình thấy gần đó có bán bánh tráng trộn với gỏi khô bò nữa cũng rất đông nhưng no quá không ăn thử.Xem thêm",29
271,bằng hải,23/8/2014 13:01,8.2,Rất ngon. Vị ngọt thanh. Chè bỏ vào tủ lạnh sẵn.Xem thêm,29
272,Lâm Phùng,27/2/2014 7:02,7.2,"Đúng chất vỉa hè nhưng chè bưởi ở đây rất ngon, tuy nhiên hơi ngọt,  nếu bạn nào ăn đc ngọt thì lựa chọn ko tồi đâuXem thêm",29
273,Jametouwn Clash of clan,30/12/2018 19:08,9.0,"Lần đầu ghé quán uống thử ts cream chese caramel thạch trân châu đen với thạch agar thiệt sự cảm thấy đáng đồng tiền : trà sữa thơm ngọt dịu, cream chese thì béo topping thì rất ngon nếu ghé nhất định ủng hộXem thêm",30
274,Phi Vân,3/12/2018 15:39,8.8,"👉Hôm nay đến quán như mọi khi.Uống thức uống quen thuộc.Trà sữa trân châu đen.
- Được bạn nhân viên tư vấn quán em hôm nay có trân châu mini nhỏ Chị có mún dùng thư ko ạ.
- Mình từng uống trân châu mini ở Trà Tiên Hưởng rất ngon và thích.Nay o Lala cũng có trân châu mini ko bik có ngon giống Tiên Hưởng ko nhỉ ? 
- Ak há ! Thế là Trân châu mini nhá.Tuyệt ! ngon ko tưởng , trân châu mềm nhỏ nhỏ hút 1 cái nó đã j đâu lun ta ơi.
- Vị trà sữa khác hẳn với những quán khu vực Quận 9 và Thủ Đức mình từng uống.Trà có vị thơm và thanh vừa uống.Ko quá béo cũng ko ngọt lắm.
- 😱 đặc biệt : được biết thêm . Quán có chương trình Happy day vào thứ 4 Hàng tuần . 
- 🌈Mua 2 tặng 1 với sản phẩm bất kì.🤗 
- Thứ 4 thích hợp cho chiêu đãi bạn bè cùng ưu đãi của Lala Hohohoo...Thích thặcXem thêm",30
275,T H,24/6/2018 12:51,8.0,"Trà sữa ngon, trân châu cũng ngon.Xem thêm",30
276,Thanh Vu,29/5/2018 13:20,8.0,"Gần nhà ghé uống thử, trà sữa ngon vị vừa uống thơm mùi trà nhiều lượng đường có thể làm theo yêu cầu của khách nên mình rất thích... bé em mình uống sữa tươi trân châu đường đen khen quá trời, giờ ngày nào cũng ghé mua cho nó. Có lời khen nhân viên rất chu đáo và nhiệt tình, thân thiện với khách hàng, quán trang trí dễ thương chọn nhạc cho quán rất hay.. mình rất thích.Xem thêm",30
277,Ái Nguyễn,29/5/2018 11:37,8.6,"Đã thử qua trà sữa và sữa tươi trân châu đường đen đều rất ngon.Trà thanh , ko quá ngọt...trân châu đen nhỏ ,dai ăn rất thíchXem thêm",30
278,Ái Myy,27/5/2018 20:57,6.4,"Quán dễ thương, STTCDD ngon ngon nạ. Nhất định sẽ quay lại 👍👍Xem thêm",30
279,Phi Vân Vân,24/5/2018 18:40,9.4,"👉Hôm nay , có việc ở Q9 .Khu vực Phước Bình chạy vòng vòng tìm ít có ra quán có máy lạnh quá xá.Khổ thân thật chứ.Rong rủi qua con đường số 15 thấy có quán Trà Sữa nhỏ nhỏ xinh xinh.Thấy có cửa kính chắc có máy lạnh.Thế là tấp vào.
- Mình gọi Trà sữa Trân Châu đen Machiato.
- Trà sữa Ngon có vị thơm,sữa ko quá béo.Nói chung là ok.
- Đặc biệt Machiato ở đây có vị mặn mặn.Hỏi ra thì biết đó là vị Muối.
- Làm phát quá đã lun.sẽ ghé lại nếu có dịp đi qua đây.😍
- Nhân viên dễ thương.nhiệt tình.
- Máy lạnh,wifi ok .Nói chung khu vực này mà có 1 quán quá ok rồi . 
- Không gian hơi nhỏ.Chỉ có 3 bàn ngồi ghế cao.
- Không tin cứ thử nha !!! Viết để chia sẻ quán ngon cho các bạn ở khu vực này...hoho.Xem thêm",30
280,Thanh Nghi Lưu,9/11/2019 10:11,2.8,"chất lượng quá tệ so với ngày trước, trà xanh siêu ngọt, cơm k ngon nữa nắm sushi bao bở và ngọtXem thêm",31
281,bchthy7586,19/11/2017 20:24,1.0,"Gọi ba món dưới, bắt đầu gọi lúc 19:21 hơn 15p sau mới có sushi, 20p sau có trứng, còn bánh xèo ngồi chờ cả buổi đến 8h15 mới có mà đem ra thất vọng hết sức vừa dở lại toàn bột k, chẳng ra bánh xèo Nhật gì cả . Tổng thời gian ăn chưa tới 15p mà chờ hơn 1 tiếng đồng hồ. NEVER GO BACK AGAIN 😡😡😡Xem thêm",31
282,Hương Nguyễn,10/9/2017 15:26,1.0,"Quán siêu dở, phục vụ siêu lâu. hôm đó mình vào gọi bánh gạo cay kêu không có mình đổi món khác. xong lát sau lại đem ra bánh gạo.Xem thêm",31
283,Trinh Tring,17/6/2017 9:06,3.6,Có thể nào bớt dỡ được ko. Nấu ăn chả có tâm gì cả .ko bao giờ quay trở lại dù có người baoXem thêm,31
284,Bo Trần,23/4/2017 23:39,1.0,"Thất vọng trầm trọng 
Nhớ chủ nhật tuần trước ké ăn ở quán có bé nhân viên dáng cao tóc dài nch nhỏ nhẹ hay cười ra vô chào khách thân thiện, biết chăm trà chi khách. Định bụng hôm nay ghé lại ăn thì ko gặp, mà gặp một nhân viên khác thấp ng hơn, ăn nói như hét vào mặt người khác, k vui vẻ tí nào, để chén đũa thì như giằng mặt ng khác, trà hết gọi chăm thêm kun k chăm thức ăn mang ra cá hồi thì hôi hôi như bị hư. Ăn xong làm hại bị đau bụng, tiêu chảy cả đêmXem thêm",31
285,Khoa Hoang,1/2/2017 21:27,1.0,"Order 2 món, tổng thời gian chờ là 40mins. Dù không có đông khách hàng. Sau khi ăn xong, đã biết lí do vì sao quán vắng, Món sushi thì đồ cũ, lẩu kimchi lại không có mùi, vài miếng thịt gà là 135k. Ly nước thì có can. Không tương xứng với giá tiền bỏ ra cho bill 335kXem thêm",31
286,Kevin,9/12/2016 18:51,2.2,"Lâu rồi ghé lại thì thấy vắng tanh không có lễ tân chào đằng trước cũng không nghe thấy nhạc hoa hay nhạc giật giật như trước, cách trang trí thì quá tệ cháu mình xém đập đầu vô mấy bức kính treo bong bóng nhưng cũng có thể bỏ qua. tuy không khí có chút ảm đạm nhưng quán này do ng.iu mình bị dụ dỗ lâu rồi nên cũng hơi thích thích mấy bạn quán của quán mà vô chả thấy ai ?? tiếp theo là bạn mình order món bánh trứng non và trà sữa thái xanh thì món nào cũng hết, nén bụng ng.iu mình đòi patbingsu cũng trớt quớt luôn 😢. Nên đành quay ra Ôm bụng đói qua jollibee mà hết sức thất vọng luôn 😡😡😡Xem thêm",31
287,Ngọc Thạch Đoàn,25/11/2016 13:34,4.4,"Lần này quay trở lại thất vọng kinh khủng, vô quán lúc 6h15 tối mà không có nhân viên nào trong quán. Gọi món thì 20-30ph k thấy xong trong khi quán không có khách nào, nhân viên thì chậm chạp. Lấy nước tương ăn thì trong bình không có một giọt. Bưng được tô mì hải sản lên xong thì lâu lắc mới bưng thêm tô nữa lên. Bánh xèo với sushi thì ăn còn tạm. Kêu 3 loại mà mà dở khủng khiếp, 3 loại mì mà mì nào cũng có mùi giống như mùi khói. Sẽ không ghé lại lần nữa. Thất vọng nên k có hứng chụp hình nhiềuXem thêm",31
288,Hairly,6/9/2016 0:59,8.2,"Nói đến nhiệt tình chu đáo thì miển bàn luận ghé nhanh đến Viet Sushi chứ bỏ tiền ra ăn đồ nhiễm khuẫn, hóa chất thì có tiền riết cũng bị ung thư mà chết. Mà nay thay đỗi hoàn toàn diện mạo mới. Món ăn nay có Bánh gạo phô mai + Soup bánh gạo. Phải nói ngon kinh dị luôn moi người nạh 💚💚💚💚Xem thêm",31
289,Ramnae Bon,22/6/2016 20:30,8.6,"This is the first time I've been here. And I was also in a hurry so I just order a take away. 
I order each and every kind of sushi (2 pieces) available at that time that they have, cause I madly love Japanese food ^^, especially sushi. 
Sushi was high quality and my belly was totally satified that night. The waiters are friendly and funny, too. The space is mostly red, which makes me feel warm. The price is quite good for me. Cause' it's sushi in vincom center! I can't get this kind of price in hokaido sushi. Service is fast and I love it. I recommend this place for ones that want to have cheap sushi in department buildings. 
Try it then fell in love with it. Like I do. I'll be back for some more plus some new things cause I saw egg waffles, udon and stuffs. I will be back soon.Xem thêm",31
290,My Thảo,16/5/2019 18:52,3.4,"Mình order bên now 2 ly, 1 ly trà sữa tiramisu uống tạm chấp nhận được,còn ly còn lại không ra gì, đặt hồng trà royal tea kem cheese , 100% đường đá , vậy mà nhạt toét, không hề có vị ngọt, như thể là không cho 1 tí đường nào vào trà, quá tệ , tưởng tượng như đang uống nước lã vậy, thề không bao giờ order về nữa :)Xem thêm",32
291,Anh Lê,25/3/2019 15:39,9.0,"Lúc mới đến quán tưởng đâu không có chỗ ngồi vì tầng trệt be bé xinh xinh, vào mới biết trên tầng có chỗ ngồi với trang trí xinh lung linh
Mấy bé nhân viên dễ thương là cái đầu tiên ưng nhất, tư vấn chọn món nhiệt tình với lại rất dễ chịu với mấy nhóc nhà mình, hai ông thần hơi nghịch ngợm nên mấy bé hơi cực nhưng vẫn thông cảm. 
Thức uống ngon và vừa vị, rất ưng. Mua về 3 ly được các chế ở nhà khen cũng nở mũi. Bách hoa kem cheese ở đây ngon lắm.
Sẽ quay lại với các bé :)Xem thêm",32
292,Tien Tien,25/3/2019 15:07,9.2,"Mới phát hiện ra 1 quán ở gần nhà, nói chung là hơi bị thích.
Nằm trong KDC Gia Hoà, chiều ra công viên dạo mát, cầm ly trà sữa trên tay thì còn gì bằng
Nhất là mùa nóng này, học bài ở nhà phải mở mấy cái máy quạt. Chạy ra đây vừa yên tĩnh, vừa có máy lạnh lại view đẹp lung linh thì chẳng còn muốn đi đâu nữa. 

Chưa kể nhân viên ở đây ai cũng rât nhiêt tình, vui vẻ, nước thì bao ngon, chắc chắn sẽ ủng hộ quán dài dài nhéXem thêm",32
293,Nguyên Thanh,25/3/2019 14:53,9.2,"Trà sữa siêu ngon 👍🏻👍🏻
View rất đẹp nha 
Rất yên tĩnh hợp có thể cùng nhau học 
🥰🥰Xem thêm",32
294,Thu Nguyen,2/3/2019 15:04,9.2,"Hôm bữa cùng gia đình ghé quán uống thử, nói chung là tuy quán hơi khó kiếm đường, nhưng bù lại nước pha rất ngon, thích hợp cho những ai yêu vị trà và không thích quá ngọt. Nhân viên ở đây khá nhiệt tình, không gian bên trên rộng rãi, có chỗ ngồi bệt cho con nít chơi. Nói chung sẽ ủng hộ quán dài dài...Xem thêm",32
295,Ngân,24/2/2019 12:31,9.4,"Hôm trước mình vs lũ bạn có ghé Royaltea trong khu Gia Hoà, mới đầu nhìn thấy có vẻ hơi hẹp nhưng thật ra khi bước vào lại rộng k tưởng. Nhân viên bên này toàn mấy bạn xinh gái đẹp trai thôii, lại hài hước và nhiệt tình nữa nên cả đám bọn mình đứng order mà cứ cười như mấy con điên luôn :)))) Mình rất ưng không gian dùng nước tại chổ ở quán, thoáng mát và có mùi thơm thơm, view đẹp selfie banh máy luôn. Mình có thử qua nhiều loại nước bên quán và ưng nhất là em trà hoa quả vs sữa tươi trân châu đường đen. Mình hài lòng lắm luôn nên chắc chắn sẽ quay lại nhiều lần nữa hihi :3Xem thêm",32
296,Meo Cú,27/1/2019 21:56,8.0,"• Nằm trên đường Huy Cận, đối diện block C thuộc chung cư The Art - Gia Hòa

• Menu đa dạng, giá phải chăng, đồng giá 30k-45k, nếu up size thì thêm 12k. Mình thử trà sữa olong kim phượng, tên mỹ miều nhưng phải tùy khẩu vị mới thấy ngon, 2 bạn mình thử sữa tươi trân châu đường đen với hồng trà sữa trân châu trắng, uống thấy cũng được

• Không gian nhìn từ bên ngoài tưởng nhỏ chứ hóa ra rộng không tưởng, decor đẹp, cảm giác rất dễ chịu, thích hợp học bài, hay đơn giản là ngồi 1 mình suy nghĩ lung tung.

• Nhân viên thân thiện, nhiệt tình, lịch sự, quán không có bảo vệ nhưng trong kdc thì an ninh rất tốt nên cũng không lo lắng lắm

• Nhà sát bên thì cứ tuần mình uống 1 lần cho đã.Xem thêm",32
297,Văn Thanh Tín,30/8/2018 20:51,4.0,"Tụi mình kêu 3 món : Cơm chiên trái thơm + cơm chiên hải sản + bò né.
Cơm chiên trái thơm tạm đc.
Cơm chiên hải sản tệ đồ k tươi, nhiều dầu, cháy, vị tệ.
Bò né : cháy đen trả lại lấy lại tiền luôn.
Thái độ phục vụ còn k thèm xin lỗi j luôn. 
HaizXem thêm",33
298,Hải Vy,27/3/2018 17:18,8.6,"Mình đợi tới giờ xem phim nên tìm quán án tính ăn lẩu bò sài gòn mà sợ ăn ko hết nên đi tới Viet deli - Bangkok House ăn thử khá nhiều món để chọn như mình chụp menu vì chỉ có 2 người nên mình gọi pad Thái và lẩu tomyami ăn thử. Cả 2 chai nước và tẩy đá luôn là 188k. Gọi xong là có nhân viên bê ra ngay, có Pad thái là mình đợi khoảng 10phut sau là có ngay và theo cảm nhận riêng của mình là khá ngon, 2 người ăn nhiêu đây mà no nê luôn, nhưng đối với những bạn ko thích ăn đồ ăn có vị đường thì sẽ thấy hơi ngọt 1 chút. Quán nằm ở lầu 4 của trung tâm thương mại. Rạp BHD ở đầu tầng thì quán nằm ở cuối tầng. Sẽ quay lại nếu có dịp mình lên quận 9 chơi.Xem thêm",33
299,Hải Vy,27/3/2018 11:58,9.4,Mình đợi tới giờ xem phim nên tìm quán án tính ăn lẩu bò sài gòn mà sợ ăn ko hết nên đi tới Bangkok House ăn thử mình gọi pad Thái và lẩu tomyum ăn 2 người ăn no nê. Cả nước và tẩy đá luôn là 188k. Sẽ quay lạiXem thêm,33
300,Như Quỳnh,31/12/2016 12:13,7.0,"Món ăn dở tệ lại mắc.kêu phần lẩu với gỏi đu đủ cho 2 người ăn.gỏi ko có gì cả mà tới 50k. lẩu thì ít ỏi.2 đứa con gái ăn còn hơi đói.được cái không gian thoáng,có thể nhìn thấy tòa nhà bên cạnhXem thêm",33
301,nam anh pham,30/7/2016 12:22,6.0,"Dùng foody mấy năm nay nhưng lần đầu tiên phải đăng ký tài khoản để vào feedback chất lượng món ăn ở đây. Ko tưởng tườn nổi món Pad Thái lại có thể dở đến vậy. Vị nhạt nheo và chua. Cọng bánh bở, dính. Loe ngoe mấy miếng tàu hủ kho vừa nguội vừa khô. Cùng vài con tôm không hề tươi, vị khô và nhạt thếch. 70k. Oh my god! Mình chỉ nhận xét pad thái còn mấy món khác ko dám có ý kiến. Nhưng nguyên liệu và trình nấu ăn thế này thì tội nghiệp cho lớp lớp khách hàng lần đầu đến quá, vị trí quán đẹp nữa chứ. Ko biết ng khác thấy thế nào. :(( Mong quán cải thiện chất lượng món ( vì dù sao quản lý có vẻ cũng nhiệt tình)Xem thêm",33
302,Ha Thanh MT,14/7/2016 23:27,7.0,"Quán này nằm gần trong góc toà nhà Vincom. Tuy vậy, quán có khu vực ngồi tự chọn, 
view riêng cho những ai thích ngồi ngắm cảnh ngoài trời xuyên qua tấm kính cường lực. Hihi... 
Quán có khá nhiều món ăn cho bạn lựa chọn. Mình chọn món lẩu dành cho 2 người, lẩu Shukiyaki. Vị lẩu nêm cũng vừa ăn.
Khẩu phần ăn cho bạn nữ thì vừa no, còn nếu là bạn nam thì chắc ăn không đủ. Điểm mình thích nhất ở đây đó là phục vụ cũng nhanh và rất thân thiện.Xem thêm",33
303,Trang Dang,18/8/2020 7:49,1.0,"Đặt gần chục hộp trái cây đãi sinh nhật, mà khi khui ra thấy mà ghê , ngại ghê luôn 
Ổi thì dập nát, dâu thối, cóc thì kg biết gọt thì năm nào, dưa lưới thì gọt còn để vỏ xanh ....
Túm lại là hàng thối mà giao cho khách , kg biết người bán có dám ăn kg mà đem đi giao . Ai dự định mua thì nên xem laiXem thêm",34
304,Đặng Bảo Trâm,25/10/2019 19:53,2.6,"Hôm nay đặt bên app 1 phần trái cây size M.
Trước khi đặt mình có mò vô đây xem thử, thấy ok mới dám đặt. Vậy mà thất vọng vô cùng.
Ok ko nho ko kiwi ko giống hình cũng đc, có thể vì tiệm bạn hết. Nhưng nhìn dâu đi, thà ko bỏ vô còn hơn!
Mua nguyên còn để vậy, mua sinh tố biết đâu mà lần.
Tiệm nên xem lại, phải bán làm sao để khách quay lại mua tiếp chứ!Xem thêm",34
305,Anh Đô,1/10/2019 17:23,10,Trái cây rất ngon rất tươi sẽ ủng hộ quán thường xuyênXem thêm,34
306,Đức Hà Văn,1/10/2019 17:21,9.6,"Trái cây tươi. Giá cả hợp lý rất ok, sẽ đặt ủng hộ quán tiếpXem thêm",34
307,Hoang Lan,16/8/2019 16:45,10,"Trái cây tươi giòn, ngọt. Sữa chua hạt đác dẻo thơm, có dừa non và mứt thơm, trái cây tô nhiều rất ngon. Công ty mình rất thích.sẽ ủng hộ shop liên tục nè.Xem thêm",34
308,trang31717,13/8/2019 19:37,10,"Hạt đác ở đây k những to mà dẻo rim vừa ăn cực kì, kết hợp với hủ sữa chua của quán cũng ngon nữa. Mình bị nghiện món này vì có thêm dừa nạo rim dẻo và dừa khô. Nói chung topping nào cũng chất lượng hếtXem thêm",34
309,Kim Thoa,23/7/2019 16:35,8.8,"Thèm trái cây thì ghé đây ăn. Ngon, nhiều, chất lượng
Trái cây gọt sẵn kêu về văn phòng ăn hợp lý, khỏi ra ngoài nắng
Sẽ ủng hộ khi thèmXem thêm",34
310,Lê Văn Tú,8/7/2019 17:57,10,"Trái cây tươi, hạt đác mềm dẻo ăn vừa miệng, có lạ hơn chổ khác là có dừa rim. Nói chung, sẽ ăn lạiXem thêm",34
311,Vân Anh,19/4/2016 19:37,8.2,"Nhóm mình là khách ruột của quán này, lâu lâu là ghé vào. Chị chủ quán rất nhiệt tình, thân thiện, không gian quán khá đẹp, giá cả rất hợp với sv chúng mình.Xem thêm",35
312,Anh Trinh,20/7/2015 19:28,8.6,"Biết được quán này qua Fooody, cô chủ quán rất thân thiện và nhiệt tình, đón khách từ ngoài cửa và khóa xe dùm khách rất cẩn thận  
Là 1 quán nhỏ nhưng cách bài trí nhẹ nhàng bằng những vật liệu hoàn toàn tự làm nên khá là dễ thương Được nghe cô chủ quán giới thiệu tất cả các món của quán đều là tự làm nên đảm bảo vệ sinh, an toàn ^^ Quán có tooping củ năng ăn rất ngon, thơm lừng ăn dai dai, sật sật, dẻo dẻo ngon lắm!
Nói chung là quán ok, có máy lạnh ngồi mát mẻ nên buổi trưa khá là đông học sinh ở các trường gần đó ghé quán, mình cũng thường xuyên đến quán này học bài hoặc thư giãn cuối tuần vì quán mở nhạc rất nhẹ và nhỏ ^^Xem thêm",35
313,Trang Thùy,11/7/2015 14:59,8.4,"Quán này cực thích vì đồ uống ngon, trang trí đẹp, thoải mái, cô chủ thân thiện. Quán trà sữa mơ ước của nhìu đứa như mềnh, hahaXem thêm",35
314,Nhung Lê,20/6/2015 15:22,7.0,"Quán hơi nhỏ, có máy lạnh và cũng yên tĩnh nữa. Bàn ghế thì bằng gỗ, có thể ngồi bệt hoặc ngồi bàn cao. Đồ ăn tạm được, giá hạt dẻ, phù hợp sinh viên. Các bạn vô đây học thì tha hồ yên tĩnh nhé!
Kem dừa thơm, béoXem thêm",35
315,Siu ly,12/9/2014 0:58,8.8,"Giá cả hợp lí, không gian thoáng mát.Xem thêm",35
316,Minh Triet Tang,9/8/2014 20:26,7.6,"Quán này ở đầu đường Hồ Bá Phấn. Quán có không gian nhỏ nhưng rất ấm cúng. Bàn được thiết kế ngồi bệt trên sàn gỗ. Khi vào khách phải bỏ dép ngoài kệ khi lên sàn nên rất sạch sẽ. Mình vào đây chủ yếu uống trà sửa. Trà sửa ở đây ngon nhưng giá rất mềm 15k/ly. Quán có nhiều loại trà sửa cho bạn chọn như dâu, vãi, đào, kiwi, socola..... Ngoài ra còn nhiều loại sinh tố. Nhân viên thân thiện, wifi rất mạnh .Xem thêm",35
317,Quỳnh Như Lê,3/7/2014 20:32,9.0,"Hehe , quán này gần nhà mình nên am hiểu lắm 
mình thích nhất là trà sữa handmade vì có đầy đủ luôn , nhất là có củ năng , giá rẻ , có máy lạnh , wifi luôn và chị chủ quán cũng rất thân thiện ...Xem thêm",35
318,Tiến Dũng Võ,11/1/2013 17:36,8.2,"Trời cái quán mình hay ngồi đây mà. Không gian tuy nhỏ nhưng ấm cúng. đồ uống ở đây thì cực chất và rẻ nữa. Quán này có chị Mai chủ quán thân thiện lắm, quán có mấy cái bàn trà sữa ngồi khá thoải mái thế là chị ấy chia lại cho 1 cái với giá rẻ. Tuyệt :DXem thêm",35
319,Trường Tăng Phú,27/11/2012 21:25,8.8,Trà sữa ngon lại còn được thưởng thức sản phẩm handmade từ vải dạ nữaXem thêm,35
320,Nguyễn Thị Kim Phượng,15/8/2019 18:23,10,"Quán bán trà sữa ngon 
Giá rẻ 
Chủ quán dễ thương 
( mấy bạn muốn coi menu thì liên hệ fb trà sữa ba con sâu nha ) 
K thì ghé qán uống cũng ok ạ vì quán có không gian thoải mái lắmXem thêm",36
321,Trang Mai,21/10/2018 0:38,9.2,Hnay ghé qua quán uống. Kêu 1 ly mình thích. Lúc tính tiền 10k. Hix. Tưởng nghe nhầm. Haizzz. Chỉ tại mình ko theo dõi trên face. Khuyến mãi kiểu nay sao lời hả quán????Xem thêm,36
322,Dino Hawk,1/10/2018 18:22,9.4,"Nay đi qua quận 9 mà hơi mệt nên mình ghé vào quán, cũng chả có gì để nói nếu mà khi mình tới dù chỉ có một mình và quán cũng không có ai, cứ nghĩ là mình mua ly cà phê có 20k chắc quán sẽ chả mở máy lạnh đâu nhưng không như các quán khác các bạn ạ :)) quán vẫn mở máy lạnh cho mình dù mình không yêu cầu và chị chủ rất nhiệt tình ấm áp, một nơi đối xử khách tốt thế này mình tin sẽ phát triển hơn vào tương lai 😘😘😘Xem thêm",36
323,sunny_73,26/6/2018 14:49,8.4,"Tra#sua#3#con#sau
Quán mới mở gần nhà, ún được mấy lần rồi mà hôm nay mới biết trên foody cũng tìm thấy quán nên viết review cho quán
Điểm cộng: không gian thoáng mát, trang trí cũng rất đẹp thích hợp cho mấy bạn thích sống ảo tí ah😁. Mình thì thích nhất là trà sữa truyền thống ở đây thơm thơm mùi trà kết hợp với mùi sữa nhưng ko bị béo đâu ạ. Topping thì cũng đa dạng, nghe nói là tự chị chủ làm chứ ko mua sẵn. 25k được 1 ly to lun lâu lâu còn được khuyến mãi thêm topping nữa. 1 điểm cộng nữa là món bánh tráng trộn rất ngon và vừa miệng., giòn giòn béo béo của tóp mỡ, khô mực thì rất chất lượng. Hnay lại có thêm thịt bằm nữa mà chỉ có 15k thôi ah😂. Ăn rồi lại mún ăn nữa😅😅
Điểm trừ cho quán là topping không được đầy đủ như trong menu.
Nhưng ko sao ah. Chỉ cần có cái mình thích là dc rồi. Sẽ ủng hộ quán tiếp tục ah. Nhà làm hết như thế là ok rồi😚😚😚😚Xem thêm",36
324,Thanh Trúc Nguyễn Hoàng,24/6/2018 18:08,8.8,"Ghiền món này lắm nà. Béo béo đắng đắng kèm pudding trứng nữa. Nói chung sẽ ghé lại thêm 
#Trà_sữa_socola_pudding_trứngXem thêm",36
325,foodee_srmzgddm,23/6/2018 13:25,7.8,"Nước uống và món ăn vặt ngon và giá cả hợp lý. Thích nhất trân châu đậu biếc, ăn dai dai thơm thơmXem thêm",36
326,tan tran,18/6/2018 19:09,8.4,"Quán gần nhà.mới mở nên dẫn gấu vào ún thử.😂
Quán đẹp, đồ ún cũng ok lắm ah. Có thêm món bánh tráng trộn tóp mỡ nữa 😁😁😁Xem thêm",36
327,Nhật Mai,16/6/2018 21:31,9.4,Ngon bổ rẻ. Ún là ghiền nha🤣🤣🤣Xem thêm,36
328,Vicky Nhung,16/6/2018 13:57,8.8,"Nhỏ bạn nói chà sữa ở đây ngon rủ vô uống thử. Hok ngờ ngon thiệt😄😀😀, chị chủ quán còn khuyến mãi cho lop kem cheese béo béo thơm thơm. 
Quán dễ thuơng, phục vụ nhiệt tình. Sẽ quay trở lại, chắc la bị ghiền rồi😂😂😂Xem thêm",36
329,Trang Mai,16/6/2018 13:44,8.2,"Được nhỏ bạn giới thiệu vào uống thử. 
Mình làm 1 ly truyền thống size nhỏ, nói la nhỏ nhưng hok có nhỏ chút nào, hixhix. 
Cảm nhận la trà sữa ở đây ngon, ko co ý so sánh nhưng ngon hơn mấy quán mình uống gần đó. hihi
Quán sạch sẽ, trang trí đẹp.Xem thêm",36
330,Hoa,28/11/2018 10:44,8.0,Lần đầu tiên ăn nhưng thấy rất hài lòngXem thêm,37
331,user user,14/11/2018 9:55,7.0,"Bữa trước mới đi đúng lúc quán đang có chương trình km ăn trên 200k được tặng 2 con hàu nướng
cơm chiên hàu với hàu nướng ngon nên thửXem thêm",37
332,Mộc,1/11/2018 19:06,5.0,"Cơm chiên và cháo ngon, hàu đông lạnh chứ không có hàu tươi sống. Ăn hàu bở chứ không dai ngọt như hàu tươiXem thêm",37
333,Phùng Ngân LaLa,30/10/2018 16:52,8.6,"Cơm chiên hàu với hàu nướng ngon mà hàu nướng phô mai không hợp khẩu vị lắm
Nhân viên hiền với thật thà quá mong lanh hơn 1 chútXem thêm",37
334,Linh Phan Thùy,27/10/2018 11:28,8.6,Hàu ngon và tươi ăn đã sẽ quay lại ủng hộXem thêm,37
335,trnxunkin4081,23/10/2018 13:56,8.2,Cũng dc. Ngon nhất là món hàu nướng mỡ hành. Ăn chục con vẫn còn thèmXem thêm,37
336,Tuta Thảo,15/10/2018 18:48,7.0,"Thằng bạn đi chung review nên review theo nó :v Công nhận hàu ở đây ngon mà mỗi tội hơn xa. À ở tới đây ăn nhất định phải gọi combo hàu + nước sả detox nha, sự kết hợp tuyệt vời đó :vXem thêm",37
337,Huỳnh Bình,15/10/2018 18:16,10,"Hàu né rất ngon. Lúc đó mình ăn hàu sống với mù tạc nhưng không nghe mùi tanh như mấy chỗ khác ,vị ngọt thanh. Nhân viên phục vụ rất niềm nở. Sẽ quay lại ủng hộ quán. Điểm 10 cho chất lượng.Xem thêm",37
338,foreverle,8/10/2018 12:24,7.6,"Hàu mập mạp ngon toẹt nha . Trong top những quán hàu ngon mà mình từng ăn Chỉ có điều luôn giữ chất lượng như vậy thì tốt . 
Quán thoáng rộng sạch sẽ!Xem thêm",37
339,Hoài Phương,6/10/2018 9:51,8.4,"Hàu được làm rất vừa miệng, cũng không còn mùi tanh, giá cả hợp lý. Mình chắc chắn sẽ quay lại.Xem thêm",37
340,Lam Phuong,20/9/2020 18:27,10,"Thức uống rất ngon, trang trí đồ uống rất đẹp nữa
Không gian quán thì khỏi phải nói rồi, cực kỳ ""xịn xò"" với nhiều góc checkin sống ảo. Tụi mình ghé chưa đầy 1 tiếng mà đã ""quất"" được cả mấy trăm tấm ahihi 🤗😊
Thix nhất là ý nghĩa tên gọi DéJàVu (mình đọc trong tờ thiệp để chung menu trên bàn)
Àh, cuối tuần còn có Hát Với Nhau nữa, đã lắm luôn😘
Ai chưa ghé thì tranh thủ ghé thử đi nè, đảm bảo ghiền đó nhen ❤️Xem thêm",38
341,Phieu Du,19/9/2020 20:24,10,"Mình siêu thích quán này. Quán cực xinh và ấm áp, ngàn góc sống ảo. Thật sự là điểm hẹn lí tưởng của mình và đám bạn mỗi khi gặp nhau, tán dóc quên lối về, chụp hình quên thời gian 🤓🤓
Menu nước thì phong phú, mình thích nhất trà sữa và kiwi đá xay mát lạnh, đậm vị và kem thơm ngon. Giá thì quá rẻ so với nơi khác. 
Ôi một chiếc quán thật sự tuyệt đấy các ông ạ 😘😘 mai tôi lại đến làm ly trà sữa double trân châu double milkfoam 😋😋Xem thêm",38
342,Phi  Phụng,22/8/2020 9:08,8.4,"Thích sự nhẹ nhàng của quán ... Nhiều góc sống ảo đỉnh kao nhé .... Nước uống vs mình thì ổn . Lần trước đến để học nhóm nên cũng chưa check in dc nhiều ,lần sau sẽ đánh lẻ để oanh tạc mọi góc 🤣🤣🤣Xem thêm",38
343,Eat Go and,22/8/2020 8:39,10,"Mình ấn tượng với món cafe sầu riêng được pha chế rất ngon. Không gian ngồi rất mát thoáng đoãng. Nhân viên phục vụ rất nhanh và nhiệt tình. Chỗ này lí tưởng để hội họp nhóm, training.Xem thêm",38
344,Diễm Hương,21/8/2020 10:46,9.4,"Đồ uống ngon, giá hợp lý, mình thích quán này vì không gian ấm cúng và phục vụ nhiệt tình. 
Chỉ là quán hơi xa. Giờ nằm nhà cũng có thể book đồ ún của quán. Đỡ ghê. Vote quán nên ghé.Xem thêm",38
345,Huu Trung Nguyen,20/8/2020 7:58,8.2,"Không gian nhẹ nhàng, cảm giác thư giản với cách decor của quán, có nhạc live nghe khá thú vị, chủ quán nhiệt tìnhXem thêm",38
346,TRỌNG NGUYỄN,19/8/2020 14:50,8.4,"Giá khá thấp so với khu vực, đồ uống rất ngon
Decor khá ổn, thích hợp với các bạn tuổi Tin-Tin và dân văn phòng
Mình và bạn ghé thử lần đầu với quán, rất ấn tượng vì quán quá đẹp kèm theo menu cũng khá nhiều món mà lại hợp khẩu vị của tụi mình...
Chỉ tiếc là xe để ngoài nắng hơi nhói trong tym kakakak
Nếu có thời gian mình sẽ ghé ủng hộ quánXem thêm",38
347,Ngô Thành Nhân,18/8/2020 22:40,10,"Thiết kế và bày trí quán tạo cảm giác thân quen!
Nước uống chất lượng, giá hợp lý. Đặc biệt Coffee đúng Gu.
Like mạnh DéJàVu Coffee & Tea.Xem thêm",38
348,Meo Cú,13/8/2020 6:41,6.8,"• Nằm trên tầng 4 Vincom LVV, mình đi thử 1 lần cho biết

• Đi lâu quá rồi nên cũng không nhớ giá. Nói chung hương vị kem cũng được, mình ăn xong 1 viên thì thấy hơi béo.

• Không gian nhỏ, không được sáng sủa lắm (đối với mình) .

• Cô chủ nhiệt tình, thân thiện.

• Thử cho biết.Xem thêm",39
349,Ngọc Thạch Đoàn,7/12/2019 6:39,7.0,"Thường thì mình ăn kem cây, bữa nay ăn kem ly, 50k/ 3 viên, chọn 3 vị. Kem ngon, cô chủ thân thiệnXem thêm",39
350,Ngọc Thạch Đoàn,31/12/2018 20:08,6.8,"Kem ngon, dẻo, lâu tan. Lần nào đi vincom này cũng ghé ăn 1 cây. Bé nhà mình rất thíchXem thêm",39
351,Ngọc Thạch Đoàn,19/12/2018 23:12,7.0,"Nhân viên thân thiện. Quầy kem nhỏ nhưng có bố trí bàn và ghế ngồi để ăn kem. Kem ngon. Mình ăn vị trà xanh và blueberry. Kem dẻo, lạ miệng, có thể kéo sợi được luôn, ăn rất ngonXem thêm",39
352,Đinh Hoài Hiệp,1/12/2018 20:54,6.0,"kem không ngon lắm so với giá, trình bày đẹp, ít bàn ghế ngồiXem thêm",39
353,Hưng Hoàng,29/10/2018 1:18,7.0,"Không gian quán nhỏ. Nhiều chỗ ngồi ghế thấp bàn nhỏ ko thoải mái lắm.
Phần kem mình ăn là 40k, kem ngon dẻo, múc lên kéo thành sợi như phomai đc luôn, trái cây ăn kèm ko ngonXem thêm",39
354,Jasmine96,20/10/2018 16:24,9.0,"Đến đây 3 lần, mình đã thử vị trà xanh, rum, dừa. Vị nào cũng ngon hết. 

Nhân viên nhiệt tình, dễ thương. 

Sẽ quay lạiXem thêm",39
355,Khoa Nguyễn,28/8/2018 16:14,7.6,"Đi Vincom Lê Văn Việt thấy ngay quán kem Thổ nên ghé lại thử, trúng mùa hè nóng nực nên cũng ghiền kem. 

Ăn ly kem 35k thấy mát trong người, có nhiều hương vị trái cây cho bạn lựa chọn như sầu riêng, dâu tây, việt quất, cam, dưa lưới...hay kem socola. Kem được làm từ trái cây tươi và sữa tươi nguyên chất. Kem ốc quế thì 25k

Ngoài ra, menu còn có trà trái cây uống mát, thanh nhiệt cơ thể.Xem thêm",39
356,Cường Lương,6/10/2020 18:33,3.4,"Chiều không biết ăn gì ghé quán mua về. Phần gỏi 2 người mở ra không đầy được hộp, 1 bịch cháo không, 1 bịch miếng tổng 175k. Bỏ chạy không dám quay lạiXem thêm",40
357,việt anh,9/9/2019 11:03,1.0,"Có lẽ quán mua quảng cáo và nhờ người đánh giá hộ. Thất vọng khi tìm quán ngon ở quận 9. Lội 10 cây số để tìm quán, cái kết là quán bán giá quá cao so với mặc bằng giá cả. Quán nhỏ vỉa hè lụp xụp, vắng khách,  dù là chiều chủ nhật. thức ăn thì bình thường như bao quán khác,  Nước trộn gỏi dầu mỡ rất nhiều. Các bạn không phải là dân địa phương thì không nên ghé quán này nhé. 
Quán không có menu nha các bạn.Xem thêm",40
358,Le Nhat Minh,8/1/2017 22:33,7.6,"Quán cháo vịt bình dân nhưng rất ngon , bổ , rẻ .
Quán này đã bán rất lâu mọi người hay gọi là quán bà Năm giao thông vì nó đối diện trường ĐH Giao Thông Vận Tải cơ sở 2 .
Quán cao hơn đường nên lỡ vào mùa mưa đường Lê Văn Việt có ngập cũng không cần lo lắng , 
Nói là cháo vịt nhưng thực chất là còn có cả cháo gà , mà gà ta đàng hoàng nha , cháo và gỏi đều rất ngon .
Quán đã sửa lại nên không gian cũng tương đối rộng rãi nhiều lúc đến không còn chỗ để ăn .Xem thêm",40
359,Batie Cassie,16/10/2016 21:16,7.4,"Tới đúng hôm trời mưa. Đường Lê Văn Việt thì đúng kinh dị. Nhưng vô ăn được tô cháo ấm bụng gì đâu luôn.

Không gian cũng rộng rãi thoáng mát. Sạch sẽ.

Phục vụ nhanh, tận tình. Mình kêu tô cháo và dĩa gỏi vịt cho 1 người. 45k. Trà đá free. Giá vậy khá là mềm.

Cháo thì bị cái là nước đi đường nước, gạo đi đường gạo. Nhưng vị thì ngon. Vịt vừa, ít mỡ, thơm ngon.
*Cá nhân mình vẫn thích cháo vịt thanh đa hơn. Nhưng giá bên kia cao hơn rất nhiều.Xem thêm",40
360,Nắng Mai,30/7/2016 8:42,8.0,"Quán mới sửa,không gian rất thoáng mát,sạch sẽ nhưng giá vẫn ko thay đổi.cháo gỏi vịt xiêm 2 người là 100k,vịt ta 80k.Quán này buôn bán rất sạch sẽ và vịt rất ngon, mình ăn hoài mà ko bik ngán.Xem thêm",40
361,Lam Nguyễn,26/5/2015 18:14,7.2,"Quán này nếu ăn 2 cháu một gỏi thì 80, trà đá miễn phí một ca thiệt to. Tuy nhiên mình ăn thấy cháu nguội và loãng quá, nước chấm không bắt vị cho lắm, Vịt cũng ok nhưng mình thấy không ngọt lắm vs da dày và bở. Không gian thoải mái nhưng mà do có cho nhậu nên mấy ông nhậu nói chuyện um sùm làm mất cả không khí.
Do mình là tín đồ cháu vịt nên đã ăn nh chỗ, thành ra hơi khó tính vs món này. Bạn nào ở gần có thèm cháu vịt cũng nên ghé quaXem thêm",40
362,Phát  Đặng,7/3/2015 7:07,6.6,"Mình đi cùng bạn, 2 người ăn 1 dĩa gỏi vịt xiêm lớn ( dĩa này hình như là 1/2 con vịt ) dĩa đầy tràn vịt ^^ , thịt vịt rất nạc và thơm, không hề có mùi nha các bạn, ăn thêm 2 tô cháo nữa, cháo ở đây thơm,có 1 cục huyết đi kèm,cơ mà mình không thích ăn huyết nên cho bạn mình :D

Vì trên này không để địa chỉ nên khó tìm, quán tên là Cô Năm các bạn nha, địa chỉ là 448 Lê Văn Việt, quán khá rộng và thoáng, khách hay ra vào, ở đây có bán bún măng nữa, có cơ hội mình sẽ xuống và thử món này.

À tổng thiệt hại cho 2 tô cháo và dĩa gỏi chà bá thịt là 110k nha, rẻ ghê luôn ^^Xem thêm",40
363,Minh Triet Tang,21/10/2014 15:17,7.4,Quán này nằm đối diện cổng trường ĐH Giao thông vận tải cơ sở 2. Quán này có thâm niên cũng khá lâu. Quán có không gian không rộng lắm nhưng bù lại Gỏi vịt ở đây khá ngon và rẻ. 2 người ăn 1 đĩa gỏi + 2 tô cháo+ 2 chai sting hết gần 100k. Quán đối diện với trường nên chiều khá nhiều người vào ăn. Phục vụ cũng khá nhanhXem thêm,40
364,paka panda,16/3/2014 13:15,7.2,"Vịt xiêm ở đây ăn ngon, giá bình dân, 1 dĩa gói và tô cháo to dành cho 2 người là 90.000 VND, nếu ăn vịt thường thì giá rẻ hơn một chút.
Tại đây cũng có bán cháo gỏi gà ta, nhưng thịt gà thì hơi khô và thịt không mướt bằng thịt vịt. 
Chủ quán vui vẻ và thân thiện, đôi khi kêu thêm cháo mà chú ấy không tính tiền luôn
Điểm trừ: không có nhân viên trông xe, do đó lúc ăn bạn phải tự trông chừng xe của mìnhXem thêm",40
365,bằng hải,17/2/2014 13:24,8.4,"Khá bình dân mà ngon nữa, kêu dĩa gỏi hết nửa con vịt mà có 80k, thau cháo bự 20k. 
Gỏi xin thêm thoải mái. Ngon vô đối. 
Có 3 quán gần nhau, thik ăn quán ở giữa có chị bán hàng dễ xương!Xem thêm",40
366,Đỗ Ngọc Uyễn Nhi,8/9/2023 12:39,9.8,Độc mới với lạXem thêm,41
367,foodee_252530a7,4/9/2022 14:45,10,"Không gian thoáng mát, rất nhiều món đặt sản nam bộ, món ăn khá ngonXem thêm",41
368,foodee_5195263c,2/5/2022 7:51,10,"Không gian đẹp, món ăn ngon, giá cả phải chănXem thêm",41
369,Kiet Le,2/5/2022 6:49,9.0,"Tôi rất thích ao sen ở đây, ở giữa trung tâm thành phố muốn tìm một ao sen rộng và đẹp như vậy thì rất hiếm, quán có nhiều cây xanh nên đi buổi trưa rất thoáng mát, còn về món ăn thì rất đa dạng, quán chuyên về món đồng quê, quán có nhiều món đặt sản theo mùa mà không phải nhà hàng nào cũng có, quán nấu theo phong cách miền Tây nên khẩu vị sẽ đậm đà, về giá cả thì cũng phải chăn, nhân viên tiếp đón khách rất niềm nở cảm giác khi đến quán rất thân thiện, quán rất đông khách nên trước khi đi bạn nên gọi hotline hỏi trước xem còn bàn khôngXem thêm",41
370,foodee_5195263c,2/5/2022 6:41,9.4,"Mình cũng ghé quán Sen Nam Bộ một vài lần và có một số đánh giá như sau: đường đi cũng dễ tìm vì ngay mặt tiền đường*** quán cũng có định vị trên google maps nữa, không gian quán khá rộng, ở gần trung tâm thành phố tìm một nhà hàng sinh thái có ao sen rộng như này là rất khó, quán mang phong cách đồng quê dân dã ngồi trên những chòi lá ngấm sen, cảm giác như đang ở quê, món ăn ở quán rất đa dạng có rất nhiều món đặt sản miền Tây, món ăn theo mình đánh giá là khá ngon hợp với khẩu vị miền tây của mình, giá cả thì cũng bình dânXem thêm",41
371,Kiet Le,1/5/2022 23:55,10,"Ngày lễ mình có dịp ghé qua khu sinh thái Sen Nam Bộ, mình ở quận 1 đi qua cũng không xa, gần trung tâm thành phố mà có một quán ao sen rất đẹp và mát mẻ, ngày lễ khách rất đông nên món ăn lên hơi chậm, mình kêu 5 món mà món nào cũng ngon, khẩu vị miền Tây rất hợp với gia đình mình, giá cả củng phải chăn, mình sẽ giới thiệu đồng nghiệp và bạn bè có dịp thì nên đến một lần để trải nghiệmXem thêm",41
372,foodee_5a1ebf1b,1/5/2022 21:15,2.6,"Phục vụ kém, món ăn tạm, món ăn thì chờ gần 1 tiếng chưa có, cuối cùng là báo chưa order món, không bao giờ quay lạiXem thêm",41
373,foodee_j89gluiq,1/5/2022 21:03,2.6,"Lần đầu phải đánh giá một nơi ăn uống như vậy. Thấy mn nói nhiều về chỗ này nên gđ mình đến ăn thử và cảm giác cuối cùng là quá tệ. Phục vụ kém, món gỏi củ hủ dừa hải sản có cọng thun, món cơm chiên cá mặn thì cá đâu không thấy, chỉ thấy trứng với cải chua, hỏi nhân viên thì nhân viên báo lại là cá đã được xay nhuyễn ra, mà có xay thì ăn cũng phải cảm nhận được vị cá, chứ ăn mà k thấy vị cá, toàn trứng với cải chua thì đây có phải là cơm chiên cá mặn không? Mình ăn món này nhiều chỗ rồi, không ai chế biến món mà miếng thịt cá còn không có. Gọi món thêm, đợi 30phút chưa thấy lên món, đã gọi nhân viên hỏi lên món nhiều lần, nhân viên cứ báo đợi 1 chút xíu, nhưng mãi vẫn k thấy. Gặp chủ quán hỏi thì được biết bàn mình chưa được order thêm bất kì món nào ngoài những món đã order từ đầu? Nếu không hỏi thì nhà mình đã phải ngồi đó chờ tới bao giờ? Nên mình báo k cần nữa và thanh toán về. Chỉ ăn lần này và sẽ không quay lại nữa, quá thất vọng.Xem thêm",41
374,foodee_zesqn5ya,1/5/2022 21:02,2.4,"1 sao cho thái độ phục vụ từ quản lý đến nhân viên: hời hợt và cục súc
1 sao cho món ăn khi mà gọi cơm chiên cá mặn nhưng chỉ toàn cải chua và trứng
1 sao cho sự chờ đợi mệt mỏi gần 1 tiếng đồng hồ và nhận được câu trả lời là không order.
1 sao cho sự thất vọngXem thêm",41
375,foodee_rykfgldl,18/4/2021 18:30,1.8,"Đồ ăn không được ngon mà giá cao mỗi phần rất ít.  Nhân viên phục vụ kém. 
Đi lần đầu và sẽ ko quay lại.Xem thêm",41
376,Như Châu Tâm,9/9/2016 23:15,6.4,"Nghe danh tiêm đã lâu hôm qua mới có dịp ghé vì sinh nhật người yêu. Mình có đặt một ổ bánh blueberry cheesecake và một ấm trà. Về phần nhân viên thì các chị vô cùng nhiệt tình và dễ thương luôn. Nước ở đây vị hơi nhạt cũng khá bình thường, trà thì ngon. Ở đây mạnh về phần bánh, ổ bánh mình đặt được bạn trai khen nhiều lắm, bản thân mình thấy bánh rất ngon vị chua vị ngọt của bánh cân bằng nhau ko quá ngọt ko bị ngán luôn :)) rồi mình gọi thêm bánh Mille feuille ngon cực thích lắm nhất là vị phô mai thơm mặn mặn ngọt ngọt vừa miệng luôn. Cảm thấy vui vì bạn trai mình vừa ý bánh và trà của tiệm sẽ đến ủng hộ tiếp.Xem thêm",42
377,La Fé e,6/5/2015 9:13,8.8,La Fe e ....yeah ...yeahXem thêm,42
378,Ami Le,17/12/2014 22:14,7.2,"Lâu lâu vẫn hay ghé quán vì bánh đẹp và ngon + tên của quán.
Không gian quán không rộng nhưng dễ thương lắm. 
Giá bánh khá rẻ, nước cũng vậy nhưng bánh ngon hơn nước :DXem thêm",42
379,Tui Mayu,8/12/2014 12:19,7.8,"Cupcake tạm ngon, pudding và flan thì siu ngon... đồ uống thì cũng khá ngon... Không gian nhỏ nhưng ấm cúng... Cô bán hàng cực kì thân thiện ^^ Đây là quán quen mình hay ghé.Xem thêm",42
380,Ami Le,4/9/2014 20:25,5.0,"Quán trang trí màu sắc rất đúng với cái tên ""cổ tích""
Hôm mình tới là ngay buổi trưa, lại đang dịp lễ 2/9 nên quán hình như không có cái anh pha chế. Có chị chủ lên đc list quán còn đc vài món uống... Mình gọi trà sữa trà xanh còn anh người yêu kêu soda bạc hà. Trà sữa ngọt và thơm mùi trà xanh rất hợp khẩu vị mình (vì mình thích ngọt) còn của anh người yêu thì chua quá và ngọt quá :)) Hai đứa ngồi chơi chờ đá tan hết mới uống hết được.
Hai bánh Tiramisu cũng bé bé xinh xinh ;))
Điểm trừ là quán khá ít chỗ ngồi và lúc mình tới đang là buổi trưa, muốn vào trong phòng lạnh ngồi nhưng chị chủ nói máy lạnh hư.
Điểm cộng quán khá yên tĩnh và có không gian riêng, thoải mái.Xem thêm",42
381,Hien Nguyên,11/8/2014 3:03,9.2,"Quán tương đối nhỏ  nhưng decor rất đẹp đặc biệt là sách và nhạc làm cho quán rất đặc biệt.Thức uống, và bánh ngon nhưng giá cả vừa phải.Mình và các bạn sẽ đến đây nữaXem thêm",42
382,Khánh Như,12/5/2014 17:25,6.8,"Quán ổn, thích hợp hẹn hò hoặc gặp mặt bạn bè. Quán có ý tưởng decor tốt. Giá bánh cake từ 10.000. Thực đơn phong phú. Ở đây có lưu ý là nếu đem thức ăn từ ngoài vô sẽ tính thêm phí. Mình sẽ quay lại đây :DXem thêm",42
383,foodee_q09tm42h,1/6/2020 18:47,1.0,"đồ ăn không ngon, mắm cũng không ngon, thịt thà ít so với giá tiền, chả cá, các món ăn dở, nói chung khôgn phù hợp với giá cảXem thêm",43
384,Hằng Nguyễn,18/4/2020 22:54,10,"Món bún đậu là một trong những món khoái khẩu của mình. Lang thang trên app tìm các quán mới, gần khu vực nhà, nên tình cờ tìm được quán bún đậu Tôn Đào. 
Menu có các món giá khá mềm. Như Ú order món bún đậu chỉ có 17k,  thêm bún, thêm đậu thì thêm 10k,  chả thêm 17k, nước mơ gần 13k... Các món ăn được đựng trong hộp sạch sẽ, phần ăn nhiều,  phong phú. Quán chu đáo lắm có tặng kèm cả kẹo the nữa ♥ 
Đậu rán giòn, ăn ok,  bún lá chưa nén chặt lắm. Nhưng nhìn chung tổng thể vẫn ổn nè. Chấm kèm với mắm tôm đậm đà, vừa miệng. Nói chung ăn rất hợp vị và sẽ ủng hộ tiếp những lần sau nữa nhé!Xem thêm",43
385,Nhiễu Sự,5/3/2020 22:58,9.2,"Biết đến quán thông qua các group hàng xóm khu chung cư của mình.Lúc đầu có hơi ""nghi ngờ"" chất lượng, nhưng đến khi ""trải nghiệm"" thì đã bị chinh phục hoàn toàn. 
Ngon nhất chắc phải kể đến là mắm tôm, dù chưa pha tăc, đường cũng đã rất thơm ngon. Mắm tôm cũng được nấu chín thì phải, vì mình thấy có váng dầu, nên cũng yên tâm. Bún, đậu thịt đều ngon, riêng chả cốm là món trước giờ mình ăn ở các quán khác đều thấy ngán, không thích lắm, nhưng chả của Tôn Đào thơm và vừa ăn, không hề ngấy.
Một điểm cộng nữa là order qua shopee giảm giá cực sâu.
Lần đầu order dù đã note nhưng quán vẫn giao full combo. Lần 2 mình note kỹ hơn nên quán đóng gói 3 phần vào chỉ 2 hộp, khá là gọn gàng, giản lược giúp mình đường, kẹo... lại còn ghi chú rất đẹp lên từng hộp. 
Sẽ ủng hộ quán dài dài.Xem thêm",43
386,Dương Phạm,24/12/2019 12:27,9.6,"+ Mẹt bún rất bắt mắt
+ Chả cốm cực ngon, đậu vừa chiên xong nên nóng giòn 
+ Nước mơ ngon
+ Nhân viên phục nhiệt tình
- Vị trí quán xa trung tâm tp
》Sẽ ghé lại ủng hộ quánXem thêm",43
387,H D,14/12/2019 16:15,9.8,"Quán có mắm rất là ngon, tuy đông khách có hơi chậm 1 tí, nhưng nhân viên rất nhiệt tình và phục vụ rất tốt. chắc chắn lần sau mình sẽ quay lạiXem thêm",43
388,Thuận An,12/12/2019 16:29,9.2,"Đồ ăn ngon, giá cả hợp lý, bài trí đẹp.Xem thêm",43
389,Duc Hoang,12/12/2019 14:48,9.4,"Vừa tìm được một quán bún đậu rất ok gần nhà. Review cho anh chị em tham khảo
- Giá rẻ hơn so vs mặt bằng chung
- Mẹt bún khá đầy đủ. Thêm lòng, dồi nữa thì toẹt vời
- Chả cốm thơm cực kì, đậu vừa rán xong nên nóng ngon, đặc biệt là mắm rất ngon
- Vị trí không được đẹp vì nằm trong khu vực chung cư, phải gửi xe khá bất tiện
Fan bún đậu nên sẽ ủng hộ quán dài dài..Xem thêm",43
390,MT D,2/12/2019 19:52,10,"Hôm nay đi thăm đồng nghiệp ở Ehome S, thấy có quán bún đậu khá nổi bật ở khuôn viên nên ghé vào thử. Dù là người không hợp với mắm tôm nhưng lần đầu chấm sạch chén mắm, mắm và bún đậu cực kì ngon, nước mơ cũng vậy, sẽ ghé quán nhiều hơn...Xem thêm",43
391,Meo Cú,14/2/2021 9:50,8.0,"• Ghé lại hồi cuối năm, quán khá vắng vì mọi người về quê hết rồi
• Mình gọi phần 2 người 169k, bò không thôi, mọi thứ đều ok hết, khá ngon, lại còn nhiều
• Nhân viên và chủ quán thân thiện, lịch sự
• Quán quen của mình, sẽ quay lại.Xem thêm",44
392,Meo Cú,29/8/2020 21:08,7.2,"• Nằm trên mặt tiền đường MT, khá dễ thấy, tuy nhiên chỗ để xe hơi nhỏ

• Không gian rộng rãi, sáng sủa, bàn ghế hơi sát nhau xíu.

• Menu chủ yếu là bò, hàu, mực. Có 3 combo: 79k, 169k và 229k. Mình đi 4 người nên gọi phần 229k. Bò và hàu không quá nhiều nên 4 người ăn cũng tạm đủ, không thừa không thiếu, tuy nhiên phải gọi thêm 2 bánh mì.

• Nhân viên lịch sự, thân thiện, nhiệt tình

• Sẽ quay lạiXem thêm",44
393,DuyHải Trần,9/6/2020 19:45,8.4,"Ngoài việc đồ ăn ngon và nhân viên phục vụ tốt, thì nhân viên bảo vệ không được chút nào. Tỏ thái độ hách dịch và thể hiện cục súc, nói năng cộc lốc. :<Xem thêm",44
394,Thu Hiền,17/5/2020 10:31,8.2,"- Bọn mình 2 người gọi combo 4 ăn vừa đủ ngon, có gọi thêm 2 ổ bánh mì ngoài combo cho chắc bụng. Mình thấy cho trứng gà vào ăn ngon hơn nhiều.
- Không gian quán thoáng, gửi xe bên hông quán
- Nhân viên nhiệt tình, mau lẹXem thêm",44
395,Vân Nguyễn,29/4/2020 22:36,8.2,"- Gửi xe ngay bên hông quán, miễn phí và có bảo vệ giữ xe
- Quán ăn ở ngoài đường luôn nha, vừa ngắm đường vừa ăn ngon nè
- Có 3 loại combo chính cho các bạn lựa chọn, mình đi 2 người nên chọn combo 2-3 người (169k) và chọn bò-hàu
- Phục vụ nhanh gọn lẹ, lúc mang ra mình hơi choáng vì nhiều quá không biết nên làm gì đầu tiên

Sau khi định hình lại thì theo cách ăn của mình
1. quẹt bơ lên trước nhen, lưu ý cho liều lượng vừa phải vì ăn tới đâu làm tới đó đừng làm hết tổng thể cùng 1 lúc nha, cháy đen đít á. 
2. Cho ít hành tây, nấm kim châm và sốt vào đảo đều
3. Nhanh tay cho ít thịt bò và hàu sữa, rồi lại chan thêm sốt lên *chẹp chẹp* 😍
4. Chừa chính giữa để mọi thứ gần chính rồi thì đập trứng vô giữa nè, thêm đậu bắp với phô mai lên thịt với hàu là xong
Ăn xong thì cứ lặp lại các bước trên nho 😘😘

Khi ăn thì dùng kèm với kim chi chua chua cay cay, và ăn thịt cùng với bánh mì chấm vào sốt ngon vô cùng *ực ực*, hàu sữa béo béo chấm chung muối ớt xanh, tê tê đầu lưỡi nhen. Nên để hàu lâu hơn thịt bò nha để tránh bị tanh vì sống. 

Theo mình thấy thì vậy là quá rẻ, 169k bao gồm 2 ổ bánh mì, kim chi, phomai lắc rắc, hành tây, đậu bắp, nấm kim châm, bơ, thịt bò, hàu sữa ngon lành cành đào. Nhlem nhlem 😋😋

Điểm trừ là xa trung tâm quá thôiXem thêm",44
396,Bảo Đinh,4/4/2020 15:28,10,"BÒ HÀU SỐT ZOZO 
Lần đầu tiên có mặt tại QUẬN 9 món mới lạ hấp dẫn lại cực kì ngon, cho bạn tha hồ thưởng thức mà không sợ ngán.
Với Nguyên liệu Bò Mỹ - Úc, Hàu sữa Pháp, Mực baby luôn đảm bảo tươi ngon và thêm nước sốt cực kì đặc biệt đậm đà cay cay theo công thức riêng của quán tạo nên mùi vị đậm đà cho món ăn.
👉 Thêm chút Kim Chi chua chua cay cay, phủ một lớp phomai thơm lừng dẻo dẻo ăn kèm cùng Nấm Kim Châm và Rau.🥖Bánh mì chấm lên nước sốt quánh đậm vị thật tuyệt vời 😋😋
💸 Chỉ với #169k quý khách đã có một phần combo (2-3 người) ăn no nê giá cực rẻ nè 💯
🍽 Ngoài ra còn nhiều combo khác dành cho gia đình rất hấp dẫn nữa nhé, ăn cực đã, cực no với giá cực yêu.😋
❤️ Nghe đã thấy hấp dẫn rồi, nhanh tay đặt lịch lập team triển ngay thôi nào !!!

🐄 BÒ HÀU SỐT ZOZO 🐄
⏰ Mở cửa từ: 16:00 đến 22:00 các ngày trong tuần 🤗🤗🤗
📫 Địa chỉ: 261 Man Thiện, KP6, Phường Hiệp Phú, Quận 9, TP.***(Cách Chợ Đêm Man Thiện 500m)
☎️ Hotline: ‭0942.909.909

🏩 Chi nhánh Bình Dương
📍 212 Đường GS1, P.Dĩ An, TP. Dĩ An, Tỉnh Bình Dương 
☎️ Hotline: ‭0942.909.909

📍 149 Đường D1, KDC Phú Hòa, Tp.Thủ Dầu Một, Tỉnh Bình Dương 
☎️ Hotline: ‭0985.45.45.61Xem thêm",44
397,Hai Trần,23/11/2018 19:21,9.2,"Có đôi lúc muốn trốn đi sự mệt mỏi của những thứ ồn ào đang xảy ra trong thành phố. Nghĩ ra Suối Tiên chơi sẽ giải tỏa được ai dè... ồn không tả nỗi!
Điện thoại nhỏ bạn chung phòng rủ cafe, được nó dắt đến nơi này. Lần đầu đến cảm thấy rất thoải mái, không khí thoáng mát mà cảnh đẹp nữa, giá cả hấp dẫn sinh viên và gia đình có thu nhập trung bình, thức ăn ngon và khá nhiều, nhân viên thân thiện như chị em trong nhà! Cảm ơn nhà hàng đã cho tôi cảm giác an yên khi đến đây! Tôi sẽ quay lại một dịp gần nhất để thưởng thức nốt món GÀ QUAY LU trứ danh của anh Bếp Trưởng!Xem thêm",45
398,Nhi Yến,28/10/2018 19:51,8.8,"Nhà hàng nằm hơi xa trung tâm, thích hợp cho những ai thích ngắm thiên nhiên thác đỗ. Món ăn tương đối ngon, giá rẻ sinh viên gia đình lao động có thể ăn được.
View thích hợp cho tiệc nếu các bạn không thích không gian phòng tiệc kín và ngộp.
Sẽ quay lại quán trong lần công tác sau.!Xem thêm",45
399,Huy Bui,22/10/2018 11:57,7.8,"Nhà hàng đẹp, không gian thoải mái, giá cả hợp lý, đặt bàn qua Now được nhà hàng đãi lẩu khổng lồ giá gần 300k đủ cho 3-4 người ăn, nước lẩu ngon.Xem thêm",45
400,THÀNH BẠCH BẠCH,24/9/2018 15:06,9.0,"Nhà hàng nằm gần Bệnh ung bướu cơ sở 2, View thoáng mát nhiều chổ chụp hình, Tổ chức tiệc thì khỏi chê. Nhìn chung là rẻ và đẹp! Ai ở gần đây, nên ghé qua 1 lần để thưởng thức!Xem thêm",45
401,Kỳ đặng quốc,24/9/2018 15:01,8.0,"Nhà hàng đẹp, giá cả hợp lý, món ăn ngon. Thích nhất là được những bức ảnh ảo. Sẽ ghé lại lần sauXem thêm",45
402,Dung Nguyễn,12/3/2018 15:01,8.0,"Nhà hàng hơi xa trung tâm, nhưng không gian cực kì rộng và đẹp, yên tĩnh luôn, thích hợp thư giãn cùng gia đình và bạn bè đồng nghiệp nha. Món ăn khá đa dạng, đa số các món ăn tốt cho sức khoẻ. Nhân viên thân thiện, chu đáo.Xem thêm",45
403,XuXu ĐàoDung,22/11/2018 10:45,8.0,"Nằm trên đường Man Thiện, khúc gần chợ đêm. Quán rộng, thoáng mát, phục vụ nhanh, có nhân viên giữ xe thân thiện.
Bò hấp cuốn rau rừng khá hấp dẫn, mình đặc biệt thích nước chấm: mắm cá cơm chua. Bánh tráng phơi sương, rải 1 lớp rau các loại rồi kẹp 1 lát thịt bò, chấm nước mắm. Cắn 1 miếng thật bự, rau tươi thanh và thơm, bò ngọt lại béo, thêm vị chua ngọt của nước chấm, nhớ kẹp thêm 1 con cá trong nước mắm vô nữa nha. Tuyệt! (100k)
Bò né cuốn cải bẹ xanh 1 dĩa to đùng, thịt bò ngọt và mềm, đậu bắp thái lát hơi mỏng nên xào chín ăn hok giòn nữa. Món này chấm chao hoặc nắm nêm tùy thích. (120k)
Bắp bò xào chua ngọt chấm nước tương. bò cắt miếng to và dày, cắn miếng bò ngọt chứ không bị dai. Bò, ớt chuông, hành tây, cà rốt, cà chua,... rau củ các loại thành 1 dĩa đầy um... (120k)
Lẩu bò nước ngọt và thơm, vị hơi đặm (chắc tại mình ăn nhạt) , thịt nhiều, ăn kèm rau và bánh phở hoặc mì vắt. Dĩa rau hơi ít, nên nhóm mình phải gọi thêm rau. (150k)
Nhóm mình đi 4 người, ăn nhiêu đó no lặc lè!Xem thêm",46
404,trường huy,8/7/2018 22:52,1.4,"Quán phục vụ tệ. 
Nhân viên thái độ không tốt.
Đang ăn uống cùng bạn bè đến 10h30 , ngoài trời thì mưa to. Nhân viên đuổi khách về dù ngoài trời mưa rất to. Sẽ không quay lại quán này nữaXem thêm",46
405,nyngo0804,15/4/2018 21:35,3.2,"Vô quán ăn thấy cũng ok nên ghé. Quán nướng thì bằng bếp gas nên thấy không ngon rồi. Vì ăn nướng phải nướng than mới đúng. Nhưng nêm nếm gia vị ok. Lẩu cũng ngon và nhiều 150#.
Tuy nhiên bỏ quên bịch xoài với mắm ruốc... bỏ đi chưa đc 10p quay lại hỏi nhân viên và quản lý thì thấy mấy ông quản lý tách xoài ra ngồi ăn ngon lành rồi... thâht là bực. 50k tiền xoài nhé quán.. không ghé lại nữa chỉ vì điều này thôi. Khách bỏ quên gì chắc chắn k có cô hội lấy kaij. Dù chỉ bịch xoài..Xem thêm",46
406,Tran Thuong,2/3/2018 19:48,4.2,"Mới chuyển qua bên Man Thiện gần đó. Tuyển đâu phục vụ kiêm tiếp thị bia sài gòn. nói chuyện cộc lốc như muốn đuổi khách. Mời sg ko uống thì nhăn nhó, nc như đuổi kháchXem thêm",46
407,Le Nhat Minh,7/1/2017 17:28,6.8,"Quán nằm kế bên khu dân cư C mới xây , gần khu công nghệ cao .
Quán này nổi tiếng nhất món bò cuốn rau rừng chất lượng ngon , giá 150k khá ổn . Lẩu cũng ngon , tương đối . Nếu không phải ăn uống cầu kì quá thì quán này đáp ứng được hết thực khách .
Quán sạch sẽ , phục vụ tốt .Xem thêm",46
408,Nu,6/10/2016 13:59,6.6,"Quán nằm gần cuối đường Lê Văn Việt, ngay khu dân cư C5. Biết quán cũng đã lâu nhưng đây là lần đầu tiên mình ghé quán. Quán chuyên về các món bò. Theo mình thấy thức ăn ở đây tạm được, không ngon cho lắm, chắc không hợp với khẩu vị của mình còn bạn mình thì khen lẩu ngon  Giá cả thì rẻ nhưng chất lượng không ok lắm. Nhân viên thì dễ thương, phục vụ nhanh nhẹn. Không gian quán mát mẽ, do mình ngồi khu ngoài trời. Quán này, mình thấy có nhiều chi nhánh nhưng ở SG thì chỉ có ở q9, hơi xa với trung tâm tí. Mình đi lúc 5h nhưng quán cũng khá vắng. Mình đi 4 người chỉ hết 390k thôi.Xem thêm",46
409,Cindy Nguyen,14/8/2016 0:11,6.4,"Được bạn giới thiệu quán này nên sẵn tiện trên đường ghé ăn thử luôn. Không gian cũng rộng bàn ghế mũ nhìn cũng sạch. Đồ ăn ở đây chủ yếu là bò quán vào buổi chiều khá đông quan sát thấy đa số toàn các bàn nhậu chỉ một cài bàn đi dạng gia đình đến ăn. Giá cũng không cao, mình gọi 1 phần vú nướng ta nói nó day kinh khủng lhoong biết do mình không biết ăn do bình thường vú là phải day như vậy hay do hóa chất làm tăng độ day giòn nên ăn không mạnh miệng cho lắm. Bò nướng lá cách là 1 dĩa thịt vò ướp kèm 1 dĩa lá cách sống để gói ăn chứ không phải lá cách cuốn thịt bò sẵn rồi nướng nha. Thấy lạ lạ do trước giờ chưa ăn như vậy. Nhân viên nhanh nhẹn vui vẻ.Xem thêm",46
410,Quang Le,5/8/2015 11:48,7.2,"- Quán này chuyên về các món bò, giá cả mình thấy rẻ so với lượng thức ăn
- Hình như quán này có nhiều chi nhánh, mình thấy đa phần các chi nhánh của quán ở  Đồng Nai. Ở HCM chỉ có quán ở Q9 này, có điều hơi xa trung tâm.
- Các món về nướng và hấp khá ngon. Bữa định kêu thêm lẩu nữa xem thế nào nhưng ăn hết nổi, thôi đành hẹn lần sau vậyXem thêm",46
411,Tram Lam,1/10/2018 14:15,8.0,"Quán rộng, không gian lộng gió, mát mẻ, yên tĩnh. Có phòng lạnh no-smoking. Thiết kế, trang trí nhẹ nhàng, dễ thương, buổi tối đèn sáng vừa đủ, đẹp; có xích đu, suối vs cầu nhân tạo; trên bàn có trang trí hoa mình thích. Toilet sạch. Nhạc êm tai, âm lượng vừa phải không quá lớn. Nước uống khá ổn, giá cả cũng không quá cao. Mình đi 2 người, gọi 1 bơ dầm sữa (món này khá ngon) và 1 lipton sữa, tổng 80k. Nhân viên phục vụ khá tốt, nhanh nhẹn và dễ thương.
Sẽ quay lại.Xem thêm",47
412,Thanh Thanh,31/5/2018 10:42,7.0,"Quán nằm trong một con hẻm lớn nên cũng dễ tìm. Nhưng rất ít khách nên mọi thứ rất cầm chừng. Giống mô hình cafe gia đình. Không gian tương đối sạch, yên tĩnh. Giá mềm. Phù hợp hẹn hò nhẹ và họp bàn công việcXem thêm",47
413,Krystal Hoang,4/11/2017 17:16,6.4,"Như tiêu đề, mình chỉ review về không gian của quán
• Không gian rộng rãi, có nhiều khu khác nhau ( một phòng lạnh, sân vườn bao bọc 3 mặt của quán ). Mặc dù nhà không có con nít nhưng mình lại cực kì ưng khu vui chơi cho các bé nằm ngay lối ra vào của quán
• Không gian yên tĩnh, ngồi ngoài sân thì chắc ồn hơn tí vì có chiếu đá banh và hơi muỗi
• Trong phòng lạnh, có một số mảng tường bị bể nên nhìn khá mất thẩm mĩ. Còn nhìn tổng thể thì quán khá ổn về khoảng viewXem thêm",47
414,xuan truong Dang,3/7/2016 20:20,7.2,"+ Nhiều gốc bày trí đẹp nhưng không có phòng lạnh, không gian hơi sến. Đèn trong phòng tối và không tương thích với bên ngoài trời. 
+ Menu kinh điển, ít món, ngon, giá tương đối mềm, nhạc không phù hợp với không gian quán.
+ Nhân viên nhiệt tình, thân thiện.
+ Quán còn mới nên hơi vắng 
+ Sách tương đối ít.Xem thêm",47
415,Mai Uyên Trần,28/6/2016 22:37,9.8,"Quán rất  đẹp và sang trọng nhưng có giá lại khá  mềm,  chỉ 14k ly cf đen và 25k cho matcha siêu ngon.  Thích hợp cho các cặp đôi hẹn hò bởi không gian lãng mạn ấm cúng và sự riêng tư mỗi khu vực,  hoặc dành cho các buổi họp nhóm hay tụ tập bạn bè vì sự bố trí rộng rãi của quán. Phục vụ rất dễ thươngvà nhiệt tình ,  anh chủ hay cô pha chế , bác giữ xe đều sô ciu hết. Bởi vậy , mình ghé hoài hoài à .Xem thêm",47
416,Windy Vuong,28/6/2016 13:24,6.0,"Quán khá là đẹp và ấn tượng. Không gian yên tĩnh, lãng mạn, phù hợp cho các cặp đang iu hoặc gia đình thích sự yên tĩnh, có rất nhiều sách và truyện cho các bạn lựa chọn. Đặc biệt là menu khá là phong phú và ngon, giá rất mềm và nhân viên phục vụ dễ thương, nhiệt tình. Sẽ quay lại nhiều lần nữaXem thêm",47
417,Mai  Xuyến,3/4/2016 20:44,5.8,"Ấn tượng đầu tiên của mình là khi cần cuốn menu lên cảm giác dơ dơ, không thiện cảm. Bán cũng có cảm giác dơ dơ. Món mì xào hơi ngọt. Phục vụ nhanh nhưng chưa chuyên nghiệp, lên món k đều 2 bàn.(vì tụi mình ngồi 2 bán kéo lại). Quán không bán trái cây. Vocka mắc kinh 120k/chaiXem thêm",48
418,Phạm Phương,19/11/2015 21:45,9.6,"Quán quen của mình. Hôm thi xong, 6 đứa ghé quán xõa.
Vì bận ăn giọng nên không chụp hình món. Nhưng làm gần như sạch cái menu, ăn ngập mặt. Ngoài nước ngọt, uống thêm tiger đen và bạc có 1 khung rưỡi hà....nhiêu đấy beer là thấy mạc rồi. Cơ mà tính tiền hết hồn. Chưa tới 1tr2 nữa. Hehe
Bạn nào gần gần thử nha, rất đáng á. 
Đặc biệt chú Tài chủ quán nhiệt tình, ăn nhậu miết quen mặt là chú vô ngồi cùng hà. Lên món cực nhanh dù quán đông lắm.Xem thêm",48
419,Phạm Phương,21/8/2015 13:32,9.0,"Ốc Tài ngon mà rẻ lắm, ốc tươi nữa. Mình dùng nhiều lần lắm rồi, chỉ một lần là bị ốc hương và càng cua bị cũ thôi. Nhưng mấy lần sau này thì tốt, ốc hơi nhỏ nhưng không bị chết nữa. Duyệt luôn! 
Các món mà xào rau muống đều ngon, điểm trừ là nhiều dầu mỡ quá. Ăn đêm không tiêu!!! Nghêu thì bình thường nhưng sò điệp phô mai thì ngon cực, béo lắm nha. Ốc tỏi nướng mỡ hành ngon, không bị cát. 
Gía rẻ cực kỳ nha, 2người không hơn 300.000 đâu ạ.
Chú Tài vui tính lắm, ăn nhiều lần miết quen chú ấy gặp là chào hà, tới bàn uống cùng nữa. 
Quán đông, phục vụ bị chậm ạ. Nhưng được order rồi thì nhanh lắm. Không gian thoáng, ngồi ngoài trời nha.Xem thêm",48
420,Tri Minh,28/2/2015 10:32,7.4,"Gia đình mình đi 03 người hôm mùng 7 Tết, quán khá đông nhưng phục vụ rất nhanh & nhiệt tình. Chất lượng & giá cả cũng ổn. Gọi 6 - 7 món + nước uống mà tổng thiệt hại chỉ khoảng 400k.

P/s: Chả hiểu sao bếp người Bắc mà gu nước chấm lại rặt kiểu Nam Bộ.Xem thêm",48
421,Liu Kaka,21/12/2014 12:21,8.6,"Không gian thích hợp để họp nhóm liên hoan, giá cả ok, phục vụ thì quá ok, anh chủ quán rất chiều khách, thức ăn đậm đà, nước chấm ngon, gửi kèm hình cho các bạn tham khảo, còn thiếu mấy món ko chụ được, tổng thiệt hại khoảng 800k thôi nhé, nếu các bạn có dịp đến quận 2 chơi thì phải đi thử nhé
quanan quan2 oc biaXem thêm",48
422,Phùng quí,4/7/2014 11:13,8.0,"Uán này lúc mới đầu đồ ăn ngon, giá phải chăng ăn được lắm nhưng càng ngày càng tệ, phục vụ thì nhiệt tình thiệt nhưng chất lượng món ăn càng ngày càng kém, ốc rửa không sạch toàn cát lại còn hay bị ươn nữa. Lạ ở chỗ là ngày nào cũng đông. Không hiểu nối?!Xem thêm",48
423,Huong Vo,6/2/2014 0:28,4.8,"quán này lúc mới đầu đồ ăn ngon, giá phải chăng ăn được lắm nhưng càng ngày càng tệ, phục vụ thì nhiệt tình thiệt nhưng chất lượng món ăn càng ngày càng kém, ốc rửa không sạch toàn cát lại còn hay bị ươn nữa. Lạ ở chỗ là ngày nào cũng đông. Không hiểu nối?!Xem thêm",48
424,Duyên Lê,25/7/2018 20:26,9.4,Bún riêu Cô sáu ngon chỉ 17k 1 tô CHÀ BÁXem thêm,49
425,Bảo Ngọc,22/9/2017 23:30,7.8,Quán cô sáu là quán bún riêu ruột. Ăn từ ngày quán mới mở tới bây giờ đã là 6 năm rồi. Ngon tuyệt...Xem thêm,49
426,linh linh,22/9/2017 20:17,9.6,Ngon tuyệt. Giá có 15k ngày nào đi ngang là phải ghé vô ăn àXem thêm,49
427,Duyên Lê,21/9/2017 19:05,9.8,"Quán Cô Sáu đã mở bán được 6 năm, nằm ở trong hẽm 50 thông ra đường 79 và đường 147 Phước Long.
Quán buổi sáng bán các món như hủ tiếu, nui, mỳ, bánh canh
Buổi chiều có bún riêu và bún đỏ
Hương vị các món ở quán rất đậm đà, đồ ăn rất nhiều, cô chủ cũng thân thiện mà giá rất bình dânXem thêm",49
428,Thanh Tùng,21/9/2017 16:13,10,"Nước lèo đậm đà, một tô nhiều thật nhiều ăn không muốn hết. Không gian quán lại rất gia đình, ăn ở đây cực kỳ thích luôn. Chất lượng phục vụ khỏi cần bàn cãi, cho hẳn 10 điểm luôn. Vị tria cũng khá thuận lợi để tìm kiếm. Chẳng là trên đường đi chơi gặp mưa lại may mà nhìn thấy quán Cô Sáu này, ấm áp thôi rồi. Sẽ quay lại một lần, à không là nhiều nhiều lần nữa. Và phải đem theo mấy con ""sâu sành ăn"" theo để chúng nó mở mang tầm nhìn.Xem thêm",49
429,Thuong Corleone,13/1/2019 17:21,7.6,"Quán này không phải quán ở Bình Quới đâu nhé mọi người (mình tìm mãi quán đó dời về đâu mà không có) Quán này là 1 chi nhánh khác thôi, cái này em nhân viên xác nhận rồi
Nói về giá món ăn thì thấy cũng bình dân. Cơm chiên 30k, rau muống xào 30k, mấy món khác cũng tầm 30 40 50k chứ không quá mắc. Không tính công chế biến 1 số món cơ bản.
Cua thì có buộc dây nhé chứ không phải là không buộc như chỗ bên Bình Quới. Vì buộc dây nên cân 1kg có 2 con ... thay vì 1kg 3 con cở đó ~~! Giá cua thì cũng k mắc lắm, có điều thấy ghi trong menu 280k mà mình hỏi thì nói 300k ... thấy cũng k chênh nhau nhiêu nên mình cũng không thắc mắc. 3 con cua như hình này là 1 ký rưỡi .
Quán không gian thoáng, nêm nếm hợp khẩu vị. Lên món nhanh (chắc do vắng). Cua thì cực kỳ chắc thịt luôn. Nói chung bù qua sớt lại. Buộc dây nhưng cua mạnh, tươi và chắc ngọt thịt là ok rồi. Sẽ quay lại ... hi vọng quán không đi theo quán bên Bình Quới nhé :DXem thêm",50
430,Phương Thuỳ,13/1/2019 10:42,8.0,"Mình rất mê món lẩu cua ở đây, mà thực ra món nào cũng ngon, giá chỉ bằng 1/2 hoặc 2/3 giá ở các quán khác.
Mình nghĩ các tín đồ thèm cua nên ghé quán để thưởng thức.
10 điểm cho chất lượngXem thêm",50
431,Ngannguyen,23/11/2018 18:55,9.4,"Quán phục vụ nhanh. Món nào cũng ngon. Đặc biệt lẩu cua nấu bầu. Ngon xuất sắc. Cua chắc, cua thịt 270k/kg mình gọi 1 con 800g gạch 700g thì giá 350k/kg. rẻ hơn rất nhiều so với ngoài. Rất hài lòng !Xem thêm",50
432,foodee_znih1awb,11/11/2018 19:35,7.2,"Cua ngon, giá phải chăng, nhiều món để lựa chọn. Nhân viên phục vụ tốt. Thích hợp với gia đình, bạn bè hay đơn giản là đến thưởng thức các món chế biến từ cua với chi phí dễ chịu.Xem thêm",50
433,Quyền Nhóc,22/7/2018 13:14,8.4,"Quán Dũng Năm Căn này là ở chỗ bên chi nhánh Thanh Đa dời về đây. Hôm nay, mình và gia đình tình cờ đi ngang qua đây thấy quán này, sẵn tiện ghé vào ăn. OH MY GOD... Đồ ăn ở đây ngon mà rẻ, ngon nhất là món cua rang me và rang muối, hương vị đậm chất Cua vùng Năm Căn. Nhân viên phục vụ tận tình, chu đáo, đồ ăn không phải đợi lâu. Có lẽ lần sau mình sẽ rủ bạn bè tới ủng hộ quán.Xem thêm",50
434,Diễm Hương,19/7/2018 0:49,10,Giá cua ở đây rẽ mà ngon quá . cua thịt có 270k cua gạch 350k  gđ mình mê quán này lắm r. phục vụ còn tận tình nữa . bắn tym cho quán😍😍Xem thêm,50
435,Bình Yên,30/10/2020 12:41,10,"Đồ ăn ngon khá hợp khẩu vị, giá bình dân thích hợp sinh viên chúng mình gặp gỡ tiệc tùng liên hoan cuối tuầnXem thêm",51
436,Bình Yên,3/8/2020 17:42,5.0,"Gia đình mình hay order trên Now vào dịp cuối tuần cho các bé ăn đổi món, sushi quán này khá ngon, hợp khẩu vị các bé nhà mình, đặc biệt sốt vị lạ mà ok, nhà mình cực thích loại sốt màu đen ngọt ngọt mặn mặn, hình như mình để ý các món sushi có nglieu chiên thì hay kèm sốt đen đó, salad thì hơi ít lựa chọn, mình thường ăn salad bò, cơm cuộn thì khỏi bàn luôn, mỗi lần order là ko dưới 5 cuộn, chắc do nhà mình đông, nói chung giá cả và chất lượng như vậy ở khu vực này thì khá ok, mọi người nên thử. Một điểm cộng nữa là quán có kèm kim chi và gừng ngâm chua ăn cũng khá ngon, thường các quán nhật khác ko có kèm kim chi.Xem thêm",51
437,Hằng Nguyễn,24/11/2019 0:23,9.6,"Quận 2 nơi mình ở ngày càng có nhiều quán mới mở ra. 
Quán Kaya Sushi là một trong số đó. Quán có menu phong phú từ sushi, sashimi đến tempura,  hay các món cơm. Các món lẩu. 
Giá trung bình từ 2x-1xx. Cũng khá rẻ. Không quá mắc. 
Không gian quán nhỏ xinh, chủ quán và nhân viên nhiệt tình.
Về các món sashimi ăn tạm vì theo mình thấy không tươi lắm. Với món lẩu thì chưa đậm đà. Sushi ăn được hơn nha,  cuốn chắc tay,  cơm dẻo. 
Nói chung, các món ở đây ăn được, chỉ có điều theo Ú là gia vị nêm chưa tới nên chưa đậm vị lắm.Xem thêm",51
438,Julie Đậu,18/11/2019 1:17,10,"Đi lạc sang q2, cũng đang thèm món Nhật nên ghé vô luôn, ăn quá trời ăn, vì hợp khẩu vị nên mình bất chấp mập ốm ra sao.

Quán nhà nè, không gian ấm cúng nè, anh chị chủ cute lắm trời đất ơi ♡♡♡
Takoyaki ngon xỉu, must try nè quý dị. Sushi cá hồi phômai cho con nghiện phômai và cá hồi luôn. Mọi thứ đều tươi, thử tempura cũng là 1 sự sáng suốt. Mì udon hải sản theo mình thấy thì hơi nhạt 1 tẹo, nhưng bù lại thì hải sản rất tươi. 
Cô nhóc dưới này được 1 trứng hấp, nếm thử cho chỉ ăn thì trứng béo nhưng không ngấy, chỉ ăn quá trời luôn.
Nhà mình 5 người hết 550k, no xỉuuuu ☆☆
Trong menu các món dao động từ 12k -149k , có cả các set cơm cho dân văn phòng nè. Tiện đường thì mọi người nên ghé thử 1 lần, không hề thất vọng đâu nè ♡♡Xem thêm",51
439,Nhật Long Lê,22/7/2019 0:08,5.0,"Được bà chị dẫn đi ăn, sushi ngon ăn ko ngán, đặc biêt bé nhà mình rất thích món trứng hấp ở đây, đến 2 lần đều ngay đợt giảm giá 10%, gần nhà nên chắc sẽ ăn thường xuyên.Xem thêm",51
440,Bình Yên,21/7/2019 23:49,5.0,"Quán nhỏ, nhìn sạch sẽ lắm, đồ ăn thì có vẻ ok, giá rẻ hơi bất ngờ, đặc biệt sốt dynamite giống chỗ nhà hàng gia đình mình hay ăn. Sashimi tươi, xin thêm cải bào với lá tía tô đc cho free luôn. Lần đầu ăn rất hài lòng, 2 vợ chồng ăn uống đủ thứ mà tính tiền có 249k, sẽ ghé lại.Xem thêm",51
441,Nguyễn Ngọc Khánh Phượng,20/7/2019 14:40,9.0,"Mình đi 2 người kêu 1 cái lẩu kim chi, cuốn tôm dinamite, trứng hấp kèm 1 phần sashimi cá hồi. Ăn no nê, cá hồi k hề tanh nha, lẩu cũng ngon nữa. Túm lại là vừa túi tiềnXem thêm",51
442,Luân Hoàng,21/4/2017 12:48,8.8,"- Với người ít thời gian như mình thì fast food là giải pháp duy nhất vào mỗi buổi sáng
- Tình cờ biết được gần khu mình có chuỗi cửa hàng Fast Food One Minute sài gòn
ngay lập tức mình đến thử
- Đập vào mắt mình là một cửa hàng rất to và đẹp, nhân viên lại dễ thương nữa, ko khéo fall in love mất thôi hihi
- Món ăn thì ngon hết sẩy, khỏi phải bàn, đa dạng và đầy đủ chất dinh dưỡng như Hamburger, sushi, Sandwich .v..v, kèm với 1 ly trà sữa mà chỉ có 17k, hợp lý với tất cả mọi người.
- Ngoài còn có gà chiên, viên cốm, cá sốt rất tươi mà lại rất ngon, nhân viên lúc nào cũng đeo bao tay, đảm bảo sạch sẽ, mình nhìn thôi đã yêu rồi !!
- Nhất định sẽ ủng hộ dài dài

Peace !!Xem thêm",52
443,"Cự giải""s",19/4/2017 22:42,5.2,"Ngày nay, bạn đi trên bất kì con đườg nào vào mỗi ság đều có những cửa hàng bán thức ăn nhah ngoài đườg hoặc trên vỉa hè dưới nhữg tán lá xah.. Đặc biệt tập trung khá đông ở những trường học,khu chợ,bệh viện.... Nhưng liệu có đảm bảo vệ sinh an toàn hk? Bạn có đảm bảo cho sức khỏe của mìh khôg? Đó là câu hỏi băg khoăn khi tôi mún ghé mua món mà mình muốn ăn Nhưg còn e ngại.. Tôi quan sát xung quanh các cửa hàng bán bánh.. Đập mắt là đội ngũ nhân viên mặt đồ lịch sự với áo vàng ,nón đỏ ,mag giầy khá ấn tượng.. Tiếp theo là những hộp báh hambuger,hotdog, sussi ... được đóng cẩn thận để trên cao.. Nhân viên làm bánh mag bao tay sạch sẽ.. Tủ đựng hàng hóa hk chút bụi bẩn mọi thứ khá gọn gàng.. Tôi liền chạy lại mua ngay cho mình một phần hambuger kèm theo còn có một ly trà sữa hươg matcha khá là thơm ngon nữa.. Tôi đã thử nó ngay vào sáng đó.. Tuyệt vời! Bánh mềm và rất ngon.. Lại tiện lợi khá nhanh ,giá cả củg hợp lí.. Những ngày gần đay tôi đã mua những sản phẩm ở đay.. Tôi hài lòng tất cả... Nếu bạn chọn cho mìh một buổi ăn sáng mà hk mún tốn nhìu thời gian mà vệ sinh đặc biệt là ngon miệg no bụng thì hãy ghé ngay tại đay để thưởg thức nhé!!👍 👍 👌 👌 👌Xem thêm",52
444,auphoinguyen,14/4/2017 17:37,8.6,"Nhất định mình sẽ ghé vào mỗi buổi sáng !!!
 Là thế này. --> Tình cờ đi học ngang qua con đường Hồ Bá Phấn đập vào mắt là chiếc xe đầy màu sắc hình bánh các kiểu đối diện với trường Tiểu Học, cùng với vài bạn nhân viên dễ thương, thế là mình tấp vô liền :D.. "" Dạ, oneminutesaigon xin chào ạ !!!, Anh muốn dùng gì ạ, ở cửa hàng e có hamburger các loại, hotdog, sandwich, sushi, ... "". Bạn nhân viên dễ thương quá, haizzz, làm lúng túng cực :)))) .Nhưng vì đang gấp thời gian để còn kịp đi học, thôi thì lấy đại cái hamburger bò để ăn cho nhanh ( có kèm theo ly trà sữa ). Đấy, thế là có cái hamburger nóng hổi với ly trà sữa liền, vội vàng cầm chạy lên trường. May quá, vẫn chưa vào lớp, thế là ta ăn sáng thôi. Từ lúc mua đến lúc tới trường đã 20' mà lấy cái bánh ra ăn. Ôi !!! Vẫn ngon cực, bánh vẫn còn hơi ấm, điều mình cảm nhận được khi cắn miếng bánh là sự hòa quyện của sốt mayonnaise với vị ngọt ngọt cay cay của tương cộng với sự dai dai đậm vị của miếng nhân bò, còn cả dưa leo, cà chua, xà lách nữa. Tất cả đầy đủ cho giá trị của cái bánh và ""Đầy đủ cho năng lượng ngày mới"". 
Thôi vào lớp , ak ak !!! quên nữa, còn ly trà sữa matcha tươi mát, đậm vị, uống luôn cho đã khát nào. :))))))). Đấy, sản phẩm đầu tiên mình ăn của cửa hàng. Cơ mà, bây giờ thành khách quen r, mỗi buổi sáng đều ăn, có thời gian mình sẽ kể về các món khác. Ngon cũng chẳng thua món này :))))))))))Xem thêm",52
445,Xanhrose,2/4/2017 11:44,8.0,"Chi nhánh này của One Minute Sai Gon chuyên mua về nhưng vẫn có chỗ ngồi ở lại ăn nha. Tuy nhiên thì không gian hơi nhỏ á.
Phục vụ chuyên nghiệp, chất lượng và ngon. Mấy món khác như pho mai que, ca vien ... cũng ngon lắm nha ❤️Xem thêm",52
446,Anh Tu Nguyen,31/3/2017 22:00,8.0,"Tình cờ mình ghé quán thấy quán bán đồ ăn nhanh rất tiện lợi. Khi tiện lợi khi tính tiền giá lại rẻ, ngon và hợp vệ sinh. Phù hợp với túi tiền sinh viên hutechXem thêm",52
447,zara doan,31/3/2017 16:30,9.2,"Mình xem trên foody thấy review ngon,  nhìn món ăn hấp dẫn nên mình đi ăn thử. Quán ở q9 nhưng rất gần,  không xa như mình nghĩ,  quán có nhiều món ăn ngon như hambuger,  gà rán,  xúc xích Đức,  phô mai que,  cá viên, sushi, trà sữa....mình ăn tất cả các món nhưng chỉ chụp hình đựoc 3 món quên chụp hình các món kia,  rất ngon và sạch, hợp vệ sinh, nhân viên rất dễ thương và vui vẻ, người bán rất có tâm không chạy theo lợi nhuận 😄 mà giá lại rất rẻ. Sẽ ăn dài dài vì hiếm có quán ăn nào được như vậy lắm 😊😊😊😊😊😊Xem thêm",52
448,0918448878,31/3/2017 8:01,7.2,"Tiếng lành đồn xa
Nên chiều hôm qua 2 chị em đi kiếm quán vì thèm humburger, vừa tới còn lại đúng hai cái cuối cùng. 2 c e ăn xong rồi gọi thêm phomai que cùng mấy viên cá tẩm cốm, 2 đùi gà với trà sữa. Đến lúc ăn xong tính tiền, e nhân viên kêu 83k. Mình trố mắt hỏi lại có tính nhầm ko chứ thực ra bọn mình ăn hơi nhiều. Sau đó e phục vụ có lấy giấy bút ra ghi những món mình ăn và tính tiền. Đúng thiệt như vậy thì quá rẻ cho một bữa no căng bụng. Thích nhất là ngồi chờ chiên lên ăn nóng giòn.
Mà không ưa là hết sớm quá. Có lẽ sẽ tiếp tục ủng hộ.Xem thêm",52
449,Bảo Ân Trần Ngọc,27/3/2017 11:19,9.2,"Theo một số bài review mới đây được đăng tải về cữa hàng One Minute Saigon, sáng nay mình cũng ra dùng thử 1 vài sản phẩm. Mình có mua một combo sushi + trà sữa matcha và 1 phần đùi gà chiên, vậy mà tính tiền ra chỉ hết 33k thôi. Khi tính tiền mình có hơi bất ngờ vì giá sản phẩm rẽ hơn mình nghĩ cơ. Giá rẽ thế mà chất lượng sản phẩm thì tốt khỏi phải chê luôn. Sushi cuốn nhìn hấp dẫn, có rau củ, xúc xích và cả trứng bên trong nhìn là muốn ăn ngay. Mình ăn mà quên cả chụp hình. :D :D :D. Còn về phần đùi gà, bột chiên vàng, giòn rất hấp dẫn, nhưng khi ăn thì phần thịt bên trong chín vừa tới, không bị khô ăn rất ngon nhưng không bị ngán. À quên, còn về phần phục vụ, các bạn nhân viên ở đây rất tận tình và chu đáo, lại còn dễ thương, lúc nào cũng cười rất tươi, nhìn rất có thiện cảm. không gian thì thoáng, sạch sẽ, nền được đỗ bê tông rất sạch. Nếu có thời gian các bạn hãy cứ ghé thăm cửa hàng One Minute Saigon. Chắc chắn bạn sẽ không phải thất vọng.Xem thêm",52
450,Chthnh5476,23/3/2017 21:02,10,"Có dịp mình đi ngang qua đường Hồ Bá Phấn gần trạm y tế dự phòng, trong lúc đói mình thấy quán và đã ghé vào đó mua 1 phần sushi vs trà sữa chỉ có 17k. Mình ăn thử và thấy sushi ở làm rất ngon, còn trà sữa thì đậm đà  uống rất đã mà giá lại rất là bình dân. Mình ấn tượng nhất là phong cách phục vụ của quán rất là chuyên nghiệp, nhân viên ở quán rất là nhiệt tình, quán thì lại sạch sẽ, nhân viên ai nấy cũng trai xinh, gái đẹp ^^. Có dịp mình sẽ ghé lại quán và dùng thử mấy món khác.Xem thêm",52
451,Linh Nguyễn,23/3/2017 15:42,9.4,"Lần đầu tiên mình đến đây ăn là dịp trước Tết, ấn tượng của mình là 1 cửa hàng tuy nhỏ nhưng chuyên nghiệp và sạch sẽ, thức ăn rất bắt mắt, giá cả hợp lý. Sau khi mua ăn thử 1 vài món như Hamburger, xúc xích, đùi gà chiên… thì mình rất hài lòng và thỉnh thoảng lại đến ủng hộ cửa hàng tiếp.  Chúc các bạn bán tốt nhé.Xem thêm",52
452,Thành SeVen,3/4/2017 23:42,7.6,"Đã ghé 2 lần và cảm thấy rất hài lòng. Tuy nhiên món ăn  thấy ngon hơn lần trước, đặc biệt là phục vụ nhanh hơn hẳn. Chán nhất là đường hơi bụi nhưng nhìn sạch sẽXem thêm",52
453,Luffy Monkey D,1/4/2017 20:48,8.8,"Chỗ này mình đến được vài lần rồi. Sản phẩm chất lượng tốt, ngon. Đặc biệt là món hamburger bò. Hamburger ở đây mình ăn cảm thấy rất ngon. Điểm trừ duy nhất mình thấy ở đây là do đang làm đường nên khá nhiều bụi. Tuy nhiên các mặt khác đều rất là ổn.Xem thêm",52
454,Davidnguyenhoi,23/3/2017 17:26,7.4,"Sau khi ngồi buồn, mở máy lên xem, thấy gần nhà mình có fastfood, chạy ra thử nghiệm thì thấy đồ ăn ở đây giá tương đối bình dân, sạch sẽ, đội ngũ phục vụ nhiệt tình. Có lẽ sẽ ủng hộ dài dài.Xem thêm",52
455,Nguyễn Văn Bá,23/4/2017 12:29,8.8,"Mình mới thấy cửa hàng này hôm t2 vừa rồi. Hamburger ngon, nhân viên nhiệt tình, giá cả phải chăng. tuy nhiên không gian hơi hẹp.Xem thêm",52
456,Meo Cú,1/3/2017 21:44,4.8,"Hôm nay mình đi với bạn, vì quán nằm trong hẻm và mình đến lúc tầm trưa chiều nên quán chỉ có mình và bạn mình cùng 2 anh chị chủ cực đáng yêu.
Không gian nhỏ xinh, thích hợp cho những bạn thích chụp hình sống ảo. Có nhiều giá sách và các loại sách + truyện tranh, thích hợp để học bài. Nhưng chỗ để xe thì hơi hẹp, dắt xe lên thì được nhưng lúc dắt xuống thì hơi cực (đối với con gái).
Về thức uống: mình và bạn gọi 1 ly trà đào và 1 sinh tố việt quất, cũng tạm được, mỗi ly tầm 28k.
Sẽ còn quay lại.Xem thêm",53
457,Cao Phương,21/9/2016 15:57,8.2,"Quán yên tĩnh vì nằm trong hẻm, deco khá dễ chịu, nhân viên vui vẻ, thích hợp cho các bạn thích sự yên tĩnh. Lúc trước mình hay dẫn bạn qua đây chơi vừa nói chuyện vừa nghe aucostic chỉ cần cây đàn thôi là có ngay một không gian âm nhạc vừa đủ cho người nghe k cần loa hay dàn âm thanh ồn ào. Tiếc là nghe nhân viên báo lại là sau này k có aucostic nữa hơi buồn xíu.Xem thêm",53
458,Văn Thi,4/7/2016 20:56,9.0,"Mình đã đến nhiều quán cà phê sách nhưng một không gian thật sự yên tĩnh, tách riêng ra khỏi thế giới bên ngoài như Ellibro là để lại ấn tượng nhất.

Về thức uống: Mình chỉ cảm nhận được về cà phê thôi. Cà phê thơm hơn, đủ đắng để đúng với không trầm của quán. I love Coffee.
Về Giá: Rẻ nhất so với các quán từng đi.
Về không gian: Đắm chìm trong các trang sách nhờ không gian tĩnh.


Đánh giá: 9/10 ( Không gian là chiếm được 5đ luôn rồi )


P/s: MÌNH đến quán lúc cầm cái Nokia 1280 nên không chụp hình.Xem thêm",53
459,Seven Nguyen,4/7/2016 19:36,9.0,"Hôm trước đến quàn này làm việc, không gian khá ổn và đồ nước thì cũng ok lắm. Quán còn trang trí thêm nhiều sách cũng hữu ích lắm! Bạn nào chưa có ghé thì thử điiiiXem thêm",53
460,hutiumytho,4/7/2016 16:46,8.2,"Quán dễ thương, ấm cúng  thích hợp cho các bạn thích đọc sách hay học nhóm.  Đặc biệt có thể luyện tiếng anh, có bữa gặp chị chủ quán nhỏ con ngâm ngâm chém gió tiếng anh với chỉ. Lâu lâu có chơi nhạc hay giao lưu. Có phòng riêng để học nhóm hoặc hội họp, có sẵn LCD. Giá nước thì dễ chịu, thức uống cũng ngon. Nói chung là sẽ còn ghé nữa.Xem thêm",53
461,nguyen,4/7/2016 16:39,8.6,"Mình thấy không gian quán có nhiều khu vực rất hay, lý tưởng để hẹn hò - hội họp - tự kỉ 7 cấp độ akaka, thức uống làm ngon nhưng mình thích nhất vẫn là bánh mình bơ tỏi thơm lắm, còn mấy bạn phục vụ thì cũng vui vẻ dễ thương thấy vừa làm vừa tập nói tiếng anh vs nhau thấy hay lắm. Nói chung là ở khu vực này mà đc vậy là 8,5/10 rồi !

caphe sach yentinh vuiveXem thêm",53
462,Jin Jin,12/4/2018 17:08,6.0,"Quán nằm đối diện rạp BHD, ở tầng 4
Không gian bình thường vì nằm giữa sảnh, máy lạnh vincom thì mát mẻ. Quán thích hợp ngồi uống nước nói chuyện chờ chiếu phim.

Sữa chua dẻo thì ăn không ngon , không bằng sữa chua hộp vinamilk, chắc là quán tự làm, trà sữa socola uống ok.

So với giá gốc là 30-35k thì chất lượng không tương xứng lắm, nhưng vì quán ở vincom nên cũng hợp lí.Xem thêm",54
463,Thien Do,17/9/2017 21:04,6.6,"Dạo 1 vòng vincom khát nước lại đang thèm matcha nên bà chị kéo vô đây uống thử coi sao. Mình order 1 matcha, vị hơi lạt, không rõ mùi matcha lắm, chị mình uống socola, khá ổn. Không gian cũng nhỏ thôi, ngay phía trước rạp BHD, coi phim xong qua ngồi uống nước khá tiện. Giá cả thì 39k/ly, không quá mắc, so với mặt bằng chung ở vincom thì chấp nhận được, menu có từ trà sữa, đá xay, sữa chua cho đến kem, cafe. Trời nắng mà vô đây tránh nóng cũng được, nói chung là tạm ổn.Xem thêm",54
464,Phụng Trần,6/9/2017 18:05,9.0,"✨Đây là lần đâu mình uống ở đây, do nhận được mã khuyến mãi của Meete.

- Địa điểm: Rất dễ tìm. Trong Vincom Plaza Lê Văn Việt, tầng 4, đi thang máy nhà xe lên là thấy, giữ xe trong Vincom mất phí.
- Không gian quán: Quán nằm giữa con đường nên rất rộng rãi, thoáng mát, và view cũng không có, quán cũng không đông mấy.
- Nhân viên: Khá thân thiện. Tuy mình mua vì có mã khuyến mãi nhưng nhân viên vẫn nhiệt tình, làm nước nhanh, chờ chỉ mất tầm 1,2p .
- Chất lượng: Mình uống trà sữa socola kem. 
   +Kem: Do mình mang về nên 1 phần nào cũng bị tan. Nên còn khá ít, chỉ cảm nhận được vị beo béo của kem. 
   +Trà sữa socola thì vị socola khá rõ vị, có thể sánh với các loại trà sữa socola với nhưng hãng trà sữa Tawai hiện nay.
- Giá cả: Trà sữa socola giá gốc là 35k. Giá cũng sinh viên, phải chăng.Xem thêm",54
465,Air Lemon,10/10/2016 14:30,5.4,"Khi nào rảnh là mình lại chăm chăm ghé Feeling tea để ăn sữa chua dẻo socola. Ăn miếng sữa chua mát lạnh, có tí vị bột socola nữa thì thích quá đi. :d có sữa chua dẻo với hoa quả nữa, nhưng mình thích ăn miếng sữa chua nên đam mê sữa chua socola hơn. Chị gái mình thì rất thích trà đào. Miếng đào ở đây ăn tươi, ngọt, thơm và dai nữa. Ăn cũng rất là thích ""mình toàn ăn ké phần của chị vì mình gọi sữa chua dẻo hoặc trà vải rồi ))))"" Trà vải cũng ko kém chất lượng đâu. Ăn miếng trái vải to chả đã, thơm ngon lắm. Ta nói là đã cái miệng (y)
Nhưng bữa trước trà sữa feeling tea bị lên ti vi do nguyên liệu làm trà sữa ko rõ ràng ấy, mọi người nên đọc thông tin và chú ý hơn.Xem thêm",54
466,Ngọc Thạch Đoàn,27/8/2016 0:12,6.6,Do đang bận nên ghé vào quán để uống trà nên khôv chú ý đến lắm. Nhân viên phục vụ bình thường. Mà order gì hầu như không có. Nên cả nhóm uống hết trà đào. Không ấn tượng lắm với đồ uốngXem thêm,54
467,Thanh Vy,19/4/2016 20:57,7.0,"- Vị trí cửa hàng đối diện rạp phim BHD, mình đi ngày thường vào buổi trưa thì thấy vắng. Lúc đó mình cũng thèm trà sữa Thái nên ghé vào.
- Mình và bạn mình order: 2 ly trà sữa Thái đỏ thêm thạch trà xanh, 1 trà sữa Thái xanh. Trà sữa Thái xanh bạn mình nói không thích. Trà sữa Thái đỏ của mình ổn, thạch trà xanh chắc là homemade nhưng mềm mềm kiểu sương sâm.
- Nhân viên thì mình thấy anh nhận order thân thiện, 2 bạn còn lại ở quầy mình không chú ý lắm!Xem thêm",54
468,Thảo Vi,4/4/2016 17:10,4.4,"Cafe socola y như milô gói !
Nhân viên pha chế mặt như khách là ăn xin, nhăn nhó khó chịu.  
Đc mỗi bạn order dễ thương thôi.
View đẹp mà k b tận dụng, bàn ghế chật cứng.
Sẽ không quay lại !Xem thêm",54
469,NGỌC,2/4/2016 15:01,5.0,"Chố này vị trí tốt, đối diện rạp BHD mà sao họ không biết tận dụng nó nhỉ?
Không gian hơi hẹp, bàn ghế chiếm hết lối đi.
Nước không được ngon so với cái giá của nó lắm. Mình gọi hai yogurt đá, một bạc sĩu ít đá. Họ có ghi note, không hiểu sao lúc mang ra vẫn nhiều đá.
Yogurt đá pha nhạt, điều làm mình thất vọng nhất là trong nước có hạt chanh. Mình đã chụp hình lại, các bạn có thể xem.
Ngày khai trương khách đông nên không gian quán hơi ồn và chật. Mình hiểu nhân viên làm việc mệt nhưng order theo kiểu không muốn tiếp khách vậy. Lúc mang nước ra thái độ cũng không gì là thân thiện. 
Thiệt là thất vọng!Xem thêm",54
470,Thanh Vy,13/9/2020 23:43,8.0,"- Lâu lâu thèm bánh tráng trộn muối, sa tế, rau răm, xoài, tắc cơ bản thì có chỗ này bán nè mọi người. 1 bịch như vầy chỉ có 10k thôi. Trộn cơ bản nên mình không lấy khô, ruốc hay trứng cút. À trong bịch còn có 1 ít tóp mỡ nữa á!
- Ở đây còn bán thêm hủ tiếu, nui, bánh canh các loại nữa. Chỉ 25k thôi à.Xem thêm",55
471,Thanh Vy,5/9/2020 23:08,8.0,"Dạo này mình ghé quán khá thường xuyên. Hôm nay đổi món gọi hủ tiếu khô. 25k cho 1 tô, mấy món khác cũng đồng giá à. Hủ tiếu không trộn sốt gì hết, đem ra mình tự nêm theo ý thích. Mình thích bỏ nhiều sa tế và tương phở cho ngon, thêm chút xíu nước tương nữa.Xem thêm",55
472,Thanh Vy,3/9/2020 22:36,8.0,"Nay mình quay lại thử bột chiên của quán, ăn cũng được á. Phần bột chiên 2 trứng chỉ 20k thôi. Bánh tráng trộn thì 10-20k cho 1 bịch. Mình ăn bột chiên rồi nên chỉ gọi bịch 10k thôi.Xem thêm",55
473,Thanh Vy,31/8/2020 21:59,8.2,"- Chiều chiều không biết ăn gì thì mình hay ra đây ăn, mình thấy rẻ và ngon. Mình gọi 1 tô nui lấy thịt, ngoài ra còn có mọc, xương... tuỳ mọi người chọn. 
- Nước soup ngọt, dễ ăn. Mình thì thích ăn cay nên ở đây gia vị khá đúng ý mình. Nào là ớt khô, ớt sa tế, ớt cắt khoanh, ớt xay, ớt ngâm nước mắm, tương ớt... bạn nào thích ăn cay như mình chắc sẽ thích. Tô như hình chỉ 25k thôi mọi người, con gái ăn vừa đủ no. À dạo này quán bán thêm bột chiên nữa mọi người, mà bột chiên thì mình hay ăn quán bên cạnh hơn.Xem thêm",55
474,Thanh Vy,5/8/2020 13:43,8.0,"- Đi ăn trong mùa dịch nên quán không có bàn ngồi trong nhà như trước, nay quán bán thêm bột chiên nữa. Mình thì hay ăn bột chiên quán bên cạnh hơn. Vì dịch covid 19 nên cô chú bán đều mang khẩu trang hết. 
- Mình gọi 1 bún mọc, thêm 1 bịch bánh tráng trộn, lúc tính tiền chỉ có 35k thui. Bún mọc ăn ổn, vài lát thịt nạc + viên mọc (viên mọc nhỏ thôi nhen). Gia vị trên bàn đầy đủ, ớt khô, sa tế, ớt ngâm nước mắm, ớt xắt lát, tương ớt, tương đen, nước mắm, nước tương, mắm tôm, chanh..... nói chung là đầy đủ nêm theo khẩu vị tuỳ thích. À mà rau ăn kèm bún mọc là rau muống bào và giá nhé, cô chú sẽ hỏi bạn ăn rau sống hay trụng luôn! 
- Bánh tráng ăn ok, dẻo dẻo, mình thích báng tráng dẻo giống vậy hơn mấy loại bánh tráng trộn mà mềm èo oặt ra ấy.Xem thêm",55
475,Thanh Vy,5/7/2020 20:58,7.8,"Mình hay ăn nui với hủ tiếu khô ở đây. Một tô bây giờ cỡ 25k á. Nui nhỏ dễ ăn. Hủ tiếu khô ở đây không cho gia vị, mình tự nêm gia vị vào, có nước tương, tương đen, sa tế, tương ớt, chanh ớt.... đầy đủ. Tự nêm dễ ăn theo khẩu vị mình muốn. Ở đây cũng bán bánh tráng trộn nữa, ăn ok luôn.Xem thêm",55
476,Tuấn Ruby,17/2/2019 21:34,8.0,Trà sữa ngon nhưng không phải quá xuất sắc. Quán phòng kín nhưng hình như không có máy lạnh. Nhân viên vui vẻ thái độ tốt.Xem thêm,56
477,Thanh Trà Phạm,16/12/2018 19:50,9.0,"Quán ok, sạch sẽ sáng sủa. Nhân viên dễ thương, tư vấn nước hợp với khẩu vị khách. Có bảo vệ giữ xe nha. Nước ngon giá ổn. Mình uống lục trà cam đào dâu tây 30% đường, k ngọt, ly lớn giá 34k. Pha nước  cũng nhanh. Mỗi cái là mở nhạc ko hợp gu mình lắm :DXem thêm",56
478,Phương Hoàng,29/11/2018 1:26,8.4,"Quán đẹp toàn diện từ trong ra ngoài, kiểu nào cũng lựa được 1 góc đẹp ngồi học hành, làm việc. Nước uống decor bắt mắt giá cũng okie nè. Chế nào muốn tìm không gian thư giãn, có sẵn sách hay thì cứ đến đây nha.Xem thêm",56
479,Diễm Trịnh,29/4/2018 14:49,4.8,"Phục vụ vui vẻ,  trà sữa thơm, béo. Trà trái cây vị hơi lạ
Có điều hôm mình tới thì khách hơi ồn quáXem thêm",56
480,lê,28/3/2018 21:59,7.4,Trà hoa đâu biếc nhìn màu cưng chưa kìaXem thêm,56
481,Bích Phương,17/2/2018 19:23,7.0,"Quán mới mở, không gian buổi sáng yên tĩnh dễ chịu, decor chưa đẹp lắm, quán vẫn còn hơi sơ xài và trống.
Của mình là 1 ly hồng trà vải kem cheese. Kem cheese ngon nhưng mix với vải cứ kì kì. Chắc tại ko hợp khẩu vị của mình. 
Giá tạm ổn, không cao cũng ko thấp, so với khu vực này thì phù hợp.Xem thêm",56
482,Tí Tíc,12/7/2018 1:24,9.8,"Rất thích trà sữa ở đây không gian thật thoải chất lượng thì quá ok , nhân viên phục vụ tận tìnhXem thêm",57
483,Trương Nhật Bảo Nhi,21/3/2018 22:51,8.6,"Ko biết sao hồi xưa biết quán anh này nữa, hình như đi ngang thấy xe trà sữa sạch sẽ gọn gàng nên mua thử, ghiền tới giờ. Uống quán anh từ hồi anh còn bán ở ngoài, giờ anh chuyển vô nhà rồi. Từ Lê Văn Việt rẽ vô Đình Phong Phú, quán ở tay trái. Mới biết quán có trang Foody, vô bình luận một cái. Anh chủ + chị vợ hiền, lịch sự vui tính nè. Xe trà sữa gọn sạch lắm. Đồ gì tự làm hết đó. Mình hay uống trà sữa truyền thống trân châu + ts matcha trân châu. Vừa miệng, thơm, ko ngọt gắt, ko bị xỉu hay chóng mặt đâu (có mấy chỗ nhà làm bán mà pha ngọt buốt óc uống vô muốn xỉu). Bánh flan, mấy loại thạch phomai ngon. Bạn mình uống trà đào khen ngon, nhiều miếng đào. Uống nhiều lắm mà ít khi chụp hình lại. Ly bự uống no luôn. Trà chanh cũng thơm, chua ngọt vừa. Nói chung món nào cũng ngon. Quán có chỗ ngồi nữa mà hơi ít bàn tại không gian phía trước cũng nhỏ nên đa số mình mua về. Giá thì tầm ~15k 25k thôi.Xem thêm",57
484,dang nguyen,30/6/2017 20:41,8.0,1 tháng rùi mới quay lại quán trà vẫn còn phong độ chán. Vẫn có khách ngồi thường xuyên. Trà ngon có khác.Xem thêm,57
485,dang nguyen,21/5/2017 19:54,9.0,"Một buổi tối sau cơn mưa chiều mát mẻ, hẹn bạn bè đến quán ngồi chém gió. Mình đến sớm nên chưa có ai tới cả. Nói chủ quán cho ngồi chờ chút thì được chủ quán cho 1 ly hồng trà free trong lúc chờ đợi đồng bọn. Mình tranh thủ chụp vài tấm hình diện mạo quán mới. Quán có không gian mới rộng rãi hơn chỗ cũ nhiều. Nhưng chủ quán lại không tăng giá, vẫn bán trà sữa với giá cũ. Chắc cam kết với phường không tăng giá trong mọi hoàn cảnh quá ha ha.Xem thêm",57
486,dang nguyen,30/3/2017 21:03,9.4,"Quán trà sữa Yummy rất gần gũi với các tín đồ ăn vặt đường phố. Anh chủ quán rất dễ thương và nói chuyện cực kỳ vui vẻ. Được biết một tay anh chủ quán làm hết tất cả từ nấu trà đến các thạch trái cây, hạt thủy tinh, hạt trân châu, thạch phô mai và bánh flan. oh, bánh flan rất ngon các bạn nhé. Các bạn sẽ thích mê cho xem. Giá cả rất hạt dẻ, chỉ từ 10k cho đến 15k. nếu bạn muốn một ly thật đặc biệt thì cũng chỉ 20k maximum thui. Hãy đến đây các bạn sẽ mê mệt anh chủ quán cho coi. ý nhầm, các bạn sẽ mê ly trà ngon tuyệt của anh chủ quán mới đúng. ^^Xem thêm",57
487,Jin Jin,1/9/2019 21:38,6.8,"Vị trí: quán nằm trong hẻm mà đầu hẻm là The Coffee House, tra gg map thì vẫn tìm được ko quá khó.

Không gian: quán rộng, có ngoài trời, phòng không máy lạnh và phòng có máy lạnh ở trên lầu.
Quán có nhiều góc sống ảo, thiết kế được chăm chút kĩ lưỡng.

Về nhân viên: thân thiện, nhiệt tình.

Về nước uống: ko ổn lắm, trân châu nấu chưa chín hay ủ kĩ, có nhiều hạt bị cứng, trà đào pha cũng ko ngon. 
Menu quán đa dạng, có cả kem.

Về giá cả: giá rất ok với không gian quán như vậy, chỉ tầm 25-30k

Quán ko mở nhạc trên lầu nên nói chuyện làm cảm giác cả phòng đều nghe 😂 chắc là khu yên tĩnh dành cho khách học bài chăng.

Quán thích hợp để tụ họp bạn bè, chụp hình sống ảo.Xem thêm",58
488,Thiện Ânn,6/6/2019 20:48,10,"Không gian rộng thoáng mát, phòng ốc sang trọng và lịch sự. Có những bức tranh cực đẹp, phù hợp để spotlight trên tầng 2 và tầng 3 của Quán đẹp ""lung linh"", ""lấp lánh"" .Xem thêm",58
489,Crisly Nguyễn,3/6/2019 22:37,9.4,"Quán gần Đại Học Văn Hóa, Cao Đẳng Kinh Tế Đối Ngoại, Cao đẳng giao thông vận tải, Cao đẳng kỹ nghệ...

Không gian decor xinh và đáng yêu gì đâu, nếu là con gái thì mê mẩn luôn, đồ uống ngon, kem ngọt ngào đủ vị, ăn rất đã.

Quan gần đại hoạc cao đẳng nên thu hút sinh viên đông, cuối tuần gia đình ngồi kín mít luôn, bạn nào thích ngắm trai ngắm gái ghé đây cũng được nè, kakak.

Ai chưa tìm được điểm đến chụp ảnh so deep các kiểu, chỗ này tha hồ mà sống ảo à nha.Xem thêm",58
490,May Nhu,3/6/2019 22:34,9.2,"Tạm xa rời những nơi một màu đơn điệu, nhàm chán, bạn tìm đến với CK Farm Coffee. Nơi bạn được vén lần lượt từng mảng màu rực rỡ để khám phá hết những sự thú vị. Ngay khi bên ngoài bước vào bạn được vô vàn những chiếc ô tai thỏ xanh, hồng, vàng, cam ùa lấy đón chào. 

Kế đến bên trong quán café là những bức tường họa tiết hoa cỏ sặc sỡ, phối cùng sắc trắng xanh tím, trắng kem của bàn ghế tạo nên tổng thể tươi sáng trẻ trung, cá tính. Chưa kể đồ uống không chỉ ngon mê ly mà chúng khiến bạn chết mê chết mệt bởi đầy màu sắc quá đỗi ngọt ngào, dễ thương.

Có thể nói CK Farm Café là nơi sắc màu thăng hoa. Nơi sẽ đem đến cho tâm hồn bạn sự bừng sáng diệu kỳ. Đến ngay nhé!Xem thêm",58
491,Xuân Lộc Lê,3/6/2019 22:32,9.0,"Quán cafe đúng bao đẹp luôn, nằm trong khu khá yên tĩnh ở quận 9. Thiết kế không gian đẹp, mát mẻ, chuẩn sống ảo, nhiều góc cho bạn chụp ảnh chất luôn. Up facebook bảo đảm bạn bè hỏi ngay địa chỉ.

Quán có 3 tầng, tầng nào cũng có nhiều góc sống ảo, quán có bán kem nữa. Trước quán có treo mấy ô dù đủ màu sắc trong thật xinh.

Cuối tuần rủ bạn bè hay gia đình đi uống thì ok lắm.Xem thêm",58
492,Nhat Pham,17/12/2018 18:52,10,Không gian đẹpXem thêm,59
493,Nhat Pham,14/12/2018 22:53,10,Không gian thoáng và giá hợp lýXem thêm,59
494,foodee_47922b0d,14/12/2018 20:28,9.8,Nước ép ổi xí muội thật thơm và ngon các bạn ơi ! Hãy dùng thử nếu có dịp ghé quán ! Coi chừng ghiền đó !!!Xem thêm,59
495,foodee_4a935be4,14/12/2018 20:21,9.8,Mình và bạn ghé quán này cũng mấy lần rồi. Mình thấy trà đào và đào cam sả quán pha rất vừa miệng.Xem thêm,59
496,foodee_43b11948,14/12/2018 19:24,10,"Đầu tiên mình thấy quán khá sang, hiện đại và phá cách. Bất ngờ khi mình và bạn bè gọi cà phê, soda, yaout và nước ép. Đồ uống ngon, vừa miệng và bất ngờ nhất là giá cà phê đá chỉ 13k, cà phê sữa 18k “giá ngang ngửa với cà phê vỉa hè mà chất lượng như coffee house mn ạ”.Xem thêm",59
497,nhorum,30/4/2019 23:00,9.6,"Đồ ăn tươi, thực đơn đa dạng, chế biến rất ngon và vệ sinh, không gian quán mát mẻ và sạch sẽ, có chỗ đậu xe hơi, rất thích hợp cho gia đình!Xem thêm",60
498,Scor Pio,2/4/2017 12:46,0,HeheXem thêm,60
499,Nu,12/9/2016 15:05,8.0,"Cuối tuần, mình và đồng bọn vi vu ra quận 9. Được người quen giới thiệu quán này, dạng sân vườn, đúng chất miền quê luôn, mát mẻ nữa. Mặc dù hơi xa với quận trung tâm nhưng đồ ăn ở đây không thua kém gì nhá.  Đầy đủ các món hết nhưng mình kết nhất món gà nướng, cực kỳ ngon, gia vị ướp vừa ăn, gà dai. Gà đây là gà thả vườn nhé, bọn mình kêu món  quán mới bắt gà làm. Mọi người có ghé thì nhớ thử món này nhé, không làm bạn thất vọng đâu. Giá cả cũng bình dân nữa. Mấy bạn nhân viên quán nhiệt tình hết sức. Có cơ hội bọn mình sẽ quay lại để thử những món khác.Xem thêm",60
500,Linda Luu,5/8/2016 17:23,8.0,"Cuối tuần team mình đổi gió ra quận 9 ăn uống. Dù xa nhưng được bạn giới thiệu là quán này ngon, thoáng mát và bình dị nên đi thử. Đúng là bình dị thật, giống như ở quê ấy.
Món ăn cũng ngon, mình đặc biệt thích 2 món ở đây gà nướng và bò chiên giòn. Hai món này tìm ở quán khác không có đâu nha (theo những quán mình từng đi). Gà ở đây đúng gà ta thả vườn nha. Thịt dai chứ không bở như nhiều chỗ khác. Thịt ngọt tự nhiên, không phải hàng đông lạnh, ướt gia vị cũng rất vừa ăn.
Món bò chiên giòn nghe lạ nhưng cũng ngon, bò tẳm bọt chiên thôi, có khoai môn đi kèm nữa.
Mấy bạn nhân viên ở đây cũng rất dễ thương và nhiệt tình. Có dịp sẽ ghé lại thử món khác vì nghe anh chủ giới thiệu còn nhiều món hấp dẫn lắm.Xem thêm",60
501,Thành Lê,11/7/2016 23:13,8.2,"Cuối tuần cùng mấy đồng nghiệp rủ nhau đi ăn uống, do chán không khí ngột ngạt trong thành phố muốn đổi gió nên anh bạn làm chung giới thiệu quán này. Phải nói là đi xa không uổng công vì nhà mình tận Bình Tân.
Không gian: mát mẻ, thoáng nữa, ngồi nhậu buổi trưa mà gió thổi là vi vu luôn do có cây xanh trong khuôn viên quán khá nhiều.
Món ăn: các món làm rất vừa miệng, đặc biệt mình thích món gà nướng ở đây ăn ngon cực, bạn nào ghé quán nên thử món này nhe, còn cả món bò chiên giòn nghe lạ chưa ^ ^
Giá cả: giá quá mềm luôn thích hợp cho nhóm bạn đi chơi nha
Phục vụ: nhanh nhẹn, dễ thương, mà còn nữa anh chủ quán rất dễ thương thăm hỏi khách món ăn thế nào này kia, nói chuyện cũng vui nữa
Có cơ hội sẽ ghé quán nữa.Xem thêm",60
502,Le Pham,8/7/2016 11:20,7.8,"Vào đây đúng là ấn tượng, không gian vô cùng mát mẽ khỏi cần quạt vì hưởng gió tự nhiên, món ăn dành cho gia đình, nhóm ăn nhậu, set cá đuối ngon đến miếng cuối cùng, gà ta nướng thơm phức, cơm chiên thì ... Vừa tả lại vừa nuốt nước miếng ực ực nè. Giá cả không phải bình dân mà quá bình dân gia đình cứ đòi đi ăn hoài.Xem thêm",60
503,Trâm Anh Đỗ Ngọc,29/8/2020 21:25,3.6,"Mình đã ăn ở đây mấy lần nhưng hôm nay thì ức chế thật sự. Gọi món cơm chiên cá mặn, cả nhà ăn được 1 nửa thì mới phát hiện trong nồi đất đó có con ruồi khá lớn, gọi nhân viên lại thì cũng chỉ đem ra 1 nồi đất khác cho nhà mình, ít nhất cũng phải nhận đc 1 lời xin lỗi từ quản lý chứ? Mấy bạn nhân viên chỉ có trách nhiệm đem ra nên k thể trách được, nhưng đầu bếp làm ăn quá ẩu! Khi nhà mình gọi thanh toán thì lại đem dĩa trái cây ra để bù nồi cơm có ruồi, thật sự dĩa trái cây không bao nhiêu cả, đúng ra thì phải miễn phí tiền cơm chứ? Trước khi nhân viên đem nồi mới ra thì nhà mình đã nói trước là ko ăn cơm nữa rồi nhưng vẫn đem ra! Đã rất nhiều lần xảy ra trường hợp k vệ sinh chén bát kĩ càng, lần thì có c*t thằn lằn trong ly, lần thì trong chén, có khi có cả muỗi trong nồi lẩu nữa! Quá tệ!Xem thêm",61
504,Nguyen Thuy Dung,28/5/2020 14:49,1.0,"QUÁ TỆ
Hệ thống nhà hàng rất tệ. Bên cty mình đi ăn và xuất hoá đơn ở đây, nhưng phía nhà hàng lại charge thêm 2% phí thẻ visa. Mình có yêu cầu nhà hàng giải thích và xuất lại hoá đơn đúng với số tiền mà bên mình sử dụng nhưng bế đó 1.2 không xuất lại
Đã charge thêm phí của khách hàng, không thông báo trước cho khách hàng rồi còn k chịu xuất lại hoá đơn. Mình chưa nói tới bên đó đang làm sai quy định bên ngân hàngXem thêm",61
505,Pooh Luv Food,18/3/2019 16:44,7.0,"- Không gian: rộng rãi, thoáng mát. Ngồi bên trong sẽ đỡ bị ồn tiếng xe hơn. Tuy nhiên vệ sinh hơi kém, chủ yếu do 1 số khách đến ăn xả rác rồi làm đổ đồ ăn mà quán đông nhân viên chưa kịp dọn dẹp, sàn nhà dính dính và trơn rất nguy hiểm.
- Chất lượng: mình kết cá tai tượng chiên xù ở đây, mỗi tội hôm mình đến ăn là ngày lễ nên rau sống ăn kèm bị thiếu tùm lum, lẩu thì thấy cũng bình thường.
- Phục vụ: cũng tạm ổn, thân thiện, lúc quán đông thì tốc độ phục vụ khá chậm.Xem thêm",61
506,Mỹ Hạnh,18/9/2018 14:12,7.2,"Quán giá bình dân 
Nhân viên phục vụ tốt nhiệt tình
Không gian thoáng mátXem thêm",61
507,tranthituyetsuong,14/1/2018 14:12,9.0,"Ở đây cũng ngon giá ổn , mà phục vụ hơi chậmXem thêm",61
508,Tùng Kop,3/12/2017 23:19,7.6,"Quán biển dễ nhìn, ngay trên đường Đỗ Xuân Hợp, Quận 9.

Các món ăn làm rất ngon và chu đáo.

Không gian quán hơi ồn vì các bàn kê tương đối sát nhau. Không được thoáng mát cho lắm. 

Phục vụ ở mức trung bình.Xem thêm",61
509,Black Jack,28/2/2015 19:28,7.6,"Quán mới mở được khoảng 3 tháng khá rộng rãi, món ăn ở đây lên hơi chậm nên mình gọi có 3 món, về chất lượng cũng khá ok nhất là món chân gà và vú dê nướng, giá ở cũng mềm 3 người ăn uống hết khoảng 300k, phục vụ khá chu đáo chỉ có điều lên món chậm.Xem thêm",61
510,Y Nghia Cuoc Song,20/4/2017 12:37,8.2,"Nghe bạn giới thiệu lâu rồi nhưng hôm qua mới thử, đúng là ngon thiệt :3
Quán đến ăn một lần là ghiền. Lẩu dê thì khỏi nói rồi, ngon cực luôn. Mình thích nhất khoai môn của quán, bùi bùi rất ngon. Lẩu dê ngon, nước ngọt thanh, đậm đà, thịt dê mềm chấm chao ăn với mì hết sẩy luôn. Bẹ sữa nướng và thịt nướng thì mềm, ướp rất vừa ăn.
Các bạn phục vụ rất nhiệt tình, lịch sự
Quán có cả hệ thống phun sương nên khá mát nha.
Mình không chụp nhìu hình nên lấy thêm mấy ảnh của quán đăng lun
Nhìn cái mẹt dê với mẹt gà hấp dẫn quá bữa sau phải tới ghé thửXem thêm",62
511,Trâm Thùy,20/4/2017 12:10,8.6,"Hôm qua có dịp cùng anh em trong công ty đi liên hoan, khoảng 50 người
Mọi người ăn uống hả hê, rất vui. Món ăn ở đây khá ngon Mình gọi mấy cái mẹt dê, mẹt gà, bẹ sữa nướng, sườn nướng, hấp tía tô, còn có đùi dê hầm rượu vang món lạ nhưng mà rất ngon có mùi thơm của dê và rượu vang hòa quyện vào nhau thật tuyệt, cuối cùng là món cà ri dê vị béo béo, thơm thơm, ngọt ngọt rất ngon, mình bị nghiền món này rồi
Dù hơi đông nhưng các bạn nhân viên phục vụ rất nhiệt tình.
Giá cả ổn ơn chỗ khác rất nhìuXem thêm",62
512,Trang Nguyễn,19/4/2017 14:58,7.4,"Quán lẩu dê ngon nhất mà mình từng ăn!
Hôm qua mình cùng gia đình khoảng 10 người ghé quán ăn lẩu dê tại đây !!! Vào thấy không gian quán thoáng mát nv cũng nhiệt tình .. 
Vào gọi món mình chỉ có ý định ăn dê nhưng được nhân viên order giới thiệu GÀ DÊ TÂY NGUYÊN nghe có vẻ ngon nên mình gọi thêm món MẸT GÀ để ăn thử và thấy rất 👌🏻👌🏻
Sẽ quay lại và ủng hộ quánXem thêm",62
513,Trang Nguyễn,19/4/2017 0:58,8.2,"Món ăn khá ngon, bữa mình ghé qua có ăn món dê áp củ nén nấm kim châm với dê xối xả ăn thấy khá ngon và hơi lạ miệng. Giá cả thấy được hơn những quán khác 47k/ lạngXem thêm",62
514,Thuý Hằng Trần Thị,19/4/2017 0:44,8.2,"Mình có ghé quán 2 lần, quán ăn rất ngon, đặc biệt món cà ri dê, giả cầy và dê xối xả ăn rất hợp khẩu vị. Mình sẽ tiếp tục ủng hộ quán.Xem thêm",62
515,Vannie  Vo,8/8/2016 11:24,4.8,"Công ty mình ăn liên hoan trưa chủ nhật ở đây, ấn tượng đầu tiên là quán có không gian rất rộng và vì có nhiều cây xanh quanh khu vực mình ngồi nên mặc dù trưa mà vẫn có gió mát. Tụi mình đi 15 người, gọi các món: bò tơ nướng y (98k), dê xối sả, thịt heo nướng ăn kèm kim chi, cơm chiên hải sản, cơm chiên cá mặn, ngọn susu xào tỏi, bê thui, ếch chiên giòn và mì xào hải sản. Thịt bò nướng ngọt nhưng quá dai, thịt heo chiên bị giòn, nhai hơi nhức răng, cơm chiên cũng ko có gì đặc sắc. Chắc một phần do giá cũng rẻ nên chất lượng đồ ăn chỉ tới đó. Chỉ ấn tượng với món ngọn susu xào tỏi, có vẻ như đây là 1 ""đặc sản"" của quán, vì món khá lạ mà ăn rất  vừa miệng, lại cũng rẻ, hình như 1 đĩa bự chà bá có 30k hay 27k gì đó. Nhưng sẽ không quay lại ^^, bill 15 người ăn là 1479k, quá rẻ cho 1 bữa nhậu tưng bừng.

ps: giữ xe miễn phíXem thêm",63
516,trung nguyễn thành,3/8/2016 23:23,8.6,"Trời mưa, lại đi ngang đây nên ghé vào luôn. Vào quán gọi 3 món: Gân bò xào sa tế, sò huyết xào tỏi, đậu hủ chiên sả.
Đánh giá:
- Gân bò xào ngon, thấm, vừa miệng.
- Sò huyết xào vừa tới, gia vị thấm, ngon.
- Đậu hủ thì ko ngon, chiên ko giòn, sả cũng nguội ngắt.
- Giữ xe miễn phí.
- Phục vụ nhiệt tình.
- Gía cả cực rẻ.
- Không gian rộng, thoáng, nhưng do trời mưa nên nhìn hơi nhếch nhác.
Up menu cho ae tham khảo.Xem thêm",63
517,Như Huỳnh,7/6/2016 7:20,8.2,"Quán này rẻ. Đông nhưng nhân viên dc cái tận tình lắm.
Chỗ ngồi rộng rãi thoáng.
Vị trí dễ tìm, ko khó.
Đồăn ngon lắm. Đi 3 ng mà ăn no ứ hự.
Ủng hộ dài dài luôXem thêm",63
518,Nhật Linh Trần Hoàng,15/5/2016 22:37,7.6,"Có dịp đi cộng đồng ở trạm y tế phường Hiệp Phú nên tụi mình ghé vào đây làm một đợt tổng kết cuối kì.
Quán rộng lắm, ngồi ngoài trời thoáng mát, bàn ghế sạch sẽ, cũng không sợ mưa vì có bạt kéo trên đầu nữa.
Lên món thì lâu dã man con ngan luôn, ngồi đợi mòn mỏi, cũng có thể do nhóm mình phá mồi nhanh quá he he. Giá cả ở q9 thì thôi rẻ quá trời rồi, hầu như có thể gọi các món giá dưới 50k, ăn no nê ngon lành. Mình thích món gỏi xoài khô sặc, cực kì thấm luôn, riêng món sườn nướng thì lại rất dở, thịt dai, ướp không ngonXem thêm",63
519,ngoc nguyen,12/7/2015 19:29,7.0,"Quán có không gian rộng rãi, có chồi và ngoài sân (ngoài sân có bạc kéo để phòng khi trời mưa)
Mình đi cùng bạn vào chủ nhật nên khách khá đông, nhưng phục vụ nhanh, gọi món không phải đợi lâu...
Có giữ xe trước cửa, miễn phí nhé...
Đồ ăn tương đối được, giá cả hợp lý, thực đơn phong phú...
Nói chung quán thích hợp để tụ tập bạn bè, gia đình vào cuối tuần...Xem thêm",63
520,Diệu Thanh Nguyễn,28/11/2018 18:13,8.0,"Đồ uống rất ngon, nhân viên phục vụ tốt thân thiện. Nói chung tuyệt vời 😚Xem thêm",64
521,Thế Việt Nguyễn,12/11/2018 12:09,10,"Quán view đẹp... Đồ uống ngon.. Nv nhiệt tình, thân thiện, trai sinh gái đẹp.... Sẽ ghé để ủng hộ quán tiếp...Xem thêm",64
522,Định Hùynh,12/11/2018 12:05,10,"Quán đồ uống rất ngon, không gian thoáng mát, nhân viên tận tình, m.n nên ghé thửXem thêm",64
523,Thuu Hàà,12/11/2018 11:59,10,❤❤❤❤Xem thêm,64
524,Hiếu Phạm Văn,12/11/2018 11:54,10,"Quán đồ uống ngon, nhân viên nhiệt tình, không gian đẹpXem thêm",64
525,Thanh Vy,20/1/2021 21:49,8.2,"- Không biết có ai review quán này ngoài mình hem nữa. Quán chỉ có ship trên app Gojek thôi à. Mà mình đặt quá trời quá đất sao quán còn chưa lên được quán yêu thích để được freeship nữa, tiền ship 24k mắc hơn bịch bánh tráng, huhu.
- Bánh tráng vẫn đồng giá 18k/phần nha. Mắc nhất là bánh tráng thịt băm tóp mỡ là 25k. Quán nằm gần trường cấp 1 cấp 2 nên cỡ 16h - 17h quán đông lắm, mấy anh Gojek hay huỷ đơn của mình vì kêu là đợi lâu. Đặt từ 13h - 15h là ổn. Trên hình là bánh tráng mỡ hành, bánh tráng chiên, bánh tráng cuốn, đều 18k hết. Đặc biệt là ở đây xài khô gà, đỡ sợ hàng giả hơn khô mực hoặc khô bò.Xem thêm",65
526,Thanh Vy,13/1/2021 0:17,8.2,"- Tiệm bánh tráng yêu thích của mình và cả mấy anh chị em đồng nghiệp trong công ty. Bình thường mình hay tới quán mua. Nay đặt trên Gojek. Quán chỉ có trên app Gojek thôi nhen mọi người. Ngặt nỗi phí ship tới 24k, hơn cả tiền bánh tráng.
- Bánh tráng đồng giá 18k/phần. Mắc nhất là bánh tráng thịt băm tóp mỡ 25k/phần. Trong hình là bánh tráng chiên. Nhân giống bánh tráng cuốn bình thường, chỉ có cuốn xong rồi đem chiên lên, chấm sốt me. Ai muốn ngon hơn ghi chú hoặc dặn cô bỏ thêm sa tế vào sốt me, vì sa tế nhà làm nên ít cay và thơm nữa. 13h chiều là quán mở rồi nha.Xem thêm",65
527,Meo Cú,5/12/2020 8:30,8.6,"• Được nhỏ bạn dắt đi ăn bánh tráng ổn quá ổn nên ghé lại để ăn lẩu

• Mình gọi 1 combo lẩu 2 người, 1 thịt bằm tóp mỡ, 1 bánh tráng chiên sốt me, 1 bánh bao pate chà bông. 193k 3 đứa ăn no nê quên lối về. Các món đều ngon, đậm vị

• Không gian dạng vỉa hè nhưng bàn khá rộng, các cô phục vụ dễ thương, nhiệt tình

• Sẽ quay lại.Xem thêm",65
528,Meo Cú,14/11/2020 23:47,8.2,"• Nằm trên mặt tiền đường số 9, khá dễ thấy, nhưng chỗ để xe không có, khách để ven vỉa hè.

• Mình được bạn dẫn đi, bạn mình thì rành nên gọi món luôn. Tụi mình gọi 1 bánh tráng cuốn chấm sốt me, 1 tóp mỡ thịt bằm, 1 bánh mì pate sữa chiên và 1 trà tắc. Nói chung các món đều rất ngon, giá cả phải chăng, tổng chỉ có khoảng 51k thì phải.

• Không gian vỉa hè, ngồi san sát.

• Các cô nhân viên thân thiện và niềm nở

• Sẽ quay lại.Xem thêm",65
529,Thanh Vy,27/9/2020 10:21,8.0,"- Cập nhật mới nhất là quán đã ngưng bán bánh mì nướng muối ớt rồi ạ. 
- Mình có đặt 3 món: bánh tráng chiên, bánh tráng mỡ hành ( đồng giá 18k ) và bánh tráng thịt băm tóp mỡ (25k). Bánh tráng chiên giòn giòn, nhân ruốc và pate, ăn kèm xoài, rau răm, khô gà và sốt me. Bánh tráng mỡ hành có ruốc, mỡ hành, tóp mỡ và 1 xíu khô gà. Bánh tráng thịt băm là bánh tráng dẻo, đi kèm nhiều topping hơn, thịt băm cũng nhiều.Xem thêm",65
530,Thanh Vy,18/9/2020 23:18,8.2,"- Menu bánh tráng đồng giá 18k, trừ bánh tráng thịt bằm là 25k, bánh tráng tỏi 10k. Trong hình là bánh tráng chiên nha mọi người.
- Xiên que 5k - 15k tuỳ món.Quán  có cả lẩu nữa. Lẩu ko đặc biệt lắm nên mình thấy mấy món này chiên vẫn ngon hơn.Xem thêm",65
531,Thanh Vy,8/9/2020 19:06,8.2,"- Quán nằm ở đường số 9, đối diện là trường cấp 2 Phước Bình. Bán từ 15h, chiều ghé có nhiều học sinh tới ăn vặt lắm. Bánh tráng đồng giá 18k, riêng bánh tráng tỏi 10k, mắc nhất là bánh tráng thịt băm tóp mỡ 25k. 
- Mình hay ăn loại bánh tráng mỡ hành 18k, mình thấy món này ngon nhất trong menu. Nay đổi gọi thử bánh mì nướng muối ớt - 18k luôn. Hộp có 1 ổ bánh mì (phía trong có ít pate), chà bông, xúc xích cắt lát và mỡ hành. Bánh mì nướng giống những chỗ khác, mình xin cô thêm miếng sa tế chấm ăn ngon hơn hẳn.
- Ngoài bánh tráng, quán còn bán thêm đồ chiên và lẩu tự chọn nữa. Mình cũng ăn rồi, thấy không đặc biệt lắm, chỉ thích menu bánh tráng thôi.Xem thêm",65
532,Anh Lan,26/5/2020 21:12,8.6,"Kiểu do gần nhà nên mình đặt chứ không nghĩ trà sữa có gi đặc biệt ( mình ún loại full topping)
Nhưng lần đầu ún trà sữa vừa rẻ mà topping ngon chất lượng ghê, topping nhiều  loại mà ăn loại nào loại nấy rõ ràng, không quá ngọt

Trà sữa không có chọn được lượng đường mà ún khá đậm vị và khá ngon và không bị ngọt quá
Giá rẻ
Nên mình ưng ghê ủng hộ dài dài
Và mong tiệm mà có thêm size lớn hơnXem thêm",66
533,Vi Trần Minh,24/3/2020 12:24,10,Quán trang trí đẹp mê hồn luôn. Check in xong ai cũng hỏi chỗ đi check in theo. Mê nhất cái món thạch cô chủ quán chính tay làm. Ngon tuyệt cú mèo meo meo ... sẽ luôn ủng hộXem thêm,66
534,Beken Nhi,18/3/2020 20:40,10,View hồng chụp hình sống ảo. Bonus trà sữa đậm đà mà lại hợp lý giá cả nữa. Ai ở quận 9 qua đây uống đảm bảo ngiềnXem thêm,66
535,Phạm Khanh,16/3/2020 16:39,10,"Quán siêu xinh, đồ uống ngon thật ngon, giá cả học sinh sinh viên rất phải chăn, có nhìu ưu đãi cho nhìu dịp lễ lớn nhỏ, hợp lí cho các cặp đôi yêu nhau, cách bạn trẻ yêu thích cái đẹp yêu thích màu hồng và đặt biệt là thích chụp hình... các bạn sẽ không phải hối hận khi đến đây vì quán cái gì cũng tốt hết. Trời nonhs bức thì hãy tìm đến khôg gian xinh xắn của quán, quán sẽ đem lại cho các bạn cảm giác mát mẽ dễ chịu... HÃY ĐẾN ỦNG HỘ QUÁN NHA CÁC BẠNXem thêm",66
536,Nhhuyn256,16/3/2020 16:37,10,"Quán nằm ở vị trí dễ tìm, không gian đẹp đẽ thoáng mát, anh chị chủ quán rất dễ thương và nhiệt tình
Đồ uống ở đây cũng rất ngon. Mình đã ghé nhiều lần và rất thích TRÀ XOÀI CAM VÀNG HẠT CHIA cũng như là TRÀ SỮA FULL TOPPING.
Quán rất tốt mình sẽ ghé lại nhiều lần 😍Xem thêm",66
537,trung vũ,28/9/2022 17:17,10,AbcXem thêm,67
538,Ngoc Bich,25/2/2018 11:29,4.0,Ăn ở quán cũng lâu rồi nhưng cảm thấy chất lượng của quán càng ngày càng tệ. Số lượng lẫn chất lượng giảm đáng kể từ ngày mới đến. Dù gần nhà nhưng đã hạn chế đi ăn ở đây vì chất lượng lẫn phục vụ.Xem thêm,67
539,__fuongbaotran,23/1/2017 23:19,7.8,"Mì ngon , nêm nếm vừa ăn , nếu bạn không thể ăn cay nhiều thì ăn cấp độ 1 là vừa rồi . Không gian nhỏ nhưng phục vụ không tận tình mấy . Nếu bạn chưa bao giờ ăn mì cay thì ở đây cũng đáng để thử lắm nha :>Xem thêm",67
540,Bảo Bảo,2/9/2016 5:15,1.8,Nói thật là nghe mấy bạn quảng cáo lố quá nên ghé ăn thử. Thất vọng tràn trề vì độ chua của kim chi. Chua quá mức. Khoanh mực như cọng thun cột tóc loại nhỏ nhỏ í. Ko hề có rau thơm ăn kèm. Quả thực ăn tô mì quá ngán. Phần combo thêm nước ngọt thì nước lạt lẽo như tan đá ra từ bao giờ vậy. Mình đi buổi sáng quán ko đông nhưng phục vụ mặt như đưa đám. Bó tay. Ko bao giờ quay lại. 🙅🙅🙅Xem thêm,67
541,Hồng Phúc Nguyễn,21/7/2016 15:32,9.0,"Điểm 10/10 
Mình đã ăn mì cay ở Naga, Sasin ...v..v nhưng từ khi ăn mì cay ở Susa thì mình bái bai mấy quán kia luôn.
Mì cay ở đây vị rất vừa, đồ ăn kèm đầy ụ, cực nhiều 👍🏼👍🏼 
Nhân viên thì theo mình là quán nào cũng có người nay người kia, người ta làm cả ngày mệt, quán đông nên có phục vụ k tốt lắm thì nên thông cảm xíu. Nhưng nhìn chung thì mình thấy nhân viên ở đây rất ok, thân thiện lắm 😄😄 Luôn nói cám ơn là thấy dễ thương ah ❤️❤️
Mình đi 2 người, dùng 2 phần thập cẩm và 2 trà đào. Ngoài mì cay còn có nhiều món ăn vặt khác nữa, nghe chị nhân viên quảng cáo toppoki có nhân phô-mai chính giữa hấp dẫn lắm mà mình no quá nên hẹn lần sau sẽ ăn thử 😋😋Xem thêm",67
542,QL,20/7/2016 14:05,7.8,"Quán này nằm ở khu này nên mấy bạn q9 hay thủ đức, q2 chú ý thử nha
Quán có món mì cay thập cẩm đầy ú ụ: có trứng gà nữa, thịt bò, tôm, mực, xúc xích, cá viên mà giá thì 45k thôi rẻ hơn nhiều chỗ khác nè.

tô bò ko hay hải sản thì 35k
Có tokbokki phô mai 25k à
Quán đang khuyến mãi trà sữa hay soda khi ăn mì thập cẩm.
Còn mua 5 mì tạng 1 nữa nè
này chăc rủ nguyên gia đình đi ăn cho có lợi heheXem thêm",67
543,Tuyết Mùa,19/11/2019 14:43,8.0,Mình là người dễ dãi nên là mình thấy ngon 👍.Xem thêm,68
544,ANNA,5/11/2019 22:16,9.6,"Nước ép nguyên chất, người sành uống sẽ cảm nhận. Sinh tố thì ít đá, dễ uốngXem thêm",68
545,Lần Anh,17/10/2019 12:08,9.4,"Sinh tố dưa gang hạt chia nghe nói đang hot. Đậm đà hương vị, cảm nhận ít đá, ngon.Xem thêm",68
546,ANNA,11/10/2019 22:54,9.0,Sinh tố dừa quá ngon.Xem thêm,68
547,Lần Anh,11/10/2019 22:47,9.0,"Sinh tố ngon, hấp dẫn, sẽ trở lạiXem thêm",68
548,Thị Thu Ngân Trần,10/3/2019 16:10,8.4,"Quán mới mở, nhưng được cái nhân viên rất nhiệt tình, món ăn ngon. Nhất là món cá chép giòn nướng muối ớt.Xem thêm",69
549,Tường Nguyễn,1/3/2019 8:29,9.4,"Biết tới quán do ông bạn đại học dẫn đi và sau đó đã dẫn anh em công ty đi 2-3 lần,  ấn tượng đầu tiên là không gian gần gũi thoáng mát thân thuộc như ở quê. Phục vụ thân thiện và các món hải sản ở đây rất tươi. Địa điểm đáng để anh em check in vào dịp cuối tuần đổi gióXem thêm",69
550,Hồ Phi Hải,28/2/2019 23:51,9.2,"Hom nay mình xuống vincity coi đất. Vô tình vào quán này. Mình rất ấn tượng với phong cách của quán. Sạch sẽ thoải mái từ bãi giữ xe, nhà vệ sinh tới các khu vực của quán. Đặc biệt món ăn rất ngon và có các món mình thích nữa mà giá lại phải chăng. Mình nhất định sẽ trở lại quán.Xem thêm",69
551,Huyen Anh Hoang,28/2/2019 23:30,10,"Không gian thoải mái, mát mẻ: Đồ ăn rất ngon, sẽ ghé lại nhiều nhiều nữaXem thêm",69
552,Vinh Nguyễn,26/4/2021 21:08,3.4,"Nay quay lại quán phục vụ ko vui vẻ, mình uống bia sài gòn lazer kêu ok, nhưng lúc sau phục vụ ra nói hết và muốn mình đổi bia. Lần trươc vào quán uống đc 1 thùng thì cũng hết và quán ko muốn phục vụ bia lazer nữa. Nhân viên ko nhiệt tình và có thái độ. Có voucher tặng mó thì phải đúng ngày (sai là mình ko đọc hdsd) nhưng cung cách phục vụ bia là ko hài lòng, nên sữ ko bao giờ quay lại nữa. Mình sẽ review quán 1 sao vì thái độ phục vụ.Xem thêm",70
553,Vinh Nguyễn,23/4/2021 9:50,6.6,"Món mắt cá ngừ ko đc đúng vị, lần đầu tiên có cà chua, xả, thơm, củ cải. Óc dê thì nhạt, sườn cọng dê thì quá ít so vs tầm giá. Bia hết ko muốn lấy thêm mà tư vấn khách dùng bia khác. Chốt sau cùng đc voucher tặng món, mong quán khắc phục. Cho 4 sao!!!!Xem thêm",70
554,Ngọc Thạch Đoàn,7/12/2019 7:07,7.4,"Đồ ăn làm nhanh, giá cả hợp lý, các món ăn ngon, hấp dẫn, quán rộng rãi.Xem thêm",70
555,foodee_r4v4sn0a,18/1/2019 21:33,9.0,"Rất tuyệt vời để tổ chức , liên hoan , sinh nhật , họp mặt gia đìnhXem thêm",70
556,BinhGolf.com Khoá Học Golf TPHCM,17/1/2019 8:20,9.6,Chủ quán nhiệt tình - nhiều món ăn ngon thích nhất món mắt cá ngừ đại dương! Nơi lý tưởng làm tất niên 2019Xem thêm,70
557,Vi,28/12/2018 12:38,8.4,Duyệt.Xem thêm,71
558,chôm chôm  Nguyễn,28/12/2018 10:06,9.0,"Đã thưởng thức, quán thân thiện,thích nhất là trà thái xanh, vị rất đậm đà hỏi ra mới biết bà chủ nấu bằng mật ong tự nhiên hoa cà phê.Xem thêm",71
559,linh,23/12/2018 12:36,8.2,Quán này mình cũng đã thử ghé vài lần. Công nhận trà sữa rất ngon. Thạch tự làm vì có lần mình ghé thấy chủ quán tự gọt dừa xắt hạt lựu. Và cả bắp hay khoai môn .. cũng vây. Giá cả thì quá ok so với 1 số quán khác. Phải nói ăn vừa ngon vừa an toàn. Chủ quán lại có tâm. Duyệt . Có dịp ngang đây chắc chắn mình sẽ ghé.  .Xem thêm,71
560,Ninh Nguyen,22/12/2018 22:41,8.6,"Bàn mình gọi thử trà sữa và trà thái xanh, thêm bánh plan mà mỗi người chỉ trả có 25k. Mà vị trà rất thơm, ko bị ngọt quá như mấy quán khác. Thạch thì nhìn là biết kiểu đồ quán tự làm chứ ko phải mấy thứ xanh đỏ đủ màu mua sẵn. Thêm 1 điểm cộng là quầy bán rất sạch sẽ gọn gàng và chị chủ niềm nở, cho phép lại quầy chụp hình luôn :)Xem thêm",71
561,Vi,21/12/2018 15:21,8.2,"Quán này của bạn bà chị, cho tham quan bếp nên thấy hơi bị yên tâm mà uống ngon cực kỳ luôn.Xem thêm",71
562,Tuấn Phan anh,16/4/2020 8:08,7.4,"Sẽ ủng hộ thường xuyên, ly to uống phê lắmXem thêm",72
563,An Tín Group Corporation,7/4/2020 20:29,7.4,"Mới ghé mua mấy ly trà sửa trân châu, ngon lắm shop
💪Xem thêm",72
564,An Tín Group Corporation,2/4/2020 18:19,8.2,Hàng chất lắm shop ơiXem thêm,72
565,Tuấn Phan anh,1/4/2020 15:20,7.6,"Ủng hộ thường xuyên 
OkXem thêm",72
566,Tổng Thống Mỹ,23/10/2019 22:46,1.0,"Quá Tệ , Không Nên mua , Chất lượng ko tốt Giá Mắc , Ly khổng lồ nhưng bán Ly nhỏ như Bt mà Vẫn 10k , Nên Tránh Xa , Làm Ăn Ẩu Đả Kém Chất lượng , Thì phải chấp nhận 🤬🤬🤬🤬Xem thêm",72
567,Lý Nguyễn,16/4/2019 13:39,10,"Không gian thoáng mát,trang trí đẹp
Đồ uống khỏi chê luôn ạ,mình đi 2 người gọi 1 Ly trà đào và 1 trà sữa đặc biệt,ngất ngây luôn,Trà sữa uống không bị ngọt, tiểu châu thì nhỏ nhỏ dễ uống hay hay nữa,để bữa sau ghé thử các món khác xem sao hì.
Anh chị chủ thì dễ thương lắm ạ.
Ủng hộ dài dàiXem thêm",73
568,foodee_0bee5381,6/4/2019 15:33,10,Đồ uống ngon nhá các bạn. Hãy ghé ướng thử sẽ ko quên. Đồ ăn vặt thì khỏi phải chê. Ngon không tưởng. Sẽ mời bạn bè tới nữa.Xem thêm,73
569,Thư Trần,6/4/2019 13:11,10,"Đồ uống và các món ăn vặt ở đây ngon, giá hạt dẻ lun. Mình hay đặt hàng qua Now. Nhân viên cũng rất thân thiện.Xem thêm",73
570,Vy Hà Thanh,14/9/2018 20:37,8.4,"Ăn ở quán chắc phải lần thứ n rồi, bây giờ mới review.
Quán có món ốc hít rất ngon, nước ốc đậm đà, có bánh đa chấm kem, ngày mưa ra đây hít hà thì đúng bài :P
Gần đây quán có thêm món ram bắp, khách gọi anh chủ quán mới chiên nên giòn rụm, cuộn với bánh tráng, xà lách, rau sống rồi chấm nước mắm thì tuyệt.
Quán có nước chấm khác cho món ram bắp hình như làm từ đậu phộng, ox mình thì thjx nhưng riêng mình thì lại thấy chấm nước mắm ngon hơn ^^
Khay ram bắp trang trí đẹp, nhìn bắt mắt. Anh chủ quán dễ thương, nhiệt tình.
Giá cả rất bình dân, chỉ 10k cho 1 dĩa ốc hít, 20k cho 1 phần ram bắp, ăn no lăn về thôi hjhjXem thêm",74
571,Vân Trần,1/9/2018 8:18,9.4,"Ở xa nên mới ghé quán 2 lần. Ốc nấu đậm đà, quán sạch sẽ, giá cũng mềm. Nói chung có cơ hội sẽ ghé nữa.Xem thêm",74
572,Ngọc Trầm,5/8/2018 21:57,9.6,"Ốc và ram bắp ngon, phục phụ tận tình, giá bình dân. Mỗi tội hơi xa nhà, mỗi lần ăn xong là mua thêm 10 dĩa ốc đem zìa nhà ăn dần. Ốc để tủ đông đá ngày hôm sau hâm nóng ăn vẫn ngon.Xem thêm",74
573,Ngọc Thanh Trần,6/9/2017 14:08,8.2,"Ốc ăn ngon, không cần nước chấm vì nước chung với ốc đã rất vừa ăn. 
Giá lại mềm, mà anh chủ quán hiền và dễ thương.Xem thêm",74
574,tangthanh1508,4/6/2021 18:50,5.0,Mình muốn oder chè ở đây mà quán ko có bán online😭Xem thêm,75
575,Nhiễu Sự,19/12/2020 19:38,8.2,"Menu chè đa dạng món, vị ngọt vừa phải. Mình thường gọi chè Thái và Mix đác (hay bị nhiều người nhầm thành Miss đác). Một tô 30k ăn no không cần ăn tối. Quán lề đường nhưng luôn đông khách. Mở cửa từ 4h chiều là khách cứ lác đác vào một lúc là đông kín luôn, đủ hiểu chất lượng chè ở đây thu hút thực khách thế nào. Quán có anh phục vụ kiêm chủ quán nhìn rất ngầu nhưng thật ra rất bựa 😂 vô cùng vui tính. 
Các bạn bốn phương nên đến đây thử một lần hai món đinh lớn là Mix đác và Dừa non Đậu biếc và nhiều món đinh nhỏ khác nữa ❤️Xem thêm",75
576,Thanh Vy,21/8/2020 22:30,8.0,"- Quán này khá nổi ở khu Phước Bình vì bán lâu năm rồi. Tối nào mình cũng thấy đông hết trơn. Quán có nhiều loại chè. 
- Mình hay ăn nhất là chè củ năng hạt sen (30k). Bạn mình ăn bánh flan, loại nhỏ thì 10k, loại lớn thì 20k/bánh. Ngoài ra quán còn các loại chè đậu, cocktail, trái cây tô ....Xem thêm",75
577,Thanh Vy,8/8/2020 16:25,8.0,"- Mình với mấy đứa bạn dạo dạo Phước Bình ăn vặt. Tụi mình đều gọi chè hạt sen củ năng, có duy nhất 1 người gọi bánh flan thôi.
- Chè hạt sen củ năng (30k): giá ko rẻ, đã vậy quán còn làm nhầm thành chè hạt sen nhãn nhục, ko bỏ củ năng huhu. Chè ăn mát, hạt sen bùi, thơm nước nhãn nhục nấu ra.
- Bánh flan 10k cái nhỏ: có 2 loại nhỏ và lớn, 1 dĩa bánh flan chỉ có 1 cái thôi ạ. Quán cho nhiều sữa đặc và cafe ăn đã luôn. 
- Quán siêu đông luôn vì bán chè lâu năm rồi, phục vụ gia đình thui.Xem thêm",75
578,Thanh Vy,19/7/2020 19:14,8.0,"Quán này gần nhà mình. Tối nào cũng đông nghịt người luôn. Đi giấc 6h chiều còn đỡ đỡ, chứ xíu nữa khách vào tấp nập. Mình với bạn mình gọi chè củ năng hạt sen, 30k/ly, 2 ly 60k. Không rẻ lắm nhưng mà ăn ngon. Bữa mình mua về thì thấy hạt sen hơi nát, nay ăn tại quán thì thấy ok hơn, nguyên hạt.Xem thêm",75
579,YẾN NHI,27/2/2020 12:37,7.8,Tết xong giá chè tăng đồng loạt 5000đ/ly dù trước đó chỉ là 20.000đ - 25.000đ. Lợi dụng Tết để tăng giá tới 40% kiểu này thôi từ nay em bye bye luôn dù em là khách hàng trung thành của quán đó giờ.Xem thêm,75
580,YẾN NHI,27/2/2019 11:46,8.8,"Buổi tối dạo một vòng khu phố mình ở mới thấy quán này sao đông khách quá. Tấp vô gọi hai ly chè Thái, món ruột của mình mới phát hiện ngon quá mà đó giờ không biết trong khi mình hảo ngọt.
 
Lần khác quay lại, thử các món khác như sinh tố bơ xay, cocktail, chè thập cẩm, nói chung khá ngon. Giá cũng chấp nhận được (chè Thái giá 20k/ly).
 
Quán phục vụ kiểu gia đình, không nhanh lắm nhưng tạm ổn. Có chỗ để hẹn hò anh bạn cùng nhà mỗi tối là ok rồi 😜Xem thêm",75
581,Khánh Ly Nguyễn Trần,21/11/2023 18:41,6.0,Chất lượng tuyệt vờiXem thêm,76
582,Thu Hằng Nguyễn Thị,27/10/2023 18:19,5.0,Điểm10  chất lượngXem thêm,76
583,Gia Hân,19/10/2023 18:39,5.4,Chất lượng tuyệt vờiXem thêm,76
584,Kim Dung,3/10/2023 20:08,10,quán ăn ngonXem thêm,76
585,Ly Byty,28/9/2023 18:10,6.0,Nhà hàng chất lượngXem thêm,76
586,Quỳnh Em,14/9/2023 18:01,6.0,Chất lượng tuyệt vờiXem thêm,76
587,Phượng Lê,8/12/2013 23:41,4.2,"Không gian quán rộng thoáng, nhưng mà món ăn với cách phục vụ của nhân viên thì k ổn lắm. Dĩa cơm sườn giá 36k mà miếng sườn khô khốc, có chút xíu mà ăn k hết nổi, còn miếng chả cua kiu thêm là 20k đồng, ta nói nó có mùi j khó chịu lắm, cứ như là kiểu k tươi lắm ấy. Nhân viên thì mặt không cảm xúc, khách order mà mặt cứ chù ụ, do là đi du lịch sáng sớm xe ghé ăn nên mới vào, chứ sau này k có ý định quay lại. Mình k bt mấy chi nhánh khác thức ăn và pv ntn nhưng ở đây là quá nản.Xem thêm",76
588,Uyen Nguyen,26/12/2017 15:53,7.2,"Đồ ăn ở đây rẻ chiên ngon giòn. 
Nhóm đi tầm 8 người mà ăn hết 300 mấy thôi hà, gọi thêm nước nữa cũng rẻ. 
Mình thích xúc xích nên hay gọi xúc xích. 
Giá dao động 5-10-15-20k. Mà 5k ăn cũng no nê rồi
Dưa chua miễn phí, ngon, ăn đỡ ngánXem thêm",77
589,Ngan Nguyen,5/10/2015 11:26,7.6,"Quán bình dân rất thích hợp cho sinh viên học sinh và gia đình họp mặt ăn uống nhẹ. 
Menu phong phú phù hợp cho mọi lứa tuổiXem thêm",77
590,Hạ Vy Võ Nguyên,30/12/2013 20:23,6.8,Xiên que đa dạng phong phúXem thêm,77
591,Won Eun,29/9/2013 18:10,9.0,"Các bạn nên đến đây ăn thử, mình đảm bảo các bạn sẽ thích, quán đông vào buổi tối nhưng phục vụ tận tình :)Xem thêm",77
592,Trương Ryan,12/9/2019 22:33,7.0,"Menu quán chủ yếu là những món nước khá cơ bản nhưng cũng có đủ để lựa chọn, giá tầm 25 - 45k cũng không quá mắc. Size ly cũng vừa với mức giá nhưng có 1 điểm trừ là đá khá nhiều, chắc cũng tầm hơn nửa ly (chưa tính topping)

🥤🥤 Trà đào ban đầu mình nghĩ là pha syrup bình thường thôi nhưng lúc nhận thấy 1 cây xả mỏng nhỏ xíu với lát chanh nữa, mà vị trà thì thiên về vị chua và chát của chanh, uống cũng thanh.

🥤🥤 Trà xoài hoa đậu biếc: thấy món này hay hay nên gọi thử, ấn tượng trước nhất là màu nước nhìn đẹp, vị thì ngon nhưng mình thấy giống trà vải thường uống thôi

👉👉 Trân châu trắng: viên vừa, không ngọt, dai dai kiểu trân châu hoàng kim, độ dai cũng vừa luôn không bị mềm, nhai thích phết

👉👉 Thạch phô mai cà phê/matcha: 1 phần được 5 viên, về vị thì ok, mùi và vị cà phê/matcha nhẹ nhưng vẫn rõ được vị (nhưng mà cảm giác vị cà phê ổn hơn vì matcha làm còn hơi tanh), miếng phô mai bé xíu cũng beo béo nhưng mà về kết cấu của thạch thì mình không thích lắm vì lỏng, dễ nát lúc uống, hơn nữa phần phô mai không có dính với phần thạch trong bên ngoài, nếu viên thạch đặc hơn chắc vị cũng sẽ ngon hơn

🥤🥤 Trà olong: ok nè, pha không bị loãng quá, vị thanh, thơm và ngọt nhẹ vị trà, không đắng nhưng vẫn giữ được chút xíu độ chát của trà olong

👉👉 Pudding trứng: không nhiều lắm, ngọt nhẹ, không bị hăng mùi, kết cấu lỏng nhưng không quá nátXem thêm",78
593,Thanh Trà Phạm,5/11/2018 18:08,8.8,"Quán gần nhà mà tới giờ mình mới biết để ghé thử. Quán nhỏ xinh, halloween cũng trang trí cho có không khí. Nhân viên dễ thương nhanh nhẹn. Nước uống khá ngon, mình uống trà đào ít đường vị chua chua vừa miệng. Giá mềm 28k. Sẽ quay lại :DXem thêm",78
594,Diễm Trịnh,30/4/2018 10:54,6.2,"Không gian quán thiết kế khá đẹp, trẻ trung, mỗi góc thiết kế khác nhau giúp có nhiều góc để sống ảo :))
Có khá nhiều truyện tranh nữa nên sẽ không lo bị buồn
Phục vụ dễ thương, vui vẻ, nhiệt tình
Còn có thêm thẻ tích điểm nữa nha
Mình gọi trà vải và trà sữa có thêm hạt thủy tinh
Trà vải với mình thì quá ngọt luôn. Còn trà sữa thì không béo và không thơm lắm, hạt thủy tinh thì rất ngon
Tiếc là quán không có up size 
Giá cả thì rất hợp líXem thêm",78
595,Anh Nguyễn,30/1/2018 18:34,7.8,"Quán có view đẹp, nước ướng tuyệt vời, nhân viên phục vụ tốt. Đặc biệt có sách, truyện cho các bạn đọc để giết thời gian.😆Xem thêm",78
596,foodee_eacc73f0,23/11/2018 12:46,10,Qua uống thử trà sữa Táo xanh full topping ngon mún xỉu. nhìn menu của quán bao nhiêu là món. nay còn có bánh tráng long an bánh tráng tây ninh nữa chứ.Xem thêm,79
597,foodee_eacc73f0,22/11/2018 20:06,10,"Ngonnn!!!!
Đặc biệt là sữa tươi trân châu đường đenXem thêm",79
598,foodee_6b1a8220,22/11/2018 20:02,10,Đã uống rồi! Cực ngon.Uống lần 1 chắc chắn bạn sẽ quay lại lần 2....Hãy đến với The Heron nàoooXem thêm,79
599,Trâm Lê,22/11/2018 19:56,10,Sữa tươi đường đen ngon béo với vị sữa TH kết hợp với đường đen Hàn Quốc NGON khó cưỡng!!!!!!Xem thêm,79
600,Nhân Nguyễn,22/11/2018 19:33,9.8,"Trà sữa được pha sữa tươi TH ngay tại chỗ bán. Topping chất lượng. Giá sinh viên 
mọi người nên đến trải nghiệmXem thêm",79
601,Thỏ Ham Ăn,18/1/2020 1:56,8.2,"Quán Bến Hẹn cafe này không gian ngoài trời thoáng mát, gần gũi thiên nhiên, rộng rãi nữa chia thành nhiều khu mà hôm mình tới trời mưa quá nên chỉ ăn thôi. 
Đồ ăn ở đây thì ngon mà giá hợp lý, từ món khai vị đến món chính gì cũng ngon hết á.
Gỏi tôm ăn kèm với bánh phồng tôm, tôm tươi, thịt chắc và ngọt nước, vị đậm đà.
Gà luộc thơm, thịt chắc, tôm nướng muối theo mình hơi nhạt, không thấm vào tôm nhiều. 
Xôi ngon lắm luôn ấy xôi cực dẻo thơm bên trong có đậu xanh nữa. Nói chung đồ ăn ở đây ngon, có điều nhân viên nên chuyên nghiệp thêm tí là ổn.Xem thêm",80
602,Nguyên Nguyễn,23/4/2019 14:28,8.6,Nước được giá tốt view đẹp chỗ tránh nắng hoàn hảo cho những ngày trưa hè nóng 5* nhưng hơi xa đối với các bạn nội thành như ở quận 1. Sẽ quay lại nếu có dịpXem thêm,80
603,Kim Châu Huỳnh,15/4/2019 15:52,8.2,"Thời tiết SG dạo này nóng quá, phát hiện gần nhà có quán cafe có hồ bơi, dẫn mấy nhỏ ở nhà ra đây giải nhiệt.
Giá vé bơi cho trẻ em là 60k/vé
Giá nước tầm 60k/lyXem thêm",80
604,Nga Trieu,11/7/2018 21:56,7.2,"Tuy quán mở từ dịp Xuân 2018 nhưng đến hôm nay mình mới có dịp ghé. Quán cực kỳ rộng. Có bãi rữa xe hơi. Nhưng quán vẫn còn đang xây dựng ở 1 số chỗ. Mình ghé vào lúc chiều tối, vì là cafe sân vườn nên muỗi khá nhiều. Có khu vực máy lạnh, khu vực sân vườn, hồ bơi khá đẹp, thác nước chảy xuống hồ bơi. Buổi tối còn có nhạc nước. Nhìn chung phong cảnh ổn. Tuy nhiên thức uống giá không mềm, chất lượng cũng bình thường. Hồ bơi thì sẽ được tặng 1 vé bơi nếu hóa đơn ăn uống 200k, nếu mua vé thì con nít 50k, ng lớn 70k cho ngày thường, cuối tuần giá cao hơn nữa. Nhìn chung mình thich cách kiến trúc ở đây nên sẽ còn ghé qua mữa.Xem thêm",80
605,Ân Ân,17/7/2016 20:21,8.2,"Vừa bước vào quán là đập ngay vào mặt nụ cười toả nắng của 2 chị chủ quán (hời quơi chết ngất 🙈)... Quán dễ tìm, ko gian thoáng ngồi tám vs con bạn xuyên lục địa luôn 😂 đi ngay buổi chìu gió mát rười rượi . Trà sửa thì ngon mà rẻ nửa, quán đậm chất sv gê 😍 khách ghé nườm nượp. Nhìn iu gẻ kiểu này mốt chắc ghé dài dài luôn quá 😁🙄Xem thêm",81
606,Uyen Dang,16/6/2016 11:00,6.8,"Trà sữa của quán rất ok... quán sạch sẽ , thoáng mát. Nếu chủ quán chăm chút thêm nữa thì sẽ ok hơn....  Cập nhập hình ảnh thường xuyên hơnXem thêm",81
607,Linh TL,12/3/2016 15:21,9.0,"Kết không gian của quán-phía trước công ty mình làm! Quán trang trí những bình hoa nhỏ xinh xinh hay những xe đạp chở đầy giỏ hoa,tuy không có phòng lạnh nhưng buổi trưa ngồi ở đây rất mát vì cô chủ có lắp giàn phun sương,với cây cảnh làm mát mắt
Thức uống thì kết nhất trà sữa nhà làm và sinh tố-sinh tố thì rất đậm đà-không phải xay loãng như nhiều chỗ khác-mà thơm mùi trái cây tự nhiên!(chỉ 20k thôi)
Nghe nói quán có ăn vặt như hồ lô-xúc xích ngon lắm mà chưa có dịp thử-nhất định sẽ thử rồi rì-viu típ! :)Xem thêm",81
608,Tien,10/3/2016 22:07,8.8,"Sinh tố đậm đà, thơm đúng vị trái cây chứ không giống như những chỗ trước đây mình từng ghé. Đồ ăn vặt rất ok. Nói chung là chất lượng ở đây là số 1 👍 Chắc chắn sẽ quay lạiXem thêm",81
609,Nguyễn Sang,3/10/2019 18:55,4.2,"Lần đầu ăn hồi giữa năm 2018 cực ngon. Hôm nay dẫn cả nhà đi ăn thì thật sự mất mặt. Kêu vú dê nướng, dê hấp tía tô, dê xào lăng, và cơm chiên cá mặn thì món nào cũng tệ. Trừ vú dê ra còn lại món nào cũng hôi cực kì. Muốn ói cmn luôn. Sẽ ko ghé lại quán lần nào nữa.Xem thêm",82
610,Vyvy Nguyễn,6/8/2017 21:04,7.4,"Quán này cách trung tâm khá xa nay có dịp ghé nhà bạn gần đó nên mình cùng bạn bè đi ăn thử . Quán chuyên các món về dê được chế biến theo kiểu nướng và các món lẩu là chủ yếu nha . Mình thấy món lẩu dê nhúng ăn ok , có điều rau ăn kèm hơi ít . Thịt dê tươi, mới, không bị dai . Nước lẩu vừa ăn . 
Giá cả bình dân hợp lý .
Nhân viên phục vụ nhanh nhẹn và nhiệt tình .
Sẽ ghé lại khi có dịp .Xem thêm",82
611,Jimmy Tran,4/5/2017 7:45,8.8,Tới trễ nhưng nhân viên vẫn nhiệt tình. Quán phục vụ nhanh. Đồ ăn tươi ngon. Giá rẻ. Đặc biệt chỗ để xe rất thoải mái.Xem thêm,82
612,Bio  Chan,23/6/2016 12:51,7.2,"Dê ngon, rẻ, ko bị hôi. Thịt chế biến mềm. 
Ăn 3 món dê hấp tía tô, lòng cháy tỏi, dê tiềm thuốc bắc. Món nào cũng vừa ăn.
Đi 3ng hết 400k, giá OK
Không gian quán rộng rãi, thoáng mát, khá dễ tìm. 
PV dễ thương, chịu khó chạy lấy đồ cho bàn mình lắm *.*Xem thêm",82
613,Đỗ Ninh,24/3/2020 8:41,10,"Lần đầu đi ngang qua đường Liên Phường Q9, thấy hai bạn trẻ đứng ngay cây di động, thấy đề trái cây tô 25k nước ép 15k và 10k. Tự nhiên trong lòng bồi hồi cơn thèm đã bùng phát. Ghé vào ăn luôn bảo hai bạn ơi cho mình 1 tô đặt biệt nhé😍. Ôi chao mẹ ơi ăn ngon ko thể cưỡng nổi😆, nguyên 1 tô to trà bá, nguyên 1 hộp sữa chua TH. Nhìn là nghĩ trong đâu tô này chắc 35k. Ôi chao mẹ ơi ăn lo lê bảo hai bạn tính tiền cho mình có 25k thật khổng thể ngờ luôn. Nguyên 1 tô 1 mình ăn lo lê trái cây tươi vị ăn cảm giác khác biệt ngon như Ba Tân Vlook😋😋. Thấy rẻ quá làm thêm ly sinh tố bơ vs 1 dĩa khô gà ăn vặt lướt fb. Cảm giác lần đầu tiền đi ăn vỉa hè uống vỉa ngon đến vậy luôn á😅. Tính tiền hai bạn bảo bạn ăn thấy ngon mình tính bạn 24k ly sinh tố vs khô gà ôi chao mẹ ơi hai bạn bán hàng dễ thương quá 😘 Anh chii em mà có ghé qua đường Liên Phường Q9 ghé vào cảm nhận thử nha. Ủng hộ hai bạn trẻ rất là dễ thương ahihi✌️✌️✌️✌️🙂Xem thêm",83
614,Cao Mèo,23/3/2020 22:12,9.2,"Trái cây tô 25k mà ăn ứ hự, 1 người ăn no luôn, trái cây tươi, cho nguyên hộp sữa chua ăn vị khá ngon. Ăn vặt đồng giá 10k, mình gọi thêm 1 đĩa đậu Hà lan tỏi ớt, 2 người vừa uống vừa ăn hết có 50k, đáng thử nhé mnXem thêm",83
615,Don Vu,23/3/2020 21:00,9.6,"Quán ngon bổ rẻ,  thích hợp cho mọi người. Mình với đám bạn hay ra ngồi cắn hướng hương uống sinh tố. Mà giá rất mềm 12k 15k 1 ly chất lượng. Lần đầu tiên mình uống ly bơ ngon đến thế, thơm vị bơ ko thấy vị đường nhiều. Ah ở đây có trái cây tô ngon như nyc luôn kk. Chả biết tả sao nữa. Quán ngay chung cư Thủ Thiêm Garden đoạn vòng xoay Liên Phường xuống xíu. Lại thêm 1 địa điểm tụ tập cho hội mình rXem thêm",83
616,phamthulinh,8/4/2019 9:09,5.0,"Quán yên tĩnh.  Mát mẻ dù không bật máy lanh.  Cô bán hàng thân thiện và nhiệt tình.  Khoá xe  cho khách luôn
Bánh tráng trộn,  ngon, có hương vị đặc biệt không giống mấy quán khác.  Kem ăn cũng bình thường,  hơi dẻo dẻo
Noi chung sau có dịp sẽ lại ghéXem thêm",84
617,Anhni,7/1/2018 21:43,8.8,"Giá cả khá là sinh viên,  không gian mát mẻ!!!  
Cô bán thì hiền hậu lắm....  
Nói chung là khá hài lòng  :))))Xem thêm",84
618,paka panda,8/5/2014 2:54,6.8,"Trưa hứng chí cả bọn chạy qua quán kem này để ăn thử theo sự giới thiệu của người bạn làm cùng công ty. Quán này mình chỉ thích mỗi kem xôi, kem vừa ăn, không quá béo cũng không quá ngọt gắt. Đặc biệt xôi có độ dẻo va mới nên ăn rất ngon (có nhiều chỗ bán nhưng xôi lại dùng xôi cũ nên ăn cứng và không ngon) đặc biệt quán bán giá bình dân lắm mỗi tội buổi trưa ngồi ở quán này thì hơi nóng và bí. Cô chủ quán này khá hiền nên nhìn là có cảm tình liền. Lần sau sẽ ghé lại ủng hộXem thêm",84
619,Mai Hiếu  .,9/4/2014 21:06,7.2,"Quán nằm ở đường Man Thiện, chạy từ Lê Văn Việt vào hướng học viện Bưu chính viễn thông, quán nằm phía tay trái. Quán phục vụ nhiều thức uống đa dạng, giá rẻ dành cho sinh viên. Dịp giỗ tổ mình có ghé cùng bạn bè va có ăn kem xôi tại đây, xôi nóng dẻo, thơm, kem béo ngon hoà cùng với xôi thật hấp dẫn, giá cho một phần kem xôi là 10.000VND, bạn mình thì uống bưởi ép và cam sữa, cam sữa pha ngọt nhiều quá nên làm người uống thấy ngán.
Chủ quán vui vẻ, thân thiện tuy nhiên phục vụ hơi chậmXem thêm",84
620,Bongma Langthang,29/3/2019 14:00,9.0,"Cháo ngon, ngọt, gạo nhừ và rất thơm. Hến nhiều chứ ko lõm bõm như nhiều quán khác, cả hộp rất nhiều, ăn no luôn. Mình thích thêm nhiều hành phi và rau thơm nên lần sau shop cho mình xin thêm rau nhé.Xem thêm",85
621,Loi Nguyen,27/3/2019 14:07,7.6,"Ngon. Khỏi miêu tả nhiều, ngọt và hến thơm nữa. Mình Fan của hến, bữa đặt ăn thấy ngon nên ăn quài lun
Bữa có bán nghêu nữa nên đặt thêm phần nghêu thêm á, xức sắc.Xem thêm",85
622,Tran Tran,27/3/2019 14:03,8.0,"Đặt về ăn vẫn còn nóng hôi hổi. Cháo rất ngọt vị nước hến. Hến xào rồi mới cho vào cháo nên vị rất ngấm đều và ngon
Shop có thêm tỏi phi nên rất thơm và dậy mùi. 

Giảm 30% còn 40k / 2 hộp chà bá.Xem thêm",85
623,foodee_l4b4mtrw,25/3/2019 16:02,10,"Cháo hến ngon, nước cháo ngọt, vị đậm đà, hến nhiều.Xem thêm",85
624,Trần Vương Sơn,15/10/2019 9:12,5.4,Quán có đồ ăn khá ngon. Giá rẻXem thêm,86
625,Tới Nguyễn,6/11/2018 23:08,9.2,"Quán có các món đa dạng, đặc biệt là trứng cút xào me và chiên giòn sốt phô mai ăn ngon mà giá bình dânXem thêm",86
626,ú ù mập,1/11/2018 18:51,8.4,"Ngon lắm, qua ủng hộ hai bác đi các bạn ơi, hai bác làm món chất lắmXem thêm",86
627,vương phương,19/5/2018 11:54,8.6,"Trứng cút vừa ăn, hình như cúc luộc có nêm nên ăn trứng có cảm giác không như chỗ khác, trứng đậm đà và thơm. cút xào me thì khỏi phải chê, mình chưa ăn chỗ nào ngon như đây, me được cô chú tự sên sẵn nên lúc cho trứng vào xào ăn dẻo nhẹ mà hk tanh, độ chua vừa tới, cay vừa phải, đậm đà . cực ngon. cút xào phô mai , béo vừa hk quá ngậy okieXem thêm",86
628,foodee_64f83b92,13/12/2018 10:53,9.0,"Mình mới ghé quán, gọi ngay tô bánh canh móng heo kèm chả cá Ninh Hoà, nhìn sơ qua bày biện đơn giản nhưng khá hấp dẫn, nước lèo ở quán được Cô chủ quán cho hay hầm từ xương + giò heo tươi lấy mỗi ngày, kèm nước hầm từ tôm nên nước lèo trong, vị ngọt thanh từ tôm thịt, ko có bỏ màu như những quán khác. Ăn vào thực sự rất vừa miệng, xương hầm vừa phải. Đặc biệt chả cá Ninh Hoà ở đây ăn ngon lắm, vị ngọt của cá và thơm nữa. Một tô như vầy chỉ có 25k thôi. Mình thấy quán có thêm Hủ tiếu xương, hoành thánh giá chỉ có 15k-20k/tô ah. Lần sau mình lại ghé để thưởng thức mới được.hihiXem thêm",87
629,Thanh Huynh,26/6/2018 22:14,10,"Tôi đến đây lần đầu cùng gia đình, vì cũng là dân miền Trung nên rất biết món bún chả cá Ninh Hoà. Nên đã gọi liền món này; nước lèo vừa miệng, đặc biệt chả cá ở đây đúng chất Ninh Hoà, rất là ngon giá chỉ 20k. Quán còn món bánh canh chả cá Ninh Hoà, Bún và Bánh canh giò heo nữa nhìn cũng rất hấp dẫn. Quán có thêm món chè chuối nướng thơm lừng lá chuối nướng, ăn kèm nước cốt dừa và đậu phộng cũng rất ngon mà giá cực rẻ chỉ có 12k/tô. Giá cả ở đây đều rất bình dân. Nhất định gd tôi sẽ còn quay lại. Các bạn nên đến thử.Xem thêm",87
630,Hung Uno,13/6/2018 19:18,8.8,"Khoái món chè chuối, không có quá nhiều nếp như chỗ khác, gói trong lá chuối nên nướng lên thơm kinh khủng, nước dừa béo béo nữa, nhất định mình sẽ quay lại.Xem thêm",87
631,huy nguyen quang,25/1/2019 12:32,10,Sữa tươi trân châu đường đen rất ngon! Chỉ có 28kXem thêm,88
632,Ha Nguyen,23/6/2018 10:04,8.4,Ngon nhất là cà phê nha mấy bạn. Quán ấm cũng dễ thươngXem thêm,88
633,Jurry LV,26/5/2018 14:32,9.0,"Quán mới khai trương đang free 26,27/5/2018 nè. Hình như là quán đầu tiên trong khu chung cư sky9, nếu ở ngoài vào thì gửi xe 3k nha. Gia đình mình đi đông uống khá nhiều món: cafe dừa, cafe trứng (2 quả lun nè), chanh muối, capuccino, cafe sữa.... quán pha bằng máy xịn, cafe chất, phục vụ nhanh nhẹn, mát mẻ, decor hiện đại, giá cả phải chăng, like mạnh luôn! Sẽ ghé ủng hộ quán dài dài ☕
#cafe1988 #cafequan9 #chungcusky9 #cafengon #cafetrung #cafeduaXem thêm",88
634,Linh Fox,28/6/2014 22:54,5.0,Giá thì hơi chát lon pepsi mà đến 26k. Đi buổi tối mà bị đuổi như đuổi tà ý. Thà nói một tiếng với khách là đến giờ đóng cửa rồi chứ đừng có thái độ muốn đuổi khách như vậy nên k hài lòng lắm.Xem thêm,89
635,Vân Trần,26/5/2014 17:39,6.2,"Quán yên tĩnh, có võng dành cho ai thix cà phê võng. Khá sạch. Có hồ cá ngay trung tâm quán nằm trên võng nhìn đàn cá bơi lội cũng vui vui nhưng có lẽ k ai chăm sóc nên hồ thấy dơ hên là k có mùi hôi.Xem thêm",89
636,haman hamuong,12/1/2013 18:50,7.0,"Là quán cafe vỏng nhỏ nhưng ấn tượng. Quán có nhiều cây xanh mát rượi vừa tạo bóng mát vừa có tác dụng che chở cho sự riêng tư của các ô võng. Giữa quán là hồ nước xanh mát rượi. Khung cảnh của quán in một màu xanh ngắt của mặt nước và lá cây nên thơ hữu tình. Thiết kế nổi bật, hấp dẫn, giá cũng bình dân. Tuy nhiên, quán này không có bảo vệ, khách phải tự giữ xe bằng cách chạy xe đến ô mình nằm. Âm nhạc thì quá chát. Nói chung quán này được cái không gian thoáng mát.Xem thêm",89
637,hang phan,2/8/2012 7:35,8.8,"hồ nước xanh, xung quanh các chòi lá mát lắm luôn,hjhj,họp nhóm học bài la ok,hjhjXem thêm",89
638,Hoan Hung,10/7/2019 14:45,9.2,Trà sữa ngon hơn cả một số quán thương hiệu lớn mình từng uốngXem thêm,90
639,Trang Phan,17/6/2019 11:52,10,Ngoài ra trà sữa e trai mình rất thích trà sữa việt quất macchiatoXem thêm,90
640,Hoan Hung,17/6/2019 11:44,10,"Trà sữa đúng chuẩn hương vị Đài Loan, rất ngonXem thêm",90
641,Meo Cú,15/11/2020 23:21,6.0,"• Nằm trên mặt tiền đường LVV, mở cũng lâu rồi mà mình chưa có dịp thử.

• Không gian rộng, có khu ngoài trời và khu máy lạnh. Mình đi vào buổi trưa nên vào phòng máy lạnh ngồi cho mát. Bàn ghế bên ngoài nhìn còn đỡ chứ bên trong rất cũ kĩ, phòng không có sự đầu tư trang trí, máy lạnh lúc mát lúc không.

• Menu đa dạng, mình gọi

- 1 cơm chiên dương châu: hơi nhiều dầu, ăn ổn
- 1 bạch tuộc nướng mọi: nửa ký mà nhìn trông phát chán, ăn bình thường
- 1 sò lông nướng mỡ hành: nửa ký khoảng 7 con, ăn được.
- 1 sò huyết nướng: ăn bình thường
- 1 rau lang xào tỏi: hương vị ổn
- 3 sò mai nướng phô mai: bình thường

• Nói chung các món ăn thì hương vị không có gì đặc sắc lắm, trang trí xấu tệ, nhìn mà không muốn ăn. Tổng bill 1tr100k đã bao gồm phí phòng.

• Có 2 chị phục vụ, 1 chị niềm nở còn chị kia thì ngược lại.

• Thử cho biết.Xem thêm",91
642,Toàn Lê,14/1/2020 13:17,10,"Món ăn ngon, giá cả hợp lý, thái độ nhân viên tốt, chủ nhà hàng thân thiện, nhiệt tình... nói chung là một nơi rất đáng để ghé thăm.Xem thêm",91
643,foodyuser_b9b0c280,11/1/2018 22:43,8.4,"Đồ ăn ngon , tươi sống,  giá cả hợp lý , thích hợp cho họp mặt gia đình , bạn bè , đãi tiệc ...Xem thêm",91
644,foodee_kfrtqn3q,2/2/2020 18:05,9.4,"Quán này gần nhà, uống lâu rồi nay mới có dịp viết review. 
Quán nhỏ thôi à, với có bàn ngồi vừa nhâm nhi vừa tám luôn nha. Nhà cô chủ quán là tiệm tạp hoá nữa nên kiếm snack vừa ăn vừa uống trà là điểm 10 cho chất lượng luôn. 
Trà ngon, thanh, thơm vị sen không quá ngọt, trân châu theo mình biết là bé chủ quán tự làm luôn thì phải. 
Chỉ 25k cho ly trà lớn vừa có vải vừa có trân châu nữa. 
Đặc biệt ở đây thạch, khúc bạch, bánh flan là tự làm hết nên rất yên tâm nha.Xem thêm",92
645,Phương Minh,12/12/2019 13:49,10,Trà sữa nhà làm đúng vị thơm ngon luôn ko loãn như các loại trà sửa khác. Chè khúc bạch siêu ngon ăn lần 2 ly ko. Trà đào cũng ngon nha nói chung rẻ mà ngon nè.Xem thêm,92
646,Minh Phụng,12/12/2019 8:32,8.2,Mình đã uông thử các món ở quán . Món nào cũng ngon nhưng đặc biệt mình thích nhất trà đào ở đây. Giá mỗi ly to đùng như v tầm 20 đến 30 nghìn thôi mà đầu đủ topping uống xog là hết ăn tối luôn đó.Xem thêm,92
647,Make Friend,9/1/2019 13:15,3.8,"Chắc mọi người thắc mắc tại sao chọn cua sống mà ko tươi? Người nhà mình đẫ ăn ở đây, nhóm đi 6 người. Chọn cua sống xong, ra món thì cảm giác cua ko tươi, ko thể hiểu được. Nghi ngờ bị đổi, chắc tại xui.Xem thêm",93
648,Mai Anh,26/8/2017 19:13,4.2,"Quán siêu chậm, oder 3 món, gỏi bò bóp thấu, mực sữa chiên nước mắm, miến cua mà 45phut mang được mỗi mực. Hỏi đến thì cứ bảo chờ chờ, mỗi bàn đều có một món >.<  trong khách chưa đến 10 bàn. Khăn giấy ướt vừa vào chưa order món xong mà phục vụ đã tự xé rồi để trước mặt mình kêu dùng, kinh hãiXem thêm",93
649,bilove Nguyen,26/5/2017 14:17,4.6,"Tò mò vì chạy trên cao tốc thấy biển Lộc Cua to đùng, lại gần nhà nên mò đi ăn thử. Chạy vòng vòng vào khu DC Bách Khoa ở trên đường Đỗ Xuân Hợp mới thấy. Biển chỉ đường dễ gây nhầm lẫn. Chỗ này thì đậu xe hơi thoải mái, đi khách đoàn chắc vẫn đậu được. Cua kiểu chọn sống rồi làm. Cả cua gạch lẫn cua thịt đều ko to. Nhìn con cua choáng váng, con cua nửa kg thì 3 lạng dây buộc. Lại còn kêu cua xuất khẩu nó thế. Mang tiếng bao ăn mà cua vẫn ko chắc. Chế biến cũng thường, ko có gì đặc sắc. Cua gạch 450k, cua thịt 320k. Ko rẻ tí nào mà nặng tiền dây buộc. Được mỗi món muối ớt xanh chấm kèm là ngon. Ko quay lại lần thứ 2.Xem thêm",93
650,foodee_nuvhad94,14/3/2017 11:42,8.0,"Khá hài lòng với chất lượng đồ ăn ở đây, quán nằm trong khu dân cư yên tĩnh, an ninh tốt. Cua ngon, chất lượng, giá mềm. Nói chung là okXem thêm",93
651,quynhanh,12/11/2020 11:31,9.4,Ăn thử bánh mì chảo ở đây. Thấy được. Bánh mì giòn sốt hơi ngọt chút xúc xích trứng ngon . Nhân viên nhiệt tình quán sạchXem thêm,94
652,Munnmeow,12/11/2020 11:29,10,"Đồ ăn ngon, nước chấm đặc biệt hơn các quán khác, không gian quán rộng và thoáng. Thái độ nhân viên phục vụ tốt, niềm nở. Giá cả hợp lí. Chắc chắn sẽ quay lại.Xem thêm",94
653,vananhpham8972,11/11/2020 1:00,9.4,"Hàng sữa chua nhưng có bán cả trà và một vài loại sinh tố khác. Uống ngon, giá rẻ, trang trí bắt mắt 👍🏻Xem thêm",94
654,Lê Thẩm,11/9/2020 10:01,8.4,Quán mới khá nhiều mèo đẹp và lạ. Đặc biệt có bé Nấm cực kì dễ thương và dễ chịu bế lên là nằm im gặm tayXem thêm,95
655,foodee_4a243b0a,11/5/2020 17:11,9.2,"Quán mới mở nên còn ít người, chơi với mèo thoải mái. Mèo đẹp, nhiều giống xịn, rất quấn người và thích chơi. Không gian đẹp có nhiều góc sống ảo.Xem thêm",95
656,Thảo Hương,10/5/2020 17:29,9.4,"Mình đi lần đầu bị lạc vì hơi tự tin, có 2 đường D1 nên đi lạc xuống đường kia, tốt nhất mọi người search ""catlovefish"" trên googlemap vì quán có định vị sẵn rồi. Không gian quán rộng nên các bé chạy nhảy quá trời, có bạn mang nước từ ngoài vào bị đổ do tụi mèo rất tăng động. Ở đây bán nước đóng chai đủ loại, giá bình dân từ 10-20k, vé vào chơi thì 30k/giờ, 40k/ngày với trẻ em và 50k/ngày với người lớn, không bắt buộc mua nước. Mình thấy như vậy khá tiện vì các bé mèo rất quậy, dễ đổ nước mà mình cũng sợ lông mèo dính vào ống hút nữa. Tính ra giá khá mềm so với mặt bằng chung, lại còn được chơi và sống ảo điên đảo với các bé mèo. Chắc chắn sẽ còn quay lại vào lần sau.Xem thêm",95
657,Minh Le Quang,26/11/2020 10:10,9.6,"Ở khu này đc quán này bán bánh đúng chuẩn vị, qua mới đi ngang mà quán bán hết sớm nay đi ngang tấp vô làm cáiXem thêm",96
658,Toan Nguyen Van,19/11/2020 7:10,9.4,"Hôm qua con ny đòi ăn nằng nặc ạ, k biết tìm kiếm đâu ra cái quán này, qua làm hẵn 5 cái, ăn 1 lúc 4 cái mình làm 1 cái ăn thấy ngon đổ nóng luôn chứ k để nguội như ng taXem thêm",96
659,Khoa Nguyen Hoang,14/11/2020 20:28,9.2,"Ăn cũng vài chổ r mà ở đây làm hương vị khác biệt mấy chổ khác bánh dai vs xốp mà thơm và béo, ngon nên sẽ uổng hộ dài dàiXem thêm",96
660,Hưng Hoàng,27/7/2018 9:12,7.4,"Quán rộng và yên tĩnh. 
Giá ok, nhân viên trẻ và vui vẻ. 
Khu ngoài trời. Hồ nước trước và sau quán. 
Phòng lạnh 2 khu, khu phía sau nằm ngủ được 😴Xem thêm",97
661,Duc Ng,18/9/2017 9:33,7.2,"Quán mới mở 8/2017. Gần Coopmart Thủ Đức. Vị trí hơi khó kiếm
Quán cũng khá rộng (~15 x 50m), có cả khu ngoài vườn và trong phòng lạnh, còn một khu vui chơi cho trẻ em (3x4m)
- Khu ngoài trang trí theo kiểu sân vườn, ấn tượng có 1 cái cây lớn được bố trí làm nhà trên cây, và có 1 hồ nước phun, nhiều cây, mát mẻ
- Khu máy lạnh bố trí theo kiểu giả cổ, có đàn piano, ... trang trí rất hay
- Khu vui chơi trẻ em có bập bênh, xích đu, vỏ bánh xe.
Phục vụ khá, đồ uống bình thường, giá cả cũng không quá mắc.Xem thêm",97
662,Doanthao1211,22/3/2017 21:45,8.0,"Quán này mới mở sau tết, quán rộng rãi vs thoải mái. Nhân viên dễ thương lắm, đồ uống đa dạng và ổn. Có khu trò chơi cho con nít nữa. Mình thích nhất là được ngồi trên phía cây mít rất là mát vs ngắm xung quanh được. Mít trái nào cũng bự hết trơn á. Hihi.Xem thêm",97
663,Nguyen Duyen,21/12/2018 13:10,9.4,"Mọi người ơi, mọi người ơi, có ai đang cần tìm một quán quen để mua nước ép giống mình không? Nếu có thì hãy ghé quán nước Cô Ba Sài Gòn (trên đường Phạm Văn Đồng) nhé.Nước ép ở đấy rất tươi, ngon, đa dạng, hợp vệ sinh và cũng rất hợp túi tiền. Bật mí thêm nữa nè là anh chủ quán ""Cô Ba Sài Gòn"" rất chi là  vui tính + hài hước, đảm bảo là gặp rồi là sẽ quay là lại vì độ siêu dễ thương của anh ấy.Vậy nên nếu mọi người có đi ngang qua Phạm Văn Đồng hay bỗng dưng muốn uống nước ép thì hãy nhớ quán ""Cô Ba Sài Gòn"" nhé.Xem thêm",98
664,foodee_2cf62d15,21/12/2018 9:09,8.2,"Sáng đi làm, tiện đường nên tấp vào mua thử chai nước ép thơm (quán ngay mặt tiền đường Phạm Văn Đồng). Cảm nhận đầu tiên là nước ép ngon, đậm mùi, giá cả hợp lý (uống hết hồi nào ko hay nên quên chụp hình review). Anh chủ quán (hay là culi bưng bê của quán) quá ư nhiệt tình, vui tính. Chắc còn ủng hộ dài dài, thử lần lượt nước ép ổi, dưa hấu, sơ-ri,....Xem thêm",98
665,Hoàng Nguyễn Minh,19/12/2018 10:15,9.4,"Lượn lờ trên food, tình cờ lượm được địa chỉ này. Đến nơi khác bất ngờ, quán nằm ngay mặt tiền PVĐ, khúc đường ray, không gian thoáng mát, chủ quán dễ thương.
Gọi thử món nước ép hạt lựu, tưởng không ngon mà ngon không tưởng, giá thì quá hợp lý
Sẽ còn ủng hộXem thêm",98
666,Ly Nguyen,1/5/2018 18:04,10,"Cafe ngon. Menu ít món nhưng pha nước ngon.

Cafe sân vườn nên mùa hè hơi hanh xíu. Đi cuối tuần tới lúc sáng tầm 8-9h ăn sáng ún cafe lại phù hợp. Quán thoáng mátXem thêm",99
667,Hieu Pham,25/6/2016 15:07,6.0,Trời mưa quán vắng hoe :)Xem thêm,99
668,Hieu Pham,14/4/2014 17:13,6.4,"Cafe sân vườn không gian rộng rãi thoáng mát. Chỗ này gần nhà nên hay ra uống cà phê. Quán nằm trong hẻm nên khá yên tĩnh. Ngồi làm việc hay học bài được, quán có nhiều cây xanh nên khá mát mẻ. Đồ uống bình thường, phục vụ bình thườngXem thêm",99
669,Thảo Nguyên,29/6/2019 18:58,1.0,"Nhóm đem rượu vào, nhân viên và quán biết, hết rượu còn bán thêm rượu khác cho khách. Khi thu tiền lại thu thêm 100k tiền rượu trong khi bạn đầu thấy đã không nói. Khách phản ánh thì bảo quy định có dán trong quá. Bà chủ đi hết quán không thấy quy định ở đâu , suy ra thực tế không có quy định đó nhưng thấy khách đem rượu vô muốn phụ thu thì phụ thu. Khách phản ánh thì chày cối ( bảo trên tường em dán hình chai rượu là không cho đem rượu vô đó anh. Nhìn trên tường thì hình trang trí có luôn hình người Châu Phi, Cocacola gì gì nữa, không một chữ nào, ngộ ha) còn đòi giảm chỉ lấy 50k phụ thu ( không hề thấy trong quy định). Tất nhiên là nhóm mình không trả khoản vô lý đó. Làm ăn gian dối, bẫy khách hàng. Có 1 bé nhỏ 5t đi theo tính nửa vé. Phục vụ lúc cần gọi chả thấy, tính tiền kêu 5,6 lần do bận đứng nói chuyện. Đồ ăn thường không ngon gì. VAT thì cũng không thấy nói cũng không thấy dán ở đâu cả, nhưng khách vẫn trả VAT.Xem thêm",100
670,Khôi Anh,7/6/2019 12:13,1.0,"Dở tệ, nhân viên hình như chỉ biết có mở vài bài nhạc, một bài mở đi mở lại cả chục lần. Chỗ để thức ăn nhìn là biết không chuyên. Bắt đóng 10% VAT, nhưng đòi hóa đơn thì nói sẽ gởi qua email. Không bao giờ quay lạiXem thêm",100
671,Linh Huỳnh,28/5/2019 19:16,7.4,"Thấy thịt thà ở đây đa dạng và sốt ngon nè, có cơm chiên tráng miệng các thứ cũng ngon, giá rẻ cơ mà xa trung tâm quá :< tiền xăng ra đây cộng vô chắc cũng bằng tiền ăn buffet nướng trong trung tâm òi, tiện cho mấy bạn ở xa thuiXem thêm",100
672,foodee_cxnp9ght,18/2/2019 21:33,3.4,"Vô buffet mà k thấy gì đáng để ăn. Thay vì ăn ở đây tốn hết 350k(2người) thì ra ngoài ăn thoải mái hơn. 
Còn thêm phần thuế GTGT (10%) chả biết từ đâu ra.Xem thêm",100
673,Joey Tran,18/2/2019 21:08,2.0,Đi nhiều quán ăn mà chưa có quán nào lại bắt buộc KH tính tiền thêm Thuế GTGT yêu cầu xuất hoá đơn đỏ thì biện đủ mọi lý do và cuối cùng không xuất được mà vẫn tính phíXem thêm,100
674,Thuý Hà Nguyễn,1/5/2018 20:02,9.0,"Quán ướp ngon, giá lại rẻ,phục vụ tốt hihiXem thêm",100
675,HUY NGUYEN,10/1/2019 17:50,8.8,"Mình đặt 8 ly trà sữa kèm khoai tây chiên và cá viên chiên, khoảng 20 phút có, thức ăn còn nóng, nhưng ok nhất là sự nhiệt tình của hai vợ chồng bà chủ quán. Sẽ quay lạiXem thêm",101
676,NganHa,10/1/2019 10:18,9.6,"Trà sữa của quán ngon lắm lắm luôn nhé , Công ty e là khách ruột luôn , tút tân Bình mà vẫn oder vì k cưỡng lại nổi ạ. 
Quán ship có tâm quá chừng . Ly k đá mà đầy nóc lun, đá bỏ riêng tiện lợi k lo mất vị đâu ạ
Thức ăn nhanh của quán cũng ngon lắm . View ok . nhạc nhẹ nhàng , không gian mát lạnh sạch sẽ 
Anh chị chủ dễ thương cực lun í 
Chắc chắn sẽ đến quán lại :*Xem thêm",101
677,Lâm Lê,7/1/2019 14:37,10,TUYỆT VỜIXem thêm,101
678,Dung Vo,18/5/2016 14:55,8.6,"Quán trang trí bắt mắt, món ăn ở đây rất đậm đà giá lại rất mềm. Phục vụ rất nhiệt tình. Phải giới thiệu bạn đến ủng hộ mới được.#Beefsteak Ghien#Cảm Thấy Tuyệt#Xem thêm",102
679,Thu Hoai Nguyen,11/10/2015 0:55,7.2,"Thấy trên foody nên ghé ăn thử, mình gọi 1 phần bò né và 1 phần beefsteak, bò né thì ngon, còn beefsteak thì làm k giống mấy quán mình hay ăn, hình như là chiên sơ 1 mặt ý nên ăn chín hơi dai, đc cái thịt bò ngon mak phần ăn cũng đủ no. Không gian thì nhỏ bình dân.Xem thêm",102
680,Tram Nguyen,17/7/2015 22:24,7.4,"Quán mới mở, có diệp ghé thăm bạn thấy quán trang trí dễ thương, đang đói nên vào ăn thử...tương tự 3 ngon như nêm nếm đậm vị hơn, phần bò cũng nhiều hơn chứ ko giống bò ướp sẵn cắt lát ở 3 ngon...ăn ngon giá mềm...lần sau sẽ rủ thêm bạn đến ủng hộ quán...Xem thêm",102
681,Vô Thường,30/6/2017 10:38,3.8,"Biết quán này từ hồi còn là sinh viên học ở quận 9 cả chục năm trước, là khách quen của quán mỗi khi muốn đổi gió. Mà dạo này làm ăn kỳ cục, nhất là ở khâu tính tiền, đứa em kêu cá tai tượng chiên giòn, cân ký cho coi 1,5kg, lúc ra tính tiền 2kg1, ngoài ra còn hay có vụ kê thêm bia, thêm giá. Mọi người lưu ý.Xem thêm",103
682,Thanh Xuân,1/3/2015 21:29,6.4,"Tuy nằm hơi xa trung tâm nhưng được cái không khí rất trong lành. quán nằm dọc theo bờ sông nên rất mát mẻ. có cây xanh nhiều, đặc biệt có 1 cây si to đùng cho các bạn chụp hình siêu đẹp. Quán có võng để nghỉ ngơi... 
Giá cả cũng vừa phải, món ăn phong phú lắm: chuột đồng, rắn, cá, lươn, chim... đủ hết
Sẽ tiết kiệm hơn nếu đi theo nhóm. Bạn nào chán cảnh ồn ào, đông đúc của tp thì có thể đến hồngký để thử cảm giác thôn quê yên bình nhéXem thêm",103
683,Quân Jason,16/10/2014 9:19,8.2,"Hôm qua đi ăn với người yêu, không gian yên tĩnh rất thích hợp để tâm sự. Giá cả tuy không rẻ hơn so với thành phố nhưng bù lại số lượng và chất lương thì nhiều hơn hẳn. Đĩa thịt nhìu không độn rau gấp 1.5-2 lần so với trên đó. Chủ quán vui vẻ xin gì cũng cho thêm, mình là khách quen của quán, hay lên đây mua thịt ướp mang về để dành ăn, gấu nói sẽ rủ lên đây nhiều lần nữaXem thêm",103
684,jenny,9/9/2018 11:26,9.0,"Bánh trung thu nhân tan chảy ở đây mình thích lắm nè, có cả 10 vị nhân, 1 hộp 6 cái, bao bì làm quà tặng cực đẹp, bánh thơm ngon ăn không bị ngánXem thêm",104
685,Nhung Duong,25/1/2018 20:26,8.2,"- Mình có đặt 1 hộp bánh quy 500g giá 250k ,cũng hơi mắc so với giá bánh quy ở siêu thị.Nhưng thấy cũng đáng vì có tới 8 dòng bánh quy cho mình lựa chọn.Chủ shop dễ thương,tư vấn rất nhiệt tình về từng dòng bánh để mình . Cuối cùng mình chọn Mix 8 vị luôn )) . Hộp đẹp nè. Thích nhất là bánh quy socola chip , bánh giòn,socola chip đắng nhẹ. Thích lắm mà bị đứa em ôm giành ăn gần hết T.T. Sẽ ủng hộ tiếp shop tiếp nghen hihi :3Xem thêm",104
686,Foodee_gpf8vbgl,25/1/2018 19:55,7.4,"Bánh quy nhân mứt trái cây !!😊😊😊😍
Thật sự thì trước đây chưa từng thích ăn bánh quy. Bởi do nó béo ngậy, ngọt quá mức cho phép nên rất ngán. Trong đầu chỉ nghĩ bánh quy chỉ dành cho các cô chú lớn tuổi, ăn và nhâm nhi tách trà. 
Vậy mà lần đầu tiên thử bánh quy nhân mứt trái cây này lại thích. Thích bởi sự kết hợp quá lý tưởng. Cảm nhận đầu tiên mình có không hề gây ngán. Không hề béo ngậy mà thay vào đó độ ngọt vừa phải kết hợp với nhân mứt trái cây chua chua. Thích lắm lâu. 
Không chỉ thích bởi độ ngon của nó mà mình bị thu hút bởi độ dễ thương của hộp bánh. Nhìn xinh lắm luôn. Mình mua về cho gia đình dùng thử thì ba mẹ cũng khen ngon. 
Mọi người mua làm quà tết là tuyệt vời luôn í. Các bạn tha hồ chọn nhân mình yêu thích .Một hộp có 4 nhân (Nhân dứa truyền thống , nhân trà xanh, nhân dừa , nhân phúc bồn tử) .Mình thì lại mê đắm đuối e phúc bồn tử luôn. Giá cả phù hợp lắm nha mn. 
Xứng đáng bỏ ra để nhận về một món quà ngọt ngào như thế nàyXem thêm",104
687,KOSMETIC .,6/7/2015 12:16,6.8,"Mình là khách ruột của quán với 2 món: gà tiềm ớt hiểm & gà rang muối nguyên con (nghe nói là gà từ Nghệ An mang vào, gà ta rất chắc thịt, đừng mua cánh gà rang muối là gà công nghiệp thì ko ngon bằng). Nguyên con có thể ăn 4 người
Salad nga cũng rất ngon nhưng khá cay. Cơm chiên cá mặn cũng ổn.Xem thêm",105
688,ham hố huê,4/8/2014 8:20,7.2,"Hồi xưa dc tổ chức sih nhật ở chỗ này,đồ ăn nhanh gọn lẹ,cũng ngon.giá cả thì k biết
nhưng mà nhìn quá sạch sẽ,sang trong,với có hò nước nên nhìn phong cảnh hữu tình lắm ý
quán k phải đặt chỗ trươc,và có rất nhìu bàn nên đi đông thoải máiXem thêm",105
689,paka panda,25/5/2014 21:34,6.2,"Hoa viên có không gian lớn và thoáng mát nữa, mình có hỏi em phục vụ tại sao lại đặt tên là Ao Đôi nhưng bé bảo không biết nên mình vẫn tò mò cái tên này đến giờ.
Món ăn đa dạng nhưng mình không thấy món nào mang đặc trưng riêng, tất cả đều ở mức trung bình. Nhân viên phục vụ hình như đa số là sinh viên nên khá hiền và ít nói.
Không gian thoáng  đãng và rộng rãiXem thêm",105
690,ngoc nguyen,30/11/2019 22:01,7.4,"Bạn bè rủ đi ăn nhện chân dài mà không biết là con gì, thế là đi ăn vì câu nói đùa của tụi nó. Rủ chồng đi ăn cùng hội bạn, tụi mình đi ăn 4 cặp, đi đông ăn cho nhiều món
Đến quán thì em chân dài có 3 con nhưng người ta đã đặt 2 em, còn lại 1 em duy nhất. Thế là tụi mình hốt luôn em nó về đội, em nặng 2kg4. Giá 1 kg của em chân dài là 1 triệu 950k.
Sao khi hốt e nó làm 2 món thì đối với dân số hơi đông tụi mình làm nhẹ thêm em tôm hùm, làm thành 3 món.
Bạn mình thì kêu thêm ốc hương, cơm, các kiểu...
Mình thì ăn thôi vì ngon quá mà.
_ Vị trí: quán nằm ngay mặt tiền, rất dễ nhìn thấy
_ Không gian: thì rộng rải, tụi mình chọn bàn trong góc, chủ yếu là có ăn nhiều cũng không ai nói, sao ốm mà ăn nhiều vậy 🤣
_ Giá cả: cũng tương đối, theo mình thì không mắc lắm
_ Chất lượng: quá ok, ngon lắm luôn, chắc chắc sẽ quay lại đây ăn nữa, vì hải sản tươi, đồ ăn thì hợp khẩu vị
_ Nhân viên: nhiệt tình, thân thiệnXem thêm",106
691,Ngọc Thạch Đoàn,31/10/2019 19:06,6.8,Các món ăn ngon. Phục vụ nhanh. Sẽ quay lạiXem thêm,106
692,Ngọc Thạch Đoàn,27/10/2019 13:02,7.4,"Quán mở đã lâu, khá đông khách. Hải sản tươi sống, ngon, giá cả hợp lý, khu quận 9 ăn vầy khá ổn. Nhân viên phục vụ nhanh, tận tình. Mình đến đây ăn mấy lần rồi mà không viết review được do chưa có tên quán trên foody. Hôm nay rảnh rỗi nên review luôn cho quán nhéXem thêm",106
693,Louis T,3/7/2018 19:46,1.6,"Lần đầu tiên trong đời tôi ăn món gỏi rau muống, rau thơm dầu giấm với gà. Gọi 1 con gà chia làm 2 món hấp (trong hình chụp, mình chỉ mới ăn 2 miếng) và món gỏi, dở không thể tả. Khi gọi món tôm nhân viên báo 330k/1kg, tính tiền thì báo 400k/kg, sai cũng không xin lỗi. Cứ như lừa đảo.Xem thêm",107
694,KB Thúy,21/1/2018 20:35,7.4,"Quán này nằm trc bến đò qua chùa châu dốc 3. Đi đường nguyễn xiển thấy biển rẽ vào bến đò là thấy. Quán ăn kiểu gia đình nhé. Quán có nhận giữ xe để qua chù luôn
Menu ít món. Món ngon của quán là gà, tôm sông và cá. 
Bọn mình chỉ order gà thôi. 1 con gà bóp gỏi và nấu cháo, lòng thì xào bầu  thêm 1 dĩa cơm chiên tỏi
Cơm chiên khá ngon, ráo dầu và thơm
Gà ngon, luộc và xé phay, gỏi rau muống giòn và thấm, cháo cung ngon nữa
Món ăn lên nhanh lắm, mình ko nghĩ gà luộc lên nhanh đến vậy luôn
Nhân viên nhiệt tình, vừa thấy ăn xong là dọn dĩa liền
Bọn mình đi 7ng ăn hết có 540k, vừa no mà ngon
Ngồi ngay bờ sông ăn gió mát và thoáng lắm, ngồi ăn mà buồn ngủ luônXem thêm",107
695,Dao Nguyen,11/1/2017 9:22,7.8,"Mình ăn nhiều lần ở đây rồi, Quán nổi tiếng với món Lẩu tôm, tôm nướng, cua rang me và cá lăng nướng. Giá cả ở đây cũng trung bình mỗi người ăn tầm 300k là noXem thêm",107
696,Thanh Duy,7/10/2020 19:29,4.2,Combo 2 mua về bỏ thiếu thịt chân giò. Mới nãy mua tại quánXem thêm,108
697,Nguyễn Annie,9/8/2020 21:16,4.6,"Giá thì đắt hơn những chỗ khác và dịch vụ cũng tệ hơn. Chất lượng đồ ăn thì cũng bình thường chẳng có gì đặc sắc. Nhân viên thì mỗi người 1 cái đt chẳng thèm để ý khách, kêu 5 lần 7 lượt mới nghe. Đã vậy lúc tính tiền mình thấy không như trong menu nên mình có hơi ngơ và có nhìn lại menu trên tường để cộng lại vì mình nghĩ mình tính nhầm. Nhưng bà đó thấy mình vậy xong kêu là menu đó cũ lắm rồi, lên giá lâu rồi em :)) Nếu lên giá thì sao không sửa tạm trong menu nhỏ để khách biết? Không có 1 thông báo gì luôn để hồi tính tiền thành ra nhìn mình như con dở :)))) Nói chung là DỊCH VỤ QUÁ TỆ! 
ĐỪNG ĂN CHỖ NÀY NẾU KHÔNG MUỐN RƯỚC BỰC VÔ NGƯỜI.Xem thêm",108
698,Photocopy Minh Hùng,7/12/2018 15:57,4.0,"Ăn 1 lần ko ăn lần 2. quá tệ quá
Nhân viên phục vụ ko thiện cảm tý nào..
giá mắt hơn mấy chỗ khác nhìuXem thêm",108
699,Thao Mung,24/5/2018 18:23,3.8,"Địa điểm khá dễ tìm nằm ngay mặt tiền Man Thiện
Chưa xét đến đồ ăn nhưng phuc vụ quá tệ thật ra là không phục vụ thì đúng hơn. Bê đồ ăn ra không chén không đũa không gia vị thêm. Kiểu muốn ăn thì tự qua bàn khác lấy.
Đồ ăn cũng bình thường 
Nói chung là không quay lạiXem thêm",108
700,Meo Cú,25/12/2017 15:47,6.8,"• Nằm trên mặt tiền đường Man Thiện, không quá khó tìm.
• Không gian khá thoáng mát nhưng lại không rộng rãi cho lắm. Cũng chỉ chứa được 6 7 bàn. 
• Menu khá đa dạng, giá hơi cao so với chất lượng. Mình gọi 1 phần tá lả 55k, phải gọi thêm nem chua rán. Bún đậu tạm, nói chung bình thường. Riêng đậu rán thì khá tệ, còn tích khá nhiều dầu, không giòn. Trà tắc khá ngon.
• Quán của cặp vợ chồng người Bắc nên phong cách phục vụ cũng mang hơi hướng của người Bắc, không nhiệt tình. Wifi tốt.
• Không quay lại.Xem thêm",108
701,Mỹ Thẩm Đỗ,19/11/2017 18:09,7.4,"Ngon. Rau nhiều. Đậu béo, giòn rụm nóng hổi. 
Trà tắc cực ngon nhé. Lại còn gần nhà nữa.
Này là phần 2 ng.
Sẽ quay lại.Xem thêm",108
702,Phát Nguyễn,19/10/2017 14:58,9.0,do bạn rủ đi nên ghé ăn thử. Nếu so vs các tiệm trong sài gòn thì không bằng nhưng ở quận 9 thì nó là ngonXem thêm,108
703,Mio Phan,5/10/2017 9:05,8.6,"Mình ăn ở quán này cũng lâu lắm rồi do đợt đi chơi thèm bún đậu giữa chừng 😂
Mình goii 1 phần đầy đủ cho 2 đứa ăn + 2 nước mơ
Bún ngon, đậu giòn, béo thơm, thịt luộc cũng khá là ok, nước mơ pha cũng ổn, hơi ngọt tí 😆
Có một điều mà mình rất thích ở đây đó là có kẹo cao su sau khi ăn xong để mình có thể làm sạch miệng với mùi mắm tôm 😂❤️❤️
Nhân viên ở đây cũng khá chu đáo, nhiệt tình, quán hôm mình đi cũng không quá đông nên phục vụ nhanh
Không gian cũng rộng rãi với thoáng ^^Xem thêm",108
704,uyên lê,21/5/2017 20:53,3.6,"Hôm nay ăn ở đây lúc 7h15... bụng rất đói ...2 người vào kêu 1 tá lả + 1 đậu thêm... nghĩ bụng kêu từ từ ăn cho nóng... thế là lúc sau kêu thêm 1 phần bún thêm... chủ quán bảo hết... đành ngồi ăn đậu k ( đậu cũng k ngon)... lúc sau khách vào.... bà chủ lôi ra bịch bún... nghĩ đúng mắc cười... có mà k bán.... quán thế đố ai quay lại...
Nói chung k ngon và sẽ k quay lại nữa.... rất tức....Xem thêm",108
705,Meo Cú,5/12/2020 8:43,8.8,"• Nằm trên mặt tiền đườnh TVD, gửi xe ở sân sau quán

• Mình thỉnh thoảng là chạy ra đây ăn. Menu đa dạng, giá cả phải chăng, nước mơ và nước sấu khá ngon.

• Không gian rộng rãi, có máy lạnh luôn, đi trưa thì không lo nóng

• Phục vụ thân thiện nhiệt tình.

• Sẽ quay lạiXem thêm",108
706,Anxu Le,16/8/2020 14:08,8.2,"Mọi lần đến vẫn hay gọi combo, đồ ăn rất ngon. Không gian hơi chật.Xem thêm",108
707,Meo Cú,27/6/2020 8:44,8.4,"• Lâu lâu quay lại, quán vẫn vậy không có gì thay đổi

• Mình gọi 1 phần tá lả thêm bún và đậu, trà đá và trà tắc. Khá bất ngờ vì tương đối nhiều, 2 người no căng bụng mà chỉ có 102k. 

• Không gian cũng rộng rãi, và đặc biệt là ở đây không có nhiều ruồi như những quán khác, được trang bị máy lạnh.

• Nhân viên lịch sự, thân thiện.

• Sẽ quay lại.Xem thêm",108
708,Hiếu Hòa,14/1/2020 8:15,7.2,Phần mình gọi là combo2 nhìn cũng khá nhiều nhưng so với quán ở trên hình 2 mẹt thỳ ít hơn tý.Trên đường này có nhiều quán bún đậu lắm nha hình cuối là quán ở trên quán này mình k nhớ tên bạn nào thích ăn thử quân nào cũng đông như nhau -.- đi tầm 7h là k có chỗ ngồi máy lạnh.Nhân viên cũng dễ thương bưng ra khá nhanh chung quy có dịp sẽ quay lạiXem thêm,108
709,Nguyễn Thuý Bắc,10/9/2019 13:55,7.2,"mình đặt phần tá lả 65k, tiệm đóng gói cẩn thận, thịt luộc và bún 1 hộp riêng, chả cốm nem chua đậu phụ lòng chiên 1 hộp riêng. tiệm có kèm bịch rau sống với đầy đủ tía tô dưa leo diếp cá, mắm tôm có tắc và đường đóng bịch đi kèm.
rồi, bắt đầu chê.
bún của tiệm khá ướt và nồng mùi rượu, không biết có phải bún để lâu nên phải rửa qua rượu cho bớt mùi không.
thịt, lòng heo, chả cốm, nem chua ok. lòng heo chiên nhưng ăn vẫn cảm thấy là đồ còn tươi.
đậu phụ cắt miếng dài chứ không phải miếng vuông, ăn khá là dai, đậu không thơm.
mắm tôm là thứ mình đánh giá là tệ nhất ở tiệm. mắm tôm lỏng le nhạt thếch, mình bỏ đủ đường và tắc rồi quấy lên như nước lã (mình còn ko dám vắt hết quả tắc vì mắm lỏng quá) mắm không thơm, vị rất chán đời.
một phần ăn no luôn vì rất nhiều, nhưng mắm và bún quá dở nên mình sẽ không ăn lại nữa.Xem thêm",108
710,Thuỳ Trang Trương,28/5/2019 15:41,5.8,"Ăn đây cũng nhiều lần rồi hài lòng về thức ăn. Lần này gọi giao hàng, mong nhân viên quán kiểm tra trước khi đưa, thiếu gì ko thiếu thiếu mắm tôm mà nhà mình cũng ko có , chỉ tội a shipper phải quay lại quán lấyXem thêm",108
711,Trâm Anh Nguyễn,24/4/2019 17:20,9.0,"Nhiều khi mình muốn ăn thử chỗ khác, nhưng thật sự không quen 😢 cứ phải ăn ở đây, không chi nhánh này thì chi nhánh khác, thật sự rất rất hài lòng. Combo hai người ăn còn có cả nước, sạch sẽ ... nói chung ko chê đc 😭❤️Xem thêm",108
712,Yến,21/7/2018 17:04,9.4,"Phần tá lả xuất sắc 👍
Mắm tôm có thể nêm nếm tùy khẩu vị
Phần tá lả có thịt, chả giò, chả cốm, đậu hũ, dồi, v.v... Mình siêu thích chả cốm ở đây 👍
1 phần tá lả ăn là đủ no luôn
Có thể kêu thêm các thành phần món
Menu cũng khá đa dạng
Giá cũng phải chăng
Được miễn phí kẹo gum
Không gian hơi ngộp chút xíu nếu quán đông khách
Chỗ giữ xe nằm ở kế bên quán (trong quán ốc)
Tóm lại thì bún đậu mắm tôm ở đây xuất sắc 👍Xem thêm",108
713,GiaGa_97,26/4/2018 23:43,9.2,"Hình như thủ đức được quán này là best nhất
Combo phần 2 người 130k gồm tá lả ăn no nê, nước, khăn và singum
Hễ ăn là ghé quán, cứ ghé miết!!Xem thêm",108
714,hongvanlt,27/3/2018 13:37,6.8,"🔎 Vị Trí: Quán nằm ngay trên đường nên dễ tìm. Chỗ để xe vòng ra sau quán có bảo vệ giữ. 

📦 Không gian: Quán khá nhỏ, đi ít người chứ đi đông vào giờ cao điểm không có chỗ ngồi. Quán nhìn sạch sẽ, sơn màu vàng và treo tranh tạo cảm giác giống ở ngoài Hà Nội.

🦀 Chất lượng: Gọi 1 phần tá lả 55k với bún thêm, chả cốm thêm no muốn xỉu luôn( 2 ng ăn). 1 phần tá lả có 4 miếng thịt chân giò, dồi, ruột non chiên, đậu hũ, rau, chả cốm. Thích nhất đậu hũ ở đây, miếng đậu hũ to chiên giòn rồi cắt ra chứ không như mấy chỗ kia là cắt nhỏ rồi chiên. Miếng đậu hủ ở đây ngoài giòn, trong mềm, cắn miếng nào giòn miếng đó. Thịt chân giò, ruột non bình thường, k có gì đặc biệt. Chả cốm ăn dai dai thấy cũng bình thường. Dồi không ngon, ăn một miếng là thấy hơi ngán.Ngán nhất là bún. Bún lá mà mềm quá, dính chặt với nhau ăn mau ngán, ăn cứ ớn ớn sao á. Có ng hợp có người không. Riêng mình ăn không quen nên ngán. Mắm tôm thì loãng quá nên chấm thấy không khác biệt lắm so với những quán kia. Quán có bán nước sấu, nước mơ như những quán bún đậu khác, thấy nước sấu ngon chứ nước mơ dở. Về tổng thể thì quán này cũng được.

📌Giá cả: Từ 37k/phần. 

🎉Phục vụ: thân thiện.Xem thêm",108
715,Mèo Méo Meo,13/11/2020 21:21,8.0,"65k phần 1 người nhưng mà nhiều lắm ăn ko hết luôn ấy, đồ ăn nhìu là mình thích. Đậu hủ đây ngon, ngoài giòn trong mềm nóng hổi. Mắm tôm hơi lỏng nhưng cũng ok. Chị bán hàng vui vẻ.Xem thêm",108
716,Meo Cú,10/6/2020 15:25,7.0,"• Nằm trên đường Hồ Thị Tư, đối diện nhà sách Fahasa, dễ thấy

• Không gian nhỏ, nóng, tù túng

• Menu đa dạng, 1 phần tá lả 65k thì phải. Đối với mình thì khá ngon, không có gì phàn nàn về hương vị trừ ruồi quá nhiều.

• Cô chủ lịch sự, nhiệt tình

• Sẽ quay lại.Xem thêm",108
717,Meo Cú,15/3/2020 4:22,6.8,"• Nằm ngay góc LVV, HTT nên cũng khá dễ thấy.

• Chi nhánh này mình cũng rất hay ăn, mặc dù không gian nhỏ và hầm cực kỳ, đi vào giờ cao điểm là không có chỗ ngồi luôn.

• Giá cả cũng như những chi nhánh khác, không đắt không rẻ, nếu so với bên Man Thiện thì bên này ok hơn.

• Nhân viên lịch sự, nhưng do khách đông nên cũng không nhiệt tình lắm.

• Sẽ quay lại.Xem thêm",108
718,Bảo Trân Phương,2/5/2019 19:28,1.0,Lần trc ăn ở chi nhánh H-famil tăng nhơn thì không có bún còn giờ ăn chi nhánh Lê văn việt thì không có mắm tôm ☺️ hỏng biết nói gì hớt ...Xem thêm,108
719,Mai Béoo Phô,1/4/2019 12:46,1.8,"Hôm bữa mình ăn ở chi nhánh Lê Văn Việt, lúc 21h mấy tiệm cũng gần đóng. Mình ngồi bàn trong nhà và trong lúc ăn thì mình thấy rõ ràng bàn kế bên có những con gián con bò chạy giỡn lên xuống cái bàn. Thiệt sự sợ kinh khủng. 

Thứ 2, mình nên khuyên là chén riêng nên đem cùng đồ ăn, vì khi để sẵn ra bàn thì rất lại dơ, mà lại không có khăn giấy khô. 

Thứ 3, mắm tôm là linh hồn của bún đậu. Mà mình thấy mắm tôm mắn, không được được ngon, không chút ấn tượng gì cả.  :( 

Thứ 4, là khi khách đang ăn hay khách tới cũng phải có trên bàn đồ nếm như đường hoặc tắc sẵn. Nhưng không, mình có kêu thêm 1 mắm nhưng nhân viên cũng dẹp luon hủ đường & tắc. 

Xem qua thì cũng thấy quán toàn feedback không tốt. Ăn xong lên Foody mới thấy feedback, không dám quay lại lần sau. 👎Xem thêm",108
720,Quỳnh Vũ,27/2/2019 17:36,1.4,"Tệ! Linh hồn của bún đậu là mắm tôm nhưng mắm tôm của quán rất nhạt nhoà, không ngon, không ấn tượng, đến ""tạm ổn"" cũng không. Lòng heo có miếng bị đắng, dồi trường rất dở. Đậu thì quá nhàm chán, mình còn ăn phải miếng thịt luộc cũ, có vẻ sắp hư nên có mùi tanh rất khó chịu. Không gian quán thì nhỏ, có vẻ không sạch sẽ. Mặc dù mình rất dễ tính trong việc ăn uống nhưng phải nói là quán rất tệ. Sẽ không bao giờ quay lạiXem thêm",108
721,NiLo,23/10/2018 11:08,2.2,"Mình đi vs gấu vào ăn thái độ phục vụ thì như kiểu ép tụi mình ăn vậy á, gọi 2 phần bún đậu 50k mà nhìn như 1 phần chả cốm hình như là chỉ cắt 1 ng ăn thôi...thực sự tụi mình rất hay ăn bún đậu nên mới ghé thử quán này mà mình thì rất ít review nhưng cái này phải nói qá tệ rất tệ và chẳg còn lời nào để nói nên phải lên đây nói để mọi ng biết và né luôn quán này nếu không tin cứ thử rồi biết mình nói có đúng không.
À còn nữa mình gọi 2 chai stig nhưng chỉ uốg 1 chai khi tính tiền mình có nói tụi em uốg 1 chai à trả lại chị 1 chai nhé...thì chị đó nói qán không trừ đc lấy dùm đi...ơ ngộ zậy thì chỉ trừ bill ra thôi nhưg mình cũg ok lấy luôn...nói chug hệ thốg cửa hàng bún đậu này nên dẹp luôn cho rồi....ko đáng tiền ăn chút nào qá mắc mà bỏ tiền còn gặp thêm cái thái độ phục vụ tệ nữa.
Tệ từ cách phục vụ cho tới món ăn.Xem thêm",108
722,Bao Tran,18/10/2018 12:13,1.6,"Mua mang về đứng chờ 30’ ngoài trời giữa trưa nắng, ko có chỗ ngồi đợi
Giá thì đắt
Không bao giờ quay lại lần 2Xem thêm",108
723,phamthulinh,4/6/2018 10:32,4.6,"Mình gọi một phần tá lả 65k ăn hai ng. 12k hai ly nước mơ là 24k, hai ng uống k hết
Mắm tôm.pha hơi mặn. Bàn ghế sạch sẽ. Khăn ướt có xài thì thu thêm 1k. Phục vụ cũng nhanh. Các món ăn kèm như dồi, chả cốm... Đều nóng. Thích ăn đậu chiên vì nóng và giòn hơn các quán khác nhiều. Se quay lai.Xem thêm",108
724,Jolly_Thu,15/7/2017 11:30,1.6,"Thấy foody đăng bài là 9h
9h45 gé quán em nv bảo 10h mới mở cửa
Vì lỡ đi đường xa nên ngồi chờ
Nhưng đồ ăn bưng ra thật rất thất vọng
Xuất hai người ăn 124k
Chủ quán và nhân viên nc thì ko có gì để cmt luôn
Đã vậy đi sớm còn được chủ quán ưu ái cho ăn đồ cũ hôm qua (chắc chắn là đồ cũ vì mình ko phải mới ăn bún đậu lần đầu)
Được mỗi đậu hủ là nóng mà cũng chiên 3,7,21
Nói thật đi hơn 30p để ăn mà thất vọng
Cập nhật để gặp còn néXem thêm",108
725,Diễm Trương,30/3/2020 15:43,7.0,"Thương hiệu H- Famil mình ăn rất nhiều lần ở chi nhánh***chi nhánh Tam Hà dù gần nhà hơn nhưng mình lại mới ăn có 1 lần, không ấn tượng nên ko có quay lại. Hồi hôm có thử quay lại lần nữa, ai dè thấy đồ ăn vẫn ko bằng chi nhánh trên*** Lòng thì bị đắng, thịt thì mỡ không, mang khay bún ra nhìn hết hồn, mỡ như thế này làm sao mà ăn nổi, nhìn là thấy ngán rồi. Có mỗi dồi là ăn được nhất trong mâm. Nước pha bình thường, hơi ngọt
Trong thời buổi bệnh dịch, ngại dùng đũa chung, mình có xin 2 đôi đũa dùng 1 lần mà quán không cho, nói là chỉ để cho đem về, thôi thì nói bán cho khách cũng được vậy. Vừa trả lời không cho cái là thấy mất thiện cảm rồi.
Nói chung là Tam Hà cũng còn vài quán ăn ổn, thịt thà trong mâm nhìn cũng đỡ hơn bên quán, chắc khó quay lạiXem thêm",108
726,Bạch  Nguyễn,14/2/2020 8:47,9.4,"Ngon, 65k rất nhiều, 2 người ăn khá no. Có điều mắm nêm thêm một tí nữa là đủ.Xem thêm",108
727,Trâm Hoàng,20/12/2019 16:16,8.8,"Phần này 100 mấy à, mà nhiều dữ dội luôn. Mình với bạn mình 2 đứa ăn không hết í. Không kêu thêm bún hay đồ ăn gì đâu. Phần 2 người nó sẵn vậy ấy. Giao hàng cực nhanh. Đồ ăn còn nóng hổi luôn.

Khi mình nhận hàng thì thâht bất ngờ vì hộp to và nặng quá đi. Rau cho bọc riêng, khá nhiều. Mình ăn mặn mà quên xin thêm mắm tôm, nhưng không sao, bạn mình ăn ít mắm tôm.

Đậu ở đây khá to. Cá nhân mình thích đậu xắt hình lập phương chiên giòn ngoài còn bên trong thì xốp mềm. Đậu ở đây khá đặc.Xem thêm",108
728,Linh Lê,1/8/2019 23:40,8.0,"Đồ ăn ngon, đặc biệt mình rất thích kiểu nem rán ở đây, có độ dài và lớp vỏ ngoài giòn. Đậu chiên cắt miếng vừa ăn được chiên ráo dầu ăn không ngán. Rau thì nhiều và tươi vô cùng. Nói chung là ổn, đáng thử.Xem thêm",108
729,trcv9313,12/4/2019 19:46,5.0,"Đồ ăn không ngon bằng cơ sở Tô Vĩnh Diện . 
Đặt cà pháo mà giao không có  .Xem thêm",108
730,Hân Bảo,16/1/2019 16:16,8.2,"Đồ ăn rất ngon , món nào cũng ngon ngay cả nước chấm cũng ok luôn :D kêu combo được tặng 2 ly nước với 2 khắn ướt ăn xong còn được hai viên kẹo nữa...phục phụ rất nhiệt tình và dễ thương :3 được cái không gian rất ok có phòng máy lạnh nữa... chỉ góp ý một chút là đồ ăn thì ok rồi mà phần hai người bún hơi ít một chút ^^ cơ mà nói chung là ngon.Xem thêm",108
731,Gymer Ăn Kiêng,2/12/2018 17:33,9.0,"Như các bạn thấy đó, bún đậu ở đây được bày trí khá bắt mắt thực khách, thịt củng như rau xanh nhìn rất tươi và sạch sẽ. Đậu rán ráo dầu nên có lớp vỏ rất giòn, bún cắt khúc vừa miệng, thịt luộc được thái miếng vừa phải, ấn tượng nhất là phần nhân của dồi trường được nhồi rất chắc và được nêm nếm vừa ăn, nem rán giòn vỏ và có phần nhân bên trong dai dai rất vừa ý mình. Trà xí muội hơi ngọt :))) nhưng vẫn ổn.
Phục vụ dễ thương, anh bạn thân mình lỡ tay làm đỗ mắm ra sàn, 2 chị nhân viên vẫn vui vẻ làm vệ sinh giúp mình. Rất đáng khen. Củng xin lỗi quán về việc đó.Xem thêm",108
732,Sofia Nguyen,12/7/2018 3:14,7.2,"- Mình mua mang về một phần tá lả cho một người ăn giá 65k nhưng siêu nhiều đồ ăn,ăn cả hai người mới hết.Bún lá chắc,cắt ra từng miếng vừa ăn,chấm với mắm tôm đậm vị ăn cực thích.Đậu hũ là một điểm sáng,từng miếng chữ nhật mỏng được cắt mỏng vừa ăn,chiên vàng đều ngập dầu,dù bên ngoài giòn tan nhưng bên trong không hề bị khô và vẫn giữ được mùi thơm,vị ngọt nhẹ cùng với độ béo bùi mọng nước. Thịt chân giò mềm dai nhưng hơi mỡ xíu,chả cốm ,nem chua và chả giò chiên dù mang về khá lâu nhưng vẫn giữ được độ nóng giòn và thơm nức.Đặc biệt ở đây có món dồi chiên khá ngon,thơm mùi sả và đậu phộng cùng một xíu the the cay nhẹ của ớt,ăn ở quán mà gọi thêm để nhâm nhi thì nhức nách.Tuy nhiên có một điểm trừ là chả giò không được ngon lắm,hơi nhạt với lại có một xíu cháy khét ở lớp vỏ.Nhưng nhìn chung thì ăn ở đây cũng ok,giá cả tốt với chất lượng thì miễn bàn.Nếu có dịp mình sẽ quay lại ăn tại quán xem như thế nào ^^Xem thêm",108
733,foodee_34cefa4f,8/6/2020 20:20,10,"Ngon và hợp túi tiền, ít dầu mỡ, mình với Mẹ là khách ruột ở đây, sẽ ủng hộ dài dài, yummy ❤️❤️Xem thêm",108
734,Trang,1/10/2019 14:13,5.8,"Đã ăn ở đây và order về mấy lần
Ăn ở quán đồ ăn ok, ngon nước chấm đậm
Order thì được 4 lần 2 lần đồ ăn giòn nóng, 2 lần sau thì nguội và đồ ăn ít hơn so với trước
Hình ảnh đi ăn (bên phải) phần 2ng và thêm 1 phần bún đậu nem hay gì mình quên rồi
Order về thật sự hnay rất thất vọng về sản phẩm của quán, mình order 1 phần 70k và 1 bún đậu nem rán là như hình (trái); đồ ăn k giòn dầu lại nhiều trước đó 3 tháng trước lại k bị vậy
Thất vọng về quánXem thêm",108
735,Thi Hạ,12/7/2019 11:41,9.2,"Tính ra quanh khu vực này với cái giá của quán là quá rẻ.
Đồ ăn thì ko cần nói rồi, cả nguyên hệ thống quán này chỗ nào cũng good. Nếu nói ở sài gòn thì đây là 1 trong những quán ngon và chuẩn nhất. Mắm tôm ở Mấy quán  khác toàn bê ra nguyên chén mắm chưa pha để khách pha sao thì pha. Nói thât là mình ko chịu đc mùi mắm tôm nên sợ mùi mắm chưa qua chế biến lắm. Còn ở đây mắm đã chế biến rồi nên ko lo đau bụng và ko hôi mùi mắm tôm chỉ vắt tắc bỏ ớt vào là ăn ngay. 
Buổi trưa mình thấy quán rất đông khách chủ yếu là nhân viên văn phòng. Còn buổi tối cũng đông nhưng thoải mái hơn. Cho nên buổi trưa đi ăn mà hơi có chút phục vụ ko đc chu đáo thì cũng thông cảm đc. 
Túm lại là Bún Đậu ở Sài Gòn thì chỉ nên ăn ở hệ thống của Bún Đậu H-Famil thôi
9đ đánh giá.nhéXem thêm",108
736,Camie,7/5/2019 21:20,2.8,"Nếu ko thay đổi thái độ phục vụ thì có ngon đến mấy ko quay lại nữa. 
Thái độ xấc xược, ko tôn trọng khách hàng, bê giấy lau với kẹo ra thì vứt ngang mặt khách. Khách hỏi, gọi đồ thì nói giọng kiểu khó chịu, mặt vênh váo, thái độ như ko muốn bán ko muốn phục vụ vậy đó....!!!
Đồ ăn thì tuỳ hôm, có hôm ngon, có hôm bún với đậu có mùi thiu.Xem thêm",108
737,Pooh Luv Food,24/12/2018 12:44,6.8,"Bữa đó mình đi kiếm quán gỏi ngan, mà quán đóng cửa, loay hoay sao lại thấy quán này nên ghé vào thử. 
- Không gian: sạch sẽ, mình không ngồi phòng trong, ngồi ngoài thấy thoáng mát rất thích
- Bún đậu: đậu giòn, chả cốm ngon, mình không thích chả giò lắm tại nhân hơi ít và hơi dầu. Mình gọi 1 phần và gọi thêm chả cốm nữa, ăn xong no căng. Giá cả cũng hợp lý.Xem thêm",108
738,Selena Luciola,13/11/2018 7:06,7.2,"It is super close to my house. I am not a big fan of Bun Dau Mam Tom and I gave it a try. It is very good, nice decor and friendly service. Drinks are amazing. If you go by 2 people, take a combo for 2, included drinks.Xem thêm",108
739,Bích Phụng Bùi,25/10/2018 16:08,8.2,"Trong 1 lần vô tình đi dạo kiếm đồ ăn thì phát hiện ra quán này.
Lần nào mình cũng đi 2 người nên gọi phần combo 130k (bún đậu ăn no + free nước cho 2 người nhé)
Lúc trước mình hay ăn bún đậu A Chảnh hoặc Bụng Bự quán, nhưng từ ngày phát hiện ra quán này thì mình chỉ toàn ăn ở đây.
Nhìn đồ ăn cũng sạch sẽ, nên thành ra con bạn của mình lần nào 2 đứa gặp k biết ăn gì cũng ghé đây.
Chỉ có 1 điều chưa ưng ý lắm, mắm tôm ở đây thường được pha sẵn rồi, ra chỉ việc bỏ ớt, mà mình thấy mắm ngọt, lần nào cũng phải nặn 2 - 3 trái tắc. Theo mình nghĩ là cứ đưa mắm nguyên chất là được, tùy khẩu vị mỗi người pha cho phù hợp (ở ngoài bàn đã có sẵn đường, tắc, ớt rồi mà)
Nhưng chung quy lại là mình hài lòng và sẽ tiếp tục ăn quán này 😁Xem thêm",108
740,dung,4/9/2018 23:24,2.0,"Hôm trước đi ngang quán này, nhìn qua thấy trang trí cũng đẹp; mình bước vô ăn thử; định bụng ngon thì thành quán ruột luôn, dẫu sao cũng gần nhà mình. Nhưng mình thề là mình sẽ không bao giờ đặt chân đến quán này lần thứ 2. 
1. Vô quán bún đậu, thiệt sự là muốn ăn gì đó thanh đạm, gọi thêm rau nữa. Tuy nhiên cô nhân viên đã làm mình vỡ mộng rằng: "" ngoại trừ bún đậu (25k), thì món gì khác (>40) cũng có con ơi"". 
Ok fine! Mình gọi món khác.
Mình gọi bún đậu nem chả (sao kêu hết đậu mà lại có bún đậu nem chả ở đây :v)
2. Mình ngồi trong phòng, phòng với bếp lại không vách ngăn, sực nức mùi dầu chiên nóng ơi là nóng.
3. Nhắc tới vụ đồ uống là càng tức. Trước giờ ăn bún đậu tắc auto free mà, hôm nay nhận thức của mình đã thay đổi :))
Mình gọi trà đá (2k), sau đó mình ngứa tay vắt thêm nửa trái tắc vào ly trà, đang thèm chua mà. 
Thế mà dm, ra tính tiền ly trà 2k biến thành 15k chỉ vì cái tội táy máy tay chân và chưa phi tang dc 3 hạt tắc trong cái ly ))
Tổng kết lại, đồ ăn ở đây k có gì đặc biệt so với các quán khác, giá cả tầm 40k không mắc, nhưng phục vụ thì tệ quá. Thôi thì mình vẫn quyết định nên trung thành với quán A Đậu quận 2 hoặc Mẹt Thủ Đức. Dù hơi xa tí nhưng ăn xong thấy thoải mái hơn nhiều.Xem thêm",108
741,Hennry Ho,10/10/2020 12:53,9.0,"Quán xin Cảm Ơn những Quý khách đã bình luận và đánh giá cho quán. Quán rất lấy làm XIN LỖI và mong Quý Khách bỏ qua về những thiếu sót của quán trong thời gian qua. 
 
 Quán sẽ rút kinh nghiệm và cố gắng hoàn thiện hơn nữa để phục vụ quý khách một cách tốt nhất khi sử dụng dịch vụ của quán.

 Một lần nữa xin Cảm Ơn và kính mong Quý Khách sẽ luôn ủng hộ Bún Đậu H-Famil.Xem thêm",108
742,He Lee,19/12/2019 15:20,9.2,Đi đón con đói bụng nên vào ăn thử xem sao mình gọi combo 2 người đầy ụ đồ ăn tàu hủ giòn béo béo mắm tôm củng được chả cốm ngon lắm thơm mùi cốm rau tươi xanh hình như sáng quán bán cà phê thì phải mình ăn 1 combo 2 người và 2 ly trà đá tổng thiệt hại 100 mấy rất đáng tiềnXem thêm,108
743,Tiny,22/10/2019 23:11,7.0,"Chời ơi nói thật chưa bao giờ ăn bún đậu mà rẻ như chỗ này luôn.
Giá gốc 130k/mẹt to chà bá như vầy cho 2 người mà mình nghĩ 4ng ăn đủ luôn đó
Review chi tiết: một mẹt chuẩn đầy đủ với bún ép chặt, đậu chiên giòn các bề mặt, thịt giò xắt dày, thịt nạc ít mỡ ăn đã miệng chứ không mỏng lét như nhiều chỗ, dồi nhân chắc nịch cắt dày nữa, 2 cây chả giò rế, phèo chiên giòn có chút hơi dai và cho thoải mái rau bún luôn nha, mắm tôm ăn khá ổn, pha ít đường thôi nhé. Order mẹt 2 người bưng ra hú hồn luôn, tưởng nhầm không hà. Nhiều đây 2 người chiến không hết mẹt phải bỏ bún lại luôn đó, thật sự phần này tầm 3-4 người ăn mới hết, chia ra mỗi người tầm 30 mấy k rẻ xỉu nha. Chưa kể còn có thêm 2 ly nước tự chọn nữa, mình chọn nước sấu và nước mơ. Cả 2 loại đều có hơi ngọt một chút nhưng cực chất lượng, có 2 trái sấu thôi nhưng trái nào cũng to đùng ăn thích cực luôn í
- Ngoài ra ở đây còn có bún chả nữa đó. Chả viên cực kì ngon và vừa miệng, thêm thịt nướng cũng xuất sắc lắm luôn. Gắp miếng bún chan miếng nước mắm đã được nấu và pha loãng mặn mặn ngọt ngọt ngon muốn rụng rời. Thật sự thì mình không thể nghĩ món bún chả này lại xuất sắc đến vậy đó, must try nhaa
Quán mới mở, có phòng máy lạnh luôn nè nhưng mà ăn mắm tôm trong phòng máy lạnh dễ bị ám mùi, cơ mà dạo này nóng quá :(( cô chú chủ khá thoải mái vui vẻ.
Nhược điểm xíu xiu là hơi xa, tận Thủ Đức nên ai đang ở Thủ Đức phải ghé đây ăn thử nha. Có tới 4-5 chi nhánh ở Thủ Đức, Q9 lận nè
-----------
🌟Đánh giá: 4/5🌟
📍H' Famil, 18A1 đường Tăng Nhơn Phú, P. Phước Long B, Q9 (gần cao đẳng Công Thương, ngã tư đường 61 giao với Tăng Nhơn Phú)
💸Combo mẹt bún đậu 2 người + nước: 130k, bún chả: 40kXem thêm",108
744,Bảo Trân Phương,30/4/2019 18:19,1.0,Bún đậu mà không cho bún nè cả nhà 🥰Xem thêm,108
745,Hương võ,5/3/2019 14:33,1.0,Thấy review tưởng ngon nên đặt ai dè ăn dở tệ. Mình thuộc dạng dễ ăn mà thấy bún này dở nhất trong các quán mình ănXem thêm,108
746,Nguyễn Oanh,27/12/2018 19:52,9.0,"Mih hay ăn bún đậu mắm tôm mak tình cơ dí ngang vào quán an thử thì phải nói là ngon thôi rồi. Mẹc đầy đủ chỉ co 65k mak ăn k hết
Bình thương mih hay ăn lề đương 61 mak từ ngày biết quán này chak nghỉ ăn mấy kia hết quâ. Măm tôm thì khỏi bàn đúng chuẩn mak phần bún đậu với mắmm tôm chỉ 25k mak chất khỏi noi... ủng hộ quán nhiệt tình
Không gian đẹp- phục vụ nhiệt tình dêz thươngXem thêm",108
747,Vần Ơ Vơ,27/12/2018 12:46,9.0,"Quán mới mở gần trường cao đẳng công thương, vô tih đi ngag vào thì quất thoii . Vì mình là Fan ""bún đậu"" . Đợt ăn ở chi nhánh bên le lăn việt nên mới biết tới thương hiệu bún đậu H-famil mak bên chi nhánh LVV quán hơi nhỏ, thường hết sớm nhiều khi muốn ăn cũng không được. May sao lần này có thêm chi nhánh mới gần trường cao đẳng công thương sát nhà nên ngày nào cug phải làm mẹt .
Quán rộng rãi , không gian thoáng đãng, đồ ăn miễn bànXem thêm",108
748,Duy Minh,17/12/2019 12:36,9.0,"Tối hôm qua mình có ghé quán ăn 1 phần bún tá lả, cảm nhận bún ngon không bị bể, rau ko có kinh giới chỉ toàn rau thơm, thịt đùi 3 miếng dày (chắc vì giá thịt heo đang lên) mắm tôm hơi ngọt, chả cốm không thơm mùi cốm như ở 1 quán ở đề thám mình ăn quên tên quán mất rồi, nhưng tổng hợp lại ăn củng tạm, nem rán ổn, phèo non có cắt phần thừa ăn ngon, dồi ổn, tổng hợp lại được 8/10 điểm, gần nhà nên sẽ ghé quán ăn nếu thấy thèm bún đậu mắm tôm, à trà chanh hơi ngọt, quán có máy lạnh nhe!Xem thêm",108
749,Nguyễn Phương,9/11/2019 13:55,3.6,Rau sạch.Xem thêm,108
750,Jas Jen’s House Jason,25/5/2019 8:28,9.8,"Đồ ăn khá nhiều, ngon. Lúc nhận hàng còn nóng hổi. Lâu lâu ăn đổi vị rất ổn.Xem thêm",108
751,Nhật Minh,6/9/2020 19:19,9.0,Bún bị chuaXem thêm,108
752,Duy Uyên,21/6/2020 22:04,10,"- Đồ ăn ngon rẻ , phù hợp giá tiền
- Bạn nhân viên thân thiện , dễ thương, nhanh nhẹn 
- Quán trang trí đồ ăn xinh xắn, sạch sẽ
- Có kẹo dành cho khách sau khi ăn xong nữa. 
Chắc chắn sẽ quay lại khi thèm.Xem thêm",108
753,Tiên Đặng,12/6/2020 21:29,8.8,"Lần đầu tiên mình đặt, cũng hơi bị bất ngờ do quá ổn 🤣🤣🤣
Mình là đứa tối hay ăn ngoài. Mà đặc biệt thèm bún đậu. Một tuần nhiều khi ăn 3-4 bữa bún đậu. 
Hồi trước hay đặt 36 phố phường mà phốt thái độ (chính mình trải nghiệm) nên dã từ luôn. 
Giờ kiếm được quán ưng, giá ổn sẽ tiếp tục gắn bó!
Mình mua phần 35k, gồm bún đậu + chả cốm + chả giò
- Đóng gói sạch sẽ, rau nhiều. Có diếp cá luôn, dạo gần đây rau diếp cá khá đắt nhưng quán vẫn cho khá nhiều, có cho thêm cây kẹo nữa!
- Mắm ngon, bún ngon (mình ấn tượng bún, mềm dẻo hợp khẩu vị)
- Đồ ăn nhiều. 
Vì mình ăn bún đậu như ăn 1 bữa cơm nên mình chỉ muốn chi trả tầm 30-35k cho 1 bữa thôi.
Quán rất phù hợp với yêu cầu của mìnhXem thêm",108
754,Hà linh Pham,30/12/2019 13:22,10,"Món ngon đậu hũ giòn , béo . Mắm tôm chuẩn . Menu nhiều món đa dạng và giá cả phù hợp .👍Xem thêm",108
755,Hiep Nguyen,22/11/2019 10:22,5.0,"Đi ăn nhiều quán nhưng k bằng ở đây nhiều món, nước chấm rất ngon tui ghiền,ăn lần 2chén mắm phục vụ nhiệt tình quán tủ của mình.hẹn ngày mai!Xem thêm",108
