UserID,User,Review Time,Rating (10),Comment,RestaurantID
1,Tú Trương,14/9/2022 13:50,10,Lâu rồi ăn lại vẫn ngonXem thêm,1
2,foodee_0b7560b3,20/6/2022 10:43,10,"Phục vụ nhiệt tình, không gian nhà hàng sạch sẽXem thêm",1
3,foodee_6a3ad014,20/6/2022 10:42,10,Đc của ló nhaXem thêm,1
4,foodee_0806bc0b,20/6/2022 10:42,10,Phục vụ tốtXem thêm,1
5,Ly,20/6/2022 10:38,10,"Món ăn ngon, phục vụ tốt, không gian thoải máiXem thêm",1
6,foodee_1f49e0ba,20/6/2022 10:37,10,Nhân viên phục vụ tuyệt vờii lắm ạXem thêm,1
7,Thanh Lâm TL,24/5/2021 23:22,10,Nếu muốn thử lẩu sao không ghé kichi kichi !!!Xem thêm,1
8,Tú Trương,24/5/2021 5:39,10,"Hơi bị nghiện đồ ăn ở đây, luôn có nhiều thay đổi mỗi lần mình đến và làm khách hàng vui vẽ, hài lòngXem thêm",1
9,Ngannguyen6888,23/5/2021 16:16,10,"Nhân viên nhiệt tình, nhờ hỗ trợ sạc điện thoại hay lấy thêm đồ ăn nhân viên vẫn rất vui vẻ luônXem thêm",1
10,Nhi Hoàng Yến,23/5/2021 13:38,10,"Bò nhúng lẩu rất ngon mềm, nước chấm thần thánhXem thêm",1
11,Jenny,30/11/2021 17:53,8.8,"Lần này trải nghiệm tốt hơn. Thức ăn ngon, lên đồ cũng khá nhanh. Nhân viên Nam phục vụ nhiệt tình, lịch sự lắm. Nhân viên nữ thì ko dc nhiệt tình bằng, có yêu cầu cũng ko trả lời gì, hơi lầm lì.Xem thêm",2
12,Huyền Ngọc,3/5/2021 14:01,3.6,"Tối qua khoảng 21h mình đi ăn cũng gia đình, không biết có phải do nhà mình vào quán trễ không mà một số bạn nhân viên khá khó chịu. Đồ ăn, panchan thì thiếu đủ thứ nhưng do các bạn nói khách sáng giờ đông nên nhà mình cũng ok. Nhà mình đi trễ nên còn 2,3 bàn gì đó thôi nhưng mỗi lần gọi các bạn nhân viên rất khó khăn, trong khi mình thấy các bạn đứng chúm chụm 1 chỗ nói chuyện và có vẻ như muốn lơ bàn mình. ĐỈNH ĐIỂM LÀ một bạn nam ( vì ko có bảng tên nên mình ko xác định được) thay vỉ cho bàn mình và bạn làm rơi thịt xuống đất và rơi lên người mình, mình im và lượm miếng thịt lên không nói gì nhưng đáp lại là sự kênh mặt bỏ đi của bạn?? Mình khá bất ngờ vì đây là hành động của 1 bạn nhân viên làm việc tại chuỗi nhà hàng lớn. Mình không hiểu quản lý bên cửa hàng train bạn kiểu gì mà thái độ cũng như nghiệp vụ nhân viên TỆ như vậy. Mình đi ăn mất tiền chứ không phải đi ăn xin, nếu cảm giác khách đến trễ làm các bạn không vui các bạn có thể không nhận khách chứ đừng mang cái thái độ đó đi phục vụ. Mình đọc qua các cmt khác từ năm 2019 và thấy trải nghiệm ko tốt khá giống mình mà sau thời gian dài ko thấy 1 sự cải thiện nào của nhà hàng. Golden Gate nên xem lại về cách training nhân viên của chi nhánh này để các khách hàng sau có trải nghiệm tốt hơn.Xem thêm",2
13,Thảo Ngọc Linh,21/6/2020 9:51,6.6,"Cũng cả năm rồi mới quay lại đây ăn lại. Nói chung lần này minh có trải nghiệm ổn hơn lần trước rất nhiều về chất lượng cũng như cách phục vụ. Mình đi tầm tối và có book trước bàn nên vừa vào là có bàn liền, sau đó full bàn luôn. 

mình đi 3 người, gọi phần combo thịt nướng gồm sườn heo, ba chỉ heo,ức bò và dẻ sườn hoàng đế. với 1 cái lẩu bulgogi. Chất lượng thì chỉ có thịt nướng la ngon thôi, ướp ngon, vị thấm, nướng lên rất vừa ăn, sốt với panchan ăn kèm cũng ngon, rau được refill thoải mái nhung nhân viên ko hề có thái độ nào. Lẩu thi sau bao nhiêu lần ăn ở chi nhánh này vẫn không ưng lắm ( trước ăn vị rất ngon, rất đậm đà nên lần nào mà gogi thi cũng auto lẩu hết). 

Nhân viên phục vụ thường xuyên, thay vỉ nướng cho khách, dọn dẹp khi thấy bàn chất, nướng dùm khách luôn, thanh toán vẫn rất tươi cười dễ thương.Xem thêm",2
14,Duy Nguyen,8/3/2020 16:54,1.0,"Tôi mới ghé hôm qua, khách không đông. Nhân viên thì chậm hết sức tưởng tượng. Gọi xin đồ nướng thì hỡi ôi!!!!Xem thêm",2
15,anhtai,15/9/2019 14:54,3.2,Hay vào đây nhưng ăn ở đây chỉ duy nhât 1 lần ko bao giờ quay lại. Quán thì vắng khách mà oder quá lâu. Lâu lắm là lâu. Tính tiền thì gọi 1p 30s xong rồi :)))))))))) nói chung rất tệ về NV phục vụXem thêm,2
16,Kitten183 ...,3/9/2019 17:40,5.8,Có việc cần đi aeon nên sẵn ghé ăn luôn chứ k mình ăn ở chi nhánh nguyễn kim rồi. Phục vụ bỏ cái dĩa xuống như muốn dằn mặt kh vậy. Kbg ghé ăn ở đây nữa. Canh mặn lắm lun. Rau cũng thiếu lá vừng nữa :((Xem thêm,2
17,Nam Bird,3/9/2019 13:30,3.2,"đợi món dài cả cổ, order thì ko tập trung thiếu món. Quán vắng mà ra món chậm ko chấp nhận đc . đồ ăn cũng bt ít ra cũng phải bù lại phục vụ .Xem thêm",2
18,oanh132,21/8/2019 13:53,6.6,"Mình ăn ở Gogi chi nhánh Aeon mall Bình Dương cách đây tầm 1 tháng nhưng bây giờ mới có thời gian để review. Phải chụp ảnh lại để về viết review cho mn vì quá tệ! 
1. Về chất lượng đồ ăn: dở hơn so với những lần trước mình ăn ở Gogi. 
- Riêng món miến trộn quá tệ, vị quá mặn??? (Ko phải nhận xét chủ quan, vì cả bạn đi cùng mình cũng bảo thế.) Ko muốn so sánh nhưng mà Miến trộn 89k ở đây ko bằng Miến trộn 50k ở Hanuri 😂😂😂 
- Cá nhân mình thấy sốt chấm cũ của Gogi ngon hơn. Ko biết đổi từ bao giờ? 
- Các bạn có thể nhìn thấy dĩa rau trong ảnh, đây là dĩa rau full và mình chưa đụng chạm gì. Theo mình nhớ trước đây thì còn có cà rốt, dưa leo, ớt sừng??? Mình cũng ko biết do quán quá đông nên chất lượng còn kém hay do quán đổi mới chính sách ạ??? ☹️☹️☹️
2. Thái độ phục vụ: Tạm ổn. 
Ngoại trừ chất lượng đồ ăn thì thái độ phục vụ tạm ổn ạ, ko có gì xuất sắc cũng ko có gì chê trách. 

Chốt lại, mình và bạn đã chờ hơn 30ph để được vào Gogi Bình Dương ăn tối, nhưng đáp lại sự chờ đợi thì mình nhận được chất lượng như thế này đây!!! Hoàn toàn thất vọng về trải nghiệm gogi lần này ạ! 
Cám ơn mn đã đọc. Đây hoàn toàn là những trải nghiệm thật nhất của mình.Xem thêm",2
19,foodee_c127624b,29/7/2019 12:03,10,"Không gian nhà hàng đẹp, view chụp hình rất lung linh và chanhhh xả luôn. 😍😍 Nhân viên thì nhiệt tình, đáng yêu và thân thiện nữa.. 👍👍 Đồ ăn thì rất ok, thịt bò mới nướng xong vừa thơm vừa mềm 😊😊. Nhưng chắc do mình đi vào ngày cuối tuần nên khi đến thì ko có bàn phải đợi tầm 15ph 20ph gì đấy. Mà tóm lại là goodddd..Xem thêm",2
20,Nguyễn Yến,28/7/2019 23:10,8.0,"Quán đông lúc vào thì như bị bơ luôn á.. Gọi món lau lên.. Mà chất do quán đông.. Xíu quán vắng thì thấy ok hơn 
 Món ăn ngon.. Nhân viên cũng được a quản lý siêu tốt bụng chu đáo...
Cho a quản lý 10/10 luônXem thêm",2
21,Linh K Nguyễn,7/12/2020 14:25,8.6,"Món Bánh Bèo Bì Hơn 100 Năm Tuổi Ở Bình Dương 🤨

Cứ như ở Sài Gòn không có bán bánh bèo nên gu của con bạn tui là phải chạy xuống tận Lái Thiêu để ăn đúng dĩa bánh bèo nó thích. Mặc dù quê mình ở đây nhưng cũng lâu rồi mới có dịp ghé lại với tiệm bánh bèo khá nổi dưới BD này 🌝

Quán Bánh Bèo Bì Mỹ Liên 1
Đường DT 745, P. An Thạnh, TP. Thuận An.

Quán này nằm gần chợ Búng, nay thuộc thị trấn An Thạnh, huyện Thuận An, tỉnh Bình Dương, nói rõ cho mấy bạn dễ tìm. Không gian quán khiến mình cảm thấy khá thỏai mái khi bước vào, bàn ghế rộng rãi và tiếp khách ân cần. Món lên nhanh và gọn gàng, nước mắn ớt các thứ có đầy đủ luôn. Menu cũng kha khá món ăn kèm như bì cuốn hay nem, hạt điều,.. gía cả ổn áp ăn ở đây chắc chắn sẽ lăn vì thật sự rất nhiều :))))

Đến đây tất nhiên mình sẽ gọi ngay 1 dĩa bánh bèo, giá nay đã là 35k/phần. Nói về phần ăn thì ấn tượng với từng miếng bánh nhỏ khá đều nhau, có 1 màu trắng muốt và đc phết thêm đậu xanh trên đĩa. Bánh bèo thì tất nhiên phải có bì, lớp bì ở đây sẽ đx trộn với thịt nạc thái sợi nhỏ xíu vừa ăn, kèm thê chút thính bạn sẽ cảm nhận đc vị bùi bùi dễ chịu. Rau ăn kèm ở đây mình thấy đặc biệt và ổn áp lại cho nhiều đúng cái ý mình 🤤. Đó là dưa leo bằm sợi, rau thơm cắt rối, cà rốt củ cải trắng ngâm chua. Nước mắm bì gồm hỗn hợp nước mắm ngon pha loãng với nước ấm, đường, củ kiệu thấu chua, cà rốt sợi thấu chua, tương ớt, chắc là phải có tí bột ngọt cho đậm vị hơn. Sau cùng ăn theo kiểu ngon lành cành đào nửa thì quết thêm chút hành phi lên bánh và đậu phộng rang giòn, ớt cay tươi nữa là có dĩa bánh bèo bì hoàn hảo. Rồi rưới lên nước chấm chua ngọt, có lẫn sợi củ cải và cà rốt bào nhuyễn, thêm muỗng ớt bằm cay xè, nhìn đã hấp dẫn.

Đây là ý kiến cá nhân của mình, bạn hãy đến và trải nghiệm rồi hashtag #bigmoutheatmore chia sẻ cùng mình với nhé 😝Xem thêm",3
22,Nhật Minh,25/12/2019 14:37,9.6,"Vị trí: Nằm mặt tiền đường Tỉnh lộ 745, gần chợ Búng nên khá dễ thấy.
🚗 Có khoảng sân phía trước để cho khách để xe máy. Đi xe hơi thì có thể để ngoài đường trước quán rồi vào ăn. (Kiểu khách tự trông xe).
---------------------
Không gian: Rộng rãi, sạch sẽ, thoáng mát, nhìn rất sang & lịch sự. Lúc mình đi thì 10g sáng nên quán cũng ít khách. Tầng trệt là quán, khu phía trước là chỗ ngồi ăn. Còn các tầng khác & khu còn lại là nhà ở.
---------------------
Nhân viên: Cũng ok, lịch sự, lên món nhanh 👍 
--------------------
Giá: Mình ăn Bánh Bèo Bì: 35k /1 dĩa. 
--------------------
Chất lượng: Bánh bèo ăn cực ngon💯. Có cả đậu xanh trong dĩa bánh nữa🤤. Không gian thì vô cùng thoải mái. Nhìn quán cũng rất sạch sẽ, ngăn nắp👍. Nói chung là cũng không uổng công lặn lội đường xa để đến đây😊. 
--------------------
Các bạn có thể tham khảo thêm về quán bên dưới nhé!
👉 Follow Instagram @kenkuaile to explore more places and foods📌Xem thêm",3
23,Thảo Ngọc Linh,27/11/2019 22:58,6.4,"Chỗ này nổi tiếng lắm nha, nhà mình xa chỗ này lắm mà lâu lâu thèm vẫn tới quán này ăn. Bánh bèo ngon nè, 1 dĩa rất là nhiều nha, trình bày đẹp mắt, đậu xanh thơm, bánh bèo mỏng nên là không có ngán, bì ăn siêu thích, bì không có mỡ nha, xài thịt nạt thôi nêm bì không bi ướt ướt, ăn cũng không ngấy nữa. Còn bì cuốn là thuộc hàng best seller nha, cuốn to tròn, rất chặt tay, nhân bì cho lhas là nhiều luôn nên ăn thích nè, chấm nước mắm gia truyền nên ăn đậm đà lắm. Có mua về thử hộp bún thịt nướng mà không ngon bằng 2 món kia nha. Giá thì có lên chút rồi, bì cuốn 9k/cuốn, bánh bèo 30kXem thêm",3
24,Phương Nhi,15/11/2019 2:01,7.8,"Ngon, chất lượng
Mình đi 3 người gọi 
+ 3 dĩa bánh bèo bì, mỗi dĩa 30k, bì toàn thịt không hà, k có mỡ luôn, không giống bì trong cơm tấm.
+ 1 tô bún bì thịt
+ 4 cuốn chả giò, có kèm rau
+ 3 bì cuốn
Mình muốn thử thêm nem nhưng mà rất tiếc là hết rùi, tiếc ghê, còn có tráng miệng là rau câu và sữa chua nếp cẩm nữa, mình không dùng nên không biết giá. 
Không gian thoáng đãng, mát mẻ, phụ vụ nhanh nhẹn.
Sẽ quay lại nếu có dịp.Xem thêm",3
25,Thảo Ngọc Linh,25/10/2019 20:29,7.8,"Quán này thì ở bình dương nổi tiếng ai cũng biết hết nè, nhà mình xa chỗ này nên lâu lâu có dịp tiện đường mới ghé mua thôi. 

Bánh bèo best ngon, dĩa to rất nhiều bánh, bì thì không mỡ, bì toàn nạt nên ăn ngon lắm, không bị nhớt, nên ăn không có bị ngấy mỡ, nước mắm là cái quan trọng nè, pha chuẩn ghê, độ chua ngọt mặn vừa phải, chang nhiều cũng không sợ bị mặn, ngon chuẩn luôn. Ai không thích bánh bèo thì mình vote bì cuốn nha, cuốn dài mà cuốn siêu chặt tay, không có bị bể đâu, rau thịt hoà quyện chấm nước mắm là ngon xỉu nha. 

Giá mắc nhưng rất là chất lượng luôn. À mà giá bây giờ cũng lên rồi nha, bánh bèo 30k/đĩa, bì cuốn 9k/cuốn, (ăn 3 cuốn là no rồi) ahihi

mình có thử sữa chua nếp cẩm của quán, ăn cũng ok ngon nè, 8k hay 10k/ hủ thôi à.Xem thêm",3
26,Trinh Trinh,29/7/2019 22:32,10,"Mình thường hay ăn bún thịt nước ở đây, quán bình thường đông nhưng đồ ăn làm rất nhanh gọn, thịt nhiều, cả nước chấm cũng nhiều luôn. Ăn ở đây từ bé tới giờ chưa có lần nào thất vọng. Quá tuyệt !!! 😝😝Xem thêm",3
27,hin hìn,28/7/2019 13:50,10,Bao nhiu lần đi học qua. Mình đã thấy ở đây rất rất là đông khách. Nên đã hôm nay quyết định đến đây để ăn thử xem tại sao lại nhìu ngừoi đến mua như vây. Và đúng thật bánh bèo bì ở đây ngon cực. Mềm và đậu xanh thơm lắm. Bì và thịt sợi thì ăn ko bị sơ mà lại rất ngọt. Nước chấm vô cùng vừa miệng. Ăn xong mình còn tiếc z ko ăn đc hết nước chấm. Chưa kể nhân viên phục vụ thì rất là nhiệt tình mặc dù lượng khách vô cùng đông. Quán thoáng mát sạch sẽ. Nói chung là tuyệt vời. ♥️♥️♥️♥️♥️♥️♥️♥️♥️♥️♥️♥️♥️♥️♥️Xem thêm,3
28,Gia Linh,8/6/2019 19:04,10,"Mình không ăn được bì nhưng riêng bì ở đây thì mình ăn được còn ăn nhiều nữa chứ :)). Các loại bánh dai ngon, nước mắm ngon, chả giò mới chiên nóng hổi, to đùng ngon, nếu chấm chung với nước mắm càng ngon hơn. Giá cả vừa phải hợp lý, ở TDM cũng có một quán rất lâu đời mà vị ở đây so với ở đó không khác nhau là mấy.Xem thêm",3
29,Tran Ngo,11/3/2019 19:30,7.4,"Mỗi lần đi Bình Dương mình đều ghé ăn ở đây, quán có từ rất lâu rồi í. Bánh bèo siêu nhiều bì, nước mắm ngọt vừa ăn, nói chung là vị rất đặc biệt.
Bì cuốn cũng ngon nữa, nem ăn chung với bánh bèo cũng rất hợp nạ 😆Xem thêm",3
30,Thảo Ngọc Linh,14/1/2019 14:58,7.6,"Bình dương thì quán này ai cũng biết luôn á, lâu lâu củng ghé ăn hoài.
      bánh bèo bì khá ngon, bì cho nhiều, mà bì là nạc, không phải mỡ nên khô ráo lắm, nước mắm bao ngon, vị ngon, chua ngọt mặn vừa phải, chang nhiều xíu cũng không có quá mặn
       mình có mua bì cuốn về cho người nhà, quán gói cẩn thận lắm, bì cuốn chặt tay nữa, nước mắm cho dư giả luôn.
      bánh bèo 25k/dĩa, bì cuốn 8k/ cuốn hơi mắc nhưng ngon cực kỳ
      không gian rộng rãi, nhân viên nhiều.
      quán có bán đậu phông cháy tỏi với hạt điều rang, có mua ăn thử đậu phộng 30k/ hủ mà cũng bị ghiền luôn rồi, hạt điều lần tới sẽ thửXem thêm",3
31,Bông Anh,8/3/2021 23:32,2.8,"Mình đặt lúc 12h, nhân viên hẹn khách đông 14h30 mới giao được. mình cug ok xong đến 14h30 ko thấy m hỏi lại mới nói giờ e bắt đầu làm giao liền. chờ boài ko thấy đến 16h hơn mới giao. thật sự ko hiểu làm ăn kiểu j, trả lời điện thoại thì kiểu ko thèm khách. nhân viên bất lịch sự!Xem thêm",4
32,Phạm Minh Thùy,6/1/2021 14:20,8.0,"Trà sữa ngon, nhân viên phục vụ chu đáo lịch sự, quán khá rộng rãi và decor đẹp mắt.Xem thêm",4
33,Phúc Bảo Nguyễn,28/6/2019 16:17,2.4,"Nhân viên khi order tỏ thái độ kiểu coi thường khi mình đang xem menu, mặt lúc nào cũng nhăn nhó lườm mình, chưa nghe khách order xong mà đã cắt ngang. Khi có nước nhân viên không hề gọi mình. Mình để ý thì thỉnh thoảng chỉ gọi vài người trong số hơn chục người đang chờ cho có lệ. Nước để lung tung trên bàn, bảng số thứ tự bill khách thì cho chạy rất chậm mặc dù người số đó đã lấy nước từ đời nào. Mình chờ hơn nửa tiếng thấy lâu nên lại hỏi thì bạn nhân viên đưa cho mình 2 ly nước trong hàng chục ly khác đã có từ đời nào. Đá tan nhiều làm cho vị nước rất nhạt so với mình uống ở đây lần trước. Phục vụ thực sự kém chuyên nghiệp. Quản lí nên xem lại cách phục vụ của nhân viên mình, nên chú trọng thái độ của nhân viên và sự hài lòng của khách hàng trước rồi hẳn nghĩ tới lợi nhuận.  Nhân viên đừng cho rằng mình bán hàng cho một thương hiệu trà sữa có tiếng thì mình cũng trở nên thượng đẳng hơn người khác.Xem thêm",4
34,Minh Huynh,26/3/2019 13:48,4.6,"Đặt hàng now nhưng bị hủy nên gọi điện thoại trực tiếp cho cửa hàng, bị chênh lệch phí dịch vụ thì không nói làm gì nhưng sao giá sp cũng chênh lệch vậy. Mua tại cửa hàng 59k, mua qua app 65k, cùng size L luôn. Nếu muốn thì cộng phí chứ đừng có tăng giá lên kiểu này. Cảnh báo cho ai đặt hàng Now nha.Xem thêm",4
35,Thanh Phương,10/12/2018 1:53,8.0,"Nghiện mỗi trà sữa trà xanh trân châu đen size L :))
Không gian quán quá nhỏ, hay hết các loại topping.Xem thêm",4
36,Naruss Bobby,17/11/2018 2:33,3.8,"Trước giờ mình vẫn hay uống dù order size, đường đá..thì thể tích ly trà sữa vẫn đầy. Nhưng gần 1 tháng nay mình thấy GC có mấy bạn nhân viên mới thái độ khó chịu và có lúc còn gian dối bảo tích điểm cho mình rồi nhưng mình check và xem hoá đơn vẫn chưa tích cho mình. Còn pha chế thì xưa giờ mình order cỡ nào thì thể tích trà sữa vẫn đầy ly nhưng mấy ngày hôm nay mình mua thì có nhiều lần thể tích vẫn không đầy một ly trà sữa. Vậy cho mình hỏi size L nó khác size thường chỗ nào vậy bạn ạ. Đề nghị GC xem lại dùmXem thêm",4
37,Phương Dung Bùi,29/10/2018 15:16,6.6,"Chất lượng đồ uống như các chi nhánh khác, mình thì thấy chất lượng hơn, nhất là khoản vệ sinh, không có ruồi trong trà sữa như mình bị ở chi nhánh đại lộ bình dương. Đăng ảnh lên foody thì bị xóa nên cạch luôn gong cha đại lộ bd. Không gian ở đây thoáng, nhưng ko rộng lắm. Mình mua Đào hồng mận và hột é, hơi chua nhưng khá đầm, giống nước mơ hay sấu ngâm, ngon hơn khi uống chung Trân châu trắngXem thêm",4
38,ChangChang,19/10/2018 17:47,5.0,"Đặt trên foody 2 lần, thì 2 lần đều bị nói là nhiều đơn hàng chị đợi thêm nha qui ra tiếng cũng 2-3 tiếng, trong khi mình chỉ cách 4km thôi. Thử hỏi giờ tất cả mọi người đang muốn uống mà chờ lâu vậy thì có khi hết thèm rồi, chưa nói đi làm hết giờ ai về nhà đó ko lẽ ngồi chờ ship trà sữa đến. Thất vọng lắm luôn, nên muốn uống toàn đi mua là nhanh nhất, ở Sg đặt 10-15 phút là foody trên đó đã ship rồi mà ở Bình Dương quá lâu luôn.Xem thêm",4
39,Phat Nguyen,7/10/2018 9:15,7.2,"Thích trà sữa trà xanh tại Gong Cha lắm luôn, mỗi lần đến là toàn order ts trà xanh+ chân châu đen bao hấp dẫn luôn, ghiền, mỗi tuần đi 1 lần ahihiXem thêm",4
40,Rim Nguyễn,24/9/2018 18:25,8.0,"Lúc nào đến gongcha cũng order trà sữa olong trân châu đen cả. 
Trà rất thơm, mình khuyên các bạn nên order 30% đường trở xuống thôi vì trà ở GongCha hơi bị ngọt í.Xem thêm",4
41,T4_ eattheworld,27/10/2020 22:04,8.0,"Có cơ hội đi ngang qua đây nên ghé vào, tương đối rộng và đầy đủ nè 👍🏻👍🏻👍🏻
@t4_eattheworldXem thêm",5
42,Kim Minh Nhật,23/7/2020 21:44,8.8,"Không gian rộng lớn, đồ ăn đồ uống bao la ngập tràn chỉ sợ cái bụng bạn ko đủ chứa thôi. 
Chỉ mong các bạn sau khi ăn xong ở khu vực tự phục vụ thì lau dọn và xếp lại bàn ghế cho người ta đỡ cực nha các bạn.
Yêu thương!!!!!Xem thêm",5
43,Bong Hana,20/11/2017 21:20,7.4,"Mình thấy Aeonmall bán Oden chả cá lâu rồi nhưng hôm nay mới thử. 
🌻Địa điểm: được bán ở khu ăn uống tầng trệt. Sát bên chỗ bán xiên que chiên đó nhen. Không phải chỗ xiên que đối diện quầy chăm sóc khách hàng đâu. Chỗ này nằm ở khúc giữa, gần gần chỗ bán sushi á. 
🌻Giá tiền: 10k/ xiên. Hai xiên là 20k. Nhưng hôm nay có giảm giá nên còn 17k/ 2 xiên.
🌻Oden chả cá dai, ngon, ướp thấm vừa miệng. Nước lẩu chua cay nhẹ cũng ngon lắm. Múc ra còn nóng hổi à. 
🌿Đựng trong ly giấy rất gọn. Mua đi dạo vòng vòng ăn thích lắm. Nên thử nha các bạn trẻ 😘Xem thêm",5
44,QL,19/11/2017 3:41,7.2,"🍒Hồi đợt đi BD có ghé Aeon này
Cuối tuần nên người dân khắp nơi đổ về đông quá là đông

🍒Lại ăn kem tươi thần thánh như mọi lần :))
Chỉ 8k vô cùng chất lượng
🍒Bình thường hay ăn vị trà xanh nhưng hôm nay thử vị dưa gang cũng rất ngon nheXem thêm",5
45,Minh Tho Do Hoang,10/8/2017 15:31,8.2,"Món ăn rẻ, ngon, đa dạng nhìu lựa chọn, không gian thoải mái 
Có thể kế hợp giữa đi mua sắm mà mua đồ ăn 
Có cả món ăn chay nữaXem thêm",5
46,Hiên Lê,31/5/2017 11:07,8.2,"Mình rất hay vào Aeon để mua đồ dùng và đồ ăn. Gia đình mình khá thích món gà rán ở khu thức ăn. Ngoài ra vào các ngày còn có bán bún thái cũng hấp dẫn lắm nhé, shushi cũng rất phong phú và hấp dẫn. Chỉ có điều vào các ngày lễ và cuối tuần khá đông phải chen chúc nhau mua. Rất mệt ^_^Xem thêm",5
47,Munie.Tr,14/3/2017 0:55,8.0,"Siêu rộng và sạch sẽ
Mình cảm thấy hàng hoá đa dạng hơn cả Aeon mall Tân phú (rõ nhất là cửa hàng Nhật đồng giá 40k, khu vui chơi). Cũng có thể là do mình đi Tân phú hồi cuối năm nên ít hàng.
Mình thích bánh mì và sushi + sashimi ở đây. Bánh mì siêu ngon, đặc vị matcha luôn á :)) 
Sushi ăn đc nè, trung bình 6-8k hoyyy à. Cơm nắm cũng ngon lắm ahihiXem thêm",5
48,Ú Nù  Sư Muội,9/3/2017 18:27,5.0,"Đi Aeon Mall thường xuyên mà chi nhánh bên Bình Dương thì lâu rồi mới ghé lại, sáng nay(9/3/2017) đứng ngay quầy thức ăn liền( khu đồ chiên, bánh bạch tuộc) gặp chị nv thanh toán oách vãi. Mình tính tiền, chị ấy hỏi mình có thẻ ko mà mình ko nghe rõ, ""hả"" lại thì bả dòm mình một cái rồi im luôn.Xem thêm",5
49,Khánh Khánh,20/2/2017 14:33,7.4,Tuần rồi tung tăng Aeon ăn được cây kem ưng quá chừng hà.  Coi phim Hàn Quốc thấy hoài à giờ mới được ăn thử. Ăn cũng khá oke.Xem thêm,5
50,Phương,7/12/2016 13:02,9.4,"Trong chuỗi Aeon mall, mình cực kì thích Aeon mall Bình Dương - rất rất rộng, bán rất nhiều đồ đẹp, hầu như hiệu nào cũng có, đồ ăn thức uống cũng vô cùng đa dạng luôn!

Quầy bánh ở đây phải nói cực kì nhiều loại, loại nào cũng ngon cả.

Quầy Sushi thì đa dạng, rất ngon lại còn rẻ nữa.

Mình đi tầm chiều chiều, nên cực kì đông luôn, kiếm mãi mới thấy chỗ trống để ngồi ănnnn!Xem thêm",5
51,Donny  Nguyễn,18/1/2022 13:20,7.0,"Đồ uống ở đây ngon, ghé vài lần khi mua sắm ở AEON thấy vẫn chất lượng. 
Cập nhật đồ uống mới nhanh nhưng hay hết hàng, kêu loại mới hay báo ""Bên em hết loại đó rồi ạ"".
Cửa hàng cuối siêu thị, ngày cửa vào chỗ Nhà sách Phương Nam, tuy nhiên nhìn bên ngoài bị cửa kính che mất cửa hiệu nên tưởng thay bằng Starbucks ở cửa đằng kia.
Nói chung đồ uống ngon, chất lượng, không gian đẹp.Xem thêm",6
52,hongminh9272,24/12/2021 15:32,6.0,"Phúc Long aeon bình dương dạo này bị gì vậy, từ lúc dịch mở lại ly toàn đá to hút lên khó khăn. Mua vào lúc quán ít khách mà nhân viên xay ẩuXem thêm",6
53,Mai Nguyễn,9/12/2021 17:17,5.0,PL ở aeon còn mở hả. Hbua ghé thấy đổi thành StarBuck ùiiiXem thêm,6
54,Ruồi,12/3/2021 13:19,4.2,Mỗi lần muốn uống phúc long là đặt rất rất lâu vì ko có người nhận...hãy có trên grap để tôi có thể uống mỗi ngàyXem thêm,6
55,落尘 宇文,12/1/2021 1:43,2.0,"Trải nghiệm cực kì tệ :((
Mình order 2 ly nước lúc 18h58, 1 ly trà vải và 1 ly ép thơm, và chờ hơn 15 phút vẫn không có, ra quầy hỏi nhân viên kêu là chờ lát vì nước ép làm lâu, lúc này đã có 1 ly trà vải để trên quầy (mình méo biết có phải ly của mình ko). Ok, cầm bill về bàn chờ tiếp, trong khi đó những người xếp hàng order sau mình thì có nước uống cả rồi.
Mình không hiểu nhân viên ở đây làm ăn kiểu gì, bill nào order trước thì phải làm trước chứ, đằng này sau khi chờ tới 19h30 vẫn ko ra nổi 2 ly nước cho mình, mình cọc lên ra tận quầy hỏi thì nhân viên mới đi ép thơm (ép trong vòng 3 nốt nhạc, lâu chỗ nào?). Đem ra bàn mở nắp ra thì thấy ly trà vải tan gần hết đá cmnr, hỏi có cọc ko. Bill 2 ly nước làm trà vải xong bỏ đó cho tan đá, ly còn lại chờ hối mới chịu làm. Và mình cũng không hề nhận được một lời xin lỗi nào từ nhân viên 🙂
Uống ở đây 2 lần mà chưa lần nào hài lòng cả, say bye Phúc Long Aeon Mall Bình Dương!Xem thêm",6
56,Nguyen Nhan,21/5/2020 20:35,10,Nhan vien sieu de thuongggggggggggggggXem thêm,6
57,namdo,27/1/2019 23:11,2.6,"Hôm nay có vào order 2 ly nước, bạn thu ngân có vẻ không vui vẻ lắm!

mua ở SG, ly nước đã ít, toàn đá rồi, mua ở đây còn thất vọng hơn, 50k chỉ được ly regular size, nước thì có chút xíu dưới đáy ly, còn lại toàn đá. chả biết PL bán đá hay bán nước?

quán không hề có khách chờ phục vụ trong khi ngồi chờ mãi mới có nước.

nước thì cho quá nhiều đá, uống nhạt nhẽo, cho cực nhiều đá mà nước nó chỉ dâng lên tầm 3/4 ly.

order 2 ly, 1 trà sữa PL, 1 trà sữa olong, uống chả thấy khác nhau gì. lần sau sẽ ghé gongcha hoặc chỗ bình dân hơn là bobapop, mọi người đừng nên phí tiền vào đây uống.

mình thấy gongcha có triết lý '' dù khách order 0 đá thì ly trà sữa đến tay khách cũng phải đầy đặn''
không cho chọn mức đá mức đường, bán thì toàn bán đá cho khách!Xem thêm",6
58,hồng thu nguyễn,12/1/2019 21:46,5.0,"Đây là ly ts ô long 55k 50 đường 30 đá
Cầm cái ly ko dám hút mạnh sợ 1 hơi hết ly trong khi mình định mua mang về
30 đá thì đc 1/2 ly
Tính ra 1 ly 70% là đá à ? 
PL bán đá hay bán ts vậy 
Sau làm thêm ly size S cho mình cầm đỡ ngại nhé.Xem thêm",6
59,Thanh Huyền,10/1/2019 11:34,10,"Mình hay order Lucky tea. Siêu ngon luôn. Bên trong có vải giòn chứ k mềm mềm như những chỗ khác mình ăn, có lát cam nữa, thơm ơi là thơm🤪 trà đào big sz thì có 4 miếng đào to vc ăn no mẹ luôn, đào cũng giòn chứ k mềm nhũn❤️Xem thêm",6
60,Dani 151,12/12/2018 18:44,2.6,"Thèm Phúc Long nên ghé mua ly trà vải mang về. Do kêu ít đá nên ly nước hơi lưng, về nhà mở ra thì thôi rồi. Được 3, 4 miếng vải 😐. Đã mắc hơn chỗ khác mà còn như vầy thì CẠN LỜI.Xem thêm",6
61,trang,21/6/2022 11:44,6.6,Vô tư vấn thì bảo gọi combo được khuyến mãi 2 loon nước ngọt...đến khi gọi combo thì nhân viên báo nước ngọt khuyến mãi hôm nay hết rồi....tới lúc thanh toán ra về thì lại mang ra 2 loon nước ngọt bảo của phần combo......đồ ăn ngon nhưng kiểu này thì bó tay.Xem thêm,7
62,Mai  Mai,4/2/2022 15:17,3.8,"Bửa nay mình đi ăn tại chi nhánh ở aeon Bình Dương cảm thấy viên phục vụ không tốt, thái độ với khách(nhân viên nữ), bỏ tiền ra ăn buffet mà gọi món mấy lần không thấy lên, quá chán!!Xem thêm",7
63,Do BlueKiss,20/1/2022 12:00,6.8,Thời gian gần đây chất lượng của Sumo BBQ như thế nào vậy các bạn. Dự định tổ chức tiệc nhưng lâu rồi không ghé nên cần hỏi thăm. Bạn nào có thể chia sẻ không ạ.Xem thêm,7
64,Cẩm Ngọc,23/5/2021 16:47,10,"Đồ ăn ngon, tươi. Phục vụ dễ thương.
Có buffet còn có cả gọi món.
Thịt ra là nhìn chỉ muốn mờ lem mờ lem 👌👌Xem thêm",7
65,Quìnn Quìnn,13/9/2020 4:23,9.6,"Đại đa số review ở đây đều ko ok nhỉ ?
Mấy ai cảm thấy ok tuyệt vời lại đi review đúng ko ?

Sao ko thử 1 lần dùng bữa thử tại đây xem
Riêng cá nhân mình, mình cảm thấy ok đấy chứ

Thịt bò ngon, mềm, chất lượng.
Lẩu thì ok, nước lẩu rất thơm
Cơm, mì cũng hợp khẩu vị
Còn có thêm quầy line chè và kem hết sẩy
Nhân viên dễ thương, nhiệt tình, hơi ""ham"" khách chút 😂

Vote: 9/10 🌟🌟🌟🌟🌟Xem thêm",7
66,Đào Phương,11/8/2020 14:09,9.8,"Tuỳ vào khẩu vị mỗi người mình thấy đồ ăn ngon và phục vụ cũng ok mà. Không thể đánh đồng qua 1 vài bài review không ngon. 
Mình thích trải nghiệm thực tế hơn!!!
Nhìn chung mọi thứ ok, chất lượng, trình bày đẹp mắt, đáng đồng tiền bát gạo bỏ ra...  🤪🤪🤪
Căng da bụng - chùng da mắt ốlalaXem thêm",7
67,Unmoomi,5/6/2020 16:36,4.6,"Mình cảm thấy thịt bò ngon, tươi, tuy nhiên không đều. Cùng một món, nhưng có đĩa thịt tươi, mềm, thơm; có đĩa thịt sẫm màu hơn và không tươi bằng. Hải sản thì bở và hôi. Lúc mình đứng trước cửa xem menu và hỏi xem nhà hàng có món gì, nhân viên cam đoan món nào trong menu cũng có đủ. Nhưng lúc ngồi vào bàn rồi, mình hỏi gì cũng xin lỗi nhà hàng hết rồi, ví dụ như món tráng miệng, gỏi hải sản, cá hồi, cá mắt ngọc, vân vân mây mây, gọi tới đâu hết tới đó. Tuy mình chỉ mới ngồi gọi món, chưa ăn, nhưng khi thấy hết mấy món mình thích, mình muốn đổi ý không ăn nữa thì nhân viên bảo là luật nhà hàng vô ngồi rồi thì không được ra nữa. Cảm thấy như bị lừa đảo ý. :""v. Món sushi cá hồi thì đem lên được 2 lần, sau đó nhân viên cũng bảo hết rồi. :""v. Đồ ăn trên line nghèo nàn, hết thì không refill. Tốc độ lên món khá chậm. Sau 9 giờ tối, mình gọi lẩu thì nhân viên đồng ý nhưng 20 phút sau không thấy đem lên nữa, nên thôi mình về luôn. Đi một lần cho biết, cạch không quay lại nữa.Xem thêm",7
68,Quyên Diễm,5/8/2019 1:15,10,"Đồ ăn ngon, nhân viên, quản lý ở đây rất dễ thương và nhiệt tình.. Chắc chắn sẽ quay lại 3😍😍😍Xem thêm",7
69,James Châu,31/7/2019 17:23,10,Cảm thấy thật tuyệt vời khi dùng bửa ở đây. Phục vụ tuyệt và đò ăn ngon lành.Xem thêm,7
70,Ngọc Sơn,31/7/2019 17:20,10,"Ấn tượng ngay từ lần đầu bước vào nhà hàng. Nhân viên quá đổi dễ thương cộng thêm đồ ăn ngon, ra nhanh, đẹp mắt
Chắn chắn sẽ quay lại 🥳🥳🥳🥳Xem thêm",7
71,Hải yến,17/11/2023 15:02,10,Thích ngay cái nhìn đầu tiênXem thêm,8
72,Trang Huyền,17/11/2023 14:20,5.0,Thisch ngay từ cái nhìn đầu tiênXem thêm,8
73,foodee_wbumgfsz,17/11/2023 14:19,6.2,Thích ngay cái nhìn đầu tiênXem thêm,8
74,Nước Mắt Họa Bì,17/11/2023 14:17,10,Thích ngay cái nhìn đầu tiênXem thêm,8
75,foodee_fcmsp3eb,17/11/2023 14:06,5.0,Thích ngay cái nhìn đầu tiênXem thêm,8
76,foodee_x79v6iwk,17/11/2023 14:06,10,Thích ngay từ cái nhìn đầu tiênXem thêm,8
77,hhhhhh0910,17/11/2023 14:04,5.0,Thích ngay cái nhìn đầu tiênXem thêm,8
78,Bui Linh,17/11/2023 14:03,10,Thích ngay cái nhìn đầu tiênXem thêm,8
79,foodee_13qhhpyo,17/11/2023 14:02,6.0,Thích ngay cái nhìn đầu tiênXem thêm,8
80,vntrangbi637,17/11/2023 14:02,5.0,Thích ngay cái nhìn đầu tiênXem thêm,8
81,an nhien,3/11/2023 16:42,10,Món ăn ở đây thật tuyệtXem thêm,9
82,an nhien,3/11/2023 16:40,10,Nguyên liệu tươiXem thêm,9
83,an nhien,3/11/2023 16:39,10,Nguyên liệu tươiXem thêm,9
84,foodee_uy8lnizk,3/11/2023 15:36,5.0,Nguyên liệu tươiXem thêm,9
85,an nhien,3/11/2023 15:07,10,Món ăn thật tuyệtXem thêm,9
86,hồ thị thùy trang,3/11/2023 15:01,5.0,Nguyên liệu tươiXem thêm,9
87,foodee_xk551sx9,3/11/2023 14:54,10,Quá ngonXem thêm,9
88,Nguyễn Thảo,3/11/2023 14:45,5.0,Nguyên liệu tươiXem thêm,9
89,foodee_yv1wcf13,3/11/2023 14:43,5.0,Nguyên liệu tươiXem thêm,9
90,hà my,3/11/2023 14:03,5.0,Nguyên liệu tươiXem thêm,9
91,Cà Phê Espresso,13/6/2019 10:24,8.0,"Mì ngon, phục vụ nhiệt tình và vui vẻ
Không gian thoáng, khá vắng do mình đi buổi trưa mà giữa tuần nên chắc thưa khách
Ngồi trên lầu 2 có cửa kính nhìn quanh được thành phốXem thêm",10
92,Tô Tế,24/7/2018 12:04,8.0,"Lâu rồi mới ghé đây ăn mì udon. Mình khá thích nước lèo đậm đà ở đây nha. 
Cộng thêm trứng lòng đào béo ngậy nữa. 
Nhân viên phục vụ nhiệt tình. Chắc chắn sẽ ghé lạiXem thêm",10
93,Bong Hana,7/4/2018 22:49,7.4,"Đang có khuyến mãi combo udon tomyum hải sản và trà trái cây 118k. Mình không uống nước, chỉ ăn mì nên sẽ review mì. 
🌻 Udon tomyum hải sản - 89k: đồ ăn ngập mặt, một tô đầy ắp trứng, rau, nấm, nghêu, tôm, chả mực
🌻 Nước dùng chua ngọt, thanh thanh, cay nhẹ. Tôm tươi, nghêu sạch, đãi hết cát rồi nên ăn không nghe cát. Chả mực, nấm kim châm và rau muống cũng ngon nữa. Trứng thì bình thường.
✌🏻 Nói chung nên ăn thử món này các bạn trẻ à. Bằng giá udon bò nhưng ngon lắm.
🌻 Đồ ăn lên giá thêm 10k so với hồi đó thì phải. Nhưng cũng chấp nhận được. Có điều khát nước phải đi mua riêng chứ dạo này Marukame udon không còn cho nước uống miễn phí nữa rồi. 
🌻 Mà tính thêm thuế VAT 10%. Đó giờ mình mua chưa bao giờ thanh toán mà có lẻ 200-500d, nay thấy lạ nên hỏi. Thì ra giá bán udon là chưa tính thuế 10%. Không biết hồi đó có vụ tính này không ta. Chắc có nhưng nó cộng vô giá mì rồi. Nay tính riêng ra nên dòm hơi lạ.
🌻 Dù sao udon vẫn ngon. Lâu lâu thèm mà rủng rỉnh túi cũng sẽ đi ăn.Xem thêm",10
94,Huong Trang,26/3/2018 21:19,7.2,"Nhà mình gọi 2 combo mì udon hải sản & nước ép sơ ri & 2 mì udon hải sản & nước khác. Thì 1 tô mì ra trước. Vì là tự phục vụ nên tự bưng ra cùng với nước. Trong lúc chờ, 1 mình mình đi wc ra thấy 2 tô ra tiếp, còn tô của mình chờ 1 lúc mới ra. Nghĩ sao chụp tô của mình xong ăn thì mới thấy tô của mình ko có tôm, trong khi 3 tô kia đều có. Mẹ mình bảo tô của mẹ hình như ko có miếng mực. 
Ngoài ra, nước ép sơ ri ko phải tươi, màu vàng, là nước hộp nên ko ngon. Mấy ly nước làm để sẵn trông có vẻ ngon hơn. Nước ra thì tự lấy đá quầy tự phục vụ. (Chắc vì vậy nên nước sơ ri trong combo qcao ko có sẵn, mà chờ ra). Ở quầy tự pvu có các chai tương ớt, ớt tươi thái, hành ngò băm, mấy thứ lạ lạ khác ;-)
Túm lại, mì udon ""nhà làm"" rất tươi ngon. Tự xếp hàng gọi món tại quầy, tự lấy món ra (mấy món chờ ra sau lâu thì nv bưng ra), tự lấy thêm gia vị, rau thơm & đá. Ăn xong nv dọn ;-)Xem thêm",10
95,Thương Huyền,25/2/2018 16:13,7.2,"MÓN ĂN Ở ĐÂY RẤT NGON
Mình đã ăn ở đây n lần và lần nào cũng rất hài lòng
- Không gian: sach sẽ, mát mẻ, thoáng đãng, dễ chịu
- Nhân viên: vì là tự phục vụ nên mình không có cảm nhận gì nhiều, nói chung là tốt
- Chất lượng món ăn: cơm nắm không ngon. Đồ chiên ngon đặc biệt là cá chiên giòn. Mì thì khỏi phải nói, thật sự rất vừa ăn vị thanh nhẹ dễ chịu. Mình order loại mì mới ra( mình quên tên rồi) có đầy đủ các loại đồ ăn gồm thịt heo, 2 con tôm rất tươi ngọt, vài miếng chả cá và đặc biệt là có nghêu ăn rất ngon. Tất cả dường như khá lộn xộn nhưng khi hòa chung cùng nước lèo béo béo thơm thơm thì hết xẩy. Mình ưng nhất là nước chấm thịt ở đây, vị của nó rất đặc biệt và không thể gặp được ở đâu khác. Bạn mình order mì cari bò, cũng rất ngon.Xem thêm",10
96,Trúc Vy Nguyễn Hoàng,22/2/2018 15:26,7.4,"Udon hải sản chua cay
Kake UdonXem thêm",10
97,dtmlinh,8/11/2017 14:58,8.0,"Hôm nay mình thử món mới của quán, mì udon Miso thịt bò bằm thì phải :)))
Ăn ở đây rất nhiều lần rồi, nước dùng và mì đều rất ngon và đáng giá tiền. 
Nhân viên cũng rất dễ thương, thân thiện.Xem thêm",10
98,Nguyễn Thuý Bắc,1/10/2017 18:35,7.8,"udon ngon, đồ uống ngon, phục vụ tận tình nhanh nhẹn, có mấy cái về udon mình thắc mắc cũng giải đáp cho mình.
quán rộng, view đẹp.Xem thêm",10
99,Thương Thương Lê,8/9/2017 19:23,8.4,Mình đi với bạn. Mà trưa rồi đói mờ mắt ghé ngay vào Marukame Udon trong Aeon Mall ăn luôn. Bạn mình nó gọi cái chi á. Chỉ biết mình gọi cơm cà ri thôi nè. Cơm ngon mềm dẻo thơm thơm nữa chứ. Ngửi mùi là thèm lắm luôn rồi ấy. Cà ri khá vừa miệng mình không cay quá chỉ hơi cay nhẹ thôi. Trộn đều lên với cơm là ngon tuyệt cú mèo luôn ấy. Hihiii. Một dịp nào đó về lại Bình Dương sẽ ghé vô ăn nữa. Ngon quá đi giờ thèm quá đi mà. ))))Xem thêm,10
100,Cừu Lông Tím,22/4/2017 20:36,8.4,"Đọc review của các bạn thấy có người khen ngon, người chê dở các kiểu, nhìn hình ảnh mình cũng nghĩ chắc mì ít lắm, màu nhạt phèo lạt như nc lã làm sao ăn, cuối cùng quyết định ăn cho biết thực hư ^^
*Món ăn: 
- Miso tantan tonkotsu udon size L : món Mới của quán , kết hợp giữa miso vs tonkotsu ngon k tưởng, vị và màu sắc đậm đà lắm nha, rất đậm đà ^^.
- Udon Bò size L : NGon nhưng ko đậm đà lắm, nước dùng thanh đạm, nhưg k phải quá nhạt đến mức vô vị nhé, nó cứ kiểu thah thah đi vào trái tim ý 😁 , thịt bò mềm ăn thích lắm.
- 2 trứg gà lòg đào ( 1 quả 22k hay s mìh k nhớ rõ) : NHẤT ĐỊNH PHẢI THỬ NHA các bạn 👍, mình ghét ăn trứng mà bên trong còn sống sống ntn lắm, cơ mà sao món này lại thấy ngon thế k pk. ^^ 
- cá tẩm bột chiên giòn ( hem có xương đâu nạ) ^^ : ngon nhưng hơi tanh, tah xíu xiu à. 
* Xem hình foody nghĩ chắc size M ít lắm ăn k đủ nên gọi size L 😂 ohoho ăn no cả ngày 😂, con gái ăn vật vã mới hết, con nam thì chắc vừa đủ .
*Ko gian rộng rãi ấm cúng.
* Nhân viên bt
* quầy gia vị hơi sợ sợ 😐, mấy chai tương bỏ tủ lạnh ra nên đổ tương mà có nước đá chảy ra luôn hic, thiếu  chanh, đồ gấp nhớt nhớt s á tr 😐Xem thêm",10
101,như hoa,24/8/2024 14:27,10,Ngonn ạXem thêm,11
102,như,24/8/2024 14:24,10,Ngon ạXem thêm,11
103,bình cute,24/8/2024 14:22,10,"Ngon lắm ạ, thịt cua mềmXem thêm",11
104,Ý Nhi,23/8/2024 13:26,10,Ngon xuất sắcXem thêm,11
105,Tiểu My,23/8/2024 13:23,10,Ngon xuất sắcccXem thêm,11
106,Minh Tâm,23/8/2024 13:20,10,"Chất lượng không phải bàn, cực kỳ ngonnXem thêm",11
107,Trần Nhung,23/8/2024 13:18,10,10/10Xem thêm,11
108,Thùy Trâm Nguyễn,23/8/2024 13:17,10,oke Gia đình cảm thấy đồ ăn ngon miệngXem thêm,11
109,Kiều Oanh,23/8/2024 13:14,10,Ngon lắm ạXem thêm,11
110,Vũ Phương Thùy,23/8/2024 13:05,10,"Nước súp thơm ngonn, ăn rất bồi bổXem thêm",11
111,Vũ Thanh Hà,11/5/2020 20:32,7.8,"Không gian xanh mát, thoáng đãng. 
Hồ bơi sạch sẽ nhưng mà đừng tới sớm quá nha, team mình sau thời gian nghỉ dịch ham hố đi nên 6h30 tới họ đang vệ sinh. Tầm 7h30 - 8h thì có thể vào bơi. Vé 1 ng là 50k cho cả ngày. Nước ấm, bơi thích. Đi ngày có ít mấy bé thì bơi thoải mái hơn, có trẻ em thì hơi quấy tí. Phòng thay đồ cũng khá oki.
Khu vực câu cá và ăn uống thoáng đãng. Bọn cá khôn lắm câu mà chẳng có cắn câu :((. Mình ý kiến tí mồi câu bên resort không dùng câu cá được, cám vô nước là bở ra. Phải mua thêm tôm để câu. Nên cải thiện cái ấy. Phục vụ nhiệt tình, oki lắm
Phòng nghỉ cho 2ng cũng đầy đủ. Có cái tủ lạnh kêu hơi to ấy. Mấy anh chị xem fix nó lại nhén để khách thoải mái hơn.
Nói túm lại mình rất ưng ý chỗ này.Xem thêm",12
112,foodee_4b2ec0de,23/8/2019 11:54,1.4,"RESORT TỒI TỆ NHẤT

Một ngày nghỉ cuối tuần thật khủng khiếp tại Resort  Phương Nam –Tỉnh Bình Dương
Mang tiếng là 4 *** mà dịch vụ tệ kinh khủng, mình viết  bài này để các bạn biết mà tránh và tẩy chay cái rì xọt này ra nha
Số là thứ 7 tuần rồi , mình cùng gia đình đến đó vui chơi cuối tuần mà khi tới nơi thì cái tụi tiếp tân nó để gần 19h mới cho nhận phòng , theo như qui định của tất cả các KS giờ check –in là  14h ( ko biết trong khoảng thời gian đó nó làm cái qq gì )trễ gần 5 tiếng đồng hồ
Phòng thì hôi, muỗi rất nhiều  giá 1.100k/đêm
Thức ăn thì binh thường mà giá ko rẻ đâu nha, phục vụ chậm như rùa, xin 1 miếng muối khoảng 30’ sau pv mới mang ra cho 1 muỗng cà phê muối và nói là hết muối rồi ố….la…la..
Vấn đề này mới đáng lưu ý nè, khi trả phòng mình bất cẩn để quên cái ví trên giường  ( do bị tấm chăn đắp phủ lên nên mình quên mất ) ,trước đó có 1 bạn nhân viên đi kiểm tra phòng trước khi khách check -out ,bạn đó đã rút chìa khóa phòng và đề nghị mình ko đóng cửa phòng khi ra về, đèn vẫn sáng. Khi đến quầy lễ tân để lấy lại chứng minh thì mình chợt nhớ ra là quên ví nên đã quay ngược trở về phòng , hiện trạng lúc đó cửa đã đóng nhưng ko khóa, đèn đã tắt, cái ví vẫn còn nhưng hỡi ôi tiền đã ko cánh mà bay  5.000.000đ, nó còn nhân đạo chừa lại trong ví 190k ( sự việc xảy ra trong vòng 15’). Mình liền gọi bảo vệ, quản lý khu vực ( Tân ,Tấn, Phượng ) và cái bạn kiểm phòng lúc nãy luôn ( ko biết tên gì), trình bày sự việc , làm biên bản ký tên giữa các bên. Bộ phận BGD của nó thì ở đâu ko biết. Mình có đề nghị mời công an đến giải quyết nhưng phía Resort nói muốn giải quyết nội bộ, sẽ có phương án đền bù thỏa đáng cho khách, hẹn hôm sau mới trả lời.Qua ngày hôm sau nó chết đâu mất , ko thấy từ phía nó phản hồi thông tin gì hết  và qua ngày hôm sau nữa 1 thằng đại diện resort ( tên Tân) nó gọi nói là đã điều tra nhưng nhân viên nó ko có lấy, nó bảo mình muốn mời công an thì nó tiếp ( ĐM ), xem nó có lật lọng và mất dạy  ko? Ngay tại thời điểm đó mình nói mời công an thì nó ko cho , sau đó thì nó giải quyết như vậy đó, nó cãi tay đôi với khách, nó nói làm sao biết được trong ví có tiền hay ko ? trời ơi???? Nó bảo lúc vào nó đâu có kiểm kê tài sản đâu ( có qui định nào của khách sạn kiểm tra tài sản của khách khi đi du lịch ko????? ) Và phải mất  1 ngày gọi tới gọi lui thì hết thằng Tân, con Phượng, đều nói sẽ  trình lên BGĐ giải quyết, mà toàn là khách hàng phải gọi chứ tụi nó trốn mất hết, gọi số hotline 0934061386 thì ko con nào bắt máy  ( ko biết 2 ngày kia nó làm cái chó gì mà ko trình ), và  sau đó có 1 thằng khác xưng là PGĐ tên Vương đứng ra giải quyết ( mà ko biết nó có phải là PGD thật ko nữa, vì 1 tập đoàn lớn như vậy mà để 1 thằng lãnh đạo kiểu đó thì có gì đó sai sai, nó cũng giải quyết theo kiểu luật rừng ak,giải quyết theo cái kiểu cãi tay đôi với khách và cùng 1 giuộc như những thằng lính của nó,  mà mình xin sdt di động thì nó ko cho, nếu làm ăn minh bạch thì sao lại ko cho ???? , nó kêu cứ liên hệ số máy bàn 02743743553, có thằng PGD nào giải quyết vấn đề kiểu vậy ko?). Ko biết cái resort này nó thuê cái lũ chăn bò ở đâu về làm, mà nó nói khách hàng mất tiền nhân viên nó ko có lấy thì thôi luôn, khách đến nghỉ ngơi ở chỗ nó với giá mắc, bị nhân viên nó ăn cắp tiền , rồi phải chịu mất tiền ra về. Mình đang thiết nghĩ hình như chủ trương của tụi nó là lợi dụng khách sơ hở để ăn cắp rồi cùng nhau chia chác nên mới có cách giải quyết như vậy.
5.000.000đ đó coi như mình cúng cho lũ cô hồn các đảng trong tháng 7.
Quản lý theo cách cãi tay đôi với khách hàng ko sớm thì muộn cũng phá sản
THẬT QUÁ KHỦNG KHIẾPXem thêm",12
113,YẾN NHI,26/1/2019 12:42,9.2,"Cách trung tâm Sài Gòn chỉ 30’ chạy xe, Phương Nam là một điểm tích hợp gần như đủ các dịch vụ, tiện ích phục vụ cả công việc lẫn vui chơi, nghỉ dưỡng, bơi lội, ẩm thực, một dãy lựa chọn khá đa dạng giữa không gian xanh mướt dày đặc cây cối.

Khu resort phù hợp với đủ đối tượng:

Ăn uống, bơi hồ cho gia đình có con nhỏ, bạn bè họp mặt

Phòng họp có máy chiếu cho công ty tổ chức hội họp, sự kiện

Khách sạn cho khách nghỉ dưỡng

Bãi xe hơi thoải mái

Hồ bơi đẹpXem thêm",12
114,Trinh Tuyết,28/8/2018 8:39,3.4,"Dịch vụ quản lý KÉM
Ngày 26.8.2018 vừa qua tôi có đặt 1 tiệc sinh nhật trong resort Phương Nam cho 30ng, đặt 5 món ăn mỗi món 5 phần tương đương với 5 bàn ăn. Tôi nghĩ khi đã đặt tiệc thì các dịch vụ trong resort sẽ đc sử dụng free, nhưng khi con cháu tôi(10 đứa) đi bơi thì bị tính phí mỗi bé 40k, phụ huynh đi kèm 35k/ng. Trong khi bơi con tui lên đi vệ sinh rồi quay lại thì bị tính thêm 1 lần phí 40k nữa
Chưa dừng lại đó... Khách của tôi mang thêm 5 con vịt trời quay( giá 150k/con) vậy mà bên Phương Nam tính phí phụ thu là 200k/con. Sau khi tôi gọi người quản lý mà tôi đặt tiêc tại đây thì đc giảm giá còn 100k/con. Các bạn nghĩ sao về vấn đề này.
Còn nữa... tôi mang theo 3kg bòong boong, 10 ổ bánh mì và mua tại resort 3kg chuối thì cũng bị tính phí phụ thu là 400k. Tổng phụ thu cho các món mà tôi mang theo là 900k chưa tính tiền đi Bơi nữa.
Cũng tại này cách đây vài hôm tôi cũng ăn tiệc tại đây và cũng thấy có tiệc cưới nhạc sống rất ồn ào nhưng hôm nay khi hát loa chúc mừng sinh nhật thì bị quản lý góp ý là mở nhỏ xuống vì gây ồn ào cho các chòi bên cạnh. Tôi nghĩ chắc resort gây ồn ào thì ko sao quá.....
Nói chung là làm cái gì ở đây cũng bị phụ thu.... chất lượng quá tệ. .....Xem thêm",12
115,Bột Chiên,26/6/2017 13:02,7.0,"Yên tĩnh nhẹ nhàng rất thích hợp nghĩ dưỡng. Hồ bơi sạch,mát mẻ. Sân bãi rộng thoải mái đậu oto
P/s: Buffe sáng quá bèo nhèo,Xem thêm",12
116,Moon Midnight,24/6/2017 0:22,7.6,"Cách Sài gòn 45p đi xe, resort Phương Nam là nơi nghỉ ngơi thư giãn cuối tuần khá thú vị và hợp lý cho gia đình, cặp đôi tìm sự bình yên và lãng mạn.

+++ Phòng: Giá 1.050.000 - 1.250.000 là phòng đôi, phòng Vip rất rộng và đẹp. Đi đông người nên chọn khu nhà Biệt thự hoặc nhà gỗ có phòng rộng, đẹp và khá sang trọng. Mình thấy chỉ thua Village Thảo Điền (một 8 một 10 mà giá thì rẻ bằng 1/3)
Cặp đôi thì nên chọn nhà vườn hoặc bugalow tách biệt và riêng tư. Giá phòng thấp nhất cho 2 người hình như chỉ 500k/ Đêm có ăn sáng + vé bơi miễn phí. 

+++ Cảnh quan: Miền quê sông nước nam bộ, vườn kiểng, cây xanh được chăm chút kỹ nên đẹp và thoáng mát. So với Bình Quới và Văn Thánh mình thấy có vẻ sạch và mát hơn ( tuy ko rộng bằng )

+++ Nhà hàng: Nhiều món, đầu bếp nấu ngon. Mình đặt tiệc sn nên được tư vấn kỹ về món ăn. Review vài món mà mình khá hài lòng: 
- Chả giò Phương Nam hơi bự với lớp vỏ dày là bánh mì sanwich nên hơi ngán (nhưng nhiều người khen ngon, nhân cua thịt nhiều)
- Gỏi bò bóp thấu với miến hành tây khá lạ miệng. Bò mềm vị chua ngọt vừa ăn.
- Cá lăng 330k/kg làm được 2 món nướng & lẩu. Cá lớn, thịt chắc ngọt rất ngon. Nên chọn lẩu lá giang có vị chua ngọt dễ ăn hơn lẩu măng chua (hơi ngọt quá)
- Gà ta nướng mềm, vị ướp vừa ăn. Nếu nhà có trẻ con nhiều nên chọn gà rô ti mặn ngọt dễ ăn với cơm hơn. 450k/con
- Tôm sú 650/kg nướng hoặc sốt me chua ngọt.
- Mì gói xào bò - xào hải sản 120k/dĩa ngon nhưng hơi ít (chỉ đủ 1 người ăn)
- Cơm chiên dương châu, cơm chiên hải sản nhiều thịt và tôm ngon hơn cơm chiên cá mặn (ko thấy vị cá mà còn có rau hơi khó ăn) 

+++ Riêng phần buffet sáng chưa nhiều món và ko đặc sắc lắm. Có thể nhà mình đi giữa tuần ít khách nên ít món. Đồ ăn hơi nguội.

+++ Phục vụ: Tốt, chuyên nghiệp. Nhân viên thân thiện vui vẻ. Tuy nhiên nên đặt trước món ăn nếu đi đông và không muốn đợi lâu. Trung bình 15p ra món.

Cuối tuần có buffet ẩm thực nam bộ. 
Hồ bơi rộng - sạch.
Mức độ hài lòng: 8 / 10Xem thêm",12
117,Thanh Nguyen,5/6/2017 18:48,7.2,"-Không gian: rộng, thoáng đạt, trang trí gần giống miền quê, có hồ bơi khá rộng.

-Nhân viên: anh phục vụ bàn mình rất có duyên và nhiệt tình nên được điểm cộng khá lớn!

-Món: mình gọi những món sau và tổng thể thấy ok
Da heo
Chả giò phương nam cuốn bằng sandwich. Ngon!
Gỏi
Cơm cá mặn
Bánh xèo
Chân gà
Cá viên (mua ở quầy) cũng to, dai.

Sẽ quay lại nếu có cơ hội vì mình rất thích những nhà hàng, khu du lịch sinh thái.Xem thêm",12
118,Nga Le,24/4/2016 21:03,7.8,"Resort rộng, nhiều cây xanh nên khá mát mẻ. Hồ bơi khá sạch sẽ. Khu vực câu cá là mát nhất. Thức ăn khá ngon và giá cả khá rẻ so với tiêu chuẩn 3 sao. Nhân viên phục vụ tuy hơi chậm (có lẽ do cuối tuần khá đông khách) nhưng rất thân thiện. Cuối tuần đông khách nên nếu đi nhóm đông, các bạn nên đặt chỗ trước. Resort thích hợp cho nghỉ ngơi, thư giãn cuối tuần.Xem thêm",12
119,Hạt Tiêu Pepper,30/3/2016 12:53,9.0,"Resort xinh xắn dễ thương gần Sài Gòn.Giá phòng book rẻ ngỡ ngàng. Có 590k/phòng riêng biệt, xinh xắn, ăn sáng buffet.Resort nhiều cây nên không khí trong lành  lắm. Ai sợ ma thì buổi tối hơi nếu đi dạo sẽ hơi sợ chút.
 Hồ bơi sạch sẽ, đẹp, mình mới thử 1 hồ bơi, nghe nói hồ bơi kia to hơn.Vì mình đi vào ngày thường nên hồ bơi vắng, dễ chịu lắm. 
Đồ ăn không ok lắm, nhưng không gian và giá cả mình rất ưng.
Sẽ còn quay lại.Xem thêm",12
120,Thảo Hiền,9/3/2016 9:30,8.0,"Từ quận 5 chạy tới phương nam khoảng 1 tiếng rưỡi xe máy nha . Đồ ăn ở PN khá ngon , giá cả không quá cao , không gian yên tĩnh , có chỗ cho câu cá , có hồ bơi luôn nha ( Phải mua vé tầm mấy chục ) . Muốn tới phải book trước , có võng để nằm nữa . Ở đây có thể tổ chức sinh nhật , đám cưới hay gì cũng được vì không gian rất rộng . Có mướn nhà ở lại qua đêm nữa nha , phòng chắc khoảng 3 người , nếu nhớ không lầm khoảng 1tr thì phải . Vào các ngày lễ nên book trước , nếu tới không có chỗ phải về thì phí công chạy đến lắm . Cảnh ở đây đẹp , hay thay đổi cho phù hợp , mấy đợt trước thì toàn lo đi bơi nên không để ý , vừa rồi đi trang trí vào những ngày giáng sinh rất đẹp ☺️Xem thêm",12
121,Thao Trinh,30/4/2020 16:02,7.0,"Nghe nói ở đây đặc sản là gà tiềm ớt hiểm nhưng mình không có gọi món này khi lần đầu tiên ghé quán vì đang ngán gà nên ăn các món bình thường như ăn cơm trưa thôi, ăn nhiều mà nhớ chụp hình được có 1 tấm ah. Món ăn ở đây ăn cũng ổn thôi chứ không phải ăn vào nhớ mãi và thèm ăn.
Bữa sau ghé ăn món đặc sản quán xem sao.Xem thêm",13
122,Quynh Nguyen,27/3/2019 14:09,1.0,"Là khách ăn nhiều lần ở quán, mà hôm nay thề sẽ không bao giờ quay trở lại.  Vào ngồi một lúc, gọi mãi mới có được cái menu. Quán lớn vậy mà không có nước suối, nhân viên ngún nguẩy, lượn lờ. Kêu món gà ớt hiểm, gà lên bàn tiếp thực rồi mà nhân viên không mang ra. Tới lúc la lên là lâu quá thì nhân viên ghi order cho bàn mình ngơ ngác, còn hỏi là gà kho hả???  Rồi quay qua bàn tiếp thực đem con gà đi cất??? Thái độ gì mất dạy vậy?
Gọi điện lên nói, kêu tính tiền, nhân viên đi ra tính tiền cũng không biết xin lỗi 1 tiếng.Xem thêm",13
123,Diệp Phụng,9/11/2017 14:04,3.6,"Quán buổi trưa đông, nhân viên cũng đông nhưng phục vụ cực chậm.
Bếp không biết cách quản lý, lên món cho khách cực lâu.
Kêu món lẩu cá lăn, ra cái nồi lẩu với cá SỐNG... làm cá lâu quá hay sao không biết nữa ... Mấy món khác thôi khỏi bàn ... chờ 1 món gần nửa tiếng! 
Nếu quán không thay đổi, rồi cũng sẽ không giữ khách được nữa đâu.Xem thêm",13
124,Thái Phi Khanh,13/10/2017 15:10,2.2,"Món ăn không ngon như ban đầu,
Phục phụ khá tệ,
TÔI MẤT ĐẾN HƠN MỘT THÁNG MÀ VẪN CHƯA NHẬN ĐƯỢC HÓA ĐƠN. ĐIỆN THOẠI THÌ PHẢN HỒI TUẦN SAU GỬI, TUẦN SAU TUẦN SAU VÀ TUẦN SAU.
BỰC QUÁ MỞ LÊN CMT ĐỂ MỌI NGƯỜI NÉ RA ĐỂ TRÁNH NHƯ TÔI.Xem thêm",13
125,chanh hoang,12/9/2017 9:09,4.6,"Mình là khách quen của quán đã mấy năm rùi, 1 tháng ghé ít nhất1-2 lần, nhưng càng lúc mình càng thất vọng về quán, n.viên phục vụ quá tệ, chậm chạp, đỉnh điểm là tối hôm qua, kêu rau thêm thì mãi đến ăn sắp hết nồi gà rồi rau mới đem ra.haiz..gà tiềm mang ra rất ít nước,nên mình có kêu phục vụ châm thêm nước lèo, vì mỗi lần gọi phục vụ khó và lâu, mình kêu châm nhiều tí để khỏi mắc công kêu hoài,thế là bị tính thêm tiền nước lèo 30k, khiếu nại với quầy lễ tân cũng chẳng giải quyết được gì, mặt cư bơ bơ ra, kiểu như ở đây là vậy đó, ăn hay không thì tuỳ, Đề nghị chủ quán cần cải thiện để giữ khách. tiếp tục kiểu này khách sẽ quay lưng đi hết.Xem thêm",13
126,Anh  Ba Khía,4/9/2017 12:16,5.4,"Khi vào quán cũng không nhiều khách lắm,  nhưng phục vụ chậm. Đĩa mì ăn thêm với gà tiềm ớt hiểm kêu mãi mới đem lên., thức ăn tạm ổn... Được cái cảnh quan xung quanh tương đối đẹp,  rộng rãi.Xem thêm",13
127,Huy Tran,1/5/2017 18:55,2.6,Vừa mới đi ăn cách đây 10p . phải nói là thái độ nhân viên quá tệ . 10 đứa nhân viên mà cái lẩu kêu hơn nửa tiếng chưa thấy . bưng ra thì để ở quầy gần 15p . kêu pvu 3-4 lần để nó bưng lên cũng chả thấy đâu . trong khi vk ck mình đi ăn vào giờ này quán vẫn chưa đông khách . thật sự quá thất vọng và chẳng mún ghé lạiXem thêm,13
128,Vy Vy,27/4/2017 22:28,7.2,"Quán kiểu sân vườn, rộng rãi ko có máy lạnh gì nhé. Đi buổi trưa siêu đông luôn. 
- Rau luộc kho quẹt 45k, kho quẹt làm thơm mùi tiêu mà sệt kẹo đậm đà
- Bò núp lùm 90k: món này vị lạ ngon nè, có tắc sả, rau húng ngò gai. Bò mềm còn hơi tái. Hơi ít.
- Cơm chiên dương châu 55k: hơi dầu mỡ nhưng đc cái nhiều.
- Sườn cọng 35k/c. Dĩa này 6 cọng 210k. Sườn nướng mềm, ướp ngon. Chấm thêm tí muối ớt...
- Lẩu gà ớt hiểm 280k: nước lẩu ngon, gà chắc thịt mà cũng nhiều.
Quán này thì đồ ăn chất lượng, giá tương xứng. Mỗi người 100 mấy là no rồi. Điểm trừ bự là nhân viên ko lễ phép, mặt bơ bơ sao đó, lên món cũng lâu.Xem thêm",13
129,Huy Phan,8/3/2017 11:38,3.4,"Quán xá làm ăn như cái chợ! Gọi điện thoại đặt món từ 8h30 sáng, căn dặn là 11h trua đến lấy đồ ăn, không quên để lại số điện thoại! Vậy mà đến 11h đến thanh toán tiền xong mới bắt đầu làm cho người ta! Mọi người chú ý nhé!Xem thêm",13
130,Quang,13/9/2016 13:02,3.2,"Quán khá đông dù là buổi trưa.
Bản thân mình thấy đồ ăn chỉ dừng ở mức được và lạ, so với giá thì khá mắc
Đặc biệt: nhân viên bảo vệ quá tệ. Mình tới buổi trưa và có mưa, xe cũng khá đông. Hành động đầu tiên là bảo vệ lắc tay đuổi khách đi với lý do: ko có chỗ đậu xe, trong khi sân đậu còn khá nhìu chỗ trống.
Mình chỉ là có chỗ trống và xin vô đậu thì lại k cho với lý do: đậu trước xe người ta nên ko được
Gọi quản lý ra thì lại ko giải quyết được gì, chỉ đứng ậm ừ rồi kêu thông cảm
Mình đi ăn theo gia đình từ Sài Gòn đến Bình Dương, chạy 1 đoạn đường xa vậy để nhận lại thái độ phục vụ như vậy.
Mình thấy quán nên xem lại tư cách của nhân viên bảo vệXem thêm",13
131,Hưng,1/10/2018 21:26,10,"Quán sạch sẽ vui vẻ 
Món ăn rất ngon.
Không chỉ có pizza mà còn nhiều món mì và đồ ăn vặt
Hôm nay được bữa no nê.
Quán trang trí đẹp lắm.Xem thêm",14
132,Nụ Không Vui,1/10/2018 11:38,10,"Nếu halloween em làm buffet được hok mọi người. Ai quan tâm nếu đủ 50 khách đặt e sẵn sàng với giá 100k. Với hơn 20 loại thức ăn thì sao ạ
#minipizza
#maki sushi.
#trà sữa
#mì nhật hàn
#pizzaXem thêm",14
133,Luu Suong,30/9/2018 19:07,8.6,"1 sự tình cờ thú vị 😍😍😍😍😍😍😍😍😍😍😍😍
#udon
#ramen
#soba
#mycay
#pizza
Lâu ngày ta quay trở lại....Xem thêm",14
134,Minh Tâm,24/8/2018 11:02,9.4,"Hôm đó đói quá thấy quán lạ lạ dzô ăn thử cho bik thoai. ai dè đập vào mặt là không gian quá đẹp. rất ấn tượng. Tính mình hay đa nghi nên nghĩ đẹp quá chắc đồ ăn cũng ko ngon gì :)) ai dè, mẹ cha ơi.... ngon bá cháy .... hay tại đói bụng quá cũng hok chừng... haha

giá thì cũng vừa phải, đối với mình thì okayyyy thay vì vô nhà hàng mới ăn dc món trang trí đẹp vài thì vô đây ăn rẻ hơn nhiều.

đặc biệt bà chủ quán quá cute... dễ thương cực.... nói cười quài luôn... mình với con bạn ngồi ăn xong roài mà cười no lun ...

Thiệt muốn quay lại chỉ muốn dc nghe  anh chị nc hahahaXem thêm",14
135,trần Torny,29/7/2018 11:15,8.8,Món ăn quá quá tuyệt vời trình bày đẹp mắt. Không gian thì rất đẹp. Nói chung rất ok OK phục vụ thân thiện vô cùng. Hihi cám ơn nhà hàng đã cho tôi trải nghiệm ẩm thực ở đây...Xem thêm,14
136,Luu Suong,29/7/2018 11:08,9.4,"THẬT SỰ RẤT ẤN TƯỢNG. LẦN ĐẦU THỬ RAMEN VÀ UDON 
Vô tình 2 đứa đi chơi  đói bụng nên ghé vào quán ăn. Ấn tượng đầu tiên là quán trang trí rất đẹp ,nhìn rất thanh lịch, bàn ghế sạch sẽ, ko kê quá sát nhau nên ngồi rất thoải mái Không gian thoáng mát, ko ngột ngạt.
2 đứa goi 2 suất mì udon hải sản, ramen bò và gọi thêm 1 phần kimchi.
Cảm nhận đầu tiên của mình thật sự rất ngạc nhiên. Nước mì thật sự thanh, mát, hải sản tươi ngon. Ramen thì dai, thơm mùi đó rất lạ. Udon thì vừa mềm và vừa béo, ko qua nhão cũng ko quá dai( thật sự rát ấn tượng). 1 phần mì rất nhiều nên mình ăn no, trang trí lại đẹp mắt 😚😚.
Nhân viên quán thì nhiệt tình, vui vẻ. Còn dc chủ quán  ra hỏi thăm thử cảm nhận của mình ntn. Có hợp khẩu vị ko?
Giá $$$$$$$$$: mình c.thấy hơi cao so với mặt bằng chung nhưng ĐÁNG ĐỒNG TIỀN BÁT GẠO, TIỀN NÀO CỦA NẤY.
bởi vì nguyên liệu thật sự rất tươi và ngon. 
Chắc vì chủ quán toàn lấy hàng nhập về bán 😉
Sẽ quay lại ủng hộ quán 🤗🤗🤗🤗🤗🤗🤗
Kèm thêm cái hình em sống ảo úp tô vào mặt 😂😂😂😂Xem thêm",14
137,Nụ Không Vui,28/7/2018 16:47,9.4,"Mỳ được trang trí rất tỉ mỉ. Mình ăn mỳ Kim chi ở đây rất đậm vị kim chi, không như mỳ cay thường thấy. Pizza thì rất thơm, ăn hết 1 cái luôn mà k thấy ngán. 2 người chỉ tỏin thất 105k thui mà no căng bụng luônXem thêm",14
138,Nga Nguyen,27/7/2018 21:45,8.8,"Rất kết món Piza của quán, bánh nướng vừa tới, k bị khô cũng k mềm quá, ăn ngon lắm , nói chung là e bị ghiền 🍕Xem thêm",14
139,foodee_aef2ab1e,27/7/2018 21:30,9.2,"Món ngon, cô chủ xinh xinh phục vụ dể thương, không gian ấm cúng đẹp!!! Ôi...👍 👍 👍 .Xem thêm",14
140,Hưng Nguyễn,27/7/2018 20:41,7.6,"Thực đơn rất đa dạng với nhiều món. Cơ hội cho các bạn thưởng thức các loại mì Nhật Bản hay Hàn Quốc mà chỉ có các nhà hàng lớn mới có. Mà giá cả nếu so với các nhà hàng thì rất là rẻ nhé :)) đặc biệt là phong cách trang trí quán của vợ chồng chị chủ rất đẹp, là địa điểm lí tưởng cho các tín đồ sống ảo. Địa chỉ quán cũng rất là dễ tìm nha, vừa qua khỏi AEON bình dương quẹo vô tay phải, đến ngã tư thứ 2 quẹo tay trái, đến ngã tư thứ 2 quẹo tay phải, đến ngã 3 thứ 3 quẹo tay trái là tới nơi nha. :))) 
P/s: Anh chủ quán là đầu bếp hiện đang làm việc cho nhà hàng Majestic 5* quận 1 nhaaaaaa :)))Xem thêm",14
141,Thảo Ngọc Linh,26/10/2019 12:32,5.6,"Hồi đợt lễ 30/4 cái là aeon bị thất thủ, chìm trong biển người luôn. Đi đâu ăn gì cũng full bàn hết. Nên là thấy chỉ mỗi quán này khách tương đối nên vào ăn luôn. 

Mình gọi phần 5 cái bánh xếp chiên, cơm ba rọi sốt cay và phần mì đậu tương gì đó. Chờ món cũng khá lâu nha, mì cọng to, nhanh ngán, nước dùng tương đậu nên sẽ có vài người ăn không quen, cơm và bánh xếp tạm ổn, vẫn ngon hơn mì nhiều. Nói chung ăn cho biết chứ không ấn tượng để quay lại đây.

Không gian tròn mall nên quán to, bàn ghế nhiều mà lễ lộc mọi chỗ full thì ở đây vẫn còn chỗ. Giá mình thấy ổn ngoại trừ tô mì 105k chỉ có mì và rau xào như vậy thì siêu mắcXem thêm",15
142,hchtcht,22/4/2018 12:00,7.0,"Nước dùng: Vị chua cay dễ ăn nên mình rất thích. Với bạn nào ko ăn mặn sẽ thấy nước dùng hơi mặn nhưng với mình thì là đậm đà 
Trứng lòng đào: Mềm ngon có điều chỉ được nửa quả. 
Thịt ba chỉ: Mình ko ăn được thịt mỡ nên hôm nào trúng đợt thịt nhiều mỡ thì hơi ngán. 
Tiếc là chỉ mới có 1 quán ở Bình Dương nên mỗi lần thèm món này đi lại hơi xa.Xem thêm",15
143,yamauchi,5/10/2017 0:45,5.0,"Muốn ăn miso ramen thì đến quận 1, 15a5 lê thánh tôn, cùng 1 chủ nhưng khu người nhật nên chất lượng đúng Nhật luôn. Tô rẻ nhất 136k, mắc nhất 220k. Ngon tuyệt vời! Nhân viên phục vụ rất nhanh, nhiệt tình va dễ thuongXem thêm",15
144,Ngọc Thao,30/9/2017 20:07,1.8,"Mình ặ từ đợt hè mà giờ mới review được. Mình gọi 2 tô mì ramen kèm thịt nướng và 1 phần bánh. Đợi lâu thật lâu mới bưng ra, đói bụng mà ăn 1 miếng là thấy mặn chát, ăn vài muỗng là bỏ không ăn nổi vì quá mặn. Thịt nướng cũng chẳng ngon. Không như các thành viên trước bình luận kêu ngon này nọ. Thất vọng quá thử bánh thì cũng mặn chát và không có gì đặc biệt. Ráng ăn thịt còn ramen 2 tô còn y. Gọi tính tiền hết 300 mấy chục ngàn. Phí tiền. Phục vụ là 1 em gái mập mạp mặt tròn tròn, nhìn có vẻ khỉnh khỉnh, em ý nhìn 2 tô ramen còn nguyên nghe mình bảo sao mặn quá e trả lời :""Lần sau chị ăn kêu thêm soup cho đỡ mặn"". Mình nghĩ thầm:  Sợ quá không dám lại ăn lần nữa, vừa mắc vừa dở, nhân viên cùi bắp, phục vụ món lâu mà sao không hỏi khách có ăn soup ngay từ đầu đi. Trong khi gọi món mình đã bảo em ấy mình muốn chọn ramen không mặn do mình không thích ăn mặn mà em ấy không tư vấn trước. Các bạn đừng phí tiền vào đây ăn. Hèn gì lúc mình vào quán không có ai ăn.Xem thêm",15
145,Nguyen,31/8/2017 1:43,8.0,"Mình gọi 1 mì đậu tương tokyo chua cay thịt ba rọi nướng 138k, 1 mì đậu tương hokkaido chua cay ba rọi nướng 138k, 1 phần bánh xếp chiên 5 cái 45k + 1 cơm chiên hình như 59k. Nhìn 2 tô mì tưởng ít chứ thật ra ăn xong là muốn ứ rồi. Nước lèo ngon, không quá ngấy, thịt dày, chất lượng, thích trứng lòng đào nhất luôn. Bánh xếp chiên bình thường, không nổi trội quá. Cơm chiên cũng vậy :>
--- Bấm vào để xem HD nha 😊 ---Xem thêm",15
146,Thu Phươngg,11/8/2017 21:12,9.6,"Hôm nay mình đi Aeon Bình Dương 🍜 dạo được mấy vòng là đói meo à 😁 đi một lượt hết các nhà hàng cuối cùng mới quyết định vô đây
- Địa điểm 📍: quán chuyên về các loại ramen nằm trên tầng 2 siêu thị 2️⃣ đi cầu thang máy từ cổng B lên là thấy liền
- Không gian: trang trí màu cam khá bắt mắt 👍🏻 rộng rãi và sạch sẽ 👌🏻mình đi ăn hơi sớm nên vắng khách mà lúc mới ăn xong đông quá trời
- Phục vụ: nhanh nhẹn nhiệt tình
- Món ăn: các món vừa làm còn nóng 👩🏻 mì và cơm đậm đà 🍱chị nhân viên bảo ramen loại Hokkaido mặn còn Tokyo nhạt hơn xíu 🍛mẹ mình khen cơm ngon lắm mà mình chưa thử 😙 tô nào cũng đầy 1 người ăn no ơi là no
- Giá cả: mỗi người khoảng 100k bao gồm cả nước (nhà mình uống trà đá 3k/ly) 🥃 theo mình vậy là okXem thêm",15
147,KhaAn,11/6/2017 21:53,8.4,"Phục vụ tốt, không gian tốt, đồ ăn có nhanh không cần chờ quá lâu nhưng có lẽ do không hợp khẩu vị nên thịt ba chỉ mặn hơn so với mình nghĩ, mì ngon nhưng ăn nhiều thật sự gây cho bản thân cảm giác rất ngán
À! Còn giá cả nên cập nhật giá mới vì mình hơi bị sock khi giá bên ngoài và trong hình trên foody khác nhau ..Xem thêm",15
148,Vy Vy,31/3/2017 14:57,7.4,"Mình ăn Tokyo ramen. Nước dùng hơi sệt, beo béo nhưng hơi mặn so với mình. Sợi mì dai, nhiều mì lắm nha. Nghe nhân viên nói Hokkaido mặn hơn Tokyo mà sao cũng mặn y nhau. Hokkaido thì vị có mùi đậu tương, ít béo hơn Tokyo. 79k 1 tô có nửa cái lòng đào, giá và rong biển. Thêm thịt là 129k. Chưa vat nên tính ra 1 tô cũng cả 100k. Nhưng mà cũng chất lượng, nếu bớt mặn hơn thì perfect rồi.
Nhân viên hơi lơ là thiệt, gọi tính tiền mà phải kêu to cũng ngại.Xem thêm",15
149,Thương Huyền,25/10/2016 13:53,6.6,"Quán có view khá đẹp, ấm cúng, yên tĩnh nhưng khá nóng. Vào quán kêu cỡ 5p sau là có. Sợi mì ngon khỏi nói, nước lèo khá đặc biệt vị chua chua ngọt ngọt béo béo rất tuyệt. Mình kêu phần hokkaido 129k thấy cũng hơi mặn. Tô rất bự mình ăn k hết nổi luôn. Đặc biệt không thể không nhắc đến là thịt nướng ở đây. Ướp vừa ăn rất thơm ngon. Một tô 3 miếng vừa bự vừa ngon ăn mà nhớ mãi. Có điều bự quá nên hơi ngán. Giá khá mắc không ghé thường xuyên được. Nhưng nhất định sẽ ghé lại và kêu tô nhỏ nhỏ thôiXem thêm",15
150,Thịnh Phúc,20/7/2016 17:29,8.0,"Mì ở đây rất ngon, sợi mì giòn dai và khác hẳn các tiệm ramen khác mà mình đã từng ăn, mình nghĩ sợi mì ở đây phải được tự làm theo công thức riêng gì đó. Ở đây có ramen và bánh xếp Nhật là ngon, các món khác không bằng. Lần nào đi Bình Dương cũng ghé vào đây để ăn ramen. Mì thì ngon nhưng có lẽ thị hiếu mọi người không thích lắm nên những lần mình ghé vô đều thấy tình trạng chung là khá vắng khách, nhiều lúc mình còn sợ tiệm buôn bán như thế này hoài chắc lỗ dẹp luôn thì mình ko còn chỗ ăn ramen ngon để mà thưởng thức nữa quá. Ở đây có 2 loại chính là tokyo và osaka thì phải, mình hay ăn loại tokyo vì được nhân viên tư vấn là loại này nước dùng nhạt hơn loại kia, mỗi loại chính lại chia ra thành 2 loại phụ là nước dùng chuẩn và nước dùng chua cay. Loại mình thường ăn là tokyo chua cay thì nước dùng rất là ngon, đậm vị, thịt ba rọi nướng đi kèm béo ngậy và thơm vô cùng. Bánh xếp cũng ngon tuy nhân bánh làm chua chua khá lạ. Chắc chắn sẽ quay trở lại ăn tiếp trong môt ngày gần đây. Tuy nhiên nhân viên thì khá lá lơ là, kiểu muốn để không gian riêng tư cho khách hay sao mà mình gọi món xong là nhân viên lui ra chỗ khác không dòm ngó gì tới khách nữa, muốn gọi thêm đá, thêm món, hay gọi tính tiền thôi cũng phải kêu lớn tiếng hoặc muốn giữ ý tứ lịch sự thì ra bàn thu ngân gọi nhân viên mới để ý, nếu tiệm cải thiện việc này thì tốt.Xem thêm",15
151,Thảo Ngọc Linh,4/12/2017 11:35,3.2,"Ghé mua ly nước mà nhân viên tỏ thái độ lắm nha, quán không có khách nào luôn, mình mua trà vải thạch hibicus mà khi bill ra không để ý, ngồi uống cà buổi mới để ý rồi chụp hình lại, may mà món nước đúng món nha (không thể hiểu tại sao lại in bill như vậy nữa). về món thì khá thất vọng, là trà có mùi vải hương liệu, trái vải thì chắc là vải lon rồi, còn thạch hibicus không biết nó là gì luôn, kiểu như ray câu có màu rồi cắt nhuyễn ra vậy thôi. quá tệ luôn. giá lại cao nữa mà chất lượng với nhân viên thì thôi rồi.Xem thêm",16
152,Phạm HT,10/9/2017 21:45,7.8,"Mình rất mê effoc, mặc dù có rất rất nhiều thương hiệu trà sữa đá xay các loại khác ra đời nhưng mình vẫn một lòng vs effoc. 
Nhưng thấy effoc làm thêm machiato thì uống cũng thấy bt, k đuoc như mấy chỗ chuyên về machiato. Ngon nhất vẫn là mấy cái blended. Và kem thì béo chứ không có ngọt. 
Ở đây chỉ là một tiệm nhỏ. Lúc mình tới có đúng 1 nhân viên lun á. Hơi khác tp chút. Mà mình cũng thấy xay bị nhiều đá quá không hút được luôn. Vẫn refer effoc trong tp có nhân viên pha chế chuyên hơn.Xem thêm",16
153,Bổi,13/2/2017 16:28,7.0,"Mình gọi hai món món trà thì quá ngọt, milkfoam quá mặn tổng thể uống không để lại cảm xúc gì. Món đá xay cũng quá ngọt luôn... Đó giờ uống Effoc cũng thấy hầu như chỗ nào cũng pha ngọt thì phải, hy vọng các bạn xem lại liều lượng pha chế chứ ngọt ntn thì mất hết mùi vị 😌😌😌Xem thêm",16
154,Cừu Lông Tím,3/2/2017 22:24,3.4,"Bánh thì tạm nhưng nước dở quá 😢, kem k béo k ngọt k vị j luôn tr , nói chung k bh ghé lại nữaXem thêm",16
155,Thảo Ngọc Linh,2/5/2016 20:45,7.2,"Có ghé ở đây mua bánh mang về nhà dùng
Thích nhất red velvet, ăn ngon mà ghiền luôn
Giá khá ok nha, 30k 1 bé như này
Ăn béo mà hơi chua nhẹ nhẹ, vừa miệng, ăn cái thích thích, ăn hoài không ngán
Không gian tương đối vừa phải, nhân viên phục vụ dễ thương, xài voucher nên hướng dẫn cụ thể. Quán chủ yếu là khách mua mang về.Xem thêm",16
156,Mai Hiếu  .,21/4/2016 23:40,6.4,"Nhân dịp dẫn mẹ của bạn đi dạo Aeon Mall khát nước nên ghé vào đây. Nhân viên ở đây ok, rất thân thiện và dễ thương, còn tận tình tư vấn người lớn tuổi nên uống ít ngọt và uống loại nào thì hợp. Mình gọi 1 yourt rápberry ly nhỏ 30k và 1 frape hazenut ly vừa 45k, nói chung thức uống pha thơm, không bị ngọt gắt, uống ổn. Chỗ ngồi với không gian hơi nhỏ nên mua đem đi thì ok hơn.
Giá ổn so với chất lượng nước.Xem thêm",16
157,Hằng Mỹ,11/3/2016 20:24,7.8,"Đi chơi Aeon mall có 1 uqafy effoc đấy thử ghé đi bạn để bạn biết bạn cũng thích đá xay và bánh ở đay nhiều như thế nào nhé. 
Không gian ổn, chỗ ngồi đẹp sang chảnh xíu xiu với học sinh sinh viên.
Nước uống không dám chê luôn nè, vì ngon ấy green tee đá xay trà xanh cho dễ hiểu, mùi thơm xay ngon kem béo ngon thức uống dễ lấy lòng thực khách nè. Bánh mouse chanh dây, mềm, vi chua chua ngot ngọt, bánh bông lan làm rất khéo ăn vừa miệng, Ngoài ra có nhiều sự lựa chon tha hồ thích luônXem thêm",16
158,Duck Black,9/3/2016 1:50,7.4,"Hôm mình uống có khuyến mãi mua 1 ly blueberry được tặng thêm 1 bánh cheese cake nên mình chọn ngay phần này + 1 cookie xay.Bánh bao ngon,thơm thơm,béo béo của phô mai,...nói chung rất ngon,mình rất thích bánh ở đây.Cookie đá xay cũng ngon,kem ngọt không quá béo.Blueberry uống cũng tạm được nhưng mình thấy nó không hợp lắm với bánh.Nhìn chung thì rất ok rồi dù chỉ là quầy bán nhỏ.Sẽ tiếp tục ủng hộ (y) (y)Xem thêm",16
159,Thảo Ngọc Linh,8/3/2016 23:13,7.4,"8.3 nên uống nước với bạn ở đây
Nước mình kêu 3 ly, trong đó matcha táo xanh uống có vị lạ lạ. 2 ly còn lại cũng được
Bánh red vetvel ngon lắm nha
Mình có mua bánh tira và brownie mang về, hình như bánh mua mang về được giảm tiền thì phải. 
Mình thì thích ăn bánh của effoc hơn là uống nướcXem thêm",16
160,Thảo Ngọc Linh,5/3/2016 21:41,7.6,"Mình ghé sử dụng voucher của effoc.
Mình chỉ lấy bánh mang về thôi, chứ nước ở đây không thực sự thích lắm.
Mình lấy 2 bánh red velvet, 1 bánh tiramisu, 1 banh brownie. Nhân viên cũng vui vẻ, không gian rộng rãi  quầy bán nhìn rất sạch sẽXem thêm",16
161,Vân,1/3/2019 11:13,9.8,"Quán sạch sẽ thoáng mát, không gian bày bàn được mở rộng ra nhiều lắm... rồi menu lại được thêm nhiều món mới cũng ngon và chất lượng như Nem Nướng vậy. Tuần nào cũng phải ghé ít nhất 1-2 lần vì nhớ chị chủ nhiệt tình với đội nướng nem siêu cuteXem thêm",17
162,Doan.BaoNhung,26/6/2018 21:36,10,"Đến nhìn vỉ nem quán nướng là thấy phát thèm liền, nem nướng lửa đều nên màu vàng ươm rất ngon, nem được trang trí trong cái mẹt nên nhìn rất dân dã dễ thương, một phần nem cuốn được 6 cuốn giá 30k mình thấy khá hợp lý, đặc biệt rau chỗ quán rất tươi và sạch sẽ, mình hầu như ko tìm thấy một lá úa lá sâu nào luôn, đúng nghĩa là không tìm thấy luôn nhé nên khá an tâm về mức độ vệ sinh của quán. Chắc chắn mình sẽ lui tới quán này thường xuyên.Xem thêm",17
163,FoxByFox,7/6/2018 11:48,10,"Chỗ này thấy bán mang về là nhiều, mình ngồi ăn thì thấy khách đến mua mang về cũng liên tục, nhưng mình  gợi ý nên ăn tại quán sẽ ngon hơn, nem còn nóng, được đựng trong mẹt tre nhìn rất hấp dẫn. Chỗ ngồi hơi ít nhưng nếu đi đông chị sẽ kê thêm bàn không sao hết.
Quán có bán nước sâm giá 10k/chai do nhà chị nấu nên rất thơm và đậm đà mà chắc do nhà chị nấu nên lúc có lúc không. Quán nằm ngoài mặt tiền đường nên cũng dễ tìm. Quán chỉ bán buổi chiều thôi nhưng buổi trưa nếu mua nhiều có thể nói chị giao hàng.Xem thêm",17
164,Selena Nguyen,24/5/2018 9:43,9.0,"Quán bán hơi thất thường tí nên chắc ai có duyên mới ăn được. Quán để bảng là off ngày chủ nhật nhưg mih đi ngày t7 quán vẫn nghỉ, mình ghé lại ngày thường cug nghỉ, đến lần t3 mới ăn được, nhưng đúg như các bn khác đã review, quán làm ngon, sạch sẽ, giá 1 phần 30k nhug chất lượng. Bạn nào có ý định ghé ăn hay mua về gì đó thì cứ alo cho quán hỏi trước cho chắc, đừng có ngại, mình là khách mà.Xem thêm",17
165,VuLinhTam,24/5/2018 0:21,9.0,"Nhóm mình buổi chiều làm ra thường hay ghé quán chị ăn...tiếc cái là chị không bán ngày chủ nhật...nhóm mình đi 3 người ăn cái mẹt như trong hình là no ứ hự luôn...mỗi phần 30k được 6 cuốn...thường ai đi chung sẽ được chị làm chung một mẹt to hoành tráng như vậy nè, hết rau hết nước chấm cứ việc xin chị thoải mái nhé.
Bình thường mình đi sớm thì nem sẽ có liền nhưng đi lúc cao điểm tầm 5h chị đông khách thì đợi hơi lâu tí, nhiều lúc hết nem phải đợi nướng lâu vật vã luôn...nhưng bù lại được ăn nem nóng hổi mới nướng rất là ngon.Xem thêm",17
166,pe_truc,21/5/2018 20:51,9.4,"Mình ăn nhiều nơi nhưng tình cờ ăn được chỗ này thì khá thích vì quán
-Thứ nhất vì chỗ này nem nướng vàng và căng mọng nhìn rất ngon chứ không khô và teo tóp như mấy chỗ khác
- Thứ 2 nước chấm của quán màu vàng đậu rất tự nhiên chứ không có màu đỏ hồng.
- Thứ 3 là rau quán này làm rất sạch sẽ, rau rửa sạch, giấy bạc lót sử dụng 1 lần,...
Điểm trừ của quán là chỗ ngồi hơi ít, tầm 3 bàn thôi ah, nên hơi bất tiện cho nhóm đi đông người, với lại quán đặt bàn ghế ngoài trời nên khá thoáng mát nhưng bù lại trời mưa sẽ không có chỗ để trú.
 Quán bán khá nhanh, tầm 6h 7h là hết rồi nên ai muốn ăn cứ đến tầm 4-5h là chắcXem thêm",17
167,Babycoxy,21/5/2018 10:39,10,"Mình được mẹ mua về cho ăn hoài mà hôm nay đi ngang mới biết quán của người quen nên viết comment ủng hộ. Quán chị này làm ăn rất ngon, hợp vệ sinh, chị có giao hàng buổi trưa nữa, 10p trở lên là được freeship rồi nhé, mọi người có thể liên lạc sdt 01682377611 nếu muốn ship nhé. Buổi chiều thỉnh thoảng chị vẫn ship nếu có người nhưng mình thấy nếu muốn mua về thì cứ alo chị làm trước rồi ghé lấy cho nhanh gọn. Tính ra quán chị mở cũng lâu lắm rồi mà ít người biết đến, mọi người đi ngang cứ ghé ủng hộ nhé, đảm bảo không thất vọng đâu :-x :-xXem thêm",17
168,Lan_Anh_Lt,17/5/2018 12:09,10,"Trưa nay được một chị cùng cty cho sdt để order ăn trưa nên mình order cho cả phòng ăn thay đổi khẩu vị.
Mình alo chị lúc 10h hơn sợ chị làm không kịp nhưng may sao chị vẫn nhận và giao rất đúng giờ. Buổi trưa chị chỉ nhận giao hàng ở mấy khu vực lân cận thôi. Cty mình làm cũng gần nên nem chị giao tới vẫn còn nóng ngon rất hấp dẫn, rau ăn kèm đa dạng và cũng rất tươi.
Tuy nhiên nước chấm chị cho hơi ít nên chắc lần sau rút kinh nghiệm xin thêm chị nhiều nhiều nước chấm.Xem thêm",17
169,HuyQuan2908,16/5/2018 18:24,10,"Quán hơi ít chỗ ngồi nên mình ăn chủ yếu mua về, mình mua về ăn liền nên nem vẫn nóng ngon lắm, quán làm rất sạch sẽ, bà xã mình hơi kỹ tính nhưng vẫn khen cho này.
Quán bán tùy lúc, có lúc mình đi ngang 6h đã thấy hết nhưng nhiều lúc 8h hơn minh đi ngang thấy vẫn còn.
Mình chưa ăn tại chỗ bao giờ nhưng thấy quán cũng có chỗ để xe rộng rãi an toàn, khỏi sợ bị công an hốt,hehe. Nghe chị chủ quán nói quán có giao hàng cho mấy công ty buổi trưa nhưng công ty mình ở xa hơi bất tiện nên mình chưa order trưa bao giờ.Xem thêm",17
170,Ngoc_bui,28/4/2018 11:25,9.6,"Đi ngang quán này nhiều lần nhưng hôm nay thấy xuất hiện trên foody nên mình ghé thử... Đúng là phần nem nhìn rất hấp dẫn... Nhìn phần nem chị bưng lên chỉ muốn cầm máy lên chụp hình thôi chứ chưa muốn ăn... Hehe... Nem nướng vừa lửa nên rất thơm ngon... Mình ngồi ăn tại quán quan sát thấy thì chị làm rất sạch sẽ... Rau rửa rất sạch, khi bốc thức ăn chị đều mang bao tay,    nem nướng sau mỗi đợt chị đều thay vỉ, giấy bạc lót thức ăn chỉ sử dụng 1 lần rồi bỏ... Lúc chị bán đông khách cũng phải đợi rất lâu nhưng bù lại chị rất nhiệt tình vui vẻ . Bạn nào thèm nem nướng thì cứ đến thẳng chỗ này thì khỏi lăn tăn về giá cũng như chất lượng... HeheXem thêm",17
171,zero nguyễn,6/2/2018 17:44,7.4,"Mình đi nhóm 4 người và gọi lẩu kim chi. Lẩu cũng tạm thôi, có thịt bò nướng. Mình không chắc có gọi là mắc không nhưng theo mình là cũng vừa thôi. Một phần lẩu kim chi như thế có giá là khoảng 840.000 thì phải. Mình thấy nhân viên cũng được, cũng nhiệt tình. Quán mình thấy thì sạch sẽ đấy. Hình như có hai loại ghế thì phải. Là ghế gỗ và ghế đệm. Vị trí thì ở AEON nên dễ kiếm rồi. Nếu có bạn nào muốn thử thì gọi tùy theo sở thích. Có nhiều bạn nói là ăn không ngon thì chắc không hợp khẩu vị thôi. Mình nghĩ là sẽ quay lại lần hai.Xem thêm",18
172,Lam Thanh,31/5/2017 13:13,4.4,"Thèm dimsum nên mới vào, nhưng Hong Kong Town mà không có dimsum mới hay.
Xong lỡ ngồi rồi nên gọi suất cơm chiên hải sản.
Vấn đề nằm ở đây, đồ hải sản xào mặn 😔
Cơm lại quá nhạt 😔
Nói chung là mị sẽ k quay lại đâuuuuXem thêm",18
173,Loan Nguyễn,22/3/2017 13:01,3.4,"Ăn đồ nướng muốn xong luôn rồi thì mới đem rau kèm theo lên. 
Thịt siêu mỏng, không tươi.
Lẩu tứ xuyên thất vọng tràn trề vì miếng cá cắt vụn như đầu ngón tay cái. Xấu quá nên cũng chả thèm chụp checkin
Quán gì mà chỉ có 1 hay 2 nv phục vụ. Kêu khản cổ cũng không thèm trả lời. 
Một lần và vĩnh viễn không bao giờ quay lại.
Giá không xứng với chất lượng.Xem thêm",18
174,Gấm Đỗ,6/2/2017 10:45,1.8,"Chất lượng đến phục vụ đều tệ..
Nhân viên thì gọi cũng bơ như kiểu k nge k thấy..
Đồ thì bưng lên cũng thiếu món đã thế lại không bưng nước chấm ra lại ohait tự đứng dậy đi lấy
Không hướng dẫn tận tình cho khách.. dọn đĩa hết thì ẩu tả đổ đầy nước dư ở đĩa vào người khách. 
Đồ ăn thì để lạnh cảm giác k còn tươi. Hình ảnh trên hình thì khác xa so vs thực tế. Vd điển hình là lẩu hải sản tứ cuyên trong hình là 2 ngăn vs cá cắt khúc thịt viên, rau đủ loại mà bưng ra nồi lẩu bình thg bé tẹo, cá thì cắt miếng bé tẹo như qân cờ, thịt viên cũng k thấy, rau thì chỉ có cải thảo..
So vs mấy nhà hàng khác thì qá tệ. Nếu nhà hàng k chấn chỉnh lại. K thấy thêm review tốt thì chắc sẽ k qay lại đây lần nào nữaXem thêm",18
175,Lan Hoàng,31/1/2017 17:23,1.0,"Nhân viên gặp khách kêu mà bơ bơ như không nghe thấy gì. không hướng dẫn chu đáo cho khách.
Thức ăn toàn đồ đông lạnh có cảm giác ko được tươi.
Nước sốt dở.
Vệ sinh thấy dơ dơ. Ly thì nứt tùm lum.
KHÔNG BAO GIỜ QUAY LẠIXem thêm",18
176,Winnie Huynh,14/11/2016 1:20,3.4,"Khi mình xem menu ở ngoài thì có 1 nhân viên ra giới thiệu món,  giá,  rất lịch sự,  nhưng nói mình chả hĩu j cả.  Mình mún ăn buffet nhưng nhìn vào trong mình ko thấy quầy đồ ăn nên mình hỏi "" hôm nay nhà hàng có buffet chứ ak""  thế là a ta ngẫn tò te ra.  Mình chả hĩu mình nói tiếng việt ko chuẩn hay a ta nghe ko đc tiếng việt ??? nhưng món Hongkong hợp với khẩu vị nguời Việt nên mình vào lun. Khi vào bàn ngồi,  có e nhân viên bảo quầy đồ ăn bên kia,  a c ra chọn giúp e. Khi mình ra đó thì trong đấy chả có j chỉ có bắp,  đậu bắp,  cà tím,  xà lách,  cơm chiên,  chả giò,  bánh phồng tôm.  Mình lấy 1 ít đậu bắp và xà lách rồi quay về bàn. Mình đc nhân viên đem đồ nuớng ra,  mình có hỏi "" e ơi cho c hỏi buffet ở đây là gọi món đúng ko e?  Hay c chọn đồ ăn ở đâu""  e ấy trả lời "" e bưng lên,  hết c gọi nữa"".  Thế là mình tiếp tục ko hĩu tập 2, cuối cùng là sao???

Cuối cùng mình cũng hĩu,  buffet ở đây bao gồm đồ nuớng và lẩu,  có bao nhiêu món nuớng sẽ bưng hết lên cho mình,  dù thik hay ko cũng cho lên, hết cái nào gọi thêm cái đó .  Chứ chẳng phải có menu cho mình chọn. Lẩu thì có 1 loại. Mặc dù giá cũng như bao nhà hàng khác nhưng ko nhìu món ( nó chỉ nhìu về số luợng thôi) 

Nhân viên nhé,  gọi rát cổ quay lại nhìn xong bơ lun!!  Khách còn đông mà đem chén đũa muỗng ra lâu,  tụm lại nói chuyện khách kêu thoải mái ứ thèm nghe!!! Lúc đầu cho nuớc chấm tuơng ớt xanh,  hết xin thêm thì cho nuớc chấm sốt tiêu đen... Đáng lý ra nuớc chấm có bao nhiêu loại phải đem lên hết cho khách thuởng thức chứ nhỉ?? Sao phải hết cái loại này,  mới đem cái loại kia lên??? 

Với cung cách phục vụ thế này, thì khách khó tiếp cận đc nhà hàng.  Giờ viết cm trên đây nhưng vẫn rất mong lung về cái nhà hàng này....Xem thêm",18
177,Phương Thanh,13/10/2016 17:05,7.6,"Nướng bằng bếp điện từ nên chẳng có khói đồ. Nhưng mình thấy nướng than vẫn ngon nhất. 
Nhân viên phục vụ rất chậm, ôi phải nói khát nước mà đợi đến khô cổ họng luôn.
Giá cả thì hợp lý, vì combo buffet nướng và lẩu mà 4 ng ăn chưa tới 700k nữa.Xem thêm",18
178,Ngọc Văn,11/8/2016 14:10,3.8,"Mình đi lúc vắng khách nhưng phục vụ rất đông toàn đứng nói chuyện đùa giỡn với nhau mà lơ khách, khách gọi thì cứ vờ như bận lắm lúi cúi lau lau gì đó, gọi đem đồ ăn ra thì người này sai chuyền người kia ( trong khi lúc đó quán chỉ có 4 khách). Mình nhờ lấy chén đũa mà thấy lâu quá nên tự đi, phải nói là chén đũa trông có vẻ dơ dơ như kiểu rửa chưa sạch ấy 😖😖😖 ngoài quầy buffet hết món nhờ nhân viên lấy thêm mà ai cũng ""vâng,dạ..."".... rồi bơ lun như chưa hề nghe thấy. Thức ăn thì cũng bình thường các món nướng đều ko ướp chỉ nướng mọi, nước chấm chỉ có muối ớt xanh là ngon còn lại trông không an toàn lắm. Chỉ có khoản tính tiền là nhanh.Xem thêm",18
179,Nguyễn Phạm Thái Sơn,4/7/2016 19:05,8.4,"Phải nói là dùng bữa tại đây nhiều lần rồi mà hình như bị nghiện hương vị nước lẩu...khá đậm đà và vừa ăn
Tuy phần lẩu từ 68k-80k 1 người. nhưng ăn 2 người vẫn bao no căng luôn nhé. Mình thì thích oder thêm phần cá hồi vì thấy khi bỏ vào béo béo và ăn ngon hơn hihi
Không gian ấm cúng kèm theo khói lẩu nghi ngút thì còn gì bằng cho 1 cuộc trò chuyện^^Xem thêm",18
180,Quỳnh Lê,28/6/2016 12:14,7.2,"Ghé chỗ này 4 lần đa phần mình ăn lẩu hải sản kim chi. Món này ngon.
Món nướng mình thấy ướp không ngon, vỉ nướng cũng không được sạch, khách nướng không tiện, nhân viên giúp đỡ cũng rất là lọng cọng. Rất là thiếu chuyên nghiệp. Gọi món thêm hay gọi nước cũng phải gọi đến mấy lần. Nếu thích ăn món nướng thì đến đây không phải là sự lựa chọn tốt.
 Nhân viên ít mà cũng khá là thiếu lịch sự chắc do bận chạy bàn. Ngoài ra mình thấy không gian cũng khá thoáng đãng và giá cả bình dân.Xem thêm",18
181,Minh Phạm,6/4/2018 16:17,9.0,"Đi Aeon Mall chơi, đói bụng cả đám kéo vào đây ăn. Nhà hàng trang trí có cái cây cầu khá hay, vào trong quán thì hơi tối 1 chút xíu. Sushi và shasimi khá là ngon, nước chấm hơi nhạt, nhưng vẫn có nét riêng. Cả đám kêu combo ăn cho rẻ và khi tính tiền chia ra mỗi đứa hơn 100k à, rẻ bất ngờ.Xem thêm",19
182,Trang Nguyen,3/4/2017 1:34,4.0,"Đi Aeon Mall Bình Dương vs con bạn lang thang mà đói quá nên ghé đại zô ăn thử. Order mấy món thì toàn hết. Order xong thì đợi món lâu ơi là lâu, đã vậy còn mang nhầm món ra nữa chứ. 2 tô mì tô nào cũng failed. Tô mì undon hải sản của mình ăn đỡ hơn 1 xíu mà vị ăn như canh bắp cả nầu nghêu vậy. 
Mấy bạn nhân viên thì hơi thiếu chuyên nghiệp, ko chảnh nhưng mà lóng ngóng, hết mì cũng ko bít đường nói khách sớm. Order món này thì mang nhầm ra món khác. Bàn thì ko vệ sinh sạch, hơi mỡ. 
Nói chung mì ăn rất ko ngon, sẽ ko quay lại.Xem thêm",19
183,Sara Nhon,27/3/2017 16:23,7.2,"Mấy đứa bạn rủ đi Aeon Mall chơi, vô đây đi 1 hồi lại đói bụng và kéo nhau vô quán này nè, quán nhìn bên ngoài khá sang trọng và lịch sự nha, lối đi vào có 1 cây cầu bắt qua, nhìn khá hay, bên trong thì hơi nhỏ 1 chút, nhóm mình đi tầm 5 người và 1 em bé nhỏ mà ngồi hơi chật vật 1 chút, menu thì đa dạng nè, tụi mình gọi cái combo gia đình ăn cho tiện, cũng khá là nhiều món đó nha, có lẩu, sushi, cơm trộn, tụi mình có kêu thêm 1 phần thịt nướng nữa ăn cho đã, lẩu ăn ngon và thịt nướng cũng rất ngon, tính ra mỗi đứa chỉ gần 100k.cho bữa ăn này thì quá là được rồi ))Xem thêm",19
184,Diễm Trương,10/2/2017 18:28,5.0,"Không gian: bên ngoài nhìn thấy thì khá rộng, có cây cầu bắc ngang cho khách bước vào nữa, nhưng bên trong thì thấy hơi tối
Menu thì thấy khá nhiều món, giá cả cũng tương đối, mình và bạn lựa udon hải sản và ramen thịt cay, quán thấy không có đông, mà không biết nhà bếp làm sao mà lâu ơi là lâu, hình như nhân viên ghi order không phân biệt được đâu là sợi ramen đâu là sợi udon thì phải, mình order ramen, lúc mang ra là sợi udon mà mình hỏi nhân viên thì còn nói lại là ghi đúng order mà, lúc đó có nhân viên khác ra thì mang tô của mình vào lại, cái hồi mang ra cũng tô đó kêu mình thông cảm dùng tạm hết sợi ramen rồi, mình cũng không khó khăn gì, thà lúc đầu nói hết thì mình gọi món khác chứ như vậy cảm thấy không hài lòng về cách phục vụ chút nào
Món ăn: không biết có phải không hợp vị hay không mà thấy không ngon gì hết, 2 đứa ráng ăn cho hết rồi tính tiền về thôiXem thêm",19
185,Trung Nguyễn Thành,9/7/2016 19:17,6.6,"Vào gọi combo 658k dành cho 3-4 người ăn mà món ăn cũng tàm tạm. Nhân viên vs dọn ra nhanh, nói chung cũng tạm đcXem thêm",19
186,Thùy Nhiên Võ,9/5/2016 17:28,8.2,"Giá phải chăng, thức ăn cũng ngon, lẩu nhiều thịt chứ ko le que vài miếng như chỗ khác có điều hôm đó mình ăn nước lẩu khá nhạt. Bánh xèo Nhật ăn khá béo, kim chi rong biển cũng ok, màu sắc các món ăn rất đẹp, hấp dẫn. Không gian quán trang trí rất nhẹ nhàng thoải mái.Xem thêm",19
187,satou hiroaki,4/3/2016 14:16,8.6,"Tôi cảm thấy nhà hàng tốt. Ở đây có rất nhiều món ăn đa dạng, phong phú, khẩu vị cũng hợp với người Việt, như những combo cũng thường xuyên thay đổi, ngon. Không gian nơi đây tạm ổn. cảnh đẹp. Nhân viên ở đây cũng rất nhiệt tình, nhanh nhẹn. Mặc dù đông khách, họ làm việc rất vất vả nhưng cũng cố gắng làm hài lòng mọi người. Tôi sẽ luôn ủng hộ nhà hàng.Xem thêm",19
188,Kiên Nguyễn,23/2/2016 9:38,6.8,"Lúc đầu định vào để ăn bánh xèo Nhật nhưng sau đó gọi combo này.
Nhân viên nữ có vẻ khó chịu, nhân viên nam thì nhanh nhẹn và niềm nở hơn.
Món ăn ok, nhưng thịt bò với thịt heo mùi nó từa tựa nhau :(
Sushi ăn vừa miệng, ngon.
Lẩu thì nghêu không sạch :(( lại còn bé tí ti.
Còn các món còn lại ăn khá ngon, thơm.
Lần đầu tiên ăn đồ sống, cảm giác thấy bình thường lắm. Chấm vào nước tương, xong bỏ vào miệng. Hồi trước thì nghĩ ghê gớm lắm :)
Nói chung không gian ổn, món ăn khá ngon. Tính tiền hơi lâu :(Xem thêm",19
189,Trâm  Trần,11/9/2015 11:51,8.6,"Món ăn ngon trang trí đẹp mắt,nhân viên phục vụ nhiệt tình dễ thương dù quán rất đông lên đồ ăn nhanh chóng ko phải chờ lâu. Nói chung là ko có gì để phàn nàn cả 😊😊😊Xem thêm",19
190,Minh Minh,13/7/2015 21:07,5.6,"nhân viên phục vụ không mấy tận tình, đồ ăn ra lâu và không đều, món cơm thịt bò nướng ngon, còn mì soba xào không được ngon cho lắm.Xem thêm",19
191,Tony Nguyễn,22/6/2020 18:41,9.6,"Mình chỉ nghĩ ra ý tưởng và gửi cho tiệm làm bánh, trong lòng mình hết sức ngần ngại không biết kết quả thế nào. Mình không thể ngờ là người thợ làm bánh lại có thể biến ý tưởng của mình thành một ""tác phẩm"" tuyệt vời và ấn tượng như thế này. Mình thấy rất hài lòng. Không những vậy, những em gái đứng bán cũng đã hỗ trợ rất nhiều, vì kích thước bánh của mình lớn, các em đã cố gắng liên lạc với xưởng và hoàn thành bánh kịp thời gian cho buổi tiệc của công ty mình.

P.S. Bánh rất ngon.Xem thêm",20
192,Thục Đan,18/6/2016 23:56,7.6,"Công ty mình thường xuyên đặt bánh kem Đại Phát để tặng các sếp. Và mình cũng hay giúp đồng nghiệp đặt bánh kem. Có lẽ vì thế mà mình ăn nhiều lần đủ để nhận biết bánh kem đó có phải của Đại Phát hay không. Mình rất thích vị bánh socola . Còn với bánh kem vani thì kiểu dáng rất đẹp. 
Nhưng điều mình không thật sự hài lòng là vì từ tiệm bánh tới công ty mình khoảng 15 km vì vậy nhiều khi mình đặt từ sớm nhưng bánh giao khá trễ với lý do không có người giao. Bên cạnh đó nhiều khi nhận bánh và ăn thì cảm thấy bánh giữ ngăn lạnh hơi lâu rồi.
Về giá cả thì chấp nhận được.Xem thêm",20
193,Nguyễn Phạm Thái Sơn,3/4/2016 8:29,8.4,"Nhiều lần đến rồi... Vô cùng thích. Không gian thoải mái, nhân viên rất là thân thiện
Bánh ở đây ngon tuyệt luôn nhá. Rất thích hợp để tổ chức sinh nhậtXem thêm",20
194,Nguyễn Phạm Thái Sơn,7/3/2016 14:53,8.2,Bánh kem nơi đây làm rất ngon mà còn đẹp nữa.. Đáng yêu lắm luôn.ngoài ra Lũe còn có bánh mì các loại thơm và ngon không tả. Về nước uống thì mình thích nhất là oreo đá xay chất lắm nhá kkkXem thêm,20
195,Food.Addict Food Addict,10/12/2015 10:50,7.4,"Bánh ngon, giá tương đối tốt.
Trà sữa Đài Loan thơm giá như Tiên Hưởng.
Có quầy nước và dụng cụ bàn ăn tự phục vụ, tôi rất thích.
Sẽ ghé lại khi có thời gian.Xem thêm",20
196,Tu Tran Vo,23/10/2015 19:03,7.6,"Bánh Đại Phát ngon, đặc biệt là hay có giảm 50% bánh vào mỗi tối sau 9h nên mình hay me đi vào giờ đo :))) À mình cũng rất thích tiramisu o đây giá chỉ 18k nhưng ăn rất ngon 🍰Xem thêm",20
197,Hằng Mỹ,31/8/2015 14:48,7.0,"Trà sữa ngon thơm béo, quan không gian đẹp ^ ^. Trưa nắng hay tối mát đi chơi ghé quán cũng thích lắm, giá vừa phải so vơi trung tâm thương mại. 
Wifi mạnh hihi, cái này cũng hay nè tha hồ lướt fb zl này no khoe nhe.
Nhân viên nhiệt tinh vui vẻ thân thiện
Không gian cool, màu nâu ấm trầm, có cái view cai ly cafe đẹp á, bạn thích lắm.
Có dịp ghé nữa à nha .Xem thêm",20
198,Nhan Nguyen,13/7/2015 15:25,7.6,"Mình ghé ngang wa đây mua sắm, sẵn quất lun cái bánh này mang về nhà ăn. 1 cái 35k đầy ắp thịt, ăn rất phê :D
Luxe khá nổi tiếng ở SG với nhiều món bánh ngon, giá mềm và đặc biệt trà sữa sủi bọt ngon ko chịu dc. Chả hiểu sao ko mở thêm chi nhánh ở SG mà lại lên Bình Dương mở he heXem thêm",20
199,🌸 Feenie 🌸,17/5/2015 22:15,7.0,"Không gian rộng thoáng, nước uống cũng tạm ổn, nhân viên nhiệt tình :D..Xem thêm",20
200,Kitten183 ...,14/3/2015 12:24,6.8,"Mình ăn bánh tam giác phô mai, thấy không béo lắm và hơi ngọt thì phải. Macaron 15k/c nhưng mà ngọt kinh khủng. Ăn vô muốn nhức răng luôn ( hay là mình không quen với món đó hay sao thì khôg biết ). 
Trà ôlong sữa thì trà ngon đó nhưng mà sữa 1 nơi trà 1 nẻo thấy lạ mà kem hay sữa gì ở trên mình k biết chỉ thấy béo lắm thôi. 
Bánh thì nhiều có nhiều cái cũng lạ lắm. Nhưng chắc là mình k hợp ở đây rồi. Cái gì cũng ngọt gắt hic. 
Quán nhìn vào thì đẹp mà bàn ghế nhìn phat chán quá.Xem thêm",20
201,Linh Gia,29/4/2020 17:08,1.0,"Nhà mình khá gần nơi này bà mình cũng ăn ở quán nhiều lần và đa số các lần nhân viên đều có thái độ không tốt. Mình và bạn mình vào bàn ngồi 15p nhưng không có nhân viên nào lại dọn bàn hay hỏi han ừ thì mình cũng nghĩ chắc là người ta bận gì đó NHƯNG KHÔNG 🙃 nhân viên ngồi không tám chuyện nhìn sang thấy bàn mình như vậy vẫn quay ra tám chuyện, tuy không vui nhưng mình vẫn nhẹ nhàng nhờ họ dọn hộ mình. Chị nv trong quán nói ""bàn không ai rãnh dọn đừng có cho khách vào, cho khách vào rồi có dọn bàn được đâu"", mình vẫn nhẹ nhàng kêu cho mình gọi món và được đáp lại là ""gì em, đợi tí đi"" với khuôn mặt khó chịu và nhìn khách bằng nửa con mắt. Đồ ăn thì nói thật nó chỉ tạm thôi chứ chẳng ngon đâu. Khách đông là do có tiếng từ lúc xưa nhưng CHẤT LƯỢNG VÀ THÁI ĐỘ NGÀY CÀNG TỆ KHÔNG CHẤP NHẬN ĐƯỢCXem thêm",21
202,Thu Hương Đỗ,22/7/2019 23:24,6.6,"Mình ăn ở đây quá nhiều lần rồi và lần nào ăn cũng đều thấy ngon cả. Đồ ăn ở đây khá hợp với khẩu vị của mình, tuy nhiên sẽ có nhiều bạn ăn không hợp khẩu vị với vài món ở đây. Menu quán cực kì nhiều món cho các bạn chọn lựa, tuy nhiên bạn nào không quen ăn mặn hoặc ngọt thì hạn chế gọi các món có mắm vì nước chấm ở đây làm hơi ngọt.Xem thêm",21
203,Kim Hoang,12/12/2018 19:16,2.6,"Bánh tráng cuốn thì dày ẹ ăn ngán và quá dai. 
Nước sốt ăn há cảo mặn chát. 
Gỏi cuốn thịt mỡ ko. 
Bò bía thì làm tép dổm, lạp xưởng đen xì. 
Bánh bèo chén ăn tưởng ăn bánh dày giò lụa. 
Bánh bột lọc ăn ngán. 

Hết 109kXem thêm",21
204,Unmoomi,29/10/2018 1:29,3.4,"☘ Hôm nay tự dưng thèm ăn vặt, thêm Foody đưa lối dẫn đường mà mình đã lặn lội cả chục cây số để tìm đến quán này để rồi phát hiện ra rằng chẳng xứng đáng lắm với công sức của mình :""(
☘ Quán siêu đông với những dãy bàn kê khít nhau choán hết lối đi. Vừa ghé đã thấy ngợp và chật ních nên mình quay ra đi dạo một vòng chừng nửa tiếng mới trở lại, lúc này mới có bàn trống để tụi mình ngồi.
☘ Quán rất dơ, dưới chân toàn rác là rác. Nhân viên có vẻ cộc cằn cáu kỉnh vì mệt.
☘ Quán có phong cách tự phục vụ: tự tìm menu nằm đâu đó trên các bàn khác, tự tìm giấy bút để ghi lại món mình chọn và sau đó đưa nhân viên. Mình thấy cũng bình thường, với cái menu dài ngoằng như vậy mà bắt nhân viên đứng chờ để mình đọc hết rồi gọi món thì kỳ cục quá. 
☘ Chắc vì mình vào trễ nên mấy món nghe có vẻ hấp dẫn đều hết rồi. Nên mình gọi:
- Bánh tráng cuộn (12k)
- Bánh tráng bơ (10k)
- Phô mai viên (12k)
- Bánh trứng chiên (15k)
- Mực chiên xù (17k)
- Khoai tây chiên (15k)
- Trà chanh xí muội (15k)
☘ Bánh tráng cuộn và bánh tráng bơ na ná nhau, chỉ là một cái thì gộp xoài và rau răm vào trong cuộn luôn, còn một cái là để riêng bên ngoài. Món này mặn lắm, bánh tráng khô và cứng, nhai thiệt mệt mỏi. Thêm một điểm trừ bự tổ chảng là ruốc quá dở, có nhiều sạn và vỏ ốc bị lẫn khiến mình đang nhai thì cắn trúng (thường xuyên luôn ý), rất mất hứng và nghe ớn ớn gớm gớm, còn sợ không khéo bị mẻ răng nữa cơ.
☘ Phô mai viên ổn phết. Vỏ ngoài giòn nhưng không cứng, thấy giống giống vỏ bánh bầu phô mai nhưng mỏng hơn và không bị ngán. Lớp phô mai bên trong mềm, chảy, dai, thơm, siêu đã. Giá cũng tốt.
☘ Bánh trứng chiên bình thường, khá mặn, nhiều dầu mỡ. Nói chung ăn chán.
☘ Mực chiên xù ăn cũng được. Mực mềm, không tươi lắm nhưng không đến nỗi bở rẹt. 
☘ Khoai tây chiên cũng được, tính ra thì hơi mắc so với các xe khoai tây lắc. Hơi nhiều dầu mỡ quá.
☘ Trà chanh xí muội siêu dở, uống ghê lắm. 
☘ Ngồi ăn mà mình không nghe vui lắm, thứ nhất là vì ồn ào, thứ hai là vì thấy có anh nhân viên kia cứ dẫm đuôi con chó hoài, nó rên lên thì mình nghe ảnh nói với anh khác là ""Kệ nó!"". Chậc. Tội! Ngồi ăn có non tiếng đồng hồ mà con chó ăng ẳng ba bốn lần :""(. Mất hứng lắm. 
☘ Nếu quán gần thì có thể mình sẽ quay lại để thử thêm những món khác. Tiếc là quán khá xa nhà nên chắc mình không quay lại nữa đâu vì những món này cũng không hiếm hoi gì ở những chỗ khác. Có khi chỗ khác làm còn ngon hơn. Giá cả thì cũng không thật sự rẻ nếu xem xét về số lượng và chất lượng.Xem thêm",21
205,Thái Nguyễn,12/10/2018 17:30,8.2,Menu quán cực nhiều món lun. Giá cả sinh viên nhưng vẫn rất ngon. Quán luac nào cũng đông khách. Địa điểm ăn vặt chất.Xem thêm,21
206,Tô Tế,21/9/2018 16:30,8.0,"Bánh flan ở đây nhiều vị dữ lắm nè. Mình thấy chanh dây ngon nha. Ngoài ra có nhiều món ăn vặt khác lắm. 
Giá hạt dẻ hợp túi tiền sinh viên tụi mình á.Xem thêm",21
207,Trần Anh Xuân,23/4/2018 16:50,8.0,"Tiệm ăn vặt khá ngon. 
Mình thấy bán nhiều món lắm nha. Mỗi lần thèm ăn vặt là cứ rủ rê đồng bọn tới đây. Mình thích tôm nướng. Tôm tươi và ngọt lắm. 
Ngoài ra có trái cây thập cẩm, chè khúc bạch nữa.
Giá cũng khá ok chứ không mắc lắm nhaXem thêm",21
208,Khánh Huyền  Cao,29/7/2017 14:02,4.2,"Đây là quán ăn vặt mà được học sinh lui tới nhiều nhất. Quán có rất nhiều món. Muốn ăn cũng không ăn hết được, lại rất là rẻ tầm 15k-30k là chủ yếu. Ăn cho bể bụng cũng không tới hết 200k đâu nha. Quán có món bánh bột loc ngon lắm. Lần nào đi mình cũng phải ăn hết 2 dĩa. Vì quán là quán bình dân nên vệ sinh không được sạch cho lắm :( dưới đất quá trời rác mà không có ai quét. Cảm tưởng đang ngồi trên đống rác vậy. Quán mở vào tầm 3 giờ chiều nhaXem thêm",21
209,Helen Nguyen,27/7/2017 0:58,4.4,"Ấn tượng đầu tiên là quán nhìn khá bừa bộn... thực đơn rất rất nhiều món moah khi mình gọi đc 12 món thì hết 6 món không còn, quán đông nười lắm nên đợi rất rất lâu, kêu lên được 3 món chờ dài cổ kêu tính tiền thì bắt đầu mang món ăn ra... nói chung là cách buôn bán khá tệ... món ăn cũng bình thường không gì đặc sắc... mình không thích cho lắm nên đây là lần đầu cũng như lần cuối mình ghé thăm...Xem thêm",21
210,Kim Vui,31/1/2017 13:35,1.6,"Quấn trước đây rất ngon đa dang và giá cũng không cao lắm chứ không rẻ. Nhưng gần đây đồ ăn không còn được như trước. Do quán đông nên rất dơ, giấy vứt rất nhìu và bừa bãi dưới nền. Nhân viên và chủ quán thái đô phục vụ quá tệ. Nhiều khi mình gọi món nghe nhưng không trả lời. Rất nhiều người bị như vậy.Xem thêm",21
211,Nhiễu Sự,24/8/2020 1:29,8.0,"Quán rất đông, phải xếp hàng chờ order tại quầy hơi vất vả. Đồ ăn khá ngon, trà sữa ổn, nhiều thạch. Chủ yếu đến đây vì không gian rộng, nhiều phân khu ngồi kiểu cf bình thường, phòng hộp kín, bàn sát hồ cá koi cho trẻ con nghịch... 
Nên ghé một lần cho biết và tự trải nghiệm xem có thích hợp với bạn không. Mình thì thấy cũng bình thường. Đông quá tìm chỗ ngồi cũng hơi khó khăn.Xem thêm",22
212,Hoàng Tân,31/3/2018 13:50,6.0,"PHỤC VỤ RẤT TỆ, TỎ THÁI ĐỘ COI THƯỜNG, KHÔNG NIỀM NỞ VỚI KHÁCH. KHÔNG BAO GIỜ VÀO LẦN THỨ 2.Xem thêm",22
213,Hoàng Chiều,31/3/2018 13:46,1.0,Quán này đi chỉ 1 lần không ghé lại lần 2. Phong cách phục vụ chảnh chó. Mua đồ bắt khách tự bưng. Mặt nhân viên khó chịu. Mong quán sớm đóng cửa. Dịch vụ quá tệ.Xem thêm,22
214,Ngọc Bích,25/3/2018 21:08,7.8,"Thức ăn ngon nhưng phục vụ tệ, Đường vào quán khó đi, không gian thoáng mát ,sạch sẽ, đẹpXem thêm",22
215,chi_bbao,9/2/2018 10:31,1.0,"Quán mở nhạc cải lương hành lỗ tai khách, khách kêu tắt hoặc đổi nhạc khác. Nói đến tận 4 5 nhân viên mà cứ bơ khách. Quá tệ 1*Xem thêm",22
216,HalleLe,11/9/2017 21:42,6.6,"Thực sự đến thời điểm này mình vẫn lựa chọn Coffee TVcontainer để hẹn hò bạn bè tám chuyện hoặc làm việc. 
Ngoài chổ ngồi cạnh hồ với những chú cá Koi không hề biết sợ người ta, có thể đớp tay mình lúc nào khi chúng tưởng là thức ăn - cực kỳ nhột thì còn có khu vực phòng máy lạnh cho những bạn làm việc, nghỉ ngơi. 
Khu vực hồ bơi, khu trò chơi em bé. 
Giá cả ở đây khá bình dân. Mình thích đặc biêt mỗi Cacao sữa 22k/ly. Quay lại và sẽ quay lại.Xem thêm",22
217,Titan Ngo,2/9/2017 20:50,3.2,"Phục vụ quá chậm, nhân viên hỏi ko thèm trả lời cũng chẳng cười dc với khách 1 câu và cả câu cảm ơn khi khách trả tiền cũng ko nốt,Xem thêm",22
218,Gi Gi,31/7/2017 18:56,8.4,"Quán thiết kế vs các container khá lạ so vs mặt bằng chung các quán ở BD. Không gian và chỗ để xe bao rộng. Quán theo cách tự phục vụ. Nhân viên khá dễ thương, thức ún khá ok và giá cũng phải chăng, cuối tuần đến đây rất đông nếu mún có chỗ ngồi trong các container phải đến từ sớmXem thêm",22
219,Trọng Đỗ,18/7/2017 23:43,8.8,"Cực kì ấn tượng với không gian nơi đây. Không gian quán khoáng mát và hồ cá koi rất đẹp có thể ngắm nhìn và cho cá ăn được nữa
Kiểu gì cũng có, chỗ ngồi rất đa dạng với thiết kế và bài trí khéo léo. Sân vườn, phòng máy lạnh, bàn thấp kiểu Nhật,...
🍹Nước uống đa dạng và rất ngon
💵Giá cả rất mềm
🍝Đồ ăn khá là ngon
🏵Trang trí của quán tạo cho ta cảm giác thật ấm cúng và lãng mạng.
🎶Nhạc hay
Đằng sau quán còn có quán buffet nướng, đồ ăn ở đây khá là ngon. Giá vé chị có 99k mà ăn thoả thích, lẩu thì có 39k nhưng có hải sản tôm mực đầy đủ giống như những cái lẫu một trăm mấy của quán khác. Phục vụ khá là tốt và chuyên nghiệp, tuy quán hơi đông nhưng nhân viên phục vụ vẫn vui vẻ và niềm nở với khách.
2 quán khá là tốt, thích hợp cho những buổi hợp mặt bạn bè, gia đình hay người yêu👍👍👍👍Xem thêm",22
220,Trong Do,18/7/2017 23:24,9.0,"Mình là người ở gần quán, mình đã vào quán nhiều lần rồi. Mình cảm thấy quán phục vụ tốt và khá chuyên nghiệp tuy nó hơi giống highland, view quán rất đẹp và lãng mạn. Quán còn có hồ cá koi để cho khách chụp hình với cá cũng như cho cá ăn, quán khá rộng, kế bên còn có cả hồ bơi để thư giản nữa. Đằng sau quán thì có quán buffet nướng làm đồ ăn khá là ngon, đồ hải sản khá là tươi ngon. Nhân viên phục vụ khá nhiệt tình và niềm nở với khách, quán hằng tuần đều có chương trình ca nhạc làm cho không khí càng sôi động hơn nữa. View của quán khá là ấm cúng, thích hợp cho những gia đình bạn bè hay người yêu đến và thưởng thức 👍👍👍Xem thêm",22
221,YẾN NHI,31/8/2018 15:01,7.8,"Đi bộ trong Aeon mệt nên tìm chỗ ghé ăn chơi, thấy không gian Shabu Shabu đẹp, ấm cúng nên tấp vô. Quán ko to lắm nên chỉ vài bàn đã hết chỗ, phải đợi khách ăn xong mới vô được. Đang đói nhưng thấy các món ăn là nản rồi. Thực đơn lèo tèo vài món chứ không đa dạng, ngoại trừ món kem tráng miệng tương đối ổn. 

Công bằng mà nhận xét, chất lượng ở đây không bằng Kichi Kichi hay Hot Pot story nếu so sánh ở mức giá tương đương. Điểm cộng duy nhất là nhân viên phục vụ rất dễ thương. Nếu ăn cho biết thì OK, nhưng các tín đồ buffet chắc sẽ khóc thét với chỗ này vì… lỗ Xem thêm",23
222,hathanh1772,20/12/2017 14:51,5.6,"Đồ ăn quá bèo để xứng với giá 275k/ suất, nghêu hấp, cá thu nhật, cơm cuộn rong biển trứng...bánh xèo nhật, mì xào và một cơ số đồ đông lạnh (chả giò xúc xích khoai tây) hoặc rau tẩm bột chien sẵn thích bao nhiêu thì gắp bấy nhiêu... túm lại đồ ăn cực kỳ bình thường, k đầu tư về đồ ăn mà lấy tiền ở mức giá đấy thì nên xem lại chính sách giá... cách phục vụ thì k gì đặc biệt vì khách làm hết chứ coa gì mà chấm điểm??? :)))
set mắc tiền là thế nhưng phải ăn ở set 325k mới có nướng??? thật khó hiểu và sẽ không quay lại đâu nhen :), những ai bình luận hoặc xem bình luận tiêu cực ở sumo bbq qua đây chắc cạn cmn lời luôn..Xem thêm",23
223,Thạch Anh Nguyễn Quang,31/7/2017 20:19,2.8,"Nhân viên quá tệ, phục vụ mất lịch sự.
Đồ ăn lèo tèo vài món mà nhân viên thì quên order. 
Giá quá đắt so với chất lượng, số lượng và dịch vụ.Xem thêm",23
224,Munie.Tr,16/5/2017 1:17,7.6,"Mình có voucher giảm 50%. Áp dụng buffet fuji và buffet nước luôn nè
Mình đi tầm 4h nên đồ ăn chưa lên dĩa nhiều
Hải sản thì không tươi lắm. Thịt ngon, có cá hồi cũng ngon nữa :)))) 
Điểm trừ: thực đơn món phụ không đa dạng
Điểm cộng: nhân viên siêu nhiệt tình và kem rất ngon, có hẳn hoi tháp chocolate và toping nhé ❤Xem thêm",23
225,Vy Hà Thanh,14/11/2016 16:06,7.8,"Trước giờ toàn ăn Kichi, nay muốn thay đổi khẩu vị nên 2 đứa ăn thử ở đây.
Ấn tượng đầu tiên ở đây là nhân viên rất thân thiện, giới thiệu chi tiết từng loại nước lẩu cho khách lựa chọn, mình chọn sukiyaki & long vương. Nước lẩu vừa miệng, có mùi thơm của nấm nữa. 
Đồ ăn kèm với lẩu hơi ít, chỉ có thịt bò, ko có hải sản, cá như ở những chỗ khác.
Cơm chiên ăn ngon, sushi tạm được.
Thích nhất là kem rum, ăn rất thích.
Ngoài lẩu, thì những món ăn khác hơi ít so với những chỗ buffet khác.Xem thêm",23
226,Na Le,9/8/2016 20:30,7.6,"Mình chọn nước lẩu Long Vương với Sukiyaki, ăn khá vừa miệng. Thịt mềm, mau chín. Giá buffet tương đối hợp lí. Phục vụ chu đáo nhiệt tìnhXem thêm",23
227,Deal Voucher,3/7/2016 22:51,6.4,"Mình đi đây được 2 lần rồi. Trước sau vẫn như nhau không thay đổi thêm bớt món nào. 
Không gian: khá ổn. Rộng rãi và nhiều khu vực để chọn lựa.
Nhân viên: nhiệt tình vô cùng. Thấy mình vừa quăng dĩa ra là dọn ngay. Thấy mình lóng ngón là hỏi cần gì để giúp đỡ. Rồi mình lấy món gì là giới thiệu ăn với nước chấm gì. Điểm trừ là cái bộ đồ kì quá, ngắn cũn cỡn nhưng không quyến rũ mà kiểu giống như lỡ tay xé vậy.
Thức ăn: không món nào ngon cả. 4 loại nước lẩu không có loại nào ngon. Có cái ngọt quá ăn ngán muốn chết. Được cái rau nấm nhiều ăn cũng đã. Trái cây ăn ok. Kem bình thường. Nước ngọt free.
Giá 174k/ ng ngày bình thường thì cũng tầm trung rồi.
2 lần là đủ ngán. Không quay lại nữa đâu.
Pass wifi: 123456789Xem thêm",23
228,Pun Tròn Tròn🍒,25/6/2016 19:11,1.8,"Vì mình và bạn trai hay đi aeon chơi mà ko bik ăn gì vì kichi, king ... ăn rồi tính ăn mì kame udon mà đông quá nên ghé đây... mình đi tối chủ nhật giá vé là 239k thì phải chưa thuế...
Vào chả có gì để ăn cả nhân viên cũng ko tư vấn cho mình là có gì nên mình ko thích nếu bik vậy mình đã đi ra khỏi quán, với giá đó mà đồ nhúng lẩu chả có gì ngoài thịt bò và heo thịt gà, sushi ăn cũng được mà có mấy cục thôi, đồ ăn lẩu cũng dở tê lắm lun ý, chỉ có mì và cọng phở khô ko có bún hay miếng gì hết ăn chán òm, vì cục phở bỏ vào nó nát nhầy ra khó ăn, nước chấm cũng dở lạt xèo, ko đậm đà, 2 đứa mình ăn lẩu kim chi và lẩu long vương nước lẩu cũng dở, chả có vị gì ngon lành và vài món linh tinh như gà chiên mè và xúc xích chiên, rau thì có nấm và colagen gì gì ấy như là nha đam thôi, trái cây tráng miệng có ổi, thơm chua lè, dưa hấu.. kem rum nho ăn có mùi rựu mình ko thích, có kem vani và sầu riêng ăn ngon... mình sẽ ko thèm ghé quán này nữa vì với giá đó ăn kichi ngon hơn đa dạng đồ nhúng lẩu... ở đây ăn mau ngán lắm.... nước ngọt free...Xem thêm",23
229,Minh Thu Pham Nguyen,22/4/2016 13:12,8.2,"Đến nhà hàng ăn sinh nhật chị trong công ty, buffet 174k/ng ngày thường bao gồm nước ngọt, kem, trái cây tráng miệng. Nước lẩu có 4 vị, ai thích ăn cay thì dùng lẩu long vương, kim chi, không ăn cay được thì ăn rong biển với lẩu tương nhật gì đó. Thích nhất là nấm, rau ở đây rất tươi và đa dạng, bò muốn ăn bao nhiêu cũng được, có thể gọi thêm bò nướng cuốn với rau, ngoài ra còn có nhiều món ăn vặt như cánh gà nướng, sushi, khoai tây chiên. Đặc biệt kem rhum rất rất ngonXem thêm",23
230,Con Voi,26/3/2016 14:04,8.2,"Shabu Shabu. Không gian thoáng. Lịch sự. Thích hợp cho bạn bè, gia đình. Giá hợp lý 174k. Bao gồm nước ngọt, trái cây. Đặc biệt kem ở đây rất thơm ngon.Xem thêm",23
231,Chú Rừng Xanh,29/1/2022 14:13,5.4,"Nhà mình đi 4 người lớn 5 trẻ em, kêu hai combo 399 và 1 phần sườn nướng 10 miếng, hoá đơn hơn 1tr5. Đồ ăn khá ok vì mình thích đồ ăn nhà hàng alfresco ở saigon nên nay co dip dẫn cả nha đi ăn ở BÌnh Dương. Sẽ không có gì nếu mình tính tiền xong và nói nhân viên cho mấy đứa nhỏ cháu mình chơi ở đây (khu trò choi nhà hàng) mình đi mua đồ xíu xog ghé đón (có chị mình ở lại trông), nhân viên đã đồng ý, vậy mà 30 p sau chi minh gọi nói nhân viên đuổi 2 lần vì tính tiền xong r thì đi cho khách khác toi ( trong khi nha hang vang chu ko dong duc j***. Xem lai thai do nhan vien nheXem thêm",24
232,Mai Tâm Huỳnh,8/5/2018 19:16,8.0,"Mình đi 2 người, vào buổi trưa trong tuần nên khá vắng, yên tĩnh.
🍀 Không gian: Decor của Al Fresco’s khá sang trọng, không gian mở nhưng ấm cúng, có khu vui chơi cho trẻ em.
🍀 Giá cả: tương đối, không rẻ cũng không quá mắc
🍀 Phục vụ: lúc mình đi khá vắng nên nhân viên nhiệt tình, luôn theo dõi xem khách có cần gì không và đến hỏi ngay.
🍀 Thức ăn: mình gọi Meat Lovers Platter gồm cánh gà, xúc xích, bò cuộn phô mai, dẻ sườn, bánh mì bơ tỏi nhồi phô mai và khoai tây múi chiên. Các món nướng ngon, vị vừa vặn, thịt mềm nhưng không ngấy, xúc xích thơm lắm nhen. Salad ăn kèm ngon, khoai tây nóng giòn bên ngoài, bên trong bở, rất ngon. Bánh mì giòn, thơm tỏi và có phô mai ăn thích lắm, mặc dù mình k phải tín đồ phô mai nhưng ăn gần hết ổ 😂 mình ăn nhạt nên hầu như không dùng đến nước chấm, nhưng mình nếm hết từng cái, thơm và vị lạ.Xem thêm",24
233,Bong Hana,22/4/2018 14:24,7.4,"Lâu rồi mới ăn lại. Hôm nay thử tiếp hai món chưa ăn ở Al Fresco’s 
🌻 Prawn cobb salad - 165k : một phần salad này cực to. Có trứng luộc, rau, hành tây, thịt xông khói, bắp hạt, bơ trái và tôm. Nước trộn vừa ăn.
🌻 Cánh gà chiên giòn - 125k: cánh gà chiên giòn, ngon, ướp vừa ăn. Salad ăn kèm ngon, tuy nhiên có một loại rau hơi đắng. 
🌻 Nhân viên vẫn thân thiện và phục vụ rất nhanhXem thêm",24
234,Chau Le,9/10/2017 10:05,8.8,"Set lunch thêm 30k mua 1 tặng 1, mình đi 4 người, gọi chả giò cho khai vị, món này ngon, phần nhân ăn lạ miệng, món chính có bò sốt tiêu, sốt nấm và sườn (quên chụp cái này) theo nhận xét mình khuyên bạn nên ăn sườn (ribs) ngon hơn nhiều so với bò. Tráng miệng gọi kem, có vài cục brownie, ăn ngon lắm, nói chung giá trung bình 1 người cỡ 160k (do có order thêm 1 bình jug lipton chanh).Xem thêm",24
235,Bong Hana,7/5/2017 0:25,8.0,"🌻Theo mình thấy pizza ở đây ăn không hợp khẩu vị của mình. Topping hơi mặn, đế bánh quá mỏng. 
🌻Những món khác như bò cuộn phô mai, gà hay các món Mexican cực ngon. 
🌻Nếu đi đông người, các bạn nên gọi theo set cho rẻ. Ví dụ như Mexican platter hay Meat Lover combo. Một phần này là đủ cho 2 người ăn lận đó. 
🌻Nhân viên niềm nở, dễ thương, lại từng bàn hỏi ăn có ngon miệng không.
🌻Địa điểm: cực dễ tìm. Kế bên Gongcha và đối diện Daiso với tiệm bánh Luxe Đại Phát.Xem thêm",24
236,Anh Quỳnh,3/5/2017 12:46,8.6,"Cửa hàng nằm ở tầng trệt bên phải cổng B Aeon BD. Bánh ở đây phải nói là xuất sắc. Menu đa dạng với hơn 10 vị, 3 size bánh cho khách lựa chọn, từ size S:185.000, L:220.000, XL:260000. Vị bánh thì khỏi chê. Mình mua ngay thứ 3 hằng tuần được hưởng ưu đãi mua 1 tặng 1. Ăn 2 bánh size XL chỉ với 260.000 thay vì 520.000 như mọi ngày.Xem thêm",24
237,Vy Vy,13/4/2017 22:45,7.8,"Al fresco đang có chương trình 2 set lunch 185k. Ko thêm vat gì nữa đâu nha. 1 set gồm 1 starter - main - dessert.
- Starter: 
1. salad đu đủ thái: khá, 2 con tôm thì đông lạnh hơi chán
2. khoai tây đút lò: ngon, siêu beóo
3. súp hành tây: chỉ có nước súp và hành tây, thêm 1 miếng bánh mì nướng phô mai.
- Main: 
1. pizza: đế mỏng, nhân cũng tương đối. Mình ăn thấy nhân gà ngon nhất, phần này kèm thêm mì ý (sốt cà thôi), ai ăn yếu ko thể ăn hết 1 set này nha.  
2. Gà cuộn phô mai: phô mai béo ngon lắmmm
3. Lagsana: phần này tí tẹo, ăn cũng ko đặc sắc lắm.
- Dessert: kem vani.
Kêu thêm nước nữa tính ra 1 người tầm 100k no tới tối. Điểm cộng là món nào cũng trình bày đẹp, có 1 phần rau kèm theo khá nhiều, lên món cũng nhanh.Xem thêm",24
238,Loan Nguyễn,24/3/2017 8:09,7.2,"Mình vốn không hợp khẩu vị với pizza lắm, lúc trước chỉ ăn pizza hut và domino thấy ngán vô cùng nhưng lần này ăn pizza này thay đổi hẳn luôn. Lần đầu tiên cảm thấy pizza ngon . Nhất là loại hải sản đế mỏng. 
Nhân nhiều hải sản, phô mai, có nghêu bên trên khá vui mắt.Xem thêm",24
239,Lindie dao,8/2/2017 21:05,7.4,"Mình đến đây chỉ mới 1 lần nhưng ấn tượng tốt. Người nước ngoài vào quán này khá đông, buổi trưa từ 12h tới 14h quán chạy chương trình set lunch 10k. Tức là bình thường 1 set lunch 175k, bạn gọi thêm 1 set lucnh nữa chỉ với giá 10k. Mình và bạn ăn chỉ tốn 185k + tiền nước. Quán này không tính thuế nhen
Khai vị với món ức gà, sốt xí muội + xà lách xoong, ăn ổn. Trong menu có 3 món khai vị, 2 món kia là súp và salad gì đấy mình ko có ấn tượng. nên 2 đứa ăn món ức luôn
Món chính. 1 đứa gọi pizza + spaghetti. Pizza này nhân thịt nguội và phô mai, ăn khá ổn. Mì ý thì chỉ là sốt cà, ăn khá ngán
Kem tráng miệng, vị vani, sốt socola, có vài cục brownie ăn kèm. Kem khá ngọtXem thêm",24
240,Trâm Ngô,8/8/2015 10:15,7.8,"Mình vào đây buổi tối. Đi 3 người và gọi một phần gà, 1 phần mực, 1 pizza. Pizza đế mỏng ăn ngon cực kì ấy. Giá thì đúng là hơi hơi cao nhưng phù hợp với chất lượng. Nhân viên thân thiện mình để quên đồ được chạy theo trả lại nữa. Trên bàn có giấy và màu vẽ để mình táy máy sáng tạo. Khu vực này ở Aeon Mall Bình Dương hơi nhỏ hơn bình thường nhưng mọi thứ kể từ thức ăn đến bài trí đều ok hết đó. Lúc ăn ông đầu bếp còn hỏi xem thức ăn như thế nào nữa.Xem thêm",24
241,P H T,17/3/2020 20:54,6.4,Kem ngon nhưng k có gì đặc biệt.Xem thêm,25
242,Khánh,18/7/2018 10:53,10,"Cuối tuần chạy từ q12 sang Lái Thiêu phát hiện ra quán Kem Nhãn ngay bờ kè sông mát vô cùng, có đầy đủ các món từ ăn vặt đến ăn no. Ko làm phụ lòng các tín đồ ăn vặt. Giá cả phải chăng, phục vụ nhanh lẹ, không gian thoáng và mát mẻ. Có chỗ giữ xe bên kia đường nhưng tự trông. 
Chắc chắn quay lại!!Xem thêm",25
243,Phươngg Nguyễnn,6/8/2017 22:27,8.8,"Quán sửa lại đẹp quá chừng.
Bánh tráng nướng phô mai vẫn tuyệt vời như trước. Nhưng theo ý kiến thì ngoài cái đó ra những loại còn lại rất ư là bình thường.
Phục vụ không còn hiếm người nên nhanh lẹ lắm.
Nghe bảo quán mới nhiều cái mới lắm nhưng vì toàn mua đem đi nên chưa có dịp thử.Xem thêm",25
244,J14 Tuổi,20/7/2017 11:15,7.8,"Thấy nay quán mở bán cả ngày bắt đầu từ 9h ság đến tối. Coi menu có thêm đồ ăn như mì trộn trứng lòng đào, bánh mì áp chảo... Gọi tô mì trứng lòng đào thưởng thức liền tay hehe 👍👍👍 
Nay thấy quán có thêm wifi cho khách sử dụng nữa. Không gian rộng rãi hơn xưa có thêm cái gác trang trí bày biện bắt mắt hơn. Ok nha sẽ quay lạiXem thêm",25
245,nhi nhi,12/9/2016 15:52,7.8,"Bánh tráng nướng kĩu đà lạt có nhiều vị nhân cho mình lựa chọn.Tối tối quán khá đông đúc kĩu như bờ kè thoáng mát.kem nhãn dừa ăn ok thấy mọi người hay gọi combo kem với bánh tráng. Trước bán có 2 món chủ đạo kem với bánh tráng nướng Nay thấy quán có thêm bánh tráng cuốn, bánh khoai lan, khoai tây lắc, gỏi xoài khô gà... đồ nữaXem thêm",25
246,Trang Huyền,4/8/2016 18:33,8.6,"Quán gần bờ kè nên gió mát. Ngon, giá tạm
Đúng tên quán luôn. Kem nhãn lạ và ngon. Bánh tráng cuốn rẻ, khá ngon. Bánh tráng nướng thấy giá hơi mắc xíu😁 nhưng nói chung sẽ rủ bạn bè tớiXem thêm",25
247,quyên lê,30/7/2016 15:42,7.8,Quán này phục vụ bánh tráng nướng - kem phong cách như trên đà lạt hay ăn nè. Bánh tráng được đựng trong khay lại giống như bánh piza mà lại có nhiều lựa chọn nhân trên bánhXem thêm,25
248,J14 Tuổi,11/7/2016 10:25,8.6,"Quán nằm sát ngã tư ngay đường bờ kè gia long-ngô quyền, lái thiêu. Cứ chiều 4 5h là mở cửa ăn thấy lúc nào cũng tấp nập bánh trág nướng ăn no luôn riêng kem nhãn ăn ngon ăn 1 ly ko đã phải ăn thêm 😂😂😂 nghiện kem nhãn của quán!!!Xem thêm",25
249,Unmoomi,27/7/2018 15:11,9.2,"🍒 Kem mềm mịn siêu ngon, mình gọi bốn viên nhỏ vị Popcorn Caramel, Vanilla White Chocolate Caramel, Blackberry và Almond. Loại nào cũng ngon, mùi vị rất tinh tế và đặc trưng. Mình gọi thêm topping hạt hạnh nhân ăn hợp ơi là hợp.

🍒 Đây là lần đầu mình ăn kem ở đây, thanh toán bằng voucher. Vì đã đọc review trên Foody từ trước nên mình hơi lo và hồi hộp. Tuy nhiên, nhân viên ở đây cực kỳ dễ thương và tư vấn có tâm. Dù mình có hỏi ngố tàu đến mấy thì vẫn được bạn nhiệt tình trả lời. 

🍒 Giá cả tuy không được hạt dẻ lắm nhưng theo mình là hợp lý. Baskin Robbins cũng hay có chương trình khuyến mãi nữa.

🍒 Quán khá vắng, hoặc do mình đi buổi trưa nên vậy, bài trí đơn giản, dễ chịu. 

🍒 Cả đống điểm cộng cho kem Baskin, sẽ quay lại nữa, vì còn quá chừng vị chưa được thử.Xem thêm",26
250,Ngkhoanghong,22/12/2017 16:13,8.0,"Vừa ghé trong đợt khuyến mãi, kem ngon khỏi phải chê, chỉ có điều...nhiều vị quá không thể ăn 1 lần hết được thật là tiếc....@@Xem thêm",26
251,Trang Huyền,27/8/2017 9:43,6.8,"Không gian: nằm một góc nhỏ kế bên cgv, hơi nóng xíu
Chất lượng: không từ nào để chê luôn, có bánh sinh nhật kem tươi cho mấy bạn ngán bánh kem truyền thống
Giá cả: kem nhập khẩu nên khá mắc, tuy nhiên hiện tại đang có voucher cho bạn nào sở hữu đt samsung galaxy( mình có  up hình kèm theo). Giá 1 viên kem là 70k, bánh kem thì tuỳ size, có 3 size
Nhân viên: khá nhiệt tình chu đáo, mình xài gotit nen được giảm giá, ở đây ít người xài nên nhân viên hơi lúng túng, gọi điện hỏi người này người khácXem thêm",26
252,Đan Thảo,28/2/2017 20:53,9.0,"Mình đi ăn chung với lớp, tất cả 20 đứa mà kêu hết 25 vị luôn. Được tặng thẻ member màu hồng siêu cute. Giá 25k/viên khá ổn. Chất lượng kem ngon tuyệt vời không chê vào đâu được, kem mát lạnh ăn thích vô cùng, mình thích mấy vị chua với vani hơn mấy vị ngọt ngọt. Nhân viên phục vụ dễ thương lắm, mình đi nguyên lớp làm ồn ào , mà nhân viên vẫn vui vẻ nhiệt tình lấy kem nhanh thiệt nhanh. Không gian khá nhỏ nhưng sạch sẽ. Nói chung là ưng lắm. Sẽ còn ăn Baskin nhiều nhiều ^^Xem thêm",26
253,Cừu Lông Tím,6/7/2016 11:18,6.2,Mình thấy hương vị và chất lượng so với giá 40k 1vien thì hơi mắc. Kem bt k gì đặc biệt.Xem thêm,26
254,Kelly  Kem,2/5/2016 10:56,5.4,"Kem ngon thì khỏi phải bàn
nhưng thái độ của a quản lý thì quá tệ. Không hiểu hôm đó a ăn nhằm cái gì hay sao hỏi gì mặt cũng một đống thật sự làm mất cảm tình ghê gớm. Coi khách chẳng ravgif, mình đi mua mà đâu phải đi xin đâu mà a làm thái độ vậy
nhưng mấy bạn nhân viên thì cực kì nhiệt tình dễ thươngXem thêm",26
255,Thảo Ngọc Linh,28/2/2016 22:17,6.0,"Mình ghé sử dụng voucher ở đây. Thấy nhân viên có vẻ không thích lắm
Mình chọn 2 viên kem mà muốn để riêng từng viên. Nhân viên nói là nếu để riêng thì tính 62k 1 viên. Mình cũng ăn nhiều chi nhánh khác ở sài gòn rồi mà chưa gặp trường hợp nào như vậy hết. ( có lần ăn ở chi nhánh nguyễn tri phương mình mua 5 viên, nhân viên có gợi ý để chung nhưng mình nói mún để riêng và nhân viên cũng không ý kiến gì, giá cũng không thay đổi gì ). 
Mình mua 2 viên này với giá 110k
Kem ngon khỏi bàn, để lâu cũng ít bị chảy
Không gian cũng vừa phải. Nhân viên thì kì thị khách quáXem thêm",26
256,Duyên Lê,26/1/2016 20:22,7.4,"Kem vẫn chất lượng như mọi chi nhánh khác, bàn ghế bên này khá dễ thương. Hôm mình đi kem không cứng lắm nên mau tan quá. Nhân viên không nhiệt tình như trên sg. Bù lại hôm minh đi được km 33% nên vẫn vui.Xem thêm",26
257,Meo Kon,18/1/2016 11:57,7.2,"Đây là lần thứ 2 ăn kem ở Baskin Robbins. Đa số con gái đều thích ăn kem và mình cũng không phải là ngoại lệ nhưng mà do giá kem khá chát nên lần đầu ăn là do được anh họ dẫn đi. Lâu thật lâu mới dám bước vô ăn lần nữa, cũng nhờ có đợt khuyến mãi 19k/viên kem.
Nhà mình ở Thủ Đức, tìm mỏi mắt cũng không có 1 chi nhánh nào xung quanh, gần nhất là ở AEON Mall Bình Dương, vậy mà hôm đó thèm đến nổi 2 chị em dắt nhau lên tận đó để ăn.
Kem thì nhập khẩu từ Mỹ nên đương nhiên khỏi phải bàn về chất lượng rồi. Nhân viên cũng rất nhiệt tình, anh cho mình thử kem rồi còn giới thiệu cho mình về mùi vị của kem nữa. Khuyến mãi chứ nhân viên cũng không phân biệt đối xử với mình. 
Điểm trừ duy nhất là ở vị trí của quán. Có lẽ do mới khai trương không lâu nên không có trong bản đồ AEON Mall làm mình đi tìm quá trời luôn mới thấy, không gian quán cũng nhỏ nửa, được có vài bàn nhỏ xíu, mình và em phải mua rồi vừa đi vừa ăn.
P/s: Mình may mắn được trúng 1 cái móc khóa cực cute luôn hihiXem thêm",26
258,Hồng Ân Nguyễn,1/1/2016 12:51,6.6,"Kem baskin thì khỏi phải bàn cãi, chất lượng luôn là số 1. 
Ở aeon này thì cửa hàng kem BR tuy nhỏ nhưng không gian hồng hồng trông rất dễ thương. 
Mấy chị nhân viên thân thiện và niềm nở lắm, giới thiệu và cho mình thử kem rất nhiệt tình. 
Ở đây ngoài chương trình 20k 1 viên kem cho HS - SV ra thì còn giảm giá cho hũ kem nữa. Một hũ kem nhỏ chỉ có hơn 140k mà đến 465 gram, ăn đã luôn. Đã thế mình còn dc chọn 3 vị. Có vị dâu rừng gì đó mới, vị caramel và flan cam khá là ngon. 
Nói chung mình chắc chắn sẽ quay lại.Xem thêm",26
259,Kukoo,8/11/2016 11:00,8.6,"Mình rất thích ăn món Nhật nên khá khắt khe trong việc lựa chọn quán. Mình thì thường ăn ở GoGi, King BBQ... Ghé thử Saika ở Aeon Mall ăn test thì rất hài lòng. Nước chấm và đồ ăn tươi lắm. Giá thì gần 300k / người mà ăn no căng bụng😝Xem thêm",27
260,Trân Trần,25/4/2016 13:51,7.6,"Đồ ăn đa dạng ,phục vụ rat tốt, cả nhóm 7 ng ăn set đặt biệt mak chỉ hết 2600k bao gồm nc uống,tháp biaXem thêm",27
261,Quỳnh  Hải,14/2/2016 20:34,8.0,"Ngày trước Saika bán buffet, nhưng vì lý do nào đó mà mình cũng không biết thì giờ quán đã chuyển sang bán theo combo. Mình gọi xuất nướng hai người cùng một lẩu không cay thì thấy rất ngon, đặt biệt là sốt chấm rất tuyệt ;; Hơi tiếc là kim chi khá ít, gọi thêm là 20k ;;;; Hai món ăn kèm còn lại cũng khá ngon nhưng mình cũng không biết gọi nó là gì, cũng quên chụp lại luôn. Tổng thiệt hại là 535k cho 3 người nhé XDXem thêm",27
262,Quốc Thái Nguyễn,26/1/2016 13:24,8.6,Cho 5 sao cho thái độ phục vụ của nhân viên phải nói là cực kì nhiệt tình dù mình đi có 1 mình thôi nhưng vẫn rất hài lòng nhân viên còn giới thiệu món nào ngon và không cần gọi thấy thiếu món nào hay mình thích ăn món nào là tự đem ra rất vui vẻ đồ nướng nhân viên nướng giúp mình chỉ việc đợi ăn thôi chứ lần ăn ở Gogi bên Canary thì ôi thôi đem ra để đó rồi đi đâu mất tiêu còn quay lại hỏi sao chưa nướng mà làm gì có đem đũa với gắp ra mà nướng đâu túm lại ăn ở Saika Bbq vô cùng sướng thái độ phục vụ cực tốt đồ nướng ngon còn lẩu thì tạm nhưng bạn nhân viên đem đồ nướng ra nhiệt tình quá tới lẩu là ăn hết nổi rồi tráng miệng thì bạn ấy cho nguyên dĩa trái cây thiệt bự luôn nếu đến nên đặt trước sẽ được giảm 10% cho buffetXem thêm,27
263,Trường Giang,4/10/2015 16:45,6.4,"Hôm nay kỉ niệm 600 ngày quen nhau nên tụi mình đi ăn sang chảnh, hehe. Dạo vòng aeon thì thấy saika có view đẹp nhất, giá 239k set ko bò và 298k set có bò. Không gian quán kiểu Nhật, khá thoáng và thoải mái, đồ ăn mềm và ngon, nhưng ko chuyên nghiệp như King BBQ, ít thay vỉ và nướng bằng lửa chứ ko phải bếp điện nên nhanh khét mặc dù chưa chín. Đồ tráng miệng nhiều và ngon ( nhất là kem ). Lẩu ăn tạm được. Nhân viên nhiệt tình. Lần sau có lẽ sẽ ghé King Bbq vì bên đó chuyên nghiệp về phần đồ nướng hơnXem thêm",27
264,Thuy  Hanh,4/6/2015 17:48,7.4,"Phần này là phần buffet trưa giá 195/người chưa VAT. Có đủ các món nướng trong thực đơn, buffet thì thấy món nướng đa dạng, sang lẩu thì bình thường nếu ko nói là đơn giản. Tráng miệng tạm đc. Đồ nướng ăn ngon. Nhân viên nhiệt tìnhXem thêm",27
265,Mì Bánh,15/3/2015 11:37,9.0,"Nhà hàng này có view chắc đẹp nhất Aeon Mall Bình Dương rồi, nhìn ra đại lộ, kiểu cổ trang của Nhật nữa, tha hồ check in, haha! 
Đồ ăn nhiều qtqd, thấy thương mấy cô bé phục vụ luôn, mà lức nào cũng cười, hỏi mình có cần gì ko, đôi khi còn nhớ cả nước chấm mình thích dùng kèm với gì luôn! best service!
nhà hàng luôn có những chuong trình k.mãi hấp dẫn và hơi.. độc! :) mà mình thấy giá buffet ở đây có khi chỉ có 191k/set, chỉ mỗi tội mới quá nên ít ai ghé thử, toàn đi mấy nhà hàng sang chảnh mà đồ ăn cũng bình thường, service tồi! hehe! em này được list vào sổ rồi nhé!Xem thêm",27
266,Phuong Anh Pinky,5/3/2015 21:10,6.6,"_vị trí : nằm trong Aeon mall BD
_ không gian :thoáng.Bik cách bày trí.
_ các món nướng ngon miễn chê.Thit bò mềm.Hải sản tươi.
_Lẩu dở.Nc mặn lè.Rau tươi.
_Giá cao.Phục vụ nhiệt tình.Xem thêm",27
267,Hoa Nguyen,13/11/2014 11:54,5.8,"Hic không biết tại ăn không qen hay sao mình thấy Lẩu mặn quá trời quá đất trong khi tụi minh kêu lẩu chua ngọt. :(( 
Mình thấy Bò ở đây ngon, với xúc xích ngon qtqđ 😍😍 mù tạp ăn cũng ok còn lại thì bthường mình chỉ thất vọng với cái lẩu thôi. Mặn kinh hồn huhu. Mấy AC phục vụ thì Ok dễ thương giá thì đang km nên rẻ. 
Có thể quay lạiXem thêm",27
268,Ha Ha,1/11/2014 18:20,5.0,Khu sXem thêm,27
269,Hằng Nguyễn,14/12/2019 14:33,10,"🌟 Gia đình Ú hay đi chùa ở BD. Trên đường về hay ghé quán cháo gỏi vịt Phan_Đình_Phùng ở gần ngã tư Ngô_Quyền và Phan_Đình_Phùng ăn.

🌟 Đầu đường có gắn biển hiệu lớn nên dễ nhận biết quán lắm. Khúc đầu hẻm voi có vài bàn ghế inox nhỏ, vô sâu bên trong có các bàn tròn,  chữ nhật dạng gia đình ngồi ăn. 

🌟 Quán này có lâu lắm rồi. Cô bán gỏi vịt nay cũng có tuổi. Món ăn lên khá nhanh. Phần gỏi vịt chỉ tầm 80-90k,  cháo và bánh quẩy  ăn kèm cũng ngon lắm. Nước mắm gừng ở đây cũng ok lắm. Gỏi trộn vừa ăn,  chan thêm nước mắm gừng trộn đều sẽ ngon hơn. Thịt vịt ở đây mềm vừa,  không bị hôi lông.

🌟 Quán quen luôn giữ được vị ngon sau ngần ấy năm.Xem thêm",28
270,An Yên,16/6/2018 23:01,9.6,"Mình đi 2 người ăn gỏi vịt thập cẩm hết 70k. Cháo thì 10k/ 1 tô. Thịt vịt thì mềm và ngon. Mà giá lại phải chăng. Cực kỳ thích khi phát hiện quán này lun.
Ngoài ra. Con đường này đánh số lum la lắm nên mọi ng để ý kyc mới thấy. Mình tìm 1 hồi mới ra.Xem thêm",28
271,Hà Mi,3/8/2017 14:13,7.2,"Bữa được bạn dắt đi ăn cháo vịt ở đây ghiền tới giờ, thịt vịt siêu ngon nha, mềm dai không bị hôi lông, chấm nước mắm gừng ăn ngon nhức nhói luôn, cháo vịt ngọt thanh. Quán rộng rãi thoáng mát, phục vụ nhiệt tình, có dịp sẽ quay lại nhá.Xem thêm",28
272,Nga Le,9/8/2016 14:20,8.6,"Hồi nớ ăn 1 lần rồi, thấy ngon - bổ - rẻ nên đã quay lại, cơ mà 3-4 lần tiếp theo toàn phải đi về vì hết 😂😂. Bữa ghé lại, mưa tầm tã, đường ngập lênh láng, nhưng thế lại hóa hay vì nhờ thế mới được ăn. Hương vị không đổi, ngon, mềm, da mỏng dính, thơm, không nghe mùi hôi lông, cháo nêm nếm vừa miệng, mắm gừng ngon. Giá vẫn ko đổi. 90k cho 1 dĩa gỏi vịt như hình + 3 tô cháo huyết 🖒🖒🖒.Xem thêm",28
273,Lâm Chu Thành,11/7/2016 22:04,6.0,"Quán này ăn ngon, mình phải đi 3 lần mới dc ăn lần đầu tiên, có điều nước chấm hơi lạt mà ko có độ dẻoXem thêm",28
274,Trang,13/6/2016 17:02,7.6,"Quán nổi tiếng ở Lái Thiêu, sau 6h là mún k còn j ăn. 2 lần đầu đi đến là hết sạch, lần cuối vào lúc 6h chỉ còn cổ cánh mà ăn lun vì hết kiên nhẫn. Vào quán khi trời mưa mà vẫn đông nghẹt, mún hết bàn lun. Gọi phần cháo gỏi vịt 2 người, cháo ngon ngọt rất vừa miệng, thịt vịt mềm, nước chấm siu ngon. Có điều rau trộn ngọt wá so với mình, ăn k hợp, nên chỉ ăn cháo với vịt thôi ah. 50k 2 phần, freeze trà đá.Xem thêm",28
275,J14 Tuổi,10/6/2016 14:36,7.6,"Quán này bán lâu rồi cháo vịt, gỏi vịt ngon vừa ăn. Trưa mà vô ăn thì hơi nóng!!! Tô cháo nóng thêm tiêu thêm ớt vào cay cay ăn với dĩa gọi vịt đầy thịt vào chiều đẹp trời còn gì bằng. Giá phải chăng chất lượng!Xem thêm",28
276,Nga Le,20/3/2016 20:14,6.0,"1 dĩa gỏi cho 2 người ăn, 2 tô cháo có huyết vịt tổng giá 80k. Quá rẻ. Vịt rất mềm, thơm, không nghe mùi hôi lông, da cực mỏng, ko mỡ. Gỏi ngon và vừa miệng. Free trà đá và free giữ xe.Xem thêm",28
277,Tuyên Nguyễn Mạnh,16/3/2014 16:07,7.8,"Vịt ở đây nạc mềm , không quá mỡ nên ăn ngon mà không ngán . Cháo nấu theo kiểu miền tây gạo rang sơ trước .
Giá cả thì quá rẻ so với chất lượng nên đi buổi chiều , sau 7h thường hay hết món .Xem thêm",28
278,Helen Nguyen,27/7/2017 0:45,8.4,"Dạo 1 vòng thấy buffet ở đây giá rẻ nên vào ăn thử... nhân viên nhiệt tình giới thiệu buffet 159k/ng không thuế... menu có khai vị, món phụ và buffet lẩu... khai vị mình chọn cải thìa xào tỏi ăn cực ngon, món phụ mình gọi mì xào dòn hải sản ra dĩa nhỏ xíu, nhưng vì mì để lâu ăn không ngon nên không gọi thêm, kêu thêm dĩa cơm chiên cá mặn ăn cùng món cải thìa rất ngon, gà xiên que có cả khoai tây chiên ăn cực thích, giòn giòn vị vừa ăn... buffet lẩu mình kêu mỗi loại đồ ăn kèm là 1 dĩa, nước lẩu hợp khẩu vị mình ngọt ngọt chua chua cay cay, thịt kèm theo không được tươi 100% nhưng cũng được 70% chấp nhận được, hải sản tươi ngon, nấm nhiều loại ăn ngon, trứng thì đã luộc lòng đào tuy nhiên mình thích trứng sống đập vào sẽ ngon hơn, rau thì có rau muống cải thìa và cải ngọt nhưng mình khuyên các bạn đừng kêu rau nhiều vì ăn no và rau quá già khó ăn... nước lẩu hết có nhân viên chăm thêm, nhân viên nhiệt tình thân thiện lắm... sẽ ghé lại khi nào thèm lẩu...😬😬Xem thêm",29
279,Tuan Nguyen,4/7/2017 21:24,6.2,"Hôm trước co ghe vao day ăn.Mon ăn trang tri cũng tam dc, nhưng mon an kha ngon ma thấy gia ca cũng re, hợp ly. Nhân viên phục vu rất nhiệt tinh,nhất la nhân viên nu rất de thương.Xem thêm",29
280,Hà Thu,3/7/2017 14:09,8.0,"hồi đó có ăn 1 lần thì tôi thấy món ăn cũng dc,vệ sinh thì cũng dơ...nhưng hôm chủ nhật vừa rồi thấy quán nào cũng đông,đành ghé tạm đôi đũa vàng ăn thì tháy món ăn ngon hơn,nhân viên phục vụ nhiệt tình,lai có chương trình khuyến mãi nhiều hơn,vệ sinh thì sạch sẽ hơn.sẽ có ý định quay lại.Xem thêm",29
281,THÚY NGUYỄN THỊ,25/6/2017 17:34,9.0,"Mua ít tặng nhiều, ăn kềnh bụng
Hôm nay ghé nhà hàng Đôi Đũa Vàng ở Aeon Mall Bình Dương, ăn trúng quả, được tặng quá trời quá dất luôn.
Nói chung có quà là ok à, lần sau sẽ ghé.Xem thêm",29
282,Ai Nhan Nguyen Hoang,23/4/2017 17:39,6.2,"Quán phục vụ cực kỳ chậm, bọn mình gọi 1 phần lẩu 1 người, 1 phần hủ tiếu xào và 1 phần cơm, đợi chắc 40 phút mới có món. Đồ ăn thì khá bình thường, không có gì đặc sắc để đạt mức nhà hàng. Ngoài ra ở đây cũng không nhận thanh toán thẻ, các bạn chú ý nhé.Xem thêm",29
283,Duy Lê,1/2/2017 0:12,1.0,"Hôm nay dự định vào Gogi để ăn, nhưng quán đông và hết bàn nên đành chọn đôi đũa vàng.

Phải nói là mình rất ít Review nhưng quán này quá tệ và phải cần lên tiếng, để bài trừ nó ra khỏi Aeon Mall.

- Không gian: Cực kỳ dơ bẩn, sàn nhà toàn dầu, khăn ăn và đồ ăn thì vương tháo ra sàn. Bàn ăn thì không lau dọn và bốc mùi kinh khủng. Mình nhờ NV Lau bàn, cầm 1 cái khăn và chai xịt kiếng ra lau. Nhưng lau xong là xộc lên mùi thối do khăn bị ẩm và không chịu giặt. Cuối cùng mình phải lấy khăn ướt ra lau lại.

- Đồ ăn: Nói thẳng là thua xa mẹ nấu, giá thì cao nhưng chất lượng không hề tương xứng. Thà bỏ 5-600K ăn Gogi mà chất lượng dịch vụ và đồ ăn hoàn toàn ngon miệng.

- Nhân viên: Cái này là gây ức chế cho mình nhất 😡😡😡
+ Quán thì ít khách (do dính phốt nhiều quá, chả ma nào thèm ghé) mà NV thì đứng tụm năm tụm bảy ngồi tám, cười hô hố. Quán thì dơ, bàn thì bẩn mà không có tinh thần tự giác đi vệ sinh. Chủ quán dư tiền khi mướn mấy bạn này.
+ Phục vụ thì chẳng có hồn, chào khách hay mời khách như rô bốt. Làm việc rập khuôn chứ không xuất phát từ tâm.
+ Nhân viên thì ẻo lả, đồng bóng. Mình không kỳ thị người thế giới thứ 3. Nhưng đang phục vụ KH thì tác phong cần lịch sự và tôn trọng KH (đằng này ôm nhau, cười hô hố, cực kỳ bất lịch sự)
+ Mình gọi 2 phần cơm kho tộ, đang có việc gấp do đã book lịch nên cần ăn gấp. Lúc mang ra 1 thố cho vợ, mình hỏi của anh đâu thì bạn NV đó nói anh chờ xíu rồi em mang ra. Chờ 20' nữa gọi hỏi lại thì nói là ủa!? hồi nãy em nhớ anh kêu có 1 thố mà (Điên máu tập n 😡😡😡) Mình bấm bụng cho qua và chờ để mang ra. Mà vừa ăn thì vừa tức trong người 😤😤

> KHÔNG BAO GIỜ QUAY LẠI là cụm từ dành cho quán này. Chủ quán cần đào tạo lại đội ngũ NV này, hướng dẫn các bạn NV cách phục vụ KH được hài lòng. Chứ không phải làm từ thiện để các bạn có công ăn việc làm 👎Xem thêm",29
284,Trần Tân,1/11/2015 16:39,3.4,"Mình vào quán khi bên GoGi đông khách, và phải chờ, trong khi đang đói bụng, cảnh tượng đầu tiên khi vào quán là sàn nhà dường như không được quét dọn, rác, khăn giấy và đồ ăn thừa đầy sàn, bàn ăn lau không kỹ, gọi món thì khá lâu mới có đồ ăn, nhân viên phục vụ thái độ không tận tình, chả dám đến lần hai, không hiểu chất lượng như thế mà cũng được nằm trong aeon mail.Xem thêm",29
285,Châu Nguyễn,31/10/2015 21:56,1.0,"Sự việc xảy ra và ngày 31-10-2015. Tôi và bạn vào nhà hàng Đôi Đũa Vàng tại tầng 2 của trung tâm thương mại AEONMALL Bình Dương vào lúc 20h05. Chính xác là tôi và bạn ngồi bàn số 6, chúng tôi gọi món, ngồi đợi và mọi việc bắt đầu từ đây. Sau khi ngồi đợi 5 phút và có phục vụ mang menu tới cho chúng tôi gọi món và thức uống xong chúng tôi ngồi đợi tiếp 20 phút sau và chẳng thấy phục vụ mang nước lên hoặc có động thái gì cả. Sau khi thấy những khách vào sau đã có thức ăn, tôi gọi phục vụ để hỏi. 2 lần đầu phục vụ nhìn xong gật đầu, nhưng không thấy ai lại. lần thứ 3 gọi một phục vụ nữ thì tôi nhận được một ánh nhìn liếc qua và bỏ đi không nói năng gì cả. lần thứ 4 gọi thì có phục vụ lại và tôi hỏi đã có những món tôi gọi chưa và có thể mang nước lên trước không? Anh nhân viên ấy chạy vào và hỏi phía trong là “món của khách có chưa mà sao khách ngồi đợi lâu quá kìa?” (lúc này đồng hồ là 20h40, chúng tôi đã đợi 35 phút). 5 phút sau anh phục vụ chạy ra và cầm theo 2 cái menu như lúc đầu và nói chúng tôi hãy gọi món lại. Tôi hỏi lý do và gì vậy a? Anh ấy trả lời là “cái bill anh chị gọi món bị mất đâu rồi” Tôi không thể chấp nhận được một thái độ phục vụ như vậy được. Tôi tự hỏi một nhà hàng như vậy mà lại có dịch vụ tệ đến như thế sao? Và quan trọng nhất là tại sao có nhân viện phục vụ có thái độ coi thường khách đến như thế? Khách hang hỏi mà chỉ có vỏn vẹn một ánh mắt liếc nhìn lại và chẳng có lời nói nào. Tôi muốn hỏi liệu tôi đang được phục vụ hay là đang đi xin?Xem thêm",29
286,Tuyên Nguyễn Mạnh,18/1/2015 23:38,5.6,"Mình ghé quán này vì thấy có cơm theo kiểu Việt mà giá cũng tạm được. Tuy nhiên khi vào quán rồi thì hơi thất vọng . Sàn nhà dơ , dính nhiều dầu mỡ . Nhiều bàn ăn dẹp xong chưa lau sạch . Mình chọn một bàn vào ngồi và nhờ phục vụ đến lau bàn . Ấn tượng nhất là em trai phục vụ lau bàn và lùa tất cả rác trên bàn xuống đất làm mình tưởng đang ngồi ở mấy quán bình dân . 

Không bàn đến đồ ăn vì không ngon cũng không dở . Kêu dĩa rau xào hải sản mà hết tôm nên bù bằng thịt bò mà không được báo trước . Điểm trừ lớn nhất là mình kêu 2 lon pepsi , trước khi tính tiền mình kêu phục vụ báo trả 1 lon vì không uống hết . Tuy nhiên em phục vụ bảo là không trả được vì đã nhập vào máy . Chưa bao giờ mình thấy quán nào không trừ được ngoại trừ những quán ăn nhanh trả tiền trước . Thật tình lon pepsi chả đáng bao tiền , nhưng trả không được nên mình phải xách lủng lẳng thay vì đi tay không . Muốn vào khu siêu thị nhưng lại phải gửi cái lon pepsi này ở ngoài thật phiền phức nên thôi không vào siêu thị luôn. Chính thức là vì lon pepsi này mình sẽ không bao giờ vào hệ thống của Long Monaco nữa .Xem thêm",29
287,Đặng Phát,1/12/2014 19:04,5.0,"Bữa ghé vô ăn thì thấy cách phục vụ không thú vị, nhân viên ko vui vẻ, quán thì hơi dơ.... Kêu 3 món để ăn thì quán ra nói quán hết 1 món, nhưng trong phiếu tính tiền lại tính luôn món ko có.... ko bao giờ quay lại.Xem thêm",29
288,Kuro,29/1/2019 16:00,8.2,"Khá tuyệt, cà phê bạc xỉu đừng đặc quá thì tuyệt hơnXem thêm",30
289,Chi Bảo,19/10/2018 21:32,5.0,"Quán lớn nhưng phục vụ chưa ngon, đi 5 người vào kiu nc uống toàn kem, và có 1 người ko uống nên trả lại lon soda và đề nghị gửi trả lại, nhưng quán ko cho, nói là quy định kiu rồi ko trả lại ( ko phải là mua rồi nha, vì chưa tính tiền mà)....giá lon soda chỉ có 20k ko to tác gì so với quán hoành tráng nhưng làm zậy khách thấy ko vui... 20/10 quán cứng rắn với PN quá, đề nghị xem lại cách pvXem thêm",30
290,HalleLe,12/9/2017 22:13,7.0,"Quán gần bên sông Sài Gòn, có thể nói là không khí thoáng đảng và mát mẻ. 
Khu phòng máy lạnh ở tầng trệt với ghế Sofa êm ái.
Và phía ngoài là có hồ cá dễ thương cộng với cây cối xung quanh mát tuyệt. Cây khế và cây hoa Ngọc Lan tán to, thíc.
Trên sân thượng thì mình chưa đi đến. Mình để dành vào dịp khác tu tập đông hơn cùng enjoy here..
Đặc biệt nếu bạn lỡ bữa trưa thì ở đây có món cơm văn phòng cho bạn lựa chọn. 
Mình đã chọn món gà xào sã ớt và canh ngêu. Its good. Miss here :).Xem thêm",30
291,Thanh Tùng Đoàn,15/4/2017 20:49,6.6,"Mình ghé quán lần này là thứ 2, và không có lần thứ 3 nữa.
Lý do:

1/Mình kêu thức uống, đợi mãi 20 phút không thấy, hỏi nhân viên thì nói để em hỏi lại. Xong báo cho mình là không có món đó, đề nghị mình kêu lại. Làm mắt 35 phút chờ đợi.
Góp ý: Đề nghị nếu không có thì báo cho khách ngay, không nên để học đợi quá 10 phút bạn à.
2/Mình kêu ca cao thạch, mà đưa mình ống hút nhỏ xí ấy, mình không thể dùng ống hút được, hút một cái nó kẹt thạch vô.
Góp ý: Đề nghị dùng ống hút to hơn nếu có thạch.
3/Nhân viên chưa quan sát được, ngồi cả buổi không thấy ai tiếp nước.
P/s: Bye bye vậy.Xem thêm",30
292,Nga Le,21/2/2017 9:22,7.8,"Quán rộng lắm, nằm ngay bờ bao sông Sài Gòn nên rất mát. Hình như quán khá mới nên mấy cái cây chưa cho tán nhiều. Rất thích không gian của quán. Lối vào quán là 1 con đường trên hồ cá Koi. Cá nhiều và dạn dĩ lắm. Có thể mua thức ăn và tự tay cho cá ăn (5k/bịch). Khu vực sân vườn nhiều loại hoa: mười giờ (có cả đơn và kép), hoa hồng tiểu muội, cánh bướm, cúc vạn thọ,....Còn có nhà banh, tranh cát, tô tượng cho con nít chơi nữa. Mình chưa thử thức ăn ở đây. Đồ uống thì bình thường, giá cả khá hợp lí so với không gian. Phục vụ ổn. Nói chung, cực kì thích không gian của quán.Xem thêm",30
293,Quân Cò,12/2/2017 22:19,8.8,"Thật sự là đã đến đây rất nhiều lần nhưng chưa có thời gian review vì mình chỉ mãi lo ăn và chém gió với mấy đứa bạn. Ai đọc review này chắc chửi mình hâm hay sao mà khen đồ ăn ở quán cafe ngon. Nếu bạn là 1 người thích ăn bánh tráng cuốn thịt và bánh canh giò như mình thì chắc sẽ ghiền quán này như mình. Vì nó quá ngon, mình đã ghé Nhật An nhiều lần nhưng chỉ để ăn là chủ yếu, vì đầu bếp ở đây làm rất ngon, có lần mình ghé ăn trưa món cơm sốt bò và mỳ ý đều rất vừa miệng và ngon. Còn về phần đồ uống thì mình thấy cũng ok chấp nhận được chưa có gì đặc biệt so với mấy quán khác. Nhân viên ở đây khá nhiệt tình, view thì rất rộng và đẹp có cả sân chơi cho trẻ en (nhà banh, tô tượng, tranh cát...) Tha hồ uống cafe mà không phải lo trông lũ nhóc. Những bạn nào ghé quán vào ban đêm thì nên vào phòng lạnh hoặc ngồi trên lầu, vì nêu ngôi ở ngoài sân sẽ có khá nhiều muỗi. Nếu đi sáng thì thật tuyệt vời vì view ngoài sân rất đẹp và mát.Xem thêm",30
294,nguyentrongduc,26/12/2016 20:35,9.0,"Quán không gian rộng rãi, đẹp với. Sân thượng có tầm nhìn ra bờ sông rất yên tỉnh. Mình đang đợi xây dựng lại xong sân vườn để có thể cùng bạn bè lưu lại những bức ảnh đẹp nhất 😘Xem thêm",30
295,J14 Tuổi,14/6/2016 18:20,7.2,"Quán rộng rãi thoáng mát nhiều khu tuy nhiên ghế trong phòng lạnh ngồi không thoải mái cho người ngồi lắm... Nhân viên vui vẽ, nước uống tạm được không xuất sắc lắm. Đồ ăn ổn đa dạng có nhiều món để lựa chọn!!!Xem thêm",30
296,Giao Tran,4/4/2017 10:34,8.6,"Ciao cafe là nhà hàng kiểu ý chuyên phục vụ các món ăn nước uống theo phong cách á âu, với không gian yên tĩnh thích hợp để tiếp khách họp mặt gia đình,không gian được decor đẹp mắt và ấn tượng.Xem thêm",31
297,Phương Lưu,10/6/2016 23:02,8.2,"Mỗi khi stress nặng đều ra đây,  ăn vài món ở đây rồi thì cơm gà rôti là ngon nhất,  giá 180k. 
Bò nướng đá ngon , đẹp,  360k thì phải,  bữa khùng lên nên ăn. 
Nước cũng hơi mắc.Xem thêm",31
298,Con  Mèo Bay,7/4/2016 16:07,7.8,"Bánh tráng nướng nhân nhiều, bên trong có thịt, tôm và một số loại rau củ, vừa ăn. Món này là một trong những món có giá mềm nhất trong menu, dù so với bên ngoài thì đắt hơn nhiều. Tuy nhiên, không gian quán là 1 điểm cộng, bài trí rất đẹp và đúng kiểu Việt Nam với nón lá, gùi tre,...Ánh sáng đẹp  cho bạn nào thích chụp hình.Xem thêm",31
299,Dieu Hien,7/8/2015 18:41,7.6,"Nghe bạn bè giới thiệu lâu rồi hôm kia mới có dịp ghé qua ăn trưa thử, phải nói là khá ấn tượng về cách trang trí của quán, nhân viên cũng rất nhiệt tình và niềm nở. Tuy nhiên giá hơi chát 😱. Mình gọi món hải sản sốt chanh dây và bánh tráng nướng, cái khoai tây trong món hải sản hơi ngậy một tí ( chắc tại mình k thích ăn béo ^^!) còn capuchino thì phải nói là quá ngon, và vẽ rất đẹp! Rất là ưng cái quán này, chắc chắn sẽ quay lại. Có 1 điểm trừ duy nhất thôi, là rất khó bắt taxi ở đây, khổ thân chị quản lý, chạy ra chạy vô gọi taxi, thấy mình chờ lâu nóng ruột nên hỏi thăm mình suốt, kết cái chị này cười rất tươi! ❤️Xem thêm",31
300,Quân Jason,30/7/2015 8:07,8.0,"Đồ ăn ngon và ko gian khá sang trọng, cái này lần đầu tiên được dắt đi thử. Giá khá là cao, NV lịch sự vô cùng. thích món mực nướng sả đậm đà và có vắt chanh vào ăn vị chua chua dịu dịu. Món ăn ở đây mang phong cách Thái là chủ yếu, cơm gà nướng đùi gà nướng vẫn còn lớp mỡ beo béo nhìn miếng gà bắt mắt cực kì. Đồ ăn ko thể chê vào đâu được cả. Nước uống khá, bánh ngọt ko quá béo whippng cream chất lừ. Bil gần 400k cũng xót dễ sợXem thêm",31
301,Phương Dung Bùi,29/10/2018 17:23,5.0,"Không gian: ok, ko quá rộng, mình không thấy bàn cho 6 người trở lên, thấy toàn bàn 4 ghế nên nếu đi đông chắc qua Ma Udon hoặc Kichi. Do đi hôm lễ haloween nên chỗ nào cũng đông. Sushi: không đa dạng lắm, mình mua dưới tầng trệt cũng còn nhiều hơn, chỉ có cá ngừ, cá hồi sống, bạch tuộc sống, trứng cá màu cam và trứng cuộn thôi mà cũng quay khá lâu mới thấy
Lẩu: Các loại thịt cá lát thấy cũng tươi và nhiều, nhưng rất hiếm thấy mực, nấm rơm nhìn không tươi lắm, rau củ thì khá nhiều và tươi. Đồ chấm đầy đủ 3 loại nhưng nên có thêm mù tạt wasabi để ăn kèm sushi. Các khay nhựa nhìn hơi xuống cấp. Mình đi T7/CN nên giá 199k/người. Còn ngày thường rẻ hơn.
Nói chung tạm được.Xem thêm",32
302,Thai Songnile,28/7/2018 18:15,2.6,"Hôm thứ 7 mình có ghé qua ăn tối, phải nói là đúng tệ luôn, đồ ăn thì kg có gì, kêu nhân viên thì nhân viên bơ khách, vì kg thấy thịt đâu nên hỏi nv, họ chỉ bảo mh nên chú ý băng chuyền xong bỏ đi chứ kg đem thịt ra cho như bên kichi, với giá hơn 250k thì các bạn nên chọn kichi,Xem thêm",32
303,Tai Nguyen,1/6/2018 21:57,2.8,"Nhà mình gần aeon bình dương nên mình hay đi chơi, sở thích ăn uống cũng khiến mình muốn thử các quán ở trong đây, và mình đến với nabe king. Điều mình cực kì khó chịu là thái độ nhân viên, lơ khách khi yêu cầu đề nghị. Thịt gà trên băng thì có mùi hôi khi ăn. Chắc từ lúc ăn đến hết buổi mình ăn đươc tầm 6 miếng bò, kể từ đó k thấy nó xuất hiện trên băng chuyền nữa, chỉ toàn xúc xíchXem thêm",32
304,Tài,1/6/2018 21:47,2.6,"Mình đi chơi lễ về. Định ghé kichi mà hết chỗ, nên mình đi tìm quán và thấy được nabe king. Mình vào thì có môt anh bảo là hết bàn, nhưng chị kia lại mời mình vào, và nhìn vào quán mình thấy còn khá nhiều chỗ. Cuối cùng thì mình cũng đc vào. Rồi Mình chọn và nồi lẩu cũng đc đem ra, đến khi ăn gần xong thì vẫn chưa có nước chấm cho mình, trong khi đó mình đã hỏi rất nhiều lần, sau khi ăn mình đánh giá đồ ăn cũng chỉ tạm, mình có gọi nhân viên 1 ca trà đá nữa, anh đó thấy lời yêu cầu, nhìn rồi lơ đi, đi làm việc khác, dĩa mình lấy trên bàn đã đầy, cung không ai dọn dẹp. Mình đã đi ă rất nhiều và lên foody đánh giá nhiều nhà hàng, nhưng đây là lần đầu tiên mình đánh  giá rất tệ nhà hàng này.và sẽ không bao giờ quay lại một lần nữa.Xem thêm",32
305,Gi Gi,24/3/2018 22:41,8.4,Lẩu băng chuyền khá nhiều đồ ăn mà lại rẻ nữa. Đi 4 người mà ăn thở ko nổi tiền thì ok! Đáp ứng nhu cầu ngon bổ rẻ mà lại hợp giá tiền 👍Xem thêm,32
306,Lindie dao,8/2/2017 20:52,6.6,"Nabe king hơi ế, tuy cùng nằm trong Aeon nhưng đa số vì hết chỗ bên Kichi nên ngta qua đây. 
Ưu điểm: được ngồi bàn riêng dù đi 2 người, ăn 1 nồi lẩu chia làm 2 thấy cũng thoải mái vì ngồi đối diện nói chuyện dễ hơn. Đồ trên băng chuyền bình thường, ko có gì đặc sắc. Giá tiền ngang ngửa Kichi, chất lượng càng ngày càng đi xuống. Lần đầu mình đi thì sushi nhiều, thịt nhiều, đồ ăn tươi. Lần 2 đi thì thịt lác đác, nhìn chán lắm
2 người ăn thì tầm 550k (thêm thuế và nước)Xem thêm",32
307,Hong Hanh,2/2/2017 10:34,4.2,"Hôm đó cuối năm, mình dẫn ba mẹ đi ăn, kichi full đành tấp vô đây ăn thử vì bé nv giới thiệu cũng nhiệt tình. Vô ngồi rồi nhìn chuyền toàn rau, nấm và bắp, lác đác thịt ba chỉ, thịt bò mà cũng ko tươi, tôm chút xíu thì cũng ko nói rồi, những thứ khác nhìn cũng ko hấp dẫn.  Ăn tạm thì được còn để lần sau quay lại thì KHÔNGXem thêm",32
308,Trần Phi Hồ,23/12/2016 20:52,4.6,"Lần thứ hai vào ăn, vì lần đầu ăn thấy sushi khá nhiều, thịt cá cũng ngon. Nhưng lần này thấy thất vọng, thịt thì không tươi, toàn rau là rau, ăn cả tiếng đồng hồ không thấy được cục sushi nào cả, thật sự rất là thất vọng.Xem thêm",32
309,Hoang MyPhuong,12/9/2016 17:09,9.2,"Đến quán và buổi chiều muộn do chưa xong việc. Muốn dùng lẩu mà bên đây có luôn sushi nên chọn quán.

Cảm nhận đầu tiên là quán phong cách trang trí nhật bản. Nhân viên thân thiện và chào bằng câu Tiếng Nhật

Bufet lẩu nên được chọn 2 loại nước lẩu. Mình chọn spicy mío và nước lẩu bò. Chấm điểm cực cao chho nước lẩu, nêm vị vừa ăn và thơm.

Thoải mái lấy đồ trên băng chuyền. Có thịt bò, heo, tôm, sò, cá nhiều loại. Nhìn chung rau và thịt cá ăn cảm thấy rất tươi.

Sushi rất đa dạng, ko phải lèo tèo như Kichi. Có cả sushi cá hồi sống. Mình thích nhất là sushi gà chiên và sushi tôm, rất ngon.

Điểm trừ: đồ ăn hơi ít, cũng may lf các bạn nhân viên rất nhiệt tình, thỉnh thoảng hỏi mình có cần thêm gì không.

Được phát coupon free ice milk matcha, ngon quá nên uống hết ko kịp chụp lại.

Mình xài chương trình khuyến mãi mgift của viette nên giá giảm thêm 30k. Tổng thiệt hại chỉ 150k/người. Bufet như vậy là quá hời :))).

Giá buffet trưa ngày thường là 169k. Buổi tối và cuối tuần là 199kXem thêm",32
310,Thảo Ngọc Linh,28/2/2016 22:01,8.0,"Quán này có băng chuyền như kichi nhưng đồ lẩu không đa dạng bằng kichi. Giá cả 2 bên đều như nhau. Theo mình kichi chất lượng hơn nhiều
Khác là bên nabe sẽ được free thên tráng miệng lúc ăn xong. 
Lẩu sẽ được chọn 2/3 loại nước lẩu nha. Mình chọn lẩu bò và lẩu miso. Lẩu bò ngon nha, nước lẩu không cay, vị ngọt thịt bò, ăn vừa miệng, lẩu miso thì hơi cay hơn xíu, ăn cũng được
Mấy cái sushi trên băng chuyền ngon, cá tươi, mềm, dễ ăn. Ở đây có món cơm bò ngon nha, lúc order nhân viên sẽ hỏi thêm bạn chọn món gì ăn thêm trong lúc chờ lẩu lên. 
Quán ngày cuối tuần khá đông. Giá như vậy với mình là ok, nước uống bên này rẻ hơn so với kichiXem thêm",32
311,foodee_3p1tmek4,1/4/2022 18:06,10,Đồ ăn ngon! Check in đẹp!Xem thêm,33
312,foodee_a9uvc07j,8/3/2022 11:17,10,"Mình đặt tiệc tại quán, book trước nên được tặng trái cây, khăn lạnh và nước suối.
Đồ ăn rất ngon! Nhân viên nhiệt tìnhXem thêm",33
313,foodee_fb6xbou0,8/3/2022 11:11,10,"Món ăn ngon, giá hợp lý, quán rộng, nhân viên nhiệt tình, gọi món gì cũng có!Xem thêm",33
314,foodee_4108dcb6,7/3/2022 22:06,10,"Nhà mình mới đặt tiệc ở quán! đầy đủ món ăn ngon! chủ yếu là Bò tươi nhưng đánh giá khá ngon, các món hải sản cũng ngon mặc dù đây là quán bò không chuyên về hải sản. Thi thoảng nhà mình vẫn đặt tiệc về nhà, quán có nhiều ưu đãi như khăn ướt, nước lọc, trái cây. Thế nên mình rất thích vì đồ ngon, tươi, giá hợp lý và tiện lợiXem thêm",33
315,foodee_b9895760,7/3/2022 21:57,10,"Mình đi du lịch và dừng chân ở BD. Mình đã ăn vài quán ăn trong đó có Bò tơ Tây Ninh Năm Khánh.
đánh giá món ăn ngon, đồ tươi, giá hợp lý. nhân viên phục vụ nhanh, quán rộng rãi. Lần sau nếu có dịp mình sẽ ghé lại quán!
P/S: mình ăn món mới của quán là món Lẩu riêu cua, rất ngon, thơm! vote quán 5***** nhéXem thêm",33
316,Anh Duy Nguyễn,9/5/2019 12:44,6.2,Mình ăn thử phần bò nướng 150k thịt bò mềm ngon. Nhưng lượng thịt chỉ bằng 1/2 ít so với những quán khác. Quán nhậu thì ok nhưng gia đình ăn ún thì hơi chát.Xem thêm,33
317,Kim Giang,5/4/2021 20:12,9.8,"Món ăn ngon, trình bày đẹp, view đẹp, nước uống ngon, phục vụ nhiệt tìnhXem thêm",34
318,An Bùi,29/3/2021 19:54,10,"Đồ ăn ngon, nhân viên nhiệt tình, không gian thoải mái, view chụp hình sống ảo khỏi bàn luôn,có thể ngắn được hoàng hôn buổi chiều nữa.
Đồ ăn gọi ra ăn mệt nghỉ, tỉnh dậy vẫn ăn tiếp được nữa nha, hứa hẹn sẽ đến ăn nhiều lần nữaXem thêm",34
319,Anh Vũ Minh,29/3/2021 14:28,10,Mọi người nên thử 🤤👏🏻Xem thêm,34
320,Như Ý Võ,26/3/2021 22:11,10,"Nhà hàng có không gian thoải mái, món ăn ngon, nhân viên thân thiện dễ thương.
Sẽ quay trở lại thưởng thức thêm nhiều lần nữaXem thêm",34
321,Anh Vũ Minh,25/3/2021 23:22,9.0,👏🏻Xem thêm,34
322,Kiến Tài Nguyễn,28/8/2017 12:30,7.0,"Không gian ở đây đúng là khá đẹp
Chụp hình này kia ok lắm
Nhưng mà cô bé tiếp tân hơi khó chiệu
Khiến mình củng hết vui
Rất muốn quay lại chỉ hy vọng gặp tiếp tân nào thoãi mái nhẹ nhàng hơi chút xíuXem thêm",35
323,mthanhtam,26/1/2016 14:46,7.6,"Quán rộng rãi mát mẻ. Wifi yếu do không gian rộng quá. Giá mềm, kem không ngon. Chỉ dừng chân hóng mát thì được. Có bàn nằm võng đượcXem thêm",35
324,Yoshi Harada,15/10/2015 4:17,7.0,"One of good thing about Vuetnam is you guys gave good culture of cafe. Here is an example. Spacy with lots of greens and water,, very relaxing atmosphere. Foods are reasobable price and their quality us acceptable compare with the price. This kind of place, you just want to stay long for relaxing.Xem thêm",35
325,tran12th,11/2/2015 13:06,8.2,"Ăn trưa 39k/phần, không gian thoáng, thực đơn tạm, cơm hơi khô và nguội, thức ăn hơi mặn nhưng chấp nhận được.
Nhà vệ sinh sạchXem thêm",35
326,Vienha Nguyenthuy,12/1/2013 9:02,8.2,"Nếu muốn thưởng thức cafe thật thoải mái tại Bình Dương thì nên đến Vista Cafe. Không gian sân vườn rộng rãi, thoáng mát và đẹp.
Đến đây vào buổi tối với bạn bè cùng nhâm nhi cafe và trò chuyện thì rất tuyệt. Có các món ăn nhẹ và nhiều lịa thức uống để chọn lựa với giá cả hợp lý.
Hôm đó mình đi cùng 3 người bạn nữa và cảm giác rất vui, sẽ cùng các quay lại lần nữa.
nhân viên phục vụ chu đáo, niềm nở và thân thiện.Xem thêm",35
327,Đỗ Ngọc Uyễn Nhi,8/9/2023 11:45,9.4,"Phục vụ chuyên nghiệp, đồ ăn ngon đa dạng lắm mọi người có thể đến thử 1 lầnXem thêm",36
328,yen nguyen,22/5/2021 12:27,1.0,đéo tin tô hủ tiếu 40k.  vãi***nóXem thêm,36
329,yen nguyen,22/5/2021 12:21,4.4,"quán bán quá mắc , không ngon. nên hỏi giá trước khi ăn. t bị bà này bán tô hủ tiêu 40k. mà ko có cái gì ăn đc.Xem thêm",36
330,hieu,22/10/2020 20:24,9.6,"Trời ơi em dân miền trung vô miền nam bao năm nay, lần đầu tiên kiếm được quán bánh canh vừa ý mình. Chả cá thơm ngon dai, chứ kiểu chả cá miền nam ăn không được. nước thanh, ngon. nói chung là toẹt vời. Hình này là tô của chồng em, tô của em ăn nhanh quá k kịp chụp review luôn heheXem thêm",36
331,shopee748402,16/10/2020 12:58,9.2,"Mình k thích ăn bánh canh nên toàn gọi bún ở đây, nước dùng thơm, đặc biệt là miếng chả cá ăn rất giòn. Lần nào ăn cũng phải order 1 phần chả cá thêm :DXem thêm",36
332,dung_My,11/10/2020 19:11,9.4,"Bánh canh chả cá ở đây rất ngon 👍🏻, chả cá thì dai, nước lèo thì đậm đà. Chỉ có 25k/phần, quá rẻ, topping thì rất nhiều. Kiểu này sẽ thường xuyên về Bình Dương  để được ăn món ngon của quán, bị ghiền mất rồi😉😉😉Xem thêm",36
333,Bà Già Khó Tính,10/10/2020 12:03,9.4,"Mình là người đà nẵng, đợt rồi đi bình dương chơi, tình cờ lướt trên now thấy quán này nên ord thử, so với bún chả cá đà nẵng thì bún ở đây lạ, vị ngọt, thanh, chả dai, nhiều topping hơn....cảm nhận ok đó, nên thử đi ạ....Xem thêm",36
334,Amy,10/10/2020 11:57,8.4,Có ông anh làm ở Bình Dương mua về ăn cũng ngon ghê . Phần có 25k rẻ . Để lần sau nhờ ổng mua tiếp ăn .Xem thêm,36
335,Nguyễn Thái SĨ,15/9/2020 15:41,10,"Quán bánh canh rất ngon, chuẩn đúng vị nha trang, nếu m.n đã từng ăn bánh canh chả cá nha trang rồi thì đến sỹ tẹt quán thưởng thức món bánh canh chả chá nha trang này nhéXem thêm",36
336,Anbinh20,28/5/2021 5:05,1.2,"Quán nuối nhân viên lừa đảo chuyện cá nhân, kh nên muaXem thêm",37
337,Phan Hoàng Mạnh,27/10/2020 15:47,2.6,M.n nên né quán ra nhé ko ăn cục tức như mìnhXem thêm,37
338,Ly Thanh Ly,11/3/2020 17:18,10,"Quán làm đồ ăn ngon, nóng hổi, nhiều món đa dạng, như chả ốc chả tôm tít. Mắm tôm pha sẵn thoem
Ngon thêm trái tắc miếng ớt là xong😋😋😋Xem thêm",37
339,Quỳnh  Quỳnh,25/11/2017 18:05,8.0,"Mình bị cuồng bún đậu nên mình thử hết mấy quán để lắp đầy bao tử, đây là một trong những quán mình thấy ổn.
Quán nằm ở đường Trần Văn Ơn, gần trường DH TDM, khá dễ tìm.
Không gian ấm cúng, bàn ghế gợi vẻ xa xưa. Quán có rất nhiều sự lựa chọn đa dạng ngoài bún đậu, thức uống cũng nhiều. 2 vơ chồng chị chủ phục vụ luôn nên lịch sự lắm, lúc nài cũng tấp nập khách.
Mình thấy giá khá mềm so với chất lượng, bún rất nhiều, hơi ít rau, ngoài ra chả và tàu hủ nóng, giòn và thơm.
Rất đáng thử.Xem thêm",37
340,Hà Mi,27/6/2017 15:03,7.2,"Chỗ này mình hay ăn nè, bún đậu ở đây ngon nha, đậu chiên giòn bên trong mềm không bị khô, bún dẻo dẻo, thịt luộc vừa tới nên giữ được vị ngọt mềm, chả cốm dai dai không bị bở, mắm tôm quán pha ngon nha, rau tươi sạch. Ủng hộ quán hoài!Xem thêm",37
341,Ngọc anh Nguyễn,7/12/2016 4:50,8.0,"Bún đậu ở đây thì khỏi bàn rùi, chuẩn là ngon,gốc hà nội lun. Măm tôm rất thơm .     1 phần thập cẩm 2 ng ăn .55k có đầy đủ , 2 đứa ăn no phè. Quán mới có món bánh tôm hồ tây rất ngon. Quán khá  đông, phục vụ nhanh, thân thiệt. Quán mát rộng, khung cảnh đẹp.Xem thêm",37
342,foodee_6ae60fc8,2/12/2016 3:52,9.0,"Quán trươcs đây ở ô 31 giờ chuyển lên ô 57 các bạn đi qua ngã tư D1 D5 nhìn bên tay trái là thấy ngay, cách quán cũ 200m ... đồ ăn ở đâh thì khỏi bàn rùi , tận hương hương vị hà nôinquas chuẩn , quán rất đông , các bạn cố ghé sớm k là đến muộn lại hết hàng .Xem thêm",37
343,Tâm Lê,5/8/2017 20:04,5.4,"Mình gọi 2 phần tàu hũ bánh plan khoai môn (số 15), ăn thấy lạt và không ngon. Buổi tối quán bày bàn ghế ra ngoài quá chừng, thoáng mát, gần đường nhưng k quá bụi bặm, k có mái che nên mưa cái là chạy như vịt luôn. Menu đa dạng, có cả gà rán, món ăn nhẹ, trà sữa bla bla. Nv quán trẻ & làm marketing khá tốt, mình tới vào tối t7 có cả DJ chơi nhạc um sùm cả khu😂😂😂Xem thêm",38
344,Hiền Hồ,25/4/2017 19:58,5.6,"Mình xem trên foody  thấy gần nhà, nên ghé thử, lần đầu mau về thấy cũng ok.
nhưng lần sau mình dẫn bạn tới ăn thì mùi vị không còn ngon nữa, thấy hơi thất vọng chút.Xem thêm",38
345,Winnie Nguyễn,28/2/2017 17:30,7.8,"Cuối tuần xuống Bình Dương chơi nghe nhỏ bạn nói quán tàu hủ này ngon lắm nên cũng đi ăn thử coi sao. Mà công nhận ngon thiệt, tàu hủ lạ miệng có ăn kèm topping đậu đỏ nha. 
Chắc chắn sẽ ghé ăn lạiXem thêm",38
346,thai phuong,13/9/2016 16:31,9.0,"Đi ăn tàu hũ đá cực mát lạnh luôn nha mây hia, ai ko an đc tàu hũ thì có Sương Sáo , trà sữa
Trưa đi ngang ghé zô an thôi là như đóng băng r
Minh thường xuyên ghé an sương sáo 
Có rât nhiều món cho minh lựa chọn nhaXem thêm",38
347,Anh Đong,11/8/2016 10:36,7.0,"Tàu hủ ở đây lạ lắm ngen mí chế, nhìu topping lắm, có sương sáo, kem. trân châu nữa nè, ăn chung ngon lắm. chủ quán phục vụ dễ thương nữa, nên mình hay đến đây lắm hihiXem thêm",38
348,Donna Nguyen,12/9/2022 19:11,9.2,Mình muốn order bánh sáng mai lấyXem thêm,39
349,Thi Lien Lê,3/6/2022 15:43,5.0,Mình muốn đặt mà k biết đặt sao được ạXem thêm,39
350,foodee_9d53ab83,10/2/2022 11:22,5.4,Lam sao de dat?sdt goi ko dcXem thêm,39
351,duytruong,26/12/2017 16:27,8.2,9 out of 10 compare to Chewy Junior. Super nice!!! Highly recommend 👍🏻Xem thêm,39
352,Mỹ Khanh Nguyễn,27/4/2017 12:09,0,Ngon tuyệtXem thêm,39
353,Mỹ Khanh Nguyễn,27/4/2017 8:24,0,Tuyệt ngonXem thêm,39
354,Lư Nguyên Phát,5/10/2015 15:46,8.0,"Bánh rất ngon, đặc biệt là bánh sinh nhật làm từ bánh su, phải nói là độc, lạ :)Xem thêm",39
355,Gia Hân,2/7/2015 17:50,6.6,"Mình đã mua và thưởng thức nhiều lần. Ngon lắm. Đếi với người ưa đồ ngọt như mình. Không gian quán nhỏ. Hơi bị khuất. Nên hơi khó nhận biết. Nhân viên thân thiện, dễ thương. Nói chung là tuyệtXem thêm",39
356,Ngân Đinh,5/10/2022 10:49,3.2,"Quán dịch vụ tệ quá tệ , Mua ủng hộ đặt đơn hàng số lượng nhiều nhưng vẫn tính phí Ship, phí ship thì càng ngày càng lên , hôm trước đặt mua ship 30k , hôm nay ship tận 50k , Dẹp đơn nghỉ mua quán nàyXem thêm",40
357,Phan Lý VănNgọc-,5/10/2022 10:48,1.8,Chất lượng phục vụ tệ quá.lúc đầu đang còn thấy được dần dần phục vụ quá kém cho 1 saoXem thêm,40
358,Arthur Hoàng,5/10/2022 10:37,4.0,"Sản phẩm chất lượng tốt, nhưng dịch vụ tệ, Mua ủng hộ đặt đơn hàng số lượng nhiều nhưng vẫn tính phí Ship. Không mua lại lần sauXem thêm",40
359,Biều Nghĩa,13/11/2019 16:11,2.0,"Chè không ngon, thức uống mắc hơn so với mặt bằng chung, order mười mấy ly mà ngồi đọc cũng ngán,... né luônXem thêm",40
360,Thanh Huyền,10/1/2019 9:17,8.0,"Mình hay mua bánh tráng trộn, gỏi, chè thái ở đây. Chè thái ngon 25k tính ra rẻ hơn ly ts mà có cả trái cây các kiểu. Giá k hề mắc nếu mang ra so sánh về chất lượngXem thêm",40
361,phương thảo,24/7/2018 12:17,5.4,"Quán đa dạng món, chưa ăn thử hết được nhưng đã ăn chè thái vị rất ngon các loại món ăn vặt thì cũng được chứ không xuất sắc lắm tính ra thì giá k rẻ nhé.không gian cũng thoáng nhìn cũng có vẻ sạch sẽ đẹp mắt. Phục vụ thì cũng ok vui vẻ. Sẽ quay lạiXem thêm",40
362,Tâm Lê,25/5/2018 15:13,5.4,"Quán này đc cái nhận ship hàng, nên cty hay đặt ở đây chứ nếu là ăn tại quán thì giá so với mặt bằng chung hơi mắc. Đặc biệt mình order bơ dằm, quán tính mình 40k/ly nhưng ăn toàn đá & sữa, thực sự k đáng tiền chút nàoXem thêm",40
363,fann anh,5/3/2018 23:52,6.0,"Mình thấy ở đây chỉ có chè Thái là ngon nhất, có đủ thứ rau câu và trái cây, có sầu riêng thêm càng ngon. Mấy chỗ khác ăn chè Thái thấy không ngon bằng. So ra giá bán chè Thái là ổn. Nên hầu như đến đây mình chỉ ăn chè Thái sầu riêng.
Mình có ăn thử bánh flan + rau câu, bánh flan thì ok. Nhưng rau câu thì dở, không ngon.
Chè khúc bạch cũng dở, chắc do quán không chuyên về món này, mình ăn chỗ khác thấy ngon hơn nhiều. Ở đây chỉ có 3 cục sữa, 3 cục rau câu sữa và ít nấm tuyết ở trên, ở dưới chỉ có rau câu dừa bào sợi và đá viên. Mà rau câu dừa ngon, ^.^ Món này giá không mắc nên chất lượng cũng không tuyệt vời như chè Thái.
Đồ ăn bình thường.
Buổi tối gửi xe bên kia đường. Hay đi cuối tuần buổi tối thấy lúc nào cũng đông.Xem thêm",40
364,chung,5/9/2017 8:07,1.0,"Phục vụ chậm. Chè không ngon như trên chợ thủ đức. Không có chỗ đâu xe.
Giá cả khá mắc so với nơi khác. Không gian quán cũng ko rộngXem thêm",40
365,Phương Thanh,13/10/2016 16:49,7.0,"Vào đây từ đó h mình chỉ ăn đúng 1 món chè đó là chè khúc bạch thôi.
Đồ ăn vặt cực ngon luôn, nhưng quá mắc. Tại vì ăn vặt mà no nê gì đâu, nên mắc cũng tiếc tiền lắm.  :)
Hãy ăn thử chè ở đó 1 lần nhé.Xem thêm",40
366,Nga Le,30/5/2016 8:33,5.6,"Lần thứ 2 quay lại và rất thất vọng. Quán đã đổi chủ và đổi cả đầu bếp. Menu cũng thay đổi luôn. Giờ chuyển qua chuyên về các món dê. Cơ mà món dê cũng chả ngon lành gì. Món rau luộc kho quẹt, rau ít và đậu bắp bao già, kho quẹt không ngon như xưa, cơm chiên hải sản khô và cứng, món dê hấp tía tô không có gì đặc biệt, dê ít và bị dai, dê nướng mọi thì nướng còn máu 😂😂, nên tụi mình phải quăng vào nồi hấp luôn. Món lẩu nấm hải sản có nước dùng ngồ ngộ, vị ko có gì đặc biệt, rau ko tươi lắm. Được món dồi trường xào cải chua khá vừa miệng tuy dồi trường bao nhỏ 😂. Tụi mình đi vào tuần lễ khai trương nên được giảm 10%. Bàn 4 người lớn ăn hết 553k. Khá rẻ nhưng chất lượng thua xa ngày trước. Mấy bạn nhân viên vẫn là nhân viên cũ, khá dễ thương và nhiệt tình. Nói chung, quán nên coi lại đầu bếp.Xem thêm",41
367,Nga Le,16/4/2016 20:41,8.4,"Trưa nắng nóng kinh hồn nhưng bước vào quán thấy mát rười rượi vì cực nhiều cây xanh và quán nằm sát ngay bờ sông. Quán cũng có vài phòng máy lạnh. Nhóm mình chọn bàn gần bờ sông rất thoáng. Phục vụ thân thiện và lên món nhanh. Cơm chiên hải sản khá ngon vì cơm chiên giòn giòn. Nghêu hấp xả tuy nghêu ko to nhưng nghêu khá mập. Món bạch tuộc nướng muối ớt rất tươi và ướp đậm đà, cà tím và đậu bắp nướng kèm rất ngon. Rau luộc kho quẹt cũng rất ngon, kho quẹt vừa miệng và thơm mùi tiêu sọ. Món lòng bò nướng bình thường nhưng khá nhiều. Ba chỉ nướng riềng cuốn với lá mơ chấm mắm tôm ngon lắm. Lẩu thập cẩm chỉ 120k nhưng rất nhiều rau và ""phụ kiện"", nước lẩu ngọt thanh. 5 người ăn no nê mà ko hết nên phải gói về một số 😂. Tổng bill chỉ 717k. Quá rẻ 👍👍👍Xem thêm",41
368,Cu Mit,8/11/2014 11:26,8.4,"#Bạch tuột nướng sa tế  ,#Bạch tuộc muối ớt ở đây thịt thơm và dai , giòn hơn bât cứ nơi nào từng ghé qua. Hỏi thăm thì được biết là do nhập trực tiếp từ các tàu đánh cá ngắn ngày, nên bạch tuột vẫn còn giử được mùi vị và độ săn chắc vốn có. Ngoài ra thì tay nghề chế biến của đầu bếp cũng khá tốt, các bạn yêu thích món khoái khẩu này hãy ghé qua một lần mình tin chắc sẽ phải đến nhiều này nữa? Mình vẫn đánh giá cao độ an toàn thực phẩm khi ăn ở quán có tên tuổi hơn là các quán lề đường.Xem thêm",41
369,Ngọc Trịnh,7/11/2014 23:00,10,"Món ăn hấp dẫn.. Giá cả hợp lý...!(""-"")Xem thêm",41
370,Ngọc Trịnh,7/11/2014 22:02,10,Bờ sông thoáng mát... Món ăn đa dạng phong phúXem thêm,41
371,Thái Thư,2/1/2019 15:50,10,uống ngon... đã quay lại lần thứ 2 để mua uống...Xem thêm,42
372,Phan Tú Uyên,4/10/2017 20:07,7.6,"Mình thử loại nước hình như mới là matcha shake milkfoam
Lớp milkfoam nghe hơi ngấy. Nếm có vẻ ngán. Matcha thì hơi ngọt. Nhưng mà nói chung cũng tạm ổn.Xem thêm",42
373,Nguyễn Phạm Thái Sơn,4/7/2016 19:22,6.6,"Ghé qua đây giải khát. thức uống nơi này cũng rẻ và ngon. so với mặt bằng chung thì vậy là khá ổn
Tuy nhiên không gian thì khá nhỏ do đây chỉ là 1 gian hàng thức uống ở nhánh giữa nên chỉ có 3-4 bàn. Khách đến phần đông là mua về khá nhiềuXem thêm",42
374,Thanh Thao VU Cao,12/2/2016 22:38,8.8,Mùng 4 tết cả nhà đi aeon bd chơi. Do ăn ở nhà rùi nên chỉ ghé aeon chơi thui. Nhà mình uống 4 li . 1 li trà sữa dâu tây . 1 li trà sữa đào . 1 li hồng trà và 1 li trà sữa kiwi . Dâu tây uống dc. Trà sữa đào thì vị đào rất nhẹ. Trà sữa kiwi thì chua hơn trà sữa đào. Hồng trà ngon. Tổng thiệt hại hết 134k . Nhân viên cũng dc chứ ko nhiệt tình lắm.Xem thêm,42
375,Bim  Bim,3/9/2015 0:19,8.0,"2/9 quán đông nhưng phục vụ rất ok. Trà sữa béo thơm mình rất thích. Sinh tố đậu phộng lạ miệng, giá cả phù hợp với chất lượng. Wafle MiLo cũng ngon nói chung là rất đáng để thử :))Xem thêm",42
376,Nhím Xíu,13/7/2015 14:22,8.0,"Mình là 1 đứa cực thích các món crepe, wafle, cứ ở đâu có bán là phải tới mua cho bằng được. Bữa đi với bà chị lên siêu thi chơi, thấy chỗ này là bay vô ăn liền. Đi ăn ở đâu, mà thấy menu chụp hình món ăn cũng không tin tưởng lắm vì thường kích thước nhỏ hơn trong đó đến hết hồn. Tuy vậy, ở đây lại khác, bánh wafle to hơn mình tưởng. Bánh mình kêu thì mới làm nên rất thơm, nóng và ngon. Có thơm phần kem bên trên nữa, ăn bao béo luôn. Nói chung mới ăn một lần đã mê rồi. Trà sữa ở đây cũng khá ổn. Giá cả không mắc, nên sẽ quay lại thưởng thức các món khác.Xem thêm",42
377,Ha Ha,1/11/2014 18:17,5.0,Khu sXem thêm,42
378,Tô Tế,21/9/2018 16:57,8.0,"Bột chiên ở đây ăn hợp khẩu vị mình lắm nè. Bột chiên giòn rụm nhai giòn rôm rốp luôn. 
Ngoài ra có bột lọc chiên nữa.Xem thêm",43
379,La Cà,21/12/2016 9:15,8.0,"La cà từng càn quét bột chiên từ khắp SG lên Binh Duong nhưng đến ChipBy thì đặc trưng rõ ràng. Từ cách phục vụ (anh chị chủ zui tánh lém), vệ sinh cho đến chất lượng món ăn đều ko chê đâu đc. Đặc biệt là rẻ banh xác, hihi. Giáng sinh này chủ còn chịu chơi, lôi giàn karaoke gia đình ra để phục vụ hát với nhau có quà tặng nữa, còn trang trí hang đá đồ nữa. Mấy bạn tui có dịp đến quán thử sẽ thấy, còn tui Noel  này sẽ có mặt, heheXem thêm",43
380,Thuylienduong,5/12/2016 8:49,9.0,"Khách hàng nhí mê tít với 1 Ly trà sữa thạch rau câu + hạt thủy tinh to đùng, 1 dĩa bột chiên là no say. Ngon, rẻ, nguyên liệu sạch ( nhà làm )....... mà giá cực mềm....😉😉😉Xem thêm",43
381,Thuylienduong,5/12/2016 8:29,9.0,"BÁNH LỌT XÀO ""made in Cambodia"". Món ngon, lạ duy nhất tại bình dương luôn nhé!! Đến thưởng thức ngay và luôn nào......Xem thêm",43
382,Mỹ Oanh Nguyễn,13/11/2016 0:14,8.6,"Ngon và rẻ... triệu like, bot chien lambag khoai môn,  nen vị rat ngon, nuoc cham ngon, mì xào bò cug ngon, thit bò mem hk zai,  noi chung la ngon tuyệtXem thêm",43
383,Nguyenhjen,6/10/2019 21:57,3.4,"Mua 6 cây kem mà trên cây kem chẳng có giấy nhãn Jollibee cho khách cầm, xin khăn giấy lại đưa có 2 tờ, xin thêm lại ngó lơ, tiết kiệm chi phí gì dữ vậy mà gây bất tiện cho khách!Xem thêm",44
384,Cua Giòn,8/9/2019 13:09,3.4,"Nhân viên phục vụ thiếu chuyên nghiệp!
khách mua hàng đưa thiếu món, thiếu đồ, thiếu gia vị đi kèm cũng ko kiểm tra lại!
mà mua về mà thấy gói lại rồi tưởng soạn đủ rồi.... về thấy thiếu tùm lum chả lẽ vác lên lấy thêm, nhà thì xa nữa!
đại loại là thiếu nghiệp vụ!Xem thêm",44
385,Thảo Ngọc Linh,22/3/2018 1:09,7.4,"Dẫn mấy đừa em vào siêu thị chơi cái tụi nhỏ đói bụng là đòi đi thẳng lên đây luôn. 
quán khá đông nha, mình đi hồi mùng 5 tết, xếp hàng order cũng lâu luôn.

gọi 1 phần mì và 1 bánh khoai môn: món ra nhanh nha, mì còn nóng nên ăn khá ngon, bánh khoai ra sau nhưng cũng là vừa mới làm xong nên nóng phỏng tay luôn, vị thì ngon, lớp vỏ bánh giòn, khoai bên trong màu đẹp, ăn cũng khá ok, ngọt vừa phải thôi, mùi thơm cũng làm kích thích lắm, vì mới được làm ra nên bẻ bánh là nhân khoai bên trong bốc khói nhẹ luôn.

không biết quán có trương trình gì mà được tặng thẻ cào, cào ra thì được free 1 ly nước ngọt nên đem đổi dùng luônXem thêm",44
386,zero nguyễn,5/2/2018 20:46,9.2,"Lần đầu tiên mình ăn ở đây thì thấy khá là ngon. Mình đi nhóm 6 người mà 5 phần ăn thì  rẻ. Hương vị vừa ăn. Mình thường không quen với việc chén canh có tiêu nên mình không thích lắm. Còn gọi thêm mấy cây kem, vị cũng giống với mấy chỗ khác thôi nên không có gì đặc biệt đâu. Hôm đó mình đi thì trúng ngày đông rồi phải ngồi đợi một chút. Vì đông thế là nhân viên lau dọn không kịp. Tương từ mấy vị khách trước dây ra ghế, ra bàn. Nhân viên cũng dễ thương lắm cơ. Tuy quán khá nhỏ nhưng cũng thoáng chứ không có ngộp. Hi vọng lại được ăn tiếp.Xem thêm",44
387,Hoa,14/9/2017 21:48,5.0,"Ngán cơm không thèm phở mà muốn ăn gà rán cơ.
Muốn ăn thì vào Jollibee mà thưởng thức thôi.
1 combo cho 2 dì cháu chỉ có 99k với 1 phần Mỳ Ý, 1 má đùi gà, 1 cánh gà và 1 phần khoai tây chiên.
Ăn no nề còn được 2 cây kem. Chỗ ngồi gọn gàng, sạch sẽ, phục vụ nhanh gọn, thái độ niềm nở làm hài lòng khách đến.
Dự là lần tiếp theo sẽ đi nữa. Lâu lâu thay đổi cách ăn uống để không bị ngán, được thưởng thức những bữa ăn ngon với JollibeeXem thêm",44
388,Thảo Ngọc Linh,18/7/2017 11:56,7.0,"Dạo này mình thèm gà mà dưới đây không có dịch vụ deli nên đành từ nhà chạy lên aeon để mua mang dề nhà. 

Mình mua phần combo 4 miếng gà và 1 khoai tây chiên lớn. Đợi cũng không lâu là nhân viên mang gà ra nha. 

Gà mang về vẫn còn nóng nha, gà giòn, xe thịt ra bốc khói nhẹ, tương ớt và tương cà cho rộng rãi thoải mái. 

Không gian rộng rãi, khách chủ nhật khá đông nha, xếp hàng cũng lâu nữa 

Chỉ có nhân viên là phục vụ không rõ ràng thôi nha, mình tới trước mà bán cho người đến sau, nhưng sau khi mình giải thích thì người đó chấp nhận mua hàng sau mìnhXem thêm",44
389,KhaAn,3/7/2017 23:37,9.4,"Mình mua một phần compo 99k gồm 2 đùi, 2 coca, 1 mì và 1 khoai tây, một ly kem đi kèm 1k và bánh rán khoai môn 10k

Vừa rẻ vừa ngon, ăn vài chỗ ở Aeon rồi nhưng mình có thể nói jollibee là nơi mình hài lòng nhất về phần thức ăn, không chê vào đâu được lại vừa hợp túi tiền. Trước kia thường đến KFC nhưng hình như quá nhiều dầu mỡ giờ biết rồi thì sau này nhất định sẽ đến Jollibee a~ không nhiều dầu, thịt gà nóng hổi lại mềm bột giòn giòn ăn xong chỉ muốn ăn thêm ăn nữa thôi, cứ như dư vị cứ còn mãi ấy a!

Không nhắc thì thôi mà cứ nhắc đến là thèm ...Xem thêm",44
390,Thảo Ngọc Linh,28/5/2017 21:26,7.4,"Nay cuối tuần được anh hai dẫn đi ăn gà vì lâu rồi mình không có ăn gà rán. 

Thấy jollibee giờ còn đông hơn cả lotteria với kfc luôn, vì menu đa dạng, chất lượng ok, giá lại rẻ hơn và cũng hay có nhiều ưu đãi, nên được chuộng hơn

Mình mua phần khuyến mãi combo 174k còn 139k: 2 miếng gà giòn, 1 miếng gà cay, 1 mì ý, 2 nước ngọt và 2 kem tươi. 

Chi nhánh này nằm trong khu trung tâm, do mình đi cuối tuần nên rất đông khách, full bàn luôn. 

Nhân viên phục vụ nhiều, phục vụ cũng nhanh nhẹn, món chờ không lâu là nhân viên mang ra rồi

Chất lượng món ăn thì ổn nha, gà giòn, còn nóng bốc khói luôn, thịt gà mềm, chứ không khô nên ăn không có ngán, mì ăn tạm được, kem tươi béo nha, ăn ngon. Nước ngọt được up size lớn chỉ thêm 10k. Mình không up siZe lớn tại mình có 1 phiếu quà tặng 1 ly trà sữa thái của jollibee rồi. 

Giá khá rẻ nha, hầu như các món đều ổn và giá không cao lắm. Combo khuyến mãi rẻ và ăn no nê luôn 

Không gian quá cũng rộng nhưng vì đông khách quá nên phải chấp nhận ngồi ăn chung bàn, hoặc có thể mua mang về nhaXem thêm",44
391,Linh Linh,13/10/2016 15:42,8.2,"Bữa đi ăn mình gọi set 2 người ăn là cỡ 140 mấy ngàn thôi. 
Ra món hơi lâu nhưng bù lại thức ăn ngon, cơm dẻo rất là ngon, sốt mì ý sánh lại ăn ngon, riêng về gà thì chỉ tạm tạm k ngon đặc sắc. Trong set ăn này có kèm 2 ly trà đào và 2 cây kem. Kem thì khi ăn xong cầm bill ra ngoài quầy nhận. Kem ngon tuyệt luôn ấy 
Nói chung set ăn 2 người như thế này là k mắc đâuXem thêm",44
392,Kitten183 ...,28/3/2015 20:09,7.4,"Không gian quán tương đối rộng rãi. Nhân viên thấy có 1 ng phục vụ ah cho nên hơi lâu. Thấy mà tội nghiệp chị đó luôn. Hic
Menu quán đa dang hơn so với kfc hay lotteria. Mình ăn phần 2 gà 1 mì ý 58k. K hiểu sao mình ăn nghe mùi gà hơi hôi nữa. Hic. Mì ý thì cũng bình thường không có gì đặc sắc. Nhớ hồi đó ăn ngon lắm mà. Lần khác sẽ đi lại để kiểm chứng vậyXem thêm",44
393,Vy Le,17/6/2019 14:02,4.0,"Vừa sáng nay mình đi mua bánh xếp khoai môn, chị nhân viên lấy order mình nhưng không cho mình biết là bánh còn phải chiên tận 7’, tính tiền xong xuôi thì mới nói “chị đợi 7’ nha”, trong khi lúc đó mình đang vội tưởng có bánh sẵn thì mình mua, mình bảo thế thôi chị ơi thì chị nv bảo “lỡ bấm rồi”. Sau này mong quản lí nhắc nv báo trước thời gian chờ cho khách TRƯỚC KHI LẤY ORDER nhé vì có khi khách đang vội đấy. Mình tỏ ra khó chịu thì chị ý quay ra nói xấu mình với hai nv khác “kêu chờ có 7’ mà bla bla”)))lol i cant, nhắc chị sau này đợi khách đi hẵn bàn tán nhé.Xem thêm",44
394,Ngân Võ Vương,2/6/2019 16:35,1.0,"Cẩn thận khi đặt gà qua now ạ, em đặt hai phần gà(một phần hai miếng) tổng có 4 miếng nhưng khi giao chỉ có hai miếng(trong bill ghi hai miếng nhưng tính tiền 4 miếng là sao )Gọi thì không nhấp máy mất trắng tiềnXem thêm",44
395,Sơn Lâm,15/5/2019 20:40,5.4,"Mình đi với bạn, order 2 dĩa mì ý với 1 miếng gà mà đợi tận 30p mới có đồ ăn, không ra nhắc chắc còn đợi nữaXem thêm",44
396,Khoa Nhật,8/8/2022 10:59,3.6,Cho em hỏi gà sốt tồi sốt đâu ạ🥲🥲Xem thêm,44
397,Thảo Ngọc Linh,20/11/2019 23:37,7.2,"Ngoài mấy quán nhà hàng thì tiệm này mình thấy ăn ok ngon nè, giá cũng hợp lý nữa. Mình gọi phần combo lẩu 3 người, phần này gồm có 1 lẩu, 1 món ăn (cơm chiên hoặc mì xào), và 3 ly nước ngọt. Ở đây nấu vừa miệng nè, lẩu đậm đà, hải sản cũng tươi, phần bún thêm 10k nha. Mì xào bò ngon, vị rất vừa ăn, xào không bị quá nhiều dầu. Sau đó mình có gọi thêm phần hủ tiếu xào hải sản. Ăn cũng được lắm nha. Ngoài ra mình thấy menu món ăn đa dạng lắm: cơm chiên, bún xào, nui xào, mì, miến xào,... 
Chỗ này mình thấy đông hơn chút so với mấy quán còn lại, giá cũng rẻ, trong mall mà bán vậy là ok rồi.Xem thêm",45
398,Thảo Ngọc Linh,24/10/2019 21:04,7.4,"Khu này tập trung nhiều quán ăn lắm nha, mình có ăn được mấy quán ở đây rồi và thấy là quán Hoài Bão là ok hơn các quán còn lại. 

Mình gọi phần combo là có lẩu và món ăn kèm thì minh chọn mì gói xào bò. Vị ở đây nấu ăn ok, vừa miệng, phần như hình là vừa đủ cho ba người ăn giá cũng rẻ nữa chỉ có 178k là ăn no nê rồi. Lẩu hải sản kiểu chua chua, cay ít nên ăn ngon nè, trang trí món ăn ok. Mì xào bò là mì gói nha, ăn ngon nè, mì khô ráo dầu, ăn không ngán.

Không gian ở đây là chung nên ngồi chỗ nào cũng được, có món la mình đến quầy lấy kiểu như mình tự phục vụ vậy đó, ăn xong thì có nhân viên của siêu thị dọn dẹpXem thêm",45
399,Mai Nguyễn,7/10/2017 6:00,7.2,"Thay đổi không khí xuống BD chơi, đồ ăn khá ngon, phong phú, nhìn sạch sẽ và đảm bảo, giá lại bình dân :) phù hợp cho những ngày muốn đổi gió, không gian thì hơi đông vào nhưng giờ cao điểm :)Xem thêm",45
400,Nguyen Nguyen Thanh,14/8/2017 13:10,7.8,"Đây là khu ăn uống với các món ăn thuần túy VN, giá cả rất phải chăng,thích hợp cho các gia đình thư giản cuối tuần và các bạn trẻ hẹn hò. Giá bia hơi cao...Xem thêm",45
401,Minh  Châu,23/2/2017 21:56,8.4,"Aeon mall bình dương nhé team foody đồng nai. Giá mà biên hoà mình có Aeon mall thì tha hồ sushi, tha hồ lượn lờ các shop thương hiệu lớn, tha hồ ăn uống tại khu ăn uống tập trung ở ngay tầng trệt, sát bên Aeon bakery và siêu thị Aeon nhé!
Hôm nay mình review vài món nhẹ thôi nha! Bao tử hôm nay hổng có đói nên ít có ăn...hjhj
Đa thể loại từ ăn đến uống, món ăn nhật, hàn, việt.
Mình thích nhất mì udon trứng của aeon, mì được xào thấm gia vị và được đặt gọn trong vỏ bọc trứng chiên, ăn với sốt tương đen, sốt bơ lạt và tương ớt! Ngon lắm, khi ăn xé vỏ trứng ra là những sợi mì nóng hổi luôn...wow wow wow
Gà chiên sẵn ăn kèm bánh bao chiên
Chè đậu với nếp
Yummy!!!Xem thêm",45
402,Thanh tu Nguyen,18/10/2016 22:46,7.8,"Đi công việc với bạn ngang khu này nên ghé vào ăn trưa luôn. trưa ngày giữa tuần nên khu foodcourt không đông lắm. ở 1 vài store có thương hiệu thì xôm tụ hơn, còn bên khu tập trung nhiều store nhỏ thì vắng vẻ chút. không gian rộng rãi, nhiều chỗ ngồi.
lượn 1 vòng nhìn menu của các quán òi chọn quán lẩu phố á này, 2 người nên gọi set uyên ương luôn, 159k gồm lẩu, 2 nước, cơm chiên, chọn lẩu tứ xuyên. đem ra hơi lâu chút, mà được cái nhìn giống hình minh họa. cơm chiên nóng và cũng không ít, mỗi người được hơn 1 chén. cơm nóng, hơi ít topping nhưng cũng ổn. lẩu kiểu chua cay mà hơi cay xíu, đồ ăn kèm lẩu cũng không ít, nhìn chung 2 người ăn là no đó. 
không ở bình dương nên có dịp đi ngang mới ghé được.Xem thêm",45
403,Nguyễn Hoài Hân,17/3/2020 11:18,4.2,"KO NÓI ĐẾN NGON HAY DỠ, CHỈ LÀ ĐỂ GIẢM  GIÁ 40% MÀ LẠI TĂNG GIÁ LÊN RỒI MỚI GIẢM XUỐNG 40% KHÁC GÌ ĐỂ BÁN GIÁ BT.  TRÀ SỮA TƯƠI TRÂN CHÂU ĐƯỜNG ĐEN MÀ 70K GIẢM CÒN 42K. MATCHA TRÂN CHÂU ĐƯỜNG ĐEN GÌ MÀ 68K GIẢM CÒN 40K. THÀ BÁN BT GIÁ ĐÓ VẪN MUA ĐƯỢC NHƯNG LẠI KHÔNG THÍCH CÁCH KINH DOANH NHƯ VẬY, CẢM GIÁC NGƯỜI TIÊU DÙNG ĐANG BỊ NGÁO KHI MUA GIÃM GIÁXem thêm",46
404,Châu  Huỳnh,15/8/2019 15:36,9.0,"Trà sữa của quán cực kì vừa miệng chứ k quá ngọt, đá ít lắm luôn, kem cheese cũng ngon nữa vừa mặn vừa béo thơm dã man. Từ hồi quán mới khai trương uống thử giềng tới giờ luôn, giá quán ổn lại hay có khuyến mãi nên thành ra chả tốn bao nhiêu hết. Trà trái cây thì trái cây cũng tươi mẹ mình cũng thích uống nước trái cây ở quán nữa, trưa nóng toàn lên now đặt shop về uống vừa nhiều ưu đãi lại chả phải ra nắng mua, mình sẽ gắn bó với quán lâu dài.Xem thêm",46
405,Bong Hana,23/5/2019 21:09,7.2,"🌻 Địa chỉ: nằm trên đường Hoàng Văn Thụ, KDC Chánh Nghĩa, cách U&I mấy căn nhà 
🌻 Bán trà sữa, trà nguyên chất, cà phê, trà trái cây, đá xay, thức uống có foam...Menu quá trời món luôn, lựa món để uống cũng hơi mệt 😱
🌻 Sữa tươi trân châu đường đen size M - 58k: uống cũng được thôi chứ không gọi là ngon, sữa tươi không đường, thơm nhẹ, trân châu đường đen vừa ăn
🌻 Mình order qua Now hiện đang giảm giá 50% nên ly này còn có 29k thôi (chưa tính ship) 💃🏻
🌻 Đã uống thử một số dòng trà trái cây bên đây rồi, ví dụ Trà trái cây đặc biệt... thực ra cảm thấy đồ uống ở đây dừng lại ở mức được chứ không gọi là ngon để ấn tượng
🌻 Mình uống ít đường nên toàn gọi 0-30% đường. Bạn nào thích ngọt thì tăng đường lên nha, vì cảm thấy đồ uống ở đây cũng hơi ngọt 
🌻 Nhân viên nhanh nhẹn, pha nước lẹ. Quán khá vắng, nếu bạn nào muốn tìm chỗ yên tĩnh để nói chuyện hay ngồi học có máy lạnh thì có thể ghé nhenXem thêm",46
406,Heekcaa,17/4/2019 23:23,9.0,"Tuyệt vời
Trà sữa kem cheese ở quán rất ngon ngày nào cũng phải uống 1 ly cho bõ cơn thèm,quán lại hay có chương trình khuyến mãi.Không gian quán thoáng mát vừa được thưởng thức 1 ly trà sữa thơm ngon vừa được check in sống ảo 🤗Xem thêm",46
407,Trung Nguyen,31/1/2019 21:16,7.4,"Đợt vừa rồi mình đi uống thử Heekcaa nghe chị mình giới thiệu cũng ngon lắm , vào thì mấy bạn nhân viên giới thiệu món này , trà sữa trân châu trắng kem gì á mình quên tên rồi còn hình có bên dưới á , 50% đường và 30 % đá , công thức cho hết tất cả các loại trà sữa mình uống ^^ , trà đậm vị hương thơm trà rõ rệt , mùi sữa không át vị trà đặc biệt có kem vàng vàng béo cực , giống hệt phô mai lỏng vậy á , uống một hồi cái miệng béo béo như ăn nhiều dầu mỡ vậy ^^ , không gian quán trang trí cũng đẹp , sạch sẽ gọn gàng , nhưng mùi ở các phòng không toả hết lên được đây là một quán trà sữa , cảm giác như nhà ở bình thường hay mùi ở quán karaoke ý @@“ . Hay là do mũi mình có vấn đề . Trang trí đẹp nhưng hơi tù tù do chắc chiều ngang quán không có đâm ra hơi bị bí ( ý kiến riêng ) . Nhân viên đông , phục vụ bình thường . Túm lại , phần nhiều phụ thuộc vào sở thích và chất lượng thức uống mà có thể các bạn chọn quán !!Xem thêm",46
408,BNboss,29/12/2018 19:20,8.4,"Quán có không gian đẹp, đồ uống vừa miệng. Vị trí của quán hơi khuất nếu đi từ phía lộ vàoXem thêm",46
409,Cherry,17/12/2018 10:31,4.4,"Đang có kmai nên mình order qua now. Dịch vụ now rât tốt, rất nhanh.
Nhưng quán giao nước ko ống hút, trà trái cây ko có muỗng????
Vậy mình uống ntn???Xem thêm",46
410,Dinh Hue,10/7/2015 16:30,7.2,"Cuối tuần cả gia đình mình tụ tập đi ăn, không gian của Dìn Ký khá hợp với kiểu họp mặt gia đình, mấy đứa em nhỏ mình tha hồ đùa giởn, mọi người thì nói chuyện thoải mái. không gian cạnh bờ sông thoáng mát.
Điểm trừ đi bữa chiều tối: hiến máu cho muỗi ^_^.
Điểm cộng: đồ ăn tươi ngon, đa số các món đều ăn được, gia vị nêm nếm ổn.Xem thêm",47
411,Han Han,2/6/2015 10:01,6.8,"Thức ăn tạm được, ko quá xuất sắc, có đầy đủ dịch vụ hoạt động vui chơi phục vụ từ trẻ nhỏ đến người lớn. Được cái ngồi bên bờ sông rất thoáng mát, giá cả bình dân.Xem thêm",47
412,Đô Rê Mi,24/3/2015 17:20,7.4,"Không gian thoáng mát, tuy hơi nhỏ so với Dìn Ký lái thiêu.
Mình đi thứ 6 nên vắng khách, rất yên tĩnh, thoải mái.
Thuê phòng được miễn phí 1h karaoke, 1h đánh cầu lông, hồ bơi, xông hơi.
Thức ăn ngon, phục vụ tốt. Mỗi ngày đều có 1 món hải sản được giảm giá.Xem thêm",47
413,Long Phi Hà Thị,15/6/2014 0:24,7.4,"Đi nhìu lần rồi và quá sức hài lòng.Lẩu nấm và các món ăn khác ngon,phòng khách sạn quá ổn. Rất thích hợp nghỉ dưỡng,đổi gió.Muốn phục vụ món ăn tại phòng hay ra nhà hàng ngoài bờ sông đều đc
Khuyết điểm: khu hồ bơi nên dọn dẹp nhiều hơn, phòng xông hơi ko mở :(Xem thêm",47
414,foodee_0b84160e,9/7/2020 19:59,6.4,"Hôm nay mình có mua bánh su kem ở đây, bánh tròn to như cái chén vậy. Nhân bánh nhiều ăn ngán lắm! Chưa ăn được một nữa là no lắm luôn!!!Xem thêm",48
415,Mã Ngọc Minh,12/2/2019 10:51,8.4,"Mình mới từ Bình Chánh lên, thèm bánh mì nên ghé qua đây, bánh vẫn ngon như cũ.
Mấy bé bán bánh thì hiền khô luôn à!Xem thêm",48
416,Thảo Ngọc Linh,17/5/2016 20:57,7.4,"Bánh mì ở đây lúc nào cũng đông hết, chiều nay trời mưa mình ghé vô mua mà thấy đông khách
bánh mì bình thường thì 15k/ ổ, lớn thì 20k/ổ ( nhìn cái ổ bánh mì lớn là ná thở luôn ) bánh mì không là 3k/ ổ nha. ngoài ra còn có bán bánh kem, bánh ngọt, bánh mặn, bánh bao, bánh giò các loại nữa
nhân viên mình thấy bình thường, được cái làm nhanh tay, không phải chờ quá lâu
tiệm này bán nguyên ngày, lâu lâu mình có đi ngang đây thì ghé mua ủng hộXem thêm",48
417,Thuy Lam,3/2/2016 13:17,7.0,"Gần nhà, tiệm bánh to đùng,chất lượng khỏi bàn,ngon. Mới mở cách đây vài năm. Ớt ở đây giòn cay,nên thường bỏ rẩ ít ớt. Còn mấy loại bánh ngọt nữa, sáng ai bận đi làm gấp,ghé đây mua ổ bánh mì ,vừa ngon,nhanh.Xem thêm",48
418,Đại Nguyễn,3/11/2015 11:07,6.8,Tiệm này có bánh mì ăn ngon khỏi bàn rồiXem thêm,48
419,Thảo Ngọc Linh,22/12/2014 12:19,6.8,"Bánh mì nổi tiếng lái thiêu bình dương
15k 1 ổ. Tiệm lớn, nhân viên nhiềuXem thêm",48
420,Nguyễn Được,15/1/2018 14:51,7.0,"Bữa tối ấm cúng, cảm thấy hài long
Bữa tối ấm cúng, lần đầu tiên tổ chức sinh nhật cho mẹ, mẹ thích đơn giản thôi nên cả nhà đưa nhau vào đây ăn buffet lẩu.

Lần đầu mẹ vào nhà hàng thế này nên bỡ ngỡ, đã được các em nhân viên hướng dẫn và giới thiệu rất nhiệt tình, làm mẹ mình rất vui. Món ăn nào trên bàn buffet cũng thử nên chỉ ăn được một chút lẩu cuối bữa ăn.

Mình rất hài lòng về nhân viên phục vụ tại nhà hàng, các em rất nhiệt tình, đồ ăn ngon, cá nhân mình rất ấn tượng vì có rất nhiều gia vị chấm và có hẳn máy làm kem tươi tại nhà hàng luôn, tha hồ ăn.

Hẹn sẽ quay lại!

P/s: Mải ăn quá chỉ chụp được mấy ảnh này thôi.Xem thêm",49
421,Lan Nguyễn,10/1/2018 20:24,8.2,"Hôm nay mình vừa phát hiện ra 1 địa điểm ăn lẩu ngon mà giá lại khá rẻ. Mình đi cùng bạn trai, 2 người chọn ăn buffet sakura. Quán sạch sẽ nhưng có vẻ mới hay sao nên chưa đông khách lắm. Ở quầy nhiều đồ ăn, đa dạng và phong cách Nhật nên có chút khác với các bên bán buffet khác. Có mấy món bánh xèo Nhật và bánh gì mình không nhớ tên ăn khá ngon. Cơm cuộn cũng mềm, rau ăn lẩu thì được giữ mát nên tươi.
- Trên bàn buffet cũng hiều lựa chọn cho đồ ăn sẵn và đồ ăn lẩu, rau ăn lẩu ở đây khá là đa dạng, nhiều loại rau và mỳ ăn kèm.
- Bàn ở đây cũng đc chia ra, có bàn thì có 1 bếp ăn chung, có bàn lại mỗi người 1 nồi lẩu ăn riêng, khá là hay ho.
- Điểm trừ là đồ uống hơi ít, chủ yếu là softdrink, rượu nhật thì đắt, nhưng không sao, đi ăn này uống coca vẫn là ngon nhất.Xem thêm",49
422,Thảo Lê,2/1/2018 14:40,7.4,"Mình khá thích khẩu vị món ăn ở đây cộng với thèm sashimi dã man nên quyết định ghé lần nữa mặc dù lần trước không được hài lòng cho lắm

Nay mình ăn buffet Fuji. Ở đây có buffet sakura với fuji nhưng mà muốn ăn sashimi thì phải ăn Fuji, sakura chỉ có sushi thôi không có sashimi.

Nhìn chung là buffet Fuji ở đây khá nhiều đồ, có thịt bò, có hải sản, có sushi, có sashimi. Sashimi ở đây khá tươi ngon và đẹp mắt.

Lẩu ở đây thích lẩu chua cay, nước lẩu chua cay vừa miệng. ở đây được chọn 2 loại nước lẩu cùng lúc, đồ ăn lẩu thì thoải mái lấy tại bàn Buffet, đồ ăn lẩu gọi 1 lượt là thấy lo rồi.
Điểm trừ là nhà hàng đẹp nhưng hơi tối, vị trí hơi khó tìm. Lần quay lại này thấy khá hài long với nhân viên phục vụ tại đây.
À, ở đây còn có hẳn 1 cái máy làm kem tươi cho khách tráng miệng nữa đấy.Xem thêm",49
423,Đỗ Hưởng,2/1/2018 9:25,8.2,"Cả gia đình mình họp mặt nên chọn đi ăn buffet cho tiết kiệm, lúc đến Aeon không định vào cửa hàng này đâu vì thấy nó cứ tối tối thế nào ấy, nhưng mấy bạn nhân viên nhiệt tình quá nên quyết định vào ăn
Cảm nhận chung là thấy khá hài long về đồ ăn và dịch vụ.
Món ăn trên bàn buffet thì mình thấy khá giống với những nhà hàng khác.
Nước lẩu chua cay vừa miệng, rau nấm ăn thoải mái. Ấn tượng nhất là nước chấm lẩu ở đây, thấy bảo đây là loại nước chấm dành riêng cho lẩu Shabu, ngoài ra, sốt mè ăn cũng rất ngon, mình khác người nên rất thích ăn Sushi chấm với sốt mè.
Góp ý với nhà hàng là mỗi lần mang thịt ăn lẩu cho khách các bạn mang nhiều nhiều chút nha, các bạn mang ít quá cứ phải gọi nhiều lần.
Nhận xét chung thì giá cả so với số lượng và chất lượng món ăn là hợp lý, nhân viên lịch sự, nhà hàng rộng rãi sạch sẽ.Xem thêm",49
424,Mun Nguyen,28/12/2017 9:32,8.4,"Tự nhiên lên cơn vật thèm lẩu với Sushi, mò vào Aeon thì tìm được nhà hàng này. Ăn xong phải lên review ngay vì thấy khá vừa lòng.
Không gian: hơi hướng kiểu Nhật, nhà hàng này là nhà hàng Nhật, chỗ ngồi rộng rãi, thoáng đãi. Tuy nhiên hơi tối 1 chút, nhà hàng Nhật nào nó cũng tôi tối thế hay sao ấy.
Món ăn: Khá là nhiều so với mức giá. Mình ăn suất Buffet KM còn 174k, được ăn tất cả đồ trên bàn Buffet và được gọi mấy loại thịt có trong suất đó để ăn lẩu.
Món tráng miệng, khai vị khá nhiều, giống với đa số những quán buffet khác. Thích nhất là ăn lẩu, rau nấm, ngao, mì...ăn thoải mái, ăn no nê thì thôi. Thịt cũng thế, nhưng vì mình chọn suất rẻ nhất nên thịt không đa dạng.
Nhân viên: nhiệt tình, gọi đồ ra đồ nhanh
À quên, Sushi ở đây tuy ít loại nhưng ăn ngon lắm. Sushi mềm, ngọt. Mình thích ăn sushi chấm sốt mè nên thấy rất vừa miệng.
Nói chung là với giá 174k thì mình đánh giá quán ổn, đồ ăn ổn, nhân viên ổn, lần sau sẽ thử suất đắt hơn có nhiều sushi với sashimi hơn, và có thêm hải sản để ăn lẩu xem sao.Xem thêm",49
425,Ken Trieu,14/8/2022 22:15,10,"Đầu tiên tôi vào đã được chăm sóc rất tốt, tiện lợi là toàn bộ dịch vụ cưới, không phải lo nhiều. Tiệc của tôi đúng vui và chi phí hợp lý luônXem thêm",50
426,foodee_9e2fc49c,25/6/2020 9:12,7.4,"Mình đã dự tiệc ở đây nhiều lần rồi món ăn rất là ngon,không gian sảnh đẹp và bãi gửi xe rất là rộng, nói chung là ok.Xem thêm",50
427,Trọng Hiếu,3/8/2018 16:53,8.8,"Công ty mình nhiều lần đã đãi tiệc ở đây, và mình cũng dự đám cưới ở đây 3 lần rồi, không gian sang trọng, nhân viên lịch sự, xe máy để dưới tầng hầm nên rất mát mẽ, hình như Nhà hàng có nhiều sảnh, mình hay dự tiệc sảnh trên lầu 2 trang trí tông màu tím rất bắt mắt, sân khấu cũng đẹp hơn nhiều, món ăn ngon, đậm đà, nhất là món gà tiềm và giò heo muối chiên giòn...Xem thêm",50
428,Thúy Bình,3/8/2018 15:26,9.2,"Mình vừa mới dự tiệc cưới ở đây, sảnh trang trí sang trọng, món ăn ok, có bãi đậu xe máy dưới tầm hầm, phục vụ nhiệt tình nhanh nhẹn, theo như mình tìm hiểu thì giá cả ở đây phải chăng, có nhiều mức giá đáp ứng được nhiều nhu cầu, tùy theo thu nhập của mỗi ngườiXem thêm",50
429,Ken Nguyễn,24/7/2018 11:13,4.2,"Chào tất cả mọi người!!!
Mình lên đây để viết những dòng này vì mình không thể nuốt trôi cái cục tức mà cái nhà hàng này mang lại. Cũng như bao nhiêu người khi đám cưới thì rất cẩn thận chọn nhà hàng để tổ chức một ngày trọng đại được trọn vẹn, nhà vk mình đã thử ăn ở đây 2 lần và thấy rất ok nên mới tin tưởng và quyết định chọn Rosa place để làm tiệc cưới cho bọn mình vào ngày 22-7-2018. Nhà mình bỏ ra gần 3tr/bàn, và mọi thứ diễn ra khá ok từ khâu tổ chức nhưng riêng phần thức ăn thì không thể chịu nổi, mòn gà bó xôi thì rất nhiều bàn khách không thể nuốt nổi vì gà có dấu hiệu hư và ôi thiêu, cá cam sốt cà thì dùng siro cam làm nước sốt, lúc tại nhà hàng mình lo tiếp khách thì không để ý, nhưng vào ngày 23-7 thì bạn bè cty bà xã mình đều nói là đồ ăn không ăn được, mòn gà thì hư, và có người còn bảo bọn mình đặt kiểu rẻ tiền, bọn mình giờ đang rất xấu hổ với mọi người vì cái nhà hàng này. Vậy nên ai có ý định đặt thì cứ tránh nó ra.Xem thêm",50
430,Thục Đan,23/5/2017 21:55,7.4,"Chủ nhật có đám cưới đồng nghiệp ở đây. Vì không gian có nhiều màu tím nên thích, ăn chút xíu là đi chụp hình ngắm cảnh.
Về món ăn: Mình rất hài lòng món gà quay và xôi. Còn món đà điểu xào lăn thì không biết có phải đà điểu hay thịt heo nhưng cứ con vật gì lạ là mình không có ăn. Thấy mọi người ăn nhiệt tình, dùng sốt với bánh mỳ thì chất lượng chắc cũng ổn.
Về không gian: có nhiều sảnh, rộng rãi và trang trí đẹp mắt. 
Về phục vụ: Nhân viên nhanh nhẹn và nhiệt tình
Về nơi giữ xe thì rộng rãi
Về giá cả: Bàn tiệc giá 3 triệu hình như giá thấp nhất rồi
Nơi đây nếu tổ chức tiệc cưới là địa điểm lý tưởng
Còn mình gợi ý thêm nếu bạn nào từ Sài Gòn xuống đây dự tiệc thì nên đi sớm vì đường gần khu vực này hay tắc.Xem thêm",50
431,Wiliam Mina,27/8/2019 15:18,2.2,"Mình khá thích quán này vì không gian đẹp mát
NV phục vụ khá tốt 
Nhưng nay gặp e nay thì thôi chừa k quay lạiXem thêm",51
432,Ái Quân Lê,3/5/2019 16:41,4.6,"Giá mềm, quán mát mẻ 
Phòng lạnh mà lại có ruồi nên khá khó chịu
Trà sữa ổnXem thêm",51
433,Trang Huyền,21/10/2017 21:59,6.0,"Quán mình cũng thường ghé nhưng nay mới nhớ chụp hình để review
Không gian: quán vừa ngồi trong vừa ngồi ở vỉa hè, khá thoáng mát, sạch sẽ. Gần trường  THPT Trịnh Hoài Đức
Chất lượng: nói chung nước uống khá đa dạng, có đồ ăn vặt, kem khá ngon
Trong hình:
- Soda táo xanh
- Kem cuộn chocolate
- Gà xiên
- Phô mai que
- Tôm viên
- Cua viên
- Ốc nhồi hải sản
Giá cả: giá sinh viên, khá rẻ, các bạn có thể tham khảo menu
Nhân viên: phục vụ nhiệt tình, chu đáoXem thêm",51
434,Anh Đong,31/10/2016 15:18,7.2,"Được bạn dẫn đi uống quán này nên giờ mới biết lun í. Quán này nhỏ lắm nên hơi nóng xí nha. Nước uống cũng tạm được thui hà chứ theo mình ko ngon lắm đâu. Có đồ ăn vặt tại quán lun nên cũng khá thích nè. 
Chủ quán nhiệt tình dễ thương lắm. Có thể lâu lâu mình sẽ ghé đến quán.Xem thêm",51
435,Dương Nguyễn,6/8/2016 12:04,5.6,"Nằm trên đường CMT8, nhỏ, không thấy bảng hiệu, khó tìm.
Nước uống bình thường, tuy giá học sinh nhưng mình vẫn không cảm thấy phù hợp
Mình có gọi thêm vài xiên ăn vặt nữa, 10k mỗi xiên, trình bày kém bắt mắt.
Quán chỉ ưng mỗi nhân viên phục vụ.Xem thêm",51
436,van nguyen,9/6/2016 15:48,8.0,"Đã ăn hạt trái cây ở nhiều nơi, nhưng thích nhất hạt trái cây ở quán này, theo mình biết quán tự làm theo công thức riêng. Nhìn dàn nguyên liệu sịn trên kệ nên khỏi phải bàn về chất lượng. Vote cho quán. Thích nhất món trà sữa béo ngậy thơm ngon.. giá phù hợp mọi người.Xem thêm",51
437,Hoang Uyen,1/6/2016 22:23,9.0,"Nhỏ bạn rủ uống vài lần, giờ ghiền roài. thức uống ngon, sạch sẽ, phục vụ nhanh. nghiện nhất món trà sữa béo ngậy. hương vị trà ở đây rất đặc biệt ko giống như những chỗ khác. Hôm nào đi ngang là ghé làm 2 ly mang về. Ai mê trà sữa có thể ghé qua check thử..Xem thêm",51
438,Khánh Khánh,5/9/2018 16:09,8.0,"Được nhỏ bạn giới thiệu bún đậu ở đây ngon rẻ nữa nên cúi tuần rồi có đi ăn thử xem sao vì cũng gần nhà nè. Một mẹt bún đậu bự chà bá luôn ha. Đậu chiên giòn, thích nhất chả cốm dai dai sực sựcXem thêm",52
439,Nhật Diệu Nguyễn,1/9/2018 10:06,7.8,"Quán mới mở mà ngay con đường đang sửa nên hơi bụi, nhưng anh chủ quán cũng nhiệt tình lắm, khách vào là lau hết một lượt bàn ăn để mình ngồi cho thoải mái. Hi vọng đường sửa xong sớm, sẽ đông khách hơn.
Mình đi 3 người ăn 1 phần bún đậu thập cẩm, rồi kêu bún thêm ăn lòng, nem rán, chả cốm cho đã. Ăn no nê hết hơn 300k thôi, đáng đồng tiền bát gạo.
Đồ ăn chuẩn vị Bắc, nói chung là ngon, nếu góp ý thì mình góp ý là đậu rán hơi cứng 1 chút, còn lại đều ổn.Xem thêm",52
440,thu,21/8/2018 19:05,10,Mắm ngon. K bị tanh. Chả cốm béo dẻo lắm luôn.  1 mẹt 55k đầy ặc luônXem thêm,52
441,Tinh Tran Van,21/8/2018 16:00,10,55k mà hẳn 1 mẹt đầy luônXem thêm,52
442,Thu Cuc Nguyen,20/8/2018 21:22,8.4,"Mình đã ăn ở quán r, bún đậu rất ngon nha mn, chủ quán dễ thương, vui vẻ nhiệt tình lắm... 😘😘Xem thêm",52
443,Ngoc Tram Le Thi,3/6/2019 16:23,9.4,Món ăn ở đây thật tuyệt!Xem thêm,53
444,quang123,30/9/2018 10:02,8.4,"Đã ăn ở đây nhiều lần, món Mỳ quảng vừa miệng, ăn kèm nước chấm với gia vị đi kèm rất ngon. Bún cá cũng ngon👍. Rau sạch và tươi. Đặc biệt không gian nhà gỗ ấm cúng tạo cảm giác như đang ở Hội An..🙂Xem thêm",53
445,Thông HồngAnh,30/5/2018 14:27,9.6,Mình là người miền Nam nên những món miền Trung mình tương đối ít ăn . Tình cờ mình thấy quán ăn này trên đường mình đi . Ghé vào ăn thử thì mình thấy đồ ăn khá ngon và lạ miệng. Có nhiều món mình chưa ăn bao giờ và khá hài lòng. Mình nghĩ mình sẽ thường xuyên tới đây.Xem thêm,53
446,Nhung Đỗ,30/5/2018 14:12,9.4,"Tôi tình cờ thấy review quán ăn này trên mạng nên tôi tới ăn thử. Món Mì Quảng thập cẩm làm tôi rất hài lòng, nếu có thời gian mọi người nên tới ăn thử, không gian đẹp, cô chủ quán vui tính.Xem thêm",53
447,Sang Sang,30/5/2018 14:02,9.2,"Mình thấy món ăn của Quán khá ngon và lạ miệng. Mình cũng thích không gian quán, với tone gỗ mình rất thích cảm giác ngồi ăn vào buổi đêm.Xem thêm",53
448,Linh Gia,29/4/2020 17:16,7.4,"Mình uống ở quán này cũng ngót nghét chục năm rồi 😂 trà sữa của quán ngon, thơm mùi trà, trân châu tím đặc biệt dai dai và thơm. Mì cay ở đây khá ngon, nêm nếm vừa ăn, topping cũng nhiều so với mì cay Kim thì giá hợp lí hơn. Mình uống ở đây từ lúc mẹ của chị chủ bán, quán lúc nào cũng đông khách và cũng có tiếng ở Lái Thiêu tuy nhiên những năm nay thì đổi cho chị con gái bán -.- thái độ của chị không niềm nở với khách cho lắm không biết là do đông quá hay sao mà mặt chị căng đứt dây đàn với dễ quạo :))Xem thêm",54
449,Huỳnh Thư,27/7/2019 22:10,1.0,"Giá bình thường. Không thân thiện. Thường thì thầm to nhỏ nói xấu khách. Đồ ăn thức uống tạm. 
CẢNH BÁO : Không làm nhân viên quán này. Lương tầm trung nhưng khối lượng công việc nhiều. Cái sàn nhà chỗ pha chế với nấu ăn ngày bắt lau cả trăm lần. Order thì đa số là nhân viên làm. Từ khâu đổ rác giặt khăn hay dọn bàn bưng đồ ăn đều cho nhân viên làm. Thấy nhân viên ngồi rảnh thì bắt tìm việc cho làm chơi ))) Quán đông làm món lộn các kiểu thì quạo với nhân viên. Quán vắng cũng than rồi đì nhân viên. LỄ TẾT LƯƠNG KHÔNG NHÂN GÌ CẢ. LÌ XÌ CŨNG RẤT BÈO !Xem thêm",54
450,Trang Mieu,17/4/2019 0:17,8.0,"Mỗi lần ghé BD mình đều uống hồng trà, trà sữa A Đạt. 
- Quán có trân châu nhà làm màu tim tím rất ngon. Trân châu mới mềm, dẻo. (Để tủ lạnh qua ngày sẽ bị cứng, nên uống liền ngon hơn)
- Hồng trà với mình hơi ngọt tí. Thêm nhiều sữa không đường sẽ thành trà sữa, vừa thơm ngon.
- Mình chỉ quen uống hồng trà nên chưa thử các món khác, nhưng thấy cũng nhiều ng order nhiều món (socola, yaourt, mật ong chanh,...)
- Hồng trà nay tăng giá 20k.
- Quán khá nhiều bàn, một bên chủ yếu bán mang về, một bên là quán uống tại chỗ, có máy lạnh đông đúc, có thêm nhiều món ăn như mì cay và các món ăn vặt.
- Chỉ có một điểm nhỏ là hình như khách đông nên chị và cô bán quán ko vui vẻ, thân thiện lắm, luôn tay bán.Xem thêm",54
451,Nhiễu Sự,22/1/2018 8:10,6.0,"Tối CN rảnh rang không biết làm gì nên đi kiếm kem. Vừa hay thấy quán này nhỏ nhỏ xinh xinh nên tấp vào sau vài vòng dạo quanh chợ Lái Thiêu. 
Công nhận quán decor dễ thương, ấm cúng. Ngồi bên trong rất thoải mái, nhất là khi trời mưa, bạn nào thích ngồi lề đường, cũng có ngay 2,3 bàn ngoài thềm luôn. 

Mình khá kén ăn, không thích mùi sữa nên gọi thử 1 viên kem cam thôi, xem ngon không mới order tiếp.

Bạn mình gọi kem bánh flan 30k/ phần. 
Lúc bạn phục vụ đem ra mình thấy có 1 viên kem chocolate thì có hơi ngạc nhiên, định nói phục vụ nhầm rồi, là 1 viên kem cam chứ. Nhưng nhìn kỹ mới thấy 1 lớp bánh flan mỏng dính lót bên dưới viên kem nên hiểu ra đấy là kem bánh flan ạ. Sốc toàn tập. Viên kem bằng 2/3 quả bóng tennis với tẹo flan mà 30k. Suýt ngất. Kem ký thôi mà. 
Kem cam có 1 viên kem cam. Đúng bài. Không có gì hơn. Được cái rưới sốt sicula ra hình trái tim. 
Mình ngồi cỡ 15' xong đi về. Ghé Nàng Cua Bakery ở Hà Huy Giáp mua 1 cái mousse chanh dây với bánh flan về ăn an ủi tâm hồn. Kết thúc tối CN lãng mạn ở quán A.Đạt.Xem thêm",54
452,zero nguyễn,2/12/2017 21:13,8.4,"Mình uống ở đây cũng nhiều lần rồi. Lúc trước nó ở chỗ khác, bây giờ đổi rồi. Một ly trà sữa mình mua khá đắt đối với mình. Có thể bỏ cả bánh flan nữa. Bây giờ nó bán được, đông khách rồi bắt đầu chảnh. Khách ghé mua thì bắt phải bước vào. Không đem ra. Phục vụ thì tạm được. Mình thường mua về nên ko cập nhật được quán có sạch sẽ không (xin lỗi nhiều ạ). Có thể trà sữa sẽ hơi ngọt với một số bạn. Về vị trí thì ngoài mặt tiền đường nên dễ kiếm lắm. Không gian hơi nhỏ.Xem thêm",54
453,Phươngg Nguyễnn,25/4/2017 21:28,7.8,"Quán trang trí rất đẹp, sống ảo ở đây rất ok.
Nước ổn, k đặc sắc nhưng cũng k tệ.
Chỉ là k phù hợp để tâm sự, học hành hay làm việc. Vì  k phải phòng kín, k nhiều ổ cắm, khá ồn ào.Xem thêm",54
454,Dan D,24/2/2017 16:28,9.0,"Before leaving Vietnam we came across this Tra Sua shop, it was very busy and thought we'd give it a try. All I can say is WOW! It's the best we've ever tasted!!! We will definitely be back next time we're back in Vietnam. Drooling just writing this review. :PXem thêm",54
455,Thao Trinh,22/12/2018 9:08,7.4,"Đi đâu ghé Highlands cũng trà xanh đậu đỏ, mình bị thích món này ở đây rồiXem thêm",55
456,mỹ lộc,6/12/2018 12:18,8.4,Mình đã có dịp ghé cũng khá nhiều lần quán này ưng một cái là view đẹp lúc nào cũng chọn những góc đẹp của khu vực đấy. Còn về thức uống thì khỏi bàn những loại thức uống về đá xay cực kì ngon và dễ uống topping thì hình như sương sáo hay gì đó cũng không rõ nữa. Còn về cafe đá thì cực kì đậm và thơm vì ở đây người ta xay cafe nguyên hạt để pha nó có vị thật khác so với cafe uống những chỗ khác. Đặc biệt ai muốn không buồn ngủ thì cứ việc uống cafe này vào chắc sẽ như ý muốn. Ngoài r quán có các thức uống khác nhưng đa phần cafe chủ yếu. Menu thì không nhiều thức uống như các quán khác nhưng được cái chất món nào ra món đó. Giá cả cũng hợp lí chứ chưa đến nổi đắt với lại với những quán có khu vực trung tâm view đẹp thì giá như vậy là ổn so với mặt bằng. Quán có khá nhiều chi nhánh nhưng thường thấy ở các siêu thị hoặc 1 lô góc ở 1 đường nào đó. Mình nghĩ quán này cũng khá cũ chắc hẵn nhiều người đã biết. Nhưng đây là cảm nhận riêng của mình thôi. HihiXem thêm,55
457,Đặng Thanh Tâm,28/11/2018 11:07,5.0,Nhà mình hơi xa với ở đây nhưng lâu lâu đến siêu thị chơi thì lại ghé highlands uống vì ở đây làm nước rất nhanh bọn mình vừa tìm đc chổ ngồi thì chuông rung báo có nước rồi . Riêng mình và đám bạn mình thì rất thích món trà xanh này ở đây.  Nhân viên lại còn rất vui vẻ và nhanh nhẹn mình rất hài lòng.Xem thêm,55
458,Marvin Nguyen,23/11/2018 19:58,6.0,"Chi nhánh này mình thấy cũng khá rộng rãi, thoải mái, dễ tìm vì nằm ngay tầng trệt của khu trung tâm. Mình có thử qua món trà Sen Vàng, cảm thấy vị ngọt vừa phải, thơm trà và béo của sữa trong thức uống. Menu khá đa dạng cho bạn lựa chọn, gồm thức uống từ trà và nhiều món bánh ngọt tráng miệng. Nhân viên phục vụ nhanh, vui vẻXem thêm",55
459,foodee_39b3e28f,11/10/2018 20:10,4.2,"Hôm nay tôi cùng bạn đi uống cafe highlands. Thái độ phục vụ của nhân viên order thật ko dám khen.  Nhất thời quên mất tên của ly nước, nhưng tôi đã chỉ vào hình, nhân viên nhất quyết bắt tôi đọc tên mới ghi thay vì gợi ý cho tôi tên của ly nước, làm tôi mất mặt trước bạn bè. Đó là cách highlands huấn luyện để phục vụ khách sao? Tôi xin nhấn mạnh là tôi bỏ tiền ra mua chứ ko xin xỏ của ai. Từ nay về sau tôi ko dám bước chân vào highlands nữa.Xem thêm",55
460,Duy Thanh,18/8/2018 14:52,8.0,"Trước giờ mình quen uống trà thạch đào, nhưng hôm kia thử món cookie xay. Không hiểu sao ghiền luôn rồi :((
Quá cuối tuần rất đông khách có khi ko còn chổ ngồi huhu
Nhân viên đông ma làm nước hơi lâu xíu.Xem thêm",55
461,zero nguyễn,3/2/2018 20:59,8.6,"Vì mình uống loại cũ nên mình sẽ nhận xét cái đó. Mình gọi món Caramen Freeze. Mình thấy vị nó giông giống với cà phê và rất ngon. Size là dạng vừa, giá hình như khoảng 59.000 đ. Về không gian thì nó cũng giống GongCha. Bạn nào uống ở GongCha thì chắc cũng biết. Nhỏ nhưng mà có cảm giác ấm cúng, yên tĩnh lắm. Nhân viên thì cũng tạm tạm thôi. Vị trí rất dễ kiếm. Ở đây có bánh quy trà xanh nghe thầy cô cũ của mình nói là ngon lắm mà hơi mắc so với kinh tế của mình. Mình chỉ nói thế thôi. Thực đơn vẫn còn nhiều lắm mà mình thấy cái đó hợp với mình nhất.Xem thêm",55
462,Nga Móm 1223,1/2/2018 16:00,8.4,"Trà sữa ngon nhưng hơi nhạt, 1 matcha freezee ly vừa mà uống không hết luôn, giá cũq rẻ tầm 49k/1 ly vừa. Sẽ ủng hộ Highlands Coffe dài dàiXem thêm",55
463,Khanh Khanh,9/8/2017 0:23,8.0,"Chi nhánh highlands này nằm ở tầng trệt của aeon bình dương, mình đến buổi sáng thì thấy khá vắng vẻ. Order cafe sữa đá lớn 39k, nước suối 10k. Không gian ở đây khá rộng, giữ xe miễn phí bên ngoài, nhân viên nhanh nhẹn và vui vẻ.Xem thêm",55
464,Hoàng Linh,2/8/2017 9:56,6.8,"• Thoáng, nhiều bàn. 
• Không ồn ào, hỗn loạn như các cn Hghlands khác. 
• Nhân viên khá lịch sự.
• Mình có cảm giác đồ uống ở cn này pha chế lúc nào cũng ngot hơn ở trên SG 1 chút nên uống nhanh ngấy hơn thì phải.
• Bánh Tiramisu ko được ngon lắm, 19k. 
Nhưng nói chung khá hài lòng vì ngồi cả buổi làm việc hay bàn chuyện đều thoải mái vì ko quá ồn ào mà kgian thì lại thoáng.Xem thêm",55
465,Trâm Phạm,2/2/2020 21:22,6.2,"Địa điểm đẹp, lại gần trung tâm nên dễ tìm và có chỗ đậu xe cũng to. Nhân viên phục vụ nhiệt tình, dễ thương từ bạn thu ngân đến chú bảo vệ. 
Nhưng mà buồn vì ở Highland còn dùng nhiều đồ nhựa quá, mình hy vọng trong thời gian tới uống tại quán thì Hệ thống Highland sẽ có ly thủy tinh và muỗng inbox thay cho đồ nhựa, còn ống hút thì hạn chế dùng bằng cách ai dùng thì lấy hoặc đổi sang các loại ống hút có thể dùng nhiều lần thì quá tốt luôn. Ngoài ra quán hơi đông nên đôi khi bị ồn, nhưng cái này mình không quá khắc khe đâu.Xem thêm",55
466,Trung Nguyen,30/1/2019 10:36,7.4,"Nay sáng phởn cà rê với bạn vào highland , lần đầu mình vào quán này luôn , không gian thoáng mát , ánh sáng ngập tràn , nhân viên thì mình cũng không rõ vào sau chị mình gọi nước sẵn rồi , mình dùng trà thạch đào ( không đề rõ là trà sữa hay gì , uống thì khuấy đều lớp trắng bên trên với lớp trà bên dưới trông thành trà sữa đào lắm ) vị cũng bình thường , rất béo khi uống vào thì cảm thấy béo ngậy rõ rệt , đào hơi mềm xíu xiu nhưng không phải đào lon ^^ , mọi thứ đều ổn , trừ trần nhà , không biết do thiết kế nó vậy hay là do đưa vào hoạt động rồi nên ngại sửa chữa . Chung quy lại địa điểm đẹp , thức uống ổn ^^Xem thêm",55
467,Yen  Nguyen,19/1/2019 22:27,6.8,"Quán nằm góc gần bùng binh khu trung tâm thị xã Thủ Dầu Một, địa điểm lý tưởng và view đẹp. Có thể ngắm Nhà thờ nổi tiếng - biểu tượng nhiều bạn trẻ hay check in khi đến Bình Dương.
Trưa thứ bẩy quán đông nghẹt, chỉ còn 1 bàn nhỏ duy nhất ở bên trong máy lạnh.
Nước pha bình thường, lạt lắm chỉ thấy vị chát chứ không thấy vị thơm của trà mấy. 4 miếng đào tươi mỏng, nước không bao nhiêu mà toàn là đá thôi. Ly vừa 49k tính ra giá cao mà chất lượng không tương xứng.
Gần Tết nên mẫu thiết kế ly khá đẹp.
Chờ nước khoảng 10 phút, nhân viên dễ thương nhiệt tình.Xem thêm",55
468,uyenpyn,21/11/2018 15:21,8.8,"Nằm ngay trung tâm nên quán lúc nào cũng đông, quán rộng, mát lạnh luôn nha ^^
Mình thử gần như hầu hết các loại nước ở đây rồi
Trà ngon, đào giòn.... 
Freezy mình thấy càng ngày càng không ngon như trước 
Coffee ngon, đậm đà, thơm nữa 
Latte trà xanh, mình uống không được vì cái vị trà xanh nồng kinh khủng hay tại mình không biết dùng hihj
Trà xanh đậu đỏ thì trà xanh chưa được tan hết nên thấy không ngon lắm
À còn bánh mình mới thử đây là lần đầu, cảm giác béo lắm luôn í nên ai thích béo thì must try nha ^^Xem thêm",55
469,Dương Nguyễn,5/5/2018 15:54,7.8,"Cả nhà về thăm ông bà. Vị trí ngay trung tâm nên quán lúc nào cũng đông. Decor mình thấy không đẹp bằng mấy quán trên tp.Hai e mình mê matcha lắm còn mình thì thấy bình thường. Mình hay gọi choco, caramel còn không là cacao. Nước ở đây pha đậm vị, bánh cực ngon, must try luôn nha, mình sẽ ghé lại để thử thêm các vị khác. À còn nữa 2 bác bảo vệ nhiệt tình đáng yêu lắm, điểm cộng to đùng ❤️Xem thêm",55
470,Phillip Tran,14/4/2018 20:35,5.8,"Hôm nay mình chất lượng không ngon như lúc trước. Không có vị trà xanh, toàn là đá xay thôi. Mong cửa hàng cải thiện.
Ngày 14/4 vào lúc 8:30Xem thêm",55
471,Dương Nguyễn,23/3/2018 8:15,8.0,"Mình mua về cho nhà, ai cũng khen ngon hết, ưng nhất là cacao có vị bạc hà the the, thạch trắng dai hơn thạch đen rất nhiều, mình đi tầm trưa mà quán đã rất đông, chú bảo vệ rất đáng yêu luôn, siêu nhiệt tìnhhhh ❤️Xem thêm",55
472,Bong Hana,29/11/2017 21:28,7.2,"Uống ở Highland chỗ này lâu lắm rồi mà giờ mới viết review. Trong những chi nhánh Highland ở Bình Dương mà mình từng uống thì Highland Ngã sáu pha nước ngon nhất, ngon hơn mấy chi nhánh ở Chợ Đình, Aeonmall và đối diện Becamex.
Hôm bữa thấy Highland ra hai món freeze mới nên hôm nay đi uống thử. 
🌻Freeze Cacao size nhỏ - 49k: uống ngon nha. Mùi cacao thơm đậm cực kỳ, có chút đắng nhưng trung hoà với vị ngọt. Có thoang thoảng mùi the the của bạc hà nữa. Lớp kem cũng ngon. Phía dưới đáy là thạch và trân châu trắng. Nhưng lúc mình đi mua hết trân châu trắng nên được bỏ nhiều thạch. 
🌿Mình chỉ thắc mắc là freeze cacao nó khác freeze chocolate chỗ nào ? Vì rõ ràng mùi vị na ná nhau nhưng freeze chocolate đắng hơn tí xíu thôi. Có khác thì khác topping bỏ vô thôi à. 
🌻Bánh mì thịt nướng - 19k: thịt ướp vừa ăn, bánh mì nóng giòn. Mình hay kêu combo phin sữa đá và bánh mì thịt nướng để ăn sáng. Ngon mà giá cũng chấp nhận được. 
🌻Trà thanh đào size vừa - 49k: uống ổn. Thơm mùi sả và siro đào. Chát chát mùi trà. Miếng đào ăn hơi mềm. Vô highland mà không biết kêu món gì thì mình hay kêu trà thanh đào. Nó ngon và không ngọt béo ngấy như thạch đào. 
🌻Bánh chuối - 29k: lạt, ăn chơi chứ không ngon. Bánh ở Highland mình thấy dở. Chỉ có một vài loại ăn ổn như bánh lá dứa, bánh phô mai cà phê và bánh chuối. Những loại bánh mới gần đây như mouse trà xanh, chanh dây gì đó dở lắm.Xem thêm",55
473,Khanh Khanh,9/8/2017 0:11,8.0,"Chỗ view bao đẹp bao đắc địa, nằm ngay nhà thờ luôn, 3 mặt là mặt tiền đường nên sáng sủa lắm. Mình order 2 cafe sữa đá lớn 39k/ly, uống ngon và đậm đà. Buổi chiều cuối tuần nhưng quán không quá đông. Nhân viên nhanh nhẹn lịch sự. Wifi mạnhXem thêm",55
474,Trang Huyền,31/7/2017 21:14,6.0,"Không gian: mát mẻ tuy nhiên khu vực trung tâm nên thường full bàn 
Giá cả: phù hợp với chất lượng
Chất lượng: mình đặc biệt thích một số loại trà mới ra như trà dưa hấu, trà táo, bánh ngon
Nhân viên: nhiệt tình chu đáoXem thêm",55
475,Binh Phan,4/5/2018 12:03,7.0,"Nước pha uống được , quán cần thêm dịch vụ giao hàng delivery now cho khánh hàngXem thêm",55
476,Su Em,26/1/2018 19:06,10,NgonXem thêm,55
477,Yui Hirasawa,22/12/2017 17:43,4.6,"Cà phê gói ở đây mua đợt này là lần thứ 3 rồi mà đợt này khác so với đợt trước, cà phê nhạt hơn, đắng hơn không có thơm gì cả. Nhớ 2 đợt trước mua thơm hơn mấy loại cà phê hoà tan khác nhiều :((Xem thêm",55
478,Hoa,14/9/2017 20:26,5.0,"Cuối ngày chở thằng cháu đi chơi. Thấy quán Highlands Coffee trong Big C Dĩ An có cảnh thật thoáng mát, được trang trí logic, đẹp mắt. Lần đầu tiên vào quán này, cảm giác dễ chịu, yên tĩnh, tìm được cảm giác thư thả sau 1 ngày làm việc vất vả, phong cách phục vụ cũng tận tình, chu đáo. Nên tìm những chỗ thế này để thưởng thức những ly cà phê ngọt ngào, làm vơi bớt đi những gì muộn phiền trong lòng. Những chuyện đã qua hãy để nó qua đi, hãy sống và thưởng thức những gì đang ở hiện tại :)Xem thêm",55
479,HT Lan Anh,13/9/2017 17:53,3.8,"Không biết các món khác như thế nào nhưng capuchino đá say thật sự rất tệ. Mùi vị nhạt nhẽo, đắng, không có kem, quá lỏng, nó hơi ấm hơi lạnh. Nói chung là tệ,  chưng bao giờ tôi uống một ly capuchino dở đến như vậy.Xem thêm",55
480,Thương Huyền,25/10/2016 13:32,5.6,"Quán nhỏ, nằm ở TTTM nên hơi ồn. Khá nóng. Chất lượng phục vụ tốt. Đồ uống không có gì ấn tượng. Giá cũng tầm trung.Xem thêm",55
481,Thục Đan,21/10/2016 14:21,7.0,"Sau khi đi ăn tiệc sinh nhật sếp thì ghé BigC mua đồ với sếp.
Cô ấy mời mình và đồng nghiệp uống coffee ở Highlands. Quán nằm cạnh cửa ra vào của siêu thị và không gian quán nhỏ, đơn giản. 
Hôm mình đi thì không đông khách vì khách thường ghé mua và mang về.
Thú vị ở chỗ là nhân viên phục vụ nghĩ đồng nghiệp của mình là người nước ngoài nên nói tiếng Anh. Vậy là đồng nghiệp mình cũng trả lời tiếng Anh luôn. Mình ghé quán trễ hơn chút nên gọi thêm 1 Latte. Khi đèn báo nước đã được chuẩn bị tụi mình lại quầy pha chế lấy thì bị thiếu.
Một bé thì giải thích xin lỗi bằng tiếng Việt. Bé khác thì nghĩ tụi mình người nước ngoài nên giải thích bằng tiếng Anh.
Dù thấy khá buồn cười nhưng mà mình rất hài lòng vì thái độ phục vụ.
Còn đây là lần đầu tiên mình uống ở Highlands dù mình biết tới thương hiệu này lâu rồi. Mình cũng thấy nước bình thường chứ không thực sự khiến mình ấn tượng.Xem thêm",55
482,Thành Lê,19/12/2021 9:43,1.0,"Dịch covid thì  việc order nước giản cách ra, 3-4 người xếp hàng thì chịu. Tôi lưot mình thì có ông kia nhảy lên trước,***ko cần nhìn cứ bảo ông kia tôi trước. Chịu cách làm việc. 
Quảng cáo thành toàn shoppee pay,momo, đến lúc thành toán thì ko đc. Uống cafe lúc 10h12 mà ko mở máy lạnh,nóng hơn bên ngoài. 
 Ngồi đợi nước hơn 15'Xem thêm",55
483,VAN VAN,3/11/2020 11:58,4.2,"Đây không phải lần đầu tiên order tại Highlands Coffee chi nhánh Phú Lợi, Bình Dương Square.
Tại sao quản lý không bọc màng thực phẩm trước rồi đậy nắp để tránh tình trạng nghiêng đổ? Vẫn cho shipper giao đến tay khách hàng. Thức uống văng tung tóe lên nắp lần nào cũng như vậy cả. Gởi lời góp ý chân thành đến cửa hàng cũng như hệ thống.Xem thêm",55
484,HN,11/5/2020 21:31,1.0,"Mình uống Highlands rất nhiều lần rồi, cực kì ưng ý. Nhưng lần đầu mình uống ở đây, nhân viên làm mình tức điên vì thái độ, muốn gọi quản lý xuống ngay lập tức. Mình ngồi khu vực có camera nếu các bạn quản lý tốt, hãy email cho mình, mình sẽ phản hồi lý do mình đánh giá như vậy. Nếu đánh giá này vẫn còn thì các bạn vẫn chưa chăm sóc khách hàng tốt.Xem thêm",55
485,Hiền Mỹ,9/11/2018 8:37,9.8,"Chất lượng rất tuyệt vời. View quán lại đẹp nữa, không những vậy, nhân viên phục vụ rất tận tình và chu đáo.Xem thêm",55
486,Phương Dung Bùi,29/10/2018 15:35,5.6,"Mình đặt hàng trên Now và cũng đã mua trực tiếp tại quán. Về thái độ phục vụ và chất lượng khá ok. Thấy mọi người hay chê Freeze Matcha nhưng riêng mình thấy khá thích loại này. Nếu thạch giai hơn thì ok, kiểu cho thêm gelatin trong quá trình nấu ấy. Điểm trừ là quán không cho đậu xe trước cửa mà bắt mình phải gửi ở Coopmart rồi đi bộ lạo do sợ đậu vỉa hè công an ý kiến thì phải. Vấn đề là các bạn nhân viên thì để được, còn khách hàng lại phải đi bộ? Không gian không rộng lắm, còn lại ok.Xem thêm",55
487,foodee_h9pwqkq2,22/2/2022 12:26,5.0,Sao c ko nhận dcXem thêm,55
488,Lợi Lợi,21/1/2021 14:10,3.2,Sao sen vàng mà k kem sũaXem thêm,55
489,Hải Thanh,24/9/2018 16:09,7.4,"Trưa nắng nóng nực được bạn đi về mua cho ly Highlands mát lạnh uống thiệt đã nè. Lớp kem béo béo ngọt hơi bị ghiền ha. 
Bên trong còn có thạch dai dai nhai đã miệng nữa. 
Ly này hình như 49k thì phảiXem thêm",55
490,Chang,24/9/2018 9:16,7.4,Đồ uống khá ổn và nhân viên thân thiện. Điểm trừ là quán khá đông và ồn àoXem thêm,55
491,Rim Nguyễn,24/7/2018 21:54,8.0,"Thích nhất món này ở Highlands nè. Lúc mình đến đây khá vắng nên order chừng xíu là có nước liền ha 
Các bạn nhân viên phục vụ nhiệt tình dễ thương lắm 
Mình dặn ít ngọt thấy uống ngon hơn mọi khi. 
Ly này hình nhừ 49k hay gì đấy mình không nhớ rõXem thêm",55
492,Thương Thương Lê,11/9/2017 11:40,8.2,Mình đi tránh nóng. Hôm lễ chùa Bà Bình Dương thấy đông người quá xá. Mà trời đang sớm nên hai dì cháu dắt nhau vô Highlands ngay đối diện ngồi tránh nóng luôn. Mình gọi 1 cafe sữa đá và 1 matcha latte. Theo như mình cảm nhận thì matcha ở đây có mùi rong biển nhưng nhẹ mùi hơn cá quán trà sữa matcha khác. Tuy nhiên mình uống thấy không ổn mặc dù thạch jelly rất ngon và mêm. Thế là mình uống chỉ hết 1 nửa ly thôi. Hụ hụ tiếc lắm uổng lắm luôn. 😓😓Xem thêm,55
493,Trang Thuỳ,7/8/2017 10:34,6.8,"Highlands ở đại lộ Bình Dương không gian nhỏ, không rộng như ở chỗ khác. Nước uống Highland thì chắc khỏi chê đó giờ, nguyên liệu sạch, nước uống ngon, giá từ 40 trở lên. Bánh ở đây cũng khá ngon, rẻ mình nhớ vài loại bánh giá 19k, 24k. 
Hạn chế đi Highlands vào lễ tết vì rất đông í 😝Xem thêm",55
494,kiho,20/5/2017 17:55,6.8,"Vào quán vào một buổi sáng ko đc vui lắm, nhưng phục vụ lại rất nhiệt tình, đồ uống ngon, highland thì các bạn biết rồi đó. Phong cách quán đẹp, sang trọng. Chỉ có điều chỗ để xe hơi nhỏ, ko biết lúc quán đông sẽ ntn nhỉ?!?!?!Xem thêm",55
495,Thao Trinh,16/9/2018 12:48,7.6,"Trên đường đi công tác về, ghé đây mua 1 ly trà xanh đậu đỏ, vẫn đúng vị món mình yêu thích ở Higlands.
Highlands công nhận phát triển mạnh thật, đồ uống cũng giá cũng tốt và chất lượng ổn.Xem thêm",55
496,foodee_ba326d2c,11/5/2018 11:13,4.4,"Thật sự k hiểu bên cửa hàng làm việc như thế nào. Lúc trước bạn trong cửa hàng báo với mình là hoá đơn trên 500k sẽ giao hàng. Bên mình order mấy lần rồi. Có lần mình order vừa gọi vừa nhắn tin zalo. Bạn nhân viên ok rồi lại k giao. K nói tiếng nào luôn. Bây giờ mình order lại bảo trên 700k mới giao, trong khi cty mình cách cửa hàng1.2km.Xem thêm",55
497,nguyen hong lam,17/11/2018 1:43,10,"Địa điểm ngay ngã 6 trung tâm view được, lúc nào cũng đông hết trơn😅😅😅Xem thêm",55
498,Chi Nguyễn,9/3/2018 22:07,8.2,YummyXem thêm,55
499,Tấn Đại Nguyễn,2/11/2017 10:35,3.6,"Mình mua 2 lần mà chẳng lần nào nhân viên cười chào cả, mặt lạnh bơ thêm nụ cười sẽ giúp khách vui hơn chứ ko cười giống đi xin vậyXem thêm",55
500,hnghoa5933,28/10/2017 15:57,3.8,"Highland coffee Coopmart Bình Dương là nơi phục vụ tệ nhất trong các chi nhánh Highland! Pha chế dở, nhạt nhẽo, luôn không có đủ các loại trà đáp ứng đủ yêu cầu của khách hàng. Kêu 2 ly nước lúc 21:00 cửa hàng gần đóng cửa làm rất lâu, giỡn cợt, có nước một hồi lâu mà không cho khách lấy nước. So với Highland Ngã 6 bình Dương thì Coopmart cần phải chấn chỉnh lại về nhiều mặt.Xem thêm",55
501,Hằng Mỹ,10/9/2017 6:42,8.0,"Thèm trà hạt sen đi uống . Highland là chỗ được nhất
Vị trà vừa phải vừa. Ai không thích ngọt nên uống cái này là được
Milk foam mặn béo vừa miệng . Đẹp mắt và nhiều
Hạt sen bùi ngọt có kèm theo Thạch ngon giòn giòn. 
Size nhỏ 39 k còn những size khác nữa
Nhân viên thân thiện gần gũi
Không gian bên này nhỏ hơn nhưng khách vừa phai nên ngồi dễ chịu và khá thoải mái 
Sẽ ghé lại
Ngoài ra cà fe , trà đào và các loại trà khác
cũng được yêu thích ở đây lắm nèXem thêm",55
502,Hải Yến,7/8/2019 11:49,1.0,"Hãm k tả được. Mình vô mua nhân viên hỏi đem đi hay uống đây mình kêu đem đi. Đợi NỬA TIẾNG đồng hồ. Ra hỏi có chưa kêu đang làm. Mà trong khi đó thấy xay cả chục ly freeze ship đi. Bạn mình thì phải đứng ngoài mưa đợi tại tưởng mang đi là làm nhanh lắm. Mình bực hỏi quản lý sao k có mình vô trước có 2 ly sao k làm. Quản lý bảo tại bên kia nhiều ly c thông cảm. Ủa bộ nhiều ly là k làm hả? Cái nhân viên ra bảo tại bên e sót bill, k có ai làm nước.
Coi điên k 🙂
HL gần ĐH Bình Dương nha 🙂 nước dở mà còn làm ăn kiểu này thì k ghé lại lần sauXem thêm",55
503,Trang Pham,22/6/2020 15:05,8.0,"Mình hay ghé trên đường đi công tác/ về nhà người quen.
Nghỉ ngơi uống nước. Không gian rộng thoáng, nv ok, nước y như mọi chi nhánh khác. Nhà VS sạch !!Xem thêm",55
504,Thảo My,13/5/2020 10:27,4.2,"Thật sự mình cảm thây rất không hài lòng về nước ở đây, mình rất thường xuyên uống Highlands nhưng nước ở đây làm mình ko hài lòng tí nào, mình gọi 1 freeze trà xanh nhưng cảm giác giống uống Latte thêm lớp kem hơn là trà xanh, ko hề có cảm giác có đá. :(((
Được 1 điểm cộng là nhân viên phụ vụ rất nhiệt tình và không gian quá thoải mái. <3Xem thêm",55
505,Hạnh Quách,26/3/2020 0:33,9.2,Có highland gần sát bên cug tiện nuocs uống thì cug giống nhau. Không gian vẫn theo phong cách highland ghế san sát nhau. Nhân viên dê thương nhiệt tình. Không gian sạch sẽ mát mẻ. Lần nào tới cũng là trà sen vàng.vải.và kem chese hihi. 3 đứa ko sợ dịch vẫn đi giữa trưa nắng hihi 🤭Xem thêm,55
506,Thong Nguyen,5/4/2019 13:17,10,Quán luôn nhận tiệc liên hoan sinh nhật nha cả nhà ơi!!!Xem thêm,56
507,Thong Nguyen,27/3/2017 18:05,8.4,"Không gian rộng rãi, thoáng mát và sạch sẽ.

Lại còn có cả thanh toán bằng thẻ ATM và Visa card nên việc thanh toán trở nên dễ dàng hơn. Chẳng cần mang tiền mặt lịch kịch, bấm nút thanh toán là xong :)Xem thêm",56
508,Anh Đong,31/10/2016 11:48,7.2,"Được ăn bữa cơm nhỏ bạn mời nhân ngày lãnh lương nên ngon dễ sợ luôn í. Cơm chỗ này nấu ngon và chất lượng lắm nè. Cơm niêu mềm, thơm, chín vừa. Phục vụ dễ thương và nhanh nhẹn nữa. Order chừng xí là có liền hà. Chắc chắn sẽ ghé lại thử nhìu món nữa.Xem thêm",56
509,Thong Nguyen,10/7/2016 12:08,8.0,"Hôm nay khu An Phú mất điện. Tranh thủ chạy ra quán ăn uống. Quán phục vụ luôn máy phát điện nên vừa ăn vừa xài wifi review cho bà con. Vừa cắm sạc điện thoại. Vừa ngồi quạt máy vù vù. 
Cứ ghé trải nghiệm đi mọi người ơi. K bao giờ thấy tiêc đâu nhaaXem thêm",56
510,Thong Nguyen,8/7/2016 19:02,9.0,"Quán có 3 không gian: ngoài trời, phòng lạnh và chòi. 
Giá cả hợp lí. Đồ ăn hợp khẩu vị. 
Đặc biệt quán có chỗ đậu xe hơi nên mọi người không cần lo về vụ đậu xe nha. 
Nhân viên phục vụ tận tình chu đáo.Xem thêm",56
511,trinh,21/9/2021 12:37,5.0,K ngon j cả.dở quáXem thêm,57
512,Thanh Trần,30/12/2018 12:20,2.6,"Ngày chủ nhật, buôn bán ngập mặt, không nấu ăn cho con được, tính kêu cái pizza cho con ăn, alo tới lui, cuối cùng nói đơn hàng 250k mới giao hàng. Tào lao, vậy tại sao PR là giao hàng mọi lúc, mọi nơi..... Tẩy chay....Xem thêm",57
513,Mi Tran,23/12/2018 19:36,1.8,"Gọi cánh gà mà lần 1 không chín nấu lại vẫn không chín. Súp thì nguội.
Không quay lại!Xem thêm",57
514,Unmoomi,22/11/2018 18:55,3.4,"🍕 Có lẽ mình không có duyên với Pizza Hut ở đây hay sao đó mà lần nào quyết tâm đi ăn cũng có chuyện bực bội rồi quay về, hầu hết là do nhân viên và dịch vụ siêu tệ. Bình thường mình ăn dưới thành phố vẫn rất tốt.
🍕 Hôm mình đi cũng không đông khách lắm vì là ngày thường, mình thấy cả đống nhân viên bu quanh một vị khách Tây, có lẽ trục trặc ngôn ngữ gì gì đó nên mình thông cảm và kiên nhẫn chờ. Thế nhưng mình chờ nửa tiếng cũng không có ai ngó ngàng tới, nên mình gọi nhân viên lại nhưng bạn ý vẫn bảo mình chờ thêm. Chậc. Đi ăn mà mệt mỏi quá nên thôi đi về.
🍕 Thiết nghĩ nên xem lại cách phục vụ và tuyển nhân viên ạ, chứ đó giờ mình hỏi bạn bè người quen thì ai cũng lắc đầu chê bai khi nhắc đến Pizza Hut ở đây. :""3Xem thêm",57
515,Thái Nguyễn,5/6/2018 18:14,1.8,"Gọi điện đặt hàng trong nôi thành Thủ DầU Một, Bạn trực tổng đài còn nói để em hỏi xem mấy bạn ở nhà hàng xem có giao được không??????????? Bạn deli tên Bảo gọi điện nói với đia chỉ của mình tụi em chỉ giao với đơn hàng từ 400.000 trở lên và phải chờ trong vòng 45 phút vì tối đa pizza hut chỉ giao trong cự ly 2-3km???? Tôi là một người làm dịch vụ cũng được hơn 10 năm rồi, thiết nghĩ nếu bên Pizza Hut như vậy thì tôi cũng xin cáo từ, sẽ ko bao giờ nhớ tới từ đó nữa. Trực tổng đài thì nói chuyện chẳng ra sao, bán hàng thì lợi dụng độc quyền thích thì giao mà không thích thì không giao. Thiết nghĩ Pizza Hut đang lãng phí nguồn nhân lực trầm trọng tại Bình Dương với một số tiền không hề nhỏ một tí nào. Vĩnh biệt pizza hut nha.Xem thêm",57
516,Tâm Lê,25/7/2017 15:38,6.6,"Pizza khá ngon, mình có kêu thêm combo bánh gì trong ảnh mình không nhớ tên(pizza hải sản sốt 3 vị đặc biệt gì đó), nhìn hình mình hoạ rõ là ngon & đẹp mắt, nhưng thực tế thì cực dở. Khuyên các bạn kêu món gì cũng được, trừ món đó raXem thêm",57
517,Keo Hoang,28/6/2017 21:31,1.4,"Mình có hỏi cái món ăn thêm (1 món 29k 2 món 49k, mình kêu 1 salad + 1 khoai tây chiên + nước uống để trong menu đang khuyến mãi sprite là 19k) đàng hoàng mà bạn kia ko trả lời là hết áp dụng rồi mà order luôn, hồi kêu thêm 1 dĩa salad hỏi lần nữa kêu bạn hỏi lại dùm để tính 69k thì chua lắm, bạn cũng ko hỏi rồi order luôn. Mình nghĩ nếu dĩa salad sau có tính 69k thì ko sao, vì lần trước khuyến mãi chỉ áp dụng cho 1 hóa đơn bánh. Xong ra tính tiền mỗi thứ lại như giá gốc, mà khi order bạn kia ko nói gì, đi chủ yếu ăn pizza mà tiền pizza đợt khuyến mãi này có 60k mà tiền ăn lặt vặt hết 255k??? Mình hỏi lại thì bạn quản lý đó đỗ cho mình nói nhỏ quá bạn kia ko nghe, trong khi nãy bạn kia nói để bạn hỏi lại mà ko hỏi order luôn! Mọi lần hay ăn lắm, biết thế mình mua bánh lớn hay mua 1 + 1 ăn cho đã chứ ăn chi để bị lật dữ vậy!!! Vẫn còn bực mình!!! grừXem thêm",57
518,kiho,16/8/2016 9:10,7.0,"Cả thành phố TDM chỉ có một cửa hàng của pizza hut ỏ8 big C thôi nhé. Phục vụ tận tình, thực đơn phong phú và rất ngon. Tuy nhiên, nếu đi nhầm vào các ngày lễ thì rất đông phải đợi thêm chút, nhưng tóm lại là rất ok.Xem thêm",57
519,Gaga KJ,5/7/2016 15:44,7.2,"Phải nói là mì ý ở đây rất ngon, cọng mì dai nước sốt kem bơ không quá béo. khoai tây chiên hơi bị mềm quá
 :( nhân viên phục vụ rất ok. sẽ ghé lạiXem thêm",57
520,Quỳnh Lê,28/6/2016 11:04,7.8,"Mình đi chỗ này cũng nhiều lần rồi. Về cảm nhận của bản thân mình là ok. Thức ăn ngon, nhân viên phục vụ lịch sự, cách bày trí đơn giản nhẹ nhàng, giá cả chấp nhận được. Ở đây pizza là chủ đạo nhưng đối với những bạn thích ăn rau mình lưu ý là món salad ở đây rất ngon và đáng thử đấy. 
Nếu có dịp dạo ở Big C Bình Dương các bạn nên ghé một lần nhé.Xem thêm",57
521,Bao Nguyenn,2/9/2023 18:33,8.8,"Ai không có thời gian đợi thì nên đặt đến lấy vì tận 15p, tuy nhiên là bánh rất ngon và nếu ai ăn mặn thì nên tăng độ dày viền 1 xíu, kgian khá đẹp, ấm cúng, đặt về cũng không quá lâuXem thêm",57
522,Như Quỳnh Nguyễn Thị,18/8/2022 18:45,2.8,"Pizza Hut xàm v ạ e đặt xong báo hủy đơn nên e đặt chỗ khác giờ lại gọi báo sẽ giao. Ủa v ròi là e boom hàng á hả trời, thiệt lun á mong cửa hàng xem lại ạXem thêm",57
523,Ngọc Hân,16/8/2020 20:11,1.0,"Menu mình tổng cộng 5 món 
2 phần pizza
Mực chiên
Phômai chiên
Bánh phomai và xúc xích Ý
Giá cao mà chất lượng không tương đồng
Người lớn chê dở mà trẻ con cũng bảo tệ.
Phần xúc xích thì có mùi khá lạ
Còn pizza thì khô gãy như làm cho có 
...
Mình đã ăn rất nhiều lần ở Hut
Nhưng lần này là thất vọng rất nhiều
Mình nghĩ với giá tiền cao hơn nhiều thương hiệu khác thì sản phẩm sẽ ổn... thật không ngờ
Và đây là lần cuối cùng :))))Xem thêm",57
524,kiho,6/10/2018 7:55,5.6,"Pizza Hut trong khu aeon mall này mở đc gần 1 năm, mình có dịp ăn ở đây 1 lần. Nhìn chung mình ko thích ăn ở đây cho mấy. Quán nằm ở vị trí tốt trong khu, nhưng lại ko bày trí đẹp cho lắm, ko dùng ánh sáng vàng tạo ko khí ấm cúg như ở trong big c Bình Dương, ko bit có phải ý đồ của chủ ko nữa. Nhân viên thì phục vụ ko tốt, hôm đó mình đi là trong đợt khuyến mãi, đã mua trên số tiền đc khuyến mãi rồi mà nhân viên chả báo gì cả, chỉ khi mình nói mình có như vậy mới cho mình thôi. Ko thích tẹo nào cả :(Xem thêm",57
525,nhimeo95,24/6/2018 22:04,7.8,"Quán tuy nhỏ nhưng bày trí rất logic lần nào đến quán cũng đông nghịt chờ mòn mỏi luôn ý
Nhóm mình đi 3 người order size vừa thêm vài món theo combo mà no ứ ự. Em piza này ăn không ngán như piza khácXem thêm",57
526,Mai Tâm Huỳnh,8/5/2018 18:50,8.0,"Ấn tượng đầu tiên của mình là nhân viên order rất nhiệt tình, luôn giúp khách chọn những phần lợi nhất 😁 nước ngọt chỉ cần mua một lần và miễn phí refill. Có điều thức ăn ra hơi lâu, làm mình hơi sốt ruột 😂 một điểm nữa là mình cực thích bánh mì bơ tỏi ở đây nhưng không bán riêng nữa, chỉ bán kèm :so sad: pizza mang ra luôn nóng, đế bánh giòn ngon, mình thích nhất là hải sản sốt tiêu đen và sốt pesto. Spaghetti ngon, vừa miệng, sợi mì vừa tới, k bị bở. Không gian nhà hàng đẹp, thoáng.Xem thêm",57
527,Phan Tú Uyên,22/9/2017 22:41,7.8,"Combo 99k cho 2 người. Ăn no nê luôn. 1 pizza cỡ vừa và 1 salad cá ngừ
Pizza tạm ổn. Có cho thêm thơm vào nhân nên đỡ ngán và ăn lạ miệng. Xúc xích của quán nay chín vừa ko bị cháy như đợt khai trương quán. Salad thì cũng ok. Nhưng mà khoai tây nên cắt nhỏ lại. Và khoai tây cũng chưa mềm lắm.Xem thêm",57
528,foodee_svc88pyo,24/7/2022 20:52,1.0,"Nhân viên giỡn hớt, ồn áo, tụm 5 tùm 3 làm phiền thực khách đang ăn, thái độ rất thiếu chuyên nghiệp, k tôn trọng KH. Không biết do nhà hàng k đào tạo hay các bạn k có ý thức. Rất khó chịu, k bao giờ quay lại. Nói chung là CHÊXem thêm",57
529,ThangLe,17/5/2021 21:33,4.6,"Giao hàng nhanh nhưng ko chu đáo. Giao hàng k có tương ớt, tương cà nên phải ăn chay hơi chánXem thêm",57
530,Ngọc Xuyến,9/6/2021 17:32,5.0,Đặt hàng đã thành công chưa quánXem thêm,57
531,Leo Nguyễn,23/1/2021 14:31,1.0,"Quá tệ từ khâu phục vụ đến thức ăn. Ngồi chờ nửa tiếng mà kg có do ăn trong khi kg có đông
Sẽ kg bao giờ quay lại cũng như sử dụng dịch vụ Lotteria
Tệ hơn chữ tệXem thêm",58
532,Thanh Phương,10/12/2018 1:57,6.2,"Bữa có khuyến mãi nên ghé ăn
Tại sao ly nước lúc nào cũng nhỏ xíu và up size không được vậy. Chán hết phần thiên hạ.
Thích mỗi gà sốt đậu với H&s, còn gà rán bình thường thì ăn chán ồm chả có gì đột phá.
Burger như cho con nít ănXem thêm",58
533,lyn10517,27/7/2018 7:41,4.0,"Hôm qua mình và bạn đến đây điều thứ nhất là không còn câu chào hỏi, không sao đối với mình chuyện này thực sự không quan trọng. Không gian nhà hàng kh có sự tỉ mỉ, bàn ghế lau không sạch, rách và rỉ sét, sắp xếp bài trí không logic. Thêm một điểm trừ nữa là không có dao, phải dùng muỗng :)) Trong lúc mình ăn có một chị ( chắc là phụ trách lau dọn ), do không thấy bảng tên nên không thể ghi lại nhưng mình nhớ chị này chỉ mặc váy chứ kh mặc quần như các nhân viên khác, không biết có phải vì mới được nhận vào làm nên chị chưa có kinh nghiệm hay không, nhưng cách chị này dọn dẹp trông rất lười, chậm chạp, không nhanh nhẹn, lúc lau dọn dưới gầm ghế còn không cong lưng, quét phành phạch vào ghế của mình như đang đuổi khách, rất khó coi. Tiếp theo lúc tụi mình ăn sắp xong, vì gọi nhiều nên tụi mình ngồi khá lâu ( khoảng gần 2 tiếng ) đang ngồi nói chuyện thì một chị nhân viên khác đi ngang qua và mình không biết ánh nhìn của chị ấy có í gì, là do bẩm sinh hay là chị đang liếc xéo mình :))) Khi tụi mình ăn xong rồi, đang dọn lại bàn gom lại cho nhân viên dễ mang đi, lúc đó tụi mình vẫn đang ngồi ở bàn thì chị nhân viên dọn dẹp lúc nãy ( ở trên mình đã đề cập ) đến bê luôn khay đi :)) Thực sự rất thiếu tôn trọng, mình thắc mắc nếu lúc đó mình còn đang ăn mà chỉ dọn cho gọn thì sao ? Hơn nữa gà rán ở đây chỉ được cái nóng chứ không giòn ngon như những cơ sở khác, thậm chí còn sống. Rất thích ăn gà rán ở Lotteria nhưng mình sẽ không quay lại chi nhánh này một lần nào nữa :))Xem thêm",58
534,thientu2305,25/9/2017 10:43,7.2,"Nằm trong trung tâm thương mại Aeon Canary Bình Dương, rộng lớn, hiện đại và rất đa dạng các lĩnh vực, mặt hàng bán.
Vào trong cửa hàng thì cũng có một bạn nhân viên nói :"" Lotteria xin chào!"". Nhiều khi vừa lau dọn vừa chào nên cũng không nhìn thẳng vào mặt khách ^^ Không sao, thông cảm, thực sự cũng không nhất thiết phải chào đúng quy tắc vì nhiều khi các bạn rất bận. Các bạn phục vụ khác thì tùy người, có người hay tỏ ra vẻ mặt khó chịu tí khi khách chọn món, có người cũng khá thân thiện. Nói chung mình không quan tâm lắm vì chủ yếu mục đích vào là để được...ăn no ^^
Nói chung cũng tàm tam.Xem thêm",58
535,Thúy Trân,25/6/2017 21:18,4.4,"Bước tới order thì không có một câu chào khách hay là một nụ cười. Thôi có thể cả ngày làm mệt thông cảm. Nhưng lúc tính tiền thì nói rất là bất lịch sự. Ai đời nói một câu cộc lốc ""56 ngàn"". Không hề dạ thưa anh chị gì hết. Cả dàn nhân viên đứng đó cũng rất thái độ với khách luôn. Qua KFC mấy em nhân viên chào dễ thương ơi là dễ thương mà cứ ghé Lotteria muốn chửi vô mặt thôi. Thay hết dàn nhân sự tuyển dụng với đào tạo đi. Làm dịch vụ kiểu này chỉ có mấy người không văn minh, hiểu biết mới ghé mấy chỗ tệ hại như này thôi. 
Bàn ghế lau cũng dơ lắm. Lại còn rách lỗ chỗ. Pepsi thì lạt, gà cũng không ngon.

Từ nay về sau không bao giờ ghé Lotteria nữa.Xem thêm",58
536,Miu Miu,24/7/2016 2:54,9.2,"Ở đây rộng nên thoáng,trưa nắng vô có máy lạnh phà dô nên mát lắm <3 
Đồ ăn ngon,giá cũng phải chăng
Nhân viên bình thườngXem thêm",58
537,Thủy Trần,7/11/2014 14:46,7.0,"Nhân dịp khai trương Lotteria Aeon giảm giá nên mỉnh cũng tranh thủ ghé vào ăn sau khi tham quan TTTM 1 cách mệt rã rời.
Cửa hàng rộng có khu ngoài trời, Tuy nhiên sàn nhà hơi trơn các bạn nên cẩn thận vì mình thấymấy bạn nhân viên bị té và suýt té khá nhiều.
Mình ăn 1 phần Buger Bulgori với Pepsi M và mua thêm 2 Pepsi M đi vòng vòng siêu thị Aeon tham quan. 
1 số CT giảm giá như sau:
Gà Rán & Pepsi M giá 42k giảm 24% còn 32k
Khoai Tây Lắc & Pepsi M giá 45k giảm 38% còn 28k
Burger Bulgori & Pepsi M giá 46k giảm 41% còn 27K
Đổi Pepsi M sang Pepsi L khi mua phần ăn Combo hoặc Value bất kỳ.
Những Dv này chỉ áp dụng tại Lotteria Aeon Mall Canary. Áp dụng đến 30/11/2014. Không áp dụng cho giao hàng và thẻ Lotteria (VIP)Xem thêm",58
538,Cẩm Vân,14/11/2023 14:21,8.6,Dễ thương thân thiệnXem thêm,59
539,Minh Thư Trần,14/4/2021 11:06,9.0,"Nhân viên phục vụ rất nhiệt tình, vui vẻ, hoà đồng, thức ăn  ngon . So yummyyyyy 😋😋Xem thêm",59
540,Kim Giang,5/4/2021 20:04,8.4,"Món ăn ngon, đa dạng, phục vụ nhiệt tìnhXem thêm",59
541,Trường Nguyễn,29/3/2021 14:22,10,Nhà hàng rất phong phú và đa dạngXem thêm,59
542,Huy,16/9/2021 18:28,10,"Đi ăn với bạn đám 6 người mà mỗi đứa bỏ ra chưa đến 100k, nhưng đồ ăn thì ngon khỏi nói luôn. Đợt mình đi còn được khuyến mãi thêm mỗi người 1 ly nước. Nói chung là chắc chắn sẽ ghé quán này lần nữa!Xem thêm",60
543,Mai Hoàng Giangg,16/9/2021 17:45,10,"Nguyên combo 4 người mà cứ như 7 8 người ăn, mình phải phải rủ thêm bạn mới ăn đủ hết luôn á chời 😂Xem thêm",60
544,Jenny Nguyen,16/9/2021 17:19,10,"Lẩu ở đây hấp dẫn nè, mọi thứ được phục vụ sẵn trong lẩu, sôi lên là dứt liền ngon lành cành đào ghê
Chất lượng thậtXem thêm",60
545,Nhut Truong Mai,12/12/2020 5:20,9.8,Tuần nào cũng ăn...Xem thêm,60
546,Thang BiNut,20/9/2020 0:24,8.4,hồi hôm ăn lẫu Hoàng Cung ở Aeon Bình Tân. nay có dịp đi chơi ở crescent mall thấy chi nhánh BJ. liền tấp vô định gọi lẫu Hoàng Cung 4 người ăn cho đã. mà thấy lẫu bò cũng hấp dẫn. nên thử lẫu bò 2 người. ôii ai ngờ nó ngon mà kiểu vị không đụng hàng á. đậm đà đến nỗi phải gọi thêm 2 vắt mì. huhu review cho các bạn mà tui chịu không nỗi cái vị lẫu bò hôm ấy .Xem thêm,60
547,Yen  Nguyen,26/6/2017 14:14,6.4,"Shopping xong đảo một vòng xem có món gì hấp dẫn, cuối cùng mình chọn ở đây vì thấy có vẻ hấp dẫn và giá phù hợp.
Nhân viên rất nhiệt tình và vui vẻ. Phong cách chuyên nghiệp.
Mình có 1 mình mà cũng quá trưa nên gọi đúng một cái lẩu hải sản thập cẩm. Vì nấm đông cô hết nhưng khi mình hỏi thì bếp mới bù nấm đùi gà cho mình đó.
Rau cũng thiếu chứ không như hình. 
Chỉ có điều vây cá hồi không được tươi cho lắm. 
Hải sản có vẻ để khá lâu, không tươi.
Nhưng nước lẩu pha khá ngon, độ chua ngọt khá vừa miệng. 
Nói chung tiền nào của đó thôi, đành chấp nhận.Xem thêm",61
548,Lindie dao,8/2/2017 20:47,8.0,"(+) Buffet, vừa ăn dc đồ nướng, vừa ăn được lẩu.
Nhân viên siêu nhiệt tình, bưng đồ ăn tới tấp thiếu điều kêu ăn hết dùm cái quán luôn 
Giá hợp lý nữa. set 219k, thuế 10% nữa nha. 2 ng có bia thì là ~550k. có bò, heo, cá, bạch tuộc, rau tá lả
Set 298k thì dc ăn thêm mực, nạc thăn bò Úc, lưỡi bò Úc thôi nên bạn nào ko cần thưởng thức 3 món đó thì kêu set 219 dc rồi 
Thích là đồ chua ăn kèm bao nhiều loại, có chè tráng miệng (chưa thử), có kem nữa (ko ngon), trái cây thì cũng đa dạng 
So với những quán trong Aeon thì trời ơi giá ổn mà cực hài lòng nhé
(-) nước chấm là tương, ko có gì đặc sắc. Kem ngọt dù là vị chua, túm lại là món ăn khai vị vs tráng miệng ko có ngon. Nước lẩu như nước lã vậy, sau khi cho 1 đống đồ vô thì thấy cũng ổn. 
* lời khuyên: Nên kêu nhân viên đem món ra từ từ theo order, chứ mấy bạn đó nhiệt tình đem ra liên tục dã man lắm. Chừa bụng ăn lẩu nữa nè.Xem thêm",61
549,Justin.Y,22/11/2016 15:46,4.4,"if you are in Aeon and after a hotpot, go to the food court near the CGV cinema and many of them offer good quality hotpot for cheap. but not at those fancy looking restaurant, especially this place. they have lunch special for hotpot which may seem attractive but the quality is just bad. they chucked everything in at once and let it cook itself. the problem is it makes the soup and vegies really oily because meat got cooked together. and the meat didnt seem fresh so i didnt eat any of it. For the first time in Vietnam tax was not included in the price, and that made me feel even worse because of the hidden cost. will never return for sure anywaysXem thêm",61
550,Chris Pham,3/11/2014 21:22,9.0,"Nhà hàng có không gian sang trọng, lãng mạn và ấm cúng. Thực đơn khá ổn, mặc dù không có món của mình thích là mì ramen. Giá thì khá rẻ so với các cửa hàng buffet gần đó. Bữa nào sẽ rủ các bạn cùng cty đi lần nữa.Xem thêm",61
551,Phương Lưu,17/11/2019 8:16,3.8,"Không gian: hôi mùi tanh của hải sản sống,  của cái bàn nói chung hôi lắm. 
Đồ ăn: chỉ có dimsum và nước chấm là ngon còn lại ko có gì đặc sắc. Mực ko tươi, ngao thì ok, mướp bình thường, cháo siêu mắc,  siêu dỡ .
Nói chung ai thích thì đi 1 lần cho biết chứ mình nghĩ ko có gì khiến mình quay lại,  đặc biệt cái mùi ám ảnh.Xem thêm",62
552,Thảo Ngọc Linh,25/10/2019 21:08,8.4,"Nhà mình gần trung tâm này nên lâu lâu book bàn ra đây ăn vì thấy quán đang có chương trình giảm giá combo 608k còn 425k. 

Nhà mình đi 3 người thôi mà ăn phần combo này là no nê luôn. Phần combo có 7 món được quán phục vụ tận tình luôn. Gồm có: mướp hương nhân tôm, ba rọi bò mỹ, tôm nhảy, và trứng muối cá basa nauy, há cảo tôm, phía dưới là bỏ gạo, đậu đỏ để nấu thành cháo nha, ăn rất bổ dưỡng vì nước hấp từ những phần trên sẽ chảy xuống và nấu trực tiếp thành cháo luôn. Món nào cũng ngon hết nha. 

Quầy sốt thì mình tự pha theo sở thích nhé. Phục vụ có mang mấy món khai vị ra và nói có tính phí nên nếu bạn không ăn thì nói nhân viên mang vào nhé, nhà mình dùng thử 2 đĩa là dưa leo và đu đủ muối chua ngọt cũng ngon lắm nè. 

Chất lượng rất ok, ăn tối nên hấp thuỷ nhiệt, không dầu mỡ rất heathy và balance.

Nhà mình rất thích ăn kiểu vậy luôn, nên là sẽ quay lại hoài hoài. Giá khá rẻ cho phần combo mà nhiều món như vậy.Xem thêm",62
553,Bong Hana,16/8/2019 0:45,7.2,"🌻 Địa chỉ : tầng 2 Aeonmall Bình Dương, nằm gần Marukameudon 
🌻 Chuyên bán các món hấp từ nguyên liệu rau củ hấp, hải sản, dimsum...
🌻 Combo ngon bổ rẻ - 425k: set này dành cho 4 người ăn, nhưng đi 5-6 người vẫn ăn đủ. Giá này chưa bao gồm 10% VAT ạ
🌻 Một combo này gồm các món sau 
🌿 1. Rau thập cẩm hấp: món này ăn giống rau luộc, nhưng do hấp nên ngọt và giòn hơn
🌿 2. Mướp hương nhồi tôm: món này ăn ngon, phần thịt tôm ướp vừa ăn, mướp ngọt
🌿 3. Cá saba hấp: món này ăn ngon nha, thịt cá ướp vừa ăn, không bị tanh, do hấp nên thịt cá bên trong không bị khô
🌿 4. Ba rọi bò và nấm kim châm hấp: món này ăn được, thịt bò mềm, nấm ngọt
🌿 5. Tôm nhảy hấp: ngon lắm các bạn, tôm tươi rói à, hấp lên vừa chín tới, thịt siêu ngọt và chắc, dai giòn 🦐🦐🦐 (ngon quá nên lo ăn không chụp hình)
🌿 6. Há cảo tôm hấp: món này ăn cũng ngon, nhân giòn, vỏ há cảo dẻo dai, vị giống giống với các nhà hàng bán dimsum khác từng ăn (ăn nhanh quá nên không có hình)
🌿 7. Set trứng muối và gạo để nấu cháo: cháo được nấu bằng cách dùng nước từ các món hấp phía trên để lấy vị ngọt tự nhiên. Tuy nhiên, mình ăn mặn nên thấy cháo này lạt, không có vị gì cả
🌻 Bánh bao xá xíu - 58k: món này ăn ngon, nhân xá xíu vừa ăn, vỏ bánh cũng không quá nhiều bột để gây ngán
🌻 Bánh bao kim sa - 65k: món này ăn cũng được chứ không ngon lắm
🌻 Trà kỳ tử phú quý - 49k : món này uống thơm nhưng ngọt quá, giảm ngọt xíu thì vừa hơn 
🌻 Nước chấm thì các bạn sẽ tự pha theo công thức có sẵn của nhà hàng hoặc tự mix ạ. Có một quầy để các loại gia vị cho các bạn tự pha nước chấm 
🌻 Khi ăn thì nhân viên sẽ đến và hấp món ăn cho các bạn. Mỗi món sẽ có một thời gian hấp khác nhau, bảng chỉ dẫn sẽ dán gần nút chỉnh bếp điện
🌻 Nhân viên nhiệt tình, thân thiện, do nhà hàng khá đông nên hơi chậm xíu thôi. Không gian sáng sủa, nhiều chỗ ngồi
❌ Chú ý: ở đây có món khai vị, nhân viên bưng ra và có dặn là ăn mới tính tiền. Nếu bạn không ăn thì thời điểm đó hãy kêu nhân viên bưng vô bên trong liền nhen. Mình không ăn nhưng để trên bàn đến cuối giờ, khi tính tiền thì bị trục trặc phần này nên hơi lâu xíu.Xem thêm",62
554,Kitten183 ...,6/7/2019 16:45,7.4,"Mình ăn đợt khai trương giảm giá tới 40% thì phải. Combo đó tính ra chỉ có món cá là tươi. Còn mực, với mấy món kia là món ăn sẵn nên ăn k có gì đặc biệt, 2 đứa ăn set này là no căng rồi. Đồ hấp mình ăn thì bình thường thôi, k dầu mỡ nhiều nhưng ngán lắm huhu. Phần cháo khi nấu xong thì ngọt, ăn ngon lắm. Ăn cho biết thôi chứ kf sở thích của mình hihiXem thêm",62
555,Thanh Mỹ Phan,31/5/2019 15:40,9.4,"Đi ăn cùng bạn! Món ăn ngon, không gian đẹp, phục vụ dễ thương. (y)Xem thêm",62
556,Bảo Châu,6/1/2019 18:09,10,"Có bạn là mình lại ra địa điểm quen thuộc này, đồ uống làm rất chuẩn 👍👍Xem thêm",63
557,Thảo My,28/11/2018 17:30,6.8,Quán rất đẹp đồ ăn cũng khá ổnXem thêm,63
558,Nhiễu Sự,23/10/2018 16:14,8.8,"Tối chủ nhật tự thưởng bản thân một buổi cafe hẹn hò lãng mạn ở đây. Không gian quán rất đẹp, đa phong cách, nhiều góc cho các bạn tha hồ chụp hình sống ảo. 
Tuy nhiên, do cuối tuần có vài gia đình dắt theo các bé nhỏ hơi dư năng lượng nên khá ồn một chút.
    Bingsu rất ok. Trái cây tươi, viên kem vừa ăn không quá ngọt, lại thơm. Tuyệt vời. Xứng đáng với sự chờ đợi hơi lâu :)))
    Quán ở mặt đường, gần trạm thu phí Lái Thiêu, chân Cầu Phú Long mới, nhưng hơi khuất vào trong. Nhưng quán decor đẹp, sáng sủa nên cũng khá bắt mắt, dễ tìm.
    Tóm lại đây là nơi rất thích hợp để hẹn hò thư giãn cuối tuần. Highly recommended.Xem thêm",63
559,nhimeo95,18/7/2018 19:23,8.2,Bingsu sầu riêng tuyệt đỉnh nha 2 người là ngất ngây con gà tây nha☺️☺️☺️Xem thêm,63
560,Khánh Khánh,11/7/2018 15:27,8.0,"Được bạn giới thiệu mới biết quán này cũng ok lắm nha. Không gian rộng rãi thoáng mát. 
Trời nóng nực như vầy được ăn bingsu thì sướng hết biết.Xem thêm",63
561,Hảo Minh,3/7/2019 19:05,10,"Chủ quán dễ thương, nhân viên nhiệt tình, trà sữa thì ngon khỏi bànXem thêm",64
562,Thy Minh,2/7/2019 23:16,10,"Thức uống ngon, đa dạng, sạch sẽ. Phục vụ chuyên nghiệp. Không gian quán rộng rãi, thoáng mát.Xem thêm",64
563,Lạc San Phan,2/7/2019 22:43,10,"Trà sữa ngon, sạch sẽ, chuyên nghiệp. Quán thuộc hệ thống nên liên tục cập nhật món mớii theo xu hướng.
Quán mở cửa cả tuần, ngày lễ vẫn bán binh thường.
Có dịch vụ ship, có đặt chỗ đặt hẹn trước.Xem thêm",64
564,nghiaphan2729,2/7/2019 22:04,10,"Trà sữa Đài Loan mà giá lại cực rẻ !! Hơn hết là trà sữa siêu ngon, phục vụ nhiệt tình. Yêu quá Miutea !!!Xem thêm",64
565,Meowmeow,31/5/2020 22:01,7.2,"1) lẩu cá hú bình thường, lẩu ếch ngon hơn 7.25đ
2) bò lá lốt k ngon lắm, hơi mặn, 1 phần bò lá lốt khá nhiều 7đXem thêm",65
566,Meowmeow,26/5/2020 14:01,8.8,"Mua cánh gà chiên nước mắm ở quán này lần thứ N

Gà chiên nước mắm (  gcnm) ở đây ngon hơn 
+ gcnm ở quán Hoàng Châu (gcnm ở HC cũng dc giá đắt hơn Gia Bảo xíu, mình k nhớ giá cụ thể nhưng ở HC bán theo phần) gần bờ kè lái thiêu
+Hùng Kí gần cầu bà 2 (gà chỗ Hùng Ký hơi cứng sốt k ngon như quán Gia Bảo, giá 60ngàn/phần)
+gmcn ở chiều nay quán đường L.H.Phong, gcmn CNQ 60ngàn/phần, gcmn ở CNQ khá giống phong cách của quán Hùng Ký gần cầu bà 2
+gcnm 4 nhớ cũng ngon giá đắt hơn quán GB 

Quán GB có bán gà chiên bơ, hình như gà chiên bơ có lăn thêm 1 lớp bột ở ngoài thơm mùi bơ. Mình thấy gà chiên bơ quán GB cũng tạm điểm từ 7-7.5. Có gcmn ngon, có thể nói quán GB bán gcnm ngon nhất trong tất cả các quán mình đã từng ăn.Xem thêm",65
567,Meowmeow,15/5/2020 22:43,8.8,"Mua cánh gà chiên nước mắm ở quán này lần thứ N

Gà chiên nước mắm ở đây ngon hơn 
+ gcnm ở quán Hoàng Châu (gcnm ở HC cũng dc giá đắt hơn Gia Bảo xíu, mình k nhớ giá cụ thể nhưng ở HC bán theo phần) gần bờ kè lái thiêu
+Hùng Kí gần cầu bà 2 (gà chỗ Hùng Ký hơi cứng sốt k ngon như quán Gia Bảo, giá 60ngàn/phần)
+gmcn ở chiều nay quán đường L.H.Phong, gcmn CNQ 60ngàn/phần, gcmn ở CNQ khá giống phong cách của quán Hùng Ký gần cầu bà 2
+gcnm 4 nhớ cũng ngon giá đắt hơn quán GB 

Quán GB có bán gà chiên bơ, hình như gà chiên bơ có lăn thêm 1 lớp bột ở ngoài thơm mùi bơ. Mình thấy gà chiên bơ quán GB cũng tạm điểm từ 7-7.5. Có gcmn ngon, có thể nói quán GB bán gcnm ngon nhất trong tất cả các quán mình đã từng ăn.Xem thêm",65
568,Meowmeow,14/5/2020 18:35,8.8,"Trong hình món trên: cánh gà chiên nước mắm: 8.5 👍, món dưới cánh gà chiên bơ 7.5 
Quán có rất nhiều món đa dạng, ngon như lẩu ếch, cơm chiên tỏi, ....
Nên ghé ăn!! 
Không gian quán bình dân, có chỗ để xe thoải mái 
Quán mở cửa lúc 10h sáng nha! 
Vị trí quán trong hẻm nhưng dễ tìmXem thêm",65
569,Trang Huyền,14/9/2017 19:53,6.6,"Không gian: quán khá bình dân, thoáng mát sạch sẽ
Chất lượng: ăn tạm ổn
Trong hình là: 
- Giò heo muối chiên 75k
- Phá lấu 45k
- Lẩu ếch măng chua 70k
Ngoài ra sau khi gọi tính tiền đều có rau câu hoặc trái cây gì đó tráng miệng
Giá cả: siêu rẻ luôn.
Nhân viên: chị chủ khá thân thiên, chu đáoXem thêm",65
570,Trung Kiên Lê,22/5/2019 16:44,10,"Ấn tượng đầu tiên là quán có không gian,  rất rộng rãi, thoáng mát lắm,  chỗ để xe thoải mái nữa.  
Nồi lẩu có 150k mà vớt ra một tô thịt bò luôn nha.  Thịt bò tơ mềm mềm,  dai dai,  thơm mùi thịt bò, chấm thêm nước chấm mằn mặn , cay cay.  Ngon không tả nổi.  Khoai môn béo béo, bùi bùi,  mà nhiều lắm.  Thêm đậu hủ làm tăng thêm phần hấp dẫn.  Àh mà chưa hết,  có 2 cái trứng gà , đập vô,  trời ơi sao chịu nổi.  Tới phần quan trọng là nước lẩu đậm đà,  đủ vị,  nói chung là ngon bá chấy.  
Mấy chú nhân viên thì nhiệt tình,  dễ thương,  dễ chịu lắm.  Cưng hết sức vậy.  
Bonus thêm là chú chủ động cho mình nước lẩu và chỉ ăn nữa.  
Sẽ ghé quán nhiều lần nữa.Xem thêm",66
571,Hà Mi,12/5/2017 13:59,7.4,"Bữa đi Bình Dương được bạn dắt đi ăn bò nướng vỉ ở đây, ngon quá trời quá đất. Bò cắt miếng vừa ăn, ướp đậm vị, nướng lên bao thơm, miếng bò mềm, vị ngon, ngoài ra quán còn có lẩu bò vừa nhiều vừa rẻ. Sẽ quay lại quán khi có dịp đi Bình DươngXem thêm",66
572,Huy La,13/1/2017 11:20,9.0,"Quán nằm ở mặt tiền đường Nguyễn Văn Tiết (Lái Thiêu) nên rất dễ nhận ra, có 2 quán sát bên nhau, nếu đi từ Đại Lộ Bình Dương rẽ vào Nguyễn Văn Tiết thì quán đầu tiên là Minh Châu rồi mới đến Minh Châu 9, cả 2 quán đều ngon nhưng cá nhân mình cảm thấy quán đầu tiên (Minh Châu) ngon hơn.
Chất lượng và giá cả thì khỏi phải bàn vì không có chỗ nào để chê. Một nồi lẩu 150k thịt ngập mặt, luôn phải có 1 tô không để vớt thịt ra trước rồi mới cho rau và mì vào được. Đuôi bò, thịt, gân... gì cũng đều tươi ngon. Đặc biệt là ở đây sử dụng nồi thố đất của gốm Lái Thiêu xưa nên mang đến cảm giác rất thú vị. Tuy nhiên mình khuyến khích mọi người dùng món lẩu hoặc món hấp vì theo mình món nướng ở đây không được ngon cho lắm, vì miếng thịt bò cắt hơi dày nên khi nướng lên khá dai. Còn về lẩu và hấp thì rất ngon, nhất là khi nhâm nhi với tí bia hay rượu trong những buổi chiều tối mát mẻ.
Nhân viên ở đây đa phần là những anh thanh niên nên cũng phục vụ rất nhanh và nhiệt tình, thích nhất là được châm thêm nước lẩu miễn phí, tha hồ ngồi nhâm nhi.
Không gian thì do quán cũng lâu đời, và mang tính chất bình dân nên mình cũng không đòi hỏi nhiều.
Tóm lại là mình rất hài lòng với quán, đã , đang và chắc chắn sẽ tiếp tục ủng hộ quán dài dài ;-)Xem thêm",66
573,Tằng Yến San,27/2/2016 7:36,8.2,"Cách nhà mình ko xa, đừng đi thì rất dễ tìm, ngay cây xăng số 4 chạy vào khoảng 300m. Có hai quán sát nhau, mình thì thích ăn quán thứ 2 hơnXem thêm",66
574,Thu Hương Đỗ,23/7/2019 12:45,9.0,"Nước ngon, quán sạch sẽ, nhân viên phục vụ khá tốt!Xem thêm",67
575,Trường Sinh Nguyễn,23/11/2018 18:21,5.0,"Nhận được voucher giãm 40% ship tận nơi nên oder liền 2 ly
Ship cũng nhanh 
Trà sữa ngon
Vị vừa
Chân trâu mềm bánh flan béo 😍Xem thêm",67
576,Phương Duy,24/8/2018 15:17,8.0,"Bữa đi ngang thấy ở đây mới khai trương cũng gần nhà nên mình có ghé vào uống ly trà sữa nè. Cái này hồi đi học có uống ở Sài Gòn thấy cũng khá ok nha. Giá cũng bình dân hợp túi tiền sinh viên nè 
Không gian rộng thoáng mát lắm luôn.Xem thêm",67
577,Hiếu Shine,19/8/2018 9:58,10,"Thấy ở chỗ này mới mở Dingtea thì ghé qua uống thử, mình thì uống Trà Sữa Đường Đen, bạn mình thì Kem Mousse Khoai Môn, cảm thấy vị rất tuyệt vời, vị trà rất thanh, vị sữa cảm nhận thấy như là sữa tươi vậy, còn kem Mousse của bạn mình có lớp kem cheese mình hưởng ké thì thấy vị béo béo mặn mặn, nói chung là đồ uống ở đây khá tuyệt ngoài kì vọng của mình hehe..Không gian thì rất thoáng đãng, mát mẻ, tươi tắn, nhân viên vui tươi.Chắc chắn sẽ ghé lại lần sau :DXem thêm",67
578,Pianist 3939,6/5/2014 23:48,7.4,"Quán đẹp theo phong cách nhật, nằm ngay mặt tiền đại lộ nên dễ tìm lắm.trứng Cá sống tươi ngon , mình rất thích ăn đồ nhật nên sẽ quay lại. Ở bình dương có lẽ chỗ này bán đồ nhật ngon nhất nhỉXem thêm",68
579,An Nhiên,29/12/2013 8:45,8.0,"Sushiya nay chuyển đi xa quá :( nhưng bù lại món ăn ngon nên cũng ráng cực thân chút đỉnh.

Quán này cũng khá đẹp, trên bàn bày trí khá nhiều vật dụng ăn uống theo kiểu người Nhật. 
sushi ở đây tươi ngon, thịt cá ngọt ăn không ngán chút nào. Cá thu Nhật ăn cũng ổn, trong phần ăn còn có chén canh , nhìn chén canh y như trong phim Tàu vậy, nghe có mùi thuốc bắc chút đỉnh. Đĩa salad trộn ăn kèm rất ngon.
 Ăn xong còn được ly đậu đỏ tráng miệng nữa. Tuyệt vời.Xem thêm",68
580,Sonny Le,25/5/2013 13:18,8.0,This restaurant is very good at Japanese food and BBQ. it's best for family party as well as business dinner or lunch. The host are very nice.Xem thêm,68
581,Khánh Khánh,5/1/2018 18:17,8.0,"Quán này mình cũng hay tới lắm vì thích không gian ở đây cực.
Hôm qua đi với mấy đứa bạn mới phát hiện ra món kem chiên ăn cũng ổn lắm. Ở ngoài là bánh mì giòn giòn, kem ở trong mát lạnh.Xem thêm",69
582,Trang Thuỳ,7/8/2017 10:40,6.8,"Quán nhỏ nằm gần trường Trịnh Hoài Đức, mình đi 2 người nên chỉ ăn lẩu kem và xúc xích. 
Lẩu kem thì trang trí dễ thương, kem ăn được nhưng theo mình nên ăn kèm dâu hay trái kiwi sẽ hợp hơn là ăn với dưa hấu và xoài. Giá cũng mềm mình quên mất ăn hết bao nhiêu 😝
Quán phù hop với mấy bé học sinh, tụ tập bạn bè hay những gd có bé nhỏ.Xem thêm",69
583,Trang Huyền,31/7/2017 20:56,7.4,"Không gian: khá thoải mái, có máy lạnh, còn có một số sách truyện để đọc giải trí
Kem: nhiều hương vị khác nhau, ngon
Giá cả: không mắc
Chủ quán nhiệt tình vui vẻXem thêm",69
584,Moss Green,21/3/2016 0:01,8.2,"""Kem mingo Thái Lan"" thoạt đầu nghe rất lạ, hồi giờ toàn nghe kem kem bubs,walls,... không hề! (chắc quê mùa mới lên tỉnh nên hông biết) vì thấy lạ nên ăn thử. Cảm nhận đầu tiên khi ăn kem tại đây là cảm giác rất lạ, không lẫn với các vị kem khác của các hãng khác hay sao ấy (đấy là cảm nhận cảu bạn bên cạnh mình nói, bạn ấy nói kem này ngon) nên mình cũng thử, thấy cũng ok.Xem thêm",69
585,Mều Na,29/7/2017 16:56,8.0,"Sáng nay đi công chuyện nên ghé ăn sớm hơn mọi ngày, ta nói có 5 cái bàn thôi hà, mà mỗi bàn 3-4 người, không có chỗ mà ngồi luôn mới ghê nà. 
Chậc, tô bún có 20k mà ăn sướng dã man, mình còn húp sạch cả nước chừa mỗi vài cọng bún vụn :))))
Không hiểu quán này cô chú chủ có bỏ chất gây nghiện không mà cứ ăn nhiều chút kêu ngán, vậy chứ ăn xong vài hôm lại thèm da diết mới nhức não nè. Mốt không ghé đây nữa không biết sống sao luôn á hu huXem thêm",70
586,Mều Na,21/7/2017 9:11,8.0,"Zummy bữa sáng bún bò ở Bình Dương
Lâu lâu không ghé ăn lại húp sạch nước
Thích nhất cái hũ ớt ngâm nước mắm ở đây, ta nói ăn cay ghiền luôn, mặc dù mình ăn cay rất kém mà cũng chịu không nổi phải chén tới tấp . 
Qua đi công chuyện mắc mưa về ngủ say mê nên nay dậy trễ tưởng quán nghỉ rồi, ai dè hên vẫn còn mừng ghê, đã thế lại còn hết khách rồi nên ngồi rung đùi ăn thoải mái luôn.
Thích cái dĩa rau thập cẩm ở đây nè, mà giá có chút éc mình xin thêm giá được cô chủ cho dĩa to đùng vài nè :))Xem thêm",70
587,Mều Na,6/7/2017 11:42,7.8,"Mình nghĩ hết việc ở dưới Bình Dương rồi mà hôm qua cũng vèo cái xuống, sáng nay lại ghé đây ăn bún :)))
Trời hôm nay mới nhớ review cái hũ mắm ớt, hỏi ra thì biết cô chủ tự làm, cũng không có gì đặc biệt mà ăn ngon lắm nha, cay nồng họng kèm mắm luôn. 
Mà chẳng hiểu sao dạo này mình ăn các thể loại bún vẫn không thấy ngán bún ở đây là sao ta?! Ăn xong còn bê cái tô húp xì xụp phát ngại, mà cũng húp sạch á! Còn thêm cái là cô chủ cũng ăn nha, thường người ta nấu đảm bảo mới ăn luôn đồ mình nấu, chứ nấu bậy nấu dơ chắc chỉ để đem bán thôi chứ ai dám tự ăn :)))Xem thêm",70
588,Mều Na,3/7/2017 11:57,8.0,"Bữa nay là bữa cuối mình có việc ở Bình Dương rồi nên đành ghé đây ăn bữa cuối trong thòm thèm tiếc nuối, hu hu.. Bình thường tục ăn vậy chứ ăn 1 món nhiều quá mau ngán thấy mồ mà ở đây ăn qoài không ngán luôn mới ngộ chớ he he
Ai có việc ghé đây nhớ ủng hộ quán này 1 lần xem mình review có đúng không nhá! ^^
À quán này gần cái chợ nào á, đi thẳng vào là thấy hà, nghe nói cô chú trưa còn nhận đặt cơm cho  xưởng ở quanh nữa chớ! Đa tài dễ sợ ^^Xem thêm",70
589,Mều Na,2/7/2017 6:25,7.6,"Thánh lê la ăn linh tinh sáng nay lại chăm chỉ sang đây ăn sáng đặng cho địa chỉ chỗ này không bị trôi mất. 
Mình rất ghét mấy quán ăn ok mà vì không ai biết nên chả buôn bán được gì mà dẹp mất tiệm, tới lúc thèm đồ ngon không kiếm được mà ăn .
Quán cô chú mở sớm hơn cả mình tưởng nữa, dã man, 5h hơn dậy đi tập thể dục quanh xóm đã thấy cô chú lui cui chuẩn bị muốn xong luôn rồi, đi vòng về tưởng hăm hở được mở hàng ai dè có khách luôn rồi mới ghê! He he
Sao mấy ngày ăn bún bò chỗ này bữa sáng rồi mà ko ngán ta?! :))Xem thêm",70
590,Mều Na,1/7/2017 11:06,8.0,"Quán do 2 cô chú đứng tuổi vừa trông cháu vừa bán vui cho khu dân cư xung quanh nên khá bình dân, thậm chí ai khó tính sẽ để ý đến vấn đề vệ sinh, nhưng theo cá nhân mình thì quanh khu vực này chỗ này có vẻ ok nhất.
Nước lèo rất đậm vị bún bò huế, hỏi ra thì cô chú là người gốc Huế, thảo nào, kén ăn như mình mà cũng khoái, húp sạch cả nước mới tục :)))
Mình ghé nhà bạn gần đây chơi mà ghé ăn 2 hôm không chán luôn á. Lại còn ké được wifi nữa mới tục chớ :))))
Ai có công chuyện đi ngang khu vực này nên thử cho biết nhé ^^Xem thêm",70
591,Thái Minh Châu,15/9/2017 20:32,7.2,"Quán ruột của tui mỗi lần muốn đi ăn vặt nè, quán bán siêu nhiều món nào là trà sữa trà đào, phá lấu, cút lộn. Phá lấu ở đây làm ngon, nước béo thơm chấm bánh mì bá chấy, lòng làm sạch nên ko có mùi hôi. Bánh tráng cuốn ú nu chấm sốt me pha chút bơ béo ngon lắm. Bữa lo ăn chỉ chụp được ly trà thạch thôi)). Ủng hộ quán hoài!Xem thêm",71
592,phuonghoang1910,18/8/2017 22:06,4.2,"Vừa ghé quán. Nằm trong lối khá khó tìm vì mình từ xa tới. Sàn nhà ko dc sạch lắm, bụi. Thảm ngồi cũng ko sạch. Đồ ăn thì quá ngọt. Mình người bắc nên có lẽ ăn ko quen. Bánh tráng trộn ngọt, bò khô quá ngọt ko ăn nổi nửa đĩa, nước chấm cũng quá ngọt. Thực sự đồ ăn mình gọi ko ăn hết dc mặc dù ko nhiều. Chỉ có phá lấu thì ngon, nhưng lại chỉ còn suất cuối cùng mà lại 2 người ăn. Haiz. Mất công đi xa. Thôi thì ăn cho biết vậy.Xem thêm",71
593,Khánh Khánh,7/3/2017 14:00,7.6,"Bữa rồi thèm ăn vặt nên ghé quán này ăn thử xem sao. Phá lấu hơi bị ngon nha, bánh tráng cuốn chấm bơ me béo béo. càng ăn càng ghiền. Chắc chắn sẽ ghé quán dài dàiXem thêm",71
594,Anh Đong,27/10/2016 10:11,7.2,"Quán này mở lâu rồi mà giờ mới được ăn thử nè. Bán quá trời đồ ăn vặt nha, có bánh tráng nướng, cá viên, phá lấu, bắp xào.... món nào nhìn cũng ngon hết hà. Giá cũng hạt dẻ nữa nên mình thấy hợp túi tiền sinh viên hihi. 
Chắc ghé dài dài quáXem thêm",71
595,Nguyễn Ngân,25/10/2020 15:32,8.2,"Quán có menu đa dạng, gồm các món ăn đặc sản của Bình Dương: gỏi gà măng cụt, mẹt 5 món rau rừng (cá rô bí, tép đồng, cá lóc nướng trui, thịt luộc..), gà hấp mắm nhĩ, cháo bồ câu, tôm càng sông,....
Không có gà nướng đất sét và bò nhúng mắm ruốc, đề nghị quán bổ sung 2 món này kaka.
Món nào cũng rất ngon, giá hợp lí.
Quán sau này nâng cấp đẹp hơn, nhiều chòi riêng tư hơn.
Rất thích quán và sẽ còn ghé thường xuyên.Xem thêm",72
596,Đường Phượng Thư,10/7/2019 10:57,7.4,"Mình thấy menu của quán khá phong phú, ngoài món đặc sản gỏi gà măng cụt ra thì còn rất nhiều món khác, nếu đi nhóm đông sẽ có nhiều lựa chọn, ngoài món chính ra còn có bán măng cụt và sầu riêng, giá mình thấy cao hơn bên ngoài, măng ngon còn sầu riêng cũng bình thường có giá 90k/kg. Nếu đi sớm khoảng 10h hơn thì quán còn khá vắng, đến hơn 12h mình thấy gần như kín chỗ, xe hơi đậu rất nhiều, đa số là khách từ Sài Gòn lên đi theo nhóm trên 10 người, có không gian riêng nên thấy cũng thoải mái.Xem thêm",72
597,Đường Phượng Thư,10/7/2019 10:49,7.4,"Mỗi năm tới khoảng tháng 6 là bạn mình đã râm ran rủ lên Bình Dương ăn gỏi gà măng cụt, nhiều lần bỏ lỡ nên năm nay quyết tâm ăn cho biết, nhóm mình lần dò theo địa chỉ thì đi qua chợ Lái Thiêu chạy tới chút có ngã ba quẹo trái chạy thẳng hướng Bình Nhâm tới cây cầu (quên tên) nhìn bên tay trái sẽ thấy để bảng quán Vườn Măng chạy vô hẻm một đoạn nữa sẽ thấy quán bên tay trái. Nhóm mình đi 3 người nên gọi 1 con gà tre không cháo giá 400k, lúc đem ra mình chỉ thấy gà không thấy măng, cũng đang thắc mắc thì em nhân viên chạy ra xin lại vì quên để măng, hú hồn. Theo mình thì căn bản món ăn vẫn là gỏi gà, măng còn xanh được cắt miếng ăn giòn giòn cũng ngon nhưng không quá đặc biệt, ăn một lần cho biết chứ giá cũng không rẻ. Nếu tò mò thì cũng nên thử một lần, với cuối tuần ăn ở tại vườn cũng mát mẻ, thích hợp cho nhóm bạn hoặc gia đình.Xem thêm",72
598,Phan Binh,10/10/2018 13:55,3.6,"Nhà hàng có địa điểm tốt trang trí đẹp sang trọng là điểm cộng cho nhà hàng. 
Điểm trừ tuyệt đối cho nhà hàng là giá cả đắt hơn khách sạn 5 sao.
Nhân viên phục vụ thiếu chuyên nghiệp không có trách nhiệm. 
Khách gọi món chờ quá lâu nhưng không phục vụ món. 
Loncola 45k soda 65k 
bún bò 45 phút chờ đợi kết quả không phục vụ. Thất vọng về nhà hàng.  Không hẹn ngày gặp lạiXem thêm",73
599,Phan Binh,10/10/2018 13:19,2.8,"Tôi thường ghé nhà hàng ciao cafe Minh Sáng plaza để dùng bữa trưa. Nhưng tôi thất vọng nhiều về chất lượng phục vụ của nhà hàng. Nhân viên phục vụ không quan tâm đến yêu cầu của khách.  
Thời gian đặt món ăn chờ từ 12:30 đến 13:15 nhưng nhà hàng không thể phục vụ được món ăn. 
Nhân viên trả lời do thiếu đầu bếp nên không đáp ứng được thời gian phục vụ món ăn,  một lý do không thể chấp nhận được đối với nhà hàng Ciao cafe. 
Đây là lần cuối sử dụng dịch vụ của Ciao minh sáng plaza. 

Hãy tẩy chay với chq61tlu7o75ng kém nàyXem thêm",73
600,Thuỳ Nhung,13/1/2017 16:03,7.4,"Có dịp đi Bình Dương tụi mình ghé vào Minh Sáng để ngắm nghía gốm sứ Minh Long đã đời rồi ghé  vào Ciao Cafe luôn. Không gian thoáng mát, thiết kế hài hòa, yên tĩnh, thoải mái đây quả là chỗ nghỉ chân hơi bị sang chảnh luôn ấy chứ. Menu đa dạng các loại nước uống và đồ ăn tha hồ lựa chọn đặc biệt là cafe hơi bị phong phú. Phục vụ khá ổn. Giá cũng kha khá cao do nằm trong khu thương mại. Nếu đi Bình Dương ghé vào cũng oki.Xem thêm",73
601,Lê Rain,19/10/2015 18:41,6.0,Kêu 2 ly cafe mà lâu thiệt lâu mới cóXem thêm,73
602,Royale Royale,28/9/2015 18:28,4.2,"Mỗi năm thì họ hàng bạn mình đều đến Bình Dương để đi chùa, ăn bánh bèo bì và vào Minh Long mua đồ sứ. Ngay trung tâm tầng trệt là quán cafe Ciao với nhiều bàn ghế. Ciao nổi tiếng là mắc rồi vì đối tượng khách hàng thuộc khá giả trở lên. Sau khi xem hết đồ sứ Minh Long thì mình ngồi lại kêu kem ăn. Kem ko ngon lắm, ăn cho đỡ nóng thôi, trang trí kem cũng xấu lắm. Được cái là địa điểm trong 1 tòa building nên có máy lạnh, view building sang trọng, đẹp. Phục vụ thì chậm, kem chỉ việc múc ra thôi mà bắt gia đình mình chờ nửa tiếng.Xem thêm",73
603,Pianist 3939,13/9/2014 11:13,6.6,Đồ ăn rất đắt. Không gian đẹp sang trọng có thể đi dạo quanh toà nhà xem đồ gốm Minh Long. Có vẽ đồ gốm kế bên. Nhân viên lịch sự. Thức ăn ra hơi chậm. Giá một tô bún bò xấp xỉ 100k vì chủ yếu là tiếp khách sang trọng.Xem thêm,73
604,Huỳnh Như,14/9/2023 14:51,5.0,Quán ăn không khí thoáng mát món ăn ngon lắmXem thêm,74
605,kimpt75,30/8/2018 9:41,9.0,Món cá chiên xù ngonXem thêm,74
606,dungvu264,30/8/2018 9:32,8.0,"Quán ăn sạch sẽ, rộng rãi, có chỗ vui chơi cho trẻ em, chỗ để xe rộng rãi, nhân viên nhiệt tình, giá cả hợp lý thích hợp cho gia đình. Quán cũng có chỗ cho các bạn chụp hình sống ảo nữa.Xem thêm",74
607,Cuong,20/7/2018 16:13,8.2,"không gian thích hợp cho các tiệc tùng, hội nghị. có khu vui chơi cho các bé.Xem thêm",74
608,Toan Dao,24/3/2019 13:19,5.0,mỗi lần đi cúng về cúng ghé cùng gia đình. dc nghỉ giải lao nhăm nhi ly cafe. dc ong chủ vườn tặng xoài. ong ngoại rất thit ở đây.Xem thêm,75
609,Yen  Nguyen,15/11/2018 22:06,8.6,"Bạn mình thích ghé đây gần giờ trưa, khá yên tĩnh.
Khung cảnh mát mẻ ngay bờ sông, có thể ngồi ngắm sông, nhâm nhi cà phê và viết sách. 
Bên trong quán có một cái đình nhỏ thờ bà Thánh Mẫu. 
Cây xanh toả bóng mát, mặc dù bên ngoài trời khá nóng. 
Quán không có mái che, chỉ có dù vì cây ở đây khá nhiều nhưng trời mưa thì hơi bất tiện. 
Cà phê thơm, đậm đà. Sinh tố trái cây hay kem trái dừa cũng ok lắm. Đặc biệt mình thích món yaourt trái cây có sầu riêng ngon tuyệt vời. 
Có món chay và vài món ăn vặt, giá cả hợp lý.Xem thêm",75
610,Cương Vũ,23/9/2014 21:20,7.6,"Quán nằm cuối đường Ngô Quyền, nằm ven sông nên rất thoáng mát. quán rộng rãi, khung cảnh thơ mộng. Nhưng đén buổi chiều tối hoặc buổi tối thì hơi nhiều muỗi.
Trước đây quán rất đông khách, nhất là các cặp nam thanh nữ tú hay chọn quán này làm địa điểm hẹn hò. Nhưng từ khi có một quán gần đó cùng motip ra đời thì quán cũng ít hơn.
đồ uống của quán khá da dạng, mình vô quán chỉ uống cafe nên quán này mình cũng gọi cafe. cafe của quán uống khá, không bị khét.
trong thực đơn mình thấy còn có cả đồ ăn như hủ tíêu, cơm ... nhưng mình chưa ăn thử nên cũng không biết chất lượng thế nào.
Ngồi trong quán, nhâm nhi ly cafe, ngắm lục bình trôi trên sông quả thật là tuyệt !Xem thêm",75
611,Vienha Nguyenthuy,12/1/2013 9:25,8.4,"Thùy Linh Cafe là địa điểm quen thuộc của các đôi yêu nhau tại Lái Thiêu - Bình Dương. Khi còn yêu nhau mình và chồng mình cũng thường đến đây. Quán nằm cạnh bờ sông nên rất mát mẻ, rộng rãi và gần gũi với thiên nhiên.
Bạn cũng có thể đến đây 1 mình để thư dãn và tận hưởng cảm giác rất riêng tư và thoải mái. Thức uống ở đây cũng đa dạng, phóng phú và ngon miệng. Giá cả cũng hợp lý và bình dân.Xem thêm",75
612,nhimeo95,26/6/2018 12:36,7.2,"Quán rộng rãi có nhiều sự lựa chọn cho khách từ chòi đến nhà gỗ sân vườn và phòng lạnh. Món ăn làm cũng rất oki đồ uống có hơi đắt một tí nhưng view đẹp
Buổi tối nhìn lung linh hơn nhiềuXem thêm",76
613,vu_ngoc_xuyen,26/4/2018 0:46,9.6,"Đã từng ghé quán nhiều lần. Quán thích hợp cho dân văn phòng hơn, nhạc nhẹ yên tĩnh,  wifi mạnh, không gian thoáng mát tuy phong cách trang trí hơi sến và rối ren không theo phong cách nào cả. Nước thì cũng chỉ là những món thông dụng thôi chứ không có gì đặc biệt nhưng nhìn chung các món nước đều ngon. Quán cuối tuần hay đông và ồn ào vì có nhiều trẻ con chứ ngày thường thì không gian rất yên tĩnh. Bạn nào cần không gian làm việc thì nơi đây khá lý tưởng.Xem thêm",76
614,HalleLe,11/9/2017 21:23,7.0,"Cà phê Gia Nguyên là nơi quen thuộc, là không gian mà những bạn trẻ, học sinh, sinh  viên, nhân viên văn phòng, cô chú lớn tuổi trung niên đều có thể đến đây họp mặt, thư giản, làm việc. Vì quán rất rộng gồm khu nhà chồi cho câu cá, khu nhà gỗ, khu ngoài trời, khu vực phòng lạnh ( mình thích khu này nhất có thể đọc sách, thưởng thức coffee, cơm văn phòng, hoặc các món bún nóng) Nói chung cảm giác tuyệt khi đến đây.Xem thêm",76
615,J14 Tuổi,27/5/2016 17:07,7.6,"Không gian quán nhiều khu vực khác nhau khá rộng thoáng mát. Quán có hồ nước lớn có và nhiều chồi nhỏ xung quanh hồ, có nhiều cây xanh mát mẻ phòng lạnh nhiều khu nhà sàn gỗ nước uống đồ ăn tạm giá mặt bằng chung ổn!Xem thêm",76
616,Anhthu.rose,23/2/2018 20:13,7.8,Thức ăn ngon. Quán sạch sẽ. Khômg bán chủ nhật nha.Xem thêm,77
617,Đài Võ,27/1/2016 16:14,6.0,"Đã nhiều lần đi công tác ở khu VSIP 1 mấy lần đầu không biết ăn những quán ăn bình dân 15k phải nói ráng nuốt cho có cái trong bụng. Sau mấy lần chạy tìm chỗ ăn thì vô tình phát hiện quán của chú Thiên.

Ấn tượng ban đầu là quán sạch sẽ, cơm ngon đặc biệt là món gà xé phay chủ quán thân thiện. Có điểm trừ là chờ hơi lâu do khách buổi trưa ăn đông.Xem thêm",77
618,Binh Nguyen Van,4/3/2015 15:49,8.8,Món gà chiên nước mắm và gà xé phay ở đây rất ngon. Nếu công tác Oasic nhất định sẽ ghé quán này.Xem thêm,77
619,Tien Phan,21/1/2015 14:33,9.0,"Ngon, sạch sẽ và giá hợp lý.Xem thêm",77
620,Tân Lê thị,1/8/2019 12:42,6.0,"Đi quán này 2 lần nhưng là lần nào cũng bực ko chịu dc
Lần đầu thì do bàn mình gọi đồ ăn quá nhiều nên ăn ko hết dư hầu như gần nửa đồ ăn, thậm chí có món mang ra còn ko ai đụng đũa thế là kêu nhân viên cho xin mấy cái hộp mang về, nhân viên dạ vâng xong đi mất hút, kêu qua 4 người người nào cũng uh xong bỏ đó mà tính tiền xong rồi mang bill tính tiền cũng ko mang hộp ra ngồi mãi ko có hộp bỏ đồ mang về cuối cùng mọi người bực mình đi về, còn bàn ăn thì dư quá trời đồ ăn để lại phí phạm. 1 năm sau mới quay lại quán dịp sinh nhật sếp ở cty cũng gặp tình trạng y chang,Xem thêm",78
621,Minh Quân LT,8/3/2018 23:39,6.4,"Mình mời khách ở đây lần đầu thấy ưng ý về không gian hơn các chỉ tiêu khác. Khu vực ngoài trời rộng, đẹp, thoáng khu vực phòng vip cũng ok, có hành lang, cách riêng khu bên ngoài nên yên tĩnh, phòng không rộng lắm nhưng cũng ổn cho 6 - 7 người.

Phục vụ thì cũng ok, có điều chưa chu đáo lắm, nhân viên ngồi ghế bên ngoài phòng nhìn vào nhưng ít chú ý khoản hết bia hết đá, phải nhắc nhiều lần rồi tự phục vụ luôn.

Món ăn thì : đậu hủ non chà bông rất ngon, hàu phô mai to nhưng sao bữa đó ăn thấy ngán, bò nướng hơi khô không hấp dẫn, gà hơi dai ăn ngán, cua hấp chắc thịt ngon, cá nướng không thu hút, trứng luộc dầm nước mắm chấm rau luộc ổn.
Dở ở chỗ ăn cua mà không có tô nước rửa tay tạm tại bàn.

Toilet thì dở ở chỗ không có khăn, xà bông nước rửa tay. Rốt cuộc ăn cua rửa tay vẫn còn mùi.Xem thêm",78
622,HalleLe,13/9/2017 12:50,6.6,"Bữa tối ấm cúng cũng là sinh nhật của Mẹ, cả nhà dắt nhau tới quán Sông Xanh cùng ăn và nhậu nhẹ nhẹ.
Mẹ kêu cái Lẩu, một kg Cua, và chai Rượu cho 4 người. 
Vừa ăn vừa nghe nhạc, âm thanh cũng không tệ. Vì vị trí gần bờ sông nên thoáng mát và thoải mái vô cùng. Đến gần tối hơn thì nhìn về hướng cầu Sắt những ánh đèn le lói cảm thấy phồn hoa ảo diệu. Thíc.
Nhân viên phục vụ ở đây dễ thương và nhiệt tình lắm. Ăn nói nhã nhặn lịch sự. 
Hẹn sẽ quay lại.Xem thêm",78
623,Trang Huyền,31/7/2017 14:30,7.2,"Không gian: quá hoàn hảo, gần bờ sông nên thoáng mát, gió lồng lộng
Thức ăn: đồ ăn khá ngon, trang trí đẹp bắt mắt
Giá cả: Những món mình gọi giá cả cũng vừa phải nhưng nhìn chung các món khác khá mắc
Nhân viên: phục vụ khá nhiệt tình
Bãi đậu xe máy, ô tô thoải máiXem thêm",78
624,Van Thanh,19/4/2017 0:27,8.0,"Cuối tuần ghé thử quán này. 
Nhóm mình đi 4 người
Thiệt hại mỏi người 30k ăn uống phủ phê
Thức uống có kem Nga Mi dâu ..v.v khỏi chê. Giá có 19k 1 ly có kem so với chổ khác là quá bèo nhèo luôn. Đồ ăn đủ món xx đức bánh tráng , xoài lắc .ăn ngon hơn mấy chổ mình từg ăn 
Có khoai lang  khoai tây lắc nên k sợ đói.
Nói chung gì cũng ngon..menu đúg tính chất phái NgA Mi trên núi luôn nguyên cuốn bí kíp
Chủ quán nhiệt tình nữa 👌👌👌 có phiếu tích điểm mua 5 tặng 1 . Chắc chắn ghé lại để tích điểm haha.Xem thêm",79
625,Khánh Khánh,7/12/2016 17:53,7.2,"Tuần rồi cùng đám bạn có ghé quán này uống lẩu trà sữa nè. 3 đứa uống no xỉu luôn nha. Trà sữa nguyên bình đầy luôn, có nhìu loại thạch lắm, có thạch trái cây, trân châu nè...
Nói chung chia ra mỗi đứa chừng hơn 40k á. 
Chắc sẽ ghé hoài nèXem thêm",79
626,Huong Nguyen,24/10/2016 1:29,8.8,"lượng giá rẻ không gian thoáng mát, trang trí đẹp . Có hiên trên lầu . Trên lầu nhìn xuống đường ngắm xe rất là lãng mạnXem thêm",79
627,nhungnhung05,26/12/2021 23:50,10,Trà sữa full topping uống 1 ly là no nêXem thêm,80
628,nhungnhung05,26/12/2021 23:47,9.8,Milo dằm topping nhìu nhaXem thêm,80
629,nhungnhung05,26/12/2021 23:45,9.6,Đồ uống ngon - giá phải chăngXem thêm,80
630,nhungnhung05,26/12/2021 23:40,5.0,♥️♥️♥️ Món ngon mỗi ngàyXem thêm,80
631,HT Thu Vân,16/6/2021 21:21,10,"Pizza ngon , giá mềm, topping nhiều. Rất hài lòng và sẽ quay lạiXem thêm",81
632,My Dâu Nguyễn,10/6/2021 10:36,10,"Pizza ngon lắm các bạn ơi, giá lại rẻ hơn thị trường, được freeship tận nhà.
Đế giòn giòn, nhân ngonXem thêm",81
633,Huỳnh Như Hồ,10/6/2021 10:26,10,"Pizza ngon, rẻ, shop nhiệt tình. Mua còn được freeship, ủng hộ shopXem thêm",81
634,Tâm Lê,15/3/2022 12:37,6.0,"Lẩu ngon và chả cá chiên khá lạ miệng, ngoài ra thì thái độ phục vụ ở đây khá chán đúng như mọi người review: không niềm nở/thân thiệnXem thêm",82
635,YẾN NHI,8/3/2019 8:48,8.2,"Mình thấy nhiều người ăn ở đây rồi chê này nọ nhưng từng ăn ở đây nhiều năm, bọn mình đều có chung nhận xét tốt hơn xấu. So với mức giá ở đây và chất lượng thức ăn như vậy thì khó tìm được quán tương tự ở nơi khác, còn dịch vụ thì quán đắt tiền cũng chưa chắc đã tốt!

Bọn mình ăn xong còn dư nhiều, mấy chị phục vụ hỏi có đem về không và bỏ vô hộp kèm rau, mắm rất chu đáo, đầy đủ như mua phần mới nguyên vậy.

Nhân tiện, quán có món thác lác bọc bánh tráng chiên giòn quá ngon, ăn hao mà không ngán!Xem thêm",82
636,Tanu Oh,12/12/2018 10:56,6.8,"Mình đi ăn xong mới lên dạo foody, thấy mọi người phản ánh về thái độ phục ở đây kém. Mình cũng thấy tệ thật, nhưng mình đi ăn kiểu này quen rồi hay sao ấy nên cũng thấy bình thường. Không được lịch sự, chuyên nghiệp như các chuỗi nhà hàng hay quán ăn, cũng không vui vẻ như một số quán khác, phục vụ ở đây theo mình hơi cộc, nhưng phục vụ nhanh, không quát nạt, khó dễ là mình thấy ổn rồi.
Quay lại vấn đề chính, mình thấy lẫu khổ qua này khá lạ, mình mới ăn lần đầu luôn. Chả cá ngon, dai và ngọt ngọt nữa!Xem thêm",82
637,Kim Oanh Trần,9/11/2018 15:16,1.0,"Trời ơi hom nay vừa ăn xong là phải ngoi lên đây review cho mọi người đọc mà né cái quán cô hồn này ra. Đồ ăn thì mắc mà lại không ngon, chủ quán thái độ rất hống hách, bất lịch sự. Mình không hiểu sao với thái độ đó mà làm chủ được luôn !!
Bỏ tiền ra ăn đã không được khẩu vị ưng ý mà còn bị cảm giác như đi ăn xin! 
Rất không đáng tiền, không đáng 1 sao, không bao giờ quay lại !!!Xem thêm",82
638,Trinh,7/11/2018 16:57,1.8,"Khuyên chân thành mọi người đừng bao giờ ăn quán này. Chất lượng trung bình, bà cô k biết là chủ hay phục vụ nhưng thái độ như cô hồn, giá cả mắc, đồ khách k kêu cũng mang ra đặt lên bàn xong khách k ăn cũng tính tiền 🙄🙄. Ăn xong còn rước thêm bực vào người. Không bao giờ quay lại. Ai chưa ăn thì không nên thử dù chỉ 1 lần 😤Xem thêm",82
639,Thành Tâm Nguyễn,11/1/2016 18:29,6.0,"Mình vừa được vài người bạn giới thiệu đến quán lẩu Khổ Qua ở địa điểm cầu Ông Bố Lái Thiêu, có 2 quán 1 và 2, món lẩu nấu với cá thát lát, thêm tô xí quách nữa rất ngon, mình có hỏi thăm quán đã mở hơn 20 năm, và là món lẩu khổ qua đầu tiên ờ Bình Dương. Ngoài ra món bò nướng, lòng nướng và tép um cũng rất ngon. Vài hôm sau mình mua về nhà đãi tiệc mọi người đều khen và hỏi thăm địa chỉ. Tiếc một điều là chưa có chi nhánh ở Sài Gòn. Nếu anh chị nào có dịp đi Bình Dương nên thưởng thức món lẩu khổ qua cầu Ông Bố xứng đáng là món ăn đặc sản Bình Dương.Xem thêm",82
640,Khách Đang Đói,1/1/2019 11:48,8.0,"Chất lượng và giá cả phải chăng. Bãi đổ xe cũng khá là thoải mái. Đặc biệt nhân viên ở đây rất thân thiện và niềm nở. Trên tầng có view khá đẹp, và thoáng mát. Không chỉ tập trung vào các món gà, các món khác cũng như đồ uống cũng rất ổn. Buổi trưa còn có cơm trưa giá từ 30,000₫.Xem thêm",83
641,Phương Anh,30/7/2017 23:26,9.6,"Quán dễ tìm , nằm gần chổ dạy anh ngữ Hà Lan. Quán nằm hơi khuất bên trong nên m.n chú ý sẽ thấy nha. Có chổ đậu xe rộng rãi , không gian trang trí nhã nhặn , dễ thương , rộng rãi , thoáng mát . Nhân viên ở đây thân thiện , phục vụ tốt . Đồ ăn order xong ko phải đợi lâu.  Trên bàn có mấy chậu cây nhỏ nhỏ dễ thương cực , có cả kệ sách nữa( thích điểm này ) . Đồ ăn , thức uống đa dạng . Trà xanh đá xay và cà phê kem sữa ngon . Siêu béo và thơm. Ly cafe kem sữa size bự luôn mà có 25k thui. Trà xanh cũng giá 25k. Pizza đủ loại size nhỏ giá từ 30-38k . Đầy đủ và ngon . Thức uống nhiều loại. Bánh gà thơm , giòn và đậm đà . Khoai tây lắc phô mai thì siêu nhiều phô mai ăn thích lắm . Nói chung ở đây đồ ăn chất lượng mà giá phải chăng. Thích hợp cho học sinh , sinh viên. Sẽ ghé thường xuyên.Xem thêm",83
642,Foodee_19e55873,25/12/2016 0:19,8.0,"Thái độ phục vụ nhân viên rất ok, vô cùng lịch sự và dễ thương!!!
Đồ ăn và thức uống đa dạng, giá cả sinh viên, ngon và rẻ hơn nhiều chổ mình đã từng đến.
Quán trang trí rất đẹp, nhiều view đẹp để chụp hình check in các kiểu.
Nói chung là cuối tuần này nọ không biết đi đâu, rủ bạn bè người yêu vào đây ăn uống chụp hình thì rất ok. Wifi free có sẳn pass trên bill rất tiện!!!Xem thêm",83
643,Thảo Ngọc Linh,21/10/2019 20:28,6.4,"Trong cái mall này cũng có khá nhiều brand trà sữa mà sao lúc nào cũng thấy brand này la đông nhất luôn, xếp hàng order cả buổi mới tới lượt chứ chẳng chơi. Mình order trà sữa matcha và sữa tươi trân châu đường đen. Thấy nhân viên làm có vẻ hơi vụng về, matcha thì không nói chứ thấy sữa tươi đựng trong cái can to đùng không có nhãn hiệu nên không mạnh dạn để uống nó. Chất lượng thì tạm ổn, trà xanh ngon, không ngọt gắt, nhưnng vẫn đậm vị của matcha nha. 

Không gian hơi bé nhưng rất đông khách, menu nhiều món, giá cũng khá mềm. 

#thanhtatua #reviewfoodyXem thêm",84
644,Thảo Ngọc Linh,20/1/2019 13:11,6.4,"Quán trà sữa này khá đông ở trong siêu thị luôn, mình đi thấy buổi tối lúc nào cũng đông hết. Thì theo trào lưu, ở đây cũng đã có sữa tươi trân châu đường đen rồi nè, giá khá mềm chỉ với 38k ly lớn luôn. Uống thì cũng được nhưng mà nó là trân châu vị cà phê, nước đường cũng vậy, khá mới lạ, khá ngọt, và hình như pha bằng sữa tươi có đường. Mình có thấy nhân viên làm, bình sữa tươi không nhãn hiệu nên lỡ rồi uống cho biêt thôi chứ mình cũng không thích uống vị cafe
Không gian cũng to, menu khá nhiều món, nhân viên ít, nên chờ món khá lâuXem thêm",84
645,Ngô Quỳnh,16/11/2018 15:38,10,Cực thích món Matcha sữa tươi này lun í í. Béo béo vị sữa thơm thơm vị trà tuyệt qué hí hí 😍😍Xem thêm,84
646,Triên Trần,16/11/2018 15:10,10,"Rất thích nơi này trà sữa thơm ngon rất tuyệt😋😋😋  uống vào chỉ ghiền thôi, nhân viên rất dễ thương 😙😙
Thích quá !!!Xem thêm",84
647,Ngạn Bỉ,16/11/2018 14:51,8.2,"Uống Sữa tươi trân châu đường đen ở nhiều chổ. Nhưng không ở đâu ngon bằng Sữa tươi trân châu đường đen BUBBLY. 
Nhân viên vui vẻ, rất nhiệt tình dễ thương. Sẽ ghé mua nhiều lần nữa.
Nghiền mất rồi 😘😘😘Xem thêm",84
648,Bee  Cul,4/1/2015 9:44,6.6,"Hôm trước xuống chơi ở AEON Bình Dương, mua đồ ăn xong thì khát nước nên mình với bạn kiếm chỗ bán đồ uống, thấy menu ở đây đa dạng mà giá cả cũng mềm nên gọi thử. Quán cũng chỉ là 1 kiot nhỏ trên AEON, không có chỗ ngồi. Mình gọi Matcha Green Tea còn bạn mình gọi Trà Ô long, hết hơn 40k cho 2 ly. Ly trà xanh của mình siêu ngọt, mùi trà xanh cũng không đậm, uống toàn thấy đường và sữa thôi, thua xa trà xanh bên Cuộc sống dễ dàng, phần kem tươi cũng béo, ngọt nên ăn ngán. Trà Ô long bạn mình kêu cũng không ngon lắm. Với mức giá như vậy mình thấy vẫn là cao so với chất lượng, uống 1 lần cho biết thôi!Xem thêm",84
649,htthuong,14/10/2018 10:26,8.0,"Quán rộng, nhiều cây mát mẻ
Đồ ăn làm khá ngon, đặc sản là món gỏi gà măng cụt 😋
Tuy nhiên, phục vụ hơi chậm tíXem thêm",85
650,Trang Huyền,4/8/2017 23:28,6.8,"Không gian: kiểu sân vườn, cây cối khá nhiều nên rất mát mẻ
Chất lượng và giá cả: gỏi gà măng cụt rất ngon tuy nhiên giá thay đổi theo mùa, nhìn chung giá khá cao so với mặt bằng chung nhưng đáng đồng tiền bát gạo 😂
Nhân viên: phục vụ cũng khá chu đáoXem thêm",85
651,Đặng Phát,22/11/2016 22:59,6.8,"Quán có khung cảnh đẹp, thiên nhiên rất thích hợp cho ai yêu thích sự yên tĩnh, đồ ăn thì tương đối ok, chỉ duy nhất 1 điểm trừ là quán nhìu muỗi vào buổi chiều và tối.Xem thêm",85
652,Agn  Nart,16/11/2016 14:13,7.4,"Ghé quán dịp cuối tuần, quán ăn kiểu gia đình nên không gian rộng rãi thoáng mát, và đặc biệt ấm cúng.
Menu món ăn ở đây thì chủ yếu các món kiểu Việt Nam như: gỏi măng cụt, gà tre hầm... Hương vị khá ngon, đậm chất đồng quê nên cá nhân mình rất thích.
Có dịp nhất định sẽ ghé quán thử :PXem thêm",85
653,Thao Trinh,16/5/2021 12:02,7.0,"Thích đậu hũ Tứ Xuyên và canh chua cay ở đây.
Quán này cũng thường ghé ăn khi có dịp đi công tác Bình DươngXem thêm",86
654,Thao Trinh,7/10/2020 21:42,7.0,"Quán này lúc nào cũng đông khách hết, giá cả ổn, khẩu phần cũng nhiều tuy nhiên nếu gọi các món như mình gọi thì sẽ ngán đó do có nhiều tinh bột. Ăn ok nhaXem thêm",86
655,Thao Trinh,29/12/2019 16:44,7.0,"Quán ăn này khá được đó, chủ yếu người Hoa. Phần ăn đầy đặn, lo ăn quá không chụp đủ món.
Nên ăn thử sủi cảo ở đâyXem thêm",86
656,Thụy Nguyễn Thái,8/7/2019 16:42,6.8,"Mình ăn món sủi cảo này chỉ mới có 1 lần thôi. Mẹ mình mua nó cho mìn ăn đi học thêm hồi lớp 9, một phần ỡ 30k đến 40k thì phải. Hương vị cũng oke lắm, miếng sủi cảo to bự. Bên trong nhận thịt bằm, hành lá nhưng theo mình nghĩ thì phần nhân hơi ít. Nếu phần bột nhỏ lại thì nhìn vừa vặn hơn vì bột to quá thì lúc cho vào miệng hơi khó khăn ( tại mình thích ăn một lần vô luôn nguyên 1 miếng sủi cảo (・∀・) ) Nước chấm lần đầu tiên đó mình ăn chắc chưa có kinh nghiệm nên pha hết tất cả những gì có trong phần: nước tương, ớt, dầu sa tế. Mà phần dầu thì nhiều gấp 2 lần nước tương luôn, dầu thì nổi lên trên một lớp dày, ớt thì lềnh bềnh phân bố đều... Mình muốn chấm nhiều nước tương mà không thể được, toàn là dính ớt và miệng toàn dầu không.Xem thêm",86
657,P H T,26/5/2020 21:49,8.6,Chiều chiều ngán cơm ra kêu phần bò nướng với cái lẩu là đủ đầy cho buổi tối. Vừa ăn vừa ngắm sông nước thư giãn đầu óc sau một ngày làm vất vả 😆Xem thêm,87
658,nhi le,27/11/2019 11:45,8.8,"Vị trí quán cũng khá dễ tìm, vừa qua cầu ngang quẹo phải là sẽ thấy quán.
Đồ ăn ở đây vị rất ngon, số lượng thì tương đối ổn, kết nhất là nước chấm chao, chấm đồ nướng là tuyệt vời.
Phục vụ khá nhanh, phong cảnh rất thơ mộng và mát mẻ, khuyên  là nên đi lúc nước đầy chứ nước cạn thì có mùi bùn (nói chung hên xui).
Ngày mình đi là 4 người, tổng thiệt hại hết khoảng 400KXem thêm",87
659,Yen  Nguyen,3/1/2019 10:48,8.2,"Đi ngang nhiều lần nhưng giờ hai đứa mới ghé vào thưởng thức món bò tại đây, ngày thường mà quán lúc nào cũng đông khách ra vào. Mình nghĩ quán địa phương chắc chắn phải ngon lắm.
Chủ quán và nhân viên rất là dễ thương. Mặc dù tụi mình không dùng bữa lâu nhưng họ rất vui vẻ và niềm nở.
Thịt bò tươi, cái bếp than rất ngộ nghĩnh.
Rau rửa sạch, chuối xanh non và khế vừa chua. 
Món bò bóp thấu cũng khá ngon, nêm vừa ăn.
Khung cảnh bờ sông khá thoáng mát. Thanh bình và êm ả.Xem thêm",87
660,foodee_6yeqr3j7,5/2/2022 12:20,4.2,"3 ngày liền báo hết món chay...vậy hệ thống để món chay trên menu làm gì???
Thái độ nhân viên thì nên học lại cách trả lời và giao tiếp với khách...
Quán ế thì phục vụ đc....quán đông thái độ tỏ rõ...
Hệ thống quản lí vậy nhân viên sẽ làm mất khách...Xem thêm",88
661,Thuý  An,16/2/2019 17:53,9.2,"Đó h thật sự không tin vào Foodcourt của AEON nhưng hôm nay lại thấy quá đỗi lạ thường luoon 
-
Review nóng hổi vừa ăn xong nồi lẩu 🙏🏼 Quá ngon luôn, đồ ăn tươi , nước lẩu vừa miệng và phục vụ nhanh gọn . Thấy quá ổn 😆😆😆 
-

Cảm thấy đây là lần đầu tiên thấy lẩu Công Chúa ok tới v 🥺🥺🥺Xem thêm",88
662,Ngày Mai,27/6/2016 16:25,4.0,"Đây là lần đầu tiên mình đến Aeon mall bình dương, do mình học quân sự ở gần đây nên mới có dịp đến Aeon chơi. Mình đi dạo foodcourt để kiếm lẩu thì có thấy Lẩu công chúa. Mình gọi một Lẩu thái dành cho 2-3 người. Giá thì tầm 150k/lẩu (mình không nhớ rõ lắm), gọi thêm bún thì tính thêm tiền ( hình như 9k/dĩa bún ấy) 
Lẩu thái theo mình thấy thì cũng tạm được, nước lẩu hơi nhạt, không được đậm đà cho lắm. Đồ ăn hải sản này nọ cho phần lẩu 150k cũng không nhiều như mình nghĩ. Nhìn chung thì lẩu nhìn hấp dẫn và bắt mắt. 
Phục vụ thì mình thấy không được thân thiện cho lắm, quên đưa mình cái vá múc nước lẩu, mình chạy lại xin thì nhăn nhó có vẻ khó chịu.Xem thêm",88
663,LoytaTse,25/12/2015 17:21,4.6,"Ngày nào cũng sang Aeon, ăn hầu như hết tất cả các quán ở Aeon Bình Dương, chưa thấy quán nào mà phục vụ mất lịch sự và vô lễ với khách hàng như vậy.

Sau khi order 2 phần thức ăn, thì mình đến xin khăn giấy, cô nhân viên cho đúng 2 tờ, mình vừa cười vừa nói cho mình xin thêm 1, 2 tờ nữa và bị cô nhân viên đáp lại thẳng thừng:"" Không đc, như vậy được rồi!!!"" - thiệt sự bị shock và đặc biệt với một thái độ cực kỳ coi thường khách

Sau khi ăn xong, mình quay lại hỏi, cho hỏi một bạn khác ai là quản lý, thì bạn đó trả lời là không có và cô phục vụ khi nãy đứng oắt vậy và nói ""là e nè, sao a?"" - thái độ ngông nghênh quá mức...

Tóm lại, đây là quán phục vụ có thể nói tệ nhất của cả cái Aeon Binh Duong, 
bạn hãy đến và cảm nhận !!!!!Xem thêm",88
664,Trang Mieu,19/5/2019 10:41,7.6,"Mình ghé quán tối thứ 7, thấy khá đông người ăn. Quán đổi địa chỉ không còn ở Nguyễn Trãi nữa.
- Mình gọi Vú dê nướng và Cà ri Dê. Thịt dê ở đây ko còn mùi nên ăn được. Gọi 2 món 2 người ăn là no nê.
- Miếng vú dê dày, nướng lên giòn khá ngon (với mình thì nêm hơi mặn tí), cuốn với bánh tráng, rau hơi ít. Cà ri dê mềm, bánh mì gọi thêm.
- Phục vụ cũng khá nhanh.
- Chỗ để xe thoải mái.Xem thêm",89
665,Edwars,30/3/2019 20:23,3.0,"Thất vọng. Dê nướng ăn như thịt heo, trắng bệt, thịt mỏng
Lẩu thịt quá bở, rau cũng ko hợp.
Nói chung là chắc làm ăn ko được nên đổi địa chỉ vào hẻm. DởXem thêm",89
666,Phương Anh,30/7/2017 23:58,8.6,"Quán này bán lâu lắm rồi. Mà mỗi khi ăn lẩu dê vẫn hay thích ghé quán này . Rất bình dân. Nay quán dời vô đường Đông Nhì rồi. Chổ mới sạch sẻ , thoáng mát , rộng rãi có chổ đậu ôtô . Mỗi lần vô hay kêu vú dê nướng và lẩu dê. Vú dê dày ko mỏng như những quán khác nha . Nướng lên thơm , giòn giòn . Kèm với đậu bắp nướng hết sảy luôn. Chao ngon lắm luôn , đậm đà vừa miệng. Lẩu có đầy đủ , thịt dê siêu nhiều ăn không hết luôn. Mấy cô nhân viên nhiệt tình lắm. Giá bình dân.  3-4h chiều là quán bắt đầu bán rồi. Tầm 5-6h là bắt đầu đông lắm luôn. Bán lâu năm nhưng chất lượng vẫn không thay đổi . 😍😍Xem thêm",89
667,Sơn Ngô,19/3/2014 2:29,7.8,"Ngon, rẻXem thêm",89
668,Lê Đưc,3/8/2021 7:33,5.0,Còn bán ko shop oiXem thêm,90
669,Phượng Lê,1/8/2021 15:52,5.0,Chị ơi bên chị có rau thơm đủ loại với rau râm hk chị có thì cho e dặt sdt 0834565348Xem thêm,90
670,thaocoi124,1/8/2021 8:58,5.0,"Mn có gọi giúp e số 0984943951 
E cảm ơnXem thêm",90
671,foodee_utx8cmzp,31/7/2021 20:35,9.0,"Tươi, xanh, với thời điểm như hiện tại thì khá tốtXem thêm",90
672,foodee_b23985cf,31/7/2021 12:59,9.2,TươiXem thêm,90
673,foodee_b23985cf,31/7/2021 12:54,5.0,"Tươi, xanhXem thêm",90
674,Hà Vân,29/1/2015 21:34,8.0,"Pizza gà 70k và pizza hải sản sốt cà chua 75k
đi aeon mall 2 lần, ăn pizza ở Napoli khu Sakura đều kêu đúng 2 pizza này ^^ vì ngon và dễ ăn, 1 bánh cắt làm 6 miếng, 2 người ăn là vừa đủ. bánh mỏng giòn, đồ ăn nhiều hơn so với những tiệm pizza đã ăn trước đây
order tại quầy chỉ mất 5 phút là có thể bưng bánh ra bàn ăn, thêm 1 điểm thích thú nữa là bạn có thể đứng ngay quầy xem người ta chế biến bánh ^^
nước sốt chấm đi kèm theo truyền thống vẫn là tương cà chua và tương ớt, bên cạnh đó còn có nhiều loại tương khác nữa, như tương mè, mayzone ...Xem thêm",91
675,Trang Gilly,7/12/2014 13:27,9.4,"Pizza cá ngừ 70k, rất ngon, phô mai và cá ngừ nhiều, 2 người ăn được.Xem thêm",91
676,Job Good,18/10/2020 20:40,9.8,Nói tóm lại là rất oke. Thú siêu dễ thương.Xem thêm,92
677,Meo Cú,16/8/2020 18:29,8.2,"• Nằm trên đường Lái Thiêu, nói chung đi theo Google Maps thì cũng không khó tìm lắm, chỉ là nằm trên đường nhỏ nên mình hơi bất ngờ.

• Mình đi vào ngày Chủ Nhật, giá là 69k/người bao gồm 1 thức uống tự chọn và free kem (gồm 2 vị: dâu và vani). Nói chung giá này tuy hơi cao nhưng xét về mọi mặt thì khá xứng đáng. 
• Mình và bạn mình thử Bạc Sỉu và Hồng Trà Ướp Sữa Tươi. Đối với khẩu vị mình thì Bạc Sỉu khá ngon, không quá đắng cũng không quá ngọt, còn hồng trà sữa thì ngọt gắt quá mình không uống nổi.

• Về không gian thì mình thấy giống sở thú thu nhỏ vì ngoài***và mèo ra thì có rất nhiều loài khác như vẹt,*** kỳ đà kỳ nhông,... . 
• Khu trên lầu có máy lạnh là dành riêng cho mèo. Mình đi vào buổi trưa nên lên khu mèo ngồi để tránh nóng. Khoảng 5 giờ chiều thì nhân viên mới tắm cho các bé***xong và thả ra để khách chơi. 
• Nhìn chung không gian rất đẹp, tông màu xanh chủ đạo rất dịu mắt, có nhiều khu, buổi trưa khu ngoài trời hơi nóng.

• Bạn nhân viên lịch sự và thân thiện.

• Có một điều mình băn khoăn là lúc mình ngồi trong khu các bé mèo, thì chỉ có một mình mình thôi, mình thấy các bé mèo rất thư giãn nhưng sau đó khi có nhiều khách hơn thì thấy các bé tỏ ra căng thẳng thật sự vì có một số khách vô tình đùa giỡn làm các bé đau, không biết các bạn nhân viên có kiểm soát được vấn đề này không.

• Ấn tượng rất tốt, mình đi quá sớm nên không chờ tới 5g chiều để chơi với các bé***được, sẽ quay lại vào dịp sau.Xem thêm",92
678,nhimeo95,26/6/2018 12:38,7.4,Nghe bạn bè kháo nhau quán này lần đầu vào quán nó order cho mình socola đá xay vị không quá ngọt nên ưng rồi đấy có dịp sẽ chọn thử bingsuXem thêm,93
679,trang cún,1/3/2018 14:13,10,"Đã tới và rất mê. Thức uống ngon, thái độ phục vụ ok, không gian đẹp thoáng mát sống ảo bao choảnhXem thêm",93
680,Mây Lãng Du,1/11/2017 13:23,5.0,Thấy giới thiệu bingsu mà menu k thấy cóXem thêm,93
681,Ngọc anh Ục Ịc,4/3/2020 14:05,10,"Quán đong trà sữa kì hết sức. Mua ly nhỏ 500ml đá riêng tưởng ship tầm nửa ly ai dè đong nguyên 1 ly đầy ko bỏ đá nổi lun. Mà theo mình thấy khỏi uống đá là vừa ngọt nhẹ nước mát mát là ok rồi 
Mấy chỗ khác 500ml chắc nửa ly là đá quá. Quán này đầy trà sữa luôn. Mấy chị cty thích vị của quán ngọt nhẹ nhàng giá vậy cũng tốtXem thêm",94
682,Thảo Ngọc Linh,20/1/2019 13:44,6.4,"Brand này là trà sữa bình dân nè, uống tạm thôi chứ không thích lắm. Mình mua 3 ly trà sữa truyền thống thêm trân châu nè. 30k/ly nha. Cảm nhận thì khá ngọt, để tan đá xíu thì ok hơn, trân châu cũng mềm, uống chung khá hợp. 
Nhân viên phục vụ nhiệt tình, quán cho cái phiếu tích điểm dễ thương lắm. Nhưng mình nghĩ mình chỉ uống để biết thôi chứ bản thân không thích lắmXem thêm",94
683,Yue Leen,28/3/2018 17:08,8.6,"Đồ uống đa dạng, nhân viên vui vẻ, không gian phù hợp để hẹn hòXem thêm",94
684,Tâm Lê,9/1/2018 17:55,7.0,"Bột chiên ngon, lúc nào ăn cũng dặn cho nhiều hành, nước chấm hơi ít (chắc do mình thích chan mắm nhiều), không gian khá xập xệ, chật hẹp nhưng với 1 quán vỉa hè thỳ không đòi hỏi quá nhiều. Quán có vẻ khá ""chảnh"" và giá cũng không phải rẻ. 1 phần vì món này ở SG rất nhiều nhưng ở BD khá ít, thành ra giống như thương hiệu độc quyền vậy :))Xem thêm",95
685,Kim Ngân Nguyễn Trần,11/7/2016 1:11,7.2,"Mình chưa ăn bột chiên ở đây nhưng mình ăn gỏi khô bò ở đây quài à . Ngon rẻ nhanh lẹ . Chú Hùng có vẻ ""kiêu"" một tí nhưng mình cũng k quan tâm . Ok là ăn thôi hihiXem thêm",95
686,Nguyễn May Cơ,30/5/2016 13:32,8.8,Bột chiên ở đây thì khỏi bàn. Mình ane chỉ 1 chỗ và có khi 1 tuần mình ra những 3 lần. Ane hoài ko ngán mà rất hấp dẫn :)Xem thêm,95
687,Quỳnh Song,25/5/2016 18:38,8.0,"Ngon và giòn. Mình ăn ở đây hơn 5 năm rồi, giờ chuyển nhà ăn chỗ khác mà ko có chỗ nào ngon bằng chỗ này hết. Có dịp về lái thiêu là mình phải ghé ăn mới chịu được :))Xem thêm",95
688,Deal Voucher,13/5/2016 21:46,4.8,"Không gian : rộng rãi, thoáng, có nhiều cây và chim cá thú. 
Vệ sinh: khá.
Thức ăn: mình cảm thấy không ngon lắm. Mọi thứ cái nhàn nhạt. Thức ăn lên cũng mau. Món đa dạng. Phong phú chủng loài  . Nhiều món lạ lạ. Bò nộm rau mầm ane tạm. Rau kho quẹt thì rau nhiều loại, kho quẹt mặn quá và độ sệt nhìn không tự nhiên như nhà làm. Giò heo chiên thì bình thường, trang trí cho bắt mắt mà bắt không nổi. Mực chiên giòn thì dở tệ, lớp áo dày và ngán, mực không tươi. Cơm chiên cá mặn thì dầu mỡ và thật lòng dù món này là món ruột, đi đâu cũng kiu, nhưng ở đây mình nuốt không vô. Chọn cá để làm lẩu và hấp hay kho gì đó thì cá không chắc thịt, không ngọt. Lẩu và món cá kho hấp gì đó vị cũng chả ngon. Ăn tạm thôi. Công ty mình đi 13 người hết 2160k. Ăn rất no và siêu ngán. Thật ra là ép uổng nhau ăn sợ bỏ mang tội chứ thật lòng ai cũng ớn.
Chắc chắn là không quay lại rồi đó!
Wifi: 14101967Xem thêm",96
689,Kiên Lê,4/10/2015 20:30,8.8,"Một không gian dân dã, nhiều động vật nhìn rất vui mắt. Mon ăn ngon, giá cả hợp lí. Nhân viên xinh đẹp, phục vụ tận tình.Xem thêm",96
690,Tân Lê thị,19/9/2015 13:37,7.2,"Hôm trước cả cty rủ nhau tới đây tổ chức sinh nhật cho 2 a chị trong cty. Không gian quán chả có gì đặc biệt, đi vào cổng nhìn thấy ngay cái chuồng gà của quán nằm ngay ở cổng trước khu vực bàn ăn, thấy hôi hôi  nhưng vào trong thì khu vực bàn ăn của khách sếp khá ngăn nắp, gọn gàng và sạch sẽ.
Món ăn ở đây mình không thích lắm chắc là do không hợp khẩu vị của mình, ăn món gỏi mực cảm giác mùi hơi tanh, nên mình không ăn được, món gà nướng và mực trứng chiên là mình ăn được. Cháo bồ câu xếp hình bồ câu giống con rùa nhìn rất hay, nhưng bằm sống mang ra khiến mình hơi sợ và hông dám ăn món này. Gía ở đây cũng khá rẻ, bình dân cho những cuộc ăn nhậu bạn bè thoải mái. cty mình đi tới hai mươi mấy người, nhậu hết 3 két bia, ăn uống quá trời chỉ hết có hơn 3tr, tính ra cũng là khá rẻXem thêm",96
691,Hà Mi,30/6/2017 13:44,7.2,"Lẩu tôm ở đây có tiếng nào giờ, nồi lẩu bưng ra quá trời tôm luôn nhìn hấp dẫn cực kì, nước lẩu chua chua cay cay, tôm tươi ăn thích lắm, không gian thoáng mát, phục vụ thân thiện. Sẽ quay lại quán nha!Xem thêm",97
692,Nga Le,21/2/2017 9:15,7.2,"Rảnh rỗi chạy từ Thủ Đức lên đây ăn lẩu tôm. Có nhiều sự lựa chọn về giá cả cho 1 cái lẩu tôm. Mình gọi 1 lẩu 150k. Có 6 con tôm càng to bự, thịt chắc và ngọt, 1 dĩa rau đủ loại, 2 dĩa bún, nước lẩu chua ngọt ăn đã lắm. Mình có gọi thêm 1 mì xào thập cẩm nữa, đúng là thập cẩm luôn, ngoài rau và mì còn có tim, gan, phèo, lưỡi heo, bao tử heo, bò viên, trứng cút, tôm, mực. Ăn ngon và no cành hông. Quán khá rộng và thoáng. Nhân viên cũng dễ thương. Lên món hơi lâu chắc do có khách order mới nấu cho nóng sốt. Cái này cho mấy bạn đi từ Lái Thiêu lên: cứ đi thẳng đường Cách Mạng Tháng Tám, chạy qua chùa Bà Thiên Mụ, qua Chợ Búng luôn, rồi qua 1 cái cầu gọi là cầu Trắng tầm 500m, quán nằm bên tay trái ngay mặt tiền đường.Xem thêm",97
693,Khánh Khánh,13/2/2017 14:44,7.6,"Hôm trước đi ăn sinh nhật nhỏ bạn ở quán này nè. Thấy hơi bị ngon luôn í. Lẩu tôm ngon, nhìu vô kể luôn, tôm chắc thịt, không bị bỡ, nước lèo đậm đà. Tôm thịt quá chừng
Ngoài ra quán có bán nhiều món ăn cũng khá ok.
Chắc chắn sẽ quay lạiXem thêm",97
694,QL,25/3/2015 13:46,7.6,"Chuỗi nhà hàng này khá nổi tiếng ở BD vì ko gian thường rộng rãi thoáng mát, dạng nhà hàng thích hợp cho gia đình, đãi tiệc, có phòng riêng.

Tụi mình chủ yếu thèm 2 món này nên lần nào cũng kêu: sườn cây nướng và tủy bò chiên giòn.
Trong khi chờ đồ ăn thì nv dọn sẵn 1 phần xoài non ngâm chua chua cay cay chẹp chẹp,

Sườn cây đậm đà hơn lần trước mình ăn luôn. Tủy bò thì giòn rụm béo béo ăn đã lắm. chấm cùng tương ớt nhé

Mình gọi 2 soda chanh đường và 2 khăn. ở đây thích cái là cho nguyên 1 đống chanh và đường tha hồ uống, khỏi xin thêm như đi ăn ở sg :))

Tình tiền hết tc 206kXem thêm",98
695,Lan Đỗ,12/1/2013 12:40,8.4,"Nhà mình mỗi lần đi ăn cùng nhau hay có người ở quê vào thăm là hay đến 18A để dùng bữa. Nói chung vì một số lý do như vị trí gần nhà, món ăn khá là ngon, giá cả không quá đắt đỏ, không gian khá sang trọng và đẹp.
Những món hay gọi như là Cơm chiên dương châu, Tôm nướng, Lẩu thập cẩm, Dồi trường chiên giòn ...
Nói chung là một bàn ăn khoạng 5-6 người nhưng giá chỉ khoảng hơn 1 triệu (chưa tính đồ uống).
Ở bàn ăn có góc view ra sông, buổi tối thì thấy khá đẹp và lãng mạng.
Nhân viên phục vụ khá tận tình. Nhớ có lần mẹ hỏi ở đây có nước lọc không, thế là nhân viên đem ra một chai nước khoáng làm cả nhà cười quá chừng.Xem thêm",98
696,Nữ,31/12/2017 20:27,7.0,"Nghe bạn bè nói quán này ngon nên mìh và tụi bạn ghé quán ăn thử. 
Mình order
 + sò huyết xào me: gia vị còn chưa thắm cho lắm (50k)
 + ốc muông nướng nước mắm: món này mình cực kỳ recommend cho mấy bạn lun. Ngon lắm í (30k)
 + điệp nướng mỡ hành: ăn cũng được :d (30k)
 + bạch tuột nướng mỡ hành: món này quán làm cực kỳ mặn luôn. Theo mình thấy là ko ngon 
 +nghêu hấp thái: cay dã man lun. Ko đậm đà cho lắm 
> Tóm lại quán này giá rẻ chất lượng ok. Cô chủ dễ thương lắm. Mà quán chừng 5h30 hơn là đông rồi. Đông lắm lun. Nên sẽ hơi ngộp tí. Mình khuyên mấy bạn nên đi sớm 1 tí. Tầm 4h30 là quán mở cửa rồi.Xem thêm",99
697,Phương Anh,9/9/2017 17:06,8.8,"Mình ăn từ cái lúc quán mới mở luôn , lúc đó cũng ít khách chứ cũng ko có đông như bây giờ. Bây giờ mà đi tầm 7-8h tối là ko có bàn ngồi luôn. 😅😅. 
Quán nằm ở khu vực Cầu Ngang , sát bên là chổ rửa xe 246 .  Thường thì lúc 4h chiều quán mới bắt đầu mở cửa. Chị chủ ở đây dễ thương lắm. Mỗi lần vô hỏi hôm nay ốc nào ngon là chị chỉ à , chỉ luôn cách ăn ùi làm món gì mới ngon luôn , nhiệt tình lắm😊. Ốc ở đây đủ loại , hôm nào có ốc gì ngon là chị mua về bán chứ ko phải lúc nào cũng có loại đó đâu nhen . Nhưng bù lại cái là ốc lúc nào cũng tươi , giá lúc nào cũng rẻ . Hihi. 20-30k mà nhiều lắm luôn. Nước chấm đủ loại . Ăn cái là ghiền luôn ớ.  Từ hồi ăn ở đây mình ghiền ốc luôn. Cứ cách 2-3tuần là ghé ăn một lần . Ốc làm vừa ăn , nước chấm tuyệt vời , thấm vị. Đặc biệt mấy mõn nướng mắm tiêu á nha. Vừa nướng xong đem ra thơm phức , nóng nóng cay cay , mùi tiêu xộc vào mũi 😚. Ta nói siêu đã luôn. Nhắc tới là thèm ốc , chắc tối nay phải ghé ăn quá 😍😍Xem thêm",99
698,Trang Huyền,15/8/2017 16:25,7.8,"Quán mở cũng được một thời gian nên lượng khách cũng đông đúc đặc biệt dịp lễ, cuối tuần là chật ních luôn, một phần cũng do không gian quán hạn chế
Chất lượng: ngon khỏi chê, hồi xưa mình thường đi Tư Nhớ tuy nhiên dạo gần đây có xu hướng ăn ốc vỉa hè vì vẫn tươi ngon đảm bảo, thậm chí có một số loại trong quán khác không có.
Giá cả: khá rẻ, từ 30k, một số có giá nhích hơn xíu như bạch tuộc hoặc tôm
Nhân viên: quán do vợ chồng tự mở nên chỉ có 1 2 người phụ bán, tuy nhiên ra món cũng khá nhanhXem thêm",99
699,Bao Khoi,23/7/2018 8:19,3.2,"Bánh tráng dở ẹc. Bánh tráng thì mặn như muối. Nhân bánh thì nhạt nhẽo. Gà thì mềm xèo
Còn trà sữa thì uống tạm được. Đa phần là thạch TQ. Còn thạch phô mai của nhà làm thì đẹp mắt nhưng cục phô mai bé tí teo ăn nhét kẽ răng cũng hk biết là ăn thạch phô mai.
2 đưa kêu 2 cái bánh loại 20k và 9k. 2 ly trà sữa mỗi ly 16k. Tổng cộng hết 61k 
Được cái nhân viên lịch sự
Tóm lại 1 đi 0 trở lại. Bye by nhé chị 7Xem thêm",100
700,Khánh Khánh,26/1/2018 14:14,8.0,"Ăn vặt ở đây cũng ngon nha. 
Bánh tráng nướng,cá viên chiên ngon rẻ. 
Có thêm trà sữa nữa. 
Chiều đi học về rủ mấy đứa bạn ra đây là hết sảyXem thêm",100
701,Khiemthy Huynh,20/8/2016 9:16,8.6,"Đã từng ghé ăn món ở đây! Quán ruột luôn đấy, ở đây món mình thích nhất là sữa tươi chiên và khoai tây lắc , béo và thơm kinh khủng, bánh tráng nướng và trà sữa thì khỏi bàn cải rồi...giá tiền thì rẻ. Ngon - chất lượng - rẻ...cuối tuần mà đến đây thì còn gì bằngXem thêm",100
702,Nga Lê,21/12/2020 13:27,4.0,"Cty đặt trà sữa tại quán có món trà nha đam hạt sen vàng, hạt sen quá cứng và ngọt giống như mứt sen, góp ý quán nên để sen tươi thì thức uống sẽ ngon và thực chất hơn với giá! thanksXem thêm",101
703,foodee_4b1d5a8a,19/3/2020 20:27,10,"Quán đẹp, ăn mỳ cay bên dưới xong lên lầu chụp hình sướng lắm.

Thích nhất món combo 03 mỳ cay thập cẩm và sữa tươi trân châu đường đen ở đây- 

Ở đây mỳ cay thiệt nha- cấp độ 2 là cay rồi đó!Xem thêm",101
704,Phạm Lê  Xuân Ánh,16/3/2020 14:16,8.6,"Quán này mới mở, mình ghé thử 2 lần rồi.
Ưng bụng hết sức luôn, chiều không biết hẹn hò ở đâu thì cứ tấp ngay vào đây, vừa có mỳ cay vừa có trà sữa.
Menu trà phong phú vô cùng, đặc biết lớp macchiato ở đây béo béo đã lắm. Mì cay thì vị đậm đà, nhiều topping, cay cay, ăn hít hà đã luôn.
Quán có mấy câu Slogan in trên ly cũng dễ thương nữa, check in sống ảo vui lắm.
Sẽ ủng hộ thường xuyênXem thêm",101
705,Tâm Lê,4/12/2019 16:00,7.6,"Hải sản tươi, chế biến ngon, giá ok. Riêng lẩu thì hơi ít, 150k mà mà được có 1 chỏm hải sản & nướcXem thêm",102
706,Hang,11/12/2018 9:31,6.6,"Mình đi đây hôm bữa với mấy a người Hoa
Đồ ăn đây nói chung đơn giản 
Nếu với giá cả này thì tương đối ok
Chứ vị của mình nói ko được ngon và sang vị cho lắm
Nhân việt phục vụ nhiệt tình chu đáo
Không gian rộngXem thêm",102
707,Thuyetnguyenxuan,9/10/2018 14:38,8.6,"Không gian rổng rãi, món ăn đa dạng, khá ổnXem thêm",102
708,Pham My Dao,8/1/2019 16:32,8.6,"Bạn nào gần đó mê bò nhớ ghé quán này nha !!! Ủng hộ để cô chú k dời đi chứ dời đi là mất quán ăn bò ngon lun đó 😭😭😭
Quán bán ngon chất lượng mà giá bình dân nữa! Món nào ăn cũng ukieee hết 
Lẩu thì giá 120-150-200 ! Đi 2-3 người mà 120k ăn thêm mì với trứng lộn nữa là no lun !
Mấy nay lo ăn ko ko chụp ảnh post gì hết để nào đi ăn nữa post lên !
Nghe cô chú chủ quán nói định dời quán đi nơi khác vì vắng 😭😭
Nghe tin bùn ghê luôn không hiểu sao bán ngon v mà lại vắng khách !
Quán có bán lẩu mang về nữa nên ghé ủng hộ cô chú vs mấy bạn !

Mấy bạn cứ ghé ăn thử đi ko lầm đâu ngon lém 😋😋Xem thêm",103
709,Thai Son,17/12/2018 22:38,9.2,Nước soup rất đậm đà. Thịt vừa mềm vừa thơm.Xem thêm,103
710,Pham My Dao,12/12/2018 16:37,8.6,"Quán này nổi tiếng dưới Cà Mau r nè mọi người giờ mở thêm chi nhánh mới trên Bình Dương.
Lẩu bò cực chất đậm đà toàn dùng thịt bò tươi nguyên khối theo món chứ không phải bò vụng như những quán khác...
Nước soup ở đây cực ngon luôn đó... đồ ăn khỏi bàn ở đây lẩu bán theo món trên menu bạn ăn gì kêu đó bò viên ở đây là đặc sản nha kiếm không ra bò viên nào ngon hơn đâu ☺️☺️
À mà giá cả lại rẻ nữa 2 người ăn cái lẩu 120k thêm 2 gói mì thêm 2 trứng vịt lộn uống nước ngọt/ nươc suối chưa tới 200k mà no bụng ngon miệng luôn đó 👌🏻👌🏻
Điểm trừ là không gian hơi kín nên ăn món nướng bị ngợp khói còn lại ăn ngon miễn chê 🤗🤗
Sẽ ghé ăn dài dài nè 😘Xem thêm",103
711,Nguyễn Thiện,18/4/2015 23:21,8.8,"Món ăn ngon, giá rẽ, phuc vụ cũng chu đáo.Xem thêm",104
712,Pham Hoài Trọng Nghĩa,17/4/2015 18:47,8.4,Hơi bị hợp ý hjhjXem thêm,104
713,Pham Hoài Trọng Nghĩa,17/4/2015 18:29,6.0,"Nằm trên đoạn đường 743 thông với quốc lộ 13 quán khá là bình dân , thich hợp với tầng lớp trung lưu , một điểm ăn nhậu khá lý tưởng về đêm , món ăn ngon chất lượng và có thể lựa theo ý thích , mọi người nên tìm đến thử một lần sẻ mê ngay .Xem thêm",104
714,Tiên Tiên,19/6/2018 15:47,4.2,"Lần đầu ghé quán, đồ ăn thì rất ngon nhưng lúc gọi thì mình có kêu chai coca và thấy có vật lạ trong đá >< mong quán sẽ rút kinh nghiệm tránh trường hợp như vậy xảy ra nữa!!Xem thêm",105
715,kulerman8x,4/3/2018 12:33,4.2,"Chủ là cô gái người hà nội ,bún đậu thì dở tệ ,đậu thì ko ngon ,mắm tôm thì tanh rình ,đc cái bún nóng thôiXem thêm",105
716,Duong Huynh,11/2/2018 0:34,9.4,"Bún đậu ở đây ăn ngon, đậu hủ ngoài giòn trong nóng. Mắm tôm pha ngon, vừa ăn. Thèm là bay ra quất ngay mâm bún đậu là phê lòi 😁
Do khách gọi quán mới làm nên phải đợi 1 lúc mới có bún đậu. Nhưng món ngon nên chờ đợi là hạnh phúc ❤️
Riêng các món bún riêu thì không hợp khẩu vị cho lắm.
Nước mơ nước sấu: ổnXem thêm",105
717,Jenny Pham,2/10/2017 17:19,8.6,"Vô tình lần đầu ghé quán, gọi 1 phần bún đậu mắm tôm và bún riêu bắp bò. Ăn quá ngon, mà quá rẽ luôn. Ước gì quán mở ở quận 2. Thức uống ở đây cũng rất ngon.Xem thêm",105
718,Minh Minh,29/11/2020 14:37,9.2,"Giá rất hạt dẻ tầm 25k đã có ngay ly trà trái cây size L,
So với đa số nơi mình từng uống chỉ đc size M hoặc nhỏ hơn 
Trà rất thơm, topping kèm trà nhìu dùng lạ miệngXem thêm",106
719,Minh Minh,29/11/2020 14:06,8.4,"Trà sữa hiện đại,ko ngọt gắt mà thơm béo vị trà,thạch nhà làm vệ sinh,đa dạng nhìu lắm lun.bánh tráng trộn hay cơm cháy đều ok,đúng bigsize chà bá 2 ng mới hết lun á.anh chị chủ dễ thương nhiệt tìnhXem thêm",106
720,Thư Nguyễn,2/7/2020 14:04,6.2,"Nước sốt cay cay 🌶, một xíu beo béo của bơ, thơm của tắc và mỡ hành, hành phi, giòn giòn của đậu phộng. Thêm xíu mặn mặn của khô, chua chua ngọt ngọt của xoài, rau râm, trộn đều ăn hơi bị ngon nha. Quán còn có trà sữa nữa nhaXem thêm",106
721,Mỹ,6/3/2023 21:18,10,Tuần nào cũng nạp vài ly😆😆 trà sữa Ôlong thơm đậm vị trà.Xem thêm,107
722,Mỹ,27/12/2022 0:04,10,"Mê nhẤt món trà đác thơm, trà ổi và ts piichiXem thêm",107
723,Tuấn Tô,28/8/2022 11:23,10,"Quán đẹp, sạch sẽ, không gian yên tĩnh, có chỗ đậu oto, nhạc nhẹ, thức uống ngonXem thêm",108
724,Tô Tuấn,28/8/2022 11:16,10,"Không gian yên tĩnh, nước ngon, phục vụ tuyệt vờiXem thêm",108
725,phạm thị thu hương,22/7/2021 19:09,5.0,Còn bán không ạXem thêm,109
726,Nhungg Hồngg,10/5/2020 10:41,9.8,Mọi ngườ cứ yên tâm về chất lượng bên em nhé . đảm bảo an toàn 1000%Xem thêm,109
727,Nhungg Hồngg,24/3/2020 12:58,10,Mắm tôm nhà em đã pha chế đầy đủ M.n ăn chỉ việc cho tắc ớt vô là chén thuiXem thêm,109
728,Happy,29/3/2019 10:04,10,"Quán này có cả địch vụ Ship ăn trưa này.
Đã thử, rất tuyệt!Xem thêm",110
729,Happy,24/3/2019 16:15,10,"Món ăn ở đây rất tuyệt vời, lạ mà rất ngon.Xem thêm",110
730,Trinh Trinh,3/3/2020 16:51,10,Bumba Aeon Mall có khung giờ khuyến mãi đồng giá 29k. Theo mình thì trà đào chanh sả là ngon nhất. Nhân viên phục vụ tận tình.Xem thêm,111
731,Trâm Hoàng,28/5/2019 22:33,8.0,"Trà sữa ở Bumba Aeon Bình Dương uống khá ổn. Lớp kem  cheese khá ngon. Thạch trái cây giòn giòn và trân châu dai. Mùi vị không mấy đặc biệt.
Mình dùng combo số 3 và số 6. Combo số 3 là trà sữa socola trân châu đen và bánh flan. Bánh flan hơi nhạt. Phần trà sữa socola có nhiều mùi vị socola hơn là trà. Giống như milo vậy ấy. Còn phần combo số 6 Yolo là trà kết hộ kem cheese và thạch trái cây. Phần này mình cảm thấy ổn hơn.
Có lẽ trà kem cheese ở Bumba ổn hơn trà sữa.
Bạn nhân viên ở đây đáng yêu thân thiện hơn nhiều so với bạn ở Vạn Hạnh Mall.Xem thêm",111
732,Phương Dung,7/3/2019 15:27,5.2,"Ts k đặc biệt lắm. Trân châu ngọc trai thật ra là trân châu đen, lúc order cứ nghĩ là trân châu trắng...hơi thất vọngXem thêm",111
733,Nguyễn Hoàng,2/6/2019 22:33,10,"View đẹp, giá cả hợp lí, nhân viên thân thiện.Xem thêm",112
734,KIM CƯƠNG NGUYỄN,23/4/2019 11:12,10,"NHÂN VIÊN PHỤC VỤ NHIỆT TÌNH, THỨC UỐNG ĐA DẠNG , KHÔNG GIAN QUÁN THOÁNG VÀ ĐẸP . CÓ PHÒNG LẠNHXem thêm",112
735,foodee_cd28c585,7/9/2022 13:26,5.4,Vui lòng cho số điện thoại để liên hệ đặt bàn ạXem thêm,113
736,Bong Hana,3/9/2020 12:45,7.4,"Quán đẹp, đồ ăn ngon và no. Giá cũng ổn nữa. Không hiểu sao thấy ít bài review về quán ghê. 
Quán nằm trong khu VSIP1 nha mấy bạn. Trước đây có 1 chi nhánh nằm trong khu nhà hàng của Becamex Hotel nhưng dẹp mất rồi. 
Đồ ăn ngon lắm ạ. Mình thích cơm và sushi ở đây nhất. Sushi lươn rất ngon 
Nên lựa các set như MS14 hay MS23 nghen các bạn. Vì 1 set khá to, hai người ăn vừa, kêu thêm 1 chén cơm trắng nữa là chuẩn ạ 
Do đi lâu quá nên mình không nhớ rõ giá nữa.Xem thêm",113
737,Bong Hana,1/1/2017 11:19,8.6,"Nhà hàng Nhật này nằm trong khu công nghiệp Việt Nam Singapore VSIP1. Quán cực yên tĩnh. Đồ ăn ngon. Nhiều người Nhật vào quán ăn lắm. Mình hay đi vào buổi chiều tối. Tầm 5-7h tối. 
Đồ ăn tươi và đa dạng. Nếu đi một mình thì các bạn kêu một phần half udon hoặc 1 phần sushi/sashimi là đủ. Nếu các bạn đi 2 người thì có thể kêu một set ăn cho 1 người ăn tầm 200-400k là ăn no luôn đó. Set này 1 người ăn không nổi đâu, tại nhiều lắm.
Quán này thích hợp để chiêu đãi khách hàng hoặc đi ăn với gia đình. Nếu bữa nào mới lãnh lương hoặc thích chơi sang một bữa thì lựa quán này cũng được luôn :))) Đồ ăn không làm bạn thất vọng đâu ☺️Xem thêm",113
738,Hà Mi,2/8/2017 13:32,7.2,"Từ hồi mình biết quán này là coi như dẹp mộng giảm cân các thứ luôn, quán nhiều món ngon lắm nha nào là chén trứng phô mai rồi thì bánh tráng đồ chiên, trà sữa bánh flan thập cẩm nói chung là bước vô không kiềm nổi lòng)) Giá thì bình dân sinh viên, à quán còn có lẩu 1 người ăn khá ok, 1 mình thèm lẩu vẫn ăn vô tư. Không gian quán đẹp, phục vụ nhiệt tình, ủng hộ quán hoài!Xem thêm",114
739,Trang Huyền,2/8/2017 11:23,5.0,"Không gian: tạm ổn
Thức ăn: cũng bình thường, giá cả không quá mắc nhưng chắc mình không quay lại vì không có gì đặc sắc hếtXem thêm",114
740,Anh Đong,29/12/2016 11:17,7.4,"Nơi ăn vặt mới phát hiện hehe. quá chừng món mới lun hà.Cá viên, lẩu, trà chanh...nhiều lắm luôn nhé. Giá cả cũng ok từ 10k-50k nè. Hôm trước mình đi nguyên đám bạn ăn no nê bết xì lết chia ra mỗi đứa chừng 50k à. 
Chắc chắn sẽ ghé lại ủng hộ quán dài dàiXem thêm",114
741,Thuý  An,15/4/2019 0:21,9.8,"🧩 @dreamtea.vn 🧩
----------------------------------------------------
💎 Nay mới được ghé @dreamtea.vn ❤️ Quán nhìn siêu lung linh luôn ^^ Không gian ấm cúng, tươi sáng. Màu xanh jean nổi bật 😘 Nơi sống ảo mới của chuỵ em là đâyy 🤣🤣 ----------------------------------------------------
💎 Trà trái cây chua chua ngọt ngọt ^^ uống k ngán nha. Có thể đổi gió được nà 🌝
💎 Trà bí đao ổn , vị thanh ngọt . Kết hợp cùng trân châu đen . Chuẩn bài 😆😆
---------------------------------------------------- #love #likeforlikes #likeforfollow #like4likes #like4follow #likeforlikeback #followforfollowback #followmeplease #follow4followback #instagood #instadaily #insta #photography #photographer #ansapquan1 #20likes #ansapsaigon 
#먹스타 #먹스타그램 #맛있다그램 #맛스타 #먹방 #맞팔 #foodporn #foodgasm #foods #foodphotography #yummy  #foodography #letseatvn 🥠🥠🥠Xem thêm",115
742,Thương,17/11/2018 18:22,6.6,"Đi đúng ngày khai trương nên được tặng thêm cái popsocket. Hồng trà vị hơi lạt, li giấy thân thiện với môi trường nhưng ống hút vs bịch thì nhựa bthuong. Nhân viên thân thiện dễ thương. Decor ấm cúng trang nhã nhưng khá chật tầm 10 người là hết chỗ rồi.Xem thêm",115
743,Nhã Thanh ⚛,7/11/2018 10:36,7.6,"Một số món nên thử:
- Hồng trà macchiato: trà đậm, ai uống trà không quen thì dặn nhiều đường bù lại.
- sữa tươi trân châu đường đen: sữa béo, đường đen thơm, trân châu để lâu một chút cho săn lại khi có đá là vừa ăn, ban đầu hơi mềm. 
Giá 30 - 50k/ ly, cũng nằm ở mức vừa phải.Xem thêm",115
744,BINH MINH,15/11/2022 9:26,10,Ngon khó cưỡng!Xem thêm,116
745,and Funny Kids Toys,14/9/2021 15:52,9.4,"Vị trà thơm ngon,Topping thì quá tuyệt với các nguyên liệu từ thiên nhiên,không phẩm màu hoá chất.Trân châu mềm thơm vị đặc trưng !!!Xem thêm",116
746,Nguyễn Thị Như,11/3/2021 15:08,8.2,"Đi off team ở đây vào chiều cuối tuần, mình và bạn tới trước giữ chỗ nên không gian lúc đó còn trống trải và rộng rãi, lát nhập tiệc cái full bàn luôn nè, nên đi team đông nên đặt chỗ hay lượn ra trước ngồi giữ bàn haha. Không gian mở ngoài trời, rộng rãi, thoáng, sức chứa lớn, có quạt ở các góc, thấy cũng đủ mát. Menu rất nhiều món và đa dạng từ lẩu, chiên, nướng, hải sản, thịt, ốc bla bla, đủ các món từ ăn chơi, nhắm bia đến ăn no luôn, tầm giá hợp lý cho 1 địa điểm ăn kèm nhậu thế này. Mình đi team nên cũng gọi nhiều món như tôm sốt thái, sườn cọng nướng, lòng xào cải chua, vây cá hồi, bò nướng than bla bla. Các món nhìn chung đều lên món lai ra và nhanh gọn, ko phải chờ lâu, minh thích tôm sốt thái và bò nướng ghê, ngon, đậm đà, bắt bia lắm hehe. Nhân viên đông và lượn lờ nhiều nên gọi hỗ trợ cũng nhanh, cũng dòm ngó bàn để thay than hay thêm đá nhiệt tìnhXem thêm",117
747,Phương Duyên,11/3/2021 15:08,7.4,"Ăn 1 bữa đủ thứ món nhưng ưng nhất là món nấm gói giấy bạc và lẩu hải sản này nè. Tui có thể ăn ngày qua ngày 2 món này luôn á. Cty gia đình hẹn họp tại quán này là chuẩn nha, vì ko gian thoải mái, gần gũi và phục vụ cũng oke nữa. Giá cả phải chăng cho mỗi người tầm 200k nha.Xem thêm",117
748,Như Trần,11/3/2021 14:55,8.2,"Menu thiệt sự đúng kiểu quán nhậu, đủ từ món án chơi đén món chính luôn.. Mà mấy bạn đi đông nên đặt bàn trước nha tại lúc mình đi thấy quán gần kín chỗ luôn á.  Không khí ở đây rộn ràng thiệt sự thích hợp với các bữa ăn nhậu cùng bạn bèn, đồng nghiệpXem thêm",117
749,Orion,10/6/2014 21:21,1.0,"Hôm nay cùng gia đình đi ăn thử KFC ở đây, ngỡ là thương hiệu nổi tiếng về chất lượng thì đâu cũng như nhau, mình cũng là fan KFC, tuy nhiên!  Cực kì đáng thất vọng! 
-Cung cách phục vụ kiểu chợ búa, nói năng bất lịch sự của 2 cô nhân viên đứng quầy, khác hẳn cung cách thường thấy của KFC
-Bán phần cơm gà không hỏi han, đem ra không cơm thì bảo mình không chọn cơm, trong khi lúc nào cũng phải hỏi ý khách trước, cảm giác như lừa đảo
-Thức ăn bị quá lửa, cháy đen trong miêng giấy bạc, mình chưa từng thấy điều này trước đây
Một bữa ăn đáng nhớ và mình hứa sẽ liệt quán này vào black list để các bạn cảnh giácXem thêm",118
750,Loan Lê,20/9/2023 13:57,10,"TÌM GIẤY TỜ
Ngày 26/08/2023 trong khoảng khung giờ từ 8h30 -12h tôi có tham quan mua sắm tại siêu thị Co.opmart. Tôi mua sắm ờ các tầng trong siêu thị, có ngồi ăn tại quầy thức ăn tại chỗ lầu 1 trong khoảng thời gian rất lâu. Sau đó tôi có ăn ở KFC.
Tôi có bỏ quên 1 bóp mỏng, màu trắng sữa, trong đó có:
-	Căn cước công dân
-	Thẻ ngân hàng
-	Giấy tờ xe honda
-	Thẻ sinh viên,…
-	Không có tiền (nếu có thì rất nhỏ).
Tất cả giấy tờ đều mang tên: Lê Thị Loan
Ai nhặt được vui lòng cho tôi xin lại, tôi xin cám ơn
SĐT: 0974059270
Tôi xin chân thành cảm ơn.Xem thêm",118
751,Thu Hien Nguyen,3/3/2020 21:13,1.0,"Thái độ phục vụ ở mức không thể chấp nhận được:
1. Khách hàng mới đến chen hàng vẫn để người đó chọn món trước, để mặc cho người khác đến trước đứng chờ.
2. Không kiểm tra trước món ăn dẫn đến hứa phục vụ trong 10 phút nhưng mãi 30 phút sau hỏi lại vẫn chưa có vì lý do kẹt lò, hứa tiếp 10 phút sẽ mang ra. Kết quả mất thêm 15 phút chờ đợi. Trong 45 phút đó, tôi phải ngồi nhìn từng người vào dùng hết bữa ăn rồi ra về, còn tôi cứ phải nghe những lời hứa suôn.
3. Cách giải quyết vấn đề quá tệ. Khi tôi đã không hài lòng về thời gian đợi món, phục vụ mang ra tặng thêm 1 phần cánh gà và xin lỗi lúc mang món tôi gọi ra. Tôi không nghĩ một ai có thể ăn được sau khi ngồi đợi và uống hết ly pepsi trước đó trong sự bực tức.Xem thêm",118
752,Dat Van,16/7/2019 21:32,1.0,Thái độ nhân viên làm việc phải nói là quá tệ. Quản lí cần xem lại thái độ nhân viên của chi nhánh chứ như thế này thì có ngày bị rp dẹp chi nhánhXem thêm,118
753,Thảo Ngọc Linh,14/1/2019 17:36,6.6,"Công ty gần dây nên trưa có bữa ra đây ăn luôn cho tiện. thấy có nhiều khuyến mãi lắm. gà vẫn ngon, buger tôm được giảm giá khuyến mãi còn 25k thui. Thấy có chương trình combo cơm với rong biển, bạn minh ăn thử mà thấy không ngon, khá nhạt nhẽo. 
     chi nhánh này cũng khá đông khách nè, nhân viên đông, phục vụ tốt 
     mình có thấy thứ 3 khuyến mãi 3 miếng gà 55k thì phải
     không gian rộng, quảng cáo mở hơi ồnXem thêm",118
754,Tam Vo,5/1/2019 16:34,6.0,"Hôm nay mua đồ ăn, đồ ăn cũng được nhưng thái độ nhân viên tệ quá. Mình đứng chờ cũng lâu, xong mình hỏi bạn nhân viên có chưa? Thì bạn ấy trả lời mình với thái độ rất khinh khỉnh. Mong rằng KFC xem xét lại phong thái làm việc và cách cư xử của 2 bạn nhân viên ca chiều ngày 05/01/2019Xem thêm",118
755,Thái Thư,13/12/2018 11:32,10,mấy hôm trước mua đồ ăn đi có 1 mình.... lần này dắc bạn đi.. có thể kiêu được phần K-Thank2 rồi...Xem thêm,118
756,Trang Huyền,25/8/2017 16:53,6.4,"Không gian: mát mẻ, rộng rãi, đi siêu thị sẵn ghé ăn luôn hihi
Chất lượng: mình thích nhất là gà quay tiêu ở đây, không thích ăn ức lắm nên lúc nào vô kfc cũng chỉ gọi phi lê gà hoặc đùi thôi
Giá cả: mình đi vào buổi trưa nên phần cơm khá rẻ, súp thì hồi xưa ngon nóng hổi, bây giờ hơi ít củ và cũng k có thịt như trước
Nhân viên: phục vụ nhiệt tình, chu đáoXem thêm",118
757,Phuoc Phan,10/1/2014 17:58,7.0,"Phải nói là lâu lắm rồi mình mới ăn fast food. Vào lúc hơn 12h trưa mà đã hết món mới đùi gà chiên tiêu rồi, đành gọi 1 phần cánh gà truyền thống với thêm 1 cái bánh trứng. Chắc tại lâu lâu ăn lại nên thấy ngon, không thấy ngán ngán như hồi xưa.Xem thêm",118
758,foodee_7c17bf01,28/5/2022 21:16,1.0,"KFC big c đông hoà nhân viên ý thức quá kém , nhất là mấy thanh niên nv cao cao , tối 27/5 mình là vị khách ăn gà cuối cùng ngồi sát lối vào , lí do ngồi chờ gà ra mất 18p , gà đã ra thì trong lúc mình đang ăn chưa xong thì mấy Nam ra để mấy bịch rác rước bàn mình đang ăn , không phải 1 2 lần mà 3- 4 như vậy , mình rất bực mình nhưng im , rồi vài ba phút sau có 1 bạn nam lại tiếp tục đem rác ra cột trước bàn ăn của mình , làm bắn nước bịch rác ra dính vào dĩa gà mình đang ăn và dính vào ng mình , mình rất bực có nhắc nhở với nv . Hi vọng cái bình luận này Quản Lí thấy và xem lại , quán triệt nv mình lại nhé. Làm việc cẩu thả , mất lịch sự.Xem thêm",118
759,foodee_79968df1,4/2/2021 19:59,10,Sử dụng phiếu mua hàng để thanh toán được không ạXem thêm,118
760,Ly,14/4/2019 12:51,1.0,"Có đặt nước mà bên phía nhà hàng không giao. Đã gọi lại báo với nhà hàng, phia nha hang có yêu cầu giao thêm nhưng mình k có thời gian để đợi. Hi vọng lần sau KFC nên check đầy đủ bill trc khi giao hàng cho khách. Và cả nhân viên giao hàng cũng có thái độ với khách.Xem thêm",118
761,thuhoannguyen,23/5/2018 13:08,4.2,Mình vào buổi trưa quán rất vắng khách bên trong thì đông nhân viên. Mình gọi 1 phần burger gà cay và 1 ly nước. Nhân viên kêu mình chờ 10 phút. Sau khi mình ngồi chờ chính xác là 30 phút mà không thấy gì thì đi ra quầy hỏi lại. Lúc này bạn nhân viên đó mới hỏi trong bếp thì mình nghe trả lời là 7 phút nữa. Nghĩa là bếp đã quên làm cho khách mặc dù mình là vị khách duy nhất. Vậy mà quán ko hề có 1 lời xin lỗi. Mình bực quá nên yêu cầu trả lại tiền và đi sang Lotteria.Xem thêm,118
762,Lan Đỗ Thị Hương,21/10/2013 23:50,7.4,"Bữa mấy đứa bạn hẹn nhau đi Big C Dĩ An chơi. Chưa đứa nào ăn sáng cả nên kéo nhau với KFC ăn.
Lúc đó cũng 8h30 - 9h rồi mà tới quầy mua nhân viên kêu chờ 10p nữa. Đói T.T
Kéo nhau ngồi ngay góc xa nhất của KFC, ngay sát mấy bàn party sinh nhật của 1 bé gái. Thấy nhân viên trang trí, bày biện, treo bóng bay thấy cũng thích ghê.
4 đứa, kêu thử Combo trong chương trình Combo 4 miếng gà + Khoai jumbo cực khủng. Nhân viên đưa luôn cho 4 miếng gà, còn kêu tí sẽ đem khoai ra sau. Nói chung là ăn không thấy ngon như bình thường, thịt gà bở và không giòn mấy.
Một lát sau thì nhân viên đem ra khoai jumbo, ăn cũng tạm, có điều hơi mặn tí.
Hình như do hơi sớm nên thấy khá vắng, lát sau thì mới thấy đông.Xem thêm",118
763,foodee_3ecc62d4,13/11/2022 18:09,4.2,Đặt giao k đúng số lượngXem thêm,118
764,thientu2305,25/9/2017 10:50,7.0,"Nói chung mình vào đây chủ yếu là để mua kem thôi.
Kem có 2 vị vani và chocolate. Vani 4k, chocolate 6k. Kem thơm béo, vỏ bánh bên ngoài giòn, ăn khá ngon.
Nhân viên tùy người. Có bạn thân thiện dễ thương, có bạn khó chịu, cộc tính. Mình không khó khăn lắm trong việc đánh giá nhân viên phục vụ nên cũng tạm bỏ qua vậy. Sẽ thử ăn gà và các thức ăn khác một ngày gần nhấtXem thêm",118
765,HalleLe,15/9/2017 19:36,6.6,"Mình đặc biệt thích món gà quay tiêu ở đây. Chỉ có 39k bạn có thể thoả mãn được cái món ngon này. Bạn nhớ chọn gà phi lê nếu bạn không thích phải lấy xương cực nhọc. Miếng gà quay được bao bọc trong gói giấy bạc nóng hổi tới tay khách hàng. Vị mặn vừa để ăn với cơm, có thêm chén canh súp gà rau củ thơm ngát.
Lần đó mình đi cùng cô em đồng nghiệp, hai chị em đã thưởng thức trọn vẹn món này cùng với ly pepsi vừa mát lạnh, thiệt đã cho bữa trưa văn phòng. :).Xem thêm",118
766,Đạt Trần,28/6/2017 10:04,5.0,Nhân viên nói chuyện kiểu không cần khách .gà chiên ra cả măm nói không bán được .bắp cải trộn bán ế nghe mùi kêu đổi ra vẻ khó chịuXem thêm,118
767,Minh  Châu,19/7/2016 19:52,8.6,"Hôm nay thứ mấy!!!
Hôm nay thứ 3...combo 79k + gà quay tiêu 30k
KFC gà rán huyền thoại, gà quay tiêu ngon miệng.
Yêu KFC 💋💋💋Xem thêm",118
768,Anhthu.rose,23/2/2018 20:01,8.0,Matcha ngon. Không gian thoáng. Nếu có thêm khu vực ngồi bệt và cho trẻ em chơi nữa thì quá tuyệtXem thêm,119
769,Viễn Phương Võ,5/2/2018 16:58,8.2,"Đá tự máy làm, nên mình cảm giác an tâm, vị trà còn tươi, thích nhất là trà sữa khoai môn ở đây. Nhân viên cũng tư vấn nhiệt tình, đầy đủ món: sinh tố siu ngon. Có bàn bi lắc đe chơi nữa chứ :))
Nên ghé!Xem thêm",119
770,QL,1/2/2018 13:12,7.2,"🍒Quán trà sữa mới mở ở Bình Dương. Mình về nhà bạn chơi thì nó dẫn ra đây
Quán mới nên mọi thứ đều còn thơm mùi mới :))
Menu đầy đủ trà sữa, soda, đá xay....
Giá hợp lý học sinh sinh viên nha

🍒Trà sữa Tuktuk uống ổn, trân châu dai dai ngon lắmXem thêm",119
771,Linh Gia,29/4/2020 17:27,7.2,"Quán này là 1 quán gần nhà mình luôn, họp lớp cấp 2 tụi mình hay chọn địa điểm này để tụ họp. Theo đánh giá cá nhân thì không gian quán khá ổn, có thể sống ảo tuy nhiên ở trên lầu nóng như cái lò. Quán hơi nhỏ do mặt bằng ở đây cũng khá là mắc nên khoảng này hong tính. Trà sữa ở đây theo mình thấy thì menu khá là phong phú chủng loại. Mình có thử order vài món. Theo cảm nhận cá nhân thì trà sữa khá là béo, mình có cảm giác như là bỏ thêm bột béo ý và mình bị dị ứng nên uống vài ngụm liền thấy khó chịu, trà thì cũng bình thường thôi chứ không xuất sắc. Bạn nào thích béo thì sẽ thích trà sữa ở Kim nhưng với 1 đứa thích béo nhưng dị ứng bột béo thì mình sẽ không đánh giá cao trà sữa ở đây cho lắmXem thêm",120
772,nghia phạm,8/2/2020 23:08,2.4,"Ly trà sữa chân châu đường đen 42k cho size M
uống không khác gi sữa ông thọ pha loãng r thêm trân châu..quá tệ so với mức giáXem thêm",120
773,Tan Huynhletan,10/12/2018 20:34,1.0,"Trước thì thái độ không niềm nở thì không bảo đi. Làm đổ mỳ cay vào đồ của khách (1 sách và 1 điện thoại) và sửa lỗi bằng cách nhìn thấy rồi nhẩm gì đó trong miệng (chắc là xin lỗi - chắc vậy?) xong đi luôn! Hết! 
Chưa từng thấy 1 quán ""sang"" nào như vậy.Xem thêm",120
774,Khánh Khánh,17/1/2018 11:30,8.0,"Không gian quán cũng khá ổn. Rộng rãi thoáng mát lắm. Trà trái cây uống ổn lắm. Trà thơm, trái cây tươi cực. 
Mình thích trà dâu cam vàng nè. Chọn mức đường ít thôi là ổn rồi. 
Nhân viên phục vụ nhiệt tình dễ thương.Xem thêm",120
775,Tấn Thành Nguyễn,22/2/2018 19:16,8.0,"Cuối tuần rồi thèm món Hàn nên nhỏ bạn rủ đi ăn quán này. Nằm trong Aeon Mall Bình Dương nha. 
Quán rộng mát mẻ lắm. 
Đồ ăn phục vụ khá nhanh. Mì tương đen hợp khẩu vị mình nè. Kimchi cay cay chua chua ăn đã. Cơm trộn cũng ngon. Nói chung ăn no nê lăn về luôn.
Lần sau nhất định sẽ ghé lạiXem thêm",121
776,kiho,21/2/2018 15:06,6.8,"Đây là wán ăn theo phong cách Hàn, nằm trong khu Aeon mall ở Thuận An, khôg gian nhỏ, nhưng bày trí logic, khoa học nên có không gian riêng cho mỗi gia đình. Thực đơn cũg fong fú, thức ăn rất vừa miệng, đậm đà và lạ nữa. Tuy nhiên, giá cả hơi mắc nha, vì đồ ăn rất tươi và ngon, với lại giá trên menu mình chụp chưa tính thuế VAT 10% các bạn chú ý nha. Nhân viên dù phục vụ đàng hoàn nhưng cảm giác không thân thiên cho lắm.Xem thêm",121
777,foodyuser_d3f3af8d,20/8/2016 15:35,10,"Quán vào ngày cuối tuần khá là đông khách 
Và đặc biệt có chỗ đậu xe hơi thoải mái k lo bị va quẹt
Giá cả cũng rất bình dân ☺️☺️
Do địa điểm k thuê mặt bằng nên chi phí đồ ăn thức uống đã lợi thế hơn các quán khác 👍
Thịt dê tươi 400k/kg
Sường dê 380k/kgXem thêm",122
778,July Phuong,13/1/2014 14:34,7.2,"Hôm qua được dịp về Bình Dương chơi, trong lúc bí quá không biết chọn ăn quán nào do lạc nước lạ cái, may sao nhờ có Foody giúp để chữa cháy, và tìm được quán này cách chỗ mình chơi không xa.
Quán khá là rộng, gồm 3 gian nhà luôn, mình tới quán vào lúc trời sập tối nhưng thấy cũng khá đông, đây là địa điểm nhậu lý tưởng của quý ông ^^
Nhân viên khá nhanh nhẹn và nhiệt tình, giữ xe miễn phí luôn.
Thức ăn cũng khá ngon, rất hợp khẩu vị, đang đói thì được bữa no nê, giá cả cũng khá phải chăng, mình đi 4 người, kêu 1 phần vú dê nướng 120k, và 1 lẩu dê 120k, đặc biệt ở đây là trong 120k tiền lẩu thì đã bao gồm rau, bún chứ không tính riêng như ở Sài Gòn. Tính luôn nước uống, bánh tráng thì mỗi người có 75k ah, cũng tạm ổn heng.Xem thêm",122
779,Thảo Thu,16/7/2020 10:31,3.2,"Tối qua tầm 9h hơn mình ghé quán. Bên ngoài khá bắt mắt nên 2 vk ck ghé vào. Chỉ 2 ng nên gọi trước 2 món. 1 lẩu sườn dê vs 1 dú dê nướng. Thêm coca 315k. Phục vụ quá tệ. Gọi thì k nghe. Kêu thêm cũng k để ý, đồ ăn k ngon lành j. Nướng còn quá khô. Lúc về tính tiền. Chờ mãi k đưa tiền thối ra. Mình đưa 515k. Chờ mãi. Hỏi thì mới đưa ra. Phục vụ như vậy xứng được tiền típ k ? Quá tệ. Quá dỡ.***thì dơ. Không bao giờ quay lại.Xem thêm",123
780,Nga Le,5/6/2017 13:26,8.8,"Thích nhất mẹt dê. Nhóm mình kêu mẹt nhỏ giá 450k, đủ cho khoảng 3-4 người ăn. Mẹt dê gồm dê hấp, dồi chiên (hoặc nướng, không rõ lắm 😂), gỏi dê, vú dê nướng, và cà ri dê. Riêng cà ri dê thấy bình thường, các món còn lại đều khá ngon, đặc biệt là gỏi dê. Nhóm mình có gọi thêm cơm chiên hải sản, rau luộc kho quẹt, và lẩu thịt dê tươi. Cơm chiên và rau luộc cũng như những quán khác, được cái kho quẹt rất hợp với khẩu vị của mình. Lẩu dê nước dùng ngon, có cục xương ống to 🤗, thịt dê tươi rất mềm. Phục vụ ổn, lên món nhanh. Góp ý xíu là nên nướng bánh mì cho giòn 😁. Tổng bill 800k cho 6 người lớn và 1 trẻ em. So với các quán trong khu vực thì bình thường.Xem thêm",123
781,Quân Cò,11/3/2017 2:17,6.2,"Con đương này mới mở ở lái thiêu mà rộng rãi nữa. Nên quán xá mọc lên như nấm, thấy quán to sáng sủa nên vào thử xem thế nào, cảm nhận thì thấy gia vị các món quán làm không ngon lắm chỉ tạm tạm. Tuy nhiên thịt dê thì khá ok. Nếu như gia vị ướp và lẩu ngon hơn thi quá tuyệt vời. Quá có chỗ đê xe oto rất rộng rãi, có phòng vip có nhà banh cho mấy nhóc chơi. Cá nhân mình thì thấy quán này đi gia đinh hoăc tổ chức tiệc thì ok. Chứ đi ăn thì khá là chánXem thêm",123
782,thuyduongg,25/6/2018 20:32,10,"Nhà hàng phục vụ quá nhiệt tình và chu đáo, quán rộng và thoáng mát, ông chủ dễ thương và yêu trẻ con, giá cả vừa tiền, sẽ quay lại vì tuyệt vờiXem thêm",124
783,Hồng Hiệp Nguyễn,11/10/2017 16:05,8.0,"Nhà hàng vịt tốt nằm trong top nhà hàng ngon của mình.
Chỗ này cty minh đi mấy lần rùi. nhân viên phục vụ rất lẹ và nhiệt tình, chu đáo.
Nói chung mình rất thích. thả tim <3!Xem thêm",124
784,Linhlenguyen2611,30/11/2019 11:12,9.4,"Heo quay ở đây ngon lắm ạ , vị đậm đà Ngon , giá cả phải chăng☺️Xem thêm",125
785,Linhlenguyen2611,29/11/2019 18:13,6.0,"Heo quay ở đây ngon lắm ạ , vị đậm đà Ngon , giá cả phải chăng☺️Xem thêm",125
786,Trần Khoa,25/5/2015 13:22,8.6,"Vịt quay ở đây mua về ăn rất ngon . gia vị thấm đều .còn heo sữa quay thì hôm mình đến quán có chuẩn bị đi giao cho khách thì nhìn con heo kich thích lắm , da giòn nhìn mà thèm . nghĩ ttrong bụng chắc hnao ghé lại mua thử 1 con theo quay sữa cả nhà ăn thử :vXem thêm",125
787,Ngân Ngân,30/12/2019 12:57,1.0,Mới nhận hàng đặt chờ 1 tiếng rưỡi nhận gà lạnh ngắt lạnh tanh ko biết giao gà cũ hay gì thất vọng tràn trềXem thêm,125
788,Truong Quocvi,12/10/2021 19:28,4.2,***them vit quay ma Nhìn là thay het thèm . Vit quay sai gon gi day . Giá 270k ship 50k . 1 lan là chay ln nXem thêm,125
789,foodee_7a32c0bc,13/11/2021 20:12,10,"Món ăn ngon, nhân viên rất dễ thươngXem thêm",126
790,Quang Yang,16/1/2021 20:45,3.6,"Lần đầu đi ăn và cả nhóm 5 người tụi mình đều sẽ quyết định không quay lại lần 2. NHÂN VIÊN rất thái độ và ko niềm nở, đồ ăn thì ko tươi, nhân viên ko châm đồ ăn mới, để trống nhiều món :)Xem thêm",126
791,Phúc Bảo Nguyễn,25/11/2020 5:45,1.8,"Thật sự thất vọng ngay từ lần đầu tiên. Món ăn khá ít, khách thì đông nhưng nhân viên lên món sau khi hết một cách chậm chạp và mỗi lần lên rất ít, dẫn đến tình trạng thực khách giành nhau như nạn đói 1945 khi vừa lên món. Cơm thì không nấu, chả cá thì mỗi lần lên 3-4 cây, thịt heo thì mỗi lần lên chưa được 300g trong khi số lượng khách trong nhà hàng thì rất đông. Đây là một trải nghiệm thật sự kinh khủng và khẳng định một điều rằng ăn ở đây chỉ rước bực mình vào người chứ không hề như những hình ảnh được PR của Dookki.Xem thêm",126
792,Nguyễn Thị Như,19/11/2020 17:33,8.8,"Hôm Dookki khai trương CN trong Aeon Mall tui đã tranh thủ đi ăn nè. Vì đợt đó đang giảm giá đi 4 tính tiền 3 nên tụi tui kéo nhau đi ăn. Vô tui mê lắm. quá chừng đồ ăn. Mấy món ăn liền nhiều lắm như cơm cuộn, gà rán, chả cá xiên que,.. vâng vâng và mây mây. Bánh tok có nhiều loại lắm tha hồ chọn nha mà giá chỉ 139k thôi.

 Mình từng đi CN đầu tiên bên BD nên qua chi nhánh này mình tự pha nước sốt. Nếu không quen sẽ có nhân viên hướng dẫn nha. Ăn nhớ kêu thêm vành phô mai cho đã đời nè.
Vì mình đi hôm khai trương đông dã man. Mình cũng xếp hàng tí mới vào. Bù lại mấy đưa mê đồ Hàn như mình thì mãn nguyện.Xem thêm",126
793,Trần Tạo,23/6/2019 16:25,10,"Quán có QIÊU đúng đẹp.cực thích hợp cho các bạn muốn có hình lung linh vs phong cách Vintage .chie có điều không  cổng chính của quán QIÊU đẹp mà ko chụp dc vì xe để phía trước,hơi tiếc điểm này,nước uống thì ngon và rất hợp giá...Xem thêm",127
794,Hà Mi,20/7/2017 17:58,7.4,"Quán cafe kiểu hoài cổ với nền gạch hoa, tường gạch đỏ, bảng hiệu vẽ tay nhìn chất lừ luôn hà, tới quán chụp choẹt là đỉnh luôn. Bữa mình uống tắc xí muội siêu ngon luôn chua chua thơm thơm bao đã luôn á. Sẽ quay lại nha!Xem thêm",127
795,ThNgan Nguyen,30/1/2020 20:36,4.8,"Nhân viên làm việc không linh hoạt, xếp bàn lâu cực, hơn 20p mà vẫn chưa có muỗng đũa, đá... nhưng do Tết ít nhân viên nên có thể thông cảm, đi ăn ốc mà menu có đúng 1 món nên hơi buồn
Menu Tết không ghi số lượng cụ thể, là quán hải sản nhưng chỉ có 1 món ốc
Đợi thêm 20p mới có đồ ăn:
-Sụn gà cũng được, giống snack, làm đồ nhậu ok
-Mực tẩm bột chiên giòn khá mặn (như muối biển)
-Gỏi bò ok, bỏ củ kiệu hơi lạc đề, nhiều hơn cả bò
-Mực sữa chiên nước mắm không tươi lắm, dai giòn sựt sựt 
-Cơm chiên, mực hấp gừng bình thường 
-Tôm nướng muối ớt còn sống :(((((
-Lẩu cá lăng rất ngon, nước dùng chua chua ngọt ngọt, thịt  cá tươi 

Tổng quan: Tạm được, quán hợp với tụ họp bạn bè ăn chơi, không thích hợp lắm cho gia đình

Gia đình mình đi 15 người ăn 8 món với tổng giá tiền là 2tr6 (khá mắc cho chất lượng và số lượng)Xem thêm",128
796,Trung Nguyen,6/2/2019 23:35,6.6,"Nay mùng hai hẹn đám bạn đi ăn thì nó dắt đi quán này đây , chỗ đậu xe rộng , có bảo vệ ghi thẻ , quán lớn , khá sạch sẽ mặc dầu đông khách , nay có thực đơn riêng cho tết nên bạn mình bảo chỉ có một vài món à , bọn mình gọi bao tử xào cải chua , sụn gà chiên nước mắm và lẩu cá bớp , đánh giá luôn với mình thì sụn gà làm ngon cực , chiên qua lớp bột và phủ lên một ít sốt không biết phải nước mắm không nhưng ăn ngon mang tính giải trí cao ^^ , bao tử xào cải chua thì quá bình thường , ăn tạm không ngon , lẩu cá bớp thì nấu với măng , cá chắc được hai khứa nhỏ cắt thành cục , nước lèo nói chung ngon rất vừa miệng , đánh giá cao khoảng này , phục vụ hơi chậm , chắc do tết nhưng nhiệt tình . Quán ổn cho những bạn không đòi hỏi gì quá cao siêu hoặc muốn thử ăn một quán mới mà sợ thất vọng !!!Xem thêm",128
797,Trang Thuỳ,2/12/2017 21:09,7.0,"Tình cờ bạn dắt đi ăn nên mới biết quán. Vị trí quán hơi khó tìm mình đi có lần cũng hơi khó nhớ đường.

Quán rộng, không gian mát, bàn ghế dạng gỗ.
Mình dùng:
- Gỏi ngó sen (ướp chua chua ngọt ngọt, ăn được)
- Cơm chiên trứng ( cơm khô, ăn được)
- Tôm lăn bột ( chiên giòn không nhiều dầu mỡ)
- Ếch chiên giòn ( chiên khá giòn không quá nhiều dầu)
- Cá nướng ( nướng không quá cháy)
- Mì xào thập cẩm (vị không quá đặc trưng, ăn được)
- Ốc dương nướng mỡ hành ( ốc tươi, ăn ngon)

Mình ăn hết tầm 1 triệu 6 cho 8 người uống bia nước ngọt, giá cũng vừa phải.Xem thêm",128
798,T4_ eattheworld,19/10/2020 8:55,8.4,"Đi vào Aeon mall Bình Dương tình cờ thấy được nhà hàng decor siêu xinh và sang nên ghé vào ăn ngay 💗💗💗
Mình gọi 2 phần combo bao gồm khai vị, steak và dessert nhaaa . 
Đồ ăn ngon, giá lại rẻ nè 👍🏻👍🏻👍🏻
Nhân viên siêu nhiệt tình, lịch sự 🥰🥰🥰
@t4_eattheworldXem thêm",129
799,Thanh Nga Nguyễn,3/9/2020 13:12,8.0,"Nhà hàng mới mở trong aeon mall bình dương. Giá cả phải chăng, nhân viên nhiệt tình thân thiện, món ăn ngon.Xem thêm",129
800,Winnie Chan,4/3/2019 8:38,8.0,"Không gian ấm áp
Món ăn ngon
Nhân viên thân thiện
Giá hợp lý
Vị trí dễ tiemXem thêm",130
801,Ly Nguyen,7/11/2018 18:36,8.0,"Đây là nhà hàng chay ngon nhứt mình từng ăn luôn. Món ăn nấu rất ngon, hương vị y chang món ăn mặn nên không ngán như những quán chay khác, lên món nhanh, giá cả cũng rất phải chăng.  Đôi với những ai thích ăn chay thì quán này là 1 sự lựa chọn không thể bỏ qua. Vào ngày rằm thì nên đi sớm để tránh không còn chỗ ngồi.Xem thêm",130
802,Tu Tran Vo,23/10/2015 18:43,8.8,"Điểm cộng: Da heo ở đây ngon tuyệt, càng ăn càng ngiền, vừa giòn vừa cay cay đúng gu mình thích. Lại sạch sẽ không bị lông như mấy chỗ khác. Mua hũ 300g mà ăn gần hết rùi. Ở nhà ai cũng mê hehe.
Điem trừ duy nhất là ko có quán chỉ bán online và giao hàng, nhưng đây không phải vấn đề lớn với mình. Mốt mình sẽ còn ủng hộ típXem thêm",131
803,Pea Do,20/10/2015 13:30,7.2,"Da heo muối tỏi ớt chiên giòn
100% Vệ sinh - Không Hóa ChấtXem thêm",131
804,Thu Hương Đỗ,30/6/2019 3:40,8.2,"Nước ngon, view đẹp, chị chủ dễ thương nữa hihiXem thêm",132
805,Inori Ly,5/1/2019 11:00,9.6,"Trà sữa uống rất hợp khẩu vị của mình, quán trang trí nhìn ấm áp lại dễ thươngXem thêm",132
806,Foodee_tran,3/7/2021 12:51,10,Ăn lần 3 rồi. Đồ ăn tưoi ngon cho 10 điểm. Giao hàng quá nhanh luonXem thêm,133
807,tran,2/7/2021 13:28,10,Món ăn rất ngon. Giá ok. Sẽ ủng hộXem thêm,133
808,foodee_fee58446,1/8/2021 21:04,4.4,Bên mình có ship được khu thuận giao chứXem thêm,134
809,Khánh Khánh,29/8/2018 15:18,8.0,"Lẩu bò ở đây khá ngon nha. Gọi nồi lẩu lớn ăn no nê xỉu luôn. 
Nước lẩu đậm đà. Thịt bò mềm ăn đã miệng lắm.Xem thêm",134
810,Susu,10/6/2017 19:08,5.0,"Hôm nay mưa, mình và đồng nghiệp đến ăn lẩu bò ở quán này. Lẩu ngon, rẻ. Nồi thập cẩm 200k 4 người ăn còn dư quá trời. Trước khi ăn lẩu tụi mình còn gọi bò nướng. Nhưng đồ nướng quán này không ngon lắm. Gia vị ướp không ngon. Quán khá đông nên phục vụ hơi chậm. Tiếc nữa là ăn bò mà không có chao để chấm. Nhưng được cái là đồ chấm cũng tạm, ăn vừa miệng. Tóm lại là duyệt cái lẩu. Ngon quá trời ^^Xem thêm",134
811,Thao Trinh,11/8/2018 20:48,7.8,"Tài xế chở vào đây ăn trưa trên đường đi công tác. Quán khá đông á, không có máy lạnh nên cũng hơi nóng nhưng không sao đồ ăn ngon là quên hết hà.
Quán nấu theo kiểu miền Nam, món nào mình gọi ở đây ăn với cơm đều thấy ngon, ăn không ngừng được luôn nè.
Rau cải thìa xào tỏi
Sườn ram xả
Canh chua cá ba sa
Rau ăn kèm: dưa chua và rau sống
3 người hà nên gọi chừng này là nhiều á.
Rất thích canh chua quán nấu, vị chua cay mặn ngọt với cá tươi ngon nhớ mãi thôi.
Đây là quán mà mình đề xuất cho bạn nào hay đi công tác Bình Dương như mình nhé.Xem thêm",135
812,Clover  Elric,11/4/2017 16:45,7.6,"Nay có dịp đi xa, dám khi quất 1 vòng TP luôn khổ tâm vãi... Trưa đói muốn xỉu nên đánh xe tấp vào quán cơm này.

Tại thấy xe du lịch loại to đậu khá nhiều. Có hẳn một bãi xe riêng. Đã vậy còn tấp nập nhộn nhịp và được giới thiệu là ăn ngon lắm nên cũng ghé thử.

Cơm phần chung, gọi món từng dĩa và ăn theo cơm thố.

Ngồi dưới trệt giữa trưa mà ko có máy lạnh nên hơi nóng. Cơ tùy chỗ ngồi. 

Tại đoàn mình chọn chỗ hơi khốc liệt, gần bếp, nên quạt trần ko dc bật làm tấp lửa mất đành chịu trận với cái quạt đứng.

Còn bàn khác thì hên hơn có hẳn cái quạt hơi lạnh huhu.

Gọi món cho đoàn 7 người. 

Cá kèo kho tộ
Rau bó xôi xào
Ếch xào
Canh chua cá bông lau
Mực xào

Tất cả đều chia làm 2 bàn 2 bên với 2 thố cơm bỏ vô chậu nhôm nên khá sạch sẽ.

Dĩ nhiên món kho mấy kiểu miền Nam thì perfect rồi. Ko bị mặn gắt. Ngọt vừa phải. Màu sắc bắt mắt ngon miệng. Cái chính là the the cứ ko bị cay. Với cái con ăn cay đào thải như mình thì quá xá hạnh phúc luôn.
Và tóp mỡ <3
Cứ món kho là có tóp mỡ. Mị thích.
Tóp mỡ béo giòn hợp cực với đồ kho

Rau xào ko bị sũng nước. Rau xanh mắt.

Mực ko to miếng cơ cũng ko tồi. Ăn ổn 

Cơ mà canh chua cá... cá thì ngon. Mỗi tội canh chua chưa tới. Còn thiếu chua quá. Vị ngọt có. Vị mặn vừa miệng có .. 

Cơ điểm nhấn của canh chua đó giờ là sự phản vị hài hòa chua chua ngọt ngọt thì thiếu mất vị chua uổng gì đâu. T A T

7 người ăn no. Còn dư cả đống đồ ăn nà thiệt hại chưa tới 650k cả trà đá khăn lạnh thì cũng ko tồi.Xem thêm",135
813,Thương,14/3/2018 19:56,7.4,"Ăn ở Minion lâu lắm rồi, món nào ở quán cũng quá ngon so với giá tiền, nhất là cơm trộn và bánh gạo cay. Nhưng quán nên xem xét lại không gian nếu muốn hút khách hơn.Xem thêm",136
814,Bích Ngọc Nguyễn,3/3/2017 15:26,9.6,"Cảm ơn lựa chọn của bạn dành cho quán ăn hàn quốc minion. Bạn có thể thưởng thức các món ăn vặt đang được yêu thích đảm bảo chất lượng,an toàn thực phẩm.Xem thêm",136
815,Nguyễn Quân,6/12/2014 16:24,7.2,"Vị trí : nằm trong Sakura Foodcourt mà lại ở góc khuất khuất nên ít người để ý
Giá cả : khá rẻ so với Marukame Udon. Mình ăn udon thịt bò, hết có 52k, trả tiền vô trong thẻ trước, mình thấy cách trả tiền trước này cũng hay hay, thích hợp khi ăn ờ nhiều cửa hàng, đỡ mất công lấy ví ra vô, thối qua thối lại
Chất lượng : tiền nào của nấy, giá rẻ nên không thể ngon như Marukame Udon, sợi udon nhỏ hơn, nước dùng không thơm bằng, được cái thịt bò cũng nhiều và ngon. Nói chung ăn xong không thấy ấn tượng gì mạnh.
Phục vụ : chu đáo, nhiệt tình, trong AEON thì gần như chỗ nào cũng vậy
Không gian : trong khu Sakura Foodcourt nên rất đẹp.Xem thêm",137
816,Selvar Rinset,16/11/2014 23:07,6.0,"Mình và bạn ghé vào gọi 1 cơm tempura và 1 cơm cà ri. Phần cơm khoảng 70k mà ôi thôi, ta nói thất vọng, chỉ là cơm + rau + 1 quả trứng chần nhúng bột chiên, ăn vào thấy bình thường như mình làm ở nhà, cơm cà ri thì cũng gần 70k mà chỉ có 1 2 lát thịt mỏng, giống cho có, mà dở cái là họ đổ cà ri vô tô cơm luôn, thành ra lúc ăn nó vữa vữa ăn ngán chết, đáng lẽ nên để riêng cà ri ra khách ăn thì họ tự đổ mới đúng.
Ăn cho biết chứ ko quay lại, thấy ko đáng tiền.Xem thêm",137
817,Hoa Kim,26/6/2018 22:23,8.6,"Quán hơi bé nhưng đồ ăn vặt quá trời, trà sữa cũng rất ổn. Có cái combo tô ck ly giống như ở sì gòn. Ở Lái Thiêu đúng là bá chấy. Quán thấy có 1 bạn tomboy dễ thương lắm. Chắc phụ quán part time hay sao mà khi thấy khi không. Nói chung quán này rất okieXem thêm",138
818,Khánh Khánh,26/6/2018 14:00,8.0,"Hôm bữa lên Sì Gòn thấy combo ăn uống này hot lắm nè. Được bạn giới thiệu quán này có bán là chạy đi mua liền. 
Mỗi combo là 59k ngen. 
Ăn vặt kèm uống soda thiệt đã hết biết.Xem thêm",138
819,Phạm Thị Kim Loan,22/2/2018 21:00,8.0,"Quán thiết kế theo kiểu chơi board games nên phù hợp cho nhóm đông người nhưng vẫn có view đẹp để chụp hình 
Thức uống khá ổn nha. Ngoài ra còn có các món ăn vặt như cá viên, mì xào trứng...Mình thấy ăn cũng ngon đó. 
Giá cả bình dân chứ không mắc quá đâu.Xem thêm",139
820,Khánh Khánh,1/2/2018 16:06,8.0,"Lần đầu Bình Dương có trà sữa boardgame cũng thú vị đó. Trà sữa uống cũng khá ok. Không gian quán rộng rãi mát mẻ. Trà trái cây ngon.
Đặc biệt có mấy trò game chơi nữa.Xem thêm",139
821,nguyễn an,15/2/2019 12:30,9.0,Uống quán này chắc cũng mấy năm rồi mới thấy lên foody. Trà sữa ngon với rẻ thì khỏi bàn rồi mà sữa tươi trân châu đường đen bên này bán cũng được lắm. Ngày nào cũng uống riết ốm không nổi 😭😭😭😭Xem thêm,140
822,Nga Nguyễn,15/2/2019 12:25,8.8,Quán trà sữa ngon bổ rẻ nhất mà mình từng uống. Full topping mà chỉ có 15k size nhỏ. Uống size 1l thì chỉ có 25k 😊😊😊Xem thêm,140
823,Như Trần,3/10/2023 14:59,10,"Bánh tráng trộn ngon nha, ko bị ướt quá, cũng ko khô quá, nói chung là 10đ. Trà lài đác thơm thì tuyệt vời, hạt đác to đùng lun. Sẽ ủng hộ quán dài dài 😉Xem thêm",141
824,Như Trần,21/9/2023 18:13,10,"Quán nước ngon, ăn vặt cũng dính lun nha 🫰Xem thêm",141
825,Lê Ngọc Yến,22/4/2022 17:52,10,"Nghe bạn giới thiệu nên ăn thử, quán mới mở nhưng đồ ăn ngon nhức nách, giá lại hạt dẻ. Ủng hộ quán 👍🏻👍🏻Xem thêm",142
826,dloydz,22/4/2022 17:36,10,"Đồ ăn cực ngon, sẽ quay lại vào lần sauXem thêm",142
827,P H T,17/3/2020 20:51,8.4,"Đồ ăn vừa ăn, đặc biệt hải sản tươi và nhiều loại đa số là còn bơi lội trong hồ. Nhân viên phục vụ tốt, không gian thoáng đãng.Xem thêm",143
828,Phạm Lê  Xuân Ánh,29/8/2019 17:04,9.0,"Nhà hàng nhất định phải ghé thử nếu có dịp đi bình dương, đồ ăn phải nói ngon xuất xắc, menu phong phú, món nào cũng có. Không gian đẹp, rộng rãi mát mẻ.  
Đãi sinh nhật, tiệc tùng, đám cưới ở đây cũng được luôn. Giá cả ổn.Xem thêm",143
829,Truc quynh Truong le,15/7/2018 10:13,9.4,"Bò mềm , bánh mì đặc ruột - đặc sản Lái thiêu . Ngon và đậm đà 
Hủ tiu nam vang ngon , con tôm to hấp dẫnXem thêm",144
830,Truc quynh Truong le,29/3/2015 18:20,7.2,"Hủ tíu nam vang, bò bít tết -2 món chính . Ngon, chat lượng .....Xem thêm",144
831,Trang Huyền,4/12/2017 22:28,5.8,"Không gian: quán gần bờ sông nên khá mát mẻ, sạch sẽ kiểu sân vườn
Chất lượng: các món ăn ở mức trung bình
- đậu hũ vịt bắc thảo: mình không thích ăn vịt bắc thảo lắm, đậu hũ ăn kèm chà bông cũng khá ngon
- cơm chiên cá mặn: ăn khô, có cơm chiên hải sản mà mình quên chụp hình, ăn ngon hơn
- gỏi củ hũ dừa
- lẩu cá: được cái nước lẩu chua chua ngọt ngọt khá ngon
- giò heo chiên: heo già hay s mà da k giòn còn dai nữa
- đậu hũ giấy bạc
Giá cả: giá cũng không quá mắc
Nhân viên phục vụ hơi chậm, không chuyên nghiệp.Xem thêm",145
832,Trang Thuỳ,2/12/2017 7:20,6.8,"Quán nằm ở đoạn đường khá vắng vẻ, nhưng được cái lúc nào cũng đông, đi vào buổi sáng sẽ thấy quán đẹp hơn vì nhìn ra được ngoài sông.

Mình dùng: 
- Mì trứng bắc thảo ( ăn tạm được, cọng mì giòn)
- Gỏi ngó sen ( chua chua ngọt ngọt thấm vị)
- Cơm chiên cá mặn ( ăn được, cơm khô)
- Tàu hủ giấy bạc (làm nhạt một chút sẽ ngon hơn, nói chung ăn ổn)
- Lẩu cá ( cá gì mình không nhớ tên mà thịt giòn giòn ăn rat béo, nước lẩu khá đậm đà)

Nhân viên phục vụ hơi chậm xíu.Xem thêm",145
833,lyn10517,5/8/2020 22:08,6.8,"Mình từng đến đây 2 lần rồi, lần đầu mình đi ăn cơm bò hầm rất ngon luôn, súp miso cũng khá ổn, nói chung hợp khẩu vị.  Tuy nhiên gần đây mình có ghé lại thêm lần nữa, lần này mình gọi cơm cari thịt heo chiên xù, theo cảm nhận của mình thì mình thấy hơi thất vọng. Dù đã chuẩn bị tâm lý là miếng thịt sẽ mỏng nhưng cũng khá buồn vì mỏng thì không nói, đằng này chiên đen, lăn bột không đều, miếng thịt cũng méo mó nhìn vô cùng mất thẩm mỹ, nhưng mình ko chụp lại vì lúc đó cũng vội ăn nên thôi. Thêm nữa, súp miso nhạt nhẽo như thêm nhiều nước rồi ấy :)) mình cũng ko hiểu tại sao :((Xem thêm",146
834,Rosie Rosie,23/10/2019 13:50,8.4,"Cơm bò hầm ngon ghê nè, thịt bò siêu siêu mềm như tan trong miệng á. Ai muốn tăng thêm độ béo thì gọi cơm bò trứng lòng đào. Phần cơm ít nhưng rất chất lượng luôn, món này ăn trưa hay ăn tối văn phòng đều ngon. Cơm đựng trong hộp giấy sạch sẽ, bảo vệ môi trường. 

Ngoài ra còn có món mì ramen ở đây cũng ngon nốt nha.Xem thêm",146
835,Duy Thanh,12/8/2018 13:45,7.0,"Giá cao hơn 1 chút bình thường nhưng rất nhiều và chất lượng, phù hợp các bạn nam hoặc người ăn khoẻ. Mùi vị ok, ko phải phở Bắc nhé.Xem thêm",147
836,Khánh,16/7/2018 15:54,6.4,"So với quán khác thì mắc. Lái Thiêu bán gì cũng mắc hơn SG. Phở này ăn cũng bth, ko có gì đặc biệt. Thịt khá ít. Nói chung khó quay lại!Xem thêm",147
837,Food.Addict Food Addict,26/11/2015 21:10,5.4,"Cái thời mới mở bán dưới gốc cây vú sữa ngồi bàn thấp phải nói là ngon tuyệt vời, thơm phưng phức nhưng lại dịu nhẹ không nồng đậm các mùi vị sử dụng trong nước lèo phở, lúc nhỏ xíu mà có khi ăn lần 2 tô không phải vì không no mà là vì ngon quá. Có thể nói ngon ngang ngữa 1 tiệm phở trên đường Võ Văn Tần thì phải (giờ đóng cửa rồi, phở Hòa hay phở Sương gì đó không sao so được.)

Giờ thì phở Lài ăn toàn mùi vị thuốc nước lèo cho người ta cảm giác không còn thanh và 'ngọt từ xương' nữa.  

Ngồi ăn cảm giác hơi ngạt không thoải mái.Xem thêm",147
838,Selvar Rinset,16/11/2014 23:16,6.6,"Mình gọi lẩu thịt 1 người gồm thịt gà và heo, khoảng gần 90k thì phải, thêm 1 tempura. Có 3 4 loại nước lẩu cho mình chọn, nhưng hôm mình đi chỉ còn 3 loại, mình kêu nước lẩu kiểu nhật. Đánh giá thấy nước lẩu thanh, vì phong vị món ăn nhật nhạt hơn món việt, nên ko thể chê là nhạt, thịt heo thì thấy toàn là mỡ, nhiều hơn nạc, gà được 3 4 miếng nhỏ ko ít cũng ko nhiều, còn lại rau với rau lấp vô cái nồi cho nhìn có vẻ đầy. Tempura thì cũng được, ko có gì phàn nàn. Nói chung ko ấn tượng mấy, ăn cho biếtXem thêm",148
839,Vân Anhh,6/11/2014 12:32,7.4,"Aeon mall vừa mở mình cùng gia đình xuống đây chơi, rộng và nhiều gian hàng hơn ở tân phú. Thích khu sakura food court ở đây, không gian rộng rãi và đẹp rất nhiều chỗ ngồi, có khu ngồi bàn cao và khu ngồi bệt dưới tán cây anh đào và mấy cây cầu nhỏ xinh nữa 

Các cửa hàng ở khu food court decor theo phong cách nhật nối sát nhau, nhà mình ăn lẩu nên phải ra bàn cao ngồi ăn cho tiện. Ở đây cũng có các cửa hàng như Aeon mall tân phú, có vài thương hiệu lạ. Mình ăn lẩu 1 người ở đây 87k khá ok, đầy đủ bún rau, nấm các loại, hải sản, ăn vừa đủ no.

Vì mới mở nên rất sạch sẽ, nhân viên cũng vui vẻ thân thiện. Vào đây chỉ có ăn và ăn thôi nếu không phải xa quá chắc mình cũng vào mỗi ngày :(Xem thêm",148
840,Đinh Pháp,2/4/2018 12:10,7.8,"Không gian ở đây cũng rộng rãi thoáng mát nhân viên cũng nhiệt tình !. Nói về đồ ăn thì ở đây đáp ứng được 2 tiêu chí rẻ, ngon và tươi sống. Đồ ăn ở đây hợp khẩu vị mình món nào mình cũng thích 
- Quá ok. nhất định sẽ quay lại, giá cả hợp lý dành cho công nhân, khu dân cư, gia đình, họp mặt,....Xem thêm",149
841,Phát Đinh,2/4/2018 11:34,8.0,"+ Giá rẻ, đồ ăn ngon, hải sản tươi sống, tôm cua cá bơi chủm chủm :)) Phục vụ tận tâm
+ Nhân viên rất nhiệt tình, thấy đá mình hết là tự gắp cục khác bỏ vào, thấy hết món là dọn món cũ lên món mới, bếp gần tắt là châm thêm cồn, ko cần phải nhắc gì hết nhé. Cái gì lên chậm là đều xin lỗi + giải thích lí do.
+ Không gian quán thoáng mát và sạch sẽ
+ Vì nằm ở khu công nghiệp nên giá cả ok, hợp lý.Xem thêm",149
842,HalleLe,15/9/2017 18:24,6.6,"Sau khi đi làm về thì các bạn đông nghiệp rủ nhau đi ăn này nọ rồi mới về. Đây cũng là nhân cơ hội để có thời gian tám nhiều hơn. Thường thì một nhóm mình đi ít nhất là sáu đứa nên khi tới quán rất là rơm rã.
Khi đó chưa có luật cấm về vĩa hè thì tụi mình được sắp xếp bàn ngồi ngoài trời mát mẻ và thoáng đản. Giờ thì được ngồi trong nhà cũng rộng rãi và thông thoáng để trả lại vĩa hè cho người đi bộ.
Quán có ốc heo hầm gừng, gà ác tiềm thuốc bắc, gỏi cuốn há cảo là nhũng món mình cực kỳ yêu thích. Không biết đã ghé đây bao nhiêu lần nữa. Hic.Xem thêm",150
843,J14 Tuổi,1/8/2016 19:58,7.2,"Chìu ra đây ăn gà ác ,óc heo tiềm thuốc bắc gừng bồi bổ. Còn há cảo của quán cũng nổi tiếng ngon ở lái thiêu. Trước giờ toàn được mua về nhà ăn hôm nay ra quán ngồi ăn kĩu bàn ghế trc vĩa hè cũng khá mát mẽXem thêm",150
844,Nguyễn Hoài Nam,25/9/2019 13:35,8.6,"Đồ ăn tươi, nhiều, giá 40k cho 1 tô thường, 50k tô đặc biệt, mình hay đi với bạn thì ăn lẩu 2 người 180k, quán thoáng mát sạch sẽ, sẽ quay lạiXem thêm",151
845,nguyenhoainam0588,25/9/2019 13:30,8.4,"Mình ăn quán này bên dĩ an từ hồi 2014 đến giờ, bữa mới biết gần nhà có chi nhánh nên ghé ăn thử, hương vị vẫn ngon tuyệt không thay đổi, quán bên đây thoáng mát sạch sẽ, không phải chờ lâu như quán bên Dĩ AnXem thêm",151
846,Phan Tú Uyên,16/9/2017 10:49,7.6,Hệ thống Chef nơi nào cũng ngon cả. Gà cay giá cả phải chăng và nước sốt cũng rất ngon. Kimbap vừa miệng. Nói chung là okXem thêm,152
847,Agn  Nart,17/1/2017 13:56,7.4,"Mì cay ở đây khá ngon, sợi mì dai dai, nước dùng cay cay, đậm đà, có cả hải sản như mực tôm, rồi nấm ăn kèm nên rất chất lượng. Sức của mình chỉ ăn cỡ cấp 2 thôi là muốn ná thở rồi, có nhiều bạn còn ăn cấp 5 - 6 nữa, dễ sợ.
À có ăn gà phô mai, cũng ngon lắm luôn í :PXem thêm",152
848,Rosie Rosie,14/9/2020 14:12,7.4,"Thèm biển....nhưng không có đi biển thì ghé đây ăn bánh khọt Vũng Tàu cho đỡ nhớ nà. Menu hơn 10 loại kết hợp đủ các loại topping: tôm, mực, trứng, thịt ngon lắm á. Giá từ 25k - 58k/phần (đặc biệt). Lâu lâu đổi gió món này cũng hay hayXem thêm",153
849,Thư Nguyễn,5/6/2020 14:47,7.0,Them bánh khọt VT ghé đây ăn đỡ thèm nè. Bánh khọt chiên ngập dầu nhưng bánh ra đĩa là ráo quảnh dầu luôn. Xong cuốn rau ăn thích lắm nhaXem thêm,153
850,Trần Tạo,26/7/2019 13:27,10,"Mỗi người mỗi cảm nhận, riêng mình thì thấy rất ngon và lạ, quán củng đẹp nữa, mấy đứa bạn đi chung ai củng thích...Xem thêm",154
851,Diệu Linh,22/7/2019 14:18,4.0,Trà sữa quá ngọt như những tiệm trà sữa ở ngoài rẻ tiền mình uống. Mình thấy menu giá cao nên nghĩ là ngon nhưng nhận được ly trà sữa uống khá là thất vọng. 50% đường mà ngọt quá ngọt. Vp mình thử 1 lần chắc không uống nữa.Xem thêm,154
852,Hải Phạm,7/10/2017 14:41,7.0,"Đi lotte xong sẵn ghé qa đây thử,  trà sữa thái xanh uống cũng bt, sâm dứa sữa thì theo cảm nhận mình thấy là nó ngon :v. Bánh tráng thì kỳ 1 chút (ăn ko qen :)) ) bò lá lốt chiên ăn đc. Cút lộn xào me ăn cũng bt, đc cái bỏ trong cái lu gốm nhỏ (ko biết chính xác là gì nên tạm gọi vậy) nhìn rất hay, 1 phần đó là 2 ng ăn. Quán nhìn khá nhỏ, ngồi sát nhau. Giá cả cũng rẻ.Chỗ giữ xe là để trước qán và gửi nhờ nhà kế bên. Tolet dơ, nhìn bẩn cực kỳ.Xem thêm",155
853,Hà Mi,29/9/2017 14:34,7.2,"Có dịp đi Lái Thiêu chơi với bạn, bạn dắt ra đây ăn vặt nè, quán có đủ món trên đời nào là bánh tráng nướng kiểu Đà Lạt, bánh tráng trộn, trứng cút nướng, trà sữa trà đào đủ hết á. Chất lượng món ăn theo mình thì cũng như mấy quán khác, được cái bánh tráng đầy topping nhìn hấp dẫn ăn cũng ngon lắm, trà thì ngọt vừa không bị gắt. Quán ngồi bệt thoải mái, phục vụ nhiệt tình, có dịp sẽ ghé lại nha!Xem thêm",155
854,BÁNH CANH CUA _ BÀ CHIỂU,9/4/2018 14:53,8.0,"🍲🦀🦐👨‍🍳BÁNH CANH CUA là một thức ăn ngon và hấp dẫn rất phổ biến ở Miền Nam  nếu không muốn nói gần như hơi thở vậy..Tuy không biết rõ xuất xứ nhưng món ăn này dần đã trở thành một thứ đặc sản mà những ai sành ăn cũng phải thử khi có dịp...
👨‍🍳👨‍🍳BÁNH CANH CUA BÀ CHIỂU▶️Đường Thủ Khoa Huân. Khu phố bình thuận 2.thuận giao.thuận an.bình dương 
▶️từ cổng khu pho binh thuận 2 khách chạy thẳng  vào xíu là thấy quán  nhen. Sẽ mang đúng nguyện vọng đó đến với thực khách bằng món bánh canh cua ngon đúng điệu với mức giá bình dân từ 25k - 35 k với đầy đủ : cua,chả,GIÒ HEO ,trứng,nấm,.. một mức giá khá phù hợp để có thể làm ấm cái bụng buổi CHIỀU  bận rộn hoặc buổi TỐI  muộn cồn cào..
🏘Quán phục vụ 1buổi chiều,từ 2H30- 7_8 h mỗi ngày
Dt:0907986198
😋😋😋Hãy đến và để Bánh Canh Cua BÀ CHIỂU  chinh phục bạn ;))😜Xem thêm",156
855,Trang Huyền,13/11/2017 21:58,6.2,"Không gian: quán cũng thoáng mát nhưng không rộng rãi lắm
Chất lượng: cũng khá ngon
Trong hình là: 
- bún đậu( dồi, lòng, chả cốm)
Các bạn có thể tuỳ chọn, thích cái nào ăn cái đó cũng được, không cần chọn giống menu
- sủi cảo chiên: món này ngon, hồi đầu mình tưởng giống hoành thánh nhưng ăn rồi thấy khác lạ
Vì mới khai trương nên kmai ly nước
Thấy có chân gà sả tắc nhưng tiếc là hết mất nên chưa thử được.
Nhân viên: quán nhỏ nên người nhà phục vụ, thân thiện
Ngoài ra quán có giao hàng. Số điện thoại ở menu mình có chụp lại.Xem thêm",157
856,Trang Huyền,10/11/2017 16:50,6.4,"Không gian: quán cũng thoáng mát nhưng không rộng rãi lắm
Chất lượng: cũng khá ngon
Trong hình là: 
- bún đậu( dồi, lòng, chả cốm)
Các bạn có thể tuỳ chọn, thích cái nào ăn cái đó cũng được, không cần chọn giống menu
- sủi cảo chiên: món này ngon, hồi đầu mình tưởng giống hoành thánh nhưng ăn rồi thấy khác lạ
Vì mới khai trương nên kmai ly nước
Thấy có chân gà sả tắc nhưng tiếc là hết mất nên chưa thử được.
Nhân viên: quán nhỏ nên người nhà phục vụ, thân thiện
Ngoài ra quán có giao hàng. Số điện thoại ở menu mình có chụp lại.Xem thêm",157
857,242 1991,26/5/2017 0:00,4.6,"Mình đi công chuyện về ngang qua lái thiêu. Được chú xe ôm chỉ vào đây. Chú bảo bít tết ngon hơn. Mà khi quán thấy ai cũng gọi cơm sườn nên mình gọi theo. 
Chất lượng: mình thấy không xứng giá 30k cho một phần lắm. Có ly trà đá 2k chà bá và ngon là được. Loại sườn cộng, có gân đàng hoàn nhưng chế biến không ngon. Phần thịt của mình rất dai, có điều không phải dai mềm mà dai chưa chín ấy. Miếng thịt còn đỏ ao. Gân dai kỳ kỳ. Cơm thì có chút ét. Bán cho trẻ em hay nữ đang ăn kiêng thì phù hợp.
Phục vụ: tạm thui, xe mình ở nắng có dời vào mát dùm, còn tính tiền hay bưng cơm có dáng vẻ ""ngông ngông"" sao ấy.Xem thêm",158
858,J14 Tuổi,9/8/2016 10:39,7.6,"Quán ngay chợ lái thiêu cũng khá có tiếng bán bò né cơm tấm ăn ngon nên cũng tấp nập,  tới trể trên 9h đôi khi hết bớt đồ ăn hôm nay đi trể cơm hết bì 😂😂😂. Phục vụ nhiệt tình vui vẽXem thêm",158
859,Giản Thiên,23/3/2020 3:44,9.2,"Tới vào buổi sáng, không gian phong cách cổ xưa vintage tuyệt vời lại còn yên tĩnh, rất có phong cách độc đáo riêng, đẹp và có nhiều góc chụp hình. Đúng là nơi thư giãn sau những giờ làm việc mệt mỏi. Đồ ăn, đồ uống thì khỏi bàn rất ngon. Menu đa dạng. Ngoài ra còn có đồ ăn sáng, bánh tráng các kiểu. Giá cả cực kì hợp lý, phải nói là quá rẻ so với chất lượng nước uống và không gian. Anh chị chủ vui vẻ, nhiệt tình. Rất hài lòng. Chắc chắn sẽ quay lại ủng hộ. 
Đánh giá: 9/10.Xem thêm",159
860,foodee_cf16f5a3,11/8/2019 10:33,4.2,"Vẫn thường ăn nhưng sau ngày hôm nay thì không dù có ngon thế nào đi nữa. Chất lượng phục vụ quá kém. Ngày hôm nay 11/8/2019 chở vợ và con nhỏ đi vào ngồi không 40'rồi đi ra vì không có đồ ăn. Trong khi đó các bàn vào sau người ta đều có ăn xong rồi mình vẫn chưa thấy đâu mặc dù giục liên tục. Sau cùng thấy bàn mới vào có luôn mà mìn vẫn chưa quá tức giận nên đi ra. Ai ăn thì cũng phải trả tiền, xem lại cách tổ chức và phục vụ.Xem thêm",160
861,Hà  Linh,28/8/2017 16:51,7.2,"Quán này khá là rộng rãi, thoáng đãng, đông người ăn lắm
Bún cũng khá ok, đậm đà, ngon miệng
Giá từ 35k - 65k, cũng ok hen.Xem thêm",160
862,Long nguyen,29/12/2014 21:32,8.2,"Lúc đầu không chú ý quán này đâu, nhưng khi đi ngang qua thì nghe mùi ổi thơm lừng nên ghé tạt vô hỏi, mới biết ở đây có nước ép ổi, mình order 1 ly ép ổi, 1 ly sinh tố sầu riêng, 1 ly sinh tố dâu thì hết 69k, mình thấy giá cũng hợp lý, ly ép ổi siêu ngon luôn, ly sinh tố sầu riêng cũng ổn, rồi được rút thăm trúng thưởng vì mua trên 50k, mình trúng thêm được 2 viên kem, nói chung là giá quá ok, 69k, 3 ly nước và 2 viên kemXem thêm",161
863,Ha Ha,1/11/2014 17:19,5.0,Tầng g trệtXem thêm,161
864,trinh,6/10/2021 10:06,5.0,Có bánh chuae zXem thêm,162
865,Rosie Rosie,16/6/2020 17:00,8.0,"Big Size nên là miếng nào miếng đó to oành nha, nhân béo ngậy và đầy ụ ăn siêu đã luôn. Buồn buồn làm 1 bánh là phê lòi.Xem thêm",162
866,Hngnguyn5137,23/7/2017 10:41,9.6,Mình chưa đi nhưng anh hai mình đi rồi.  Thấy ổng về khen dữ lắm.  Chắc bữa nào phải ghé thử mới được.  😇😇Xem thêm,163
867,Phong Võ,21/7/2020 21:38,3.0,"Đi vào ngày cuối tuần đông kinh khủng. Đến lúc 2h vẫn phải ghi sdt lại sau 20p mới được vào bên trong. Bên trong nóng kinh khủng, trần nhà thì dột nước. Chủ nhật có 2 mức giá buffet. Order Menu cao nhất nhưng nhân viên nghe thế nào chọn cái còn lại. Mặt nhân viên đúng không cảm xúc, không thèm đem vá ra luôn đến khi nhắc thì đem ra cái vá múc nước lẩu mà không đem cái vá vớt đồ ăn phải nhắc thêm lần nữa mới đem ra. Bưng lên món thịt gì đó hình như là kiểu có khói lạnh gì bóc lên nhưng phần của mình thì không, thịt đặt lên khay 1 cách nham nhở. Nóng quá ướt cả áo nên ăn 45 phút xong tính tiền về luôn.Xem thêm",164
868,Thảo Ngọc Linh,22/4/2020 13:52,7.0,"Mình đi tầm buổi tối nên đã book bàn sẵn rồi, thấy quán cũng khá đông nè. Mình đi 3 người và chọn suất buffet 239k. menu cũng tầm hơn 10 món nha, mình thấy có bò nhồi ống tre ăn ngon nè, nạc vai bog ngon, ba chỉ heo siêu nhiều mỡ, ngoài ra còn có mực, nghêu, gà, bò viên, bao tử cá, .... nước lẩu mình gọi lẩu tomyum và lẩu bulgogi, nước lẩu mình thấy dùng được thôi chứ không phải xuất sắc lắm. ăn cũng nhanh ngán thôi. Quầy nấu sẵn thức ăn cũng đa dạng, sốt chấm tự pha nhé. tráng miệng có kem tươi và chè. 

Nhân viên phục vụ vui vẻ, nhanh nhen, mình gọi bò nhồi ống tre thêm mà hết rồi, sau đó bạn nhân viên mang ra đĩa tôm viên hoàng đế (của suất 329k) thay cho đĩa bò nhồi. 

Giá suất buffet mình thấy cũng hợp lí, nước ngọt 30k/ly. Do có thẻ thành viên nên lúc thanh toán được nhân viên nói là ngày sinh nhật nên được giảm 10% bill. 3 người bill sau cùng 830k thôi nhé.Xem thêm",164
869,Tuan Ngo,4/3/2019 7:44,2.6,"Mình vào nhậu 2 người,  nhậu xong đã tính tiền lúc đi ra bị 1 e ( chắc quản lý)  chặn lại nói a chưa tính tiền, mẹ quê xong e đó gọi bộ đàm xác nhận bên trong quầy rằng mình đã tính tiền,không 1 lời xin lỗi khách hàng, mình bị quê với đối tác và thề sẽ không bao giờ ghé đây nữa, ....Xem thêm",165
870,Diệm Lê,21/1/2019 16:08,9.4,"Không gian và món ăn ở đây thật tuyệt!
Có màn hình led full HD 600 inch. Xem bóng đá cổ vũ đội tuyển Việt Nam tuyệt vời! Khu vui chơi trẻ em đầu tư rất chu đáo.
Yêu Beer Zone ngay từ lần đầu tới Quán. Chúc Beer Zone ngày càng thành công rực rỡ. Là điểm đến lý tưởng cho tất cả mọi người nhé!Xem thêm",165
871,foodee_d37ba785,31/7/2022 19:59,4.2,Muốn mua bún bò mà k có sdt sao gọiXem thêm,166
872,foodee_cf9s0m08,23/2/2021 16:40,8.8,"Bún bò ở đây đúng vị Huế, nước dùng trong và vị đậm đà, chủ quán là người Huế luôn.
Nhà mình rất hay ăn ở đây, ăn hoài không chán.
Quán trước đây còn có bánh lọc nữa nhưng giờ thôi rồi, tiếc ghê.Xem thêm",166
873,Vinga,1/1/2019 20:15,5.2,Cảm xúc sau khi thừng thức là cực dở tệXem thêm,167
874,trinh,7/3/2018 16:04,2.2,"Món ăn ở đây thật kém sang. 
Mình order 2 món chính và 2 món phụ, 2 ly trà đào. 
2 món chính mình order là Cơm gà và Mì xào hải sản. Cơm gà: cơm cứng nguyên hạt, gà toàn mỡ ( chấp nhận vì gà công nghiệp là vậy), cà chua không ăn được vì để tủ lạnh quá lâu nghe mùi thối và chua. 
Mì xào hải sản: khi vừa đưa món mì ra mình buồn cười chịu không nổi. 1 chảo mì mà một bên cháy bên nguyên cọng mì sống bên nhão. Hải sản hôi, rau úng do để lâu ngày. Ăn không nổi vì mùi. 
Bánh cuốn toàn bột và có mùi khó chịu
Món còn lại bạn mình order nên mình không rành về nó nhưng mình có ăn thử. Bột nhìu và hôi.
Trà đào: 25k 1 ly, gồm đá, nước và đào. 
Đũa muỗng dơ vì còn dính dầu và cơm. 
Tụi mình không thể ăn hết các món ăn vì quá dở và có mùi thật tệ. Tệ về chất lượng tệ với số tiền không xứng đã bỏ ra. 
Tiền thì phải thanh toán liền khi order nên khi nhận được món ăn không cách nào khác là ráng được miếng nào hay miếng đó để đỡ sót tiền. 
Nhìn biểu tượng của cửa hàng thật dối trá: Fresh and delicious!!!Xem thêm",167
875,Thương Huyền,25/2/2018 15:52,4.4,"MÓN ĂN Ở KHÁ TỆ
- Không gian: thoáng mát, dễ chịu
- Vị trí: trên lầu 2 nằm ngay kế rạp phim, dễ thấy
- Mình order gồm xá xíu tôm thịt, bánh bao kim sa, mì hoành thành xá xíu, cơm chiên hải sản, chân gà xì tàu, chè hạt sen củ năng. tổng bill 197k, ăn đủ no
- Chất lượng món ăn: dimsum ăn được nhưng hơi mắc so với chất lượng( 29k/phần 4 viên). Món mì và cơm không ngon hay có thể nói là dở tệ. Chân gà xì tàu ăn được hơi mềm và gia vị ngọt ngọt có mùi thơm của xì dầu, nên thử khi đến đây. Bánh bao kim sa nhân hơi lỏng nhưng ngon so với những món mình đã order. Chè không ngon và đưa ra cùng lúc những món ăn khác nên bị tan đá > nhạt
- Nhân viên: mình order mì xá xíu hoành thánh nước nhưng lại đưa mình mì khô. rất thất vọng. nếu đi ăn bạn nên kiểm tra ở nhân viên trước rồi hãy thanh toán
- Cảm nghĩ: mình không thích cách order món ở đây cho lắm. vì đang đói mà phải chọn món, tính tiền, lấy bill rồi lại bàn đợi 10p mới quay lại quầy lấy đồ ănXem thêm",167
876,huong Bui,2/2/2023 15:15,9.4,"Nhà hàng nằm ngay trong sân golf sông bé, vừa vào đến cổng thôi là không khí mát mẻ, trong lành, thoải mái thật sự. Quán thích hợp ăn uống cùng bạn bè, gia đình, đối tác hơi bị xịn. Đến vào lúc còn sáng có thể thấy các anh golfer đánh golf và khung cảnh xung quanh toàn cây xanh, tách biệt hẳn phố thị. Cuối tuần đi thì enjoy cực kỳ.Xem thêm",168
877,Hà Mi,3/5/2017 14:48,8.4,"Thích mấy quán dạng cát cát này lắm, nay phát hiện ra quán trà sữa này là mê luôn. Không gian quán thoáng, nền được lót đầy cát, mềm mịn êm ơi là êm, như đang ngoài biển á. Quán trang trí khá dễ thương để chụp choẹt selfie là hết ý. Quán có bán đủ loại trà sữa, có loại trà bình ú nu dễ thương lắm nha. Sẽ quay lại nhé!Xem thêm",169
878,Phát Vương,6/7/2020 1:31,9.6,"Quán mới rất lịch sự, giá bình dân mà phục vụ như nhà hàng . Món phở sườn bò , xí quách rất ngon mà giá so với các quán cùng khu vực thì quá ok. Ăn rất sướng và no mà có 35k. Làm tô đặc biệt bao no gồm sườn bò , bắp bò , gân, bò viên... mà có 55k cái tô bự chà bá lửa , nhìn thôi đủ thèmXem thêm",170
879,Đàm Trung,28/12/2018 15:39,8.2,"Sữa tươi trân châu đường đen . Ngoài việc dùng sữa tươi thanh trùng TH thì trân châu rất vừa ăn , dai dai dòn dòn và có thể tuỳ chỉnh lượng đường phù hợp cho khách và giá rất hợp lý . Với tiêu chí lấy công làm lời 20k size s và 26k size mXem thêm",171
880,Đàm Trung,28/12/2018 9:31,8.6,"Cà phê mang đi mang phong cach ý , là cà phê hạt rang mộc khi có khách mới xay cà và chiết xuất , tuy phong cách ý nhưng mang hương vị việt nam , tỉnh táo mỗi ngày , tốt cho sức khoẻ.Xem thêm",171
881,Ngọc Phạm,13/12/2020 13:41,10,"Mọi người ơi, mình recommend mấy bạn vào đây uống nha !
Trà sữa ở đây siêu ngon, không quá ngọt, uống để tạo động lực để mấy bạn nữ giảm cân nha,đặc biệt là không bị ngấy nha mọi người. Thạch giòn giòn, dai dai không thua kém gì mấy quán ts khác nha mn, trân châu hoàng kim, nhỏ nhưng mà chất lượng nha các bạn !
Đặc biệt hồng trà hồi năm đầu khai trương CỰC PHẨM luôn nha mn, hồng trà màu đậm, giá cả thương lượng chỉ 15k mà được cả thạch  + trân châu + hồng trà nha mn. Hồng trà ngọt chát tê đầu lưỡi, uống ngụm nào mê ngụm đó nha. Mà hông hiểu hiểu sau gần đây hồng trà bị thay đổi, không còn chát như trước nữa, mà vị chát nó cũng quan trọng lắm mọi người, làm cho trà độc lạ, không bị ngán nữa đó !
Còn***nào, chị nào uống trà sữa mà ngán quá thì đổi vị liền qua trà sữa socola, khoai môn nha!!! Socola không bị quá đậm nè,ngon như mấy thanh kemm socola ý ạ. Khoai môn nghe tên vậy thôi chứ uống vào là có người ghiền luôn nhaaaaa!!!Xem thêm",172
882,Nữ,20/3/2018 21:22,3.4,"Thấy quán mới khai trương nên ghé ún thử coi chất lượng ntn ? 
Mình order 1 hồng trà trân châu 25k 
Quán decor cũng ok có điều hơi nhỏ xí 
Có bán cả trà trái cây nhưng mình kco thử. Order thử hồng trà e xem ổn ko mới gé tiếp 
Ai dè thất vọng dã man lun. Ún vô nó chát thôi rồi lun. Mình đổ đi hết để ăn trân châu thôi :(
Mình sẽ không quay lại quán nàyXem thêm",172
883,Trang Huyền,23/11/2017 21:11,6.0,"Quán này mình đã đi rồi nhưng vừa quay lại ăn tiếp những món khác vì các món ở đây vừa rẻ lại vừa ngon
Không gian : khá rộng rãi
Nhân viên : phục vụ nhanh nhẹnXem thêm",173
884,Trang Huyền,31/7/2017 21:32,6.4,"Không gian: khá rộng rãi thoải mái
Chất lượng: cơm tấm thịt xiên rất ngon, ngoài ra còn có các món lẩu đồ nướng khác
Giá cả: rẻ, ví dụ lẩu có nhiều mức giá khác nhau, nước chấm đồ nướng rất ngon
Nếu đi 2 người bạn có thể gọi lẩu 59k để có thể gọi thêm các món khác
Nhân viên: phục vụ nhiệt tìnhXem thêm",173
885,Thiên Ân Ngô,12/11/2019 7:24,10,Thức uống từ nông sản sạch chất lương. Đặc biệt CAFE rang mộc pha máy rất ngon. Món kem Bơ tươi và kem chanh dây cũng rất đặc biệt.Xem thêm,174
886,QuinhQuinh,14/12/2019 15:22,10,"Không gian quán đẹp, nước ngon , giá hợp lýXem thêm",175
887,Vương Huế  Vương thị Huế,4/1/2017 23:27,8.0,Đồ ăn ngon phục vụ chu đáo. Nhân viên nhanh nhẹ . Rẻ mà ngon địa điểm dễ tìm thoáng mátXem thêm,176
888,Yen  Nguyen,17/8/2018 16:43,3.0,"Đói quá ghé vào Cơm Ngon trong Aeon Bình Dương ăn. Nhìn hình khá hấp dẫn nên mình gọi món Cơm chiên tôm trứng. Ngồi đợi khá lâu, chắc khoảng 15 phút chứ không nhanh đâu. Khi dĩa cơm bưng ra thì hỡi ôi...cái gì đây ? Một nhúm 3,4 con tôm bé xíu như tôm kho hay rim mặn...một miếng trứng ốp la mà 68k. Bực mình và thất vọng mình hỏi phục vụ hỏi có nhầm đây là món cơm chiên tôm như trong hình tôi order hay không thì em phục vụ tự tin đáp “món này là vậy đó chị” ...hả, sao quán em dám lừa khách hàng đến mức này, một trời một vực mà còn dám thu 68k nữa chứ ?!?
Cơm khô như cơm nguội và chiên sơ xài pha màu vàng chứ không phải màu vàng từ trứng đâu nhé. 
Hèn gì quán vắng que, không một bóng người.
Mọi người đi Aeon Bình Dương có ăn gì thì chừa mặt cái quán Cơm Ngon này nhé !Xem thêm",177
889,Ha Pham,22/6/2016 10:52,7.2,"Cả nhà rủ nhau đi coi Conjuring 2 rồi quất luôn bữa cơm trưa tại đây. 
- Vị trí + Không gian: Quán thuộc kiểu gọi món và tự phục vụ, nằm ngay đầu tiên dãy hàng nên tới là thấy ngay. Quầy hàng được trang trí bằng việc dán hẳn tất cả các món trong menu để khách tha hồ mà ngắm.
- Giá cả: Khá là mắc toàn trên 50k/món. Một phần dành cho 1 người, không hơn không kém có khi còn chưa đủ no.
- Chất lượng: Đi song hành cùng với giá, mắc lên ra món là thấy hấp dẫn hơn nhiều. Trang trí món ăn đẹp, đủ màu sắc từ rau củ, cơm, thịt trứng,.... nêm nếm cũng vừa ăn.  Nhưng có một điều là không ưng, quá lạm dụng dầu mỡ, gì đâu mà món nào cũng bóng lưỡng nhìn vào là thấy ngấy liền.
- Phục vụ: Khách tự kêu món và chờ tự phục vụ, chỉ được là ăn xong có nhân viên tới dọn dẹp thôi.Xem thêm",177
890,Sun Friendly,23/1/2021 14:17,7.2,"Milo dầm ở đây bán giá khá tốt, dịch vụ cũng nhanh chóng. Mình thích loại mix với dừa nhất nè. Cơ mà đá trong ly khá cứng, dầm sẽ hơi bị cực nha. Mọi người nên để đá tan bớt đi rồi hãng dùng. Chứ lần trước mình mua cho cả phòng uống mà mỗi lần uống đều phải dầm mạnh tay, gây tiếng ồn hơi bị mắc cười.Xem thêm",178
891,Thư Nguyễn,4/11/2019 11:05,7.4,"Ly milo dằm nhìn thấy cưng quá ah. Ly đầy ụ mà có 20k thôi, ăn đã đời luôn há. Shop này chủ yếu bán online thui nha, có món đá me uống chua chua ngọt ngọt thích lắmXem thêm",178
892,Khôi Phùng,15/3/2017 22:52,8.6,"MÌnh đến quán này rồi, thực sự mà ns không gian quán này rất tuyệt, rộng rãi thoáng mát, có 2 không gian để các bạn ngồi tận hưởng 1 ly trà sữa thơm ngon lun đó là không gian ngoài và phòng máy lạnh tha hồ ngồi tám và làm việc trong thời tiết mùa hè oi bức nhé ^^ 
Đồ uống thì cực ngon, đủ loại cho bạn lựa chọn nào là Trà xanh hoàng gia Latte, Trà sữa hạt dẻ, Trà sữa uyên ương, bla...bla... đc pha bằng máy móc hiện đại đàng hoàng pha tại chỗ uống liền luôn nên yên tâm về chất lượng cũng như xuất xứ nha :#
Đặc biệt quán còn bán món bánh cá Japan cực kì cute lun >< ngon thì miễn bàn.
Nhân viên phục vụ chu đáo, và nhiệt tình, quán rất sạch sẽ, WC cũng vậy sạch sẽ, thơm nữa  :3
Mình sẽ ghé quán thường xuyên vì nó hợp gu của mình heheXem thêm",179
893,Võ Huy Bảo,25/6/2021 16:23,5.0,Làm sao đặt món này và giao tận nơi ạXem thêm,180
894,Thư Nguyễn,14/7/2020 10:26,6.4,"Gà này là gà ta nên thịt dai dai, được ướp thấm vị nướng lên thơm phức luôn; một em gà đủ cho 3-5 người ăn no căng bụng, kèm đặc sản mang hương vị núi rừng cơm lam thì sao có thể bỏ qua được.Xem thêm",180
895,hoài hân,1/9/2015 0:20,9.6,"Nước uống ở đây nói chung pha ngon , hợp khẩu vị của mình :) đồ ăn chưa đa dạng lắm nhưng đồ chiên ăn rất ngon + bánh phồng tôm của quán thỳ ăn bao ngon :) khách ruột của quán 😄Xem thêm",181
896,Trâm Phạm,23/1/2020 19:52,9.6,"Quán cà phê này rất đẹp, là một hệ sinh thái có nhiều dịch vụ hỗ trợ người dùng.
Hồ bơi có khu hồ bơi cho trẻ em và khu hồ sâu để tập luyện thi đấu. Lúc mua vé vào bơi còn có thầy cô giáo hướng dẫn kỹ thuật bơi từ cơ bản đến nâng cao rất có tâm. Nghe nói còn có nhiều chương trình học bơi kèm riêng giúp mọi lứa tuổi phát triển kỹ năng mềm và trị liệu nữa.
Khu vực cà phê có nhiều view với nhiều gu, bao gồm phòng lạnh và cả view gió trời, vừa cổ điển vừa hiện đại. Quán cà phê này đúng là kiểu quán cà phê không gốc chết, chỗ nào cũng chụp ảnh được. Nhân viên quán lại rất nhiệt tình, lắng nghe góp ý từ khách hàng và hỗ trợ khách hàng chụp ảnh sống ảo rất dễ thương. Nói chung không chê vào đâu được chỉ có nước hơi ít món thôi. Nhưng mình nghĩ cái này có thể cải thiện được thôiXem thêm",182
897,Đạt Trần,10/7/2017 22:44,8.0,Anh chủ quán sưu tầm đồ hay thật tìm ra quán thứ 2 hơi khó . Cafe không nghe mùi bơ như những quán khác Rất thích quán tuy quán còn hơi nhỏ.Xem thêm,183
898,Anh Tuyết Mai,15/10/2019 15:08,9.6,"KHÔNG GIAN RỘNG RÃI, THOÁNG MÁT
MÓN ĂN LÊN NHANH - NGON
NHÂN VIÊN NHIỆT TÌNHXem thêm",184
899,Hạt Tiêu Pepper,29/3/2016 13:04,8.4,"Vịt thơm. mềm.Ăn kèm bánh bao nữa thì tuyệt cú mèo.Giá lại còn rẻ nữa chứ.Gọi 1 con vịt 220k + 15 bánh bao mà 8 người ăn no căng.
Địa điểm hơi xa chút nhưng quán có giao hàng tận nơi trong phạm vi Thuận An- Thủ Đức đó cả nhà.Số điện thoại chủ quán là:  0937-143-757.Xem thêm",185
900,Uno Trịnh,22/8/2018 18:45,8.8,"Các ngày thứ thì phục vụ rất ok và nhanh chóng, còn cuối tuần do đông nên hay phải đợi lâu. đặc biệt mì cay trà sữa ở đây ngon, hợp với mình.Xem thêm",186
901,Shin Huynh,20/1/2020 20:37,9.4,Dạo này còn có thêm món trà tắc trà đào và trà vải món nào cũng ngon.Xem thêm,187
902,Hòa Vương,16/6/2018 21:39,8.8,"Tràn ngập rất nhiều món ăn ngon, các món nướng thì đa dạng vô cùng, hầu như ko thiếu món nào, hương vị ướp rất vừa khẩu vị, nướng lên ăn là thèmmm luônnnn !Xem thêm",188
903,Nguyễn Quân,22/11/2014 20:58,7.4,"Ramen ở đây ngon, vừa ăn, phục vụ tốt, lịch sự nhưng giá cả thì hơi caoXem thêm",189
904,Khánh Khánh,28/9/2016 16:46,7.0,"Hbua nhỏ bạn rủ đi trà sữa đây nè, thấy cũng được chứ ko xuất sắc, trà sữa pha mình thấy hơi nhạt xí, được cái có nhiều loại thạch ăn dai dai đã miệng. Cô chủ quán dễ thương nè, vui vẻ lắm. Ngoài trà sữa ra ở đây có bánh tráng nữa nha. Ăn hơi bị ngon nha các mẹ.
Chắc chắn sẽ ghé lạiXem thêm",190
905,Uno Trịnh,9/4/2019 19:09,8.6,"Cuối tuần khá đông, nếu bạn muốn thưởng thức nhanh thì nên đi ngày thường. :D
giá bình dân mà món cũng khá ngon nữa, phù hợp với mọi người.Xem thêm",191
906,Mr.Thảo Nguyễn,13/3/2020 15:05,10,Trà sữa ngonXem thêm,192
