UserID,User,Review Time,Rating (10),Comment,RestaurantID
1,Vee,8/9/2022 0:05,10,Quán đóng cửa r nha mọi ngườiXem thêm,1
2,Nakiti Na,2/5/2021 21:26,8.0,"Phải ghé quán này 1 lần khi đến Vũng Tàu nè. Được bạn giới thiệu nên hôm đi chơi ghé ăn ngay, quán khá đông, có 3 tầng, lên tầng 3 mát mẻ thoáng đãng hong có ai đỡ sợ dính Covy :)))) Chờ tầm 10-15' là có đồ ăn, nêm nếm vừa miệng, sò lông ngon, nhà mình ai cũng ghiền. Không buết qua 30-4 có thu phí k chứ mình đi 29-4 giá ổn, đồ ăn ngon. Nếu có dịp quay lại sẽ ghé 😋Xem thêm",1
3,Hieu Ng,18/4/2021 15:00,7.6,"Tối thứ 7 rất đông, tầm 6h hơn là gần full bàn, có thể phải đợi. Quán rất nhiều chỗ ngồi, nhân viên phục vụ kêu hơi khó và cũng phải nhắc vài lần mới lên đồ giúp khách. Menu giá rẻ, bù lại hải sản ăn cũng tương đối, chưa tươi lắm. 4 người ăn no với uống bia thì cũng chỉ 1tr6. Có tôm tít rang muối ăn được, nghêu con khá to, hàu thì 40k/con không to lắm. Lẩu cá đuối thì cá không bị tanh, không bở, khá tươi. Các món khác ăn cũng tương đốiXem thêm",1
4,Mio Phan,1/4/2021 11:52,6.6,"Hôm rồi mình với nhóm bạn có đi VT, ghé quán này ăn chiều do là mình cũng đọc thử review với lại mấy anh chị trong công ty cũ cũng nói ăn thử nên mình mới gợi ý cho nhóm bạn ^^
Quán này nằm trên đường***hướng thẳng ra biển luôn, chiều đi ăn sẵn ngắm hoàng hôn cũng được :D
Món ăn cũng đa dạng, tụi mình gọi mỗi đứa 1 món để sau còn đi ăn quán khác. Các món hơi ít xíu nhưng nhìn chung vị ngon, tụi bạn mình cũng khen
Nghêu hấp ngon, các món nướng với sốt tươi, đậm vị nên ăn kèm bánh mì khá ổn luôn á
Tầm giá thì hình như hơn 600k thôi cho khoảng 9 món khác nhau mình thấy cũng tạm. Mỗi đứa hông tới 100k. 
Bị cái mình thấy nhân viên ở đây hơi tệ, đông nhân viên mà phục vụ chậm lắm luôn, kêu ý ới mấy lần mới ra order nên là nhiều bàn mình thấy khách quạo hẳn luôn á :( So với quán ốc tự nhiên thì mình đánh giá cao cách phục vụ bên kia hơn mặc dù đông nhưng lên món lẹ
Nói chung thử cho biết thêm địa điểm để sau này review lại cho mng nè ^^Xem thêm",1
5,Mai Catery,31/3/2021 21:57,6.0,"Đi VT mà không biết đi đâu ăn gì nên lân la lên Foody tìm quán ốc ăn chơi 😁😁
Không gian: quán rộng, thoáng, mát
Nhân viên: chắc năm vừa rồi biến động dịch bệnh quá nên thấy cũng ít nhân viên, mình ngồi 1 lúc lâu mới có người phục vụ.
Món ăn: ốc không tươi, mì xào ốc giác không nóng xíu nào mà ốc giác lại có mùi. Lên món lâu nữa 😞 
Thực đơn đa dạng món từ ốc đến hải sản, bắp xào, dồi trường, gà, ếch, bò...
Giá cả từ 15,000₫ - 170,000₫++Xem thêm",1
6,Hùng Đỗ,5/12/2020 15:07,4.8,"Mọi khi  hay ghé  quán ăn,  sau thấy nhân viên phục vụ  tệ quá, khách gọi  ngó  lơ nên ko quay lại  nữa. Chủ quán  thì đứng dưới đường mời khách, phục  vụ  thì muốn đuổi  khách Đi. Tuy quan ăn ngon , nhưng sẽ ko quay lại với kiểu phục vu như vậyXem thêm",1
7,Triệu Quảng,21/11/2020 18:28,3.0,"Dĩa tôm 65k, bạch tuộc 80k, dĩa rau có kèm tóc, nhân viên phục vụ đứng đầy nhưng gọi thì ko ai ngó tới. Quá tệ sau 1 năm trở lại.Xem thêm",1
8,Quỳnh Ngọc,4/9/2020 7:18,9.6,"Đi chơi va phải vào quán này ăn rất ngon, vì ngon quá nên quên chụp luôn, mình gọi 3 món cho 2 người ăn thôi là lẩu thập cẩm, sò điệp nướng và gỏi bò rau thơm. đồ ăn vô cùng chất lượng tương xứng với giá tiền, mọi người nên đi ăn nếu ghé VTXem thêm",1
9,Son Nam,30/8/2020 10:28,6.4,"Vào lúc sau giờ trưa 14:30 và 10:30 sáng, nhân viên thưa, không tới bàn hỏi khách, đợi lâu. Món ăn cũng ok. Lúc 10:30 sáng quán hơi dơ. Hình như là quán không có quản lý.Xem thêm",1
10,T4_ eattheworld,30/7/2020 19:26,6.6,"Good food 👍🏻👍🏻👍🏻
@t4_eattheworldXem thêm",1
11,Năm Thành,27/12/2022 21:19,10,"Mình cần pass voucher:10 triệu sale off  - HSD 15/2/2023

sử dụng tại The Dome, Dynasty House, Jumbo Seafood, Ac Lac Do Brazil, Marina Club Vung Tau

Ai cần liên hệ mình Năm Thành : 0938249555 (có Viber/Zalo)Xem thêm",2
12,Năm Thành,27/12/2022 11:06,10,"Mình cần pass voucher:10 triệu sale off  - HSD 15/2/2023

sử dụng tại The Dome, Dynasty House, Jumbo Seafood, Ac Lac Do Brazil, Marina Club Vung Tau

Ai cần liên hệ mình Năm Thành : 0938249555 (có Viber/Zalo)Xem thêm",2
13,Năm Thành,26/12/2022 17:18,10,"Mình cần pass voucher:10 triệu sale off  - HSD 15/2/2023

sử dụng tại The Dome, Dynasty House, Jumbo Seafood, Ac Lac Do Brazil, Marina Club Vung Tau

Ai cần liên hệ mình Năm Thành : 0938249555 (có Viber/Zalo)Xem thêm",2
14,Năm Thành,25/12/2022 13:35,10,"Mình cần pass voucher:10 triệu sale off  - HSD 15/2/2023

sử dụng tại The Dome, Dynasty House, Jumbo Seafood, Ac Lac Do Brazil, Marina Club Vung Tau

Ai cần liên hệ mình Năm Thành : 0938249555 (có Viber/Zalo)Xem thêm",2
15,Năm Thành,23/12/2022 8:14,10,"Mình cần pass voucher:10 triệu sale off  - HSD 15/2/2023

sử dụng tại The Dome, Dynasty House, Jumbo Seafood, Ac Lac Do Brazil, Marina Club Vung Tau

Ai cần liên hệ mình Năm Thành : 0938249555 (có Viber/Zalo)Xem thêm",2
16,Năm Thành,22/12/2022 8:09,10,"Mình cần pass voucher:2,5,10 triệu sale off  - HSD 15/2/2023

sử dụng tại The Dome, Dynasty House, Jumbo Seafood, Ac Lac Do Brazil, Marina Club Vung Tau

Ai cần liên hệ mình Năm Thành : 0938249555 (có Viber/Zalo)Xem thêm",2
17,Năm Thành,22/12/2022 7:37,10,"Mình cần pass voucher:2,5,10 triệu sale off  - HSD 15/2/2023

sử dụng tại The Dome, Dynasty House, Jumbo Seafood, Ac Lac Do Brazil, Marina Club Vung Tau

Ai cần liên hệ mình Năm Thành : 0938249555 (có Viber/Zalo)Xem thêm",2
18,Năm Thành,21/12/2022 17:40,10,"Mình cần pass voucher:2,5,10 triệu sale off  - HSD 15/2/2023

sử dụng tại The Dome, Dynasty House, Jumbo Seafood, Ac Lac Do Brazil, Marina Club Vung Tau

Ai cần liên hệ mình Năm Thành : 0938249555 (có Viber/Zalo)Xem thêm",2
19,Năm Thành,21/12/2022 9:28,10,"Mình cần pass voucher:2,5,10 triệu sale off  - HSD 15/2/2023

sử dụng tại The Dome, Dynasty House, Jumbo Seafood, Ac Lac Do Brazil, Marina Club Vung Tau

Ai cần liên hệ mình Năm Thành : 0938249555 (có Viber/Zalo)Xem thêm",2
20,Năm Thành,20/12/2022 8:28,10,"Mình cần pass voucher:2,5,10 triệu sale off  - HSD 15/2/2023

sử dụng tại The Dome, Dynasty House, Jumbo Seafood, Ac Lac Do Brazil, Marina Club Vung Tau

Ai cần liên hệ mình Năm Thành : 0938249555 (có Viber/Zalo)Xem thêm",2
21,Tăng Nha,25/8/2022 18:20,4.2,"Chưa bàn đến chất lương đồ ăn nhưng mà thái độ phục vụ của nhân viên lẫn***bảo vệ khá tệ :)) Nhân viên thì chắc mng cũng biết và sẽ biết khi tới quán ăn là toàn mấy anh chị trẻ trâu kiểu thân phận cao quý nhưng bị bắt đi làm ,***bảo vệ thì lúc mình tới có chỗ để xe nên để vô , xong thêm khách tới đông thì***dắt kín lối dắt xe ra của mình k nói tới  ,  vấn đề là lúc mình ra giữa trưa nắng***đứng nhìn mình dắt dời từng chiếc xe ra để tự lấy xe mình :))) Không bao h quay lại, mà thấy quán cũng đông đó nên chắc chê thì chê mng vẫn cứ ăn mà quán thì vẫn sẽ k bao h tốt lên ở mảng nhân viên , thế thôi :))Xem thêm",3
22,phanminhvy,4/6/2022 10:29,1.0,Bánh chiên sẵn đem ra nguội ngắt bột có phần chưa chính thì bị chua. Tệ thật sựXem thêm,3
23,Thiên Khoa,20/2/2022 10:50,4.6,"Dở, bánh làm chưa chín đã đem ra! (Chắc do đông khách)
Quán dơ! Rất là dơ!
Rau úng, không sạch!Xem thêm",3
24,Ngân Phạm Thụy Kim,28/2/2021 11:21,1.0,"Bước vào hỏi chỗ ngồi thì k ai ngó hỏi, thôi thấy đông tự đi kím . Cũng k ai quan tâm. Tới lúc kím đc ngồi xuống cũng k hỏi mấy dĩa . Tự kêu luôn . Kêu xong ngồi đợi khoảng 15p r anh chị bàn kế bên nói :))) đợi cả tiếng r chưa có :)) 5p nữa xách đít đứng dậy qua đối diện ăn cho khoẻ .Xem thêm",3
25,Nguyen Thuy,6/10/2020 11:43,5.6,"Mình đi vào sáng thứ 3 nên quán vắng, có vài khách nên ra bánh nhanh
Bánh phần nhỏ: 25k/5 cái, bánh phần lớn: 30k. Bánh ăn ngon, hơi dầu
Nước đậu nành: 8k
Có chỗ giữ xe máy, miễn phí
NHƯNG
Phần rau thì hơi vàng và có SÂU nên mình xin dĩa rau khác, dĩa này sâu còn nghoe nguẩy được luôn. Nên mình ăn bánh với đu đủ thì bị ngấy
Rồi trong cái bình đổ mắm thì có kiến nữa

Ăn xong thì mình xin chừa và không bao giờ quay lại quán này nữaXem thêm",3
26,Mio Phan,28/8/2020 23:40,9.4,"Đợt đi VT mấy anh chị em trong nội mình tính đi ăn bánh khọt gốc vu sữa nhưng mà đóng cửa nên được chú tài xế chỉ quán này cũng nổi mà ngon nên cả đám ghé qua 😁😁
Điểm đầu tiên là quán khá đông, nhưng không gian rộng thoáng nên không quá chật chội.
Bánh ở đây có 2 dạng phần nhỏ và lớn thôi. Nhỏ 5 bánh và lớn 7 bánh
Tụi mình 8 đứa do ăn lặt vặt rồi nên chỉ gọi 4 dĩa lớn
Bánh khọt ở đây dạng bột trắng, có tôm khá tươi và giòn nhẹ. Bánh ra cũng nhanh, hơi nóng và đặt biệt không quá dầu nên ăn không bị ngấy ❤️❤️
Tụi mình ăn có kèm rau cũng khá nhiều và có cả đu đủ bào sợi nữa nên ăn không bị quá ngán
Nếu mà chưa ăn gì chắc một người ít nhất chắc cũng 1 dĩa lớn 🤣🤣
Giá 30k mình thấy ok lắm á, khá ổn cho chất lượng và cách phục vụ của quán. Nếu có dịp đi VT tiếp mình sẽ ghé lại ^^Xem thêm",3
27,Dung Quach,11/8/2020 7:31,7.6,"Đượcbdịp ghé ăn,  giá 1phan dĩa lớn 30k,nhỏ 25k, chỉ có mỗi tôm thôi. Tôm nhỏ được lột vỏ sạch sẽ, trên bàn có sẵn ớt,***nước mắm luôn..
Bột bánh mỏng, thơm giòn tôm tươi ăn ngon. Nước mắm vừa ăn k quá mặn. 1 mình có thể ăn 2 dĩa mà không cảm giác ngán. 
Mọi người đi du lịch có thể ghé quán dùng thử.
Điểm trừ là xe du lịch đậu hơi khó tíXem thêm",3
28,Hằng Minh,5/8/2020 15:20,8.0,"Bánh khọt ở đây đúng rẻ luôn, dĩa hình như có 20k thì phải, có cho kèm đu đủ ngâm với quá trời rau sống luôn. Rau tươi và cũng sạch nha, nước mắm pha ngon, không bị nhạt. Cơ mà giá rẻ nên chất lượng bánh cũng tương xứng thôi ha, con tôm nhỏ lắm á mà rẻ nên mình thấy ăn ok. À tới đây ăn nhớ dặn chiên thật giòn nên bạn muốn ăn giòn nha chứ bữa mình ăn không dặn cái bánh chiên chưa được giòn, còn mềm mềm ăn không đã lắm.Xem thêm",3
29,Đôrêmông Nguyễn,2/8/2020 23:31,7.6,"Nghe bạn mình ở VT giới thiệu mấy lần mà toàn không ở gần vs hơi bận nên không ghé được. Nay tụi mình ghé thì mưa to, ngày thường thui nên không đông khách lắm, tầm 9h quán bắt đầu dọn rồi. Mình gọi 2 dĩa bánh, 1 ly sữa đậu nành & 1 ly nước sâm. Bánh ngon, rau nhìn sạch nhưng làm biếng cuốn chấm nước mắm rửa tay tè le nên mình ăn không ah )) Nhân viên ngoan hiền, lịch sự, nhiệt tình. Tổng cộng hết 76K, mở tối trễ mình thấy tiện, khá oke.Xem thêm",3
30,Trang Lê,30/7/2020 12:07,8.2,"Đã quay đi quay lại rất nhiều lần ở quán này mỗi khi đến vũng tàu, bánh và nước mắm rất vừa miệng, mình đến lúc quán rất đông nhưng ko phải đợi lâu bánh lên liên tục và nóng giònXem thêm",3
31,Hope,29/12/2023 0:28,9.0,"Hôm nay là lần thứ 4 tôi đặt đồ ăn của quán Thuận Phúc. Vẫn hương vị Đặc Trưng Của TP Biển Vũng Tàu.. Ăn rất ngon và ko biết ngán là gì luôn á chèn. Nhân viên ship hàng tới nơi ko thu thêm phí..lại còn rất vui tính, thân thiện, dễ mến. Thật tuyệt vời 👍👍👍Xem thêm",4
32,Linh Linh,15/1/2023 17:47,3.4,"Bún ít, phục vụ nước lâu, giá cao. Hương vị không  có gì đặc sắcXem thêm",4
33,Cúc Anh Trương,12/4/2022 8:21,4.6,"Trải nghiệm ở quán ổn, nhiệt tình dù mình đi ngày lễ giỗ tổ rất đông. Mình kêu phần bánh canh sò nhỏ ăn rất vừa miệng, ăn sạch đồ ăn chỉ chừa lại xíu nước thôi. Mọi chuyện không có gì đặc biệt cho đến khi gần 2 tiếng sau ăn mình có dấu hiệu đau bụng tiêu chảy. Tưởng chỉ đau bụng bình thường nhưng 3-4 tiếng sau mình tiêu chảy rất nhiều, kèm nôn ói. Lúc đó mới biết bản thân bị ngộ độc thực phẩm do ăn phải tô bánh canh sò không tươi. Bạn mình gọi tô bún riêu tôm thì ăn không bị gì. Rất thất vọng về quán. Chuyến du lịch của mình bị gián đoạn phải về SG gấp vì mình bị ngộ độc nặng, đau chết lên chết xuống tưởng đi chầu trời sớm rồi 🙂Xem thêm",4
34,Hồng Ngọc Vũ,1/3/2022 8:52,7.8,"Ăn ngon, vừa miệng nha, giá hơi cao nhưng tô bự lắm. Quán đông lắm, nhưng khá sạch sẽ, thoáng mát, nhân viên hết sức nhanh nhẹn nhiệt tình thân thiện.Xem thêm",4
35,Thiên Khoa,20/2/2022 10:48,5.2,"Mắc so với chất lượng
Món ăn có vị bình thường
Ăn cho biết thui, không quay lạiXem thêm",4
36,Hưng Đinh,18/7/2021 18:07,5.0,"Đã ăn và thấy ngon, hợp túi tiền, topping nhiềuXem thêm",4
37,Nakiti Na,3/5/2021 23:14,8.0,"Quán rộng rãi, thoáng mát. Tô bún khá to, mình thuộc dạng ăn nhiều nhưng cũng khá vất vả để ăn hết 😂 Giá như có tô nhỏ thì dễ hơn, còn chừa bụng ăn món khác ^^^Xem thêm",4
38,Nguyễn Thùy Dương,27/11/2020 22:04,8.8,"Quán rộng, sạch sẽ
Nhân viên nhanh nhẹn
Bưng 2 cái tô lên là thơm nức mũi rồi
Riêu ngon thơm, 1 chén 2 miếng lớn mà có 10k à
Bước ra đằng sau đi vệ sinh thấy ở bên trong sạch sẽ lắm, mình không biết sao đọc bl thấy bị chê
Hên là vẫn làm liều đi ăn 😁Xem thêm",4
39,Lương Thụy Hồng Ân,26/7/2020 20:09,6.4,"Đi ngang qua thấy quán sạch sẽ nên ghé vào ăn. Giá hủ tíu >60k
Mình ăn hủ tíu hải sản khô thì người ta bán theo dĩa như hình. 

- Tôm có vẻ không tươi. Vì mình lột vỏ. Vỏ bị dính vào tôm. Hơi khó lột
- Mực được vài con như hình đó
- Xá xíu cũng được
- Nước lèo ngọt lắm. Còn vì sao nó ngọt vậy thì mình không biết :3
- Quán chu đáo. Mình đi vội nên quên mang kẹp tóc, lấy khẩu trang cột tóc thì quán cho mình 2 cọng thun (mặc dù mình không xin)
- Xin giá hay rau thêm đều rất vui vẻ và cho thêm
- Có điều phục vụ món hơi chậm, nước trà đá mà cũng chậm nữa
- Nhìn chung sạch sẽXem thêm",4
40,Vu Tran,1/3/2020 15:38,3.0,"Trưa nay 2 đứa kêu 2 tô- 1 chả, 1 tôm. 
Bún riêu mà không có hương vị gì bún riêu
Nước lèo nhạt- không có mùi vị gì
Rau thì chỉ rau muống- giá và rau thơm. Nhìn không chủt nào hấp dần.
Nói chung là quá dởXem thêm",4
41,foodee_5a796749,2/10/2023 15:00,1.0,Quá tệXem thêm,5
42,Trần Trang,22/6/2023 13:21,1.0,"Thái độ anh hướng dẫn chỗ đỗ  xe đã hững hờ bất cần chán không muốn nói , kêu khách lên lầu với kiểu muốn tống đi nhanh, 60k 8 cái bánh khọt được mỗi tôm to, phần mực thì con nhỏ xíu xìu xiu ,bánh không giòn mềm mềm ỉu ỉu,rau bình thường nước mắm nhạt, chỗ ngồi chật ních, xô bồ, nhốn nháo, nóng không chịu nổi. Riêng phần nhân viên phục vụ thái độ cộc lốc ,kêu thêm dĩa rau lúc đưa ra để cái kịch mặt hầm hầm khó chịu.Cả gia đình lên xe đi về nói mãi không thôi về thái độ nhân viên phục vụ.Thua CÔ BA xa lắc xa lơ.Quán nổi tiếng mà làm ăn kiểu này không ai quay lại ủng hộ lần 2.Đánh giá 0 sao.Xem thêm",5
43,Nam Nhé,22/5/2022 12:17,3.4,"Đồ ăn mùi vị chỉ ở mức trung bình, quán rất đông, nhân viên nhiều nhưng thái độ cực tệ. Nhiều bạn đứng chơi rất lâu nhưng nhất định làm lơ khách hàng khi khách hàng gọi. Nước mang sai, mang thiếu, và thái độ cực kỳ lồi lõmmmmm. Sẽ kbh quay lại để tìm lấy sự bực bội này.Xem thêm",5
44,Hằng Kitty Trần,1/2/2022 12:45,5.0,Mình có bán xuyên tết kg ạXem thêm,5
45,Vương Nhẽo Nhẽo,14/1/2021 19:03,1.0,"🍌""Tại sao một quán tệ lậu như thế này lại luôn được cái vlogger đem lên quảng bá"" là một vấn đề mình luôn không thể nào hiểu được. 
🍌Quán rất rất đông cho nên nhân viên và quản lý không cần khách chút nào. 
🍌Chất lượng cũng thường thường như vô vàn quán khác với giá chỉ bằng một phần hai hoặc một phần ba. (Đây là khen quán rồi vì lúc mình ăn thì bánh tràn dầu và khó mà nói là chất lượng ổn được).
🍌Cộng thêm không gian chật chột đông nghẹt người và giá tiền chém rất ngọt ngào thì đó là một trải nghiệm khủng khiếp. (Khi mình hỏi giá thì nhân viên nhìn mình kiểu khinh khỉnh ý!)
🍌Vlogger ẩm thực du lịch nào mà giới thiệu tới Gốc V•ú Sữa là mình tắt ngay tắp lự vì mình biết là ""review dỏm"" rồi hihi.Xem thêm",5
46,anmyduyen,14/1/2021 13:36,1.0,"Đi Vũng Tàu nhiều lần, đây là lần đầu mình thử ăn bánh khọt ở tại đây. Và thật sự thất vọng, món ăn hình thức ok, vị bình thường, nhân viên thái độ quá tệ. Nhóm mình đi 7 người, cái mà mình muốn đề cập đến tại đây là TỤI MÌNH ĐÃ BỊ CỐ TÌNH HOẶC VÔ TÌNH CHỌI DÉP KHI VỪA CHUẨN BỊ CẦM ĐŨA ĂN. Khi đồ ăn để tại bàn, tụi mình có để đt tựa vào ống đũa để chụp được cả nhóm vì quán đông người nên sợ đưa đt lên chụp sẽ ảnh hưởng đến mọi người xung quanh. Nhưng vừa chụp được đúng 1 tấm thì có 1 chiếc dép phóng thẳng đến bàn mình, xém dính mặt bạn mình và cả chị khách kế bên. Nhân viên đến xin lại dép với thái độ cợt nhả, các nhân viên khác thì cười giỡn và cả người thu tiền hay chủ tại đó cũng im lặng và phớt lờ. Điều này thật sự quá kinh khủng!!!Xem thêm",5
47,Minh Anh,14/1/2021 12:44,1.0,"Hôm nay 14.1.2021, mình cùng đám bạn có đi Vũng Tàu và ghé quán ăn. Trong khi chờ món ăn thì tụi mình có chụp hình bằng con Ip của mình. Mình đã để đt tựa vào ống đũa để chụp hết cả nhóm thì bỗng nhiên có một chiếc dép bay thẳng vào cái đt của mình, còn xém dính mặt bạn mình và khách kế bên. Mình không biết là vô tình hay cố tình quăng dép vào tụi mình nhưng mấy bạn nhân viên quăng dép đó cười đùa rất lớn và xin lỗi khách một cách cợt nhã và không tôn trọng khách, điều đáng nói là chủ quán cũng chẳng thèm để tâm cứ để mấy bạn nhân viên hành xử md vs khách.
Một trải nghiệm tồi và không bao giờ trở lại🙃🙃

Thất vọng choXem thêm",5
48,Trí Ngụy Trần Quang,27/9/2020 8:57,1.2,"Lần đầu tiên ăn cái quán mà vào gọi ko ai trả lời, vào lúc bàn khác ngồi ăn xong tới lượt khách khác vào ăn xong, vẫn chưa có cho mình 
Gọi thì bảo đợi 2 lượt nữa mới tới mình. Quá nảnXem thêm",5
49,Nhiễu Sự,26/7/2020 20:21,8.0,"Lần nào xuống Vũng Tàu cũng ghé đây ăn. Quán mở rộng không gian phục vụ qua căn đối diện rộng rãi,sạch sẽ và đỡ nóng hơn quán cũ. Menu cũng phong phú và nhiều lựa chọn hơn. 
Bánh vẫn ngon, đặc biệt rau rất thơm. Cơm chiên hải sản khá ổn. Tuy nhiên theo mình giá 60k/dĩa bánh & 80k dĩa cơm chiên hải sản là khá cao. Tầm giá đó có thể ăn đc dĩa cơm chiên ở nơi khác với chất lượng cao hơn. Nhưng đây là quán bánh khọt nên có thể hiểu được, chủ yếu giá cả đi kèm thương hiệu. 
Góp ý là quán nên nghiên cứu lại hệ thống phục vụ. Khách quá đông, bánh làm thủ công nên phải chờ lâu. Khách lộn xộn ko đánh số nên dễ bỏ quên khách. Có bàn gia đình gần chục người ngồi chờ lâu thấy bàn khác được chia nước mắm mà tưởng ngta được ăn trước mình nên bỏ về, không quên làm ầm ĩ một trận cho hả giận 😂
Hy vọng quán sớm cải thiện nếu không mất khách cho các quán khác có chất lượng phục vụ tốt hơn.Xem thêm",5
50,THỦY HỒ,8/6/2020 19:03,3.0,"Hôm nay là lần đầu mình ăn bánh khọt Gốc***sữa Vũng Tàu, vì nghe đồn quán nổi tiếng. Dĩa bánh khọt mình ăn 8 cái giá 60k, theo mình cảm nhận thì quán có giá khá là chát so với chất lượng. Nếu so mặt bằng chung về chất lượng thì thật sự không bằng nhiều quán khác. Bánh khọt mỏng, nguội, chiên giòn phần viền, bánh nguội, với nhân tôm đơn điệu. Các loại rau cũng khá cơ bản, nước chấm bình thường, không có gì nổi bật. Phục vụ không được nhiệt tình, không gian ngồi nóng. Trong thời đại 4.0 này, mình nghĩ quán nên cải thiện chất lượng, giá cả và cách phục vụ để tương xứng với danh xưng quán bánh khọt nổi tiếng. Nếu dc hỏi mình có quay lại quán không, thì mình sẽ trả lời là không?Xem thêm",5
51,Michelle May,12/4/2022 10:59,3.8,"Mình đi 5 người gọi 1 lẩu lớn 300k và 1 gỏi sứa 80k. Gỏi ăn ngon, sứa giòn, tươi. Lẩu thì nhiều cá bị ươn, tanh. Đang ăn tự nhiên có người mang ra 1 dĩa cá kèo chiên mặc dù mình ko kêu, định gài để bàn mình ko kêu mà ăn để rồi tính tiền. Không gian quán khá nóng.Xem thêm",6
52,Honey Candy,1/1/2022 20:15,1.6,Nay mình đi ăn với gia đình mình tại đây thì phục vụ rất là lâu. Chất lượng không tưng xứng với giá tiền mắc. Lẩu cá đuối nhìn thì tưởng chỉ 150 thì lại 250 mắc. Nhân viên không niềm nở và không phục vụ có nhiều người đến trước khiến họ bỏ về vì quá lâu. Lẩu bình thường không đặc sắc.Xem thêm,6
53,Huỳnh Hiệp,24/4/2021 19:15,1.4,"Tệ, bưng lẩu cho người vào sau, nhắc rất nhiều lần mới chịu mang ra liền. Thật sự không nên ăn ở đâyXem thêm",6
54,Hồ Phương,29/3/2021 20:18,1.0,"Mình xuống VT lần này đi ăn thử lẩu cá đuối , thấy quán này được foody review ổn nhất nên ghé ăn , thực sự quá tệ hại luôn từ nhân viên cho tới món ăn , mình khuyên mấy bạn nên tìm hiểu kĩ chứ tụi mình ăn xong về đau bụng , lẩu 200k còn bún 10k nữa ??? Bán lẩu k có bún ăn bún tính 10k 1 dĩa là thấy quán có tâm như thế nào . Mình dễ ăn uống lắm nhưng ăn quán Hoàng Minh 44 này thì nước lẩu nó chua lét k thể ăn nổi , khổ thân bạn mình muốn ăn thử mà sợ luôn , cá hôi tanh thấy sợ , nhân viên thì lơ là , khách vô trước thì k bưng lẩu ra chỉ lo bưng lẩu cho khách vô sau ( vì ngta đi đông hơn hay sao nhỉ ) mình nói có bưng lẩu k anh ơi k thì tính tiền cho em về chứ 3-4 lượt khách vô sau có lẩu rồi mà tụi em sao k có vậy ... mới vô bưng ra liền ??? Đúng trần đời mình chưa thấy quán ăn nào tệ ntnXem thêm",6
55,Ngân Lê Hồng,20/3/2021 13:28,7.0,"Lẩu ngon, 2 người ăn lẩu nhỏ rất no. Quán đông nên phục vụ hơi chậm.  Lẩu ăn ngon, vừa miệng.Xem thêm",6
56,Constance Đoàn,24/11/2020 21:46,6.6,"#constanceinvungtau 🌴 Lẩu Cá Đuối Hoàng Minh - 📌🎯 44 Trương Công Định, Vũng Tàu
.
📌 Lúc lên facebook kiếm quán gì đi ăn ở Vũng Tàu thì quá chời bài về quán hiện lên. Khen chê đủ, người bảo chỉ khách du lịch mới ăn, người kêu quán này ai cũng ghé... Mình không quan trọng lắm vụ đó, khách du lịch cũng được, dân địa phương cũng được, hợp miệng mình là được 😂
.
🍲 Quán bình dân kiểu như quán nhậu trên Sài Gòn ấy. Mình kêu 1 lẩu Cá Đuối Cá Bớp lớn, 1 Bạch Tuộc Nướng Sa Tế, 1 Gỏi Ốc Giác, 1 Mực Sữa Chiên Giòn. Lúc order được anh bạn mách xin thêm gan cá bỏ vô nước lẩu sẽ béo hơn 🧐 để thử coi sao hen
.
📌 Quán lên món khá nhanh, hả sản tươi, làm vừa miệng mình. Thích lẩu cực kì, nước lẩu măng chua, ăn với cá tươi, thịt chắc, ngọt, miếng gan cá tan ra nước lẩu béo béo, đắng nhẹ, hoà với vị măng chua ăn mãi không ngán. Rau cho khá thoải mái, mình xin thêm rau luôn, bỏ rau mầm vô nhớ vớt ra nhanh kẻo ỉu hết bớt ngon. Ai chê thì chê chứ mình thích quán này rùi đó. Dĩa mực sữa chiên giòn dòm vậy chứ nhiều lắm, mực sữa chiên lên teo lại tí chứ gắp ăn 1 hồi mới hết dĩa á 😂
.
💰 Giá cả mình thấy nhẹ nhàng hợp lý, 6 người ăn no bụng, còn kêu bia, nước ngọt tùm lum mà tổng bill có 800k, chia ra 1 người hổng tới 200k
-------
Follow hagstag #constancereportfood để đi ăn cùng Constance nhé
🐷🐷🐷
Instagram: @constance.reportfood
Facebook: Eat with Constance.D
--------
#Constancefooddiary #constancefood #foodreview #foodporn #foodstagram #instafood #foodaholic #foodholicvn #foodie #foody #foodyvn #vungtau #ansapvungtau #laucaduoi #laucaduoitruongcongdinh #laucaduoihoangminh #dianvungtau #vungtauangi #hotpot #lẩucáđuối #vungtaufoodXem thêm",6
57,Ngan,16/11/2020 21:35,6.6,"Quán đông kín cả người và xe, phục vụ khá lâu và có vẻ chú tâm đến bàn đông khách hơn, mình đi 2 người đợi lâu và mỗi lần gọi thêm hay cần gì lại phải đợi kiểu ko biết đến khi nào.
Lẫu thì ổn chứ ko đến nỗi xuýt xoa, maybe trc h mình ăn có quán ngon hơn nên mình thất bt, vì đi VT thấy ai cũng recommend lẫu cá đuối HM nên ghé ăn thử. Không gian nóng và vì đông nên ngồi chật hẹp 😕Xem thêm",6
58,Ivan Pham,27/10/2020 9:47,7.8,"Mình ko ăn được măng nên ko lấy nước măng chua mà lấy nước lẩu thái, ăn với thịt cá đuối vẫn ngon. Gỏi sứa hơi***có thể do xoài chua). Mực 1 nắng ngon. Giá cũng hợp lý. Tuy nhiên đổi bún lấy mỳ thì tính tiền mỳ riêng, tiền rau mầm tính riêng.Xem thêm",6
59,Hà Minh Ngọc,5/10/2020 0:52,9.6,"Lần nào ghé Vũng Tàu mình cũng đi ăn ở đây. Mình thích vì giá cả hợ lý với chất lượng món ăn. Các thứ hải sản đều tươi và có vị ngọt tự nhiên, các món đều rất chất lượng chứ không lèo tèo đâu nhé.! Mình có ăn thêm 1 cái lẩu nhỏ nhưng quên không chụp lại và khá là ưng cái nước lẩu cũng như độ tươi ngon của cá rất hấp dẫn, lẩu nhỏ nhưng nếu ăn ít thì 4 người ăn cũng được luôn đó nhé.!Xem thêm",6
60,Duy Khánh,5/7/2020 13:35,2.4,"Lần đầu ghé quán rất đông, chờ cái lẩu 2 tiếng hối nhân viên thì nhân viên quay lại chửi "" đây ko phải là Bích Phương mà đu đưa"" mặc dù ko hiểu ý nhân viên nhưng cái mặt nhăn như cái mền giống mình đi xin nó, món sò điệp nó dở 1 cái, như sò chết từ đời nào, lẩu thì chưa ăn chưa biết tại lúc viết review thì lẩu chưa sôi, đói mà từ lúc kêu món tới lúc bưng ra được thì mn đã hết đói vì mất cảm giác, đang ăn mà bưng thùng rác đi ngang còn quay lại nói "" nó thúi quắc""Xem thêm",6
61,Quang Đặng,3/2/2022 14:05,3.0,Quán tệ hại. Nhân viên phục vụ kém. Món ăn rất dở.Xem thêm,6
62,Nguyen Oanh,29/4/2019 14:29,9.8,"Lần đầu đến địa chỉ này do ông chủ nói bên này có máy lạnh. Lẩu cá đuối cực ngon, mục lá hấp gừng cũng ngon. Chỉ có tôm nướng là dỡ vì tôm không tươi, nướng chưa chín và ăn vào ai cũng bị say bột ngọt. Đừng ai ăn món tôm nhéXem thêm",6
63,Ngọc Vinh Lê,30/11/2023 20:31,5.0,Quán đẹp. Hải sản tuoi ngonXem thêm,7
64,Linh Hanh,30/11/2023 9:14,6.0,Hải sản tươi ngon . Không gian đẹpXem thêm,7
65,Thùy Trần,29/11/2023 18:44,6.0,Quá tuyệt vờiXem thêm,7
66,foodee_e8ogxw9z,29/11/2023 15:03,5.0,Đẹp sạch sẽXem thêm,7
67,THI THỊ LỆ THỦY,29/11/2023 15:01,10,Món ăn quá ngon cảnh đẹp số 1Xem thêm,7
68,Artemis Artemis,29/11/2023 15:01,5.0,nơi lý tưởngXem thêm,7
69,Giang,29/11/2023 15:01,10,Hải sản tươi sốngXem thêm,7
70,Trần Phương Thảo,29/11/2023 15:01,5.4,TiitXem thêm,7
71,foodee_cims0uul,29/11/2023 13:02,5.0,hải sản rất ngon đa dạng món ănXem thêm,7
72,Mít,29/11/2023 10:21,5.0,ai thích check in thì đúng là nơi lý tưởngXem thêm,7
73,Thịnh Phan,26/11/2023 19:07,5.0,Hải sản đa dạngXem thêm,7
74,Pham Tinh,24/11/2023 14:12,5.0,Rất ngon tươiXem thêm,7
75,Anh Vân Nguyễn,16/11/2023 15:13,10,Tuyệt vờiXem thêm,7
76,Quỳnh Như Nguyễn,21/10/2023 21:22,5.0,"Sêu ngon,giá cả xứng đáng.Xem thêm",7
77,Thúy Ngân,30/9/2023 14:50,5.0,Gành Hào thì quá nổi với dân du lịch nếu có nhu cầu ăn hải sản thì nghé thử 1 lần nhaXem thêm,7
78,Ly Thái Hương,30/9/2023 13:57,10,Gành Hào thì quá nổi với dân du lịch nếu có nhu cầu ăn hải sản thì nghé thử 1 lần nhaXem thêm,7
79,huỳnh diệu,30/9/2023 13:28,5.0,Gành Hào thì quá nổi với dân du lịch nếu có nhu cầu ăn hải sản thì ghé thử 1 lần nhaXem thêm,7
80,nguyệt minh,30/9/2023 13:25,5.0,"Gành Hào thì quá nổi với dân du lịch , nếu có như cầu ăn Hải sản thì nên ghé nơi đâyXem thêm",7
81,Hà Triệu,30/9/2023 13:24,10,Gành Hào thì quá nổi tiếng với dân du lịch nếu có nhu cầu ăn hải sản thì ghé thử 1lần nhaXem thêm,7
82,huỳnh diệu,30/9/2023 13:23,5.0,Gành Hào thì quá nổi với dân du lịch nếu có nhu cầu ăn hải sản thì ghé thử 1 lần nhaXem thêm,7
83,Phạm Thị Mơ,26/6/2024 12:52,5.0,TốtXem thêm,8
84,Phạm Thị Mơ,26/6/2024 12:46,5.0,TốtXem thêm,8
85,foodee_0ic42yir,23/6/2024 13:32,5.0,tốtXem thêm,8
86,foodee_j1h6k41o,23/6/2024 12:19,10,Tôi hài lifng về dv nơi đâyXem thêm,8
87,Vy Vinh,22/6/2024 13:25,5.0,"Tốt
Tốt
TốtXem thêm",8
88,foodee_mlfzqsiy,11/10/2023 11:49,5.0,Đẹp và yên bìnhXem thêm,8
89,Tê Ngố,20/5/2020 10:47,7.8,"Accor  mua lại đổi Tên là Mercure. Đẹp  lồng lộn luôn. Đúng là có yếu tố nước ngoài có khác. Thuở xưa chỗ này bô nhếch bô nhác quê mùa một cục bây giờ sang chảnh đúng chất, bài trí nhẹ nhàng tao nhã mà rất xịn. Nhà hàng làm đồ ăn chơi thì không được ngon không biết ăn chính thì sao, buffet sáng cũng tạm, có món nóng là ngon nhất. Nhân viên thương mến nhưng không được chuyên nghiệp lắm. Có hồ bơi tràn đẹp.Xem thêm",8
90,Hằng Nguyễn,25/1/2020 23:39,9.0,"🌟 Nhà hàng Lan Rừng đã có từ rất lâu ỏe Vũng_Tàu, khi xuống đây chơi,  mọi người hay ghé Lan Rừng để chọn làm nơi nghỉ dưỡng,  hay đơn giản là ghé đến đây uống cà phê ăn sáng và hóng gió biển. 
🌟 Không gian sang trọng. Kiến trúc kiểu Châu Âu nên nơi đây có nhiều view chụp sống ảo. Ú hay ghé đây ăn sáng hay uống nước,  ngồi ở khu vực gần biển để tiện ngắm biển và hóng gió biển. 
🌟 Các món ăn hay nước khá cao,  nhưng nhìn chung cũng tạm ổn, ăn được,  cà phê uống cũng khá thơm và dành cho team thích đắng. Nhân viên phục vụ ok,  nhiệt tình.Xem thêm",8
91,Tank Nguyen,7/4/2019 21:39,8.2,"Thực đơn nhà hàng và cà phê giá đều ổn so với dịch vụ. Rất thích hàu phô mai ở đây, con bự chảng mà ăn vẫn ngon! Ngồi sát biển rất thích, lãng mạn. Mình cũng thích tắm biển ở cạnh nhà hàng.Xem thêm",8
92,Hương Nguyễn Trương,10/3/2019 7:59,7.6,"View đẹp, ăn hải sản mà ngồi sát biển kiểu này là đúng chất
Hải sản giá hơi cao, cái này đương nhiên tuy nhiên đổi lại cảm thấy yên tâm hơn mấy quán ngoài hay mấy quán ở chợ đêm. Cua gạch tầm 950k/kg. Giá cao thật nhưng đáng, đúng chất cua gạch, ăn gạch ngán luôn :)). Bọn mình bị cái tật đi đâu cũng gọi nhiều hơn nhu cầu. Ăn cua xong thấy no luôn không ăn được mấy món khác nữa, tội lỗiXem thêm",8
93,Sejchan Nguyet,12/9/2018 17:53,7.6,"Mình ghé ăn trưa và chọn khu vực phòng lạnh với gia đình vì có em bé. Nhà hàng đẹp và sang với rất nhiều rượu decor xung quanh nhưng cũng nên cân nhắc sợ em bé nghịch phá gây đổ bể. Mình kiu khá nhiều món và rất hài lòng về chất lượng món, nhất là món gỏi và sườn. Xung quanh còn có khu vực hồ bơi nữa. Có dịp sẽ quay lại.Xem thêm",8
94,"Tuân thanh
Thanh Tuân",15/7/2018 19:19,5.4,"Không gian thoáng mát, phục vụ nhiệt tình chu đáo. Đồ ăn hải sản tươi sống và rất bảo đảm, giá cả hơi cao hơn chút. Lần sau ghé vũng tàu mình sẽ ghé lại tiếpXem thêm",8
95,Paris Kim,26/4/2018 23:49,1.8,"Hôm nay mình đi ăn mà mang bực vào người,nhất là thái độ phục vụ của nhân viên.Lúc đó 1 đám nhân viên cả chục người,ko có khách có 2 vk ck mình mà có mấy đứa nhân viên đứng 1 đám xì xào ầm hết lên ăn ko được luôn,xong còn ngó nghiêng bàn tán gì đó ko biết.Còn có bạn thì mình gọi menu mặt xị ra 1 đống như kiểu ko tôn trọng khách,trông rất mất lịch sự.Trước giờ chưa từng gặp kiểu nhân viên nào vô lễ như vầy luôn.Ngoài ra thì đồ ăn ko có gì đặc biệt nếu ko nói là ko ngon,giá thì mắc rồi.Bực nhất là thái độ của nhân viên bất lịch sự,thiếu chuyên nghiệp.Dù sao thì cũng có vài bạn thái độ rất dễ thương,mình ko đánh đồng hết nha^^ Mình góp ý trên đây để nhà hàng có cách chỉnh sửa cho tốt hơn chứ lúc mình đến lèo tèo chả có aiXem thêm",8
96,Tanu Oh,16/1/2018 14:17,8.4,"Lần nào ra Vũng Tàu, gia đình cũng hay ghé Lan Rừng để ăn. Thật ra mà nói, giá của Lan Rừng hơi cao hơn so với các nơi khác một ít. Nhưng với những điểm này mà dù đắt thì mình vẫn chọn Lan Rừng để nào nơi ăn uống của gia đình.
Thứ nhất là không gian ấm cũng, và sang trọng. Ở đây được bày trí lịch sự và đẹp mắt. Nhân viên thì nhiệt tình và chu đáo lắm. Luôn túc trực phục vụ mỗi khi mình cần.
Giá cả có hơi cao nhưng chất lượng đảm bảo cũng đáng. Các món thường có giá tầm hơn một trăm ngàn, các món hải sản thì tầm hai trăm, ba trăm. Còn mấy món hải sản tính theo kí và thời vụ.
Nhìn chung tất là hài lòng!Xem thêm",8
97,Anh Thu Pham,16/11/2017 18:37,8.0,"Mình ăn Lan rừng cũng nhiều cùng gia đình, bạn bè, cơ quan, từ thôi nôi đến liên hoan, kỷ niệm các loại. Các món ăn nhà hàng nấu đều ổn, vừa miệng, ở đây có vài món đặc trưng so với các nhà hàng khác là vịt quay Bắc kinh ăn với bánh bao, chân giò rang muối, hải sản thì không bằng Gành hào nhưng ăn cũng ngon, món ăn thấy phong phú, nhiều lựa chọn, nhà hàng có nhiều không gian để khách chọn với các mục đích khác nhau, có ngoài trời cạnh hồ bơi hoặc phòng riêng. Đây cũng là địa điểm ăn trưa tối hợp lý. Bên ngoài có khu cafe ăn sáng cũng tiện, chỗ ngồi thoáng mátXem thêm",8
98,QL,14/10/2017 23:31,7.0,"Vô kêu vài món ăn tối: gỏi, cơm chiên lan rừng, mực chiên giòn 2 ng ăn là no nê
Đồ ăn làm vị đậm đà ngon lắm
Giá cả hợp lý so với chất lượng nhà hàngXem thêm",8
99,Nam Tran,1/9/2017 10:49,8.6,"Nhà hàng này cũng giống Gành Hào, quán phục vụ chuyên nghiệp, nhiều món ngon, hải sản tươi sống, giá cả hơi cao so các quán khác, view đẹp, có chỗ để xe, đến trễ thì để ngoài đười, đi bộ xa. Nếu vào trễ hoặc không đ8ạt trước coi chừng ngồi đợi hoài luôn, kêu phục vụ thì hay bị ngó lơ, đ8ạt trước sẽ được phục vụ tốt hơn. Ngay bờ biển, gió lộng và nhìn ra biển nên mát, thoáng đãng, bờ kè nên cẩn thận kẻo rớt xuống biển nhé. Thức ăn thì tươi, ngon, nhiều món, giá cả thì cao nhưng cũng vừa tầm tiền, trên 1 triệu thì cũng bao nO. Nói chung là sang trọng thì ghé quá này, còn đặt mục tiêu giá vừa phải có thể ghé vài chỗ khác trên các tuyến đường ăn nhậu trong thành phố, giá sẽ rẻ hơn. Cơ quan tổ chức du lịch hay ghé quá này, đặt phòng máy lạnh nên phục vụ chu đáo. bên trên cầu thang có hồ tôm hùm sống, hồ cá biển khác đẹp, cầu thang hơi cao và chật nên khi đông sẽ phải chen lấn. Ai có tiền rủng rỉnh, gia đình muốn tụ tập đông vui và sang chảnh thì ghé nhé.Xem thêm",8
100,Mều Na,15/8/2017 13:55,7.4,"Bọn mình ghé khu vực phòng lạnh, gặp ngay ông khách TQ đã vào khu vực phòng lạnh còn hút thuốc mà nhắc nhân viên chỉnh đốn thì cứ bơ bơ, ngại mất lòng đám khách đông hơn hay sao đó là thấy cho điểm trừ đầu tiên nha
Không gian decor khá ổn. Nhưng ăn buổi trưa đèn vàng làm buồn ngủ chết đi mất luôn đó, tạo cảm giác buồn ngủ rũ rượi luôn nha.
Về món ăn thì chất lượng ok, nhân viên không mang từng món ra mà mang 1 lượt, đợi luôn 1 lần ăn luôn 1 thể nên khá ok
Ngon nhất là vịt quay kèm bánh bao, cơm xá xíu cũng bình thường thôi, không quá xuất sắc ^^
Phục vụ thì lúc sau này phong cách khá ok ^^Xem thêm",8
101,Quỳnh Anh,11/8/2017 20:06,7.8,"Ăn trong resort Lan Rừng luôn, nhà hàng lớn nên làm việc chuyên nghiệp hẳn. Đặt bàn trước có view biển, ngắm hoàng hôn thì thôi rồi đẹp khỏi chê, gió biển mát nữa.
Hải sản ở đây làm ổn, nguyên liệu tươi, có tôm hùm các kiểu luôn. Nấu nướng khá ngon. Mực sữa rim đậm đà, dai dai lạ lắm. Giá cả khá cao nhưng xứng đáng, chế biến ngon và trang trí đẹp, nhân viên nhanh nhẹn.
Cơm trưa ở đây ăn cũng rất ổn nhé, canh chua cá khá ngon.
Thích hợp ăn uống họp mặt gia đìnhXem thêm",8
102,Đồng Tiến,5/8/2017 15:16,7.8,Được síp bao mới dám vô quán nì chứ bình thường hổng dám mô. Món gì cũng mắc mà đồ ăn cũng được chứ hem xuất sắc lắmXem thêm,8
103,Lê Bá  Khôi,17/6/2019 16:54,8.2,"Kem rum nho, sinh tố bơ, kem bơ dăm ngon, quán đẹp, có chỗ đậu xe hơi, giá okXem thêm",9
104,lehangdo,9/2/2019 23:20,7.4,"- điểm cộng: Quán đối diện bờ biển và đa số là không gian ngoài trời nên rất mát mẻ, đặc biệt là vào buổi tối. Giá cả không quá đắt, thực đơn đa dạng. Các món kem ở đây ngon
- điểm trừ: quán đông mà nhân viên phục vụ hơi ít, kem đem ra đã bị chảy một ít, khó có chỗ đậu xe hơi, trang trí đơn giản, không có điểm nhấn, mặc dù view biển nhưng bị cây cối che khuấtXem thêm",9
105,Vân Ý Nguyễn,23/7/2018 15:27,4.2,"Quán giá bình dân, view và trang trí ko có gì đặc sắc. Thường mình chỉ vào khi các quán khác hết chỗ vào cuối tuần.Xem thêm",9
106,phuonganh25,30/6/2018 19:56,4.6,"Mình đi quán này vào sáng sớm thứ 7, đông kinh khủng, tìm mãi mới có chỗ. Mình gọi 1 ly ice latte với kem (latte 32k, kem 48k/2 viên), theo mình thì không ngon. Latte với kem cực kì nhạt nhẽo, kem vani hoàn toàn kh có mùi vani luôn.
Nói là view hướng ra biển nhưng mà bị cây che hết cả, kh thấy được gì.Xem thêm",9
107,nguyễn thị hoài phương,10/4/2018 12:38,6.6,"Chỗ ngồi mát, đi bộ mỏi chân, view ko nhìn đc rõ lắmXem thêm",9
108,thuwminn,2/4/2018 11:47,7.8,"Quán có view đẹp, nằm sát biển, rất mát và thoải mái. Nước uống không quá mắc, cũng ngon. Nhân viên phục vụ nhanh nhẹn, vui vẻ. ❤️Xem thêm",9
109,Trâm Lê,19/3/2018 11:26,8.2,Thứ hai mà quán đông dễ sợ luôn à. Mình chọn quán này vì đi với người lớn tuổi không gian ở đây rất phù hợp. Về nước thì ko xuất sắc nhưng ở mức chấp nhận được ko tệ. Nhân viên thân thiện nhanh nhẹn nước ra cũng nhanh. View ra biển đẹp nói chung đoàn du lịch cũng nên thử quán này tuy bàn ghế ko đẹp nhưng ko gian cũng đáng để đến thửXem thêm,9
110,Ut Nho *,1/3/2018 18:43,6.0,"Quán này dc cái nhìn ra biển thôi chứ kg thấy đẹp . Có những bâc thang lên ngồi ngắm biển . Tuy nhiên 1 là ngồi ở dưới luon . 2 là đi lên tuót trên cao mới nhìn cảnh biển đẹp dc . Vì tầng lưng lửng bị hàng dừa che mất tầm nhìn kg dep dau.
Về nước thì thấy pha kg ngon.sinh tố bơ xay kg ngon.Xem thêm",9
111,hathanh1772,5/1/2018 14:57,8.0,"Ra Vũng tàu chỉ muốn ăn kem ở O cap thôi, kem rất ngon nhé, khung cảnh không gian thì miễn bình luận, vì ở đây nổi tiếng quá rồi :))Xem thêm",9
112,Nguyễn Ngọc Huy,1/1/2018 21:15,9.0,"Quán có view biển rất đẹp, gió biển thổi vào rất mát, các bạn chọn ngồi vị trí trên cao thì sẽ có view đẹp hơn, phù hợp chụp choẹt sống ảo các kiểu
Nhân viên phục vụ nhanh nhẹn, giá cả cũng phải chăngXem thêm",9
113,Thanh Tâm Phan,30/9/2023 15:12,5.0,Gành Hào thì quá nổi vs dân du lịch. Nếu có nhu cầu ăn hải sản thì ghé thử 1 lần nhaXem thêm,10
114,Hien Thu,30/9/2023 15:06,5.0,"Gành Hào thì quá nổi với dân du lịch, nếu có nhu cầu ăn hải sản thì ghé thử 1 lần nhaXem thêm",10
115,Hà Nguyễn,30/9/2023 13:39,6.0,Gành Hào thì quá nổi với dân du lịch nếu có nhu cầu ăn hải sản thì nghé thử 1 lần nhaXem thêm,10
116,Ngân Ngân,30/9/2023 13:26,5.0,Gành Hào thì quá nổi với dân du lịch nếu có nhu cầu ăn hải sản thì nghé thử 1 lần nhaXem thêm,10
117,Bích Ngọc,30/9/2023 13:23,5.0,Gành hào thì quá nổi với dân du dịch nếu có nhu cầu ăn hải sản thì ghé thử một lần nhaXem thêm,10
118,Nhauyen,30/9/2023 13:22,10,"Gành Hào thì quá nổi với dân du lịch, nếu có nhu cầu ăn hải sản thì ghé thử 1 lần nha!!Xem thêm",10
119,Thao,30/9/2023 13:21,8.4,Gành hào thì quá nổi đối với dân du lịch nếu có nhu cầu ăn hải sản thì ghé thử 1 lầnXem thêm,10
120,Cao Vũ Yến Thanhh,30/9/2023 13:21,10,"Gành hào thì qá nổi tiếng rồi,dân du lịch nên ghé qa ăn thử 1 lầnXem thêm",10
121,Thương Trương,30/9/2023 13:21,10,Gành hào thi quá nổi với dân du lich. Nếu coa nhu cầu ăn hải sản thì ghé môt lân nhéXem thêm,10
122,Trần Thị Thuỳ Tâm,29/9/2023 16:10,5.0,ĐepXem thêm,10
123,Mũm Mĩm,18/1/2018 16:32,9.0,"Mình đi vào tối thứ 6 quán vắng chỉ có 3 bàn trong đó có bàn mình. Mình kêu 2 món lẩu cá đuối và chả cá thu. 
Lẩu cá đuối có 2 size nhỏ 135k lớn 169k ( đã kèm rau và bún ). Bún nhiều không phải kêu thêm như bên Trương công định giá lẩu cũng rẻ hơn rất nhiều.Nước lẩu đậm đà vừa ăn. Trừ lẩu cá đuối ra thì những món khác giá cung khá cao như mấy quan khác.
Nhân viên nhiệt tình nhanh nhẹn. Mình với bạn minh kêu lẩu 169k nhưng bạn nhân viên rất dễ thương kêu mình nên ăn lẩu nhỏ là vừa đủ rồi. Gặp quán khác mình muốn kêu gì kêu kêu cái lớn nhiều tiền thì càng có lợi cho nó trả việc gì phải khuyên mình nên kêu cái gì vừa đủ. 
Sẽ ghé lại thử lẩu chanh dâyXem thêm",11
124,Pun Tròn Tròn🍒,12/1/2018 23:54,10,"Mình với đứa em ghé đây ăn lẩu thường hay ăn bên 40 TCĐ mà nó chua quá nên qua đây ăn thử. Lẩu 135kmaf quá trời ăn muốn xỉu luôn nêm nếm ngon, cá cũng tươi ngon. Mình ăn thêm sò huyết nữa cũng khá ngon. Đc cái nv nhiệt tình đáng iu là thích rồi ... có dịp sẽ ghé lạiXem thêm",11
125,midienchick,22/10/2017 19:24,8.4,"Quán này ăn ngon hơn các quán lẩu cá đuối mình từng ăn ở Vũng Tàu. Giá cũng rẻ hơn, chỉ lẩu thôi chứ mấy khác cũng cao. Nêm nếm cực kì vừa ăn, không bị chua tét lét như Út Mười. Hàu nướng phô mai cũng ngon, cái sốt phô mai vị rất ngon nhưng do có thì là nên mình không ăn được, hơi đáng tiếc.Lên món rất nhanh
Điểm cộng rất lớn là em trai phục vụ thấp người hơi béo phục vụ bàn mình tư vấn rất nhiệt tình và nhẹ nhàng. Chấm quán 7 điểm chứ em ấy là chấm tới 10, lúc về quên tip
Một điểm cộng khác là wc nữ rất sạch sẽ, đối với một quán nhậu bình dân mà nói thì giữ được wc sạch sẽ là điều hiếm thấy, kiểu có người dọn dẹp thường xuyên ấy.Mình đi nhiều quán bình dân nhưng đây là quán sạch nhất, đương nhiên là so với quán nhậu thôiXem thêm",11
126,Nguyễn Hoài Tâm Lê,8/9/2017 21:36,9.0,"Đồ ăn thì tươi, lẩu cá đuối ngon hơn út mười, rau ăn kèm tươi, phục vụ thì nhanh nhẹn lắm. Còn lúc tính tiền thì kg chịu tính, lâu ở khâu tính tiền thôi. Còn lại thì ôkXem thêm",11
127,Nghii Bảo,3/4/2017 18:35,8.4,"Mình đi 1 nhóm 4 người vào thứ 2 đầu tuần nên Vũng Tàu vắng lắm. Đi vòng vòng có 4 đứa tụi mình trên đường à :)) Chạy ngang thấy quán khá lớn lại sạch sẽ nên ghé vào ăn luôn.
Không gian quán rộng rãi và khá thoáng. Gió lùa tung bay cả tóc )) Menu món ăn cũng rất đa dạng nha. Tụi mình ăn tổng cộng 4 món hết 475k. Chia trung bình ra cũng không mắc.
Đồ ăn thì tươi ngon. Một phần cũng khá là nhiều. Nhân viên phục vụ ổn.
Nói chung là bạn nào ngại ra chợ thì ở đây cũng là 1 quán đáng để đến nè ❤️Xem thêm",11
128,Đình Đình,1/1/2017 22:13,8.8,"Quán nằm trên con đường ăn uống với nhiều quán tương tự. Nên cũng lăn tăn lựa chọn lắm.
Lẩu cá đuối măng chua: nước dùng ngon, chua ngọt dịu. Vì quán có trung mấy bình hũ to ngâm măng, cam kết măng ngâm tại quán không chất độc. Đúng vậy, ăn miếng măng và nước dùng là biết liền. Không chua gắt như măng ngâm trắng bóc, chua đắng như nhiều chỗ. 
Giá cả hợp lý. Với lại một phần khá nhiều đồ ăn. 
2 đứa thuộc dạng ăn mạnh gọi gỏi ốc giác, sươnf xào chua ngọt và lẩu cá đuối. Ăn no ứ, không hút hết được nước và không ăn hết bún. 
Đặc biệt đĩa sườn non to như đĩa cơm chiên. Sườn quá sườn. Gọi món này ăn kèm vì nghĩ là sẽ nhỏ nhỏ. Ai dè. 
Đi VT lần nào cũng hố 1 món khẩu phần cực đại. Ăn no không thở được. 
Mình sẽ ghé lại anh 7 Lượm để ăn những món khác nữa.Xem thêm",11
129,Mẫn Thanh,3/2/2018 21:43,8.8,"- Không gian rộng rãi thoáng mát, trang trí cũng đẹp. Có thể do mình đi vào Thứ 2 nên vắng khách nên phục vụ rất nhanh gọn lẹ. Nhân viên cực kì nhiệt tình và lịch sự, dĩa nào ăn xong rồi xin phép dọn dẹp và bonus thêm dĩa sạch để đựng xương luôn.
- Lẩu thì phải nói cực kì ngon, hương vị chua ngọt nêm hợp khẩu vị, chỉ có điểm trừ là cay rất cay, mình vớt ra chắc cũng cỡ 6 7 lát ớt to luôn ấy. Với giá 135k (lẩu nhỏ) thì dĩa cá khá là nhiều, nhìn là biết tươi, rau bún cũng nhiều nốt. 2 người ăn nồi lẩu nhỏ dư sức no nha.Xem thêm",11
130,Tramy Pham,7/1/2018 0:13,9.8,"Nhân viên ngoan, phục vụ ốc và các loại hải sản tươi sống, chế biến khéo đặc biệt ấn tượng hàu đút lò phomai công thức riêng rất ngon luôn 🤩 lẩu chanh leo 3 loại mực+ bạch tuộc dễ ăn ngon lắm. Nói thật mình cực ghét lẩu cả đuối ở VT vì cá thường, canh chua nêm gắt ko ngon. Mai ghé lại đây lần nữaXem thêm",11
131,Thiên Thư,15/10/2017 7:09,8.4,"Lẩu vị rất ngon, vừa ăn. Giá 135k lẩu nhỏ nhưng cá ko hề ít. Sẽ quay lạiXem thêm",11
132,Phước Hưng Huỳnh,8/8/2017 20:38,7.8,"Kêu 1 phần 5 người ăn 169k là thấy khá nhiều, thịt cũng tươi, mà nước dùng hơi ngọt, mà đậm đà, nhân viên thái độ phục vụ rất tốt, rất nhanh, nói chung rất đượcXem thêm",11
133,Hương Phạm,8/10/2023 15:23,5.0,TuyệtXem thêm,12
134,PO Anh,21/10/2019 21:09,8.2,"Quán cafe nhẹ nhàng mình đã quay lại đây lần thứ hai.
Mức giá ổn.
Không gian sân vườn hoặc phòng máy lạnh.Xem thêm",12
135,Thao Trinh,18/5/2019 23:36,8.0,"Mình ghé Vũng Tàu ngày mưa tầm tã, không đi đâu được đành kiếm quán cà phê ngay biển ngồi thư giãn, chứ mưa to quá cũng chẳng thấy biển đâu.
Ghé quán buổi chiều, lên tầng một có máy lạnh, lúc đó cũng không có khách, thoải mái gì đâu, không gian đẹp, chỗ ngồi thoải mái, nhạc nhẹ nhàng, nhìn ra ngoài mưa trắng xoá, không ồn ào, lại sạch sẽ nữa. Công nhận hên, không biết lần sau có đươcj như vậy nữa khôngXem thêm",12
136,nghi le,14/11/2018 18:54,7.4,"Đồ uống ngon, nhân viên nhiệt tình, không gian rộng rãi thoải mái mà giá hơi cao so với các quán khác.Xem thêm",12
137,Minh Hiếu,16/10/2018 13:01,5.2,"Quán này đc cái view nhìn ra biển, thoáng mát, giá hơi cao. Mình uống cam cà rốt 2 tầng quá ngọt (ngọt của đường) nên chiếm mất vị chua chua của cam và mất luôn vị ngọt thanh của cà rốt, món nước ép thơm ngon vừa uốngXem thêm",12
138,Minh Ngọc,26/8/2018 10:55,9.0,"Là cái quán cực sang trọng và khiến con người ta cảm thấy xót tiền khi đến đây nhưng bù lại chất lượng miễn bàn. Thường hay gọi một phần bingsu tầm 90k to bự, phải 2-3 người ăn mới hết. Có kha khá các loại bánh cũng ngon. Tiramisu ăn thấy ổn, cái matcha mouse này mình thấy ngon. Mỗi lầm ra đây uống cafe với gia đình rồi hóng gió biển thì hết sẩy.👌🏼👌🏼👌🏼👌🏼👌🏼👌🏼👌🏼👌🏼👌🏼👌🏼👌🏼👌🏼👌🏼👌🏼👌🏼👌🏼Xem thêm",12
139,quang,15/8/2018 13:44,7.8,"Đi Vũng Tàu, quán cf gần biển phải nói rất nhiều, cũ cũ có Ô vấp, Bạch Dinh,... mới mới thì khu Mũi Đá, khu Lan Rừng, khu Cáp treo,... nhưng mình thử chỗ này và cảm giác khá ưng. Đầu tiên là nhân viên mặc đồng phục, ít nói chuyện riêng, có đeo bộ đàm là thấy chuyên nghiệp r. Thứ hai là cách phục vụ mời mọc, chào hỏi đàng hoàng, chỉ có điều hơi nghiêm, ít cười quá. Quán có đầy đủ loại nước y như các quán cf bình thường: cf, sinh tố, sữa chua, kem,.... đồ uống làm cũng ok, ko dở, ko ngon. Nếu bạn nào kiếm quán cf gần biển thì nên ra đây là ổn. Quán nằm trước Seaside resort luôn.Xem thêm",12
140,Thảo Ngọc Linh,4/8/2018 20:41,7.8,"Sáng sớm ở thành phố biển thì còn gì bằng khi ăn sáng xong, ngồi uống cafe ngắm biển nữa. 
buổi sáng ở đây khách cũng đông lắm nè, mà nhân viên thấy hơi ít, nhưng phục vụ tốt.

- gọi cafe irish (hỏi nhân viên thì được biết là có rượu nữa): uống lạ miệng, rượu ít nên không ảnh hưởng gì đâu, có whipping cream ở trên nữa. 
- sinh tố cam-dâu: thấy dâu không hà, không cảm nhận được chút xíu nào của cam luôn, nhưng uống ok, trang trí cũng tạm ổn
- mòn cuối mình không nhớ vì là của bạn, hình như là nước ép, nghe nói uống được lắm.

giá thì mình quên chụp bill, nhưng biết lá khá cao, tầm 60k 70kXem thêm",12
141,Stilllove,14/3/2018 14:23,9.8,"Nơi thích hợp để nghỉ ngơi chờ nhận phòng :))

Không gian rộng rãi, thoáng, view biển. 

Nhân viên hơi chậm nhưng rất lễ phép và chu đáo.

Nước ép dứa vừa miệng, mình gọi đường đá đầy đủ. Bánh trà xanh ngon, nhưng hơi ngán.

2 ly nước ép dứa, 1 bánh Trà xanh là 145K. Giá phù hợp với vị trí, không gian quán.

Sẽ quay lại nếu có dịpXem thêm",12
142,ST123,11/3/2018 9:54,2.2,"Phục vụ rất tệ nhé, khuyến khích các bạn ko bao giờ đi. Nếu các bạn đi vào cuối tuần thì đừng nên đi địa điểm này do nhân viên phục vụ tệ, đợi hơn 1g mà vẫn chưa có, quan trọng là người đến sau lại có trước do nhân viên phục vụ bảo quên! Mình sẽ ko đi lần hai. Đồ uống ko hề rẻ, chất lượng đồ uống ko tương xứng với tiền bỏ ra, nhân viên phục vụ tệXem thêm",12
143,thanh thùy,29/9/2023 10:12,10,"lịch sự,sang trọngXem thêm",12
144,foodee_ar4wp8s5,29/9/2023 10:06,5.0,"Lịch sự, sang trọngXem thêm",12
145,Thùy Thu,29/9/2023 10:03,5.0,Nhà hàng rất lịch sự và sang trọngXem thêm,12
146,foodee_qv6ei1r7,29/9/2023 10:03,5.0,Lịch sự sang trọngXem thêm,12
147,Lan Nguyen,29/9/2023 10:02,5.0,Lịch sự sang trọngXem thêm,12
148,Lệ Ngọc,29/9/2023 10:02,5.0,"Lịch sự, sang trọngXem thêm",12
149,Thu Hằng,29/9/2023 10:01,10,"Lịch sự, sang trọngXem thêm",12
150,Tiên Nguyễn,29/9/2023 10:01,5.0,Lịch sự sang trọngXem thêm,12
151,Phương,29/9/2023 10:01,8.6,Lịch sự sang trọngXem thêm,12
152,Sao Ngôi,18/2/2016 1:06,5.6,"Đây là một tổ hợp theo thứ tự địa lí gồm: Cà phê - Khách sạn - Nhà hàng. Trong đó cà phê và nhà hàng nằm nhô ra ngoài hai bên lối vào khách sạn. Chỗ này nằm gần cáp treo. Bãi giữ xe rộng rãi tha hồ đậu.

Về phục vụ: hết sức chậm. Có thể do thiếu người. Nhưng mình không quan tâm. Chờ hơn 20 phút là thấy bực quên lí lẽ  rồi :/

Về không gian: tạm ổn. Mỗi khu vực thiết kế một kiểu riêng. Điểm trừ là một số vật dụng không cất mà để ngoài khiến không gian thiên nhiên thanh thoát chen nhiều nét đô thị bừa bộn *_*

Về món: ôi thôi để chờ lâu là biết li kem như thế nào rồi. Gọi là quán cà phê sát biển thì chỉ đáng phần sát biển thôi, phần cà thì không phê đâu đừng kì vọng nhiều quá để rồi đau lòng băng qua đường nhào xuống biển  không nổi lên >_< Biển Vũng Tàu không có tiên cá nha nha :))

Nói chung phần nhìn vượt trội phần uống.Xem thêm",12
153,foodee_952sqjix,21/11/2023 17:30,5.0,"Không gian rộng .đẹp , món ăn ngonXem thêm",12
154,hhhhhh0910,17/11/2023 17:12,5.0,Đáng để trải nghiệmXem thêm,12
155,Hải yến,17/11/2023 16:38,10,Đáng để trải nghiệmXem thêm,12
156,foodee_ytp99mqi,17/11/2023 16:37,5.0,Đáng để trải nghiệmXem thêm,12
157,vntrangbi637,17/11/2023 16:30,5.0,Đáng để trải nghiệmXem thêm,12
158,Nước Mắt Họa Bì,17/11/2023 16:29,10,Đáng để trải nghiệmXem thêm,12
159,foodee_qlzhs4d2,17/11/2023 16:28,5.0,Đáng để trải nghiệmXem thêm,12
160,Lê Thị Trúc Điệp,17/11/2023 16:26,5.0,Đáng để trải nghiệmXem thêm,12
161,foodee_qi6tv0o7,17/11/2023 16:25,10,***de trai nghiemXem thêm,12
162,foodee_fcmsp3eb,17/11/2023 16:25,5.0,Đáng để trải nghiệmXem thêm,12
163,Vân Ciu's,28/11/2023 13:06,10,"Món ăn ngon, chất lượngXem thêm",13
164,Doan Trần,26/11/2023 12:23,5.0,"Món ăn ngon, chất lượngXem thêm",13
165,Trân Trần,26/11/2023 12:13,5.0,"Món ăn ngon, chất lượngXem thêm",13
166,hhhmeow,26/11/2023 11:26,7.6,"Phòng siêu đẹp, không gian thoángXem thêm",13
167,Quỳnh Anh,25/11/2023 15:36,9.4,Món ăn ở đây chất lượng về cả mũi vị lẫn cách trang trí. Muốn đến lần nữa 😘Xem thêm,13
168,mvsnmm,24/11/2023 17:11,5.0,"khách sạn sạch sẽ , đồ ăn ngon không có gì để chêXem thêm",13
169,hoàng thị lệ,24/11/2023 10:31,10,Quá tuyệt vời. Đẹp sạchXem thêm,13
170,Nguyễn Vi,20/11/2023 14:30,5.0,Đã cảm nhận rất tuyệt vời nhất định sẽ quay trở lại . Hihi.đã đi nhjeejf nơi chưa thấy ở đâu tuyệt như ở deaayXem thêm,13
171,Thu Hương Nguyễn,20/11/2023 13:30,5.0,"Món ăn ngon ,chất lượngXem thêm",13
172,TuDi Nhung,20/11/2023 12:20,5.0,Món ăn ở đây rất tuyệt vờiXem thêm,13
173,Hiếu,7/3/2021 7:54,1.0,"Quán phục vụ quá tệ, mình gọi món kêu tính tiền nhưng không ai làm món ngồi đợi gần 30ph mà không thấy món ăn, hỏi thì bảo nãy cô không có thu tiền+thái độ hách dịch. Mình bực quá bỏ luôn coi như mất tiền cộng tốn thời gian. Đó là quá Hoa Biển cuối đường chợ đêm. Thêm nữa là chèo kéo khách quá mức gây nguy hiểm, giá cả thì trên trời. Cho 1 sao vì không thể cho ít hơn nữa. Đa số giá ở chợ đêm này khá mắc. Ý kiến mình thấy vậy.Xem thêm",14
174,BT Lê,19/9/2020 22:08,4.0,"Gọi 1 dĩa tôm sú to: làm sốt vang: ko ngon lắm- 750k/ kg- trong dĩa là 0,5kg
Ốc hương: 65k/ 100gr- trong dĩa là 300gram-195k
Cua sốt phô mai: béo, cua chắc ngon- khá vừa miệng. Giá 650k/kg. Đc 2 con hà.
Cơm chiên dương châu ko ngon, vẫn vón cục lẫn cơm trắng. Giá 120-150k/dĩa.
2 chai nc suối: 18k/ chai 
1 lon coca: 22k
Tổng thiệt hại: 1100kXem thêm",14
175,Tuấn Phạm,5/2/2020 20:17,2.0,"Đây là lần đâu tiên tụi mình tới nên cũng không biết chọn quán nào đành vô đại quán đầu tiên. Mình hiếm khi review nhưng vì quán quá dở nên mình làm để mọi người cùng né. Tụi mình order sò lụa hấp xả, ăn thì bth toàn hàng đông lạnh hoặc sắp chết, tương tự như vậy với nghêu. Ngoài ra tụi mình còn kêu thêm sò dương và sò điệp nướng mỡ hành, phải nói nhìn mà nó chán, sò điệp nhìn như quán mua cái vỏ về rồi mua còi ở ngoài siêu thị để lên nướng, sò dương thì phải nói nó nhăn nheo mà nó đen thùi lùi, phần đuôi màu cam ở mọi quán thì ở quán này nó như trái quýt bị héo. Ốc móng tay xào rau muống thì vài con chết và thúi, bạch tuần thì bình thường ko có gì quá đặc biệt. Nói chung thì nếu mà nói thẳng thì quán này là 1 trò cười với những nhà hàng buôn bán hải sản và nếu như mấy bạn có bị chặn đầu xe thì cứ mạnh dạn đi đi đừng có nghe lời kêu gọi của quán.Xem thêm",14
176,Lan Hoàng,7/12/2019 6:11,7.4,"Quán Cây Si rất dễ tìm hen mọi người. Ngay đầu chợ. Tại hôm đó gió quá to mà tụi mình bận váy nên thôi tắp vào đây ăn luôn. Mình đi 2 người nên quyết định kêu mấy món tươi sống.

Tôm hùm bông 1tr2/kg. Mình kêu 1 con hơn 400gram nướng phô mai.
Tôm tích 500k/kg. Mình kiu 500gram chấy tỏi.
Ghẹ cũng 500k/kg. Mình kiu 500gram hấp.

Tổng tiền khoảng 1tr1 ăn no nê hen. Hải sản đều tươi ngon, thịt chắc. Giá cả thì mình ko bít như vậy là mắc hay rẻ. Có điều lên món nhanh quá nên ghẹ bị nguội. Phục vụ ổn.Xem thêm",14
177,Anh Mai,26/10/2019 1:22,9.0,"Quán Thu Tiến này Ok nha mọi người. Lần đầu mình đi chợ đêm VT nên không biết ăn quán nào, dạo 1 vòng bị chèo kéo ghê lắm luôn. Thấy có quán này công khai giá và thấy cũng có nhiều người đang ăn nên mình vào. Giá phải chăng. Lẩu này 150k ok nè, đĩa sò lông nướng mõ hành kia 50k, rau muống xào ốc giác 50k, 2 chai nước suối mỗi chai 10k. Tổng 3 tên bill k tới 300k. Mình chỉ k thích nước chấm thôi, ở đây chỉ có mắm ớt và muối tiêu chanh ớt chứ k có muối tiêu chanh để chấm hải sản. Mấy anh giữ xe, phục vụ đều nhiệt tình. Đi VT ghé thử đi các bạn, nó nằm đâu quán thứ 5, thứ 6 gì đó. Thu Tiến nha.Xem thêm",14
178,PO Anh,21/10/2019 21:15,9.0,"Quán khá ngon, hải sản tươi và anh chủ rất thân thiện ^^ Anh còn giới thiệu cho tụi mình chỗ mua hải sản về làm quà nữa.
Mình đi vào t2 nên hầu như các quán đều khá vắng.
Giá cả ổn, không bị chặt chém.
Sẽ ghé lại lần nữa khi thăm Vũng Tàu.Xem thêm",14
179,Anh Minh,11/8/2019 9:01,1.0,Mình dạo 1 vòng xong ghé quán Cô Nhung ăn thì thấy càng ghẹ ở đây ghé bở. Ghẹ thịt không săn và chắc. Nói chung không ngon như mọi người bình luậnXem thêm,14
180,Trúc Quỳnh  Junmi,2/6/2019 7:27,9.0,"Quán nằm trog khu chợ đêm Du lịch nè. Mình cũng đi dạo 2-3 vòng để suy nghĩ xem nên ăn quán nào thì thấy quán Cô Nhung có vẻ thoáng mát nhất và có sẵn menu to treo ở quán nên ghé vào. Cũng hơi lo vì mình chưa đọc review bên quán này bao giờ. 
Theo mình thấy hải sản khá đa dạng, giá cả công khai chứ ko báo giá lung tung
Nêm nếm thật sự rất ngon luôn. Ăn xong mà vẫn cứ thèm í
Mình đi 2 người, ăn 4 món hết 515k mà no căng bụng luôn rồi. Hôm đó mình ăn 1/2kg tôm tít giá 225k, 1 dĩa sò điệp 70k, 1 ốc móng tay sate 90k, 1 dĩa càng ghẹ rang me 100k. Các món đều rất tươi trừ càng ghẹ 😢

Lần sau đến VT ăn hải sản nhất định sẽ ghé quán này ❤️Xem thêm",14
181,Mai Nhung,17/5/2019 18:16,10,"Từ đầu chợ đêm đi vào là quán thứ 2. Có a chàng mời khách rất dễ thương 😍 lịch sự xin 1phút để giới thiệu món ăn ở quán. Nhìn hải sản tươi sống ngon và giới thiệu nhiệt tình. Mình đi 2người vào ăn cũng rất ưng ý vì quán giới thiệu toàn món ngon mà ăn no say giá lại khá hợp lý bình dân.
Đồ ăn hải sản tươi sống thì các bạn biết nó ngon như thế nào rồi ý ạ. 
Vào 1 lần sẽ có lần sau và mình sẽ giới thiệu bạn mình tới đây ăn quán sạch sẽ đồ ăn ngon.Xem thêm",14
182,foodee_766923c3,6/5/2019 1:19,10,"Quán Tám Hùng ❤

Đi từ đầu chợ vào gặp quán đầu tiên là Hoa Biển ( cũng nghe nói nên né quán này nhiều lắm luôn nha mọi người )... Quán này chặn đầu xe và giới thiệu ép khách mình rất khó chịu nên chạy tiếp... 
🔜Tới quán thứ hai ❤Tám Hùng thì anh chủ quán khác hoàn toàn... Anh xin 1 phút để giới thiệu đàn hoàng do mình đi xe máy nên giới thiệu không kịp mới xin 1 phút. ...Thấy dễ thương quá mình đậu lại tí nghe giới thiệu cũng OK nên vào luôn... 
🔜Quán Tám Hùng đồ ăn phong phú lắm mình ăn món nào cũng ngon... Từ món nướng... Tới món xào cùng các món ốc món nào cũng ngon 😋 ... Đồ ăn dô là biết tươi liền... 
🔜Gia đình mình ăn 6 người hết 870k ( có con tôm hùm 0,3kg cho con gái mình nữa đó)  khá ok đó mọi người...Xem thêm",14
183,foodee_13422a93,16/8/2023 19:07,1.8,"View khá ổn, giá quá đắt, nước uống cực dở từ cà phê đến sinh tố (đi nhóm gần chục người thì tất cả đều chê dở dù gọi các món nước khác nhau), phục vụ trung bình, nhân viên không niềm nở, quán nóng, nhiều muỗi dù đi ban ngày, bảo vệ không nên tự động dùng chổi lau bụi trên kính và nắp xe hơi khách vì sợi chổi khô có thể làm trầy kính và nắp xe mà nên hỏi qua khách có cần không. Sẽ không bao giờ quay lại. Các du khách nên cân nhắc khi chọn ghé quán này.Xem thêm",15
184,Faifri Dang,19/1/2021 8:56,4.0,"1. vị trí tạm ổn
2. giá 70k khá chua
3. chất lượng nước kém, không ngon so với mức giá
4. phục vụ kém
5. không gian thoáng đãng view nhìn ra thành phố và biển từ trên caoXem thêm",15
185,Thanh Phong,27/6/2020 21:01,1.0,"Quán cực kỳ dơ ruồi muỗi đầy quán 
Nhân viên rất là thái độ với khách coi thường khách 
Giá trên trời không đáng cho chất lượng phục vụ và chất lượng thức ăn và đồ uống 
Nói chung là không bao giờ quay lại 
Làm không được thì dẹp quán đi 
Vết dơ cho ngành du lịch***Xem thêm",15
186,Phương,30/4/2020 19:07,2.6,"Đúng như những các bạn đã đến trước đã cmt!
Với giá cả vậy mà nhân viên phục vụ và nước ko ổn...Xem thêm",15
187,Đôrêmông Nguyễn,22/4/2020 11:24,6.8,"Mình đi tầm trưa nên khá nắng, bù lại cảnh đẹp và đáng tiền. Menu nước bình thường, nhiều món không có dù menu có :)) Nhân viên cũng không nhiệt tình mấy, xe lên dốc tự giữ, chú giữ xe thì không được chu đáo lắm luôn mà thôi nắng nóng nên không sao. Quán có vẻ không đông lắm bằng ngày lễ, cho dắt cún vô nên hơi bẩn. Nước bình thường, giá nước cao. RR nhìn chung sạch sẽ. View bao quát trên cao thấy được biển, khu hồ và tượng Chúa nữa. Đường lên quán đẹp, đi xuống lúc trời mát sống ảo được. Quán cũng gần yaourt cô Tiên nữa, thấy bên CT không phục vụ nhưng cho take away nhiều người mua xuống quán ngồi uống nước lắm.Xem thêm",15
188,Tien Nguyen,15/3/2020 9:53,1.0,"Ngồi 1 tiếng mới có đồ uống, gọi thanh toán thì phải nửa tiếng sau mới thanh toán được. Gọi lên gọi xuống 5-6 lầnXem thêm",15
189,Đô Mi,27/12/2019 17:57,6.0,"Cứ nghĩ sẽ rất thích quán nhưng vào rồi lại thất vọng. Nước uống cũng tạm giá lại cao. View ổn, nắng hắt khá nóng. Nhân viên tạm thôi vì mình cũng dễ tính.Xem thêm",15
190,Toi La Bi En,3/10/2019 9:40,1.0,"Ngồi 1 tí muối đôt sưng cả chân, nhân viên phục vụ chưa được nhiệt tình kể cả bảo vệ, cách đây 2 năm đi thì dc, chữ giờ thì khuyên mọi người không nên điXem thêm",15
191,baoquoc123,15/8/2019 10:51,4.0,"Quán nằm trên đường lên ngọn hải đăng. 
- Về không gian quán thì rộng nhiều khu vực để ngồi, hơi nóng vì thiếu quạt, quán hơi cũ
- Giá cả mắc so với chất lượng, view thì mình không tính vì lên đây view cũng không đẹp lắm. Soda 60k, trà đào sữa 50k thì phải. Để kím bill rồi post lên sau.
- Chất lượng thức uống không ngon.
- Đợi nhân viên để gọi món chờ rất lâu, phải đi kím nhân viên.

Quay lại không? Sẽ không quay lại phí tiền taxi lên quán, phí tiền nước.
Các quán cafe view biển/đẹp ở VT thua xa PQ hay Nha trang. Hình như chỉ biết lợi nhuận chứ không chú tâm chất lượg.Xem thêm",15
192,Quyên Phạm Phạm,14/8/2019 19:41,3.0,Oder đá me. Đúng là đá + me luôn ạ. Cạn lờiXem thêm,15
193,foodee_2qjzaf2f,15/11/2023 15:08,5.0,"Ngon lắm 
Tuyệt vờiXem thêm",16
194,foodee_c0xog01r,1/7/2022 9:45,4.4,"quán ốc dở nhất***.. không thể tưởng tượng nổi quán lớn mà chất lượng thua xa quán lề đường... đồ nướng thì khô queo, nghêu, sò thì nhỏ xíu như babi, dĩa ốc có vài con. Viết đánh giá để mọi người đi du lịch biết mà néXem thêm",16
195,Pun Tròn Tròn🍒,25/6/2022 21:11,1.0,"Lâu rồi ko ghé nay quay lại muốn té xỉu trời ơi dở. Đã vậy đồ ăn nguội lạnh tanh, bạch tuột thì như nướng mấy tiếng khô queo và nguội lanh. Nghĩ sao mà bán dc vậy luôn bó tay, thêm cái mù tạt ăn hào toàn phẩm ko xanh đậm. Ăn lần tởn đến già 😭Xem thêm",16
196,Nhã Vy Đỗ,30/12/2021 19:51,1.0,"Nghe lời review đi ăn thử xong thất vọng toàn tập. Ốc hương size nhỏ 650k/kg mà nhìn dĩa ốc như này. Đc 3-4 con to xong toàn độn thêm mấy con cỡ đầu ngón tay vô. Này có đc gọi là làm ăn gian dối k? 
Kêu ốc móng tay thì ko tươi, hơi sình. Sò huyết thì nhỏ còn hơn ốc lề đường, ghẹ thì bở. Tính tiền hết 900k chẳng món nào ra hồn.Xem thêm",16
197,Dũng Nguyễn,28/3/2021 9:38,3.0,"Quán đông, đợi món lâu, chất lượng phục vụ kém. 
Chất lượng đồ ăn như ốc với hàu chỉ toàn là đồ hâm lại ấm ấm. Sẽ không quay lại lần haiXem thêm",16
198,Nguyen Oanh,22/2/2021 6:03,9.2,"Quán ngon rẽ mình vừa thử ưng nhất Vũng Tàu, mấy món xào bơ xào tỏi là đỉnh của chóp nhưng lưu ý đừng gọi nhiều món bơ tỏi quá sẽ trùng lắp gây ngán, cháo hào ngon ngọt mọi ng nên thử, cơm cá dứa kho tộ ngon dù hơi cay (con nít ăn nên có dặn không cay nhưng chắc đông quá quán không nhớ làm cay quá bé mình ăn hít hà luôn).😛
Quán tuy cực kỳ đông dù là tối CN  nhưng phục vụ và dọn bàn cũng không đến nỗi quá chậm. Nên đi lúc 6h còn trễ hơn dễ full bàn nhé.
VC mình ăn ốc hương cháy tỏi, ốc mỡ xào me, cơm cá dưâ kho tộ, cháo hào và nước suối chỉ hết gần 400k thôi.😁Xem thêm",16
199,Minh Minh,6/1/2021 12:43,7.4,"Đi ăn buổi chiều khá là đông, chịu khó dí mấy bé nhân viên chạy món nha mọi người. Đồ ăn ngon, nhưng mấy món ốc khẩu phần khá nhỏ. kiểm bill trước khi tính tiền để tránh nhầm lẫn nha. Không gian rộng rãi, có chỗ đậu ô tô dọc đường,***giữ xe dễ thương.Xem thêm",16
200,Khánh Ly,4/1/2021 21:52,4.8,"Hôm nay vào quán kêu phần tôm sống đúng nghĩa “sống” luôn, mấy bạn bưng ra 1 dĩa tôm ướp đá như hình (tôm không tươi), sau đó mình gọi hỏi có đồ chấm không thì bạn bảo có và đem ra 1 chén nước tương và chén mù tạt, xong mình lại hỏi có chanh thì bạn lại mang ra thêm chén chanh. Thường thì mình đi ăn tôm tái này ở các quán khác thậm chí là quán lề đường thì vẫn sẽ có phần đầu tôm chiên đi kèm, nên mình lại phải hỏi thêm là có không, bạn nv bảo “ở đây lúc đầu khách gọi phải hỏi trước thì tụi em mới làm” ... quào😳😳 (ngạc nhiên thặc). Sau đó mình có xin thêm phần rau ăn kèm thì bưng ra dĩa cải bẹ xanh khoảng chừng 5 lá tính 10k😅
Nếu so ốc với giá này thật sự thua quán lề đường, vừa bé vừa không tươiXem thêm",16
201,Hiếu Nguyễn,23/11/2020 14:30,7.8,"Đánh giá là tuyệt vời, quán rộng rãi. 
Món ăn thì rất là ngon và giá thì quá rẻ.
Đoàn 16 người ăn no, tổng chi phí 2,3tr.
Nhân viên rất nhanh nhẹn và lên món nhanh.Xem thêm",16
202,Tina 88,26/7/2020 17:20,7.2,"4 đứa kêu quá trời món mà ra bill không tin vào mắt mình (em có chụp hình bill bên dưới). Quá rẻ luôn mn ạ. Tuy nhiên tôm tít kì này hơi nhỏ khó tách vỏ so với lần đi vũng tàu kì trước thôi còn lại các món khác thì chuẩn. Cơm trứng ở đây chiên ngon hơn ở sài gòn theo cảm nhận của em. Ăn đây mấy lần thì em thấy mấy món nấu với pho mai thì đều không ngon nha, cháy tỏi ở đây thì ngon miễn chê lần nào tới em cũng gọi 2 dĩa tôm tít sốt bơ tỏi ăn ghiền luôn, nêm nếm rất bắt vị. À lưu ý là món nghêu hấp xả ngon hơn nghêu hấp thái nha. Quán lúc nào cũng đông, nhân viên thì hay quên món nên mn nhớ nhắc kẻo chờ lâu mà không thấy dọn lên. Các bạn cũng nhớ check lại bill nữa nhaXem thêm",16
203,Aituyet021200 Nguyen,3/2/2020 23:16,8.6,"Mình vừa ghé khi nãy với bạn. Bọn mình đi 4 người và vào khá muộn. Quán vẫn khá đông khách. Nhân viên phục vụ vui vẻ, dễ tính lắm. Bọn mình vào ngồi order xong khoảng tầm 10p là có đủ món. Quán vệ sinh thoáng mát, khách rời bàn là có nhân viê dọn dẹp quét dọn lền, hải sản đều tươi mới, món ăn nêm nếm vừa miệng, giá cả khá hợp lý. Bọn mình kêu khoảng 8 món và cả nước uống hết khoảng 600k. Còn một cái mình rất thích đó là*** sạch sẽ, thoáng khí, hình như có nhân viên dọn về sinh liên tục. Nói chung là ok lắm luônXem thêm",16
204,Phúc Nguyễn,19/5/2019 19:25,3.4,"Quán phục vụ quá tệ, không chuyên nghiệp, khách vào 15p chưa có nhân viên ra tiếp, nói chuyện thì trổng không, hàu thì nướng như chưa nướng, nhờ lấy ít đồ thì gần 10p mới đem ra, trong lúc quán thì hôm đó vắng kháchXem thêm",16
205,nhu thuy,21/3/2021 22:17,4.0,"Mình nghĩ quán ở đây nêm nếm sẽ ko bằng SG nên cố kêu mấy món hấp, nướng. Và đúng thật, nêm nếm ko ngon mà hải sản cũng ko thật sự tươi. Xào bơ nhạt toẹt, chắc cho đúng bơ vào xào ko nêm nếm gì hay sao á. 
Nghêu hấp thái tàm tạm.
Sò điệp nướng có con bị hôi.
Nói chung ko quay lạiXem thêm",16
206,Băng Bạch Hàn,21/3/2021 19:57,4.6,"Xin lỗi mn nếu bài viết này quá tiêu cực!

Mình ghé ăn ốc, và đã có những trải nghiệm để đời, sợ tới già.

Đầu tiên là phục vụ rất không chuyên nghiệp.
2 đứa ghé quán lúc 18h (mình hiểu rằng giờ đó khách rất đông, và pv sẽ không nhanh chóng được), không 1 nhân viên nào hỏi mình đi mấy người, hay đã đặt bàn chưa để xếp bàn. Mình loay hoay tự tìm chỗ trống để ngồi. Thiếu nhân viên vào giờ cao điểm.

Thứ 2, mình ngồi trên lầu, và khu vực đó rất đông nhưng chỉ có 1 cô lớn tuổi phục vụ. Cô có tuổi rồi nên không nhanh nhẹn và dễ quên khi khách gọi quá đông.

Mọi thứ đều phải ""CHỜ"", và chờ rất lâu.

Mình chọn món xong vì không có người nên mình đem hẳn giấy order ra quầy để gọi món. Mình cũng tự đi lấy nĩa, muỗng (tự lấy đc mình đã lấy rồi nên mn đừng đánh giá là mình chờ ng khác hầu). Phải hơn 15ph từ khi mình vào bàn mình mới đc mang cho cái ly và cục đá (vẫn chưa có nước). Nửa tiếng sau đó mình mới có đc món đầu tiên vì cô quên.

Về đồ ăn thì đồ ăn khá ngon nhưng mình thành thật cho rằng trải nghiệm chờ đợi mệt mỏi khiến thức ăn bớt ngon hẳn. Riêng ốc móng tay thì bị cát, không sạch.

Tính tiền thì nhầm nhọt và cũng chờ lâu vì nhân viên chờ nhiều bàn (cũng bị nhầm) tính 1 lần đem đi 1 lần nên mình tự đi theo xuống quầy thanh toán luôn cho mau.

Chốt lại: nếu có nhiều nv giờ cao điểm hơn, chuyên nghiệp hơn thì trải nghiệm của khách sẽ dễ chịu hơn nhiều. Giá cả ổn, đồ ăn ổn. Chờ quá lâu, pv không chuyên nghiệp.Xem thêm",16
207,Vo Bao,1/1/2021 20:19,1.6,"Vô ngồi đợi 15p cái bàn ko dc dọn kêu nhân viên thì cứ như mình đi ăn chực của quán vậy, sẽ ko bao giờ quay trở lại nữa.Xem thêm",16
208,Ivan Pham,27/10/2020 9:57,8.6,"Nhóm 3 ng, kêu 7-8 món. Hải sản đều tươi, ngon, vị 1 số món chưa được ưng ý lắm, nhưng nhìn chung ok. Phục vụ chưa nhiệt tình lắm. Giá thì rẻ, ăn no mà tổng bill có 444k. Sẽ quay lại.Xem thêm",16
209,Anh N,24/10/2020 20:23,7.0,cũng ổnXem thêm,16
210,Vũ Quang Vinh,11/7/2020 3:21,6.6,Quán ốc rộng rãi sạch sẽ. Giá cả không đắt lắm. Phục vụ nhanh nhẹn vị trí trung tâm. Có nhiều sự lựa. Tuy nhiên nêm nếm không phải là quá xuất sắcXem thêm,16
211,Bảo Khanh,6/6/2020 22:25,3.6,"Nghêu hấp thái trong menu ghi 50k/ thố, nó đem ra cái tô nghêu, mình hỏi nhẹ sao ko có thố, nó nói gọi nghê thái chứ kp nghêu thố, mà cách nó tl nghe muốn đập vô mặt, nó còn nói giải thích sao cho chị vừa, đồ ăn cũng được mà vô gặp trúng thằng phục vụ cao mặt mụn kiểu cách làm sếp chứ kp nv làm hết hứng ănXem thêm",16
212,Dân Bích Chương,31/12/2019 22:55,7.4,"Thương hiệu mới nổi dạo gần đây với du khách thôi , đi xuống nhà bạn trai cái lấy xe phượt ra Vũng Tàu ăn ốc cho bằng được mới chịu 😬 À quán này bán ốc đồ khá tươi nghen , chế biến cũng vừa ăn nữa chứ . Thấy có tận 3 chi nhánh mà bên đây tiện đường mình đi nhất . Giá cả cũng chấp nhận được nè . Tôm hay ốc con nào cũng múp míp tươi rói à . Lần sau đi Vũng Tàu mình chắc vẫn làm 1 chuyến ghé quán chứ ưng quá sao giờ 😋😋Xem thêm",16
213,Long Trần,30/11/2019 20:49,10,Món nào cũng ngon vừa khẩu vị giá cả hợp lý phục vụ chu đáo nhanh nhẹn nhiệt tình không gian rộng rãi thoáng mátXem thêm,16
214,Nhật Linh Trần Hoàng,24/11/2019 16:09,7.8,"Ốc Tự Nhiên này khai trương 4 chi nhánh luôn rồi đấy nhưng cá nhân mình cảm thấy thì chi nhánh***là ổn nhất vì nhìn nó rộng rãi, đỡ phải xếp hàng chờ bàn hơn đó, quán sáng sủa và nhìn sạch sẽ nữa
Quán đông lắm nên cứ nhâm nhi con ốc đánh vài chai bia chứ đừng hối quá nhân viên chạy bở hơi tại )))
Mìn gọi mấy món quen thuộc thôi mà ăn dữ quá quên cả hình
- Móng tay xào rau muống 50k
- Hàu nướng phô mai 12k 1 con
- Nghêu hấp thố 40k
- sò huyết xào me 40k
Cứ vậy lai rai. Mình thấy ngta chê chứ mình thấy oke nha, món nào cũng đậm đà, 1 dĩa giá mềm mà phần ăn cũng nhiều nữaXem thêm",16
215,Quỳnh Như,31/3/2020 19:16,8.0,"🏠 Gửi xe có người giữ free trước cửa hàng. Chỗ này khá đông luon. Mua ly kem xong đi dạo quanh đó nhâm nhi cũng đc chứ ở đó luon thì hơi ồn.
📍Kem vị nào ra vị nấy, với mình có hơi ngọt gắt một chút nhưng ăn uki thui, kh mấy đặc sắc..
💰Giá cũng bựa lắm :)) cây ốc quế 1 viên kem 25k, ly giấy 2 viên kem với cây ốc quế thì 30k nè :)))Xem thêm",17
216,Ng Trâm,31/1/2020 22:05,9.2,"- Vị trí dễ tìm.
- Đông khách nhưng bán hàng rất nhanh.
- Kem dẻo, đối với mình là không ngon vì hương vị không đậm lắm.
- Ăn 2 viên để được thử thêm vị mà vẫn được kèm bánh ốc quế nữa nhé.Xem thêm",17
217,Thanh trung Le,17/11/2019 11:05,4.8,"25k/1 cây ốc quế, Kem ko ngon, mùi vị mờ nhạt. Được cái chất keo dẻo dẻo, nhưng mà dẻo kiểu dính dính ko tan trong miệng. Nói chung không bao giờ quay lại.Xem thêm",17
218,Tùng Linh Đinh,13/11/2019 23:23,6.0,"Đi chơi cùng bọn bạn thì tấp ngay vào đây ăn kem , cũng tương đối ổn nhaXem thêm",17
219,Mỹ Anh Nguyễn Thị,22/7/2019 8:19,8.2,"Tuy đổi mấy anh bán kem nhưng chất lượng kem cũng vẫn oke và vẫn giữ nguyên giá. Thái độ làm việc của nhân viên cũng rất nhiệt tình. Trà đá tự châm hay sao á, thỉnh thoảng nhân viên rảnh sẽ lấy cho mình luôn. Một ly 2 viên có bánh ốc quế là 30k nhé. Đợt nào ra Vũng Tàu mình cũng ghé đây ăn kem hết áXem thêm",17
220,Mờ Ai,28/6/2019 7:45,1.8,"Lần nay quay lại ăn thì mình biết 1 điều là never comeback

1. Không bán cho những người xếp hàng, chỉ bán cho những người chen ngang lên. Mình đứng 30’ chờ đợi chỉ vì các chị mẹ thiên đẩy mình xuống và giọng to hơn cả loa phóng thanh. 2 anh người Việt thấy nhưng làm ngơ và tiếp tục bán , hờ hững với những người lịch sự như mình

2. Mùi vị đã khác xưa nhiều và kích thước viên kem cũng nhỏ dần

3. Nhân viên mặt mũi cực ngầu, đến cả nụ cười cũng tắt. Hỏi chuyện về anh hotboy người nước ngoài thì đánh trống lảng trả lời cụt ngủn không quan tâm cảm nhận khách hàng.

Hãy là người tiêu dùng sáng suốtXem thêm",17
221,Mẫn Mẫn,23/6/2019 14:04,2.8,"Người quen giới thiệu là quán kem ngon, có hot boy bán. Tới mua thì kem không ngon, mà boy cũng chẳng hot 😂

Mình kêu mùi hạt dẻ, ăn có hạt dẻ nhuyễn bên trong. Nhưng kem này ngộ 1 cái là ăn tới muỗng thứ 3 là thấy hết mùi, phải uống thêm nước r nhâm nhi lại mới cảm nhận lại được mùi vị của nó. Vị kem không có gì đặc biệt, không béo, không thơm , được cái rất dẻo nhưng dẻo kiểu kéo sợi í, không phải kiểu dẻo của kem baskin. Mua lại không? Chắc chắn là không.Xem thêm",17
222,Khánh Gia,26/2/2019 14:26,1.0,"Kem dở tệ, chất lượng giảm, không còn ngon như hồi xưa, mình ăn đc vài muỗng là bỏXem thêm",17
223,Ngan Hoang,25/2/2019 15:56,6.8,"Quán nằm kế chỗ cáp treo nên dễ tìm, thoáng gió.
Ly một viên 25k hai viên 30k. Bạn mình ăn kem vị rhum, nó nói ngon nhưng mình thì chỉ thấy chất kem lạ, dẻo dẻo chứ không giống những loại kem khác, vị rhum nồng, nhưng khi ăn vào không thấy ngon cho lắm. Ngồi đây hóng gió tản chuyện thì cũng vui ^^Xem thêm",17
224,Duong Nhi,8/2/2019 14:44,5.0,"Kem rất dẻo và ngon nha mọi người, 30k/ly 2 viên nè thêm 1 cái bánh nữa! 😌 mình ăn thử kem dừa nhưng khá hối hận vì không thấy vị dừa đâu cả... 😒 nhưng kem rum nho thì ok! rảnh thì mọi người nên thử nè cho biết kem dẻo nó ra sao, ahihiXem thêm",17
225,Pham,26/6/2021 11:02,1.0,"Chị nhân viên khó chịu ghê…mình vừa đưa tiền xong mình muốn đổi từ rau má dừa sang rau má đậu thì báo là bill đã in rồi (mình vẫn ko nhận được bill tính tiền nha), trong khi các sản phẩm bằng giá và bạn đó chưa xay rau má nữa.còn bảo mình mua thêm thì dc chứ ko đổi đc. Mình không làm khó bạn nhưng mình rất ko vui. Tuy làm việc theo hệ thống nhưng các bạn nên linh động hơn.Mình không biết là ngon cỡ nào nhưng mà phục vụ như vậy thì xin lỗi sẽ ko có lần thứ 2 mình ghé lạiXem thêm",18
226,Anh  Thư,9/8/2020 12:42,10,"Hôm nay mình xuống vũng tàu thì mình có nghe đồn quán này rất nổi tiếng ở đây đó là quán Rau Má Bà Già. Mình có ghé qua mua uống thử, 1 ly rau má đậu+dừa mình cảm thấy đậu thơm và béo thêm nước dừa mình uống ly lớn cũng không ngán, nước uống ngon rẻ nhân viên nhiệt tình chắc chắn lần sau khi xuống Vũng Tàu mình sẽ ghé quán thường xuyên.Xem thêm",18
227,h30bonnie,3/7/2020 21:57,6.4,"Rau má dừa (13-15k size nho) uống rất hợp khẩu vị
Giá hợp lý: rau má sữa+đậu size lớn 30k
Rau má sữa dành cho ai like uống béo và ngọt rất ngọt ...hơi ngán 
Nhân viên phục vụ nên thân thiện và cởi mở hơn vì rau má rất ngonXem thêm",18
228,an,4/6/2020 23:46,8.6,"Ngon. Đi vũng tàu nên uống thử
Quán dễ tìm. Khá đông, đợi mua lâuXem thêm",18
229,Tran Khang,31/5/2020 22:23,3.6,Ai tới đặt hàng củng đáp trả lại bằng cái giọng cộc lốc kèm gương mặt khó chịu. Đứng chửi nhân viên xung quanh um xùm.Xem thêm,18
230,Liên Nguyễn,1/12/2019 23:57,3.4,"Thật sự mình rất thích rau má ở đây, chất lượng thì ok nhưng ko hiểu phải vì vậy mà ko cần khách không, thái độ nhân viên tệ ko thể tả. 

Quán order mang đi nên khách đứng chờ đông, 1 bạn nhân viên nam lại nói "" Ai có bill rồi qua ghế ngồi đi đứng chật chỗ quá"" kiểu quát nạt hách dịch, trời, khách đông mới đứng chật chỗ chứ vắng có muốn chật cũng không được đâu hén! 
Order thì ko hề xác nhận lại coi khách đặt cái gì, tới lúc sai khách phản ánh thì thái độ lầm bầm khó chịu. Khách tới cũng ko chỉ chỗ để xe hay gì, chỉ trố mắt dòm. 

Nói chung quán chất lượng sản phẩm rấ  tốt, nhưng nhân viên toàn sản phẩm lỗi của ngành dịch vụ, hi vọng chủ quán cải thiện để giữ uy tín và chất lượng cho thương hiệu.Xem thêm",18
231,Pun Tròn Tròn🍒,28/11/2019 19:22,10,2 người uống 1 ly to là vừa 1 mình mình uống hem nổi khá ngon ....Xem thêm,18
232,tiến tiến Nguyễn,2/11/2019 22:24,9.8,"Mình dân vũng tàu uống từ nhỏ tới h, đi học ko lo về cứ bánh mì ko tên và rau má bà già, cặp đôi hoàn hảo cho bữa cơm chiều.
Chỉ là lâu lâu phải xếp hàng chờ hơi phê, mà bất chấp chứ sao h. Haizzz, ham ăn cũng khổ.Xem thêm",18
233,Thich Am Thuc,30/10/2019 11:13,9.8,"Cảm nhận là ngon và tốt cho sức khoẻ, có thể giải cơn khát trong những ngày nóng nực.
Giá cả cũng thấy bình dân quá, chắc chắn sẽ trở lại lần sauXem thêm",18
234,Tiger Ngo,22/10/2019 13:46,10,Thích nhất món rau má sầu riêng đậu xanh với rau má đậu. Nhân viên vui vẻ thân thiện. Sẽ ủng hộ quán lâu dài 🥰🥰🥰🥰Xem thêm,18
235,Pun Tròn Tròn🍒,25/6/2022 21:19,5.0,Đợi này xui hay sao quay lại mấy quán cũ ăn toàn thất vọng những món ngon nay ko còn ngon nữa làm mình thấy buồn ghê 😭😭 muối ớt xanh cũng ko ngon hỏi quán thì quán bảo là nay ko ai làm đi mua nên khó ăn 😓 ai xin mới cho ko thì ko đem ra nghe xog ko biết nói sao luônXem thêm,19
236,Hiếu,14/11/2020 15:55,9.0,"Lần nào đi VT cũng ghé cả vì ốc đa dạng, chế biến ngon mà giá rất ok.Xem thêm",19
237,kC T.,19/9/2020 18:46,7.6,"Quán bán 11h-20h, 1 tháng nghỉ 2 ngày: rằm và mùng 1
Càng cúm trung muối dặn ít dầu bơ đỡ ngán, ngon bùi đậm vị, 2 càng/dĩa.
Hàu mập
Sò lụa đỏ hơi mặn
Hải sản đều còn dính còi vô vỏ
Nuoc chấm có 3 loại muoi tieu chanh ớt, nuoc mắm tắc chua ngot và nước mắm gừng
K có rau răm
Giá 40-50/dĩa
Bé trai nhân viên ốm cao rất le phep lich su voi kháchXem thêm",19
238,eatwtea 💋,3/5/2020 15:58,4.6,"Là khách ruột của quán này từ lúc quán mới mở chỉ là quán nhỏ bán lề đường trong hẻm. Hầu như lần nào về Vt cũng order ốc ở đây về ăn. 

Ở đây có loại càng cúm dẹp ăn khá ngon và nhiều thịt. Nhưng lần vừa rồi mình order thì đã đổi loại càng cúm rồi. Hơi thất vọng 1 chút nhưng ko sao cho đến khi nếm vào thì mùi vị cũng thay đổi. Mình order 1 hộp càng cúm sốt bơ cay và 1 càng cúm trứng muối KHÔNG CAY. Dù đã note rất rõ ràng là 'ko cay' nhưng mình nhận về 2 hộp cay xé lưỡi 😒 mùi vị cũng chả rõ rệt cho từng loại và khá mặn. Khá là thất vọng nên chắc từ giờ mình sẽ ko order ốc ở đây nữa 😞Xem thêm",19
239,Carol Do,30/4/2020 7:43,9.6,"Đồng giá mỗi món 40k, riêng tôm tích 50k

Địa điểm dễ tìm, quán rộng rãi, đi vào ngày thường nên chưa có khách du lịch. Món ăn lên nhanh, 2 người 160k ăn 5 dĩa là ứ hự. Bạn nam phục vụ dễ thương. Có chỗ rửa tay sạch sẽ. Dưới gầm bàn có thau đổ vỏ ốc.

Tôm tích trứng muối ngon, nhiều trứng muối
Ốc cà na nhiều sốt bơ cay. Không quá cay, bạn nào không thích ăn cay vẫn ăn được. Sốt ngon hơn ốc.
Ốc hương rang me không tươi lắm, được mỗi cái me ngon. Có khi đợt sau không kêu nữa vì không thích lắm.
Sò điệp bơ tỏi xuất sắc nhất bàn, cháy tỏi ăn kèm sò điệp sật sật ăn mê ly. Chắc ghé làm đĩa nữa trước khi đi về lại thành phố.
Mì xào rau muống ốc móng tay nhiều ốc. Ăn bổ sung rau thôi chứ không đặc sắc lắm. Quên chụp dĩa này rồi nhưng một dĩa hai người ăn chia nhau ra mới hết.

Tổng thiệt hại: 220k (2 trà tắc 10k)
Chắc sẽ quay lại ăn sò điệp.Xem thêm",19
240,Kis Huỳnh,18/4/2020 14:51,6.8,"Thấy được review dữ dội quá, đợt trên Thánh review tổ chức review về hải sản thì bạn review quán này được giải nhất luôn. Nên thề vs lòng là xuống VT nhất định phải ghé. 💪😅
Mình đó giờ là Fan cứng của La Sirena vs Ốc Tự nhiên, nên lần này thấy quán được khen dữ quá nên rất chi là ham hố. 😂
Mình ko dám khẳng định, nhưng với khẩu vị của mình thì ở đây thật sự không ngon 😥. Có thể là do mình đã quá hào hứng vs mấy bài review nên khi thật sự trải nghiệm thì hụt hẫng vô cùng. Tôm sốt trứng muối 🤔 Trứng muối ư, mình chỉ thấy trứng thôi 😭😭😭 Riêng món này ko phải khen chứ mấy bạn ăn thử  bên ốc tự nhiên đi ạ, ngon hơn hẳn í. 🤤Xem thêm",19
241,Duy Nguyễn,17/3/2020 11:48,9.0,"Xưa ăn từ khi quán còn ở trong hẻm, ăn với nyc ăn tới khi ct, ăn với đám bạn, ăn với gia đình... cơ bản là giá tốt, pha chế ổn, vật giá leo thang nên đồ ăn có ít lại xíu, nhưng vẫn rẻ chán
Hôm t2 16/3 nhóm mình ăn 8 đĩa và 4 trà tắc cũng chỉ có 352k thôi, giá từng món tầm 40k, bth ăn ốc cho vui chứ ở đây lần nào mình cũng ăn đến khi no thì thôi :))) nhân viên vui vẽ, quán dễ tìm
Nói chung sống ảo thì khá nhiều bạn xin địa chỉXem thêm",19
242,Nhom,24/12/2019 15:58,8.4,"Lại tiếp tục check-in Ốc Hiền lần ra Vũng Tàu này.
Cả nhà ăn đã đời luôn. Kết quả 17 đĩa các loại + nước uống  730k cho 5 NL và 1 TE. Quá hợp lý: ốc tươi, đĩa vừa đủ nhiều, phục vụ nhanh.
* Update menu & wifi mới của quán nhé (xem hình).
* Sẽ còn ghé nữa...Xem thêm",19
243,Hannah Nguyen,5/12/2019 22:13,4.2,"Mình gọi giao hàng buổi trưa, shipper giao nhanh lắm. Mỗi dĩa 40,000, cũng phải chăng. Mình gọi:
Sò điệp nướng mỡ hành: sò làm sạch, mỡ hành vừa ăn, khá ngon
Sò tô nướng tiêu: hơi dai, sốt tiêu nhìn không thẫm mĩ lắm
Ốc hương: ốc hơi tanh, sốt hơi ngọt
Nhìn chung ăn đỡ ghiền thôi chứ cũng không đặc sắc lắmXem thêm",19
244,Hello,2/11/2019 6:48,10,"Mình ở VT hai ngày ăn ở đây hết hai ngày, trà tắc ở đây siêu ngon luôn, ốc hương trứng muối ăn hơi ngán nhưnh bạn mình khen ngon, ốc mỡ, nghêu hấp thái, tôm tít và một tỉ món ngon khác mà mình không nhớ tên khác trong menh các bạn nên thử. Ăn buổi trưa đồ ăn hơi lâu tuy nhiên đồ ăn ra một lần, chấm bánh mì với nước sốt đặc biệt ăn rất nhớ luôn á.

Mấy anh chị phục vụ dễ thương nè, quán không bán vào ngày rằm các bạn lưu ý nha.Xem thêm",19
245,Trâm Trâm,8/10/2023 17:46,5.0,"Quá đẹp, quá lãng mạn luôn .
Chỗ này chụp hình cưới bao đẹpXem thêm",20
246,Mỹ nguyễn,8/10/2023 16:03,5.0,"Quá đẹp, quán lãng mạng luôn. Chỗ này chụp hình cưới bao đẹpXem thêm",20
247,foodee_6tsw0t5a,22/9/2023 15:41,5.0,"Quá đẹp, quá lãng mạn luôn. Chỗ này chụp hình cưới bao đẹp )Xem thêm",20
248,Giàu Ngọc,14/9/2023 17:33,5.0,Thăm quan và chụp ảnh - món miền Nam tại 4***Xem thêm,20
249,tuyetminhpk,7/5/2022 22:36,1.8,"Đi ăn ốc quán gần đó xong nên muốn tìm chỗ ngồi cafe gần đó cho đỡ tìm kiếm, sơ ý cũng ko đọc review, đi đông hơn 10 ng,***tài ngại nên ngồi bàn riêng mà nv nói ngồi vậy mất hết 1 bàn rồi sao, với thái độ ko lịch sự trong khi quán vắng, rồi lỡ đi cafe 1 mình là ko cho vô hả, có trả tiền mà, nước thì lạt ngách, thua nhà làm,***hơi bị hôi dơ, cái bàn nhúc nhích quá mẹ chồng mình hỏi sao bàn lắc vậy con thì nói cái bàn nó ko có lắc, bàn ng ta phẳng mà sao lắc dc, do cái nền nó méo, dù sao ng ta cũng lớn tuổi đẻ dc bạn nv đó mà sao trả treo với khách quá vậy, giọng điệu thì… thua luôn, dc cái view đẹp và mát mẻ. Chán quá ko thèm chụp choẹt gì luônXem thêm",20
250,Linh Lê,3/3/2020 8:34,6.6,"Quán đã sửa chữa mong các bạn lại ủng hộ....
Nước uống k quá tệ
Và giá cả rất chi bình dân....😊😊😊Xem thêm",20
251,Minh Quân,26/10/2019 18:55,2.6,"Lúc bé từ hồi năm 2005 bố vẫn hay dẫn ra đây ăn kem dừa. Sau này lớn vẫn cùng lũ bạn ra đây. Và sau khi chờ đợi quán nghỉ để trùng tu lại thì không biết nói sao. Hnay cùng vk ra quán thì vắng mà đợi cả đúng 39' mới có nước uống. Gọi 1 ly sâm dứa sữa và 1 ly soda đào. Uống chẳng có 1 vị gì. Lạt nhách. Ly soda thì kiểu cho soda vào. Cho 2 miếng đào và cho đường mà còn không thèm nguấy đường cho khách. Không hề có 1 hương vị đào. Ly sâm dứa sữa thì kiểu cho sữa rồi cho đường. Uống muốn rụng răng. Và màu như kiểu pha màu thực phẩm chứ chẳng có hương vị sâm dứa.
Nhân viên phục vụ kém. Kiểu không tôn trọng khách. Vừa quay đi quay lại rồi làm việc khác trong lúc khách đang hỏi để được tư vấn. Khách góp ý thì thái độ như kiểu ""m uống được thì uống đéo uống được thì biến"" Không bao giờ ghé lại nơi kỉ niệm này lần nào nữa. 
Để ý xung quanh các ly nước của khách gần như là bỏ nguyên không ai uống. Xem như ra uống 2 ly trà đá giá 60kXem thêm",20
252,Le Khai Chuong,1/10/2018 20:00,6.6,"Sinh tố kem dừa + cafe kem dừa. Tuyệt vời. Đi lần cuối để quán nghỉ sửa chữa lại, thực tế mình cũng thấy quán xuống cấp rồi, ngồi trú mưa mà bị dọt nước tè le. Quán sửa xong mình lại ghé.Xem thêm",20
253,Phương Trần,17/8/2018 16:49,5.6,"Mình đi chơi khu Bạch Dinh trong một ngày xong công việc sớm, đi xong mình ghé vô quán cafe uống nước chờ xe tới rước về. Không gian quán khá lý tưởng, ngồi trên sườn núi và nhìn ra biển rất mát mẻ, yên bình. Nhưng phục vụ thì tệ quá, không chuyên nghiệp, phục vụ để khách đợi rất lâu mới có nước uống, lúc kêu tính tiền cũng rất lâu, mình phải tới quầy để thanh toán luôn. Nước uống thì bình thường, không có gì đặc biệt, giá thì cũng tạm chứ không quá mắc. Mình hơi thất vọng!Xem thêm",20
254,Thảo Phương,16/7/2018 23:06,3.8,"Sáng nay mấy đứa mình có ghé Bạch Dinh ngồi cafe. Trước đây qánn này cũng khá nổi tiếng mà h có nhiều qán khác đẹp và ok hơn nên giờ vắng hơn trc. Tuy nhiên lâu ngày không ghé mình ghé lại vì nghĩ chất lượng như hồi xưa. Mở menu order nước. Em gái mình có hỏi bạn nữ nhân viên ở đó là chị ơi kem bạch dinh là ntn ạ thôi! Hỏi rất đàng hoàng, e nhân viên trả lời: em đâu phải nhân viên pha chế đâu mà biếttt. Cả đám mình đứng hình mất mấy giây. Khách nc rất lịch sự, không biết mới hỏi nhân viên. Thay vì bạn ấy không biết bạn ấy cũng có thể bảo mình là e k biết để e hỏi lại ạ hay ntn. Trả lời như muốn đuổi khách đi. Hỏi sao bây giờ vắng như vậy. Kiểu đi rồi k muốn quay lạiiiiii! .... Lần cuối nhéXem thêm",20
255,QL,29/1/2019 15:02,7.4,"🍒Thèm kem hạt dẻ cười ra mua ngay 3 cục ăn cho đã cơn thèm
Kẻm dẻo, mịn ko bị buốt đá
Có topping hạt dẻ bên trong để nhai nữa
Kem của BR hay bị ngọt nhưng riêng vị này thì đỡ ngọt hơn hẳn rất vừa ăn
🍒Nhân viên thân thiệnXem thêm",21
256,Halm Trần,11/8/2018 12:14,7.6,"Ngon, kem béo, đá xay mịn, không quá ngọt.Xem thêm",21
257,Ng T Linh,17/6/2018 0:16,7.4,"Kem ở đây ngon khỏi bàn rồi. LÀ 1 thương hiệu lớn từ Mĩ có duy nhất 1 chi nhánh ở VT. 1 sáng trời mát mình và bạn rủ nhau đi ăn kem ôn lại kỉ niệm xưa. Còn nhớ lần đầu ăn kem ở đây là lúc mình vs nó học lớp 11, 2 đứa từ trường ghé qua đây ăn kem do có voucher của viber á :))) từ đó mới biết mùi kem Mĩ nó thế nào, nhớ lúc đó chọn vị kem quá lâu mà sợ nhân viên mất kiên nhẫn luôn, do nhiều vị quá bị ngộp không biết phải ăn gì :)))) 

Lần trở lại đây mình chơi sang chọn 3 cục kem bự chà bá lửa, con bạn mình cũng vậy. Ăn xong còn thèm mua thêm 3 cục cũng bự chà bá lửa mang về ăn tiếp ))) Giá có lẽ hơi đắt so với sinh viên, nhưng độ ngon thiệt sự là xứng với giá tiền lắm luôn đó.Xem thêm",21
258,Trâm Lê,11/2/2018 21:16,8.4,Gần tết khuyến mãi nhiều nhưng hôm nay là khuyến mãi cuối rồi nên mình tranh thủ đi ăn. Đi sớm nên ko đông. Nhân viên nhiệt tình thân thiện. Kem ở đây thì ko phải bàn về chất lượng rồi vì rất ngon. Ốc quế có sô cô la ăn hơi ngán. Vị kem yêu thích của mình là chôc mint và love potionXem thêm,21
259,Trân Nguyễn,31/1/2018 18:58,8.4,1 tháng ăn trên dưới 8 lầnXem thêm,21
260,Miihaa,18/1/2018 15:33,8.4,"Mình đi ăn kem ở đây được nấy lần rồi. Chủ yếu là đợi khi nào có khuyến mãi mới đủ tiền mà ăn thôi :v cửa hàng lâu lâu lại có khuyến mãi chi viên kem bé ấy. Có 15k một viên rẻ hiwn giá gốc nhiều. Mình thử qua khá nhiều mùi kem. Nhưng mà chưa được thử mùi trà xanh. Kem mỗi ngày mỗi khác nên chưa thử hết được. Đối với mình thì mình thích vị kẹo bông gòn, ăn mềm mềm, vị bắp rang bơ, vị dâu kem cheese, vị chua thì có kem màu xanh dương ấy, hình như mâm xôi. Còn có vài vị có hạt hạnh nhân rồi socola viên bên trong nữa mà mình không nhớ tên :v bánh quế nướng tại quầy ăn cũng ngon. Nhân viên thân thiện tư vấn chọn mùi. Không gian cũng đẹp nữa.Xem thêm",21
261,QL,27/11/2017 21:14,7.0,"🍒Đi ăn kem được tặng voucher mua 1 tặng 1. 
Kem BR vt bây giờ cũng lên giá bằng sg rồi he

🍒Các vị trái cây chua chua dễ ăn nè
Còn các vị kẹo, mật ong, bánh này nọ... thì thiên ngọt nhiều nên ăn mau ngán lắm
Có 3 vị trà xanh, mint choc với hạt dẻ cười là ngọt vừa mình thích ăn nhất
🍒Nếu ăn thêm bánh giòn thì thêm tiền
Mình mình ăn 2 viên mới tạm đủ. Còn ăn đã là phải 4 viên :)

🍒Chi nhánh này bây giờ hơi vắng khách hơn hồi trướcXem thêm",21
262,Cong Tien Tran,13/11/2017 15:49,9.4,"Mình thỉng thoảng có ăn ở đây cùng với bạn. Không gian ở đây tuyệt vời, thoáng mát, sạch sẽ và khá rộng rãi. Mấy nhân viên ở đây thân thiện, mến khách và kiên nhẫn lắm. Mình với tụi bạn lưạ kem lâu lắm mà mấy anh chị vẫn đứng chờ. Còn kem ở đây thì ngon hết ý. Viên kem dẻo dẻo, ngọt ngọt. Mình thích nhất kem bạc hà, ăn the mát sảng khoái ghê! Có kem blueberry chocochip ăn cũng khá ngon nhưng có hôm mình ăn hơi ít chocochip thì phải. Topping đa dạng, bỏ vào kem ăn ngon lắm. Hôm bữa trung thu mình có mua bánh trung thu kem lạnh nhưng hết rồi nên mua đỡ bánh kem lạnh. Bánh kem lạnh mua về không nên ăn ngay sẽ khá cứng và khó cắt, nên để khoảng 3-5 phút ở ngoài để kem bớt lạnh sẽ dễ cắt và ăn ngon hơn. Bánh được trang trí và đóng gói nhìn xinh cực kỳ. Giá cả hợp lý. Quán thích hợp để đi ăn với gia đình bạn bè vào mỗi tối cuối tuần.Xem thêm",21
263,Hanna Lai,1/8/2017 19:13,8.0,"Mình là dân Vũng Tàu mà toàn ăn Baskin robbins ở Sài Gòn không à. Vũng Tàu trước giờ ít tiệm kem nên khi Baskin Robbins về mừng hết lớn 😂 😂 😂 Mê BR lắm luôn. Mình order viên junior mà staff cho viên to oành, viên kem lấy rất chắc tay luôn. Vị thì quá okay nè. Ăn không thấy hơi và đá nhiều, kem thì dẻo. Nhân viên cũng rất cute. Chú bảo vệ siêu dễ thương luôn. Không gian thì rộng rãi, thoáng mát và sạch sẽ. Mà BR thù có rất nhiều đợt discount nữa nên cứ ăn đều đều. Chắc chắn sẽ quay lại.Xem thêm",21
264,Trâm Lê,13/6/2017 15:32,7.8,Kem đang giảm còn 15/viên có nhiều vị kem mới. Hôm qua matcha hết mình có thử vị mới kem bắp thấy cũng tạm nhưng ngọt quá gây ngấy. Kem phô mai dâu tạm ko thơm. Kem chocomint vẫn ngon như thường. Caramel sốt socola ổn nhẹ ko ngọt ngậy. Kem blueberry chocochip ngon nhứt. Không gian rộng thoáng mát ko quá đông. Nhân viên thân thiện và nhiệt tình. Hôm qua mua kem được tặng phiếu mua 1 tặng 1 nhưng là giá thường ko phải giá khuyến mãi 15k có hạn tới 26. Đến tận nơi để cập nhật nhiều chương trình ưu đãi nhaXem thêm,21
265,Hồng Nhung,16/10/2023 21:29,5.0,Quán ngon lâu nămXem thêm,22
266,foodee_c84ef597,16/10/2023 20:06,7.2,Quán ngon lâu nămXem thêm,22
267,Ngô Nhúng,16/10/2023 19:15,5.8,Quán ngon lâu nămXem thêm,22
268,Trân Huyền,16/10/2023 18:40,5.0,Quán ngon lâu nămXem thêm,22
269,foodee_e3a3714a,16/10/2023 18:34,9.2,Quán ngon lâu nămXem thêm,22
270,Phượng Hoàng,16/10/2023 18:33,5.0,Quán ngon lâu nămXem thêm,22
271,Oanh,16/10/2023 18:32,5.0,(Quán ngon lâu nămXem thêm,22
272,Dương Thị Dung,16/10/2023 18:25,5.0,Quán ngon lâu nămXem thêm,22
273,Thương Còi,16/10/2023 18:24,10,Quán ngon lâu nămXem thêm,22
274,foodee_kgvtcx8y,16/10/2023 18:23,5.0,Quán ngon lâu nămXem thêm,22
275,Jin Jin,21/2/2020 18:21,7.0,"Mọi thứ đều ok, lầu trên nhìn hơi bí bách vào buổi tốiXem thêm",23
276,Jun Jun Chan,21/1/2020 23:24,9.2,"📍467 Phan Văn Trị, phường 5,quận Gò Vấp.
☕☕☕
以前! 这家咖啡馆我曾经去过一次了，今晚我跟2个朋友再来这里玩玩。以前我点了一杯传统咖啡，不过这时朋友给我介绍一杯新咖啡，叫做 #椰浆咖啡。怎么说呢? 味道真不错!!! 价钱是59.000越盾。
还有啊! 这段时间是春节，各家咖啡馆都有葵花子以便食客吃吃，所以我们今晚一边喝一边吃葵花子，一直聊了天到11点，就被服务员提起他们关门的时间。嘻嘻。Xem thêm",23
277,Hằng Nguyễn,30/12/2019 11:41,10,"🌟 Vị trí: Cộng Caphe ở đây nằm ngay vị trí đắc địa của khu phố đi bộ Bùi_Viện nên thu hút cả người Việt và khách du lịch ghé đến.
🌟 Các món uống giá tầm 30k-60k,  nhân viên phục ok,  nhiệt tình. 
🌟 Không gian vẫn là bàn ghế gỗ,  kệ sách,  vật lưu niệm... Mang đậm nét hoài cổ xưa. Ú vẫn thích ngồi ở chỗ có những cái loa đỏ với những chiế ghế gỗ có đệm ghế hoa văn đỏ,  xen lẫn trên bàn là những lọ hoa trắng,  đỏ xinh xinh.
🌟 Ở đây ngoài món best seller là cà phê cốt dừa,  tụi Ú hay uống các món đơn giản như cà phê đen 29k,  bạc xỉu,  cà phê nâu 35k... Các món uống ở đây không quá đắt ngay giữa khu trung tâm SG.
🌟 Ngoài ra có các món ăn dân dã như bánh đậu xanh,  trái cây chấm muối,  khoai tây chiên,  nem chua rán...Xem thêm",23
278,Quang Duy,21/10/2019 1:03,7.0,"Nằm ở vị trí trung tâm quận nhất lại nẰm trong khu phố Tây nên rất thu hút khách cả trong nước lẫn ngoài nước 
về thuong hieu cà phê cộng thì cũng đã được khẳng định rồi , đồ uống sạch sẽ khá ngon mình rất thích uống đậu xanh xay nhuyễn ở đây ngoài ra cà phê cốt dừa cũng là một món đáng để thử 
giá cả tầm 50 đến 60 K một ly
 Nói chung cũng hợp lý 
phuc vụ  lịch sự nhanh nhẹn
 tuy nhiên vào dịp cao điểm thì sẽ phải đợi lâu nhé sẽ quay lạiXem thêm",23
279,Xu Trân,4/10/2019 10:43,5.0,"Order lần 2 cn Bùi Viện, lần đầu pha quá ngon, uống lại lần này thấy thiếu đậm đà, đá xay chưa nhuyễn, vị cà phê quá ít toàn vị ngọt, ít vị béo... Thất vọng😔 ah ống hút giấy cute thật nhưng mau nhũn lắm, m phải lấy ống hút nhựa o nhà uống tiếp, haizz bảo vệ môi trường sao khó thếXem thêm",23
280,Mỹ Anh Nguyễn Thị,2/10/2019 13:52,8.0,Đến cộng thì mình thấy uống cốt dừa cà phê là thích hợp nhất :)))Xem thêm,23
281,Xu Trân,2/10/2019 9:53,6.0,"Order delivery lần đầu do nghe nhìu người khen món ca phê cốt dừa. 
1.bao bì cho 8/10, ống hút giấy, ly giấy quá tốt nhưng nắp đựng lại bằng plastic, quai cầm cũng plastic 😩 tiếc cho 1 cuộc tình ""bảo vệ môi trường "". Nắp đóng ko kỹ nước tràn ra ngoài, nhìn bẩn bẩn. 
2. Taste: 10/10 thấy xứng đáng với danh tiếng món này.Xem thêm",23
282,eatwtea 💋,14/9/2019 14:46,7.2,"Mình nhớ có lần mình uống Cốt dừa cacao ở Cộng Caphe rất ngon nên vẫn hay thèm vị đó. Bữa nay tính order lại tiếc là quán báo hết Cốt dừa cacao nên mình gọi Cốt dừa socola (59k) thử. 

Tiếc là món này ko ngon như món cũ, vị lạt, mình cũng ko thấy vị béo của cốt dừa như mọi khi vẫn uống. Điểm cộng là sạch sẽ, gói đem về cũng cẩn thận. Tuy nhiên mình ko thấy ấn tượng với ly Cốt dừa socola này nên nếu có đến Cộng caphe chắc sẽ ko kêu món này nữa.Xem thêm",23
283,Lý Dương,7/8/2019 14:04,7.4,"Làm ngon, tuy nhiên nên ghi tên món khi order nhóm. Mình order 20 ly, và ko biết ly nào tên gì và của ai.Xem thêm",23
284,Ngọc Lê,20/6/2019 13:58,7.6,Em mình vẫn đi uống. Mình gọi một ly cốt dừa cà phê và em mình gọi cốt dừa cốm xanh. Bạn nhân viên Thu ngân rất khó chịu khi mình hơi mất một ít thời gian để order nên mình không hài lòng lắm. Nhưng nói chung cà phê ngon hi hi.Xem thêm,23
285,Mai Thị Hằng,24/6/2023 20:14,5.0,Bún chả ngon tuyệt vời luôn ạXem thêm,24
286,Mận Thuý,24/6/2023 17:53,5.0,Bún ngon lắm ạXem thêm,24
287,foodee_4c5ih3oq,24/6/2023 16:47,5.0,Bún chả ngon. . An k ngánXem thêm,24
288,bông nguyễn,24/6/2023 16:18,5.0,Ngon lắm ạXem thêm,24
289,Chan,24/6/2023 16:11,5.0,Ngon nhaXem thêm,24
290,Vũ Xuyến,24/6/2023 16:00,9.6,"Nước dùng thanh ngọt, nhiều chả mình rất thích.!Xem thêm",24
291,foodee_8z7ne1el,24/6/2023 15:20,5.0,"Rất đậm vị, tuyệt vớiXem thêm",24
292,Hà Giang,24/6/2023 15:19,10,Rất ngon và hấp dẫnXem thêm,24
293,Nguyen Phuong,24/6/2023 14:14,6.0,NgonXem thêm,24
294,Nguyen Thuy Dung,24/6/2023 14:09,5.0,Đã ngon lại hấp đẫnXem thêm,24
295,Anh Trần,27/9/2018 16:26,8.6,"Tự dưng có cái tờ rơi tò mò qua thử. Cảm nhận đầu tiên là trên sân thượng view đẹp, nhân viên chuyên nghiệp, đồ ăn thì cũng tương đối. Quán nằm trên sân thượng khách sạn 3* khá sang chảnh nhưng giá cũng ok. Thích hợp sống ảo.
Đánh giá 8/10.Xem thêm",25
296,foodee_0f489bf8,13/11/2023 16:39,10,"View đẹp,thoángXem thêm",25
297,foodee_8z1jn227,13/11/2023 15:10,5.0,"View đẹp,thoángXem thêm",25
298,Thu Nguyễn,13/11/2023 15:02,5.0,Đẹp thoángXem thêm,25
299,foodee_0f489bf8,13/11/2023 14:31,10,"View đẹp ,thoángXem thêm",25
300,duyennguyen0494,13/11/2023 14:28,10,"View đẹp, thoángXem thêm",25
301,Quý Nguyễn,13/11/2023 14:27,10,"View đẹp , thoángXem thêm",25
302,anhtung2008,13/11/2023 14:25,10,"View đẹp, thoángXem thêm",25
303,anhtung2008,13/11/2023 14:25,10,View đẹp thoáng mátXem thêm,25
304,Hồng Nguyễn,13/11/2023 14:23,10,"Veiw đẹp, thoángXem thêm",25
305,Hùng Đức,12/11/2022 19:07,7.2,"Mình đi ăn lúc 11.11 bánh khọt ngon, nhưng thái độ nhân viên cực kỳ tệ, khách tới từ lúc bước vô tới lúc bước ra cũng không nói một lời. Nhân viên đưa chén nước mắm cho mình thì lia như kiểu dằn mặt. Đề nghị coi lại nhân viên phục vụ gấp.Xem thêm",26
306,Le Vu,6/8/2022 20:46,1.8,"Món Bún Bò Huế cực kỳ tệ, 1 lát chả toàn bột, 3 lát thịt bò bị ương, màu rất kinh khủng. Giá 55k quá đắt và chất lượng quá tệXem thêm",26
307,huynhtrang,12/7/2022 22:08,1.8,"Nhìn quán khá ổn mà đồ ăn quá tệ, ăn tô bún bò huế lúc 10h34 sáng mà đi*** đến 21g tối, đồ ăn ko giữ vệ sinh làm khách đi ngoài, gọi 2 đĩa bánh khọt ra 2 được 2 miếng rồi bỏ cả 2 đĩa,  mnguoi nên cân nhắc khi ghé qua đây ănXem thêm",26
308,foodee_e286da20,20/6/2022 17:35,3.0,"Các bạn tránh xa quán này ra nhé....Bánh khọt chỉ có bột với 1cục cá viên chiên, tôm đông lạnh mà giá thì trên trờiXem thêm",26
309,Thắm Cô,17/4/2022 11:29,1.0,"Mọi người đừng có nghe nổi tiếng mà đến chỗ này. Thật ra mình nghĩ bánh khọt ở Vũng Tàu ở đâu cũng vậy thôi. Nghe nổi tiếng đến ăn thì nên ăn nhẹ cái gì đó đi chứ mang bụng đói đến chỗ này là thôi rồi. 

Khách đông thì đợi không nói, nhưng mình rất ghét cái kiểu “ VÔ TRƯỚC MÀ ĂN SAU” là không hài lòng một chút nào. Lúc quán giãn khách bớt mình để ý kỹ thì thấy rõ ràng là người vô sau nhưng được mang đồ ăn ra trước. 

Mình ngồi đợi hơn 30 phút thật sự rất quạo, hỏi thì nói đang lên nhưng rõ ràng luôn mang đồ ăn cho bàn đến sau. Mình chọn đi quán khác ăn nhưng cũng không còn ngon nữa. Vì thật sự cơn giận đã no rồi. 

Hy vọng mọi người muốn đi chơi vui vẻ thì đừng đến quán “Bánh khọt Cô Ba” này. Mình tẩy chay vì cách phục vụ, đừng có nổi tiếng quá rồi chảnh chẹ.Xem thêm",26
310,Michelle May,12/4/2022 10:52,9.0,"Ở đây món nào cũng ngon, bánh khọt rất giòn, rau tươi. Quán rất đông, ko thể đặt bàn trước. Giá hơi cao so với mấy chỗ khác 1 xíu.Xem thêm",26
311,lê quang hoàng,27/2/2022 11:27,1.0,Đi 2 người ko phục vụ đàng hoàng mà chỉ toàn phục vụ bàn đông. Order nước 30p vẫn chưa có mà khách đông người thì có sẵn.Xem thêm,26
312,hchu7320,11/4/2021 10:05,4.0,Phục vụ kém dù ít khách đàng dùng.Xem thêm,26
313,Kê nhi,16/3/2021 16:53,2.8,"Lâu lâu mới ra thành phố biển để thư giãn xả stress tránh xa đô thành nhộn nhịp mà gặp cái quán này ôi thôi rồi hết vui . 
Bước vào quán bảo vệ ngồi như cái bức bình phong hỏi gửi xe ngồi đó chỉ rồi hỏi có lấy thẻ xe ko im ru ko trả lời .  Vào ăn lúc đầu kêu mấy món rẻ bắt đầu pv xéo sắc nhìn bằng 1/2 con mắt đến khi kêu nhiều món lại cười tít mắt . Quá chán chường . Xin hãy tránh xa cái quán này ra nhé mọi ngưòiXem thêm",26
314,Nguyen ThaoDung,1/3/2021 18:50,2.0,"Tránh xa quán này ra, mua mang về Sài Gòn mở ra ko có 1 con tôm nào, rau thì bẩn khủng khiếp.Xem thêm",26
315,Gin Madridista,3/4/2021 15:45,4.2,"Nay mình lần đầu đến lúc 3 rưỡi chiều ngày đẹp trời, nghe review khá tốt. Nhưng mình vào ăn thì cảm giác nhân viên phục vụ rất tệ (mình không đánh đồng tất cả). Nhưng thái độ những bạn phục vụ mình làm mình không hề hài lòng. Có khách thì được mời qua bên khu A ăn cho sạch vì khu B đang dọn, nhưng mình vào lại được ngồi khu B và nhân viên không hề nói gì! Điểm trừ thứ 2 là rau? Thấy rất bẩn, vậy mà được nói là qua công nghệ xử lí rau qua phòng ốc các thứ!??? Chúc mừng, họ không thể có được business repeatXem thêm",26
316,Anh Tran,5/12/2020 18:50,4.4,"Mình đi bàn 5 người, nhân viên order rất mất sự với khách, mình order bún thịt nướng dặn ko chả giò, thay vì dạ bạn ấy đôi co 1 buổi này nọ. 
Nói chung quán ko gian ok, món đa dạng nhưng phục vụ cần nâng cao nghiệp vụ.Xem thêm",26
317,Nhân Nguyễn,2/10/2020 13:02,6.8,"Chất lượng tạm ổn, trung bình. Món ăn không đậm đà, rau tươi. Phục vụ chậm, kêu nước trà đá mà quá lâu.Xem thêm",26
318,Jo Hồ Ly,8/4/2019 22:37,6.6,"Đầu tiên là ko gian rộng rãi, thoáng.
Thứ 2 là nhiều món để lựa chọn, 1 loại món ăn có thêm nhiều khẩu vị khác nhau.
Chất lượng thì cũng bt thôi, nhưng đc cái nhiều sự lựa chọn.
Khuyến cáo ko nên ăn bún cá, vừa mặn vừa dởXem thêm",26
319,Munie.Tr,9/4/2017 0:25,7.6,"Vị trí: nằm đầu đường hoàng hoa thám. Rất dễ thấy luôn.
Không gian: khá rộng và thoáng.
Phục vụ: nhanh, chuyên nghiệp.
Về phần chính: bánh khọt cô ba thì có tiếng lâu nay rồi, nhưng thật là rất ngon. Giòn giòn nhưng k ngấy dầu nhé :)))
Giá thành tuy có cao hơn so vs bên ngoài nhưng bù lại chất lượng tốt và đảm bảo nè :))
M.n có dịp thì nên thử nhé, 1 trong những đặc sản vt đó nhen hihi
Giá tầm trung dao động từ 30-50k đó :))) 
Ham ăn quá đã quên chụp hình rồi. Hẹn upload hình sau nhé 'm.n hihiXem thêm",26
320,Công Trần,22/7/2023 17:04,4.2,"Trưa nay 22/7 có ghé quán, đồ ăn ngon, nhân viên phục vụ nhiệt tình, chu đáo, tuy nhiên khi người nhà gọi đt nc với nhân viên để tip cho nhân viên vì sự chu đáo thì chủ quán xen vào, nc mất lịch sự , cần xem lại thái độ của chủ quán.Xem thêm",27
321,PDHS,22/7/2023 16:23,1.8,"Chủ quán ăn nói khách hàng mất lịch sự… Nhân viên phục vụ chu đáo , đồ ăn lên nhanhXem thêm",27
322,foodee_aa19c44f,22/7/2023 13:55,1.0,Ăn nói bố láo mất dạy.thái độ với khách.mở quán ra mà thái độ vậy chỉ có bán quán cơm tù ngày xưa như lái xe đường dài.chưa biết mặt tk chủ quán tròn méo sao chứ nghe giọng nó nói chuyện là biết loại vô học.khách ăn mất tiền xin nhà nó đâuXem thêm,27
323,foodee_aa19c44f,22/7/2023 13:36,1.0,Chủ quán ăn nói với khách quá mất lịch sự.mấy bạn nhân viên phục vụ nhiệt tình.chu đáo.mà chủ quán nói chuyện như dân giang hồ.cần coi lại gấp.lần sau k bảo giờ ghé quán này.chủ quán bố láo.đánh giá 1 saoXem thêm,27
324,Ngọc Chi,15/6/2020 14:42,8.2,"Nghe nói món sườn nướng là đặc trưng nên gọi liền, mà quên chụp, gọi trước nhưng lên sau cùng và đã no cành hông, ăn 1 miếng rồi gói mang về. Phần 4 miếng không phải 4 cọng nha, 1 miếng 2 đến 3 cọng. Sườn thơm, không quá mềm, mùi thơm tự nhiên, vị ướp nhạt vẫn giữ được vị nguyên sơ của thịt. Món này ổn nhất. 

Salads cá ngừ, hơi bất ngờ vì salads mà không có rau, chỉ có bánh mì vuông trộn cá và sốt. Sốt béo vị ngon, cá cũng ngon, phần nhiều lắm ăn không có rau nhanh ngán. 

Sốc tận óc là mỳ ý phô mai, không có mỳ sốt kem nên gọi mỳ phô mai, má ơi luôn như mỳ luộc trộn phô mai, không thể tin nổi có món như vậy trên đời, ngoài mùi phô mai ra thì chả có 1 vị gì, không có 1 tí xanh đỏ luôn, 1 màu nguyên thủy của mì.

Bò lúc lắc khoai tây cũng quên chụp, nhưng ăn ổn, bò mềm còn hơi hồng bên trong, khoai tây chiên vừa, vị thì nhạt lắm chấm tương ăn. Hình như khẩu vị của Nga là vậy á cái chi cũng nhạt toẹt. Nhưng nhìn chung ăn thanh đạm cũng tốt. 

Không gian quán hơi giống quán cà phê hoài cổ phương tây, tranh treo tường đẹp mắt, phối màu sắc kích thích vị giác. Nhân viên hơi chậm, ngồi trong góc nên ít được quan tâm. Bàn của quán bày trí kiểu nhà hàng, sẵn chén đũa khăn trải, đa phần là bàn xếp hàng dài cho nhóm khách. 

Quán trên đường lớn nhưng khó thấy, lối vào nhỏ, không gian sân vườn nên nhìn vô hơi tối. Toàn là khách sang trọng xe hơi thôi. Lúc mình vào là 11h trưa quán kín phân nửa, lúc ăn xong thì bàn kín mít bên ngoài treo biển hết bàn còn có 1 nhóm đang đợi nữa. Mình với con bạn suy nghĩ lại xem thật sự là món ăn ngon lắm sao. Chắc là chưa quen khẩu vị, lần tới đến VT sẽ ăn lại xem sao. 

Món ăn phù hợp giá tiền, không mắc tí nào vì mỗi phần khá đầy. Tổng 4 món và nước uống dưới 400kXem thêm",27
325,VÂN LÊ,30/12/2019 8:13,4.8,"Đồ ăn ngon nhưng thái độ của chủ quán rất hách dịch, bất lịch sự, thiếu tôn trọng khách hàng. Ko bao giờ quay lại quánXem thêm",27
326,nnbuyen,18/8/2019 9:39,7.4,"Menu đa dạng, không gian ấm cúng thích hợp đi với gđ hoặc đãi tiệc, đồ ăn ở đây lúc nào mình cũng gọi salad nga đỉnh của đỉnh ấy, mì ý phomai thì hơi ngấy nhưng cũng ngon, sườn nướng ở đây cũng ngon lắm, nhưng bh kh còn ngon như ngày xưa chất lượng đồ ăn cũng thay đổi một tíXem thêm",27
327,tpd12,6/4/2019 14:06,7.6,"Lúc còn ở VT, Rhino đối diện nhà mình nên mình ăn ở đây như một thói quen luôn, món ăn ngon mà giá cả rất phải chăng. Lên SG cũng chưa tìm được nơi nào thịt nướng hợp vị như Rhino nuônnn 😆

 Lâu ngày quay lại mình order thịt nướng, salad dầu dấm, tôm chiên bột và cá sốt vang.
- Thịt nướng thì vẫn ngon thần sầu như ngày nào, nêm nếm chuẩn vị và nướng vừa chín tới. 
Ăn kèm thịt thì không thể thiếu salad dầu dấm, chua chua đỡ ngán, rất bắt vị nhenn.
- Tôm chiên bột mình quên nhắc ít bột thành ra bột dày dễ sợ luôn 😩 Bù lại tôm tươi có con có gạch luôn nhé!!! mấy năm trước mình ăn 10 con mà giờ còn 7 con thui :))
- Cá sốt vang là cá thu có kèm khoai tây và nấm, thật sự mình không ưng vị vang nên không đụng đến. Anh bạn thân ăn thì bảo không ra vị vang lắm 🤔

Vì không đặt bàn trước hết chổ ngoài nên mình ngồi phòng lạnh, không được hoà mình với thiên nhiên thôi chứ cũng không bí, phòng lạnh có phụ thu hình như là 50k.
Có điều tương chấm (tương ớt, tương cà) rất khan hiếm, lúc mình vào chỉ có bàn mình và bàn bên cạnh, hỏi xin chị phục vụ cứ đưa qua đưa lại chai tương giữa 2 bàn vậy í 😂 Hổng lễ nhà hàng có tiếng làm ăn được vậy mà mỗi bàn không có nổi chai tương riêng, thiệc thắc mắc 🤔

Khi nào muốn ăn thịt nướng Nga mình sẽ lại qua 🤗Xem thêm",27
328,Thắm Nguyễn Thị Mỹ,31/3/2019 22:53,7.6,"Thiệt sự là đã xài hết 15GB Drive mà trong máy luôn trong tình trạng hơn 1000 tấm hình. 😂😂. Xoá vài trăm tấm thì cứ đi chơi, đi ăn về là lại đầy bộ nhớ. Xoá hình đi thì tiếc, up hoài thì làm phiền mọi người 😂😂. 
Mình thích chia sẻ, nhờ F lưu lại kỉ niệm giùm. Thôi thì review cho hữu ích hen. Với lại review là nghề freelancer hiện tại mà. Hehe. 

Mình thích ăn SƯỜN, đi Vũng Tàu- thành phố biển mà vẫn kiếm quán ăn sườn, bởi hơi ngán hải sản, nên chọn quán TÊ GIÁC, quán nổi tiếng với salad Nga và sườn nướng Nga. 

- Địa chỉ: 150 Lê Hồng Phong, TP. VT

- Không gian: lối vào đẹp, nhiều view sống ảo, cây cối nhiều, bên trong mặc dù ban ngày nhưng vẫn tối và hơi bí, ngồi ngoài thì nóng

- Gửi xe: xe hơi đậu thoải mái

- Nhân viên: phục vụ nhiệt tình, do mình vào lúc 11h trưa nên vắng khách. Đọc review thấy toàn chê thái độ ko tốt. 

- Menu: phong phú, đa dạng 

- Chất lượng + giá cả món ăn: mình gọi 1 phần sườn, 1 salad Nga, 1 bò nướng dừa. 
. Sườn: ướp cũng thấm nhưng không quá xuất sắc, hơi hôi mùi khói, 115k/ phần/ 4 sườn (dĩa trong hình). Đi ăn 2 người thì gọi 2 cục thôi, 4 cục ăn không hết, phải xin hộp đem về.
. Salad: không ngon, ăn bình thường 50k/ dĩa
. Bò nướng dừa: món này hơi lạ về hình thức, nước ngon ăn kèm bánh mì ngon, đậm đà, bò mềm; 110k/ phần

- Giá: không mắc nhưng cũng không rẻ, tổng Bill 290k, với không có quẹt thẻ mà phải trả tiền mặt. 

Quán thích hợp với gia đình. Mình không thích lắm, nhưng tổng thể được 7/10, đi Vũng Tàu có thèm sườn thì ghé quán hen. Hehe. Mà nhớ đặt bàn trước, tối cuối tuần sẽ rất đông.
#vũngtàu2019
#review290k310319Xem thêm",27
329,Thắm Nguyễn Thị Mỹ,31/3/2019 11:48,8.4,"Thức ăn ngon, salad bình thường, ko có gì đặc biệt. Ăn không hết nên mình xin nhân viên đem về. Phục vụ ok, nhiệt tìnhXem thêm",27
330,Aaaaa Bbbb,23/7/2022 14:31,2.0,"Đi vào thời điểm quán không quá đông, nhưng gọi nhân viên chả ai quan tâm, bơ khách hàng. Đồ ăn chờ lên cực kì lâuXem thêm",28
331,Quỳnh Anh,28/3/2022 12:34,3.4,Đồ ăn thì ok. Cơm thì toàn là cháy ntn thì ăn gì ?Xem thêm,28
332,Phuong Do,4/3/2022 22:02,9.6,"Quán khá đông khách vào khung giờ cơm. Giá cả quá hợp lý , cơm niêu dẻo, đồ ăn làm rất vừa miệng. Tầm 100k / người cho nhóm 7 người, ăn no nê. Rất thích hợp cho khách du lịch cần bửa cơm xen giữa những bửa hải sản , bánh khọt giữa tp vũng tàu. Cá kèo kho, thịt kho, gà chiên, canh chua cá...Xem thêm",28
333,Na Uy Nguyễn Thị,23/3/2021 19:56,10,Cơm ngon thì khỏi bàn cãi rồi . Từ hôm về vũng tàu được 16 ngày thì cả 16 ngày ăn cơm ở đâyXem thêm,28
334,Trúc Trịnh,20/2/2021 8:12,9.8,"Cơm ngon, hương vị đậm đà. Chỗ ngồi thoải mái. Bình dân. Noi chung là nên ghé đóXem thêm",28
335,Quoc Bao Nguyen,7/2/2021 12:53,3.4,Cơm dở tệ. Cá thịt đông lạnh đem lên khách. Gọi có 2 dĩa rau chờ 40p chưa có.Xem thêm,28
336,Joe Nguyen,21/11/2020 13:20,3.0,"Quán phục vụ lâu dù không đông lắm, món ăn thì mặn và không ngon. Cơm niêu bị sống. Thái độ phục vụ không tốt, kêu thiên lý xào bò thì đưa thiên lý xào không. Khi hỏi thắc mắc thì nhân viên k có thái độ xin lỗi mà trả lời có ý thách thức.Xem thêm",28
337,Xuân Hoa,13/9/2020 11:26,9.6,Không biết mai mốt có tăng giá hem chứ bây chừ có 10k/1 niêu thôi ớ. Rẻ vãiXem thêm,28
338,Hoàng Đoàn Minh,13/9/2020 11:18,9.2,"Quán nằm trên đường Lê Hồng Phòng, dễ tìm. Ngon, ok.Xem thêm",28
339,Kiến Trúc Thư Viện,9/9/2020 15:17,9.8,"Ngon rẻ, duyệtXem thêm",28
340,ppphanhuyyy,24/4/2023 21:34,10,"Quán cơm niêu vũng tàu rất ngon, sẽ quay lạiXem thêm",28
341,Lê Huy Hoàng,1/4/2022 13:57,9.8,"Quán quen mỗi lần về vũng  tàu đều ăn, vẫn ngon nhưng hơi đông đúc, quán đổi chỗ qua 12***rồi mà lên foody tìm thì lại số 5***Xem thêm",28
342,Hùng Vòng Sây,29/3/2022 19:08,9.8,"Rất ngon, giá rất hợp lýXem thêm",28
343,Hanh Hoang,8/1/2022 7:53,10,"Quán rộng rãi thoáng mát, thức ăn phong phú, giá cả phải chăng. Nhất định sẽ ghé lần tiếp theo nữa.Xem thêm",28
344,Nguyễn Khắc Hoàng,1/1/2022 11:58,4.2,"Thái độ phục vụ quá thất vọng. Mình đang ngồi xem menu, nhân viên phục vụ đi lại và giật menu của mình không hỏi ý kiến (lưu ý là mình mới xem và chưa order món). Đề nghị chủ quán xem xét lại thái độ của nhân viênXem thêm",28
345,Khải Minh Phan,30/4/2021 10:26,9.2,"Ngon và rẻ, khách hơi đôngXem thêm",28
346,Pun Tròn Tròn🍒,4/4/2021 21:08,7.4,"Vì ngủ nên 2h chiều mới dậy ko biết ăn j nên ghé đại, cũng ok đồ ăn khá nhiềuXem thêm",28
347,Deal Voucher,2/1/2021 14:14,8.4,"Vị trí: mặt tiền, dễ đến, thoáng mát, rộng rãi.
Đồ ăn: ngon nha, đậm vị  1 phần khá nhiều. Canh chua ngon. Cá sốt cà ngon. Rau kho quẹt ngon. Nói chung chất lượng k bàn cãi.
Giá cả: hơi bị bngo về giá. Chất lượng và vị trí tốt mà giá rất ư là dễ chịu. 
Phục vụ: dễ thương, nhanh nhẹn.
Quay lại: chắc rồi.Xem thêm",28
348,sanran,2/11/2020 18:34,6.0,"Không gian rộng rãi nhưng đi buổi trưa khách đông ngột ngạt hơi nóng. Nếu có thêm điều hoà sẽ ổn hơn.

Đồ ăn thì ngon cơm nêu do quán khá đông bếp nấu cơm chưa cơm cháy ở phần dưới cơm. Cơm nêu cần phải có cơm cháy mới đúng chuẩn cơm nêu.

Mọi thứ bên ngoài khá ổn. Nhưng nhà vệ sinh dơ chú ý cải thiện thêm về không gian nhà vệ sinh. Khách đến ăn ngoài đồ ăn ngon ra còn phần nhà vệ sinh cũng rất quan trọng.Xem thêm",28
349,Meo Cú,28/7/2020 1:01,8.0,"• Nằm trên mặt tiền đường THĐ, dễ tìm, dễ thấy, chỗ để xe rộng rãi

• Không gian rộng rãi, sạch sẽ nhưng mà hơi nóng. Bàn ghế san sát nhau trông hơi ngột ngạt, đúng chuẩn quán cơm

• Menu đa dạng, nhiều món, giá cả dao động trên 55k. Mình gọi 2 cơm niêu, cá bớp kho tộ, kho quẹt rau tập tàng, thịt luộc chấm tôm chua Huế, canh chua cá bớp, chai sâm cúc. Các món rất ngon, ngon nhất đối với mình là cá bớp kho tộ. 2 người 2 cơm niêu là ăn là dư luôn. Tuy nhiên thịt luộc hơi nhiều mỡ, ăn rất ngấy. Tổng bill 266k cũng khá rẻ đối với 1 bữa cơm ngon và nhiều như vậy.

• Nhân viên lịch sự, thân thiện, nhanh nhẹn.

• Sẽ quay lại và thử những món khác.Xem thêm",28
350,Anh Mai,26/5/2022 13:12,6.8,"Giao nhầm qq trà xanh trái cây thành trà alisan vải nhưng uống vẫn ngon lắm nhaa, hơi ngọt tí thôi tại 100 đường huhu. Hì hì chắc có bạn khác bị giao nhầm ly của mình r :)))Xem thêm",29
351,Quynh Anh,7/4/2021 14:49,5.0,"Vị cũng giống SG nhưng quán nên chỉn chu hơn trong nguyên liệu và quy trình pha chế, mình uống hết ly mới thấy có vật lạ trong ly mà k biết là gì??Xem thêm",29
352,Nguyễn Hải Anh,4/1/2021 12:30,2.8,Mình đến đây chưa lần nào order còn trân châu trắng. Không phải chỉ ở chi nhánh này mà các chi nhánh ở***cũng vậy. Nên loại luôn khỏi danh sách topping cho đỡ bực mình.Xem thêm,29
353,Nhã Thiên,20/12/2020 12:43,3.4,"Hôm nay ngày 20/12/20 mình là 1 tín đồ của trà sữa Gong Cha, nên đi đến đâu mình của ghé tìm mua 1 ly. Nhưng thật đáng tiếc Trà sữa GC Vũng Tàu làm mình quá thất vọng. Hương vị, mùi vụ lạc như nước lã, kiểu như nước dão v! Ko thơm ngon ngọt như mình tưng uống ở các nơi khác. Rất tệ luôn! Kéo lên 1 hơi trà sữa mình đã quăng bỏ ngay lập tức. Chân châu dai cứng nữa. Thật sự thương hiêu Gong Cha sao có thể có chi nhánh làm mất hương vị đến v. Có thể nói đây là ly trà sữa dỡ nhất mình từng uống.Xem thêm",29
354,ThuẬt NhẬt,1/10/2020 18:36,4.2,"Cho ống hút vậy rồi uống sao 
🤬🤬🤬Xem thêm",29
355,Meo Cú,29/7/2020 3:21,4.2,"• Nằm trên mặt tiền đường HHT, dễ thấy

• Lâu lâu ghé lại, không có gì thay đổi về menu, hương vị cũng như những chi nhánh khác

• Nhìn chung không có gì phàn nàn. Tuy nhiên khá thất vọng, mình xui xẻo order ngay sau đơn 2tr mấy chục ly nên phải chờ nửa tiếng mới được sờ tới ly trà sữa.Xem thêm",29
356,Kua Đốm,21/7/2020 15:20,10,"Trà sữa ngon
Nhân viên lịch sựXem thêm",29
357,Sáu Văn,5/10/2019 13:37,6.8,"Không gian quán đẹp, mát mẻ, thích hợp đi hội nhóm, sống ảo, tự sướng.
Đánh giá trà sữa trân châu đen : trà sữa ngọt quá (mình ko dặn nên mặc định 70% đường, 70% đá), không có vị béo, chỉ có 1 vị ngọt ko, nên cảm thấy không ngon.Xem thêm",29
358,Meo Cú,3/8/2019 16:13,6.8,"• Tọa lạc ngay mặt tiền đường Hoàng Hoa Thám, Tp. Vũng Tàu, rất dễ thấy, vừa hay chỗ để xe cũng khá rộng rãi.

• Menu cũng như những chi nhánh Gong Cha khác ở Sài Gòn. Mình thử Trà Sữa Earl Grey và Trà Đen Đào, cả 2 đều loại đều rất ngon, không quá ngọt.

• Không gian rộng rãi, thoáng mát. Chi nhánh này hình như có phục vụ cafe nữa. 

• Nhân viên và bảo vệ thân thiện, lịch sự. Wifi tốt, máy lạnh tốt.

• Sẽ quay lại nếu có dịp ghé TP. Vũng Tàu.Xem thêm",29
359,Ngoc Nguyen,18/5/2019 14:49,5.8,"Mình hay uống Gong Cha ở SG nên xún VT cũng hí hửng ra đây, mà uống k có vị ji giống các CN của GC ở SG hết :( 
Trà sữa trà đen đã chọn 70% đường mà ngọt gắt cực kì, tưởng là cho hơn 100% lun á chứ.
Matcha đá xay uống toàn vị sữa, ko có mùi trà xanh lun 😭Xem thêm",29
360,foodee_bdq7lnbw,1/12/2023 13:02,5.0,"View đẹp,xứng đánh 10đ 😍
ZmjdjdjjsjsnnxnnđXem thêm",30
361,Huynh Bui Huynh,30/11/2023 19:49,6.0,Không gian thoáng đãng sạch sẽXem thêm,30
362,Nhung,30/11/2023 14:27,5.0,Khách sạn sang trọng  nhân viên nhiệt tìnhXem thêm,30
363,Linh Hanh,30/11/2023 10:40,6.0,Không gian đẹp . Đồ ăn ngonXem thêm,30
364,Trần Phương Thảo,30/11/2023 9:54,5.2,ĐẹpXem thêm,30
365,Giang,30/11/2023 9:51,10,Không gian thoáng. Đồ ăn ngonXem thêm,30
366,thuý,29/11/2023 9:52,10,"Rộng rãi, sạch sẽ, nhân viên nhiệt tìnhXem thêm",30
367,Anh Đặng Thị Hoai,29/11/2023 9:50,5.0,"Rộng rãi, sạch sẽ, nhân viên nhiệt tìnhXem thêm",30
368,Huyen,29/11/2023 9:25,5.0,10 điemXem thêm,30
369,Lùn'ss Chuột'ss,28/11/2023 19:10,7.0,Dịch vụ tốtXem thêm,30
370,Thiên Khoa,28/11/2020 9:49,10,"Thật sự quá hài lòng luôn ak
Khúc bạch ngon nhất cho tới giờ mình từng ănXem thêm",31
371,Trường Đ Nguyễn,17/11/2019 10:14,8.6,"Chè khúc bạch thơm , ăn ngon . Các món chè khác thì tạm được . Đồ ăn vặt bán cũng khá nhiềuXem thêm",31
372,Lượng Lý,1/9/2019 22:10,3.0,Lúc đầu ko tin mọi người comment trên foody nên vẫn vô ăn. Thấy ko ngon thật. Sữa chua dẻo chua lè ah. Cái sốt thì quá ngọt. Khúc bạch cũng dở. K quay lại nữa đâu.Xem thêm,31
373,Ngọc Anh Nguyễn,29/5/2019 14:32,6.0,"Khúc bạch + sữa chua dẻo  50k. Mới đầu ghi ra cả giấy là “sữa chua nếp cẩm” cơ, nhưng cô bán hàng lại mang ra sữa chua dẻo, m hỏi sao mang ra nhầm món thì cô í bảo là ko nhớ, m nói con có ghi rõ trong giấy order thì cô í bảo là bỏ giấy đó đâu rồi ko nhớ, hỏi m muốn đổi lại ko thì m bảo thôi, con ăn cái này cũng đc. Bạn m ăn sữa chua dẻo, ko ngon lắm. M ăn khúc bạch, khúc bạch ở đây cắt khá to so với chỗ khác & hơi ngọt xíu. Quán cũng ko được sạch sẽ lắm, với ko thoáng mát. Nhưng với giá 50k thì cũng chấp nhận đc rồiXem thêm",31
374,Jo Hồ Ly,8/4/2019 22:43,6.2,"Ăn ở đây từ hồi Cố Hiệp còn sống á.
Hồi đó ăn như kiểu ngày nào cũng muốn ra, chè lúc đó thanh thanh, ít ngọt, chè đậu nóng hỏi, thơm bùi. 
Giờ con cháu bà làm, ngọt lịm, ăn chè toàn nghe mùi đường, ko thơm và ngon như trc. 
H thêm nhiều món đa dạng cạnh tranh, mà tính giá thành ra thì hơi mắc so vs quán cvc bên cạnh.Xem thêm",31
375,Tư Huỳnh,3/4/2019 18:54,2.6,"Ăn đây vài lần rồi nhưng ko thấy ngon, nhưng nổi hứng hqua mình lại gọi foody. Haizzz... thật sự phải nói là chè dở, đồ ăn cực dở. Order thêm dĩa cá viên chiên thập cẩm 50k mà chút xíu, đã vậy cá, bò, tôm chiên cứng ngắc, cốm chiên thì chua. Ko bao giờ mua thêm lần nào nữa. :((((Xem thêm",31
376,trần Thời,11/2/2019 15:31,5.0,👍Xem thêm,31
377,ngocanh,29/1/2019 20:56,5.4,"Đặt 4 món chè thái, trôi, khoai, chuối, 3 món kia ăn tạm được trừ chè thái. Quá ngọt!!! Bỏ hết nửa li đá chờ đá tan rồi mà vẫn ngọt ko thể ăn nổi!!! Ko bao giờ ăn chè thái ở đây nữaXem thêm",31
378,QL,18/1/2019 20:45,5.4,"😂Bây giờ Hiệp dở lắm lắm luôn đó Hiệp
Chè thập cẩm lạt lẽo, ko loại đậu nào ra loại đậu nào. Nước dừa cũng ko thơm béo nữa
Hồi xưa Hiệp chỉ chuyên chè, sau Hiệp đi theo trend ra ăn vặt tùm lum, xong ko đâu ra đâu
Giá cũng không rẻ nữa
🍒Chắc ko bao giờ quay lạiXem thêm",31
379,Phạm Ngọc Tulip,11/1/2019 12:50,2.0,"Chè thực sự dở, đậu thì sượng, ly thì bẩn, đã vậy đĩa tokboki có chút éc mà chỉ có lèo tèo vài miếng rau, hành, 2 mẩu xúc xích mỏng dánh, khoảng tầm 5-6 miếng bánh gạo mà còn chưa chín kĩ nữa :((Xem thêm",31
380,An Nhiên,16/1/2023 22:13,10,"2vợ chồng cùng 1 e bé TRAI nhỏ tầm 3-4tuoi kêu 3 dĩa , do Khách quá đông ai cũng hối nên nhà e đã bưng chia nhầm dĩa thứ3 của c cho bàn khác,e đã xin lỗi chị , nhưng c vừa ăn bánh khọt của e , vừa nhai và vừa đứng chửi , tính tiền chửi bỏ đi , nếu e xem dc 5cái bài này của c sớm thì e sẽ check cam lại a đầu bếp nhà xin lỗi c bao nhiêu lần và thái độ của c như thế nào ? Có tài thì là 1 điều tốt nhưg vẫn phải để đức lại cho đời sau c ạ 🙏 mô***🙏Xem thêm",32
381,Nguyen Xuan Quynh,7/9/2022 16:07,1.6,Đánh giá cao của quán ăn này chỉ là do tự tạo giả tạo.Xem thêm,32
382,Nguyen Xuan Quynh,7/9/2022 16:02,1.6,Bán hàng không có tâmXem thêm,32
383,Nguyen Xuan Quynh,7/9/2022 16:00,1.8,Ko bao giờ quay lạiXem thêm,32
384,Xuan Quynh Nguyen,7/9/2022 15:53,2.0,"Bad services, terrible attitude towards guests with family and kids.Xem thêm",32
385,Nguyen Xuan Quynh,5/9/2022 20:03,2.0,"Điều hành đơn đặt món kém, thái đội cực tệ với khách nhỏ tuổiXem thêm",32
386,Nguyen Xuan Quynh,13/6/2022 10:42,3.2,"Thái độ phục vụ rất kém. Coi thường khách hàng vì đông khách, bán hàng như bố thí.
Bánh rất thường, nhiều hàng ngon hơn nhiều trong thành phố.Xem thêm",32
387,An Nhiên,25/12/2021 15:11,10,BKDHXem thêm,32
388,An Nhiên,21/12/2021 9:51,8.6,Logo của BKDHXem thêm,32
389,An Nhiên,23/11/2021 14:49,9.2,Cá viên chiên - cá viên chiên nước mắm - sinh  tố - nước ép - dừa - cà phê - rau má - nước ngọtXem thêm,32
390,N Nguyễn,24/1/2023 11:54,1.0,"Quán đổi chủ, quán cũ dời sang 72 xô viết nghệ tĩnh, với giá 50k 1 dĩa quá đắt, thịt thì mặn chát, còn có mùi chua, ăn đc 1 miếng phải vứt thùng rác là biết, nước thì còn có cọng tóc , 1 đứa bị OCD không thể chấp nhận được, mọi người đi ăn nhớ coi review trước nha, tưởng vẫn còn ngon như hồi trước nên mới ghé, ai dè thất vọng 🫤😵😵‍💫🤐🥴🫥Xem thêm",33
391,foodee_f1bb670a,6/8/2022 20:20,3.6,5.8.2022 quán này lúc xưa rất ngon. Giờ đổi chủ làm mất uy tín quán của chủ trước quá. Món k ngon. Thái độ phục vụ như mình đi xin. Phải tự mình bưng bê tất cả. Đúng tró thật. Giá tính thì đắt. K liệt kê từng món. K bao giờ quay lại 1*Xem thêm,33
392,Snow Vu,19/7/2022 13:04,1.0,"Gia đình tôi đi ăn cơm trưa ở đây hôm nay 19.7.2022. Vừa bước vào quán đã muốn quay trở ra vì chủ quán rất hách dịch, hỏi món ăn không thèm trả lời. Khách phải tự đoán món ăn, tự bưng dĩa cơm về bàn, tự lấy nước chấm. Món ăn thì dở , nguội ngắt. Cơm mực xào cari 60.000. Cơm heo quay 60.000. Cơm đùi gà 50.000. Cơm cá bông lau 40.000. Tô canh 1 trái khổ qua cắt đôi 40.000. Cơm tấm vửa khô, vừa hôi. Trước khi ăn, tôi đã thấy cô tính tiền chửi khách. Đến khi tôi kêu tính tiền cũng quát tháo, nói tôi tự cộng hóa đơn đi. Tôi sẽ không bao giờ quay lại một nơi bán giá mắc, đồ ăn dở, phục vụ thô lỗ của quán cơm tấm Hoa Hướng Dương này. Tôi đánh giá quán này zero sao.Xem thêm",33
393,Mai Quỳnh,19/3/2022 20:24,1.8,"Cơm thì quá khô, gần như cơm sống, thịt nướng nhìn không hấp dẫn nên nhường ông chồng ăn hết. Quán chạy quảng cáo nên search thấy. Dĩa cơm thêm trị giá 10k, chủ tính tiền mà mình hỏi lại tưởng nhầm. Tổng thiệt hại 2 dĩa cơm + 1 cơm thêm là 175k.Xem thêm",33
394,Đông Uyên,27/2/2022 6:52,1.0,"Trước giờ đi ăn chưa bao giờ review nhưng trải nghiệm lần này quá tệ. Mẹ mình tới đây gọi cá vì nghĩ là cá hường, tới lúc đem ra thì lại là một con cá đù bị ươn và rất hôi, mẹ mình rất thích ăn cá nhưng ăn một miếng là bỏ ngang và còn phải bỏ ra xa vì hôi quá không chịu được. Phản ánh với chủ quán thì bị bốp chát lại ""do chị không biết ăn chứ cái này quán nhà em bán k kịp"", trong khi nguyên cái quán có mình gia đình mình, ế xưng ế xỉa có ai ăn đâu )))) đem món ra nhầm, mẹ mình bảo đổi món thì kêu dính cơm rồi k đổi được nữa, xong tính tiền 4 người 500k mà tính miệng k biết giá cả sao :) chúc chủ quán sớm dẹp tiệmXem thêm",33
395,Hy Vân,9/2/2022 19:42,1.0,"Tôi hy vọng chủ quán DÁM vác mặt vào đây để đọc cmt và đánh giá của khách hàng 1 lần, để cho cái lương tâm bị***tha của mấy người trỗi dậy 1 xíu tui cũng mừng! Làm ăn cái kiểu chặt trên đầu trên cổ người khác thế này, kiếm nhiều tiền trc để chuẩn bị dẹp tiệm phải ko?
3 dĩa cơm dc vài miếng thịt mỏng bằng 1/1000 cái mặt dày của chủ quán, tổng : 300k chặt rơi đầu khách hàng
Tôi không những không bao giờ quay lại cái quán này, mà bất kể gặp ai muốn đến Vũng Tàu, và mỗi khi nhắc đến VT tôi đều nhắc nhở họ né quán cơm này trước tiên!!! Mặt chủ quán, người gắp đồ ăn lẫn người tính bill tôi nhớ như in, cho dù có dời đi dâu thì hễ thấy mặt là tôi đi về!!!
Quân ác ôn, chắc tiền dễ kiếm mà chặt chém kiểu đó, chỉ sớm lụi tàn thôi...Xem thêm",33
396,lam tuan anh,8/2/2022 20:13,1.0,Xin lõi cho tui chửi thề chút xíu. Đụ má quán như*** nếu ở địa bàn tao là chết mẹ với tao chứ đừng bán buôn cái kiểu đó. Mọi người nên tránh xa cái quán nàyXem thêm,33
397,foodee_xk83sbgq,4/2/2022 19:34,1.2,"Quá tệ nhé 1 dĩa cơm ghi trên bảng giá 1 đường tính tiền ra 1 nẻo bàn 4 người tính ra 400k hơn chi ra là 100k cho 1 dĩa cơm kh ra gì
cơm gạo dở giá thì cắt cổ,miếng sườn ướp lạc nhách nhìn màu phát ngán,gọi món thì lộn xộn,tính tiền lung tung ngta ăn hết rồi mà nhìn vô biết ăn gì tính như thật trong khi ban đầu kh ghi nổi 1 cái bill ra hồn,lúc gọi đồ ăn ra nhân viên còn kh phục vụ làm khách phải đến tận quầy bưng về bàn,miếng sườn đưa ra còn đỏ chưa chín,1 dĩa cơm thêm mà 30k, có khách du lịch kh biết ngon hay dở thấy đông nên mới ghé vào chứ chả ai quay lại quán này lần hai,thà ngon mà mắc còn đằng này dở mà còn chặt chémXem thêm",33
398,Nguyễn Tùng Sơn,10/1/2022 13:59,1.0,"Rất là dở tôi đả ung hộ quán 3 năm 2 năm dịch bay giờ tôi mới quay lại đây và lần này ôi thôi 
-Phục vụ 0/10 chủ quán nhân viên rất khó chịu chửi nhau trong quán . lúc tính tiền nhầm giá 60 lên 80k
-Đồ ăn 2/10 cơm khô nguội . sườn mỏng nguội ướp sơ sài như thịt cũ . chả cắt được 1 miếng 2 - 3cm bên trong lát đát nhân nhìn chả ra gì . Bì dai dích cục . nước mắm nhìn chả ra làm sao và vị cũng tệ lợn cợn 
-Vệ sinh . 2/10 Dơ từ quán tới nhân viên bàn ghế 
-Quán đã đổi chủ không còn là chủ cũ mọi nguồi đừng ghé 
Sườn bì cả 1 dĩa chả ra làm sao nguộ ngắt dở tệ 60k 1 dĩa rau rồng xào 20k nguột ngắt 

- Không bao giờ quay lại chủ cũ xây dựng tốt bao nhiêu chủ mới phá hết cái tên thuông hiệu cơm tấm hướng  dươngXem thêm",33
399,foodee_39fc98c7,17/5/2021 12:52,5.2,Cách đây vài năm ăn rất ngon... bây giờ ghé lại ăn không ngon. Giá cao nhưng ăn cảm thấy chất lượng..  không bao giờ ghéXem thêm,33
400,foodee_yknsvhjv,23/10/2022 10:04,3.4,"Sáng nay tôi đặt 20 phần bông lan trứng muối chà bông phô mai về làm quà, khi nhận được hàng tôi thật sự thất vọng. Mọi người nhìn hình thực tế bên dưới để tự đánh giá nhéXem thêm",34
401,vy điệu,21/2/2022 20:26,1.8,"Tính tiền bill 150k. 5 hộp trong đó có 1 hộp trứng muối phô mai + 1 hộp trứng muối phô mai chà bông. 
Mà khi giao hàng chỉ đc 1 hộp trứng muối chà bông duy nhất (mặc dù mình ko hề order loại này). Còn lại là 4 hộp trứng muối. Tiệm bánh lớn nổi tiếng mà làm ăn coi ko đcXem thêm",34
402,Phuong Ngoc,9/2/2022 19:05,1.6,"Mình đặt bông lan trứng muối chà bông, đứng đợi gần 1h có 3 hộp mà cug giao sai nữa, bánh ko có chà bông, loại bánh cug chênh nhau số tiền mà, nhìu hộp nzay thì như thế nào, số điện thoại thì ko có số nào liên lạc được, thái độ v cách phục vụ đúng coi thường khách lun 😏, ngta cug bỏ tiền mua mà chứ có phải ăn chùa đâu bánh ăn cug tạm được, khách thì đông, nhân viên chậm chạp, rề rà, đc a giao bánh lẹ tay tý, mà giao cug sai bánh lun. 😒 Trời lần đầu cug như lần cuối nha, bit vậy mua tiệm gần đó chắc sẽ chu đáo, ân cần hơn. Nếu các Bạn ko tin cứ thử xem. Cạch mặt từ đây nha 😤 BỎ TIỀN RA MUA, ĐỢI LÂU VỀ MÀ CÒN MANG CÁI TỨC
QUÁN NỔI TIẾNG MÀ TẤT CẢ SỐ ĐIỆN THOẠI ĐỀU KO GỌI ĐƯỢCXem thêm",34
403,Yến Nguyễn,14/4/2021 19:50,1.0,"Từ thái độ phục vụ cho tới chất lượng bánh phải nói cực kỳ tệ. Tôi tẩy chay cửa hàng từ rất lâu rồi vì lần đó nhân viên hạch sách khách và bánh thì khô cứng ăn mắc nghẹn.
Lần này do bạn tôi nhờ mua giùm, tôi cũng đã cảnh báo là bánh dở tệ và nhân viên phách lối nhưng bạn tôi nói thử quay lại xem có khác gì không, nó nhờ tôi mua 6 hộp thập cẩm. Vào thì nhân viên ở đó bỏ 6 hộp bánh vào cái túi giấy, tôi có hỏi: Mình có gì cho cột miệng túi lại không, bỏ túi như vậy lái xe nó tưng rớt mất, sợi dây nilong hay miếng băng keo cũng được.
Nhân viên trợn ngược mắt trả lời làm tôi giật mình: KHÔNG CÓ! giọng gằn ra vẻ rất bực và thái độ, ra kiểu ""mày mua rồi thì biến"" vậy :) dù quán lúc đó ế nhệ ra chả có ai :)))
Ok thì trả tiền rồi đi ra chứ làm gì giờ với thái độ đó :) 
Từ nay bye nhé, có nhiều CH bán ngon hơn ở đây nhiều, điển hình là A Tỷ thì ở đây chỉ được cái xách dép về chất lượng cho họ. Dù quán nhỏ xíu nhưng thái độ cực vui vẻ và dễ thương. 
Trên đường về tôi phải ghé Ch tiện lợi xin cái túi khác không chắc về tới nhà chả còn gì :)))
Về ăn bánh cứng và khô như để mấy ngày  :))Xem thêm",34
404,hồng ngọc,24/1/2021 10:04,3.6,"Bánh rất ngon, nhưng nhân viên bán quá cọc cằn, nhất là khu vực bán bánh kẹp!!!!.Xem thêm",34
405,Lâm Tuyền,11/12/2020 11:46,6.0,"Hôm qua mua bánh về suy nghĩ mãi, nay lên mạng xem review thì hẳn chắc chẳng phải mỗi mình mình có cảm giác như vậy. Nhân viên bán hàng, mình là người mua hàng trả tiền đàng hoàng mà mấy cô nhân viên nhìn lườm mặt hậm hực ko khác gì mình đi xin. Kiểu này thì thật là khách mất dầnXem thêm",34
406,Mio Phan,28/8/2020 23:40,7.8,"Đợt tụi mình có ghé mua bánh ở đây ăn do được giới thiệu với cả là xuống VT nên ghé thử
Ở đây tầm giá từ 25-50k tuỳ loại. Mỗi hộp được đóng sẵn tầm 9 bánh nhỏ. Tụi mình mua bông lan trứng muối chà bông với bông lan trứng muối phô mai. Cái loại phô mai mình thích hơn, dạng béo thơm với trứng muối miếng cũng khá to xíu nên ăn xốp. Loại chà bông hơi khô với lại vụn chà bông rơi ra hơi nhiều nên mình không thích lắm 😢😢
Nhân viên thì tuỳ người có người hơi quạo có người vui vẻ chắc tại đông khách ☺️
Có dịp xuống VT mình lại ghé ^^Xem thêm",34
407,Dawn Nguyễn,30/7/2020 16:37,8.4,"Đi VT lần nào cũng mò xuống mua vài hộp ăn. Lần này quyết định mua về ăn và làm quà cho người thân vài hộp. Đi buổi tối tầm 8h thì quán đã đóng cửa hết cả nên đành đi về. Sáng hôm sau thì mình đặt now giao đến khách sạn. Đặt lúc 9h thì shipper gọi bảo quán đang xếp hàng đông lắm, phải chờ 50 người nữa mới đến lượt nên xin huỷ đơn. Mình đặt lại lần 2 hẹn 11h giao thì hên được 1 anh shipper nhanh nhẹn, giao cho mình trước cả 30 phút. Mình đặt 11 hộp. Bánh bảo quản được 5 ngày. Mang về tới tphcm, để qua 2 ngày ăn vẫn còn thơm và mềm. Ăn hết cả rồi nhưng vẫn còn thèm quá.Xem thêm",34
408,Dawn Nguyễn,30/7/2020 16:28,8.0,"Lần nào xuống VT cũng mò ra đây mua về vài hộp tối ngồi ăn. Quán có 2 khu, 1 khu là chỗ nướng bánh, và 1 khu bán. Vì mua buổi tối nên chỉ còn loại trứng muối chà bông. Bánh thơm mềm, nhưng chà bông thì cho thành 1 nhúm chứ không được rải đều hay cho vào bịch bóng kính như trước nên nhìn xấu cả hộp bánh. Bánh kẹp thì chắc để lâu rồi nên hơi dai. Vẫn là thích bánh bông lan hơn. 1 hộp 9 cái. 1 mình ăn hết 1 hộp nhưng vẫn thèm.Xem thêm",34
409,foodee_1a1f8515,24/7/2020 15:01,3.4,"Bánh ko phải dạng quá xuất sắc. Đặc biệt kh đứng đợi rất rất lâu. Bữ xúc nhất là nvien xếp bánh thì tèn tèn. Vừa xếp bânh vừa nói chuyện kiểu kh đợi kệ kh. Ko quan tâm là đã đợi lâu hay mau. 

Ko có qly hay điều phối nào đứng để nhắc nhở hay sao hết. Chắc kh đông nên nvien làm mệt nc gắt gỏng.

Cảm giác rất tệ nếu người nhà ko gởi mua chắc chắc ko bao giờ đứng đợi như hôm nay.Xem thêm",34
410,jack ma,29/7/2024 14:03,4.6,Very greatXem thêm,35
411,Hi Tien,5/12/2023 12:02,10,Rất ngonXem thêm,35
412,Phạm Khánh Trang,2/12/2023 12:16,10,Ăn lạ miệng nhưng vẫn rất ngon ạXem thêm,35
413,Phạm Khánh Trang,1/12/2023 15:08,10,Lạ miệng ngonXem thêm,35
414,foodee_f2358ab5,1/12/2023 14:33,10,Ngon tuyệtXem thêm,35
415,Nông Hương,1/12/2023 14:01,5.0,Ngon tuyệtXem thêm,35
416,Nông Hương,1/12/2023 13:54,5.0,Ngon tuyệt vờiXem thêm,35
417,Xôi Hà Nội,1/12/2023 13:00,5.0,NgonXem thêm,35
418,hoa,1/12/2023 12:31,8.0,Ngon tuyệt 10 điểmXem thêm,35
419,DI THỊ THẮM,1/12/2023 12:19,5.0,món ngonXem thêm,35
420,Trọng Lương,6/11/2023 18:46,6.0,"quán design đẹp, đồ ăn tươi ngon sạch sẽXem thêm",36
421,foodee_u6f93tys,6/11/2023 18:37,5.0,"quán design đẹp, đồ ăn tươi ngon sạch sẽXem thêm",36
422,foodee_75mpkkh5,6/11/2023 18:01,10,"Quán desigh đẹp, đồ ăn tươi ngon sạch sẽXem thêm",36
423,Thanh Tâm,6/11/2023 17:42,10,Quan dep do ăn tưoi ngonXem thêm,36
424,thanh tuyền,6/11/2023 17:06,5.0,"Quán design đẹp, đồ ăn tươi ngonXem thêm",36
425,Hồng Nguyễn,6/11/2023 16:58,5.0,"Quán design đẹp,đồ ăn tươi ngon sạch sẽXem thêm",36
426,Nguyễn Hà,6/11/2023 16:47,10,Quán desigs đẹp đồ ăn tươi ngon sạch seXem thêm,36
427,Vũ Hồng,6/11/2023 16:41,5.0,Quán design đẹp .đồ ăn tươi ngon và sạch sẽXem thêm,36
428,Dinh Vu Khanh Dung,6/11/2023 16:38,5.0,"Thiết kế desige đẹp, đồ ăn tươi ngonXem thêm",36
429,Lê Thị Bích Ngọc,6/11/2023 16:38,7.6,"Quán degisn đẹp,đồ ăn ngon sạch sẽXem thêm",36
430,Khôi Nguyễn,20/5/2023 15:21,5.0,Đề nghị đổi số cho chính xác để khỏi làm phiền người khácXem thêm,37
431,Trâm Dương Nguyễn,7/7/2020 15:12,2.0,"Thấy review nổi tiếng, ghé ăn thử, nên kêu 1 phần thập cẩm...bạn nhân viên liếc xéo ,khinh ra mặt..
...bánh thì bình thường, Mẹ ơi nước mắm nó mặn như muối lòi..khiến cho bánh ăn dỡ tệ..ko vị gì khác là mặn và dầu mỡ....dỡ hơn mấy quán nhỏ nhỏ..
Đem***nước trà nguội - không có nổi cái ly
Món dầu mỡ mà ko có khăn giấy - đem 2 khăn ướt tính 3k /1 cái
...hên là trước đó đã ăn bún cá lề đường 25k/ tô bự - vị rất ngon..chứ ko đói mà gặp kiểu này là quạo chết lun..Xem thêm",37
432,nt.kioo,26/10/2019 19:32,1.0,"mìh gọi 3 dĩa tôm, hàu , thịt.  
hàu ngon, tươi. còn tôm bị ươn.  nhìn có vẻ ngon lắm. ăn zô ươn ói ngay tại chỗ luôn. nói cô (tóc bạc) cổ chỉ kêu chắc ươn 1 con đúng ko. xong mình giải thích (mình ăn 3 con đều ươn) cổ quay phắt đi luôn, ko thèm nghe mình nói luôn hâhhahahaa
  sẽ ko quay lạiXem thêm",37
433,Huyen phan,30/9/2019 20:17,1.6,"Mình đi du lịch ở Vũng Tàu, lọ mọ search Google các quán ăn ở Vũng Tàu nhất định phải ghé khi đến, thấy quán này trong danh sách nên mình cũng vào ăn thử. Đầu tiên là thấy giá chát, sau đó thì thấy thất vọng luôn, bánh nhiều dầu, rau thì rửa siêu siêu bẩn, và quán cũng bẩn nữa, nói chung là mình sẽ ko bao giờ quay lại đây khi đến VT chơi nữaXem thêm",37
434,Nguyen Nhan,30/9/2019 19:25,2.4,dở và dịch vụ tệ một dĩa 60k đợi dài cổ kêu rát cổ dầu mỡ ko ân xong nhiều dầu  nhức đầuXem thêm,37
435,Luy Đậu,9/9/2019 17:30,3.4,"1 phần 60k được 8 cái bé tẹo. Không có gì đặc biệt cả, giống tôm mực chiên bột hơn. Cháo thì giống như cháo trắng sẵn rồi trộn thêm tôm mực vô. Đi 1 lần để rút kinh nghiệm.Xem thêm",37
436,Kimngan12.3,12/8/2019 14:54,5.0,Quen ăn bánh khọt cô Hoàng nên ăn này thấy dở.... Tạm 60k dĩa mắcXem thêm,37
437,Mnbichtram,11/8/2019 11:01,1.8,"Thấy nhiều review tốt nhưng khi đến thì thất vọng thật sự: bước vô thấy quán dơ, rau đầy dưới sàn, ruồi thì bay tùm lum, món ra nhìn sơ xài, thịt còn sống, mình gọi người ra nhờ áp lại cho chín thì mang ra thịt đã cháy, bột thì mỏng nhưng lại ko chín, hẳn là còn sống luôn, rau rửa ko sạch, đu đủ thì đầy kiến. Chưa bao giờ mình ăn bánh khọt mà tệ đến như vậy...Xem thêm",37
438,harudesu,8/7/2019 16:29,6.0,"Mình ghé mua mang về , lúc này đông khách nên đợi hơi lâu . bà chủ kêu mình lấy tôm mực cho ngon thì mình ok . 
Nhìn mọi người làm cái bánh khọt thì biết ngay tại sao có giá 60k  rồi . Tôm với mực to lắm , cả ngon .
Chủ quán có tay nghề lâu năm .
Cho mình rất nhiều rau ~~Xem thêm",37
439,Đôrêmông Nguyễn,22/6/2019 16:08,6.0,"Do qua Cây Tre nhưng đóng cửa nên mình chạy ra đây cho gần. Ăn lần đầu. 60k 1 phần bánh khọt tôm, hơi mắc so với những nơi khác nhưng con tôm chất lượng, nhiều rau. Có 1 cô phục vụ thấy tụi mình đi 2 người gọi 1 phần bánh tôm, 1 cháo mực có vẻ ko vui vẻ lắm, gọi 2 lần đều lơ. Một cô lớn tuổi hơn sau order tụi mình nhờ gọi thì cô kia mới bưng ra 2 ly trà đá. Mãi đến lúc sau thấy bánh ngon thì mới niềm nở. Ko ưng cách pv của quán lắm :)Xem thêm",37
440,Trinh  Đào,4/4/2021 8:49,10,"Mình ko thích măng, bạn mình lại ko ăn dc cá, nên vào quán lẩu cá đuối kêu lẩu thái :v

Lẩu thái cũng ngon luôn, 2 ng ăn 1 nồi, kêu thêm 1 lần rau và 1 lần, định kêu thêm thịt bò mà nhiều thịt qá ăn vừa đủ luôn ko cần gọi thêm.

Mình kêu thêm 2 hàu phô mai, nhưng mà hình như quán pha với trứng với phô mai, nên ko ngon như ở SG toàn phô mai chảy.

Sẽ quay lại nếu thèm lẩu thái, vị chua và ngọt rất vừa khẩu vị mình. Mấy bé nhân viên cũng dễ thương nữa.Xem thêm",38
441,Thiên Nguyễn Minh,13/3/2021 20:10,1.0,Đến quán. Bảo vệ không nhận khách. Xua tay đuổi như đuổi tà....Xem thêm,38
442,Nguyễn Chung,13/11/2020 22:02,5.4,"Hôm rồi 2 vợ chồng ghé lại quán, ở những lần trước mình chấm 8/10. Không gian rộng rãi, món ăn tạm ổn. Nhưng lần này điểm trừ rất lớn khi mình gọi 1 lẩu cá đuối nhỏ, miếng cá còn nguyên da, bên ngoài còn có sạn sạn như hạt cát bám vô da cá ( rất nhiều) , rất ít thịt mà toàn xương không, chán chả muốn chụp lại hình. Hồi đầu bọn mình chọn quán vì không gian thoải mái, giờ thì thôi chắc không bao giờ ghé lại nữa. Càng ngày càng tệ.Xem thêm",38
443,Tran Tran,9/9/2020 11:47,8.4,"tới buổi trưa thì hơi vắng. quán rộng rãi, sạch, thoáng. 2 chị nvien dth lắm, nhiệt tình chu đáo nữaaa. nước lẫu ngon, vừa miệng. ưng lắmmmXem thêm",38
444,My Nhu Tran,10/7/2020 19:44,9.6,"2 người ăn 2 món no bể bụng luôn mọi người ạ.
Nhân viên lịch sự, thân thiện. Món ngon. Quán sạch sẽ, thoáng mát.Xem thêm",38
445,Nam Huong,29/6/2020 23:16,7.4,"Lẩu cá đuối nêm ngon, vị ngọt thanh, k quá chua và gắt. Cá đuối tươi, nhân viên phục vụ tốt. Tuy nhiên, hôm nay mình gọi lẩu lớn 220k mà cá đuối khá ít 2 đứa ăn vừa đủ. Nói chung các bạn có thể trải nghiệm thử nhé!Xem thêm",38
446,Đoan Trang,16/5/2020 12:04,9.2,"Quán ngon, sạch sẽ, giá cả hợp lý, đặc biệt phục vụ cực chu đáo và dễ thương luôn. Không gian thoáng mát. So vs những quán lẩu cá đuối nổi tiếng lâu đời khác thì mình thích quán này nhất. Lần sau tới sẽ lại ghé quán.Xem thêm",38
447,Aelita Truong,17/3/2020 9:06,8.6,"Quán mát mẻ, lẩu ngon, rất sạch sẽ so với các quán khác, nhân viên tuy hơi nhỏ tuổi nhưng rất lịch sự, lần sau đến Vũng Tàu sẽ ghé tiếp.Xem thêm",38
448,Dũng Đặng Đình,30/1/2020 19:37,9.0,"Thái độ phục vụ tốt, vệ sinh ok, giá bình dânXem thêm",38
449,Đô Mi,27/12/2019 17:44,7.4,Mình đến buổi trưa chỉ có vài bàn. Phục vụ rất nhiệt tình. Thấy bếp làm sạch sẽ. Gọi mực chiên nước mắm và lẩu cá đuối. Mực làm ngon vừa miệng. Lẩu thì quá chua mình và bạn mình ăn không nổi. Bạn nào thích chua thì chắc hợp hơn. Cá đuối cũng ok.Xem thêm,38
450,Nguyễn Chiến,2/9/2023 14:10,2.8,"Nhân viên phục vụ quá tệ, vệ sinh tệ, đồ ăn tệ.Xem thêm",39
451,Ls JN,17/4/2023 0:16,1.0,"THÁI ĐỘ NHÂN VIÊN QUÁ TỆ, KHÔNG CÓ LẦN 2!!! 

Khách tới thấy bàn bị ướt, bị bẩn cũng muốn lịch sự với nhân viên nhờ lau lại bàn giúp, ai ngờ giơ tay lên gọi 3 lần ""Anh ơi! "" ""Chị ơi! "" ""Anh ơi! "" mặc dù đã nhìn thấy rồi, ĐÃ CHẠM MẮT NHAU RỒI!, 2 anh chị trai xinh gái đẹp vẫn như có mắt nhưng không có tai mà tiếp tục nói chuyện, vẫn phớt lờ 3 lần mới đến chỗ khách để xem có việc gì, lúc đến còn nhại lại câu của em, đùa với nhau :"" Chị ơi ~ "" ?? :D ủa mình khách mà tưởng đâu đi xin hỏi mượn tiền không á?? Lúc đến lau bàn, lấy chai xịt( giống nước xịt kính) xịt mạnh lên bàn làm văng nước vào đùi mình như dằn mặt vậy?? Chưa từng thấy nhân viên phục vụ nào thái độ cha mẹ thiên hạ như vậy luôn thật sự. 
Một khi đã bị đối xử như vậy mình không còn khẩu vị ăn uống nữa nên ngon dở gì mình cũng không muốn nhắc đến nữa. Khuyên mn: ĐỪNG BAO GIỜ ĐẾN ĐÂY ĂN.Xem thêm",39
452,Phương Tùng Châu,11/2/2022 1:59,5.0,😂 đọc bình luận là hết muốn đi. Vậy mà mấy trang mạng bảo nên ghé. Cảm ơn các bạn đã chia sẻ 👍Xem thêm,39
453,Nhungpham0211,22/12/2021 21:05,5.4,"Lẩu quá chua và mặn. Ko ăn nổi nước lẩu. 
Mình đậu xe ô tô ở bên cây xăng kế quán ăn. Mà bảo vệ ra xin tiền cà phê. Thấy không thoải mái lắm.Xem thêm",39
454,Gia Bảo,6/3/2021 13:29,1.0,Nhân viên phục vụ rất tệXem thêm,39
455,Tân Lê,28/2/2021 12:45,3.4,"Ngày thường, nhóm chúng mình gọi đặt món, phục vụ rất lâu, yêu cầu thì phục vụ thái độ cáu gắt, bất lịch sự. Thề đây là lần cuối mình ăn ở đây và sẽ không bao giờ giới thiệu về quán này cho bạn bè.Xem thêm",39
456,Nguyễn Ngọc,2/1/2021 10:32,4.2,Quán này vô lần đầu cũng là lần cuối nhân viên mặt ngư đâm lao. Xin hai cái chén mày xin 2 lần k đưa ra. Tôi phải tự bào lấy. Kêu nước thì ngồi dài cả cổ. Nói chung là rất k hài lobgfXem thêm,39
457,Chang Moè,1/1/2021 13:07,1.0,"Vào quán ngồi 20’ không ai thèm đoái hoài đến, dù nhân viên đi qua lại nườm nượp. Gọi nhân viên 5-6 lần chỉ liếc qua rồi đi luôn, thái độ thật sự. Mình đứng lên đi kiếm quán lẩu cá đuối khác ăn luôn. KHÔNG BAO GIỜ QUAY LẠI!!!Xem thêm",39
458,Đinh Bình Phương Tân,1/1/2021 13:04,1.0,"Mình là khách du lịch lần đầu đi Vũng Tàu và ăn tại quán, quán rất đông và nhân viên thái độ rất khó chịu, bàn mình chưa được dọn và khi kêu nhân viên dọn bàn thì mình gọi 5 6 lần nhân viên đều thấy và lơ. Tất nhiên là mình bước ra liền kiếm quán khác và KHÔNG BAO GIỜ quay lại nữa !!!Xem thêm",39
459,Phuong Nguyen Nguyen,27/12/2020 14:57,2.2,"Muỗng đũa giá múc lẩu dơ, lẩu lớn vẫn ít cá và ko tươi.
Ăn hôm 26.12.2020 - 2 người, gọi lẩu lớn 220k được 4,5 cục. Trong đó 1 cục là phần đầu toàn xương, còn lại ko được tươi và tanh nồng, đậm mùi. 1 điều ấn tượng xấu là đũa và muỗng rất dơ, cả giá múc lẩu cũng dơ (phía sau cán múc dính quằn quện ko biết có phải rửa ko sạch lâu ngày đóng cặn ??!!) Nước uống thương hiệu nhái aqua. Ăn ở đây 2 lần rồi mà chất lượng chỉ có tệ đi. Không biết quán phục vụ khách nhóm đông như thế nào chứ ít người (2 người) đồ ăn tệ quá. Nhìn chung là muỗng đũa mn ăn để ý kỹ rất dơ, còn chất lượng đồ ăn thì ko rõ có phân biệt khách ít người thì lấy ít đồ ăn lại ko. Tệ. Ko ghé thêm lần nào nữa đâu quán nhé.Xem thêm",39
460,tân,21/4/2021 21:00,1.0,"Phải nói đây là quán lẩu tệ nhất từ trước tới giờ mình từng ăn. Tệ từ chất lượng món ăn đến cách phục vụ của nhân viên. Món ăn thì đắt mà chỉ được mấy miếng, muốn gọi được phục vụ đến còn khó khăn chứ đừng nói đến việc là muốn gọi món hay gì. Đồ ăn thì rất lâu mới có đã vậy quán k có được 1 cái quạt, ngồi ăn mà nóng mồ hôi chảy cứ như cực hình. Nói chung là quá tệ và k bao giờ quay lại.Xem thêm",39
461,Hạnh Dii,23/4/2020 19:51,1.0,"Thái độ phục vụ nhân viên vô cùng tệ. Đi ăn trả tiền làm như đi ăn xin vậy 🙂 Lẩu cá ít, ko tươi . Hải sản ko hề tươi. Ốc mỡ kêu 1 dĩa ăn ko đc 3 con 🙂 Kêu 5 món bỏ hết 3 món vì tanh + dơ ko ăn được. Đúng là bỏ tiền ra mua sự tử tế của quán chứ ăn uống gì tầm này 🤫🤫Xem thêm",39
462,Thúy Anh,13/10/2019 11:22,1.0,"Quán Út Mười mình thấy được nhiều người nhắc tới nên mình và ông xã đã đi thử. Ăn xong một lần là cạch tới già.

Nhân viên phục vụ không chuyên nghiệp, hời hợt, chỉ lo đứng đùa giỡn với nhau, nói chuyện ồn ào.  
Chắc vì lo nói chuyện dữ quá nên order lộn món cho mình.
Quán không vệ sinh nữa. Dơ 😑  

Mình sẽ không bao giờ quay lại! Quán nổi tiếng nhiều chi nhánh như thế thì quản lý nên quan tâm các ý kiến của khách hàng chút nha!Xem thêm",39
463,Đôn Đoàn,16/9/2019 20:23,5.0,Hồi xưa ăn ngon lắm. Mà giờ đông khách rồi nên ko đc ngon nữa. Cái lẩu ít cá bớt và độn nhiều măng vào.Xem thêm,39
464,Bình Ben,5/9/2019 21:08,2.2,"Lần thứ 2 ăn quán này và vẫn rất thất vọng!!!! Lần đầu bị nhân viên quán gài, mình kêu lẫu cá đuối nhỏ mà nhân viên mang ra lẫu lớn rồi tính tiền và ép nhóm mình trả. Lần này thic không còn nhưng tính bill vẫn dư món phải trả lại tiền. Nhân viên thì lơ là, không cần khách và rất thiếu tinh thần. Còn món ăn thì mình nói thật, ở thành phố biển mà đồ hải sản không hề tươi, cá đuối trong lẫu nhỏ chỉ le que vài miếng bị nấu nhừ, tanh và không dai. Còn tôm nướng thì tạm ổn nhưng món hàu thì phải nói là ôi thôi...không nên ghé ăn lần nữaXem thêm",39
465,thông,1/9/2019 17:39,5.0,"Lẩu lớn 230k  đưỡc 8 miếng cá bằng 2 ngón tay , kêu thêm cá 100k đưỡc 4 miếng y vậy , nước lẩu chua và ngọt đậm vị đường , mình người miền nam mà còn thấy khó ăn. Thử 1 lần cho biết . Vô chợ đêm ăn quán Kim anh ngon và rẽ nhiều.Xem thêm",39
466,baoquoc123,15/8/2019 10:37,5.4,"Mình có gọi 1 cái lẩu cá đuối, gỏi sụn gà, mì xào hải sản. Lẩu ngon không quá chua, gỏi sụn gà chắc chắn bạn nên ăn thử, mì xào bình thường. Có điều gọi món, tính tiền chờ rất lâu chứ ng này đẩy người kia. Khuyên bạn nên cắm ống hút vào chai uống lun đừng chế ra ly vì ly ngửi rất hôi, tanh. Đũa, chén cũng rất tanh. Chắc mốt ra ăn thì sẽ mua mang về homestay thì ổn hơn.Xem thêm",39
467,Anh Sanh,16/4/2019 9:39,1.2,"Mới ăn ở quán này vào trưa ngày 14/4 (10/3 âm lịch).
Quán thì nóng như hoả diệm sơn, k biết đầu tư mấy cái máy quạt cho khách
Nhân viên thì chậm như gì, gọi món đã chậm, tính tiền còn chậm hơn
Đồ ăn thì ôi thôi dở tệ. Cơm chiên hải sản mà k thấy hải sản đâu, dở thôi rồi.
Lẩu cá đuối có vài ba lát cá nhỏ xíu, còn lại là măng không hà. Ăn thì chỉ thấy vị chua chẳng có vị gì cả.
Lẩu 220k chứ ít ỏi gì.
Nói chung sẽ k quay lại nữa. 
Foody viết khen cho nhiều vào mà khách du lịch tới toàn thất vọng. Riết rồi hết tin foody 
P.s thử xem bài này được đăng không để xem cái sự minh bạch trong kinh doanhXem thêm",39
468,Thư Phạm,13/4/2019 14:01,6.4,"Lẩu cá ở đây thì nổi tiếng quá rồi, nhưng mình có lời khuyên cho các bạn có tiền sử đau dạ dày. Không nên ăn nhiều, vì cá đuối vốn dĩ nó có mùi khai nên để sơ chế quán phải xài tới giấm và các gia vị tẩy mùi mạnh, điều này không tốt cho các bạn có dạ dày yếu.  Bạn mình hôm đó xuống chơi, mình dẫn đi ăn, chỉ ăn đúng 1 miếng cá, không húp nước nhưng chiều về vẫn bị hành, suýt phải đưa đi bệnh viện vì đau dữ quá. Nhà mình thì có tiền sử bệnh dạ dày nên ăn vào cũng bị ảnh hưởng. Các loại cá khác thì cũng tương tự, loại bỏ mùi tanh thì phải dùng tới giấm, các bạn nên cẩn trọng khi ăn nha. Nếu bỏ qua vấn đề đó thì vị của quán khá ổn, giá cả cũng hợp lý, không gian được mở rộng nên rát thỏai mái.Xem thêm",39
469,Duy Trần,28/2/2019 0:30,1.0,"Hi lần đầu mình phải lên đây để review complain 1 quán ăn vì trước giờ mình ăn uống cực dễ. Trước giờ mình hay ăn ở 37 hoặc 40 TCĐ nhưng k hiểu sao bữa mình đi T2 lại k bán nên mình lựa quán lớn nhất lúc đó- Số 10 TCĐ.
Đầu tiên vào quán là thái độ nv cực kì hãm, mình xem menu lựa món mà nv đứng kế bên mặt kiểu như mình k có tiền vô quán ăn vậy. Tới lúc gọi món bạch tuộc nướng+ tôm nướng, lẩu cá đuối.. Nv trả lời: -Giờ này k ai nướng, gọi món xào đi.
Ủa cái wtf nếu ăn món xào thì ra quán làm gì, nv mấy chục người k có người nướng thì dẹp luôn cái tiệm đi ạ
Mình là 1 người ăn chua nhưng thật sự là cái lẩu như nồi giấm vậy, thật sự nó vừa cay vừa chua khiến người ăn nổi điên là có thật. Các bạn nhìn miếng măng đi, đó là cắt cho người ăn à ??? Vd ngư 1-2 lát măng như v thì nói là cắt  sót, nhưng cả nồi như v thì sao. Đánglẽ sẽ ăn thật nhìu món khác nhưng thật sự ăn cục tức no rồi ăn xong cái lẩu bỏ đi ra
Mong mn né quán này ra !!!!Xem thêm",39
470,Vinh Huynh,14/7/2022 17:26,1.0,"Hôm nay 14.7.22
Mình đến ăn quán không đông. Chỉ có 1 2 bàn có khách , còn lại trống.
Sàn nhà thì rác , rất dơ.
Nghe nói ngon nên mình chờ gọi order mấy lần mà không bạn nhân viên nào ra . 
Toàn lo tụ tập nói chuyệnXem thêm",39
471,Nhã Khanh,21/11/2020 11:40,8.0,"Mình đi 6 người ăn hết 670k no căng bụng
Quán đông lắm nha, tuy vậy nhưng làm đồ ăn rất lẹ, không phải đợi lâu. Chừng 5 phút là có ăn rồi.
Nghêu hấp xả ngọt, thơm, ngon
Ốc móng tay sốt me: sốt me ngon, nêm nếm vừa ăn nhưng ốc nhiều cát quá, ăn lạo xạo trong miệng.
Bạch tuộc nướng: không bị dai, nước chấm ok
Lẩu cá bóp măng chua: chua chua ngọt ngọt, nêm nếm ngon. Thụt cá chắc. Nồi lẩu 4 người 6 người ăn đã đời luôn, chỉ cần kêu thêm bún.
Nói chung ra Vũng Tàu muốn ăn hải sản nên ghé chỗ này nhaXem thêm",39
472,Rosie Rosie,14/4/2019 21:49,8.0,"Có rất nhiều quán bán lẩu cá đuối tại Vũng Tàu, lần trước mình đã ăn lẩu cá đuối 44 Trương Công Định rồi, nay mình thử quán Út Mười này - là thương hiệu lẩu cá đuối đầu tiên của Vũng Tàu.
Có 3 chi nhánh nhưng mình lựa cn này vì mới mở mà cũng thoáng hơn 2 cn kia. Cuối tuần rất đông nên tầm 10h là mình đã vô quán ngồi rồi. 

- Về chất lượng: 3 đứa mình gọi phần nhỏ 160k (giá đã bao gồm 1 phần rau bún). Mở nắp ra thì khá hấp dẫn luôn, cá đuối được phủ đầy bên trên tầm cỡ 5-6 lát cá. Nước lèo ở đây khá chua nha, nên bạn nào thèm/thích ăn chua thì sẽ rất ưng cái vị ở đây, bạn mình khen siêu ngon. Còn không ăn được chua nhiều thì khuyên các bạn ăn bên 44 Trương Công Định đỡ chua hơn. 
Ngoài ra ở đây có mực sữa chiên nước mắm ngon đỉnh thiệt, đỉnh ở phần nước sốt me chấm cùng chuẩn ko cần chỉnh. Không có quán nào làm ngon lại luôn á. 

- Nhân viên: thiệt là đi ăn ở Vũng Tàu thì chắc mấy bạn đừng thắc mắc sao nv tệ hay này kia. Mình rút ra 1 điều là hình như phong cách phục vụ ở đây là vậy đó :)) cứ bơ bơ kiểu gì ấy. Tp du lịch nên quán nào cũng tương tự nhau. Nhân viên quán đông lắm luôn, cỡ 10 mấy người, mà chắc do mình ăn sớm quá nv chưa ăn hay sao mà thấy cứ tụm 1 đống lại với nhau ko à ^^ 

- Không gian: quán rộng, cũng sạch sẽ, bàn nhựa đặt san sát nhau. Đa số mình thấy sinh viên ăn là nhiều vì giá rẻ.Xem thêm",39
473,tuyenphan2204,23/3/2019 16:19,8.2,"Lẩu cá ngon đậm đà,nhưng điểm trừ là chua quá bạn nào k ăn đc chua nhiều thì xin quán thêm đường bỏ vào thì ngon hơn ,mình thì ăn chua hơi kém nên nc lẩu dành cho những bạn thik ăn chua thì ok,nhìn chung nước đậm đà hơn những nơi bán lẩu cá đuối khác,mình có kêu thêm món mực sữa chiên nước mắm,món này ở đây bao ngon lun nha,điểm cộng nhiều nhất là về phục vụ nhanh gọn lẹ,mặc dù quán đông nhưng phục vụ rất nhanh!Giá cho 2 người ăn:lẩu nhỏ+mực sữa chiên nước mắm+1lon 7up+1 nc suối292k(không quá mắc,ngon bổ rẻ)sẽ ghé lại khi có dịpXem thêm",39
474,Như Võ,9/2/2019 14:30,9.0,"Đi ngay mùng 4 tết, quán đông, nhân viên phục vụ nhanh nhẹn hoạt bát hơn hai chi nhánh còn lại.

Nước lẩu ngon hơn.

Có thể do dịp lễ tết nên cá đuối không tươi, ăn hơi khai, thịt cá không trắng bằng các dịp khác.

Nên vào chi nhánh Hoàng Hoa Thám hơn là hai chi nhánh tại Trương Công ĐịnhXem thêm",39
475,Dang Tran Hai,20/12/2023 11:06,9.2,Hủ khô rất ngon nha.Xem thêm,40
476,Tư Phạm,20/6/2020 10:31,7.8,"Quán này có không gian khá rộng rãi, bảng hiệu màu vàng nổi bật. Mình có dịp xuống vũng tàu chơi nên mấy anh ghé quán này. Bên này chuyên về hủ tiếu. Hình mình chụp review là hủ tiếu mực tô thập cẩm khô 70k & hủ tiếu mực nước 55k. Mình thấy hủ tiếu mực giá này cũng ổn nhưng thấy giá cũng hơi cao.
Mình ăn phần 70k, đồ ăn khá tươi, hủ tiếu trộn thấm, sợi dai không bị cứng
Phần nước lèo bưng ra còn nóng, nước ngọt tự nhiên
Nhân viên phục vụ nhanhXem thêm",40
477,Van Nguyen,26/4/2020 9:47,3.4,"Chủ không có tư duy quản lý nhà hàng, nhân viên ngơ ngơ thảnh thơi đi lại ngắm cỏ cây hoa lá. Bàn thì trống nhưng cứ đọc slogan ""đông quá anh chị thông cảm""Xem thêm",40
478,haaaa,7/3/2020 14:31,3.6,"Quán này thuê seeder quảng cáo quá đà. Thực tế là chế biến rất bình thường và nhạt nhoà. Hủ tíu khô bị dầu và nhạt, ăn kèm với tôm mực luộc và xá xíu trắng nhợt. Cái này mấy bạn cứ xem hình mấy bạn khác chụp cũng thấy. Quán nấu kiểu công nghiệp, mới mở và đẩy quảng cáo bán cho khách du lịch thôi. Đừng gọi là đặc sản hay ẩm thực Vũng Tàu. So với hủ tíu ở Sài Gòn thì k có cửa luôn.

Để bụng ăn bánh khọt, miến lươn, đồ bắc khu*** bánh canh Long Hương chớ đừng ăn món “đặc sản” tự xưng này nhéXem thêm",40
479,Nhat Ly,4/2/2020 6:41,9.0,Hu tiu tron rat vua mieng nha. Quan co chi nhanh Bún Riêu Tôm và Lẩu Mực Thuận Phúc nữa. Phải tranh thủ ghé qua ăn thử mới được!!!!Xem thêm,40
480,Ngoc Tran Nhu,4/2/2020 6:36,9.4,Hu Tieu Kho tron rat ngon. An rat vua mieng. Hai sang tuoi ngon. Quan co ban Com trua an cung rat ngon nhaXem thêm,40
481,hổ bạch,3/2/2020 16:07,9.0,"Lần thứ hai quay lại quán mình vẫn dùng món hủ tiếu khô hải sản mà mình thích.lần này ghé ngay dịp tết nên giá có cao hơn ngày thường. Nghe mấy bạn NV giải thích do giá nguyên liệu tăng cao, lương nhân viên cũng tăng. xem kỹ lại thì có ghi hẳn trên menu luôn. Tuy khách rất đông nhưng chất lượng vẫn không thay đổi tôm bự hơn ngày thường nữa. cảm ơn quán đã cho mình một bữa ăn tuyệt vời.Anh quản lý còn chỉ mình lần sau ghé qua chi nhanh 3 ngay bãi trước giáp biển không gian rộng rãi view biển đẹp mà giá như nhau thích quá chạy ra tìm liền
D/C 44***phường 1 tp VT***Xem thêm",40
482,Mỹ,2/2/2020 9:18,2.6,"Vị k có gì đặc biệt ăn bình thường mà giá ra hết hồn 65k/dĩa. Kêu thêm 2 rau má 2 khăn tổng 164k/2 người ăn sáng. Còn mắc hơn bánh khọt nữa . 
2 đứa vào ngồi đợi tận 20' mới lên món tại nvien sót bill :((Xem thêm",40
483,Vy White,13/12/2019 12:52,10,"Hủ tiếu dai, thơm, nước chanh dây gấc rất ngon. Nhân viên dễ thương, nhiệt tình. Must try các bạn nhé.Xem thêm",40
484,Hoang Loc Le,22/11/2019 21:49,9.0,"Hu tieu khô o đây trộn rất ngon nha - Hôm quay lại quán có bán thêm món cơm, mình ăn cơm gà gấc rất ngon. Bạn mình thì ăn món mới bánh canh sò điệp!!!Xem thêm",40
485,Trọng Lương,6/11/2023 18:49,6.0,chỗ chụp hình sống ảo và hình cưới siêu đẹp luôn nhaXem thêm,41
486,foodee_u6f93tys,6/11/2023 18:40,5.0,chỗ chụp hình sống ảo và hình cưới siêu đẹp luôn nhaXem thêm,41
487,foodee_75mpkkh5,6/11/2023 18:06,10,Chổ chụp hình sống ải và hình cưới siêu đẹp luôn nhaaa…Xem thêm,41
488,Thanh Tâm,6/11/2023 17:43,10,Chỗ chup hinh cưới siêu đẹpXem thêm,41
489,Nguyễn thủy,6/11/2023 17:37,5.0,Chỗ chụp hình sống ảo và hình cưới siêu đẹp luôn nhaaa ❤️Xem thêm,41
490,thanh tuyền,6/11/2023 17:06,5.0,Chỗ chụp hình cưới và sống ảo siêu đẹp nhaXem thêm,41
491,Hồng Nguyễn,6/11/2023 16:59,5.0,Chỗ chụp hình sống ảo và hình cưới siêu đẹp luôn nhaXem thêm,41
492,Nguyễn Hà,6/11/2023 16:53,10,Chỗ chụp hình cưới và sống ảo siêu đẹp luon nhaXem thêm,41
493,Vũ Hồng,6/11/2023 16:43,5.0,Chỗ chụp hình sống ảo và hình cưới siêu đẹp luônnn nhaXem thêm,41
494,Hai Ngoc,6/11/2023 16:41,8.8,Chổ chụp hình sống ảo và hình cưới siêu đẹp luoonn nhaXem thêm,41
495,foodee_6xgqnswf,15/10/2023 14:58,9.8,Một nơi yên bình và thư giảnXem thêm,42
496,DuyênAnh DuyênAnh,15/10/2023 11:20,5.0,Một nơi yên bình để thư giãnXem thêm,42
497,Foodee_cjd967h1,15/10/2023 11:14,10,Không gian và đồ uống rất đẹp và ngon akXem thêm,42
498,Tuấn Phạm Quang Anh,19/10/2019 19:21,8.6,"Nếu bạn đang tìm một nơi yên bình để thư giãn, đọc sách thì đây là một nơi vô cùng phù hợp. 

Ưu điểm lớn nhất của quán này là có không gian đọc rất tuyệt vời, nếu bạn cần yên tĩnh tuyệt đối có thể vào trong thư viện của quán để đọc sách. Nếu bạn thích không khí trong lành gió hiu hiu thổi có thể ra khu sân vườn của quán để đọc. Nếu bạn thích không gian cổ điển ấm cúng bạn có thể lên lầu để đọc.

Tiếp theo là sự đa dạng đến kinh ngạc của các loại đồ uống, bạn có thể tìm được mọi loại đồ uống khác nhau ở đây, từ trà sữa, sinh tố, sữa chua, nước chanh, nước ngọt,...

Cuối cùng là thái độ của nhân viên cũng rất nhiệt tình thoải mái.

Nói chung là xứng đáng 5*Xem thêm",42
499,Nancy  Nguyễn,19/2/2019 18:25,7.0,"Đi trưa nên khá yên tĩnh, chỉ tiếc có mỗi phòng thư viện là có máy lạnh, còn mấy khu vực khác khá nóng. Không gian oke, sách thật sự nhiều như cái thư viện mini. 

Phần nước bình thường, không đặc sắc cũng không quá kém. Uống cookie cream mà hết cream nên được ly cookie xay, hơi ngọt. Sâm dứa sữa cũng bình thường, dùng syrup hơi nồng.Xem thêm",42
500,Khánh My,3/6/2018 14:40,2.2,"Chị order menu không hề thân thiện, niềm nở. Không chào khách còn nói cộc lốc, thái độ khó chịu. Giao tiếp với khách thiếu sự tôn trọng. 
Với thái độ khó chịu như vậy mình nghĩ mình cũng trả tiền để mua nước chứ đòi uống free đâu mà nói chuyện hằng hộc.
Menu và giá tiền thì cũng như các quán cafe hiện nay. Không gian cũng không quá đặc sắc. 
Nếu bạn muốn đến đây làm việc thì không nên do không bố trí ổ điện cho từng chổ ngồi. 
Tầng mình ngồi chỉ có một cái quạt. Nền nhà không được quét dọn.
Không phục vụ nước lọc hay trà đá cho khách.
Ở Vũng Tàu còn rất nhiều quán cafe không gian đẹp, giá hợp lý, tiện lợi cho khách và đặc biệt là thái độ phục vụ tốt hơn Ngọc Tước Book cafe nhiều.
Lần đầu tiên cũng là lần cuối cùng.Xem thêm",42
501,khanh bui,6/4/2018 16:33,7.8,"Mình đi vào lúc giữa trưa nên cực kì yên tĩnh. Quán này phù hợp với những ai cần không gian học tập và đọc sách. Đồ uống cũng được. Mình hài lòng việc quán không bật nhạc, vì bật nhạc làm mình phân tậm khi đọc sáchXem thêm",42
502,meim2610,20/2/2018 11:45,3.8,"Mình tới Vũng Tàu và ghé thử quán này, không gian rộng rãi, mát mẻ, có nhiều loại sách với nhiều thể loại phù hợp với các bạn.Đồ uống bình thường không ấn tượng. Phục vụ thân thiện tuy nhiên nên để miếng lót ly để không dơ bàn và ướt sách.Giá cả hợp lí.Xem thêm",42
503,QL,20/11/2017 14:44,7.0,"🍒Quán này là cafe sách nên ai mê sách thì mời ghé he
Quán ko phải cái thư viện đâu nhưng cũng có nhiều sách khá nổi tiếng

🍒Mình đến chủ yêu uống cafe thôi chứ ko đọc sách
Nước uống cũng ok
Món greentea của mình đựng trong cái ly vuông đẹp ghê
Bạn mình uống món soda gì mà 3 tầng trông cũng đẹpXem thêm",42
504,Huong Nguyen,23/10/2017 8:42,8.2,"Quán rất đẹp, cực kỳ hợp cới những người thích tìm những chỗ xinh xắn, yên tĩnh để đọc sách. Điểm trừ là đồ uống không thực sự ngon, tôi gọi Latte mà quán pha loãng và rất ngọt nên không uống nổiXem thêm",42
505,Nhuandoan Doan,5/10/2023 8:34,8.8,"Chỗ này xa nhà mình nhưng lên cơn thèm là vẫn toàn chạy ra đây, cũng pizza hurt mà địa điểm khác sao mình ăn ko thấy ngon bằng ,ko hiểu vì saoXem thêm",43
506,Thiên Trần,28/2/2021 19:20,1.0,Mình vào đứng order nhân viên nhắc lại bàn ngồi. Lại ngồi chờ 20p nhân viên kh đưa menh cũng kh hỏi han khách. Tới lúc mình gọi thì đuaw 1 tờ menu lẻ. Mình chơd thêm 20p gọi nhân viên thêm 1 lần nv vẫn kh ra order. Mặc dù các bàn khác tới cùng đã order thậm chí đã ra món. Kh chấp nhận được thái đppnXem thêm,43
507,eatwtea 💋,6/1/2020 18:02,7.4,"Về Vũng Tàu chơi mà bất giác thèm pizza nên gọi order liền. Quán có chương trình mua 1 tặng 1 áp dụng với size vừa hoặc size lớn khi mua kèm 1 chai nước ngọt. Mình gọi 1 cái size vừa tặng thêm 1 cái, vị hải sản pesto ăn khá ngon. Mình ăn 2 người hết có 1c, mua combo như này cho 3-4ng là vừa. Tính ra giá khá okieXem thêm",43
508,QL,22/1/2019 3:17,7.6,"🍒Mình mua combo bánh vừa + nước ngọt được tặng 1 bánh vừa. 
Cả 2 mình đều gọi vị hải sản, có 1 cái là sốt pesto mình khá thích vị này
🍒Đợi nướng bánh khoảng 10-15p cũng khá lâu. Được cái bánh nóng giòn ăn ngay rất ngon. 
Nhưng sao cảm giác phô mai hơi ít hơn mọi lần 1 tẹo!?Xem thêm",43
509,Pooh Luv Food,21/12/2018 11:00,7.2,"Quán Pizza yêu thích của nhóc cháu nhà mình, Sinh nhật cũng tổ chức ở đây, nhóc đặc biệt thích pizza double cheese đế dày. Mình cũng thích pizza của chuỗi nhà hàng Pizza Hut. 
Không gian quán rộng rãi , lịch sự, decor cũng đẹp. Các bạn nhân viên nhã nhặn và thân thiện, có điều thời gian chờ + phục vụ hơi lâu, dù lúc nhà mình đi ăn là vào buổi trưa quán cũng đang vắng khách. Dù sao thì mình sẽ còn quay lại nhiều vì cháu của mình chỉ thích ăn pizza ở đây.Xem thêm",43
510,Ái Như,29/9/2018 13:32,7.6,Pizza ở đây rất ngon . chắc có lẽ vì lần đầu ăn một cái pizza chính hiệu thực thụ nên đã lắm . lớp phô mai phía trên làm cho cái bánh càng ăn ghiền . Do ăn đế vừa nên 3 cái đã no . Lần sau sẽ ghé lại ăn đế mỏng . kkkkXem thêm,43
511,QL,23/6/2018 15:38,7.4,"🍒Pizza ngon. Sz nhỏ mỗi người ăn 2 cái là no ứ hự nè
Vị cá ngừ thanh cua và bò nướng thơm là ngon nhất
Trà đào uống ok còn hồng trà macciato ko ngon lắm
🍒Nhân viên phục vụ bình thương ko nhiệt tình lắmXem thêm",43
512,Ng T Linh,16/6/2018 23:47,7.8,"Pizza ngon, nhưng đợi hơi lâu. Các món ăn kèm khác vẫn ngon bình thường. Menu phong phú và giá cả thuộc dạng trung bình khá so với thương hiệu pizza khác. Nhân viên cũng nhiệt tình niềm nở.
p/s: Đừng ai gọi pizza ngọt nha :( nó chỉ đơn giản là bột rải mozarella rồi đem nướng xong chấm sữa đặc thôi ~~Xem thêm",43
513,quang,31/5/2018 19:59,3.4,"Phục vụ quá tệ,làm đồ ăn quá lâu,khách vô ngồi một hồi mới có nhân viên đến order,tính tiền thì đợi thối tiền hơn 15'Xem thêm",43
514,Duy Phát Lê,17/3/2018 21:40,8.0,"Mua về nhà ăn. Có 23k/cái đợt khuyến mãi mình mua trong khung giờ 2-5h chiều mà nhìn ngon dã mon luôn
Bột giòn bên ngoài. Bên trong dai mà vẫn mềm
Topping và phô mai cũng nhiều nữa
Thấy quá rẻ so với giáXem thêm",43
515,Nguyễn Lan,25/11/2022 16:45,5.0,Có giao o an nhứt ko ạXem thêm,43
516,Ngọc Mỹ Nguyễn Phan,18/1/2021 9:27,2.2,Hải sản ở chợ khá ngon nhưng lừa đảo nhiều lắm nên mn nhớ cân nhắc kỹ khi mua. Đặc biệt hàng bán cá đối ở số 10*** Vừa gói cho mình 1kg 100k đã bắt loa rao 50k/kg. Sáng sớm và do phải đi gấp mình ko tiện trả giá nhưng trải nghiệm này quả thật khá sốc. Mất cả cảm tình với chợ luôn.Xem thêm,44
517,Mei Cao,14/7/2020 0:20,9.2,"Khách du lịch toàn ghé đây mua nên giá mắc hơn hồi xưa nhiều. Nhìn chung mình thấy giá cũng OK , còn đỡ hơn đi vô quán tầm bậy tầm bạ bị chém sml. Hải sản tươi mình tự lựa nên ăn cũng đáng.
Nhà m hay mua ghẹ ở vựa Nhân Hậu. Có cả tôm hùn Alaska & cua hoàng đế bơi. Giá tạm được. Mắc hơn hải sản Cà Mau mẹ mình order ship đến tận nhà ở SG ))).
Ốc ác thì mn thử mua mấy bà nhỏ lẻ chỉ có 1-2 loại. Giá 60-90/kg cũng được.
Đầu chợ hướng bên Family mart có mấy người bán khô. Có đợt gặp chú kia bán khô cá đù có dắt em***theo nằm kế bên, mua được khô ngon ghê :))). Ai đi qua thấy chú có thể mua ít về ăn :D .Xem thêm",44
518,Son Do,21/6/2020 20:51,7.8,"Hôm qua mình đi Vũng Tàu đổi gió. Xem mấy hướng dẫn trên mạng, ra chợ Xóm Lưới này mua hải sản về ăn. Mình đến shop Đào mua 1kg ghẹ và 0.5kg ốc hương ở 01 shop khác. Mùa này chỉ còn ghẹ size 6-8 con / kí / 300k. Còn ốc hương size lớn nhất mình thấy ở đây thì tầm 70-80 con / kí / 350k. 

Mình mang về hấp bia đơn giản. Ốc hương thịt giòn, béo, thơm. Ghẹ thì không chắc lắm, ít ngọt, nhưng cũng ok. Lúc mình mua toàn hàng sống thôi. 

Có tôm hùm xanh sống size 500-600g / con nữa. Sống luôn. Giá 600k / kí. 

Kinh nghiệm ở đây là nên mua hàng sống hoàn toàn nhé các bạnXem thêm",44
519,Khai Tran,30/5/2020 11:13,5.0,"Vựa bán ghẹ bông nhưng tưởng tôi ko biết nên nói là ghẹ xanh, và bán ghẹ bông với giá như ghẹ xanh. Lừa gạt như vậy lần sau tôi nhất định ko đến mua nữa, dù là ghé qua.Xem thêm",44
520,Nguyễn  ngọc thiện,6/5/2020 13:10,7.6,"Hải sản chợ Xóm Lưới - Vũng Tàu

Khi mà các quán ốc lớn full bàn đành tự thân vận động vào chợ thôi

Hải sản càng đi phía cuối chợ chỗ bu đông đông là càng tưới á

Nhưng phải biết trả giá để bù qua công chế biến nè

Mình ăn 1 kg tôm 1 kg bạch tuộc 1 ki sò điệp 4 con sò dương luôn công chế biến là gần 600k áXem thêm",44
521,Hằng Nguyễn,30/11/2019 15:24,9.6,"🌟 Nằm ở ngã ba Phan_Bội_Châu và Nguyễn_Công_Trứ, có khu chợ chuyên hải sản Xóm Lưới ở Vũng_Tàu. 

🌟 Khu chợ theo Ú thấy bán từ sáng đến tối luôn. Tầm giờ chiều là rất đông khách đến tham quan và chọn mua hải sản. 

🌟 Hải sản ở đây tùy chỗ mà chỗ tươi ngon lắm. Lúc nhà Ú đi mua là Ú ở trên xe,  hihi,  chỉ có lúc ăn là xuất hiện thôi. Mua hải sản xong, người bán nhận hấp,  luộc,  nướng cho khách luôn. Về mình chỉ việc ăn thôi như hình Ú up bên dưới. Cách họ ướp cũng ngon lắm,  nhất là sate,  ăn rất hợp khẩu vị gia đình mình. 

🌟 Giá hải sản cũng tùy thời điểm mà cao thấp khác nhau nha các bạn. Ở đây ăn ngon nhất là các món tôm, ghẹ,  mực,  và các món ốc như ốc móng tay,  nghêu, sò lông..Xem thêm",44
522,Bompabie Tran,29/4/2019 20:25,3.6,"Quá thất vọng, không hiểu sao mọi người buôn bán kiểu vậy được, liệu có tồn tại được lâu trong mắt khách du lịch không? Tôi mua 1kg ghẹ. Cỡ 3 ngón tay 1 con giá 1kg 350k. Và tuột. Tôi kêu lựa cho tôi 2kg ghẹ giá 420k mang về.mua thùng đá 30k gây mê ghẹ... Rồi tôi vào đặt nướng mực tôi vừa mua. . Khi xong tôi ra trả tiền. Rồi về. Khi về nhà thì cân lại mất 6 lạng. Ghẹ còn 1.4kg. Đã vậy luộc lên thối um nhà. Toàn ghẹ thối. Quá thất vọng. Lần sau sẽ k ghéXem thêm",44
523,Ngân Hà 🍉,19/4/2019 20:44,7.8,"🍉vị trí ngay gần biển và trung tâm thành phố
🍉 chợ bán cả ngày nhưng muốn mua hải sản tươi và nhiều loại nhất thì nên đi vào đầu giờ chiều
🍉 nên đi 1 vòng quanh chợ khảo giá trước và phải mặc cả nha, nếu ko sẽ bị nói thách giá nhiều lắm. Nếu đi vào buổi tối sẽ được giá rẻ hơn nhưng sẽ ít sự lựa chọn hơn
🍉 giá rất rẻ nha. Mình mới đi đầu tháng 4/2019 thì: bề bề loại nhỏ (to hơn ngón tay cái 1 chút) 90k/cân, loại to bằng 2 ngón tay 150k/cân, loại siêu bự (bằng 4 ngón tay) 400k/cân; cua gạch (loại bằng lòng bàn tay) khoảng 300k/cân; tôm càng xanh tầm 150k/cân; bạch tuộc loại nhỏ hay to đều 130k/cân...
🍉 ngay bên cạnh là các hàng chế biến, mình làm ở mấy hàng ko có chỗ ngồi, chỉ có đem về nên có lẽ công làm rẻ hơn. Hấp là 15-20k/cân, nướng mỡ hành/sa tế 40k/cân, đậu bắp 10k mà đc nh lắm
🍉 nói chung là đi càng đông thì sẽ ăn đc càng rẻ. Mình đi 4 người mà hết có 700k (cả công nấu) mà ăn đc 2 bữa ýXem thêm",44
524,Thanh Vân,31/3/2019 2:29,7.4,"Hôm nay đi thấy giá ghẹ và bạch tuộc cao. Ghẹ bé nữa nên ko mua. Mình mua 0.5kg bạch tuộc 90k, 0.5kg sò điệp 50k, 0.5kg sò dương 100k, 2kg hàu 70k. Mang ra chú Tư vui vẻ mà đông quá chú ko nhận nữa đành qua quán gần gần đó, phí chế biến tổng cộng là 100k mà ko dc ngon như bên chú Tư.
Nói chung hải sản xóm lưới thì tươi sống, giá cả okXem thêm",44
525,원 미봉,20/3/2019 17:24,6.6,"Thật ra nói chợ hải sản chứ cũng bình thường. Giá cũng không phải rẻ lắm. 
Đợt mình đi chỉ có tôm, tôm tích, cua, ghẹ, sò điệp, hào thôi. Ở đây chủ yếu bán tôm tích với ghẹ nhiều mà mình không ăn nên thấy không đa dạng.
Mình mua sò điệp và tôm thôi
Sò điệp 60k/kg. Công nướng phô mai và nướng mỡ hành 1kg 50k
Tôm sống 220k/kg. Nướng muối ớt 40k.
Đậu bắp nướng 20k/hộp
Giá tính ra cũng đc thôi. Tôm sống nên chắc thịt. Sò điệp bình thườngXem thêm",44
526,Mỹ,1/2/2020 22:00,10,"thấy nhiều người đi nhầm quán quá nên e viết lại review chỉ cụ thể hơn. Đường Ng Thai Hoc có tới 3-4 quán đều tên giống nhau, mn để ý quán e khen ngon là quán nằm trên vỉa hè nha. Khúc  vòng bùng binh Ng Thái Học đi xuống bỏ quán đầu tiên, chạy tới xíu có đường B ế. V ă n. Đ à n.  rẽ phải ngay đầu đường luôn ạ😆Xem thêm",45
527,Vũ Thông Dương,30/8/2019 19:50,3.0,"Mình thấy review cũng tốt nên tới ăn thử, khi tới thấy quán vắng tanh mình đã nghi r. Ăn 3 món:
- mực sữa chiên giòn quá nhiều dầu, dầu chảy cả ra đĩa, ăn ngán
- móng tay xào me chế biến ko kĩ, ăn nghe mùi khai
- hàu nướng phô mai khá ngon, thơm
Nói chung mình sẽ ko quay lại, thất vọngXem thêm",45
528,Tank Nguyen,29/4/2019 17:18,6.2,"Ốc ăn cũng không dở không ngon, bình thường. Phục vụ chậm, không gian không được ngon lành lắm. Giá mỗi dĩa ko cao vì dĩa nhiều hơn hẳn các quán khác. Vì thế nên đi nhóm thì ăn được nhiều món hơn, còn đi hai người thì ăn một hai dĩa no luôn rồiXem thêm",45
529,stevenlee,8/2/2019 20:01,3.4,"Mình đến gọi món. Không một nhân viên ra hỏi,đi ngang ngó ngó qua lại rồi thôi.Mình phải tự đến kêu,đợi hơn 40 phút thấy chưa có món hỏi lại thì quán chưa làm kêu mình gọi lại.
Vô quán ngồi hơn 15’ chưa thấy ai bưng một cái chén ra được,chưa kể đồ ăn ngon dở vì phục vụ như thế này mình sẽ không bao giờ ghé nữa.
Quán làm việc quá tệ !Xem thêm",45
530,Tim Le,21/8/2018 15:01,9.0,"Một trong những quán hải sản quen của mình mà lần nào đến Vũng Tàu cũng ghé qua. Quán ít khách du lịch biết nên cũng không quá đông, chủ yếu dân địa phương ăn nhiều. Quán bán hải sản cực kỳ tươi nhé, khác hẳn chất lượng với hải sản ở Sài Gòn. Hơn nữa giá cả ở đây cực rẻ luôn, 3 dĩa vậy mỗi dĩa chưa đến 100k, ăn 5 - 6 người, uống thêm 1 thùng bia nữa mà mỗi người chỉ tầm hơn 200k. Nhất định lần sau đến Vũng Tàu sẽ lại ghé qua đây.Xem thêm",45
531,Nguaomautrang,12/7/2018 11:00,1.8,"Mình tìm trên foody thấy quán ốc khu 5 tầng này. Đi thử thì có một trải nghiệm kinh khủng. Quán bẩn, bàn ghế ẩm mốc nên phải ra vĩa hè ngồi bàn ghế nhựa, hải sản ương giống như được đào về từ ... nghĩa địa. Giá cao. Xuống tinh thần sau khi ăn xongXem thêm",45
532,Herin Hồ,24/4/2018 12:04,6.0,"quán nằm gần quán cơm niêu, mình có ghé quán đôi ba lần và ăn thử do bạn rủ. 
nói chung là quán có không gian không ổn lắm. giá cũng mắc hơn so với các quán xung quanh. 
sẽ không quay lại quán này nữaXem thêm",45
533,Không thích ăn uống,24/4/2018 10:35,7.4,"Quán đã về lại vị trí cũ kế quán cơm niêu gì đó. 
Hương vị khá ok, quán bán rẻ 1 mình đi 2 người gọi 4 món gần 300k thôi mà ăn thở không nổi luôn.Xem thêm",45
534,Duong Huynh,25/3/2018 21:41,3.6,"Quán đã dời sang đc mới, tìm mỏi mắt mới ra.
Đã ghé quán nhiều lần để ăn càng cúm rang me. Nhưng hôm nay ghé lại thì mùi vị k giống như trước nữa.
Càng cúm k được tươi. Rang me k ngon như mấy năm trước.
Ốc xào tỏi mà cũng có tí tỏi thôi.
Bàn bên trong nhà quá thấp, ăn ngồi cong cả lưng.
Sẽ k quay lại!!!Xem thêm",45
535,Vi Ng,21/2/2018 21:52,6.0,"Mình có ghé quán vào mùng 4. Lúc mình đến thì quán có vẻ chưa đông lắm nhưng ngồi một lúc thì hơi đông.
 Mình có gọi 5 món nhưng chỉ ăn được 3 món vì phải đợi quá lâu.
3 món mình ăn thì món nào cũng ngon, nước chấm ở quán cũng ngon.
Nhân viên phục vụ thì mình thấy cũng không mấy thân thiện.
Nhân viên bảo vệ thì tốt.
Mấy món trong menu thì đều đã lên giá hết.Xem thêm",45
536,Hien Nguyen,22/4/2020 2:10,8.2,"Tôi ăn kem tự chọn ở quán này một lần 2018. Đây là quán bán đồ ăn tráng miệng (dessert). Phục vụ, vị trí quán, chất lượng kem đều rất tốt trừ giá cả. Hai ly gần 200 ngàn. Chốt lại một câu là ""cực ngon nhưng cực mắc"". Tùy goût của các bạn thôi.Xem thêm",46
537,foodee_95a9a415,22/9/2019 21:45,10,"Kem tự chọn rất tuyệt😗,kem rất ngon muốn ăn bao nhiêu thì lấy bấy nhiu ,ngoài ra có rất nhiều topping rất thu hút,nhân viên phục vụ rất dễ thương.❤Xem thêm",46
538,ngọc,22/9/2019 21:28,10,"Kem ngon, nhiều hương vị và nhiều loại topping hấp dẫn.  Giá cả hợp lý.  Ăn bao nhiêu thì lấy bấy nhiêu rồi đem cân. Nói chung là tùy theo ý thích của mình chứ ko ai ép là phải ăn nhiều mới đc. Không gian thì thoải mái. Nhân viên hướng dẫn và phục vụ trà đá nhiệt tình. Cảm thấy hài lòng.Xem thêm",46
539,Kim Thoa,22/9/2019 21:08,10,Kem tự chọn tự lấy kem chọn topping. Tính theo cân nặng   lấy nhiều tính nhiều lấy ly kem hơn 200g 60k. Kem ngon nhân viên dễ thương.Xem thêm,46
540,Kimngan12.3,12/8/2019 14:59,5.4,Vị kem bình thường. Giá hơi chát.  2 ly 160kXem thêm,46
541,Nguyễn Nam,16/5/2019 13:08,10,"Trước giờ mình chưa từng thích ăn kem nhưng từ hồi được thằng bạn dẫn đi ăn kem sữa chua yogurt ở tại bãi biển 149b thuỳ vân bãi sau vũng tàu, thấy mùi vị ở đây ngon thật nó rất khác biệt với những vị kem khác và đặc biệt ở đây có cả toppin nữa các bạn ạ rất rất nhiều toppin để lựa chọn ,cảm ơn thằng bạn nhiều nhé hôm nay là ngày mình  được ăn món kem ngon nhất từ trước đến giờ, mình sẽ dẫn gia đình tới  đây thường xuyên, ước gì ngày nào cũng được thằng bạn tốt dẫn đi .. kkkkkkkXem thêm",46
542,Midori Budo,30/3/2019 21:10,1.8,"So với việc tự phục vụ hoàn toàn thì giá quá cao, kem ổn, không xuất sắc. Nhưng tệ nhất là chất lượng phục vụ, bàn ghế không đủ ngồi, hóa đơn thì không có cho khách. Nhân viên ngu ngơ không biết hướng dẫn khách, quán không có người dọn dẹp, bàn ghế bẩn, nhà vệ sinh thì ôi thôi. Giá tiền là tầm 45-60k mới đúng, không đáng 1 chút nào.Xem thêm",46
543,Mỹ Anh Nguyễn Thị,1/1/2019 0:23,7.0,"Kem tự chọn, nhiều mùi lắm: kiwi, dừa, chocolate, hạt dẻ Pistachio, yogurt, dưa lưới, sầu riêng, matcha. À riêng kem matcha mình không thích lắm vì mùi đây có vẻ hơi hương liệu nên mình thử cho biết thôi. Kêm bán 100g là 29k nha. Mình kéo kem cũng tầm 60k 1 ly. Mọi người nếu muốn thử nhiều vị thì nên chọn mỗi vị chút ít thôi. Chứ không thôi ăn nhiều đầy 1 ly là dễ bị ngán, vì kem lần này ko ngon, ăn mau chảy, ko còn dẻo dẻo nữa mà ăn cảm thấy bị đá. Nhân viên phục vụ cũng tận tình, đem trà đá ra từng bàn cho khách luôn. Ở đây được cái view gần biển nên tối ra đây ngồi ăn kem hóng gió là hết sẩy
👉Btw, follow Instagram @myanhnguyenthi to explore more places and somewhere in Vietnam 📍Xem thêm",46
544,Tran Trang,15/12/2018 18:26,8.6,"Many flavors and toppings to choose. Yogurt and chocolate are good, kiwi favor is a bit watery. They're priced by measuring the weight of the cup so maybe it's not a good idea to choose a half of the fresh kiwi, haha.
Good decoration and a lot of space is a plus.Xem thêm",46
545,YẾN NHI,1/9/2018 16:30,9.6,"Kem ở đây rất nhiều loại, toping thì đa dạng nên không chỉ bọn trẻ mà những người không còn trẻ mà hảo ngọt vẫn thích mê. Tuy nhiên, do loại hình kem tự chọn mà quán luôn đông khách nên khung cảnh trong quán, nhất là bên những quầy kem thường đông đúc lộn xộn.

Các loại kem được nhiều người ưa thích ở đây có dưa lưới, sầu riêng, dâu, vani, sô cô la, việt quất.

Có một thắc mắc nhỏ không mấy liên quan là giá như quán xài loại ly sử dụng lại (thuỷ tinh, nhựa) thay vì ly giấy thì mỗi ngày đã hạn chế một lượng rác thải không nhỏ ra môi trường!Xem thêm",46
546,foodee_ciga5veo,24/11/2021 12:08,8.8,"Được bạn giới thiệu vô quán thử, quán hơi khuất nên hơi khó thấy. Mình hỏi thì nghe nói quán mở được 6 năm rồi mà bây giờ mình mới biết. Bánh rất ngon, nước cũng ok, có sách đọc.. Mọi thử ở đây ổn..Xem thêm",47
547,phượng,24/11/2021 11:57,9.0,"Quán có nhiều món ngon, giá phải chăng. Nói chung trà sữa ở đây đậm trà, ngon, ko bị ngọt. Bánh ở đây ăn khá ngon, ko bị ngọt và ngấy. Mình để ý thấy hình như còn có nhận đặt bánh ổ sinh nhật, bữa nào mình đặt thử. Mong mau hết dịch để được ra quán ngồi 😥 Món mình đang uống là matcha latte 😍Xem thêm",47
548,Angee Tie,1/9/2020 13:52,10,"Trà sữa Letto thơm đậm trà vị rất ngon và đặc biệt. Mình rất thích bánh cheesecake ở đây, ăn ngon không bị ngọt như những chỗ khác, có nhiều loại bánh cheesecake trái cây nhưng hình như tuỳ ngày có những loại khác nhau. 
Về không gian quán: đẹp, không gian ấm cúng
Về thái độ nhân viên: 10 điểm cho sự thân thiện và dễ thương
Về giá cả: ổn, rẻ so với chất lượng và dịch vụ
Nói chung là rất hài lòng, mặc dù mình là người rất khó tính nhưng ở đây mình cảm thấy rất hài lòng về cả chất lượng lẫn dịch vụ.Xem thêm",47
549,Trúc,1/9/2020 13:17,10,"Mình thực sự rất thích nước và bánh cheesecake của quán. Món ruột của mình là trà đen macchiato và trà sữa ngũ cốc. Bánh cheesecake của quán mình rất thích không bị ngọt vị vừa ăn. Về giá thành cũng rất ok vừa túi tiền. 
Đặc biệt mình rất thích không gian quán và thái độ phục vụ của các bạn nhân viên, rất dễ thương và thân thiện với kháchXem thêm",47
550,Thiện Hoàng,8/7/2020 12:58,4.2,"Được vài ngày xin phép nghỉ việc ở SG.  Hôm nay mình có đến Vũng Tàu và đến Letto để thưởng thức, cũng như ngồi làm việc tại đây. Thì mình xin góp ý như vậy cho cửa hàng. 
- Về nước: thì ko có gì bàn cãi, mình có uống cf sữa đá và trà sữa ngũ cốc. Nước ở mức ngon, và có cảm giác muốn quay lại để thưởng thức. 
- Về cơ sở vật chất: Quán có không gian thoải mái (mặc dù quán nhỏ), xinh, ghế ngồi cũng thoải mái tất. Nhưng có 1 thứ mà mình rất ngại và khó chịu đó là nhà vệ sinh. Không có giấy vs cũng như vòi xịt xịt ko ra nước. Mình phải gọi bạn mình chạy vào đưa giấy mà mình có mang theo. Nhân viên cũng k nhắc gì khi mình hỏi nvs ở đâu. Ko lẽ mình gõ cửa ầm ầm rồi kêu nv đưa tới. Như thế thì vô duyên quá. 
- Về nhân viên của quán: Bạn phục vụ, mình cảm thấy là bạn khá là trầm, và k nở dc 1 nụ cười với khách hàng, kiểu làm cho có trách nhiệm v :)))). Thiệt. Mình lúc đó chỉ muốn gọi cho xong để làm việc thôi. Chứ đúng mà đi thưởng thức thì chắc mình nói nhẹ rồi. Về bạn pha chế, ko biết là pha chế hay quản lí mình k rõ. Khách đang ngồi trong quán. Mình còn sống mà. Bạn lấy đồ ăn ra ăn, miệng “nhóp nhép” một cách cực kì cực kì khó chịu, tiếng rất lớn. Mình biết đó là cách ăn thoải mái của bạn, nếu ở nhà, hoặc bạn là khách hàng. Thì mình ko có tư cách nói. Nhưng bạn làm v là k dc, rất vô duyên. Bạn ngồi trước mặt, bên cạnh ăn kiểu gì mình cũng hết sức thoải mái, vì dù s là nhu càu ăn uống mà. Uống nước xong cũng “khà” 1 tiếng thiệt to. Lúc đó muốn lấy cái airpods mang vào luôn ấy. 
- Tiếp theo là thái độ chỉ việc cho bạn phục vụ, quát tiếng lớn và rất khó chịu vs bạn kia, mặc dù khách vẫn ngồi trc mặt, lúc đó có 1 bạn gái ngồi ngoài cửa nữa. Mà nói liên tục như v. Có thể đưa vào sau rồi nhắc nhẹ, hoặc chỉ nhẹ, ngồi trc mặt khách cũng chỉ nhỏ nhẹ dc mà. Đâu cần thiết lớn tiếng như v. Mình bực quá đứng dậy xếp đồ về luôn. Mặc cho trời đang mưa luôn. :)))). 

- Gửi đến bạn chủ. Có gì mình nói k đúng. Cứ nt cho mình nhé. Chắc sau xuống VT mình sẽ k ghé nữa. Cảm ơn cửa hàng. Nói vậy chứ nước vẫn ngon lắm nha các bạn.Xem thêm",47
551,Vy Đặng,5/1/2020 22:13,8.6,"Về phần nước thì nhìn chung đều ổn, nhưng với mình thì không đặc biệt lắm.
Bánh thì cái nào cũng ngon hết áaaa. Cheesecake xoài với oreo ăn không bị ngán tí nào. Cheese xoài có miếng xoài cắt nhỏ ở trong rất ngon. Oreo cũng có 1 lớp thạch chanh dây ở trên, ăn rất bắt miệng:v còn matcha thì rất thơm, lạ so với những chỗ khác. Bánh ăn chung với kem sữa béo siêu ngonnn luônnXem thêm",47
552,Labubu,1/8/2019 20:02,10,"Mỗi lần về luôn ghé quán để nhâm nhi ly nước hay cái bánh ❤️🥤. Mình thì ko hảo Choco lắm, nhưng lại rất thích món Choco milk hot của quán, rất khác những quán mình đã từng uống. Mùi rất thơm và ngon, hợp với mấy ngày thời tiết ẩm ương như nàyXem thêm",47
553,phuongphuong,17/6/2019 16:52,9.2,"Là dân Vũng Tàu mười mấy nồi bánh chưng chưa thấy chỗ nào đỉnh cao như chỗ này mọi người ạ.
*Về quán:nhỏ nhỏ xinh xinh nên chỗ ngồi ko nhiều, nhân viên nhiệt tình và dễ thương dữ lắm nha mn,mấy lần đều dắt xe dùm khách,nói chuyện rất dễ chịu
*Về nước:highly recommend cho mọi người cacao sữa nóng và trà đen macchiato nha.Rất vừa miệng và dễ uống.Nhưng cacao sẽ tùy nhân viên pha mà ngon hay dở nha(cái này tùy khẩu vị mỗi người)Quán có bánh siu ngon đỉnh cao ,hình như mỗi ngày một loại nhưng phải đến sớm mới còn nha.
*Nhược điểm:Buổi tối khá đông và ồn,Hết bánh rất nhanh nên mấy lần đến khá ức chế:))
*Giá cả thì vừa tầm lắm ko quá mắc
 *Vị trí thì ko biết đường nào:))(Vì mình mù đường)nhưng rất dễ kiếm nằm ngay mặt tiền)
   Mình ko phải nhân viên hay bà chủ pr các kiểu nha:))hãy đến thử và nghiện như mình(quan trọng là phải ăn đc bánh mới thuyết phục 100%:)))Xem thêm",47
554,Như Văn Hoá,14/6/2019 13:57,9.4,"Quán này ở Vũng Tàu mình thích do nước pha khá ổn, không gian nhẹ nhàng, nếu quán không đông thì mình thích ra để học bài.
Nước có nhiều món rất ngon nhất là matchiato, hojicha, sữa tươi trân châu đường đen cũng đặc biệt hon quán khác, thơm lắm.
Mà giá thì mình thấy cũng hơi cao, do bạn nào để ý thì đá quán lúc nào cũng cho hơi nhiều. Uống hết ly là thấy còn 50% là đá ấy.
Bữa nào hên ghé quán sẽ có bánh, bánh rất ngon nha nhưng mà buồn là không phải lúc nào cũng có sẵn, bạn phải hỏi thì bạn nhân viên mới lấy cho nha, chứ không có trên menu.Xem thêm",47
555,Tuấn Anh Hoàng,13/6/2019 23:02,8.6,Em uống ở quán có thấy món xoài macchiato nhưng trên now không thấy. Anh/chị cập nhập thêm dùm em lên now với ạ ^^Xem thêm,47
556,Sữa Cười,13/2/2022 14:43,9.2,"Search vội trên foody để tới vì trời nắng quá, không ngờ lại ưng ý đến vậy. Đồ uống không quá nổi bật nhưng chỗ ngồi rất ok, list nhã cực chill làm mình quên đi cái nắng ngoài kia. Đang uống cf phải lên rate 5 sao vì list nhạc chất lượng quáXem thêm",48
557,Khê Đặng,12/11/2020 12:45,9.0,"Mình qua đây toàn ăn bánh bông lan trứng muối với trà, hôm nay chọn trà Olong yến mạch, bạn mình thì chuyên gia ngày nào cũng uống cafe 😂 
Quán sáng sủa và khá đông khách.Xem thêm",48
558,An Nhàn Hồ,11/11/2020 16:45,9.8,"Nếu bạn nào vẫn đang bế tắc trong việc tìm chốn hẹn hò chill chill giữa biển Vũng Tàu thì Him cf là địa điểm hông thể bỏ lỡ nè.
Đồ uống và bánh khá đa dạng, cafe ngon, đậm nên thử, đặc biệt signature của quán có 2 món là Golden Iyoto và H-Tea.
Cứ có dịp nào đó mình lại hẹn bạn tới đây miết thành khách quen lúc nào không hay.Xem thêm",48
559,An Di Đặng,9/11/2020 14:42,9.8,"Các bạn nữ nào thích hóa thân vào vai nàng thơ thì đến đây mặc váy là auto xinh nhé.
Menu quán này khá đa dạng với các loại cafe, trà và bánh; cafe thì ngon đậm vị hơn khi được pha chế bằng máy chuyên biệt. 
Quán đẹp mà nước ngon nữa nè.
Bảo sao mấy nàng thơ như mình cứ phải ghé đều đều.Xem thêm",48
560,Ái Thy Phan,7/11/2020 12:15,9.6,"Sáng mình đến sớm đơn giản chỉ để uống ly phô mai việt quất và ăn bánh cuộn rau củ ở đây, cũng khá ổn cho một bữa sáng thứ 7.
Trông vậy mà no phết, tới trưa vẫn thấy lưng lửng bụng.Xem thêm",48
561,Ái Nhi Hoàng,4/11/2020 16:10,9.6,"View quán thoáng, sạch sẽ. Đồ uống khá ngon vị ở đây loại nào mình thấy cũng đậm đà, đặc trưng riêng. Màu sắc lại khá bắt mắt nên mình hay qua đây uống checkin sống ảo lắm.Xem thêm",48
562,Ðan Thu Đinh,3/11/2020 18:04,9.6,"Lên đồ xinh lồng lộn để đi chơi với chị họ nhân dịp bà chị từ HN vào chơi với cô em và mình đã dẫn đi cafe nổi tiếng Vũng Tàu ở nhà Him.
Ảnh chỉ mang tính chất khen nhân viên ở đây ai cũng dễ thương và nhiệt tình như mình vậy.Xem thêm",48
563,Gia Nhi Lê,2/11/2020 14:57,10,"Một chút Trà lài vải cho một tuần mới suân sẻ và thuận lợi hơn.
Chúc các bạn một ngày vui vẻ!Xem thêm",48
564,Diên Vỹ Phan Thị,30/10/2020 15:56,9.8,"Dù là ngày thường hay cuối tuần thì mỗi lần ra đây đều thấy thoải mái và thư giãn.
Ở Him còn có nhiều góc được trang trí khá ngộ nghĩnh và ấn tượng như thế này.Xem thêm",48
565,Diễm Trang Trần,29/10/2020 16:48,9.4,"Chị chị em em chẳng mấy khi hội ngộ, đúng ngày đẹp là phải lên kèo ngồi với nhau liền.Xem thêm",48
566,Destiny Thảo,29/7/2019 21:42,3.8,"Đồ ăn không ngon
Thập cẩm chiên 40k chỉ toàn đồ chiên lại, gà chiên cứng 
Ko có cá viên tôm viên gì hếtXem thêm",49
567,Suong Nguyen,20/6/2019 17:46,4.6,Sai quá sai!!! Uổng công mình là fan của quánXem thêm,49
568,Long Phi,7/6/2019 17:56,1.0,Mua thập cẩm cá viên chiên xin 2 bịch tương đầy nhưng nv cho 2 bịch thiệt nhưng có chút xíu ( thế mày cho mẹ luôn 1 bịch luôn cho nhanh xin 2 bịch mà cho 2 bịch có chút xíu cá viên chiên thì nhiều kémmmmmm)Xem thêm,49
569,Quang Phạm,17/5/2019 14:27,2.4,"Vị nhạt nhẽo không rõ mùi milo, cực kì dở tệ, chân nhâu thì toàn mùi nhựaXem thêm",49
570,Jo Hồ Ly,8/4/2019 22:24,5.0,"Hồi xưa kiểu hay ghé quán chè bà Hiệp xong lết đít wa đây ăn cvc, lúc đó còn vắng khách, phục vụ còn tận tâm, đồ ăn làm cũng tỉ mỉ và ngon,đặc biệt là đồ chua ấy,  nói chung thay vì ngồi ăn cvc tại chè bà hiệp thì mình toàn gọi bên này. 
Sau này kiểu đông khách r, đồ ăn làm chậm, làm lộn, nhân viên kiểu ko tập trung, khách tới đông thì cứ lơ lơ.
Có hôm đi ăn vs đám bạn , gọi phần cá trứng, ăn vào phải nhả ra, do chín bột mà bên trong còn sống nhăn.
Vị trí quán thì hơi nhỏ, chỗ để xe cũng ko đc rộng rãi nữaXem thêm",49
571,Tròn Nhi,26/3/2019 0:16,9.0,"Đi Vũng Tàu chơi thấy nhiều người khen ngon nên ăn thử.
Ấn tượng đầu tiên là quán có rất rất nhiều món ăn. Chắc cả trăm món hơn
Mình kêu 1 phần thâp cẩm, ăn rất ngon. Cái nào cug ngon hết
Món phải thử khi tới quán là hoành thánh gà phô mai. Trời ơi rất rất ngon luôn. Nhất định đến quán này phải thử món này.
Kế tiếp là món sụn gà chiên giòn. Ăn khá lạ miệng, ăn ngon
Điểm cộng nữa là tương ở đây rất ngon. Nhân viên nhiệt tình. Quán rất ok. Nên thử khi đi Vũng Tàu nhaXem thêm",49
572,Diệu Nguyễn 95,9/12/2018 22:54,8.4,quán quen thời đại học.ôn bài là nhóm cũng ra đây.ngồi trên lầu ăn cá viên chiên nhìu đủ thứ món.Thấy nó là nhớ cái thời sinh viên.Đúng giá sinh viên hợp ví tiền cũng chất lượngXem thêm,49
573,Cong Tien Tran,22/10/2018 20:01,8.8,"Hôm bữa đi ăn ở đây với bà chị. Buổi chiều mà quán khá đông. 2ce ngồi trên lầu(cầu thang lên đấy hơi dốc xíu) nhưng mà khá là thoáng mát.
Đồ ăn ở đây làm nhanh, trình bày đẹp, khá vừa ăn nhưng mà chỗ chế biến nhìn hơi bẩn. Súp rong biển ăn khá được, nước súp ngọt, rong biển giòn giòn. Cơm cuộn có thêm chà bông nên ăn mặn mặn. Cá viên thì rán phồng, nóng giòn. Thích nhất là cơm chiên pate. Hạt cơm tơi, xốp, hòa với vị mặn, béo của pate thêm cái giòn ngọt của hành tây nữa! Nói chung là tuyệt vời.
Còn về phần nước uống thì miễn bàn. Tắc dừa sấy ngọt thanh, thơm mùi tắc, ăn kèm dừa sấy giòn giòn, béo béo ở trên nữa. Trà vải uống tạm được, hơi ngọt gắt, trân châu hơi cứng và vón cục.Xem thêm",49
574,Như Như,10/9/2018 16:45,1.0,Dở tệ! Mình gọi 5 món mà k thể hài lòng với món nào cả . Chổ chế biến thì ko sạch sẽ cho lắmXem thêm,49
575,Trí Kiệt,10/9/2018 16:30,1.0,"Nhân viên thì dạng như ko quan tâm gì đến khách, nói chung thái độ tệ, đồ ăn thì siu ghê, nui xào bò mình nghĩ là xào sẵn rồi khách kêu thì bỏ vô lò vi sóng hâm lại, vì khi đem ra nguyên cái đĩa nó nóng đều như là bỏ vào lò vi sóng,  bò thì đen thui vì cũ, bánh trứng thì quá nhiều dầu, cá viên tôm viên toàn bột, há cảo hấp cũng ko gì đặc biệt bột quá dày, mình từ sài gòn xuống vũng tàu chơi và đây là lần đàu cũng như lần cuối ăn ở đây, quá tệ!Xem thêm",49
576,Giotto,12/3/2023 20:12,2.2,"Quán làm đồ ăn không như lúc order, tự ý thay đổi cách chế biến mà không hỏi ý kiến khách, lúc ăn mình kêu cá lăng nấu hai món ( đầu nấu măng chua, thân cá kho tộ) nhưng khi đem lên lại nấu như canh chua, đã vậy chưa kể món kho lại toàn đầu không hề có bất kỳ khoanh bụng cá, toàn bộ canh và kho toàn đầu cá. Do mình đi gia đình gần 30 người ban đầu cứ nghĩ khoanh mình nằm chỗ khác nhưng không, khi ăn xong ra xe hỏi lại thì full đầu. Điện thoại lại Hỏi lại quán thì ậm ừ xin lỗi nói sẽ báo lại chủ quán rồi thối tiền nhưng sau đó thì không hề có bất kì cuộc liên lạc nào hay một đồng từ quáXem thêm",50
577,foodee_727eb64d,3/4/2022 13:10,1.0,"Mình cùng gia đình hơn 10 người đi xe 16 chỗ vào, chỗ đậu thì còn quá trời mà nhân viên bảo vệ đuổi khách, kêu ra ngoài đường đậu đi rồi lội bộ vào, chắc sợ phải hướng dẫn xếp xe. Quán mà ko cải thiện thì mỗi ngày đều có khách bỏ đi luôn thì tiếc. Tội nghiệp chủ quán!
Mình đi qua mấy quán khác thì thấy phục vụ ok quá trời.Xem thêm",50
578,Thanh Pham,21/12/2021 18:50,10,Quán ăn rất ngon .giá cả hợp lýXem thêm,50
579,Trang Ngân,20/12/2021 13:12,8.6,"Phujc vụ tốt, món ăn 😋 ngonXem thêm",50
580,Phan Hieu,20/12/2021 12:46,7.8,Quán sạch sẽ nhân viên phục vụ nhiệt tình nhanh nhẹn tuy do đông khách nên món ăn có món nhanh món chậm nhưng nhìn chung là nêm nếm khá vừa ăn và giá cả phù hợp . Nếu có dịp xuống Vũng Tàu mình sẽ lại ghé tiếpXem thêm,50
581,foodee_2c3547de,20/12/2021 12:30,10,"Đồ ăn ngon. Mà giá cả hợp lý , không gian rất thoáng mát.Xem thêm",50
582,foodee_7e9ab9a4,24/11/2020 16:26,1.0,"Mọi người có đi Vũng tàu thì né quán này nha, mình mới ăn hôm chủ nhật vừa rồi, giá cả thì quá mắc, nấu ăn rất dở, nhân viên phục vụ rất tệ kêu hoài chẳng ai thèm đến, mà lúc gọi tính tiền thì rất nhanh chỉ trong vòng 7 nốt nhạc. Mình đến đây ăn 1 lần rồi thôi trốn luônXem thêm",50
583,Hong Phuc,23/11/2019 20:43,8.0,"Từ sg xuống dc ng quen giới thiệu cho chỗ này. Mình đi 6 người hết hơn 700k, đồ ăn nêm nếm cũng ok có món hơi mặn có món thì hơi ngọt lịm. Nhân viên nhiệt tình, phục vụ khá nhanh nhẹn khi mình cần.Xem thêm",50
584,ngan vuong,14/10/2019 18:06,3.6,"Mình ăn lần đầu cách đây 6 năm thấy rất ngon nên lần nào đi VT cug ghé, nhưng mấy lần gần đây chất lượng quán xuống cấp rất nhiều. 
Tôm thịt rim: thịt tôm rất khô, thịt mỡ ko khó lắm mới kiếm dc miếng nạc
Mực xào: rất bở, ko nghĩ ở vùng chuyên hải sản mà dỡ như vậy
Canh rau muống nấu hến: lạc lẽo. ko còn gì để nói.
tổng bill gần 350kXem thêm",50
585,rosy_camellia162,17/8/2019 13:04,3.2,"Quán chật
Quá đông, dù 1h chiều.
Đồ ăn gọi nhiều món hoing có
Phục vụ rất tệ
Lên đồ ăn rất lâu
——
Tóm lại là quá tải. Nên tránh!Xem thêm",50
586,hieuhieu97,28/12/2021 11:17,5.8,Đánh giá quán này có sân ngồi ăn dưới bóng cây mát hoy. Đồ ăn không có gì đặc biệt mà giá cao. Nên sẽ ko quay lạiXem thêm,51
587,Thảo  Mộc,28/3/2021 10:29,7.2,Ngon mà giá hơi chát. Mấy cái khăn trải bàn bẩn bẩn mà chủ quán ko thay điXem thêm,51
588,Thanh Vy Phạm Ngọc,28/6/2020 17:23,1.0,"Bán giống như kiểu cho mày ăn 1 lần rồi thôi , k muốn hỗn hay gì mà thấy quán bán toàn ng lớn tuổi , bán buôn k tích đức hay s á , bán ăn chặt chém khách muốn khô máu luôn , trà đá rau bánh tráng ăn cũng tính tiền , dĩa bánh bèo dc 5 miếng nhét kẽ răng 25k mà đâu có phải là tôm hay gì mua mấy con ruốc r xoay nhiễn ra rắc lên , bèo bì gì đó thì chả có cái gì 40k , bò lá lốt 4 cục 55k , nem chắc dc 2 cục cắc nhỏ mà k biết dc nổi 2 cục k 85k , bột lọc chắc dc 4 cục cắt ra làm 8 30k , nhóm mình đi 6 ng nên kêu nhiều với lại thì đói mà ăn ngay nên cũng k có chụp hình món ăn , ăn xong bàn ăn mà ta nói nó tức , e đi về 1 tuần r mà e vẫn còn tức , đây là lần đầu tiên em cmt trên foody thì mng hiểu rõ độ tức ntn luôn r á ! Bán v nhanh giàu mà cũng nhanh ế lắm đó . Nếu quán muốn có khách quay lại ăn 1 l nữa tốt nhất nên thay đổi , hoặc k đừng bán nữa đổi nghề bán vàng đi nhanh giàu . Trc khi đến đây có tham khảo nhưng k nghĩ nó đến nỗi nv nên đã thử , ngờ đâu tiền mất vì***!Xem thêm",51
589,Ngọc Aries,30/11/2019 12:46,2.6,"Bánh bèo chỉ có vài miếng, dĩa nhỏ xíu. Không khác gì bánh bèo của mấy cô bán gánh ở sài gòn mà giá đắt nữa. Bánh bột lọc ăn dưới chân núi 3k/cái. Ở đây 30k/ dĩa mà một cái còn bị cắt đôi ra. Nguyên dĩa chắc dc mấy cái. Chạo cua chạo tôm giống như cá viên chiên vậy 50k/dia. Mà rau và bánh hỏi còn phải kêu riêng.Xem thêm",51
590,Pham,3/11/2019 11:00,1.6,"Mình order phần Bánh Bèo Tôm ship về. Mở ra đếm đúng 5 miếng bánh bèo dát mỏng dính với đồ chua và đậu xanh, tong tien 25k. Tính ra 5k/ miếng bánh mỏng. Đắt ko chấp nhận được còn hơn cả Sài Gòn!!!!! 

Không bao giờ quay lại!!!!Xem thêm",51
591,Thao Trinh,17/8/2019 23:15,7.2,"Ở đây bánh bèo ngon vì nó mỏng, ăn bánh bèo tôm mình thích nhất, tuy nhiên nước mắm theo khẩu vị mình thì chưa ngon lắm, hơi nhạt. Mình cũng thích món chả giò nữa, chả giò bưng lên dòn dụm, vỏ bánh đúng loại mình thích. 
Khẩu vị ở đây mình thấy món nào cũng ngọt, dành cho tín đồ thích ăn ngọt nha
Không gian quán khá rộng rãi, nhiều mónXem thêm",51
592,Mỹ Anh Nguyễn Thị,20/7/2019 22:38,8.0,"Quán dạo này cũng đông khách lắm, nhưng mà phục vụ cũng nhanh, ko chờ lâu lắm. Mình recommend nên ăn bánh bèo tằm bì, chạo cua, CHẢ GIÒ rất ngon luôn, nem nướng, bò cuốn lá lốt...Xem thêm",51
593,Cô  Hạnh,11/5/2019 19:48,3.2,"Thất vọng cao vì: Không ngon và cũng khg xứng đáng với số tiền chi trả. Giá tiền quá mắc, có lẽ đây là con đường du lịch của Vũng Tàu.Xem thêm",51
594,Yên Vi Mộc,4/3/2019 8:29,8.6,"Mình vào ăn 2 người hôm trước Tết, k phải ngày lễ nên quán không đông lắm.
Quán rộng, khuôn viên xanh, rất thoáng và mát.
Đồ ăn ngon, xứng với danh tiếng mấy chục năm. Giá cả ok.
Làm món nhanh, nhân viên dễ thương.
Trải nghiệm tốt. Mình sẽ rủ bạn đến ăn nữa.Xem thêm",51
595,Linh Đặng,28/2/2019 16:22,4.0,"Không gian quán rộng rãi thoáng mát . Mình gọi bánh bèo bì , có bì thịt ba rọi sắc sợi , đậu xanh , giá rau thơm , tôm cháy , nước mắm pha rất nhạt nhẽo , hương vị bình thường , không có gì đặc biệt . Giá cả theo mình là đắt vì với giá 35k mình có thể ăn 1 dĩa bánh bèo chế biến cầu kỳ hơn có cả chả và những loại bánh khác . Nếu mà đói quá ăn quàng thì được chứ nếu được lựa chọn thì sẽ không quay lại .Xem thêm",51
596,foodee_012d4bf2,9/6/2022 21:10,4.4,"Nhìn không gian quán cũng đc  
Nhưng phục vụ nữ ko đc đã đưa bánh trồng lên còn thái độ với tôi tui kêu đổi còn cãi lộn với tôi tôi kêu thêm bánh qua kêu cho thêm rau mà cô nhân viên nữ trồng bánh của tui vẫn ko cho tui mong cô chủ nói lại cô ấyXem thêm",52
597,PN PA,23/11/2020 6:43,7.2,"Menu chỉ có bánh xèo tôm và bánh xèo mực, đồng giá 60k/dĩa 8 bánh, nên mình vừa order là mang lên ngay.
Rau nhiều và sạch sẽ. Quán chuẩn bị sẵn bình nước mắm, khách tự thêm tỏi ớt tắc cho hợp khẩu vị.
Mình đi 3 người gọi 2 đĩa, quấn từng bánh với rau nên ăn vừa đủ no mà không bị ngán dầu.Xem thêm",52
598,Villay 0110,25/8/2020 13:52,6.8,"Thấy quán đông nên vào ăn thử.
1 dĩa tận 60k cho 8 miếng nên tụi mình thấy chắc ngon lắm.
Tôm mập, mực chắc thịt. Bột đổ cũng mỏng vừa ăn. Thấy 60k hơi mắc thiệt nhưng cảm thấy chất lượng.
Tụi mình đi 6ng kêu 3 dĩa: 1 tôm 1 mực 1 thập cẩm là đủ ăn.
Nhân viên làm đồ cũng khá lẹ làng.Xem thêm",52
599,Mei Cao,14/7/2020 1:13,9.4,"Mọi thứ đều ổn ngoại trừ bánh chiên quá ngập dầu chứ ko đổ vô khuông quét mỡ như truyền thống. Thôi do kiểu kia quá lâu nên cũng chấp nhận vậy. Hồi xa xưa nhà m toàn ăn Bà Hai, sau được một dì ở VT chỉ quán 14 nên mấy năm nay ra VT chỉ ăn quán 14 cho lẹ, cũng đỡ thèm hihiii.Xem thêm",52
600,Thư,9/6/2020 19:19,4.4,"Bánh vẫn ngon như lúc đầu, giòn giòn không dầu mỡ nhiều, tôm mực tươi, nước mắm pha vừa phải.
Thứ cảm thấy khó chịu nhất đó là thái độ phục vụ, không hiểu chủ quán có quản lí vấn đề này không vì đọc cmt thấy rất nhiều người phản ánh vấn đề này. Kinh doanh ẩm thực thì vấn đề phục vụ cũng là yếu tố quyết định một phần lớn trong việc tăng trưởng doanh số và lưu giữ khách hàng.
Quán mở cửa từ 7h-21h lúc mình tới là 20h vừa mới vô quán thì mấy bạn pv đã dọn sạch hết các bàn xung quanh (điều đó không nói làm gì) nhưng khi mình chỉ vừa pha nước chấm thì đã gom luôn bộ nước chấm vào cất. Rồi gôm luôn mấy ghế trống chung bàn. 20h30 có mấy bạn khác tới ăn đã nói là hết bán nhưng thái độ rất khó chịu với họ. Order thêm chai nước suối thì không cho ly đá nào hết. Gọi xin thêm ly đá thì tính tiền cả hai ly đá luôn (?) Ít ra chai nước suối cũng bao gồm 1 ly đá chứ.
Ăn xong thì đang nói chuyện với nhau vừa mới thốt câu “tính tiền nha” thì cô đằng sau lưng không biết xuất hiện khi nào đã bảo tính tiền phải không ?. Như chực chờ đuổi khách. Dù lúc đó mới hơn 8 rưỡi.
Chưa đến nữa năm quay lại VT nhưng giá cả dường như tăng cao gấp đôi vậy không hiểu lí do nào.
Quán là nơi mình hay ăn nhất khi đến VT, đợt này đi nghe bánh khọt 60K/dĩa tăng gần như gấp đôi. Sau khi đi mấy chỗ khác giá cũng giao động từ 50-60k nên mình cũng tạm chấp nhận dù không hiểu sao thị trường dưới này tăng giá như vậy.Xem thêm",52
601,Võ Thị Cẩm Thạch,8/3/2020 3:55,9.6,"Tụi mình có tới tìm BKGVS nhưng k thấy, thấy 14 cx khá đông nên vào thử
Bánh khá ngon, phần rìa bánh hơi cứng vì mỏng và chiên ngập dầu
1 phần tôm cx như mực sữa đều 60k
Tôm làm sạch sẽ, tươi, ngon, mình k thích ăn mực nhưng bạn mình cx nhận xét ngon
Mỗi bàn đều có 2 hũ tỏi xay và ớt bằm nhuyễn, 1 bình nước mắm tự phục vụ nên k lo hò hét nhân viên
Mình và bạn mình là chiến hạm thu nhỏ, sức ăn càn quét hết thế giới nhưng cx phải nhét nhét ms hết chừng đó bánh nên khuyên các bạn lượng sức để k bỏ phí nhé
Rau tươi, rửa sạchXem thêm",52
602,A Bc,9/11/2019 10:45,8.8,"Good lắm nha! Rau nước chấm thoải mái, phục vụ ok , gần gốc***sữa, mình khuyên ko nên ăn bên gốc***sữa vì bên đó coi bạn ko ra gì đâu còn chận chạp nữa, nói chung sẽ quay lại và giới thiệu cho bạn bè bánh khọt 14Xem thêm",52
603,Việt,9/9/2019 18:17,8.2,Bánh khọt đặc biệt tôm rất to. Khọt mực sữa cũng ngon. Rau nhiều. Nước mắm tràn ngập :)) bánh giòn rụm. Tôm mực đều tươi. Ăn ở VT ngon hơn hẳn bánh khọt trên sài gòn :))Xem thêm,52
604,Oanh Dao,2/9/2019 12:04,8.0,"Đây là lần thứ 2 hai vợ chồng mình đi ăn bánh khọt tại Vũng Tàu nhưng là lần đầu tiên ăn ở quán này, do thấy review cũng khá tốt. Quán nằm ngay đầu đường giữa Hoàng Hoa Thám và 1 đường gì đấy mà mình quên tên mất rồi 😥 nhưng khá dễ tìm.
Mình tới vào giờ trưa cỡ 11h45, mà đông lắm luôn, phải chờ có bàn nữa cơ. Hai đứa tìm được bàn để ngồi, cũng phải chờ thêm 20 phút mới có món lên. Phục vụ cũng khá nhanh, thấy mình vào đã lập tức mang rau và chén mắm ra, nhưng món ăn chính thì chờ mòn mỏi. Hai đứa mình gọi cả hai loại: Nhân tôm 🦐 và nhân mực sữa🦑. Một loại 50k/dĩa.
Chờ đợi lâu cũng có giá trị, dĩa bưng lên bánh nóng hổi giòn rụn. Mực sữa và tôm đều rất chất lượng. Mắm pha vị vừa phải, rau thì cho thêm miễn phí. Nói chung 50k thì khá hợp lý, vì hai vợ chồng mình ăn 2 dĩa là no căng luôn.
Nếu muốn ăn thì phải kiên nhẫn vì thấy quán lúc nào cũng đông hay sao ý, nhất là buổi trưa và chiều (giờ ăn).Xem thêm",52
605,Thu Thảo Phạm Thị,1/8/2019 11:19,7.8,"- Vị trí: Ngay góc đường Hoàng Hoa Thám, gần tiệm bánh nổi tiếng Bánh bông lan Gốc Cột Điện
- Chất lượng: Bánh khọt ở đây ngon, giòn rụm, không nhiều dầu mỡ như các quán khác, ăn cũng không bị ngán, nước chấm vừa ăn, tự phục vụ nước chấm ngay tại bàn, mình gọi mỗi loại 1 dĩa. Mình ghét ăn mực nhưng quán này làm bánh khọt mực rất ngon và tươi. Rau ăn thoải mái, hết thì xin thêm
- Phục vụ: Phục vụ nhanh, nhiệt tình
- Không gian: Mình đi vào cuối tuần nên quán khá đông, ngồi trên lầu 2 có máy lạnh nên cũng khá mệt, có điều vì quán đông nên không gian khá chật chội.
- Giá cả: Theo mình thì giá cả như các quán bánh khọt khác ở Vũng Tàu, không quá đắtXem thêm",52
606,foodee_2ksottir,22/9/2024 13:37,10,Đồ ăn ngon phục vụ tốtXem thêm,53
607,hoathanhcuocdoitoi,19/9/2024 14:51,5.0,"Không gian sạch sẽ , thoáng mátXem thêm",53
608,Thị Trân Nguyễn,25/11/2023 17:51,9.8,Món ngon mỗi ngàyXem thêm,53
609,foodee_af4f64b9,20/10/2023 15:28,5.0,đồ ngon phục vụ tốtXem thêm,53
610,Gấm Phạm,20/10/2023 15:21,5.0,"Không  gian nhà hàng mình ăn rất sạch sẽ, lịch sự.Xem thêm",53
611,foodee_xyohd1pe,20/10/2023 14:18,5.0,"Không gian nhà hàng mình ăn rất sạch sẽ, lịch sựXem thêm",53
612,Nguyễn Thị Hiền,20/10/2023 14:17,5.0,Không gian nhà hàng mình ăn rất sạch sẽ và lịch sựXem thêm,53
613,foodee_8ez0nqrh,20/10/2023 14:11,5.0,"Không gian nhà hàng mình ăn rất sạch sẽ ,lịch sự!Xem thêm",53
614,foodee_4rlaglb2,20/10/2023 13:53,7.2,"Không gian nhà hàng ăn rất sạch sẽ ,lịch sựXem thêm",53
615,Tươi Leo,20/10/2023 13:35,5.0,"Không gian nhà hàng mình ăn rất sạch sẽ, lịch sử.Xem thêm",53
616,Hoa,7/12/2023 19:39,5.0,Món ngonXem thêm,54
617,Hiên Thu,7/12/2023 15:04,10,"Đồ ăn ở đây ngon,nên thửXem thêm",54
618,Hiên Thu,7/12/2023 14:59,10,"Món ngon,hợp khẩu vịXem thêm",54
619,Hằng Nguyễn,7/12/2023 14:44,10,Món ngon tuyệtXem thêm,54
620,Nguyen Giang,7/12/2023 11:26,10,Món ăn ngonXem thêm,54
621,Jumi Hồng Ngọc,7/12/2023 11:06,10,Món ngonXem thêm,54
622,Jumi Hồng Ngọc,7/12/2023 11:05,10,Món ngonXem thêm,54
623,Hồ Thu Quỳnh,7/12/2023 11:02,10,"Pizza thơm ngon, béo ngậy. Rất ngon miệng, nhân viên phục vụ tận tình chu đáo, view tuyệt đẹp để chụp ảnh. Chấm điểm 10 cho chất lượngXem thêm",54
624,Jumi Hồng Ngọc,7/12/2023 11:00,10,Món ngonXem thêm,54
625,Candy Hương,7/12/2023 10:45,10,Đồ ăn ngon xuất sắc nhaXem thêm,54
626,Trường Nguyễn,6/2/2024 18:32,10,Ngày mai bên bạn vó khuyến mãi bánh pizza và mì ý mua 1 tặng 1 khôngXem thêm,54
627,nga,6/12/2023 14:42,10,Ngon sẽ ủng hộ lần nữaXem thêm,54
628,nnbuyen,18/8/2019 8:59,7.8,"Mình ăn pizza ở đây hai lần, menu đa dạng và có cập nhật nhiều loại pizza mới, mình thích nhất pizza hải sản sốt thousand island và pizza phômai, vỏ bánh pizza phomai xốp giòn ngon lắm ăn kh ngánXem thêm",54
629,baoquoc123,15/8/2019 10:57,9.6,"Vì homestay gần nên chạy ra mua ăn thử.
-Chất lượng: phải nóii là cực ngon, viền phô mai có nhiều phô mai. 
- Giá cả: phải nói là rẻ vãi!!! Thứ 3,4 mua 1 free 1. Nên lúc mua 2 cái + nâng 1 cái lên viền phô mai chỉ có 209k.
-Không gian: Siêu đẹp và ấm cúng
-Nhân viên: siêu thân thiện, siêu dễ thương, chu đáo

Fan pizza không nên bỏ qua.Xem thêm",54
630,Ly Ly,10/7/2019 20:28,5.0,Mình là đứa kh thích ăn pizza nhưng do thấy mua 1 tặng 1 nên mình vào thử. Mình đi 2 người gọi 1 combo thêm viền phô mai. Phải nói là ngon cực. Chị nhân viên cũng đáng yêu. Mỗi cái là món ra hơi lâu nhưng kh saoXem thêm,54
631,Jo Hồ Ly,8/4/2019 21:24,8.2,"Thích dịch vụ ở chỗ này cực kỳ. Nhân viên lễ phép, thân thiện, vui vẻ, có quy củ.
Đồ ăn cũng ngon , chị em mình đi 4ng vào dịp tết, ăn giảm giá còn có quà mang về.Xem thêm",54
632,Hiền Phương,11/1/2019 11:27,9.4,"Giá phù hợp với chất lượng nhé. Đúng là tiền nào của nấy, bánh đầy đặn, ngon, vừa miệng. Không gian và cách phục vụ của nhân viên cũng xịn xò lắm nhé. Nên order thêm viền phô mai xúc xích nhenn. Phô mai béo, ăn với Pizza Pesto là đúng chuẩn luôn.Xem thêm",54
633,Mai Anh,3/1/2019 16:47,9.0,"Do nhà hàng mới nên các bạn nhân viên cực kì dễ thương và thân thiện, bánh làm cũng ngon và lạ miệng. Nghĩ tới là thèm!Xem thêm",54
634,trân,1/10/2023 15:05,5.0,Quán có ko gian hoài cổ rất đẹp. Thích hợp ăn gia đinh)Xem thêm,55
635,vân Khánh,1/10/2023 14:37,8.4,"Có không gian hoài cổ, thích hợp cho bữa ăn gia đìnhXem thêm",55
636,Trinh Nguyễn,1/10/2023 14:23,5.0,Quán có ko gian hoài cổ rất đẹp. Thích hợp ăn gia đìnhXem thêm,55
637,Jjbjj Bjhj,1/10/2023 14:15,5.0,"Quán rất đẹp có không gian hoài cổ,  thích hợp ăn gia đìnhXem thêm",55
638,Hương Trần,1/10/2023 13:37,5.0,Không gian rất đẹpXem thêm,55
639,Doahonghp My,1/10/2023 13:10,6.8,Quán có không gian hoài cổ rất đẹp. Thích hợp ăn gia đìnhXem thêm,55
640,hhfthjk,1/10/2023 13:06,5.0,"Đồ ăn ngon, sạch, phục vụ nhiệt tìnhXem thêm",55
641,Huệ Nguyễn,1/10/2023 13:04,6.0,"Quán có  không gian hoài cô rất đẹp  ,thích hợp cho ăn  gia đìnhXem thêm",55
642,Hiền Nguyễn,1/10/2023 12:19,5.0,"Món ăn ngon , món lên nhanh,nhân viên phục vụ nhiệt tình, sẽ quay lại đây lần nữa.Xem thêm",55
643,THUẬN Lù,1/10/2023 12:03,5.0,"Quán có không gian Hoài cổ rất đẹp,phù hợp ăn gia đìnhXem thêm",55
644,Vương Nhẽo Nhẽo,15/6/2020 14:57,2.2,"🦛 Quán hiện chỉ nhận đặt hàng qua Now thôi, không có nhận tới mua đem đi hay ngồi lại uống. Mình tò mò món sữa tươi trứng muối lâu lắc rồi nên biết ở đây có món này đã gọi điện nhắn tin đủ kiểu để tìm cách mua hihi.

🦛 Chất lượng: trừ món sữa tươi trứng muối siêu ngon ra thì những loại khác cũng khá là bình thường. Phô mai tươi uống kèm với trà sữa thì nghe mặn mặn thơm thơm béo béo lạ miệng, nhưng nếu ăn không khi đã hết trà sữa rồi thì nghe lại nhớt nhớt bở bở kỳ kỳ và mùi phô mai giả ơi là giả. :""3 Trân châu dở ơi là dở, kiểu bị bở và vón cục và không có vị gì hết, khi nhai cảm giác như đang nhai cao su. Ngặt nỗi quán lại cho nhiều thiệt nhiều trân châu. :""(. Mình đặt qua Now, lúc mình nhận thì 5 ly nguyên vẹn, nhưng vừa cầm lên thì có một ly nứt toác ra luôn, làm bỏ mất ly đó. Các ly có vị không đều, ly thì ngọt nhức nhối, ly thì nhạt như đang uống nước lã có mùi thơm thơm. 

🦛 Giá thì mình thấy hơi không xứng với chất lượng, vì ngoại trừ sữa tươi trứng muối siêu ngon ra thì các món còn lại hơi dở, dùng nguyên liệu không tốt và đá với trân châu chiếm hơn nửa ly. Phần trà sữa rất ít. 

🦛 Phục vụ: có lẽ vì có chuyện riêng hay sao mà khi mình gọi điện hỏi thăm quán còn hoạt động không (đi ngang thì mình thấy quán đóng), mình gọi lúc gần 4 giờ chiều, chắc do ngái ngủ nên giọng chị bắt máy hơi gắt gỏng cộc cằn. 

🦛 Có ai chỉ mình quán nào bán sữa tươi trứng muối cũng ổn áp y như này hông? Mới thử mà mình đã thích ơi là thích ồi.Xem thêm",56
645,Khuê Phạm,12/5/2020 15:25,8.6,"Lâu rồi mới lại đến VT, tìm Vami ở địa chỉ cũ *** thì không thấy nên phải len Foody xem thử có chuyển đi đâu không. Lướt nhẹ phần review lại thấy có review khá tệ, hơi hoang mang nhưng thèm quá, địa chỉ mới lại cách chỗ cũ chừng 1.2km nên thôi thử đi luôn, nếu tệ thì sau này không ghé nữa.

Địa chỉ cũ thì có chỗ ngồi, địa chỉ mới thì chỉ bán mang đi thôi. 

Mình chỉ hay uống sữa tươi trứng muối, với mình vẫn rất ngon và nhiều sốt trứng muối nhé, ai thích có thể mua thêm 10k càng phê hơn. Bạn mình uống trà đào cũng thơm và được thêm thạch tự chọn (3 loại) nữa. Cô bán nói chuyện cũng khá hiền. 

Sẽ quay lại ^^Xem thêm",56
646,Thảo  Hồ,10/5/2020 14:09,5.0,"Cùng một món St trứng muối uống bao nhiêu lần đã làm sao, nay thành sữa*** soi hộ em có trứng muối k ạ, thà k bỏ thì thành sữa tươi uống cũng đỡ tức hơn 😔 Bái bai ne vờ uống lạiXem thêm",56
647,janele6647,3/5/2020 17:56,3.8,"Hôm nay mình có mua ly trà sữa nướng mang đi...
Cô bán hàng vừa đưa là mình đi luôn ko kiểm tra tại vì đi ô tô nên sợ ko đậu được lâu...
Lên xe rồi mới thấy trà sữa chảy quá chời xuống túi... Mà sữa chảy nên cầm vô ly thấy dính nhớp nháp khó chịu lắm lun...
Trưa nắng mà mua đc ly trà sữa uống cho bớt nhiệt rồi nhìn thấy cái cảnh z bực chịu hết nổi lun...
Xong mình bỏ túi đi vứt thì mới phát hiện ra ly bị hun lửa cháy lủng thành mấy khoang lận... Chắc lúc cô bán hàng hun lửa nên bị z... Mà cô ko đổ cho mình sang ly khác mà để vậy đưa luôn nên mình thấy rất thất vọng cách phục vụ quán...
Không biết uống vô mấy phần nhựa chảy ra có sao ko nữa...
Trà thì ngon mà mong quán phục vụ có tâm hơn chút...Xem thêm",56
648,Quỳnh Hương Đỗ,30/7/2019 20:56,7.8,"Đồ uống đa dạng. Mình uống sữa tươi trứng muối,sốt có vẻ hơi ítXem thêm",56
649,Lu Bún Bò,18/5/2019 10:21,7.2,"Hôm bữa thèm trà sữa quá nên mình order trà sữa vami qua now giao tận nhà, nghe đồn về vami đã lâu nên bây giờ muốn uống thử. Loại truyền thống thêm bánh flan và trân châu trắng. Uống thấy ok, vị ổn, ly khá to, mùi trà hơi nồng, mình không thích ngọt quá nên uống vẫn chưa ưng lắm. Nếu được chọn lại thì mình sẽ không thêm bánh flan, vì cho flan vào lúc hút lên sẽ bị nát lung tung, mất cái ngon của bánh flan. Trân châu trắng dai dai ăn rất đã miệng nha.Xem thêm",56
650,Tu Le,8/9/2018 1:57,7.8,"Mình uống Ts ở Vami rất nhiều lần r. Ưng nhất là Ts k bị nhạt, ly to và nhiều, topping qtqd luôn.
Đứng order xong chờ 1 tí là có ngay, chưa lần nào mình phải chờ quá lâu cả. (Quán take away, khách mua khá đông)
Mình hay order Ts socola hoặc Ts phủ socola. 👍🏻👍🏻👍🏻Xem thêm",56
651,Foodee_thao,30/8/2018 16:09,5.0,"Vừa ghé mua ly trà sữa truyền thống, cảm nhận là vị bình thường, chân châu trắng ko có gì đặc sắc!Xem thêm",56
652,Phương Anh Lê Ngọc,30/7/2018 15:12,4.6,"Trà sữa và sữa tươi rất ngon. Nhưng mình hay od now thì ko lần nào trà sữa có cho topping cả, mình mua trực tiếp thì lại có. Không biết là do od trên now thì ko đc topping hay ko nữa? Hơi thất vọng 1 tẹoooXem thêm",56
653,Mỹ An,26/7/2018 10:21,8.6,"Không biết đã uống sữa tươi trân châu đường đen ở Vami bao nhiêu lần rồi luôn :> 
   ¤ Nay mình thử vị mới là Sữa tươi kem sữa cacao trân châu đường đen_32K cho ly 700ml no căng :v như đã nói ở rất rất nhiều bình luận trước thì sữa tươi béo béo, trân châu ngọt thơm, khuấy đều với sữa thì độ ngọt vừa phải, ko quá gắt. Kem sữa cacao thơm, nhưng mà do mình ngoáy hết lên nên quên thử vị của only kem sữa xem nó ra sao :< *để lần khác mua lại review típ hihi*
   ¤ Bình thường đi buổi trưa thì mẹ chị chủ bán, và ai cũng dễ thương thân thiện cả. Nói chuyện nhẹ nhàng, lúc tính tiền còn hỏi cô tính vậy đúng chưa con, trả con đủ tiền dư chưa.Xem thêm",56
654,Thiên Khoa,9/1/2022 15:02,9.0,"Giá khá là mềm, chỉ có loại t và trứngXem thêm",57
655,SÁM HỐI LUẬT NHÂN QUẢ,28/2/2021 21:42,5.0,"Bánh khọt Út Loan giòn ngon tạm được nước chấm vừa ăn nhưng kém vs quá, rau không tươi còn để nơi gần chổ nuôi thú chó nằm, khách không đông lắm nhưng kêu bánh bao nhiêu cũng có rau thì chắc chờ người lặt hoặc hái gì đó,  gđ tôi kêu 5 dĩa chỉ một dĩa rau nhưng ăn đã hết 4 dĩa bánh chờ thêm rau lâu quá đành phải  ngừng nghỉ ăn luôn, được cái ông già chủ quán người bắc quá nhiều năng lượng ai gọi hoài góp ý gì thì lập tức trả đũa không hề ngưng nghỉ , tốt nhất là chúng tôi rời khỏi quán để qua quán bánh khọt 14 ăn cho đỡ bức xúc,Xem thêm",57
656,Minh Nguyễn,18/2/2021 11:53,9.4,"Bánh giòn như snack 🤣 Ăn mãi không ngán. Tôm tươi😘 nước mắm ngọt ăn rất vừaa😘
35k dĩa thường rất xứng đánggXem thêm",57
657,Tran Tran,9/9/2020 16:19,7.8,"quán thoáng mát, dễ tìm. giá hợp lí, rẻ hơn vài quán khác. ngon mà kh hiểu sao vắng khách gê. mình tới tầm chiều 4-5h mà chỉ có mình mình tới lúc về luônXem thêm",57
658,Nava,7/5/2020 15:11,5.6,"Trưa nắng thèm bánh khọt mà tầm 12-13g ít hàng nào bán nên ghé đại quán này. Lúc thấy chảo nhiều dầu nhìn hơi sợ rồi nhưng lỡ vào rồi biết sao giờ hic...Ai thích ăn kiểu giòn rụm chắc sẽ thích chỗ này, còn mình sợ đồ dầu mỡ nên ko hợp gu. Bù lại rau sống ăn kèm tươi, sạch. Không gian thoáng mát (có mình mình ngồi ăn nên ko biết sáng hay chiều tối quán có đông khách ko), vị trí dễ tìm. Quán kiểu gia đình.Xem thêm",57
659,Thủy Tinh Trịnh,3/2/2020 13:50,8.0,"Không gian ở đây thoáng mát, cửa hàng dọn dẹp lau chùi khá sạch sẽ
Đồ ăn ngon, vừa miệng
nhân viên chủ quán khá vui tínhXem thêm",57
660,Anh Duy,3/2/2020 13:00,10,"Lần đầu nghe nói bánh khọt chổ Út Loan bên***ngon nên ăn thử.
Nhận thấy như sau
->
Không gian quán gió thổi rất mát,thoán , cũng khá rộng vĩa hè có thể ngồi ăn một cách thoải mái thích như vậy.
-Dường như quán gia đình cũng noai chuyênn lịch sự. 
-Đầu bếp chính một mỹ thụ siêu kute,
-Bánh khá giòn do mình yêu cầu, dĩa cũng nhiều rau này nọ nhìn sạch sẽ, nước mắm cũng khá hợp khẩu vị. Phần đặc biệt có nhiều tôm hơn tôm cũng chắc thịt vị cũng tươi ngọt, giá cả phải chăng, 30-60kXem thêm",57
661,Sử Tuấnn,14/6/2019 20:05,9.6,"Quán đã dời về số 3 LÝ THƯỜNG KIỆT nha m.n, giá cũng tăng lên 30k/phần, phần đặc biệt thì 60k

Quán này mình ăn thấy ngon nhất trong những quán bánh khọt mình từng ăn ở VT, không bị quá dầu, bánh giòn, tôm tươi 😋Xem thêm",57
662,Chi Nguyễn,9/6/2019 14:28,7.8,"Đây là lần thứ 2 ăn ở đây rồi. Thích cách chiên bánh giòn rụm ăn đã miệng, rau cho nhiều, hết xin thêm, mình thích ăn nhiều hành nên xin thêm thì quán cho nguyên 1 chén luôn. Tôm tươi, giòn. Nước mắm vừa ăn.
Mình toàn đi buổi trưa nên quán k đông và k phải đợi lâu. Phục vụ cũng k tươi cười nhưng gọi gì là đem ra liền, mình thấy v là đc rồi.Xem thêm",57
663,Phi Nguyễn,15/4/2019 12:37,5.2,"Quán quá ít nhân viên, phục vụ chậm, đợi nửa tiếng chưa có đồ ăn. Nói chung chất lượng món ăn bth mà phục vụ chậm quá chán, trung bình.Xem thêm",57
664,Phương Trương,19/11/2018 8:30,2.8,"Mình đọc review thấy ngen ngợi ầm ầm, nhưng đến thì thất vọng hoàn toàn.
- Về không gian: Bước vào quán cảm giác đầu tiên là rất nóng. Bạn mình phải hỏi cô phục vụ bật quạt, sau đó cô mới bật điều hòa. Nệm của ghế ngồi quá cũ, nhìn rất bẩn chứ k lung linh như hình, quán có nhiều góc rất bụi
- Về đồ uống: Mình gọi 1 sữa chua đá bào và 1 Tắc mật ong sả.
+ Sữa chua đá bào thì chủ yếu là đá, quất cho vào quá nhiều nên quá chua, uống sữa chua mà nồng nặc mùi quất và vị chua lấn át hết tất cả. Chưa kể còn rất nhiều hạt quất ở trong, uống phải cẩn thận không là nuốt tuột vào họng. Nhưng mà so với món thứ 2 thì còn được chán.
+ Tắc mật ong sả: Món này phải gọi là thảm hại. Mình uống vào 1 ngụm mà k nuốt nổi luôn. Mùi mật ong bị thiu hay làm sao mình k rõ, nhưng cả mùi và vị đều chua chua, k ngửi nổi chứ chưa nói đến uống. 
- Về nhạc: Ghitar và piano có vẻ như chưa đc chuyên nghiệp, rồi mấy bạn lên hát cứ như lên làm trò cười, vừa hát vừa cười cợt, trông rất mất lịch sự, khiếm nhã. Bọn mình đến muốn nghe nhạc acoustic nhẹ nhàng nhưng bị quá thật vọng về phong cách ở đây. Phải trả 40k phụ thu cho một thứ âm nhạc như thế này thật sự không đáng. Sẽ k bao giờ quay lại lần 2Xem thêm",58
665,Meo Cú,10/1/2018 23:32,5.2,"• Nằm trên mặt tiền đường Bà Triệu, không quá khó tìm dù là với dân địa phương hay khách du lịch.
• Không gian cũng được, nhưng có vẻ hơi tù túng và rối. WC bẩn lắm nha. Quán có máy lạnh nhưng không hiểu sao vẫn thấy nóng. Wifi tốt.
• Menu đa dạng, giá cả tuy không quá mắc nhưng đồ uống lại khá tệ. Trà tắc quá chua còn trà đào thì khá ngọt. 
• Nhân viên lịch sự chứ không nhiệt tình lắm. Nước lên khá lâu. Quán không có bảo vệ nên khách phải tự để, tự dắt, tự trông xe.
• Không quay lại.Xem thêm",58
666,Phương Anh Nguyễn Hồng,3/9/2017 12:42,9.0,Vô tình ghé vô nhưng mọi thứ từ không gian đến thức uống và giá cả đều rất ok với mình.Xem thêm,58
667,Quyen Quyen,9/7/2017 13:04,7.8,"Lâu rồi mới có dịp đi vũng tàu nên cũng muốn la cà đâu đó. Đang chạy thì thấy quán nên tấp vào luôn, tối t7 và chủ nhật có nhạc acoustic nữa, cô chủ quán hát hay, mấy bài ballad nghe nhức nách luôn. Quán bày trí đẹp thích hợp sống ảo đủ tư thế ]], quán còn có nến thơm nữa, vừa nghe nhạc vừa uống trà ta nói nó đã
Có dịp sẽ ghé quán nữa.Xem thêm",58
668,Van Hai Phan,13/4/2017 1:06,7.8,"Quán này có nhiều không gian sống ảo bao đẹp luôn nha. Có 3 khu, khu bên ngoài với nhiều chậu cây tiếp đến là quán máy lạnh được decor khá đẹp và nhiều chỗ chụp ảnh đẹp và một khu sau sân vườn để trang trí giống như một khu phố cổ Hội An.
Nước uống chỉ dừng ở mức khá, mình thích bánh su kem như hình.
Giá cả ở mức vừa phải.
Nói chung tới đây sống ảo là chủ yếu. Hí híXem thêm",58
669,Munie.Tr,9/4/2017 0:53,7.8,"Vị trí: nằm trong đường nhỏ nên hơi khó tìm cho ai k quen đường vt nè
Về quán: view siêu đẹp luôn í. Có tủ sách nè, có 1 phía góc làm kiểu để cho ngta sống ảo vậy. Nhìn hơi cổ điện. Mà nchung là thích lămz. Đằng sau là cf vườn. Thoáng mát
Đồ uống khá là ngon. Mình gọi yogurt việt quất và thấy như vậy. K quá ngọt sữa, ly lớn luôn nè. Ở đây có bánh nữa đấy, giá k cao lắm, nhìn trên menu thì thấy chỉ từ 25k-50k thôi nè. Mà mình cũng chưa thử hihi
Phía ngoài là chổ trồng cây. Nhìn cưng lắm í 🙂 sẽ quay lại nè :))Xem thêm",58
670,Agn  Nart,8/3/2017 16:04,7.6,"Quán này ta nói đẹp từ trong ra ngoài luôn mọi người ạ. Mình đến quán vào một buổi chiều, quán rất yên tĩnh, bình lặng, tạo cảm giác rất thoải mái. 
Giá cả nước uống thì cũng vừa phải, hợp túi tiền.
Điểm cộng to đùng là decor siêu chất theo kiểu cổ điển, chụp hình sống ảo là chuẩn rồi.Xem thêm",58
671,Trâm Lê,2/3/2017 17:38,7.8,"Vị trí: Ko nổi bật nên dễ đi lố nếu ko để ý. Quẹo từ nguyễn văn trỗi vào dễ kiếm hơn
Không gian: Ko giống các quán cafe hiện đại nhiều khi còn thấy rối mắt cho ng ko thích chụp ảnh nhưng lại là thiên đường cho các thánh sống ảo
Nước: mình od trà đào sả vs smoothie đào. Trà đào sả ngon ko thấy mùi sả nhưng đào miếng tươi và chấp nhận được. Smoothie đào thì bạn mình bỏ gần hết. Mình thử thì cũng sợ luôn thật sự rất tệ. Ko có mùi đào thanh vào đó là mùi whipping cream nồng nặc màu thì lại màu trắng huhu hơi thật vọng nhẹ
Nhân viên: ổn chỉ có 1 bạn thôi buổi chiều quán vắng nên ko đánh giá gì nhiềuXem thêm",58
672,Ocean,6/11/2016 1:42,6.6,"Ăn no nê rồi thì phải kiếm chỗ để uống :3
TP Vũng Tàu nhỏ vậy mà cũng tìm 1 lúc lâu mới đến đc đây.
hình như có mỗi 1 bạn coi quán, kiêm dắt xe cho khách luôn vì thấy khá vắng vẻ.
Không gian quán hơi hẹp, hình chữ L. đc cái cũng nhẹ nhàng, yên tĩnh, mát mẻ, chỗ ngồi khá thoải mái.
Phục vụ tận tình, nhanh chóng.
Đồ uống thật ra thì ko có gì đặc biệt, cái mình thích ở đây là không gian yên tĩnh, trang trí đơn giản, 2 màu đen-trắng làm chủ đạo, khá đẹp. Mình còn thấy có micro và 1 bộ loa trên 1 khoảng nhỏ chắc là sân khấu. Đoán là ở đây còn có những buổi acoustic 👍Xem thêm",58
673,Nhu Nguyen,28/8/2016 10:05,9.0,"Quán rất đẹp, nhân viên nhanh nhẹn và niềm nở với khách hơn nữa quán mở nhạc rất hay. Nước uống rất ngon, giá cả cũng hợp lý. Nói chung quán khá yên tĩnh thích hợp cho mấy bạn không thích ồn ào... Mình chắc chắn sẽ đến đây lần sau.Xem thêm",58
674,Huy Trần,31/7/2022 8:25,5.0,Phục vụ chậmXem thêm,59
675,Foodee_17244098,8/3/2021 10:55,5.0,"Không thể nói là dở nhưng ngon cũng chẳng ngon, 1 phần xíu mại trứng vô cùng bình thường (thậm chí là trông khá chán) có thể tìm thấy ở bất kì đâu nhưng không hiểu sao lại đông và nổi tiếng đến thế. Tìm không ra quán xíu mại nào nữa nên ăn đại mà hơi thất vọng do mình mong chờ 1 phần ăn đặc sắc hơn cơ, giá 25k okXem thêm",59
676,Minh Hạnh Nguyễn,28/10/2020 12:22,7.2,"Ăn cũng được nhưng mình thấy giá cao 
Xíu mại ăn okie còn mấy món khác bình thường k xuất sắc lắmXem thêm",59
677,Ivan Pham,27/10/2020 9:52,6.2,"Nếu ngán các món hải sản thì đây cũng có thể lựa chọn cho bữa sáng. Sốt vị hơi mặn, ko sệt như các quán mì chảo khác, ko được thơm. Viên xíu mại to, hơi mặn, cá mòi ngon. Giá 1 phần đầy đủ là 40k, hơi cao so với chất lượng, bánh mì 2k/ổ.Xem thêm",59
678,Hà Minh Ngọc,4/10/2020 17:29,9.0,"Mình có mò đến đây ăn sáng vì nghe review và quả thực không làm mình thất vọng. Ngon nhất là xíu mại, nước chấm vừa, xíu mại thơm, rất hấp dẫnXem thêm",59
679,Minh Quân,7/8/2020 18:35,5.8,"Mình mới đi ăn ở đây xong, chả hiểu sao foody kêu phần giống hình ( cá hộp, trứng, xíu mại) là 20-25k trong khi mình đi 2 người kêu 2 phần 4 bánh mì 2 trà đá tính tiền 94k??? Ngon thì cũng ko phải là ngon mà là vừa miệng thôi. Mình biết là foody review này cách đây 2-3 năm, h thì lên giá mà ko ngờ lên đến mức chóng mặt😥 ăn xong mà thất vọng tràn chề.Xem thêm",59
680,Tâm Lê,4/7/2020 14:24,7.0,"Bánh mì giòn, xíu mại ngon nhưng đợi lâu quá, mình vô bàn ngồi 10p sau mới có người ra lau dọn bàn, sau đó thêm 15p mới ra món, chờ dài cái cổ, chắc sẽ không quay lại nữaXem thêm",59
681,Nhung Nguyen,11/3/2020 9:54,9.0,"Xíu Mại ngon, đậm đà, mình rất thích ghé qua đây ăn sáng. Tuy nhiên quán đóng cửa trưa nên lần trước chạy qua lại đóng mất rồi :( Quán phục vụ nhanh, vệ sinh chấp nhận đc, sẽ quay lại dài dài 😻Xem thêm",59
682,Hieu Ng,27/2/2020 8:27,2.2,"Quán dời sang góc đường Cô Bắc, cũng rộng rãi, nhiều chỗ. Khách đông nhưng quán cũng sạch sẽ, phần thập cẩm gồm 1 viên xíu mại 1 ốp la và 1 bánh mì là 22k, nếu thập cẩm có thêm cá hộp 2 miếng là 40k 1 phần. Bánh mì mới, giòn. Xíu mại viên 10k ăn ngon, nước dùng hơi ngọt. Trứng ốp la có thể order trứng tái hoặc chín, bánh mì thêm 3k/ổ. Phục vụ nhanh. 5 người ăn 4 phần bình thường và 1 thập cẩm và 6 ổ 7 ổ bánh mì hết 134k khá rẻ. Điểm trừ là lúc quán đc giao bánh mì, lúc đổ bánh mì vào giỏ có làm rơi xuống đất 1 ổ nhưng chủ quán cũng vẫn cho vào giỏ bánh mì như bình thường dù mình thấy có người hỏi bỏ ra ngoài!Xem thêm",59
683,Tiny,26/10/2019 15:25,7.2,"Mỗi lần về Vũng Tàu là mình phải đi tới đây ăn 1 lần mới được nè. Xíu mại to bằng nằm tay chan thêm nước chấm rất đậm đà và vừa miệng luôn nha. Hôm đó mình tới thì kêu 1 phần thập cẩm, 1 phần xíu mại và trứng. Theo nhận xét của mình thì phần thập cẩm vì có cá nên ăn không ăn nhập gì với những phần còn lại lắm hen.
Nếu các bạn muốn ăn thì phải đi sớm sớm 1 chút tầm 7h sáng vì chỗ này hết siêu sớm luôn ấy. Có đợt mình tới nơi thì đã hết mất rồiXem thêm",59
684,Thị Minh An Phan,15/11/2023 15:43,5.0,OkiXem thêm,60
685,hoangmy,15/11/2023 14:48,5.0,OkiXem thêm,60
686,Đinh,15/11/2023 14:42,5.0,Rất ok ạXem thêm,60
687,Nguyễn Thảo,15/11/2023 14:35,9.6,OkiXem thêm,60
688,Tống Thị Thu Trang,15/11/2023 14:29,5.0,Rất oke ạXem thêm,60
689,Vy Ka,15/11/2023 14:23,10,OkiXem thêm,60
690,foodee_un5jsp1v,15/11/2023 13:59,5.0,OkiXem thêm,60
691,Sen Hương,15/11/2023 13:38,5.0,OkXem thêm,60
692,foodee_eutxkw3s,15/11/2023 13:28,5.0,OkiXem thêm,60
693,foodee_dogcjf1y,15/11/2023 13:24,10,OkiXem thêm,60
694,Sữa Cười,13/2/2022 14:48,3.4,"Dãy phó này tòa lẩu cá đuối, vào đại quán này vì thấy cũng có vẻ đông. Trời ơi chuẩn bị lâu kinh khủng, mình ngồi 2 tiếng ăn được đúng 2 món. Đã thế đồ ăn ít xỉu, thật sự khá tệ. Tuy rằng ăn khá vừa miệng nhưng khẩu phần và thời gian chuẩn bị thì tệ vô cùng. Vào quán thì mùi tanh kinh khủngXem thêm",61
695,Quỳnh Quỳnh,30/9/2020 6:35,4.8,"Lòng vòng Vũng Tàu nghe nói lẩu cá đuối là đặc sản ở đây, nghe***chủ khách sạn recommend nên ghé qua ăn thử. Lẩu bình thường theo mình cảm nhận thì hơi ngọt kiểu nhiều bột ngọt. Ăn cũng bình thường có điều cũng nhiều cá đuối thật. Bạch tuột nướng thì khá tệ, hình như chả tẩm ướp gì nhúng qua sa tế rồi nướng vậy, vị không ngon cũng không thơm mùi nướng gì hết. Gỏi chắc là món ok nhất, ngọt ngọt tôm thịt tươi và vừa miệng. Nhân viên hơi kì lạ, có gọi thêm 1 phần bún nhưng bill là 2 dĩa, có hỏi bạn nhân viên thì bạn ngơ ngác bảo lẩu không kèm bún. Ok chắc ăn lẩu không thôi bún phải mua.Xem thêm",61
696,Trần Thư,17/6/2019 16:17,8.2,Lẩu măng chua quá chua :v gỏi xoài ốc giác thì ngọt :v bạch tuột nướng muối ớt trông thấy và ăn giống xào sa tế hơn :v chưa no đã ngánXem thêm,61
697,Anh Thyy,22/9/2018 18:26,6.8,"Lẩu chỗ này nghe nói là chỗ mở cửa đầu tiên ở Vũng tàu nên sẽ ngon hơn ở mấy chỗ khác
Nhưng mà lúc ăn thấy hương vị khá bình thường, cá không tươi lắm hơi có mùi rồi chắc làm không kĩ
Nước lẩu ngọt mỗi tội độn rau nhiều quá, có mấy miếng cá ở trên là hết rồi đó
Cá chấm tí mắm ớt là vừa phải đi chơi biển về ăn khá hợp lýXem thêm",61
698,linh22,20/9/2018 21:56,6.0,"Mình gọi 1 lẩu cá đuối và 1 cá đuối nướng. Là người Bắc vào du lịch nên ăn lẩu thấy chưa hợp vị lắm, khá là chua và nhiều mùi dấm, cá đuối nướng bị cay quá dù đã yêu cầu giảm cay. Vẫn thấy khá ổn vì thịt cá khá giòn, cá tươi và mức giá vừa phải! Mong nhà hàng có thể giảm chua và cay!Xem thêm",61
699,Peony Bing Qing,28/6/2018 21:04,2.0,"Mình order foody về nhà ăn, lúc về mở bao cá thì cá còn sống và bốc mùi rất hôi như bị ươn rồi. Lúc đầu mình nghĩ là do cá sống nó thế, nhưng khi nấu lên rồi nó còn hôi tàn bạo, vị quá kinh khủng. Quán còn quên bỏ bún cho m nửa. Hic, ngày xưa ăn ngon lắm mà sao giờ chán quá.Xem thêm",61
700,Trang Khánh,25/5/2018 23:36,5.4,"Lần nào đến Vũng Tàu cũng ghé đây ăn lẩu cá đuối. Lần này giới thiệu bạn bè đến thì lại bị thất vọng ghê gớm. Đợi món gần 1 tiếng mới có, mà còn lên thiếu. Hôm nay lẩu không ngon mà còn ít nữa, và cá không được tươi. Ăn xong cái lẩu đi về luôn,mặc dù còn thiếu món, thiệt bực ((Xem thêm",61
701,thanhnhan,1/5/2018 1:04,7.2,"Lúc mình ăn là trưa nên không ra chợ đêm hải sản được, đành kiếm quán trong thành phố. Thấy chỗ này khá nổi tiếng nên ghé ăn thử. Mình gọi cái lẩu cá dứa ( hình như vậy, tên con cá khó nhớ :)) ) và 1 đĩa mực hấp. Nước lẩu nêm nếm mặn mà, rau ít nhưng chung quy lại ăn cũng ổn. Sợ nhất là cái đĩa mực, nhạt toẹt luôn, nước mắm chấm cũng dở thật sự, chất lượng tệ so với giá cả. Không gian quán khá rộng rãi. Có lẽ quán chuyên về cá đuối nên mấy món khác không được đặc sắc.Xem thêm",61
702,Như Ngọc Nguyễn,24/4/2018 18:31,7.4,"Quán này nổi tiếng ở VT rồi nên lần nào đi VT mà thèm lẩu cá đuối đều ghé. Mình đi vs nhà m nên ăn cũng nhìu mà hk chụp nhìu. Lẩu cá ăn vẫn okay nè, mực một nắng nướng aen ngon, tuy muối ớt xanh chưa đc ngon lắm. Mấy món khác cũng vừa miệng. Nhân viên cũng nhiệt tìnhXem thêm",61
703,Thành,14/4/2018 11:20,8.2,Lẩu ngon tuyệt cú giá 140 180 230. Bọn em 2 người ăn cái 140 no ứ ừ.  Bạch tuộc nướng thì hơi dẹo xí. Khuyên nên ăn đồ hấpXem thêm,61
704,Trang Anh,16/11/2023 16:46,5.0,Hàng tươi ngonXem thêm,62
705,HienTrang Le,2/7/2022 23:25,8.0,"Hải sản tươi sống ngon. Mình đi 2h chiều nên quán cũng ko quá đông, phục vụ nhanh lên món nhanh ok lắm. 
Tôm tít 1700k/kg mình ăn 4 con nửa kg
Ghẹ 550k/kg 4 con nửa kg
Các món khác cũng ngon lắmXem thêm",62
706,tuan anh,29/9/2019 21:13,2.4,"Vừa đi ăn về, quán quá tệ về mọi mặt, đồ ăn dở, quán dơ, giá khg rẻ, ngoài biển nhưng bị bít rất bí, xung quanh bốc mùi hôi, giá này ra mấy quán khác vừa lịch sự sạch sẽ ngon mà rẻ hơnXem thêm",62
707,An Đỗ,11/8/2019 18:42,7.0,"Đồ ăn tươi, giá cả phải chăng có điều đồ ăn hơi nhạt vị, m cảm thấy vị chưa tới lắm. Ai thích ăn nhạt xíu thì cứ ghé quán này cũng rất ok ạXem thêm",62
708,Mỹ Anh Nguyễn Thị,20/7/2019 21:51,8.0,"Giá cũng cao nhưng mà ăn ngon. Có món ốc móc tay sốt me ngon nè, cơm chiên hải sản ngon, hàu nướng phô mai hay mỡ hành gì đều ngon. À hàu thì 25k/conXem thêm",62
709,Báo Điềm Đạm,5/7/2019 19:49,1.0,"Hải sản bán quá mắc ,kêu dĩa ốc móng tay ra thấy toàn là vỏ ốc kg được chừng 10 conXem thêm",62
710,Anh Truc,29/6/2019 18:42,2.4,"Mình vào 30p, gọi nhân viên nhờ dọn bàn 3 lần, không ai thèm trả lời. Mình qua quầy tính tiền nhờ cả quản lý, cuối cùng cũng không ai dọn bàn. Khoảng 45p sau bê ra được ít nước chấm, mình có gọi nước anh nhân viên cũng k đáp lại.
Đồ ăn tạm chấp nhận được, và sẽ không quay lại lần sau do thái độ của nhân viên phục vụ.Xem thêm",62
711,Khoa Tran,6/6/2019 9:50,1.0,"Tối qua tôi ghé TP ăn, nhân viên bảo 1 con chưa tới nửa kg nên tôi kêu 1 con.  Lúc đem ra tôi hơi thất vọng vì nhìn con cua chỉ nhỏ bằng lòng bàn tay những tưởng báo nửa kg nó sẽ bự hơn.
Khi nhận được bill tính tiền, tôi hơi bất ngờ khi thấy tính 6 lạng cua. Tôi gọi phục vụ là xem lại cho tôi con cua nhỏ này sao 6 lạng được. Phục vụ bảo tôi là quán tính là chính xác rồi!!!
Nói thêm: đợt này xuanh quanh quán xây nhà cảng hì đó chắn gió, nhiều thuyền chài bốc mùi hôi thối thêm chuyện này thoii chia tay vĩnh viễn!!!Xem thêm",62
712,tpd12,14/4/2019 22:43,1.0,"Mình là người VT và thường xuyên đi ăn đó đây cùng người thân, bạn bè. Tuy đã được anh bạn thân cảnh báo là: phục vụ tệ và không gian dơ, chật nhưng nhìn hình hải sản ngon nên mình bất chấp. Biết đâu do hôm đó anh bạn thân xui chứ quán cũng không đến nổi. Nhưng không, tệ thật sự, hơn cả chữ tệ. Mình hứa là khi quay lại sg review mình sẽ không tiếc lời chê quán hơn nữa với bất kì người nào hỏi mình!

Mình và bạn vào hỏi thì nhận được cái lắc tay ""hết bàn"" trong khi ngay sau đó 1-2 xe sau 7 chỗ đông hơn hỏi ""còn bàn không?"" thì lại được trả lời có và chỉ chổ quay xe lại!!?!!
Mình thật sự không hiểu nổi! Nếu Thành Phát không muốn tiếp khách VT hay quy định khách vào tối thiểu 5-7 người thì dán biển và viết cáo thị chứ phân biệt đối xử vậy làm mình thấy bực lắm. Hay do quán nghĩ nổi tiếng nên dù có bỏ mấy khách cũng chả sao! 

Sau khi rời khỏi trong bực tức mình ghé ngay vào quán bên cạnh, tuy quán cũng đông nhưng ngta vẫn tiếp khách niềm nở. Mình không tiện nói tên mắc công lại tưởng mình là đối thủ review cạnh tranh. Nhưng công bằng mà nói, xung quanh còn rất nhiều quán view đẹp, không gian sạch sẽ, nhân viên nhiệt tình và giá cũng sêm sêm, không hề chặt chém. 
Các bạn nên cân nhắc trước khi chọn Thành Phát vì ĐI ĂN PHẢI THOẢ CẢ VỊ GIÁC LẪN TINH THẦN MỚI TRỌN VẸN!!Xem thêm",62
713,Tuấn Võ,7/12/2018 14:03,3.4,"Thức ăn tạm chấp nhận , nhưng phục vụ rất lâu và rất buồn , sẽ không quay lạiXem thêm",62
714,Quỳnh Như,27/5/2023 13:17,4.8,Thái độ nhân viên kém cực kìXem thêm,63
715,Khoa Bách,16/4/2023 0:16,4.0,Tuyệt với nếu loại khỏi địa bàn Vũng Tàu và foody!Xem thêm,63
716,Nguyen Son,28/1/2023 10:13,1.8,"Tôi ngồi ở bàn 21, tôi gọi 12 tô hủ tiếu mực. Nhưng nhân viên ở đây không có sắp xếp trước sau, tôi đến trước thì đợi hớn 30' mà không có hủ tiếu mình gọi trong khi hai bàn đến sau thì đã được phục vụ. Bàn ăn rất dơ, không được lau sạch. Đây là đầu tối ghé đây ăn và cũng lần cuối cùng. Không bao giờ ghé lại nữaXem thêm",63
717,Trinh Hoang,2/9/2022 12:21,5.8,"Mình đi hôm 2/9, quán đông nên phục vụ hơi lâu chờ tầm 15p mới có món. 
Hủ tiếu mực:79k + 3k trà đá
Vị ăn cũng tạm được ko đặc biệt lắm, nhưng ăn cũng ok cho buổi sáng tại Vtau. 
Đánh giá: 6,5/10Xem thêm",63
718,Ngọc Thu,3/2/2022 9:45,1.0,"Quán phục vụ quá tệ , k có sự sắp xếp người đến trước đến sau , sẽ k bao giờ quay lại 1 lần nào nữaXem thêm",63
719,Đặng Văn Thọ,21/3/2021 9:03,4.2,"Nhân viên không để ý tới khách.
K phân biệt được khách vào trước vào sau.
Gọi k thèm quan tâm luôn. 
Chỉ tập trung vào bàn nào đi đông người thôi.Xem thêm",63
720,Yến Nhi Nguyễn,16/3/2021 16:20,1.0,"Ủa quán đông thì sao, đông thì có quyền xem thường khách hàng à. xin lỗi ăn thử 1 lần cho biết thôi chứ không bao giờ có lần thứ 2 nhé. SAY BYE
Nhân viên rất thái độ với khách hàng, coi khách hàng như đi ăn xin vậy. Không hiểu sao chủ quán vẫn có thể để yên như vậy với vô số bình luận chê nhân viên của quán mình. Tại sao chủ quán không xử lý nhân viên vậy nhỉ. 
Đồ ăn thì cũng bình thường thôi, không ngon, nước lèo lạt nhách đã vậy còn bột ngọt không nữa. Mình dị ứng với bột ngọt nên ăn là biết ngay. Mực không tươi, không ngọt gì cả. Mực thì con chút xíu chứ có phải con bự gì đâu.

Quán xài bột ngọt, ai dị ứng bột ngọt như mình ăn 1 tô gãy cổ ko bao giờ quay lại 🤣🤣🤣

Thua ăn 1 tô hủ tíu 30k nữa huống gì bán tới 70k. Có mắc có dở đi bù lại nhân viên mà dễ thương thì cũng không đáng trách, đằng này, thôi khỏi bàn đi.Xem thêm",63
721,Phuong Thanh Tran,1/1/2021 18:30,6.8,"Mình chưa từng đi ăn quán nào mà vào quán nhân viên nói chuyện cọc lóc cục súc tới vậy, nghĩ sao vào quán ăn trả tiền chứ có xin đâu mà ""2 người ngồi ở đây nè"" , hồi nữa có anh chị kia lại bạn thu tiền vẫn tiếp tục giọng điệu ""2 người dô đây ngồi đi"", má ơi muốn đội lên bả lên bàn thờ lạy mấy lạy luôn 🙂Xem thêm",63
722,Constance Đoàn,29/11/2020 20:30,5.6,"#constanceinvungtau Hủ Tiếu Mực Ông Già - 📌🎯 113 Hoàng Hoa Thám phường 2 Vũng Tàu
.
📌 Như lần trước đã nói, đi du lịch mà đi ăn thì mình quan tâm hợp mồm, ngon hay dở chứ ai phang câu ""dân ở đây không ai ăn quán này"" hay ""quán toàn khách du lịch"" mình chả thèm quan tâm ))))
.
📌 Quán này nổi tiếng dành cho khách du lịch, mà mình ăn 1 lần ở Sài Gòn thấy dở ẹc mới đau 😂 Chả hiểu xui khiến sao lại vào đây ăn. Sáng 9h đông đen nghẹt, kêu hủ tiếu tôm mực cũng hết luôn, còn mỗi hủ tiếu mực, ăn đỡ vậy
.
📌 Chờ lâu thiệt lâu, cỡ 20 phút, mình cũng hỏi nhân viên thì mấy bạn bảo thông cảm quán đông. Thôi cũng hông gấp, đợi vậy. Được cái tô hủ tiếu bưng ra nóng hổi, rau cho khác thoải mái, mực tươi, ăn vừa miệng mình, thấy ngon. Mà kiểu ăn 1 tô chưa đã, ăn xong muốn ăn nữa mà hoai đi cafe vậy, ăn nữa no banh bụng
.
💰 Giá đúng là bán cho khách du linch, tô hủ tiếu mực giá 69k nhưnh mình hài lòng, không chê chất lượng món. Chỉ có đông quá chờ lâu làm hơi ngợp
-------
Follow hagstag #constancereportfood để đi ăn cùng Constance nhé
🐷🐷🐷
Instagram: @constance.reportfood
Facebook: Eat with Constance.D
--------
#Constancefooddiary #constancefood #foodreview #foodporn #foodstagram #instafood #foodaholic #foodholicvn #foodie #foody #foodyvn #vungtau #dianvungtau #vungtauangi #vungtaufood #hutieu #hutieumuconggiacali #hutieumuc #hủtíumực #seafoodnoodleXem thêm",63
723,Như Lê Jps,9/11/2020 13:07,4.4,"Lần 2 ghé, giá hiện là 69k cho 1 tô hủ tíu mực +thịt bằm, vị nhạt hơn trước, nước dùng đục. Nhân viên order, nhân viên phục vụ thái độ dửng dưng không cần khách, không ghé lại.Xem thêm",63
724,Vân Ý Nguyễn,12/12/2018 9:45,7.8,"Trà sữa không thơm nhưng béo,  vị thanh, mình hài lòng. Bên trái là Ly không đá quán cho nhiều trà sữa, ly bên phải là 50% đá. Nếu quán pha đậm mùi trà hơn thì tuyệt vờiXem thêm",64
725,lthu5667,3/7/2018 13:45,7.4,"Mình học trên tp. Lâu lâu mới về vt. Mỗi lần về đều tranh thủ qua đây uống hoặc mua về một li để uống. Nhân viên phục vụ nhiệt tình. Có một số lúc đông khách, nv bị rối nên đôi khi làm bị sai đơn. Không gian thoải mái, máy lạnh chạy phà phà. Cá nhân mình thấy đồ uống ở đây khá ổn. Topping cũng nhiều và đa dạngXem thêm",64
726,Tiên Nguyễn,24/2/2018 10:37,7.2,"Mùng 4 Tết mình ghé quán. Uống 2 loại trà sữa là  trà quan âm và trà mizusawa. Trà sữa thì cũng rất oke, uống vào không có vị béo ngậy, trân châu cũng oke mà dạng trân châu mùi với vị giống như bên Toco Toco. Và hơi bị sốc phí dịch vụ 20% ~ mình đã thấy cái bảng là phải trả thêm phí 20% cho Tết( vì ở Tp.HCM và những khu vực lân cận khác cho dù dịp Tết hay lễ gì đó thì cũng không phải trả thêm bất kì chi phí gì cho phí dịch vụ cả. Ở trung tâm thương mại cũng thế!!) Mình sẽ quay lại quán vào một ngày không trúng vào dịp lễ, tếtXem thêm",64
727,Trâm Lê,19/2/2018 8:46,8.2,Tết nhất đông mà quán phục vụ rất ư là ok. Những ngày này thì có huy động ng dắt xe. Nhân viên phục vụ cũng vui vẻ thân thiện. Quán ko quá đông tới tối vẫn còn nhiều bàn trống vì thực sự ko gian rất rộng. Nước thì vẫn ngọt như vậy dù gọi ko đường vẫn cảm nhận nó ngọt còn gọi bình thường thì hơi khé cổ. Ở đây có mấy loại trà trái cây nhưng ko thấy vị trà mà cái nào cũng có màu rất đẹp. Quán này tụ tập đánh bài rất ư là phù hợp vì có bàn thấp ở trên lầu. Tết phụ thu mỗi ly 5kXem thêm,64
728,Lại Lý Huỳnh Văn,19/9/2017 14:03,10,"Trà sữa ngon lắm Nhaaaa >< hương vị các loại
Quán đẹp, giá hạt dẻXem thêm",64
729,Lại Lý Huỳnh Văn,5/9/2017 12:44,10,"🔥Quán rộng , đẹp , phục vụ tốt, máy lạnh
🔥 nước ngon , đẹp , chất lượng . Có đồ ăn vặt các loại
🔥 giá cả không quá 30k,  ko mắcXem thêm",64
730,Trâm Lê,30/8/2017 18:20,7.6,"Trưa này mình tới quán vì là trưa nên hơi vắng ở tầng dưới máy lạnh mát lắm nhưng hổng có ai ngồi hết mọi người đều thích ngồi bàn thấp ngồi bệt. Mình cũng chọn ngồi trên luôn vì có em bé. Các chị đi cùng mình chê trà sữa ngọt ai cũng cảm thấy gắt và sau khi uống xong thấy hơi khó chịu. Còn mình gọi trà sữa hạt dẻ ko đường mà vẫn còn thấy hơi ngọt. Trân châu trắng cũng ngon nhưng ko mịn màng đẳng cấp. Giá cả tính ra cũng phải chăng. Nhân viên ok mà hình như ko có dắt xe 2 lần mình đi đều gặp tình trạng ""tự trông coi"" xe vậy áXem thêm",64
731,Vân Phạm,17/8/2017 19:28,9.6,"Mình uống ở mizu cũng nhiều lần rồi. Rộng rãi, thoải mái, ko gian đẹp. Trà sữa pha hơi ngọt, béo. Chỉ buồn 1 chút là hôm bữa mình order trà sữa quan âm mang về. Nhưng nvien quên bỏ sữa, làm uống nhạt nhách :(Xem thêm",64
732,Trang Nguyen,1/8/2017 0:22,7.4,"Vị trí dễ tìm nằm ngay mặt đường và gần biển toáng mát, giá cả phù hợp với chất lượng, phục vụ thì nhiệt tình nhưng hơi lâu chắc do đông khách, có lần 1 chị pha chế cho nhầm ngọc trai thay vì thủy tinh trái cây thì anh chị mang lại  chén thủy tinh vị tría cây này rồi bảo không tính thêm tiền, 1 chén vậy có 5k không đáng nhiêu cơ mà lại thích cách xử lý như vậy, không gian tầng trên mát hơn tầng trệt, trần trệt đẹp cơ mà nóng mà wiffi free nên vào không đượcXem thêm",64
733,Mều Na,19/7/2017 17:00,7.0,"Đội quân hơi hơi rảnh chúng mình mê ở đây vì được ngồi lê la oánh bài mà không bị ý kiến thỏai mái luôn á. Nên ghé vào nhìn quanh thấy đa phần cũng zô oánh bài hông hà :))
Vệ sinh không gian nhìn không có ok lắm, bao gồm cả wc, được cái nhân viên không khó chịu dù ngồi lâu hay gây ồn ào :))
Được cái hôm ghé không được oánh bài ngồi rảnh uống nước thì thấy trà táo với trà sữa ở bên này vị ok lắm luôn nha, khá là ngon luôn á ^^Xem thêm",64
734,ChauKhải Nguyễn,22/11/2020 20:33,2.6,"Đi ăn mà chờ phục vụ cả tiếng xong đi về. 
Gọi phục vụ thì bị bơ, chắc do nhà mình đi 4 người ít quá nên ko thèm tiếp. 
Người ta đến sau ăn gần xong mình vẫn ngồi gọi phục vụ. 
Ngồi chờ 30' để được nhờ chuyển bàn và thêm 30' để được ké 2 ly trà đá từ bàn khác. ???
Đội ơn và ko bao giờ quay lạiXem thêm",65
735,Thanh Tuyền,27/8/2020 9:07,5.4,"Chuyện là hôm qua lúc chiều mình có đến ăn cơm niêu. Năm trước mình đã đi ăn ở đây một lần rồi, cũng khá ổn nên năm nay mình quyết định ghé tiếp. Nhưng lại có khá nhiều thứ làm mình thất vọng. 

Điểm cộng: Canh ngon, thịt sườn xào chua ngọt ngon (Được 5 cục sườn), cơm dẻo ngon (Dù có phần lớp trên khá khô cứng), được tráng miệng 2 trái chuối.

 Điểm trừ: Dù bàn mình không xài khăn lạnh nhưng vẫn tính tiền khăn vào bill, tổng bill 113k, sau khi mình nói thì phục vụ bảo: Vậy thôi lấy 110k thôi ??? Tiếp đến là phần sườn xào chua ngọt, mình thấy trong menu có 2 mức giá, mình kêu phần nhỏ, anh phục vụ cũng ok ghi chép, đến khi đem bill ra lại là tiền của phần lớn, mình thắc mắc thì anh phục vụ bảo chỉ có 1 giá thôi (Vậy tại sao ban đầu lúc mình gọi món lại không nói rõ?) 

Nói chung quán ăn ngon nhưng có một số điểm trừ, dù tiền khăn lạnh và chênh lệch thức ăn không đáng bao nhiêu nhưng nên nói rõ cho khách.Xem thêm",65
736,Beo Beo,8/3/2020 16:36,1.0,"Cá dứa kho 1 phần 55 ngàn được một khứa
Thịt kho mang nên gọi là măng kho thịt thì hợp lý. Chưa được 8 cục thịt nhỏ xíu toàn mỡ mà cũng 52 ngàn.
Canh cua rau đay thì lõng bõng nước như canh đại dương cũng 42 ngàn.Xem thêm",65
737,Thùy Thùy,28/2/2020 12:05,7.6,"Mình xem trên foody nên ghé thử. Đồ ăn ngon giá hợp lý nhưng tính bill sao á. 
Đoàn 30 khách và chia nhau ra ngồi, bàn ai nấy tự gọi món nv note trên máy tính bảng đàng hoàng. ko ngồi chung mà tính tiền hết 4 bill đều tính sai (tính khống khăn, niêu cơm, trà đá..) gặp nhà mình ai cũng xem lại bill xem đúng ko nên ko sao. Các bạn có ăn để ý kĩ bill nhé.Xem thêm",65
738,Vinh Pham,26/2/2020 20:36,4.2,"Cả nhà 3 người mới đến ăn lúc 6g ngày 26/2, từ Sài Gòn lên, tìm kiếm foody để đi ăn tối. Đồ ăn mặn như cá dứa kho tộ, tép rang khế vừa ăn. Thất vọng nhất là tô canh chua cá dứa có ruồi.Xem thêm",65
739,Hưng,24/2/2020 19:43,10,"Lâu lâu từ SG lên VT chơi mà ta nói ăn đc cái quán nó vừa ngon, vừa rẻ, lại được cái a chủ quán dễ thương nữa. Không nói nhiều 10/10Xem thêm",65
740,thanhlocduong,8/2/2020 15:40,9.8,"Quán đông nên cũng vất vả cho chủ quán. Tuy nhiên thái độ rất niềm nở với khách.

Bát đũa sạch sẽ, đồ ngon, giá quá rẻ... no căng 11ng ~ 800k đủ món. Dẽ ăn thường xuyên.

Quán tuyển thêm nhân viên sẽ tốt. Mình ăn sau tết nên thấy bảo đang thiếu nhân viên.Xem thêm",65
741,Nhom,22/12/2019 14:16,7.8,"Vẫn chọn Cơm niêu Quê Nhà cho mỗi lần thèm cơm khi ra Vũng Tàu. 
- Vị trí: 158 Lê Hồng Phong, vỉa hè rộng thoáng, xe hơi đậu thoải mái. 
- Món ăn::Đa dạng, vừa miệng. 
- Giá cả: Hợp lý.
- Phục vụ: Nhiệt tình, nhất là anh chủ vui vẻ.
Hôm nay nhà mình 5 NL + 1TE tổng CP là 490k.Xem thêm",65
742,Trần Thư,17/11/2019 7:19,9.0,"Quán nằm ngoài mặt tiền đường***nên dễ tìm. 
Quán nên nếm thức ăn rất vừa miệng, ngon, giá rẻ. 2 người ăn trưa hơn 200k. 
Không gian bài trí kiểu nhà quê, sử dụng miếng dán trần, vách ngăn, bàn ghế  thậm chí chụp đèn đều bằng mây tre, ít sử dụng đồ nhựa và có ánh nắng mặt trời nên cảm giác mát mẻ. 
Nhân viên phục vụ nhiệt tình. Sẽ quay lạiXem thêm",65
743,Cường Triệu,15/9/2019 11:56,8.6,"Cơm ngon, giá rẻ nhiều món đa dạng
Quán năm ngay mặt tiền đường Lê Hồng Phong rất dễ tìm, không gian quán rộng rãi thoáng mát
Nhân viên rất dễ thương, hình như nhiều người Huế
Đồ ăn đa dạng, ngon, làm ko quá ngọt nên hợp vs dân Bắc như mình. Mỗi món chỉ làm một đĩa nhỏ nên gọi đc rất nhiều món.
Giá cả rất ok, đi đông mỗi người khoảng 100k là no phè phỡnXem thêm",65
744,Mi,10/5/2022 7:16,4.0,"Giá hơi chát,ăn bình thường sườn như ram kg phải nướngXem thêm",66
745,oldcherry,9/5/2022 12:33,9.8,"Ăn cơm heo quay ở đây 2 lần , lần đầu hơi thất vọng vì cho mỡ nhiều vs hơi ít thịt, lần 2 thịt nạc hơn nên ko bị ngán , đặc biệt là canh chua ăn bao ghiền , ăn cơm ở đây chủ yếu ăn canh*** ngoài ra cơm tấm cũng rất ngon , sẽ ủng hộ tiếp !!Xem thêm",66
746,phi truong duc,16/9/2021 12:31,5.0,giao com nhanh cho em dx k.em o pham ngũ lão đối diện quánXem thêm,66
747,Phương Lê,9/7/2020 18:49,6.6,"Cơm đúng gạo tấm, sườn nướng mềm, nêm nếm vừa ăn
Lúc đầu bưng dĩa cơm ra tưởng hơn 40k, tính tiền có 30k, rẻ cho một dĩa cơm nhiều thịt như vậy
Sẽ quay lạiXem thêm",66
748,Thiên Phú  Nguyễn,3/7/2020 19:58,8.6,"Bữa tạm biệt Vũng Tàu để đi về***sau kì nghỉ dưỡng.  Nên mình và bạn gái chạy đi ăn cơm cho chắc bụng để có sức đi về. Đường***có nhiều quán nhưng ngẫu nhiên mình ghé vào đây và cảm thấy rất hài lòng. 
Một số review của mình:
- Quán có rất nhiều món, nhìn bắt mắt và ngon lành
- Mình gọi cơm sườn với trứng cuộn, bạn gái mình gọi thịt kho trứng. Cơm và đồ ăn rất ngon và nhiều, rất hợp khẩu vị tụi mình, có cả chuối tráng miệng và trà đá tự phục vụ nữa. 
- Nhân viên và chủ quán, mọi người đều rất thân thiện. 
- Hihi, ăn xong bữa đó về tới***lúc 6h chiều mà vẫn còn no. 
- Giá cả phải chăng, cỡ 65k cho 2 phần cơm. 
Mình sẽ ghé quán nếu đi đến Vũng Tàu nghỉ dưỡng tiếp. Mọi người đến Vũng Tàu nên ghé quán này hoặc đặt cơm để ăn trưa sau khi tắm biển nhé.Xem thêm",66
749,Trí Nguyễn,26/7/2019 17:57,8.0,"Đi Vũng Tàu mà toàn ăn cơm tấm, sẽ rất tuyệt vời cho các bạn thích ăn ngọt ngọtXem thêm",66
750,Chi Nguyễn,9/6/2019 14:21,5.2,"M order các phần cơm : sườn nướng, ếch, mắm chưng, đùi gà chiên nc mắm.
Phần ếch m ăn thấy ổn.
Mắm chưng và gà bạn m ăn thấy k ngon.
Sườn nướng khô và k đậm vị.Xem thêm",66
751,Ken Max,5/5/2019 21:52,1.0,"Chủ quán nói xấu cười cợt khách hàng  1 cách công khai, mất dạy,không thể bỏ qua,  ko bao giờ ghé lạiXem thêm",66
752,Nabie,13/4/2019 21:11,4.4,"Quán rất thoáng mát , dễ tìm . Nhưng bún với cơm thì cho nhiều nhưng ít thịt quá mà giá thì cũng khá mắc .. mới sáng ăn nhiều vậy no cứng bụng ... nên cũng k thoải mái cho mấy :3Xem thêm",66
753,Trí Nguyễn,12/2/2019 14:50,10,"Vừa mới đi lúc tết, mặc dù tết nhưng ko lên giá nhiều, cơm và đồ ăn rất ngon rất hấp dẫn, giá cả thì phải chăng. Mấy bạn đi VT chịu khó chạy vô phía trung tâm xíu là thấy, ăn o gần bãi sau quá bị chặt banh chànhXem thêm",66
754,Hồng Nhung,14/4/2021 20:32,5.4,Móm ăn tương đối. Nhưng nhân viên pv quá tệ. Đặt món ăn như phang vô mặt khách. Dù món ăn có ngon nhưng nv như thế thì nên xem lại.Xem thêm,67
755,Vo Bao,1/1/2021 20:40,2.8,Lúc vô các bạn nhân viên pg khá niềm nở cho tới khi mình báo ko uống bia thì đợi vêu mỏ ko ai tiếp nữaXem thêm,67
756,Minh Minh,8/11/2020 11:42,6.8,Ấn tượng khá tốt về món lẩu cá đuối...Xem thêm,67
757,Nguyễn đào,11/7/2020 23:20,5.6,Giá tương đối rẻ.không gian rộng. Hôm mình đi tần 7 ruoix 8h là hết bàn ...nhân viên k niềm nở chắc do khách đông quá. Đồ ăn khá tươi nhưng nêm nếm k ngon ...món nào cũng mặn nhiều dầu mỡXem thêm,67
758,Giang,14/6/2020 13:01,1.0,"Quá đông, phục vụ quá kém. Chỗ để xe đậu cách cả gần 2 km, lúc đậu xe thì có bảo vệ lấy xe máy chở lại quán. Lúc ăn xong tự đi bộ ra lấy xe, lấy đc xe đói như cũ. Các món ko ngon. Phục vụ kém, mang ốc ko mang muỗng nĩa gì cả, xin cả tiếng chưa mang ra. Một đi ko trở lại.Xem thêm",67
759,Huynh Thi Tuyet Nhan,1/3/2020 18:52,8.6,"Mình lại quán tầm 8h30 tối, quán khá đông, lúc mình đến thì còn nhiều bàn chưa dọn kịp. 
Không gian: thoáng mát, nhìn chung rất rộng có cả sân trước và sân sau dễ dàng lựa chọn chỗ ngồi hợp lý
Nhân viên: mình vừa vào là có bạn nhân viên hỏi gọi món ngay cho mình, tầm 20’ sau là có món mang ra. 
Món được mang ra liên tục nên vừa ăn hết món này là có món khác ăn ngay luôn. 
Mình gọi 6 món, 1 chai nước suốt và 2 khăn lạnh tổng cộng là 301k cho 2 người ăn. Theo mình giá đi đôi với chất lượng thế này thì hợp lý.
**** có 1 điểm trừ đối với mình là hàu nướng phô mai còn hơi sống nên khá tanh, còn lại thì ok hết, hải sản tươi và to lắm nha mọi người.
Bạn nào đi Vũng Tàu nên ghé ăn 1 lần nhé. 
Ig: httn_2611Xem thêm",67
760,Nguyen Le,23/11/2019 23:45,5.0,"Không gian sân vườn, khá rộng rãi. Chấp nhận được về mặt ""chất lượng đi đôi với giá cả"". 
Review hải sản đã ăn: Hàu ok, ghẹ to và thịt cũng khá ổn, ốc hương loại size ""tý hon"" nhưng cũng okay. Mực sữa ok, tươi.
Thực đơn cũng đa dạng.
Dịch vụ tàm tạm... Dọn vệ sinh chưa sạch, không kỹ lưỡng cho lắm...  Bạn nhân viên tư vấn món chưa được tốt và nhiệt tình cho lắm... Nhân viên trẻ thì hay tụ bốn tụ năm để t8m, mà quên quan sát khách xem cần gì thiếu gì.... Điểm cộng là lên món khá nhanh dù lượng khách đang đông...Xem thêm",67
761,Nguyễn Đức Tuấn,17/11/2019 12:57,1.0,"Phải nói quán dở nhất mình từng ăn, khuyên chân thành không nên ăn. Nếu muốn thử thì xin mời ;) đừng hối hận vì trải nghiệm tệ, 1đXem thêm",67
762,Anh Ngọc,14/10/2019 8:33,7.6,"Món ăn: tươi, chế biến ngon, khá nhiều, món đa dạng
Phục vụ: nhanh, lịch sự, lên món nhanh
Giá: ổn, các loại ốc giao động từ 60-70k
Không gian: thoáng, toilet siêu sạch so với một quán nhậu thường thấy
Địa điểm: dễ tìmXem thêm",67
763,Vinhh Ron,12/9/2019 23:08,2.8,"Khi vừa vào bảo vệ kiểu ngơ ngác không để hẳn xe mình ngoài lề đường trong khi bên trong vẫn trống , khi lên trên order thì nhân viên ất ơ  không lại tiếp và khi tiếp nói chuyện không chủ ngữ vị ngữ mặt câng câng , mình kêu môt nghêu hấp thái về vị nghêu thì nước giống gói thái gia vị bỏ vào và chanh vắt vào ăn cực tệ có vài con có cát , kế đến hàu nướng phô mai còn sống và nước lên láng , phô mai để nguyên cục không chảy ra nhìn rất thiếu thẩm mĩ và có mùi hôi tanh mình đã phải nhờ nhân viên nướng lại thêm 1 lần nhưng khi mang lên vẫn không khác biệt nhiều so với lần đầu, và mình ăn mỗi gỏi ngó sen là ăn hêt , sò điệp nướng phô mai mình đợi 30’ chưa ra gần như là bị quên lãng thật luôn ấy . Và cho đến khi  mình thanh toán và khi thanh toán quán tính mình sò điêp luôn trong bill mặc đã hỏi mình ra full món chưa , mình mới hỏi bạn nữ phục vụ thì lảng tránh chạy đi rôi mới kêu anh quản lý áo đen ra thì mình nhận câu trả lời là món chuẩn bị lên ?? ... , mình khó chiu nên mình đã nói chuyện khá cứng rắn và cự lại và bắt buộc trừ ra khỏi bill. Nhưng anh ấy vẫn tiếp tục nói đợi món lên vì lí do rất đổ thừa :” Đồ nướng rất lâu “? Trong khi mình đã ngồi ăn xong hết tất thảy và nướng lại món hào lần 2 thì làm sao sò điệp nướng phô mai lại lâu lắc đến vậy?? 
> tẩy chay quán này và không bao giờ mọi người nên vào vì trong khẩu quản lý nhân viên và thanh toán .Xem thêm",67
764,Mỹ Anh Nguyễn Thị,9/2/2022 14:38,8.2,"Ốc móng tay khá là to, 55k/đĩa. Mình đi tối mùng 5 Tết nên là đông khách. Nhân viên chạy qua chạy lại liền hồi. Mặc dù đợi đồ ăn có hơi lâu xíu, với lại nhập thiếu món của mình vô bill nên chờ hoài không thấy món. Mà thôi sai sót nhỏ nên bỏ qua :))

📸 IG @myanhnguyenthiXem thêm",67
765,Vân Thảo Phạm,19/1/2020 8:05,6.6,"Nhóm mình hôm nay có đặt ở quán 8 món, lúc giao ra kiểm bill gì vẫn đúng 8 món. Nhưng do 1 phần chủ quan thấy quá trời hộp hộp. Lúc ăn mở ra mới thấy thiếu hẳn 1 phần. Hẳn là Ốc hương xào tỏi. Món đắt nhất trong bill. Haizzz.Xem thêm",67
766,Hien,2/9/2019 23:42,1.0,"Thấy toàn review bảo ngon, rẻ nên mò tới ăn. Hóa ra không bằng đĩa ốc 30k ăn ngoài vỉa hè!
- Hào nướng phô mai là hào nướng và quét miếng phô mai con bò cười lên 🤣🤣🤣
- Sò huyết siêu mini. Thịt sò bé tẹo và khô như kiểu mấy bàn gọi sò nướng xong ăn thừa r dồn lại đổ thêm miếng me vô cho mình ăn vậy. Sò huyết xào cỡ nào thì thịt vẫn phải ướt và có nước. 
- Càng cúm cũng khô queo. Cắn 1 cái vỏ hòa chung với thịt.
Đến cái lẩu cá đuối mới vui nè. Lúc đầu ghi lẩu nhỏ, xong mình không đặt món đó nữa, rõ ràng đã gạch đi rồi. Lúc sau con nhân viên tới cãi chày cãi cối là mình đặt món đó và bắt mình nhận, kêu lẩu làm rồi không bỏ được. Ok, mình vẫn vui vẻ bảo họ gói đem về. Đến lúc tính tiền trong phiếu ghi 160k, hỏi thằng nhân viên thì bảo đây là lẩu lớn. Bạn ấy bảo chị thông cảm chị nhận dùm em, lẩu bên em có 1 size thôi. Ủa cũng lạ lắm à nghen. Mỗi đứa nhân viên ra nói 1 kiểu

Ốc không tươi như mấy bạn đồn nha. Mấy bình luận khen nức nở chắc toàn nhân viên hoặc người nhà của quán 🤣🤣🤣

Cơ mà đhs quán đông là vì cái gì nhỉ ?!

Xin phép không bao giờ có lần sau!Xem thêm",67
767,Ngọc Anh Nguyễn,29/5/2019 14:14,7.4,"Tối hôm qua m gọi 3 món: ốc mỡ xào bơ, nghêu hấp sả, với sò lông nướg mỡ hành (lúc sau mới mang ra). Cảm giác sò ko được tươi ấy, nước mắm cũng ổn chứ ko xuất sắc lắm. Nghêu hấp sả ko nhiều mùi sả, toàn mùi hành + lá gì đấy át đi mùi sả mất tiêu, nhưng đc cái phần này khá nhiều, ăn cũng tạm. Ốc mỡ bị dai quá, có bắp xào chung ăn hay hay, cũng tạm chứ ko xuất sắc lắm. 3 dĩa + 1 coca + 1 trà đá hết 150k nha. Được cái quán mát mẻ rộng rãi nên giá này cũng khá okayXem thêm",67
768,Bảo Trân,17/3/2019 8:06,9.4,Đồ ăn ngon. Phục vụ nhanh. Nhiệt tình. Không lơ khách. Món lên đều. Rẻ. Có giữ xe free.Xem thêm,67
769,foodee_40afffwi,15/2/2019 20:53,8.2,"ăn ngon, rẻ, mún bể bụng lun, phục vụ dễ thươngXem thêm",67
770,Thanh Trà Phạm,15/2/2019 17:04,8.4,"Quán rộng, thoáng mát. Nhân viên nhanh nhẹn, phục vụ tốt. Món ăn ngon, món nào cũng vừa miệng hết, rẻ, ăn 4 người bill chỉ 680k, ăn nhiều lăn về luôn. Bạn nào đi VT nên ghé ở đây ăn, mình nghĩ vậy. Chắc chắn lần sau ghé VT mình sẽ đến quán.Xem thêm",67
771,Eii Jin,1/9/2018 21:47,8.8,"Lần này trở lại Vũng Tàu lần 2, do lần trước chất lượng tốt nên mình quay lại quán.
Lần này mình lên lầu ăn thử xem view thế nào. Trên lầu thì quán khá nhỏ nhưng không gian cũng tạm ổn. Nhân viên thì nhanh nhẹn, gọi món thì tầm 15p sau là có. Mình đến tầm tối cỡ 18h quán cũng hơi đông nhưng phục vụ vậy cũng tốt rồi. So với bên quán ốc thiên nhiên 2 thì bên này có vẻ tốt hơn. Quán bên kia (thiên nhiên 2) lúc mình vào thì chả ai đón, mình đi vào sâu bên trong thì gặp hình như quản lý thì phải, lúc này thì mới hỏi mình ăn gì.
Về chất lượng thì vẫn tốt:
1. Sò lông nướng thì lần này hơi nhỏ nhưng vị vẫn ngon như trước.
2. Lụa thái, món này nước ngon chua chua ngọt ngọt, sò hơi nhỏ chắc lần sau ăn ngêu cho to to tí.
3. Sò huyết nướng, quán rửa và chà khá sạch, mình không biết quán nướng kiểu gì mà chả thấy cháy gì cả. Lạ thật.😂 vị thì được, ngon.
4. Càng me, cái này thì người yêu gọi, mình có ăn thử thì thấy sốt ngon, quán có bấm càng cho nứt sẵn cho mình dễ ăn. Thịt càng thì bám vào vỏ nên hơi khó lột. Nhưng cũng tạm được.
5. Tôm hấp bia, hà hà, lần này thấy có món này là được. Tôm to bự đã lắm. Bóc đầu tôm ra thì gạch chảy húp rất ngon nhé. Thịt tôm săn chắc ăn ngon. Vỏ dễ bóc, thơm mùi bia. Vậy nên hôm sau mình có ghé quán mua thêm 1 phần về ăn tối.😂
Tóm lại, chất lượng vẫn tốt, món sò lông thì hơi nhỏ chắc do mình đi không đúng mùa rồi. Sẽ quay lại để thưởng thức các món khác.Xem thêm",67
772,Kua Đốm,22/12/2019 19:22,10,"Thức ăn ngon, giá cả hợp lí, không gian thoáng mát, nhân viên thân thiện, nhất định sẽ quay lạiXem thêm",67
773,Aster Vux,20/6/2018 18:27,7.0,"Vị trí thì miễn bàn, nằm ngay ngã 4 chợ rạch dừa, cửa ngõ khu công nghiệp nên ngày nào cũng đông nghẹt quán.
Phục vụ hơi thiếu nên order cái gì cũng phải nhắc gọi ko là quên.
Giá cả thì không cao cũng không thấp. Vừa phải.
Nhóm đi 10 người ăn vừa đủ thiệt hại ~ 2 triệu.
Không gian ồn ào. vì chủ yếu là dân ăn nhậu ko à.Xem thêm",67
774,Kis Huỳnh,24/5/2020 13:00,8.4,"Quán cảm giác như dành cho học sinh, sinh viên, dân Vũng Tàu í, tại ko có quảng cáo hay gì nhiều, mình là dân Xì Gòn mà cũng biết luôn, ghê hôn, ghê hôn 😂
🥰 Nói chứ vô tình biết tới quán cũng mấy năm rồi. Nói là hẻm thôi chứ đường cũng rộng lắm, có 2 quán kế nhau luôn. Mình ăn bên cô Dung, có lần cũng ăn bên kia, nhưng vẫn quay về cô. Hihi
💢 Trước giá 2k 1 xiên thịt nướng, giờ hình như lên 3k rồi. Khách ăn tới đâu nướng tới đó, vị ướp ổn, ăn kèm tương cà, tương ớt, dưa leo. À, thịt cắt mỏng lắm 🤣. Mà 3k 1 xiên thịt dầy cui đầy ụ thì mới sợ, chứ như này thì an tâm 😂
Menu đầy đủ món ăn tuổi teen luôn, giá cũng chỉ 10 mấy nghìn 1 phần thôi.Xem thêm",68
775,Jane Tran,4/3/2019 21:08,8.8,"Xiên nướng ướp ngon rẻ, trà chanh cũng ngon nè.Xem thêm",68
776,Luo Small,8/5/2018 23:23,8.0,"Bánh trứng nướng, gà viên, cá viên chiên, phô mai que, bánh sữa chiên... giá bình dân cho sanh diên như tụi mình:)) quán có khoảng 9-10 bàn, chủ yếu cho các bạn học sinh sinh viên thui, thoáng mát phục vụ nhanh nhẹn. Thích nhất là xiên heo nướng ở đây, chỉ 3k thuii ☺️☺️Xem thêm",68
777,Thnguyn5534,19/3/2018 22:52,5.6,"Không biết có phải không hợp khẩu vị hay không mà mình thấy đồ ăn ở đây cũng bình thường thôi. Bò cuốn lá lốt còn hơi khó ăn nữa. Được cái đồ ăn rẻ, ăn no bụng mà chỉ tốn chưa tới 40k một ngườiXem thêm",68
778,Trâm Lê,27/12/2017 11:18,8.2,Khu này thì khỏi nói rồi ha mấy bạn học sinh lớn bé ai cũng biết hết. Trước mình quen ăn bên chỗ trà cozy hôm nay quay lại bên này ăn. Ở đây có anh bán nước từ những ngày đầu tiên của khu này. Nước rẻ mà ngon. Gà chiên thì tệ hơn bên chị Thảo còn thịt nướng bánh tráng nướng các thứ thì cũng như nhau ko có gì khác là mấy. Bánh tráng nướng bên này có vẻ nhỏ và mỏng hơn. Nói chung khu này ai cũng có quán ruột của riêng mình đến là tấp vào ăn ngayXem thêm,68
779,Thảo Phạm,17/11/2017 13:05,6.8,"Chiều đi làm về nhỏ banh thèm Kimbap chiên giòn còn mình thì thèm thịt xiên nướng, chạy qua chở đi qua khu ăn vặt Nguyễn Tri Phương là đồ ăn gì cũng có. Mình đi gọi 1 phần Kimbap chiên giòn 25k, 15 xiên nướng, 2 ly trà đào bự đùng.
Thịt nướng xiên chấm tương cà trộn Mayonaise là toẹt vời rồi, còn kimbap thì cơm thật sự quá khô, kiểu hạt gạo sống lại ấy, ăn hơi dở thiệc.
Trà đào Cozy li bự chỉ có 15k ly thôi uống thả ga luôn, đào miếng cũng nhiều nữa, tha hồ mà chọp chẹpXem thêm",68
780,Lin Nguyễn,7/10/2017 0:57,8.2,Lần thứ NNNN quay lại đây . Mỗi lần ghé Vũng Tàu phải ghé quán đây nhất định là vậy vì chẳng thể cưỡng nổi . Ở SG còn thèm thịt xiên thì biết kiếm đâu ra 😂Xem thêm,68
781,Heo Heo,14/9/2017 22:15,5.8,"Đồ ăn ít món , mình kêu bánh tráng nướng mà khi đem ra thì giống chiên hơn vì dầu rất nhiều . Hoành thánh ngon giò và ráo dầu . Phô mai hải sản hơi chua . Thấy bác chủ có vẻ hơi khó chịu với khách , không thân thiện lắm . Trà đào ngon . Giá khá rẻ dành cho học sinh
Mình gọi 1 hoành thánh 10k hình như 10 miếng , 2 phô mai hải sản 3k 1 viên . 2 phô mai que và 1 bánh tráng nướng , 1 chả cốm chiên hết 56kXem thêm",68
782,JP Phương,8/8/2017 19:31,7.2,"Dạo gần đây cứ hay chạy khắp vũng tàu kiếm nhiều món ăn vặt và cả những quán cà phê , quán ăn này mình đi cũng khá nhiều lần rồi nhưng chưa có dịp check lại 
Nay check cho mọi người cùng biêt thêm nhiều địa điểm ăn uống nè 
Quán nằm ngay trên đường nguyễn tri phươnv nha mọi người , đặt biệt tgijt xiên nướng ở đây rất ngon chỉ có 2k 1 xiên thôi nha   bò lá lốp thì thịt không ngon lắm , giá thì quá sinh viên luôn rồi mọi ngưòi ơi , chủ quán thì nhiệt tình lắm luôn , dưa leo hay sốt vì cứ lấy thả ga nhen : ))) cũng ăn quen rồi nên nay check lại cái quán cho mọi người ủng hộ nhiều thêm nè 
Mỗi buổi tối hãy tụ tập lại đây nhenXem thêm",68
783,Tu Le,1/8/2017 23:28,7.8,"Mình khách lâu năm của bà Dung (chủ quán) từ lúc bà í còn bán thịt nướng trong 1 cái lò tự chế bé tí ở vỉa hè cơ. Ăn một lần thành ghiền tới h cũng gần chục năm có lẻ. Đến quán bây h chủ yếu mình gọi thịt nướng của Dung, còn các món khác như gà rán, cá cốm, hoành thánh...ăn cũng tương đối được. Chỉ có nước uống k đc ngon cho lắm, mình hay ngồi ăn bên quán Vũ Dung nhưng gọi nước quán bên cạnh (anh Quang) uống ngon hơn, nhờ Dung kêu giùm luôn, ng bán hàng ở khu này dễ tính lắm, mình ăn các món ở những quán xung quanh họ sẵn sàng gọi giúp mình luôn r thu tiền hộ nữa. 
Mình là khách quen nên Dung hay cho mình thêm mấy xiên thịt khuyến mãi. Nói chuyện với bà Dung hay buồn cười lắm, cứ ngơ ngơ nhưng cực nhiệt tình và vui vẻ.
Giá cả ở khu này các quán hầu như ngang ngang nhau. Giá đều rẻ và hợp với học sinh, sinh viên như mình.Xem thêm",68
784,harudesu,9/7/2019 16:14,6.0,"Giá cả ổn , band nhạc vuiiiiii 
Nhưng vui nhất là có bàn billiard lỗ :v
Là một tay chơi bi a chính hiệu thì thật sự mừng do không phải quán nào cũng có đâu 
Ngoài ra đồng phục của staff cũng rất đáng yêu :v
Band thì chỉ chơi mấy bài cổ điển thôi lolXem thêm",69
785,Kang Pham,14/11/2018 0:30,8.2,"Lúc đầu mình vào nghĩ sẽ không vui, nhưng thật ko ngờ vui ko tưởng!
Ban nhạc người Thái hát nhạc rock đúng thể loại mình và đồng bọn thíchXem thêm",69
786,Anh N,1/9/2018 21:07,6.8,đi tối t5 nên k đông lắm nhưng vẫn vui vẫn vui vẫn vui wwooohoooXem thêm,69
787,Jurry LV,5/5/2018 10:37,8.4,"Bar rất đông vui, menu đa dạng, ca sỹ rất sung vag hát tốt có Anh có Việt, ban nhạc và Dj thay phiên nhau khuấy động khách, hát theo yêu cầu và có cho khách hát nữa. Mình thấy có 1 nam và 4 nữ ca sĩ, mỗi người 1 style riềg rất chất. Phục vụ nhanh nhẹn tận tình vui vẻ, đi xả stress tốt ^^Xem thêm",69
788,hồng ngọc nguyễn,27/4/2018 1:07,8.8,"quán bar này mở rất lâu rồi trên đường hạ long, quán có ban nhạc philipin hay chơi mỗi tối, khách yêu cầu bài nào trong khả năng thì ban nhạc sẽ chơi bài đó, hát live hay, giọng ca sĩ khoẻ, nước uống phong phú tuy nhiên giá hơi cao do mặt bằng kèm nhạc live, đa phần là người nước ngoài, có cả hút sisha, theo mình thì lâu lâu đi quán này đổi gió sẽ khá thú vịXem thêm",69
789,Thảo Phương,27/2/2018 12:18,7.8,"Lần đầu tiên mình đi bar nhưng thật sự thấy rất thích. Hát live cực kỳ hay, không quá ồn ào dập nhạc như mình nghĩ. Nhân viên dễ thương, chịu khó gợi ý đồ uống nhẹ nhàng cho mình. Nếu ở đây mình sẽ ghé quán dài dài.Xem thêm",69
790,Quang Nguyen,19/11/2017 14:17,7.6,Nhạc rock cực chất không gian đẹp mấy bạn nào thích nghe rock and roll không thể bỏ quaXem thêm,69
791,Lê Phương Giang,20/1/2017 6:08,8.6,"Đây là lần đầu tiên mình trở lại Ngọc trai đen sau 3 năm. Giá không có gì thay đổi, nhân viên vẫn ân cần thế. Điều đặc biệt là được nghe hát nhạc live với những ca si cute và giọng hát chạm trái tim mình. Có anh ca sĩ người Pilippin tóc dài hát rock đã dã man, bạn bè mình trai gái đều thích. Mình đi vào thứ 5 mà gần Tết hay sao mà quán không đông lắm. Tại sao một quán bar chất như này lại vắng nt 😭😭Xem thêm",69
792,Tạ An An,27/4/2016 15:45,7.8,"Quán nằm đối diện biển , dễ tìm. Ấn tượng nhân viên đồng phục giống cướp biển . Quán toàn ca sĩ philippines nên hát nhạc nước ngoài là chủ yếu, 3 nữ và 1 nam hát chính, có thể yêu cầu ca sĩ hát bài mình muốn. Ca sĩ hát từ 8h đến 9h15  lên nhạc DJ, sau đó có vũ công nhảy sexy nữa ( các bạn nữ , phụ huynh nên chú ý ) Phục vụ tốt, lúc đầu mình ngồi bên hông sân khấu nv đã chuyển chỗ mình đến vị trí chính giữa luôn, nghe nhạc cực đã :3 Giá uống ổn , nước ngọt 80k , bia 120k trở lên, trái cây 190k...Xem thêm",69
793,Trần Việt Anh,29/2/2016 11:16,7.8,"Chỗ này nghe nói nghe nhạc ổn nhất ở VT, nằm ngay mặt tiền biển rất dễ kiếm. tối ăn uống đã đời rồi lê lết vào đây nghe nhạc. View khá rộng và tới cũng sớm nên cũng vắng, 9.30 lên nhạc bắt đầu đông dần và thấy khá vui nhộn.
Đồ uống trong này chủ yếu là bia và rượu, nhóm mình kêu bia, phục vụ nhanh và rất nhiệt tình, các ca sỹ nước ngoài hát, nhạc ổn, hay, có thể hát theo yêu cầu của khách luôn.
Cuối tuần quán khá đông khách, mở về khuya, nếu đi đông thì nên uống rượu chứ uống bia giá cũng cao và tốn bia nữaXem thêm",69
794,Nguyễn Thị Thủy Tiên,9/3/2022 12:42,3.0,"Thấy ngừơi ta xếp hàng mua mình mua rau má sẵn mua ăn thử. 2 gói xôi, 2 bánh mì hết 90k. Cả nhà ăn thử coi bánh mì SG với VT khác nhau thế nào. Phải nói 1 chữ thôi “dở ẹc”. Cái gì cũng ngọt, từ thịt, đồ chua, nứơc xốt ngọt đều luôn, thịt nạc nhiều ăn bã chứ không mềm. Xôi thì nhão và cũng ngọt luôn. Ăn ngán muốn chết, thử 1 lần cho biết không mua lần 2.Xem thêm",70
795,Phuong bui,15/7/2020 15:05,5.0,mình dân vũng tàu thú thật là rất bình thường! các mem đừng thần thánh quá lên! mình ăn bánh mì highland là thấy ngon thui hoặc bánh mì thy thy!Xem thêm,70
796,h30bonnie,3/7/2020 21:47,7.8,"Các bạn nhìn hình cũng đã thấy thèm rồi
Nhìn ổ bánh ko màu đặc sắc
Nhìn thấy thịt cô làm rất ngon nên minh mua 2 ổ
Nhưng cắn một miếng thì ngon và vừa miệng liền
Mình thấy ở vũng tàu bánh mì này hợp khẩu vị nhấtXem thêm",70
797,Seven Ghi,27/11/2019 11:39,6.6,"Đến Vũng Tàu ăn Hải sản thì quá bình thường rồi phải không? Hải sản thì đâu mà chả có, có một món ăn ở đâu cũng có nhưng tiệm bánh mì Không Tên là bánh mì có hương vị riêng , ngon và nổi tiếng nhất TP Vũng Tàu...Muốn ăn phải xếp hàng theo trình tự để Oder nha các bạn, bạn nào ko xếp hàng hoặc chen ngang sẽ không được bán cho ăn đâu đấy....😋😋😋Xem thêm",70
798,Steven Gate,11/11/2019 16:57,5.8,"Vì tò mò nên sau khi mua rau má bà già gần đó, mình cũng quyết định xếp hàng chờ 20p để thưởng thức xem bánh mì không tên có gì đặc biệt. Không bàn tới thái độ phục vụ của các cô vì đây chỉ là món ăn bình dân, ko thể đòi hỏi phải niềm nở như trong nhà hàng nhưng mức giá 20k/ổ thì quả thực ko tương xứng với số lượng nhân bên trong. Với mức giá 15k mình có thể thưởng thức 1 ổ bánh mỳ Mỹ Phụng ở Sài gòn với chất lượng đầy đủ và tốt hơn thế. Về hương vị thì mình thấy ko có gì quá đặc sắc. Chắc chắn mình sẽ không quay lại. 
Đây là quan điểm của mình. Bạn vẫn có thể kiên nhẫn xếp hàng để thử 1 lần bánh mì ko tên và tự rút ra cảm nhận cho mình vì mỗi người mỗi vị.Xem thêm",70
799,Trang Hoàng,19/9/2019 21:58,8.0,"Siêu đáng đồng tiền bát gạo, chỉ với 15k các ông sẽ được ăn một ổ bánh mì ngon nghẻ nha. Bánh mì ở đâu không có biển hay quảng cáo gì đâu nhưng 6 giờ tối bắt đầu bán, thì phải tầm 5 giờ 40 phải ra đứng me rồi. Gì chứ ở đây chẳng ngại gì chỉ sợ đứng xếp hàng để thưởng thức, hàng chi mà dài ơi là dài.Xem thêm",70
800,vk_0408,11/8/2019 6:08,3.0,"Bánh mì ngon nhưng người bán khó chịu quá! Thái độ như không cần khách, mình phải xếp hàng dài hơn 30 phút chờ mua cho nhóc con, trời mưa nên mọi người nép sát vào, chỉ lỡ chạm vào tay cô người bán, cô không nói mà tỏ ra khó chịu, trong khi mình có xin lỗi và giải thích nguyên nhân.
Thái độ phục vụ có cảm giác như đi xin chứ không phải đi mua!!! Quá chảnh!!!
Xe bánh mình dân dã, nhưng thái độ phục vụ làm mất hết hình ảnhXem thêm",70
801,Thao Trinh,17/5/2019 22:11,7.8,"Bạn mình mê bánh mì ở đây lắm nên lần nào đi Vũng Tàu nếu có bạn cũng ráng sếp hàng mua cho bạn. Mọi lần thấy có Delivery nhưng mình thử mấy lần không thấy Delivery hoạt động nữa, cứ báo quán tạm nghỉ mặc dù vẫn bán bình thường nên tự đến xếp hàng cho rồi. Từ lúc quán mở lúc nào cũng đông thật đông, lần này mình ăn tối phủ phê để có sức quay lại xếp hàng. Cũng may là quay lại tầm hon 8h cũng bớt bớt đông, mình mua xong thì đông lại, công nhận.
Bánh mì ở đây nên ăn nếu ai là fan cứng của món này, mình không fan cứng nhưng vẫn thấy ngon, bánh mì dòn, nước sốt và pate làm quá xuất sắc.
Và vẫn chuẩn bị tinh thần lần sau nếu đi Vũng Tàu thì sếp hàng tiếp hihihiXem thêm",70
802,soorie,18/2/2019 13:46,7.0,"Đi VT nhiều lần mà thấy xếp hàng dài quá nên lần này mới ráng xếp để ăn xem sao. Nhìn thì cũng bình thường thôi nhưng ăn vào mới hiểu tại sao nhiều người chờ để mua như vậy. Có bánh mì với xôi pate. Ngon nhất là pate vs sốt bơ ăn là ghiền luôn mặc dù mình mới ăn tối mà vẫn ăn hết được ổ bánh mì không uổng công đứng đợi, hèn gì ai cũng gọi nhiều sốt. Biết  thế ăn từ trước rồi.Xem thêm",70
803,QL,17/1/2019 20:15,7.2,"🍒Điểm đặc biệt của ổ bánh mì đã ăn 28 năm là lúc nào cũng nóng giòn!👍🏻 mình rất ghét ăn bánh mì cũ ỉu ỉu nên giòn là mình thích rồi
So với giá 15k thì thịt khá nhiều. Gia vị nêm nếm đậm đà
Có phần nước sốt gà ấn tượng nhé hơi bị ngon
🍒Còn vụ vệ sinh thì...thôi bỏ qua đi ha😂 nói chung ăn chưa lần nào bị làm sao nên cũng cứ vô tư điXem thêm",70
804,bachsamhien,26/10/2022 21:38,4.2,"Rất ko hài lòng với 1 ổ bánh mì hoa cúc 90k mà bánh không nở, bột bánh đặc và cứng, không xé được sợi. Với giá 90k thì t hy vọng là do mẻ bánh này bị hỏng chứ đây ko nên là sản phẩm hoàn thiện.
Mặc dù mùi bánh thơm gần như phiên bản gốcXem thêm",71
805,Mai Thảo,22/6/2021 23:46,8.6,"Vì thèm đồ ngọt nên mình lướt tìm món và quyết định đến Tai Yang. Mình thử 2 món: castella và rusk castella (bạn nhân viên giới thiệu đây là bánh castella mang sấy lên). Castella thơm mềm lắm, lần đầu tiên mình ăn bánh bông lan mà không ngấy. Rusk thì với một đứa nghiện kiểu bánh mì sấy như mình thì rusk ăn ngon đó, để dành ăn chơi như snack. Sẽ quay lại để thử thêm.Xem thêm",71
806,Taiyang,9/7/2020 17:46,10,"Banh mem min lanh lanh, tan ngay trong miengXem thêm",71
807,Huỳnh Dũng,9/7/2020 17:25,9.4,Bánh trứng cũng ưng geXem thêm,71
808,Trường Đ Nguyễn,20/4/2020 8:34,9.4,"Mình có mua 2 hộp bánh của Tai Yang ! Bánh thì rất mịn và xốp,  có hộp gói lịch sự đàng hoàng .Xem thêm",71
809,Mai Thảo,15/4/2020 22:42,9.4,"Mùa dịch nên nhà mới có dịp thử qua bánh này, bánh mình mua ngay lúc mới ra lò ăn nóng ngon thật sự. Cốt bánh mịn nhanh tan. 1 ổ to vậy có thể dùng cả nhà ^^Xem thêm",71
810,jane,16/5/2019 19:20,4.2,"Hi, mình mới mua ăn thử sau bào lần thèm thuồng, nhưng hơi thất vọng xí do vị bánh hơi nhạt nhưng được cái bánh rất mềm mịn. Hy vọng quán cải thiện vị hơn nhennnXem thêm",71
811,Huỳnh Dũng,29/12/2018 13:39,10,Vô tình thêm 1 cáiXem thêm,71
812,Huỳnh Dũng,22/12/2018 14:32,10,🍫Xem thêm,71
813,Taiyang,21/12/2018 18:44,10,Bánh là niềm yêu thích của mình Bánh ngon và mịn chất lượng tốt cảm ơn các b foody đã luôn giao cho mình những đồ ngon nhất mình sẽ tiếp tục ủng hộ quánXem thêm,71
814,Nguyễn Ngân,9/6/2019 11:35,10,"Mỗi lần xuống Vũng Tàu mình đều ghé quán này, quán có bún/miến măng gà và vịt. Miến dong hơi cứng nên mình thích ăn bún hơn, cả gà vịt đều ngon. Nước lèo ngọt thanh, giá siêu rẻ chỉ 25k/tô. À ở đây còn có bún bò huế nhưng chưa thử. Anh chị chủ quán dễ thương. Chỉ là quán ăn bình dân nên không yêu cầu gì nhiều. Giá rẻ - món chất lượng là đủ.Xem thêm",72
815,Jane Tran,4/3/2019 16:53,10,Quán ngon và rẻ. Khu vực của người địa phương ăn nè. Nên né mấy quán ở khu vực đông đúc ở gần bãi biển.Xem thêm,72
816,Trucanh1993,15/1/2019 14:25,9.4,"Được review nên ghé và quyết định đến Vũng Tàu sẽ ghé tiếp. Nằm gần quán bánh mì xíu mại Hoàng Quyên luôn, đường rất dễ kiếm, quán dân địa phương ăn nhiều lắm. Tô bên dưới là miến măng má đùi và phao câu 25k quá rẻ luôn. Nước dùng thanh ngọt kiểu ngọt thịt chứ không phải ngọt đường ngọt bột ngọt, miến mềm kết hợp với măng rất ngon, nên kêu thêm chén măng thêm ăn cho đã nha hình như giá 5k hay sao á. Gà tui thấy rất mềm, quậy chén mắm ớt vắt miếng chanh chấm vô là thôi rồi Lượm ơi )))) hai anh chị chủ quán dễ thương, gọi món ra rất nhanh, quán tuy nhỏ nhưng đc cái sạch sẽ. Chịu!!!Xem thêm",72
817,Ngọc Diệp,6/4/2018 18:42,6.8,"quán chủ yếu là dân địa phương ăn
có bún măng gà. bún măng vịt với bún bò Huế
quán hơi nhỏ 
cô chủ quán thân thiện vui vẻ
quán còn có nước sâm mía lau 5k/lyXem thêm",72
818,Dragon C4,30/6/2017 16:36,7.6,"Sáng hôm đó kiếm chỗ ăn sáng, được bạn bè chỉ cho địa điểm này, ghé qua ăn thử. Nhưng đông quá chừng, 8h sáng mà còn đông xe, khách ngồi hết cả bàn, nên đành đi ăn món khác.
Đến trưa tầm 12h ghé lại, quán vẫn còn đông khác, nhưng đã có bàn trống.
Nước dùng ngon và ngọt, hợp với khẩu vị 1 người miền Tây như mình
Gà ở đây là gà ta, thịt dai và ngọt
1 phần có cả thịt và cánh (nói chung có thịt có xương)
1 phần ăn no nê  cũng chỉ 25k, giá rẻ như hạt dẻ
2 đứa hài lòng về bữa ăn trưa.Xem thêm",72
819,Munie.Tr,7/3/2017 1:16,8.6,"Dẫn mẹ đi ăn bún măng vì mẹ thích ăn măng. Mẹ bảo ở đây ăn ngon nè, 1 tô rất to, nhiều. Ăn no tới chiều luôn. Giá cả cũng trung bình 30k. 
Mình thấy vậy là ổn rồi. Nước đậm đà. 
Anh chủ nhiệt tình. Chổ để xe hơi nắng. Bán từ sáng tới chiều luôn. 
Sẽ quay lại nè :))
Đi vs mẹ nên k chụp hình sống ảo kkkXem thêm",72
820,Loan Lê,3/2/2017 23:22,7.8,"Vừa ăn lúc tối, hôm nay là mùng 6 tết mà giá 27k/ tô, nói chung bún măng ngon, ăn no mà rẻ so với nhiều món khác ở vũng tàu. Còn bún bò ăn cũng được nhưng nước lèo chắc dùng chung hay sao nên chưa ra mùi vị của bún bò lắm. Lần sau sẽ tiếp tục ăn ở đây ☺Xem thêm",72
821,Hiếu Thiều,8/1/2017 22:25,8.8,"Lần đầu tiên đi Vũng Tàu mình ghé đây để ăn trưa, tuy là không coi không gì đâu, thấy thì ghé thôi.
Nhưng bún riêu phải nói là rất ngon.
Có huyết, riêu không bị bở ăn ngọt ngọt, nước dùng đậm đà
Quán còn có bán nhiều loại bún nữa nhưng mình chưa có dịp thử
Giờ về SG rồi thì lại nhớ bún riêu Vũng Tàu, có dịp đi chắc chắn mình sẽ ghé quán ăn lại.Xem thêm",72
822,Cụt Ngủn,4/1/2017 10:17,8.0,"Đường này có nhiều quán bún măng gà nên coi chừng vô nhầm 
25k/tô bún măng gà, ngon lắm, thịt nhiều, mình kêu thêm 2 bộ lòng hình như 5k/bộ, có tim nữa. Quá rẻ. Pv ok 
Ngon rẻXem thêm",72
823,eatwtea 💋,6/10/2016 0:30,8.4,"Ăn riết bún miến cũng ngán, lâu lâu đổi sang ăn bún bò lại ngon. Quán nấu nhiều loại cùng lúc nhưng món nào ra món đó, đúng tên gọi đúng chất lượng. Mình kén ăn bún bò chỗ nào nấu lỏng lỏng vị nhạt nhẽo là mình cho vào dĩ vãng luôn. Riêng quán này tuy chỉ có bò nạm và chả, ko có giò như các quán khác nhưng chất lượng tuyệt vời. Hợp khẩu vị mình vô cùng ý. 

Bún bò cũng chỉ 25k/1 tô ko đâu bình dân hơn, bò nạm nhiều lắm, bò mềm nhưng nhiều quá nhai mỏi cả miệng hehe ai là fan bún bò thì ăn thử ha, mẹ mình ăn còn khen nữa là...Xem thêm",72
824,foodee_d4904a5f Tô,9/5/2022 11:26,9.4,"Chị rất hài lòng với Lightroom Coffee! Không chỉ được View đẹp, uống ngon mà còn ở sự nhiệt tình của các bạn!

C đã nhận được 2 chiếc mắt kính bỏ quên, tưởng chừng như đã mất vì ko biết để quên ở đâu hihi!

Cảm ơn các bạn đã hổ trợ c nhiệt tình nhé!Xem thêm",73
825,Huệ,8/5/2022 15:55,6.0,"Nước ổn, giá nước 50-70k tuy hơi cao nhưng bù lại view đẹp và nhiều góc sống ảo chất lượngXem thêm",73
826,Trường Đ Nguyễn,12/8/2020 9:23,8.8,"Quán view đẹp , không khí thoáng mát , đồ uống giao nhanh gọn lẹ . Không có chỗ đậu xe oto, với nước uống để ở trong ly nhìn khá phèn, kém sang quá :(( huhu .Xem thêm",73
827,Hà Minh Ngọc,5/7/2020 22:00,8.8,"Quán này có quả view cực đẹp nhé.! Tha hồ sống ảo luôn, thức uống thì không có gì đặc sắc, nhưng chủ yếu mình chụp hình nên cũng không quan trọng.Xem thêm",73
828,Nguyễn Ngân,28/9/2019 10:29,10,"Không gian đẹp, thoáng mát. Phía sau là núi, phía trước là biển, vừa thưởng thức đồ uống ngon, vừa ngắm tàu qua lại thật thú vị.
Đồ uống pha chế ngon, hợp khẩu vị mình.
Các bạn nhân viên rất dễ thương, nhiệt tình.
Dù ngồi trên lầu cao nhưng lên món khá nhanh.
Sẽ quay lại dài dài.Xem thêm",73
829,Khánh Hòa Nguyễn,18/5/2019 14:29,9.0,"Ấn tượng đầu tiên khi bước vào quán là cách bố khí khá lạ mắt với nhiều tầng lầu và hầu hết là không gian mở nên rất thoáng. Đường vào khá nhỏ nên đi bằng ô tô cũng khá khó khăn nhưng khi vào sâu bên trong thì có không gian rộng để quay đầu. Nếu đi ô tô thì chỉ nên đi ô tô nhỏ 5 chỗ ngồi.
Menu quán khá đa dạng với các món nước và có bánh ngọt ăn kèm. Đồ uống ngon, bánh cũng rất ngon nhưng giá lại khá tốt so với mặt bằng chung.
Khung cảnh nhìn thẳng ra biển nên rất đẹp, nếu đi vào buổi tối thì chắc sẽ còn đẹp hơn nữa.
Nhân viên quán rất vui vẻ, nhiệt tình và đặc biệt là lên món khá nhanh.
Lần sau đến Vũng Tàu, chắc chắn mình sẽ quay lại.Xem thêm",73
830,TNA,27/3/2019 17:30,6.0,"Địa điểm từ núi nhỏ chạy thẳng không quẹo trái. Quán trang trí bình thường, view cũng ko có gì đặc sắc lắm. Mình gọi 1 ép cóc ít đường uống cũng được (chắc cũng vì mình thích cóc haha) phần nữa vì không cho nhiều đá lắm, còn 1 nam việt quất sữa chua thì khá ngọt (ly sữa chua được bự hơn ly cóc ép chút). Mình ngồi ở lầu kế lầu cao nhất, nhân viên tạm được chưa tỏ thái độ gì với mình ;))

Bạn nào muốn đi cho biết thì cũng được (đổi gió lên núi nhìn từ trên cao chẳng hạn) nhưng mình thì sẽ không quay lại vì trong mắt mình nhìn từ trên cao thấy bị che khá nhiều. Với giá tiền như thế này thì mình sẽ chọn qua những tiệm cafe khác với view và decor có đầu tư hơn ngay gần biển.Xem thêm",73
831,Tiểu Thư Halan,27/3/2019 15:32,3.0,"Hôm 24/3 vừa rồi ghé cf sáng ở quán này..lên hết chổ, kêu trên cao có chổ mà k có nhân viên phải tự phục vụ, bắt trả tiền trước, xong xuôi lên đợi 1 lát thấy có bàn chạy xuống thì k cho ngồi lí do lên k đc xuống. Có 2 a kia thắc mắc giá khi thanh toán chửi rồi kêu uống có 2ly mà cũng..blabla.. nói chung rất rất tệ sẽ k quay lại mặc dù view đẹp..Xem thêm",73
832,Nguyễn Học,17/3/2019 10:45,1.0,Quán cà phê có 2-3 tầng gì lận. Bạn mà leo lên cao caolà éo có ai phục vụ bạn đâu. Hỏi thì ghét cái thái độ.Xem thêm,73
833,Kim long Vo,16/2/2019 15:32,4.0,"Lần đầu đến cũng như lần cuối .. , order ngồi chờ 25p , nhắc nv 2 lần ... không ai nói tới ... Trong khi người vô sau thì có trước , người vô trước thì không có nước luôn .., quán k quá đông order thì không ghi ,, cuối cùng vì k thể chờ đc nữa nên cũng không uống , đọc từ những comment trc nói phục vụ và nhân viên tệ lắm , mình nghĩ chắc cũg k đến nối nào nhưg đúng là như vậy .Xem thêm",73
834,Thuy Dung Truong,23/11/2020 16:56,9.8,"Tiệm hơi đông, nhưng đáng để xếp hàng, nhìn mấy chị làm bánh phối hợp nhịp nhàng cũng zui. Bánh ra lò thơm mềm, không khô, không ngọt, trứng muối không tanh. Đáng muaaaaXem thêm",74
835,Lương Thụy Hồng Ân,26/7/2020 20:13,8.8,"Ăn cho đã mập thây mà quên chụp hình rồi
Mình mua phần thập cẩm 30k/hộp 10 cái

- Chà bông hơi khô cứng nhưng không đến nỗi
- Bánh ngon, không ngọt lắm
- Các bạn có thể mua về làm quà. Bỏ vào ngăn mát tủ lạnh để bảo quản. Ăn lạnh cũng được. Hoặc hấp nhẹ 2-3p trước khi ăn
- Bánh bảo quản được 3 ngày nhaXem thêm",74
836,Phương Lê,9/7/2020 18:44,7.6,"Bánh mềm thơm, trứng muối béo, an siêu ngon nha mọi người, chà bông để riêng cho mang đi xa
Chị bán cũng dễ thương lắm
Sẽ quay lạiXem thêm",74
837,foodyuser_a7416b1f,9/6/2020 13:31,8.2,Bánh ngon xốp mềm ko bị ngọt quá. Đứng chờ hơi lâu vì đông nhưng c bán hàng dễ chịu. Bánh cột điện ko có cửa để so sánh lunnXem thêm,74
838,Quân Quân,31/5/2020 14:23,8.0,"Tới tiệm thì quá đông luôn. Nên mình ngồi uống trà sữa nhờ shipper mang tới.

Anh shipper bên Now đứng đợi hết 45 phút mới có bánh giao cho mình, phải bo nhiệt tình vì như mấy shipper khác chắc ngta hủy lâu rồi.

Bánh mới ra lò nên rất nóng và ngon, lần đầu mình ăn bông lan trứng muối phô mai ngon tới vậy. Vì đang gấp nên không rắc chà bông lên chụp hình được^^>Xem thêm",74
839,Võ Hoài,22/12/2019 20:08,9.0,"Bánh ăn ngon, ngọt vừa nên ko ngán. Chị bán hàng dễ thương.Chắc chắn sau này sẽ ủng hộ dài lâuXem thêm",74
840,Ngọc Chi,9/12/2019 11:18,6.8,"Thấy mấy review 10d nên tưởng bở. Công bằng mà nói không ngon hơn gốc cột điện nha. Mình ăn rất nhiều chỗ giờ mua thử quán của dân bản địa ăn thử. Rẻ hơn gốc cột điện 10k cùng loại, nên vị không bằng cũng hợp lý. Mình không bao giờ vì giá mắc rẻ mà đánh giá chủ quan. Đế bánh hơi cháy nhẹ. Bột bánh không bùi bằng, ngọt hơn tí, phô mai để trên mặt nhìn thì ngon mà mau khô. Ưu điểm là giá rẻ ăn ổn nhưng sẽ không quay lại.Xem thêm",74
841,Pun Tròn Tròn🍒,28/11/2019 19:23,10,"Bánh ngon , mềm nhiều trà bông, tb bỏ riêng nên khi nào ăn rắc zô hôy, hộp 30k ngon , sạch sẽ, mình mua về cty ai cug khen ngonXem thêm",74
842,Trần Nhung,14/9/2019 15:28,10,"Mình mua qua now giao tới khách sạn luôn, mang về làm quà. Ai cũng khen bánh ngon, mềm, không bị khô, trứng muối không bị tanh. Tính ra giá vậy là quá ổn, chà bông để riêng nên tiện mang đi xa như về SG.Xem thêm",74
843,Bích Khoa,26/8/2019 11:38,10,"Bánh  ngon, cô với chị bán hàng dễ thương , mình không hảo món này nhưng mua ăn xong ghiền luôn, nên mua ngay và luôn về biếu người thânXem thêm",74
844,Huỳnh Hữu Hiếu,21/2/2021 9:56,3.8,Hào teo bé xíu khô queo ăn chán không ăn hết đượcXem thêm,75
845,Tien Tien,24/11/2019 23:53,6.6,"Mình tính ghé Cô Năm nhưng do Cô Năm nghỉ nên mình ghé quán kế bên là Cô Hai này luôn. Thì Cô chủ quán bảo 2 bên là 1 hết, chị em với nhau rồi mở bán. Cũng không biết thật hư ra sao. Quán không có menu rõ ràng nữa nên cũng khó gọi món. Bánh khọt giòn giòn tạm ổn cơ mà tôm thì cũng tươi. Có dĩa thập cẩm có tôm, mực, hàu. Mực với hàu không có được tươi, hơi tanh. Quán phục vụ hơi lâu, đợi mòn mỏi mới có món. Gọi thêm rau cũng khá lâu mới mang ra.Xem thêm",75
846,Trần Thư,16/11/2019 9:52,5.0,"Bánh khọt nhiều dầu mà đỡ hơn bánh khọt Gốc***Sữa chỗ nhiều loại nhân: tôm, hào, thịt, mực và thập cẩm. Bánh đổ ẩu, k khéo mặc dù quán k đông. Bánh khọt đồng giá 60k. Rau cũ
Cháo hào dở. Lạt nhách. Vài con hào bé tí ti trôi lềnh bềnh trong tôXem thêm",75
847,Quang Duy,20/10/2019 16:14,6.6,"Có dịp ghé Vũng Tàu được bác xe ôm giới thiệu đến quán này quả thật đến quán thấy cực kỳ đông khách không biết có ngon không nhưng thực sự đầu tiên đã thấy cảnh tượng phai chờ đợi để ăn rồi
 mình gọi bánh khọt nói chung cũng không gọi là quá đặc sắc lắm lắm cảm tưởng nước mắm hơi nhạt được cái tôm tươi vỏ bánh thì giòn và mềm mềm nói chung là ăn cũng được 
giờ cao điểm sáng ra đã phải đợi khá lâu rồi nhé ngoài ra ở đây tập trung khá nhiều hàng bánh khọt xung quanh nên không biết quán nào thực sự là ngon nhất nữaXem thêm",75
848,Phương Thảo,9/7/2019 10:01,5.6,"Ăn thấy cũng được, nhưng mắm quá nhạt, hầu như không có vị gì. Chỉ có 1 lọ ớt, đưa qua đưa lại từng bàn, mình tưởng ở luôn nên chỉ đổ 1 ít, sau đó bị chuyển thì không đổ tiếp được. Kêu nước ngọt thì ra khá lâu khi quán đông khách hơn.Xem thêm",75
849,Nguyen Hong Vy,29/4/2019 12:29,2.6,"Vừa tới ăn ngày hôm nay.
1 phần nhỏ: 60k (8 cái)
Thái độ phục vụ cực kì kém.Xem thêm",75
850,Thyngan9222,10/3/2019 13:03,1.8,"1. Vô quán không có menu. Báo giá 55k 1 phần random tôm hoặc mực. Hết trà đá.
2. Chờ bánh ra. Nhóm mình vô trước bánh ra sau.
Bánh ra 100% tôm. Bọn mình hỏi tại sao k có mực ?? Đc trả lời Ac CÓ ĂN KHÔNG ĐỂ MANG ĐI BÀN KHÁC??!!!
3. Về bánh: k biết đang dc ăn bánh khọt hay bánh xèo nữa??! Bánh không thành hình. Bột trắng có chỗ còn chưa đông lại???
4. Tính tiền ô là la 60k/ phần trong khi trc đó ms dc báo giá 55k ??? 5k không bao nhiêu nhưng cảm giác như bị lừa v.
KHÔNG BAO GIỜ QUAY LẠI !!!!!!Xem thêm",75
851,bích ty,10/3/2019 12:55,1.0,"Bánh khọt dở, nhân viên quá tệ, giá cả lên theo từng giây phút. Mình mới gọi kêu là 55k và 30p sau nó đã lên 60k. OhhhhXem thêm",75
852,Nguyễn Xuyến,24/2/2019 11:47,1.0,"Vao quán được order quán chỉ 2 loại tôm và mức. Mình cũng kêu 5 dĩa chỉ đem cho 1 loại tôm. K cho món khác. 
Hỏi nv thì thái độ phục vụ quá kém. Tl trổng k là: k có!!!!!!!
Thái độ như v thì ai mà ghé quán lần nữa.
Sẽ k ghé quán lần nào nữa...Xem thêm",75
853,Dương Uyên,11/2/2019 12:24,5.0,"Mình và gia đình đi ăn vào ngày mùng 6 Tết. Quán mới chỉ phục vụ mỗi bánh khọt tôm. Bánh ăn cũng ổn, không có gì đặc biệt. Sau tết giá lên thành 55k/đĩa. Nhưng về thái độ và cách phục vụ của nhân viên thì không thể nào chấp nhận được.
Lúc mình ăn, quán chỉ có tầm 20 khách, nhưng mình đã phải đợi hơn 30p cho 3 đĩa bánh :D
Ban đầu nhân viên cho được 1 dĩa đu đủ vài cọng, mình phải xin thêm. Nhưng điều đáng nói là khi mình yêu cầu thêm đu đủ, thay vì đi lấy thì nv lại nói với nhau rằng:""ê đu đủ thêm kìa"" rồi người nay đùn đẩy người kia đi lấy. Và bạn nv đi lấy cho mình còn đứng nói chuyện 1 lúc lâu... Nhân viên nói chuyện còn to hơn cả khách nữa :D
Sẽ không ghé lại quán lần nào nữa nếu mình không thấy các review tích cực hơn :DXem thêm",75
854,Ben,3/3/2024 16:29,2.8,Nhân viên quán tệ. Phục vụ không theo thứ tự orders trước sau còn viện cớ do mình đưa phiếu trễ !Xem thêm,76
855,Bảo Trang,13/3/2021 7:52,9.0,"Quán này mình tham khảo từ foody, được review tốt nên ghé đến. Nay review lại cho mọi người tham khảo.

Quán mở cửa từ 11h. Hôm mình đến tầm 11h hơn, quán chưa có khách. Mình gọi bánh khọt tôm, bạn mình gọi bánh khọt thịt, gọi rồi anh chủ mới bắt đầu đổ bánh.

Bánh nóng, giòn, rau khá sạch so với những quán ăn khác. Bánh cũng ráo đầu, mỗi phần bánh có 9 cái, đối với mình là con gái thì thấy hơi nhiều, mình ít ăn dầu mỡ nên đến cái thứ 5-6 đã hơi ngán.

Trên bàn có hũ đồ chua, ăn cùng đỡ ngán. Quán có bán nước, giá cũng 5-10k thôi nhưng mình chưa thử.

Giá bánh và giờ mở-đóng cửa đều có trên hình nhé.
2 phần của mình hết 60k, mỗi phần 30k.Xem thêm",76
856,Vy Vy,11/3/2021 16:32,10,"Đây là lần thứ 2 mình ăn ở đây. Mình xuống VT rất nhiều lần nhưng giờ mới tìm được chân ái. Bánh tới mới chiên nên giòn rụm và nóng hổi. Điều đặc biệt là giá rất rẻ so với mặt bằng chung mình đã từng ăn, nhưng chất lượng thì k chê vào đâu được. Không gian quán rộng rãi mát mẻ. 100 đỉm lun áaa
Nói chung là must try nha mn
À chỉ mỗi cái hẻm hơi khó tìm xí but đồ ăn ngon mới quan trọng hihiXem thêm",76
857,foodee_ipvpftsv,14/1/2021 0:08,5.0,"Mình đã ăn thử nhiều quán bánh khọt ở VT rồi nhưng quán này là mình tuyệt đối chấm 10đ nha. Đầu tiên là không gian quán sạch sẽ thoáng mát, phục vụ rất nhẹ nhàng dễ mến.Tiếp đến là mình order 2 phần bánh tôm thịt, bánh đc chế biến trước mặt luôn.Vỏ bánh giòn tan bên trong béo béo thịt với tôm thì vừa thơm vừa tươi đặc biệt nước chấm rất vừa ăn, rau và đu đủ bào cho thoải mái luôn nha, giá lại qá hạt dẻ 30k 1 phần thôi. Trước lúc về sg quyết đinh ghé quán ăn thêm 1 lần nữa cho đã 😂Xem thêm",76
858,Huyền Phạm,14/11/2020 19:38,9.0,"Từ lần đầu đi Vũng Tàu và biết đến quán này thì lần nào đi VT mình cũng đều ghé quán này ăn. Bánh khọt làm ăn giòn rụm, không bị ngán như những quán khác. Một số quán làm bị nhão, lớp vỏ không giòn. Chủ tiệm thân thiện nữa!Xem thêm",76
859,hoang linh,10/10/2020 21:04,7.6,"Bánh giòn,mỏng,ăng không ngán,mình và ng yêu kêu một phần đặc biệt 45k là thấy vừa ăn rồi.Nếu có dịp ghé lại vT chắc chắn sẽ quay lạiXem thêm",76
860,Loan,26/8/2020 11:38,7.0,"Đó giờ xuống Vt toàn ăn bánh khọt ở Cô3 VT, nay thấy rì viu quán này nên cũng mò đến ăn thử
- bánh ngon, béo, rau sạch... nói chung ok 
- phục vụ: chủ quán nhiệt tình, dễ chịuXem thêm",76
861,Panda Ngốc,31/7/2020 12:15,9.6,"- Ngon, rẻ. Chủ quán rất nhiệt tình, ăn tới đâu chiên tới đó nên cứ yên tâm là không ăn bánh cũ.
- Ăn hai người hai dĩa lớn là 60k, thêm 2 trái dừa là 40k, tròn 100k. Rau sống thoải mái, nước mắm có thể tẹ chế biến thêm cho vừa ăn.
- Có giao hàng tận nơi.Xem thêm",76
862,Tran Nguyen,28/6/2020 21:55,8.8,"Từ khi biết quán này mình chỉ ăn bánh khọt ở đây. Hôm nay, ghé quán hơi trễ nên quán đã dọn dẹp. Tuy nhiên, quán vẫn nhiệt tình đổ bánh lại. Quán sạch sẽ, bánh ngon, không quá nhiều dầu mỡ. Vc chủ quán cực kì dễ thương. Book taxi cho mình không được ( chắc do trời mưa), nhiệt tình chở cả gđ mình về luôn.Xem thêm",76
863,Nhi,21/6/2020 11:32,9.6,"Cảm ơn Foody đã giúp mình tìm được chỗ này :)))) Vị trí dễ tìm, giá cả hợp lý, món ăn vừa vặn hợp khẩu vị (khi nào khách gọi món mới bắt đầu chiên, mà bánh cũng ko bị ngấm dầu), 2 anh chị bán hàng lịch sự, nhẹ nhàng. Vì là quán ăn gia đình nên bàn ghế, không gian cũng đơn giản thôi, nhưng nhìn sạch sẽ và vệ sinh.Xem thêm",76
864,Nguyễn Quốc Cường,7/8/2022 9:14,8.8,"Quán ăn khá ngon, rau xanh dưa leo ngon, thái độ phục vụ tốt và đc free nước pépxi. Sẽ trở lại!Xem thêm",77
865,Mioche HoangOanh,8/11/2021 23:05,10,"❣❣ HOT HOT HOT ❣️❣️
✳Kết nối nhận Voucher 20k cho tổng hoá đơn bò né 

⚜⚜BÒ NÉ 3 Ngon - 36***⚜⚜vẫn ship trên mọi nẻo đường chỉ cần mọi người alo và ib cho em.

Đồ ăn sáng, đồ ăn chiều có sẵn tất cả các món trong menu 
Mọi người ơi mọi người

⏰Quán mở : 
SÁNG : 6h30 —> 10h30
Chiều : 15h —> 20h 
☮Tặng nước ngọt /1 phần ăn 

☎Alo alo : 0909824886 ( oanh 18tủi)

❣⚜️❣️Địa chỉ : 36***-p4- gần trường***(bacu)Xem thêm",77
866,Mioche HoangOanh,17/10/2021 16:37,10,"Chào mọi người ngày mới ❤️❤️

✳✳Quán bò né 3 ngon - 36***vẫn phục vụ quý khách hằng ngày ạ✳️✳️

Bán mang về và ship tận nơi 
☎ Alo : 0909824886
 
⏰ Quán mở cửa : 
‼sáng : 6h30 - 10h30
‼Chiều : 15h - 20h
Rất  Mong sự ủng hộ của mọi người nhéXem thêm",77
867,Mioche HoangOanh,3/10/2021 9:40,10,"❤✳️✳️ Quán BÒ NÉ 3 NGON ✳️✳️❤️

Nhận ship hàng tận nơi - bán mang về 
⚜⚜Quán bán Sáng và Chiều ạ⚜️⚜️

☎Alo : 0909824886
☮Địa chỉ : 36***p4 
Freeship phường 4Xem thêm",77
868,Mioche HoangOanh,1/10/2021 9:09,10,"Quán em đã mở cửa phục vụ lại rồi nhé mọi người.
Bán mang về hoặc ship tận nơi. Freeship phường 4 nhé.

BÒ NÉ 3 NGON - 36***

Alo : 0909824886 — tại Bò Né 3 Ngon - 36***VT.Xem thêm",77
869,Mioche HoangOanh,23/9/2021 12:18,10,"❤ PHỞ BÒ (Tái Nạm) : 35k 

 PHỞ BÒ ( tái nạm , bò viên ) :40k

❤ BÒ NÉ : đồng giá 40k
❎ Bò số 1: bò, pate 
❎ Bò số 2 : bò, 2 trứng, xuc xich, pate
❎ Bò số 3: bò , trứng, pate

☎Đặt hàng liên hệ với e qua :
Sdt và zalo : 0909824886
Hoặc fb : miochehoangoanhXem thêm",77
870,Mioche HoangOanh,20/11/2020 6:00,10,"Cuối tuần vivu dạo vòng vòng đi ngang mùi thơm lôi cuốn. Ghé vào quán order phần bò ăn.

Không thể phủ nhận rằng hương vị rất ngon, đậm đà, âm thanh xèo xèo , đi kèm với salad chua chua ngọt ngọt, bánh mì giòn rụm. 

✳️✳️1 phần bò né đi kèm với dĩa salad + 1 bánh mì + ly nước coca  40k ( phần số 3)

Quá rẻ mà còn ăn no ú ụ.

📛👉Đây là 1 địa điểm khá hấp dẫn khi bạn đến thưởng thức món ăn cùng bạn bè, gia đình.

Thay đổi khẩu vị 1 tí biết đâu sẽ thú vị .

 ❤️❤️❤️ Địa chỉ : 36***-phường 4Xem thêm",77
871,Mioche HoangOanh,26/3/2020 23:14,10,"Hẹn mọi người chiều thứ 2 nhé.
Đảm bảo đem lại không gian thoải mái và sạch sẽ cho quý khách. 

⏰⏰⏰⏰ Giờ mở cửa :
👉Sáng : 6h30 —> 10h
👉Chiều : 15h —> 21hXem thêm",77
872,Mioche HoangOanh,30/11/2019 9:18,10,"Quán hiện có các món phục vụ khách như sau :
👉 BÒ NÉ 
👉 BÒ BEEFSTEAK
👉 NUI XÀO BÒ
👉 HÀO NÉ PHÔ MAI

Địa chỉ : 36 nguyen kim, p4, tpvtau
Tặng nước ngọt / 1 phần ănXem thêm",77
873,Lê Sơn,27/8/2019 8:41,10,"Đồ ăn ngon, phục vụ nhanh , sức sắcXem thêm",77
874,Lien Hoang,11/3/2018 20:41,8.6,"ngon hơn những nơi khác, nhưng phục vụ chậm, giá rẻXem thêm",77
875,Thanh Đặng,17/2/2018 11:39,9.4,"Một trong những quán bán bò né bình dân, rẻ và ngon ở Vũng Tàu, theo chuỗi các ""quán bò né 3 ngon"" khác. Thịt bò rất mềm, thơm, được ""né"" chung với trứng, pa-tê, chả, xúc xích. Ăn kèm bánh mì mới giòn rụm. Nước ngọt kèm theo miễn phí. Giá cả khá bình dân và nhiều lựa chọn cho khách. Tuy nhiên, những ngày tết do giá cả nguyên vật liệu có tăng nên quán có tăng giá chút đỉnh. Nơi này cũng có WiFi miễn phí. Ngoài bò, còn có thể gọi thêm mì xào, khoai tây chiên.Xem thêm",77
876,Khuê Phạm,23/1/2018 13:27,9.4,"Lơ ngơ láo ngáo hứng lên thì xách xe đi VT thôi. Đi đường dài đói quá ghé bừa quán bánh khọt bị chém đẹp ấm ức cả ngày may gặp được quán này, đi ăn thì tinh thần phấn chấn hẳn lên 😆😆😆
Giá cực tốt nhất là đối với sinh viên tụi mình, 32k-35k mà ngon lành đồ ăn ứ hự như này nè :3 lại còn kèm cả 1 chai nước ngọt cơ. Muốn gọi đồ ăn thêm thì chỉ 3k-5k.
À mà địa chỉ hơi sai ý, 177 nhưng lại ghi là 176, chắc hồi xưa nằm bển hay sao đó nhưng mình đi tìm thì bị hố vì 176 là quán trà sữa thì phải :v
Mình ghé quán khá sớm, được hẳn 1 biệt đội nhí phục vụ cưng dễ sợ luôn đó trời. Chị chủ dễ tính dễ thương mà cũng kĩ lưỡng cho khách, có cậu nhóc cầm chai nước ngọt ra cho khách mình thì thấy cũng như chai bình thường nhưng chị bảo ""con cầm làm vơi nước ra à? Lấy chai khác cho cô đi con""
Độ ngon thì khỏi bàn luôn 💚
Về rồi mà vẫn thấy nhớ thấy thèm :3Xem thêm",77
877,QL,21/11/2017 19:01,6.6,"🍒Ở đây là chỗ bán chuyên bò né đầu tiên ở vt, cũng có thương hiệu nữa nên khi mở ra thì đông lắm luôn. 

🍒Giá khá rẻ. Gia vị nêm nếm ok, bò thì có miếng mềm, miếng dai nhưng nói chung là ok. Có kèm bánh mì rồi nha

🍒Khoai tây chiên giòn hơn xíu nữa thì ngon hơn.Xem thêm",77
878,Cong Tien Tran,24/10/2016 19:57,8.2,"Bò né ở đây thật là hết sảy! Bò duoc859 ướp gia vị rất vửa ăn, không cần dùng thêm nước tương. Nhưng nếu ăn mặn, bạn cũng có thể chấm thịt bò vào để làm tăng hương vị thơm ngon của miếng thịt. Miếng trứng ốp la vừa chín tới, có viền bên ngoài cháy sém, giòn giòn ăn rất vui miệng. Bạn không thích trứng sống như mình thì có thể order phục vụ làm trứng chín đều 2 mặt hoặc đánh tan trước khi chiên. Còn không thì lúc mới vừa đem ra, bạn làm cho lòng đỏ bể ra và sức nóng của chảo làm cho trứng chín dần. Ngoài ra còn có pâté và chả chiên, nem, xúc xích và rau trộn tươi mát ăn kèm nữa, nên bữa ăn rất đầy đủ dưỡng chất. Riêng phần rau trộn ở đây thì mình ăn thì thấy lúc chua quá, lúc lại nhạt quá do chưa thấm nước trộn. Khi ăn, bạn không cần tốn tiền mua nước vì quán sẽ khuyến mãi cho bạn mọt ly nước ngọt to ""tổ bố"" luôn để bạn có thể vừa nhâm nhi, vừa giải khát. Còn giái cả thì rất phải chăng. 1 phần bò né bình thường chỉ từ 25-35k thôi. Nên ghé ăn thử nhé!!!Xem thêm",77
879,Thịnh Thịnh,26/9/2016 15:24,7.4,"Nằm trên đường trương công định gần trường mẫu giáo. Vào buổi tối quán khá đông khách, do không gian hạn hẹp nên quán bày bán thêm trên vỉa hè ngồi rất là vui mắt. Quán kinh doanh chủ yếu là bò né gồm có nhiều loại khác nhau để thực khách lựa chọn. Thường thì nằm trong tầm giá từ 25k đến 45k ngoài ra quán còn kinh doanh thêm các loại thức ăn khác như mì xào bò.... mỗi phần ăn sẽ được kèm miễn phí 1 chai nước ngọt cho mọi người giải khác mà không phải tính tiền. chủ quán thì nhiệt tình vui vẽ hihi.Xem thêm",77
880,Py Thảo,26/8/2016 11:36,9.0,"Vô quán bò né ăn mì xào bò có được hơm?
Gì chứ tui thấy cái món này ở đây hấp dẫn cực, ăn mì kiểu này vừa bổ khỏi lo bị nóng vì bò quá nhiều luôn
Sợi mì khô ráo nước ăn kèm với sốt xào bò thì khỏi bàn luôn ha. Thích cái chả chị chủ bonus thêm cho ăn cực dai cực ngon luôn, vì đây là quán ăn gia đình làm nên bán chất lượng lắm, lần sau sẽ ghé nhiều nữa chắc lại ăn món này típ ^^Xem thêm",77
881,Thịnh Thịnh,23/8/2016 9:54,7.8,"Tuy là đổi địa điểm qua đối diện bên đường, không gian quán nhỏ đi nhưng quán vẫn được mọi người ủng hộ rất đông, một phần quán làm ăn chất lượng, phần khác là chị chủ quán rất nhiệt tình vui vẽ và hiếu khách nên được mọi người ủng hộ, quán bán các loại bò né từ đơn giá 25k tới 45k , ngoài ra khách ăn ở đây còn được miễn phí 1 chai nước ngọt để giải khác, bò ở đây làm mềm dễ ăn , phục vụ của nhân viên cũng rất nhiệt tình, nhanh nhẹn không phải để cho khách chờ lâu, vào buổi tối khách ghé vào đây rất đông. hiXem thêm",77
882,Py Thảo,6/6/2016 11:21,8.4,"Cái món quen thuộc mỗi khi tan ca trễ của tui, tại cũng cùng đường về nhà á mà. Hình như quán trả mặt bằng rồi dời qua vỉa hè đổi diện trước trường mẫu giáo, bàn ghế ít hơn hẳn, nhưng khách thì vẫn thế, ko giảm. 10h mình ghé ăn vẫn còn đông lắm luôn. Phải ngồi đợi tầm 15p mới có đồ ăn vì phải đợi cô chủ về lấy thịt bò hì hì. Đang cảm cúm trong người nuốt bánh mì thì hơi liên quan chưa nhìn vĩ bò né sôi sùng sục là hấp dẫn rồi. H nay mình ăn thử ốp la sống luôn vì bình thường ăn ốp la chín ko hà, cũng ngon lắm, đổi khẩu vị uống fanta chứ ko uống coca nữa, thoã mãn cái bao tử hí híXem thêm",77
883,Thịnh Thịnh,18/5/2016 18:36,7.8,"Lâu rồi không có dịp ghé quán ăn, hôm nay được bạn rủ nên ghé vào thưởng thức, không gian quán không rộng lắm nên chắc mọi người đi qua cũng ít để ý, lúc vào quán cũng không đông lắm, điểm khác ở đây là quán phục vụ nước ngọt nguyên 1 chay mini luôn chứ khoogn giống như những quán khác chỉ cho 1 ly nước ngọt, vì mình là người thích nước ngọt nên điều này mình rất thích, thịt bò mềm có xúc xích và bate ăn rất ngon, chị chủ quán thì rất vui vẽ luôn chào đón khách niềm nở hi .Xem thêm",77
884,Trường Đ Nguyễn,18/4/2019 8:32,9.6,"Quán này đi vào ngày nghỉ cũng khá đông khách , nhân viên làm rất nhanh -không phải chờ lâu . giá thành lại khá hợp lí măm ngon miệngXem thêm",77
885,Ng T Linh,17/2/2019 17:18,8.8,"Quán quen của mình mỗi khi về VT. Chị chủ siêu hiền siêu dễ thương, và hình như biết đánh guitar nữa. Làm đồ uống gì cũng ngon. Bạn mình mấy đứa kia cũng khen. Mình hay uống capu dừa, siêu ngon luôn, mấy bạn nên thử 👍 😘 có kèm hạt hướng dương cắn giết thời gian đợi nước nữa nè. Chỗ này chắc bán cf thật, lần nào uống cf ở đây xong mình mệt người lắm, cảm giác say cf á. Mà mình đó giờ chỉ bị say cf thật :))) như highlands starbucks phúc long mới khiến mình mệt vậy thôi.  
Không gian quán siêu vintage, có nhiều góc xinh sống ảo. Đến đây 1 buổi sáng là đủ 1 bộ hình up fb rồi nha. 
À quên, giá vô cùng dễ chịu luôn .Xem thêm",78
886,ngọc anh,18/11/2018 13:48,10,"Quán này quá xịnnnn luôn nè. Đầu tiên là chị chủ hết sức dễ thương luôn ý, nhẹ nhàng, vui vẻ quá trời. Không gian quán yên tĩnh, xưa cổ, ấm cúng lắm luôn. Đồ uống giá vừa phải, ngon đẹp mắt nữa. Nói chung là cực kì ưng nơi đây. Có dịp chắc chắc ghé lại.Xem thêm",78
887,mai thảo,19/2/2018 17:07,9.2,Không gian ở tầng trệt đẹp.Xem thêm,78
888,QL,15/10/2017 18:35,7.2,"Quán đẹp. Chất. Phong cách hoài cổ nè
Ghế ngồi bằng vải chăn công nổi ghê :)))
Ngồi đây uống nước ngoài trời mưa rơi đúng là tao nhã🙃🙃🙃Xem thêm",78
889,Minh Nguyễn,25/8/2017 19:55,9.2,"Quán khá dễ kiếm. Quán rộng, phong cách cổ đẹp. Ghế ngồi khá êm, có nhiều chỗ ngồi. Có cả sách cho các bạn đọc. Giá cả thì không đắt nhưng ngon lắm. Nhạc hôm mình đi bật hợp với gu.Xem thêm",78
890,Viet Nguyen,31/3/2017 11:44,8.2,"Không gian quán này chất lừ, anh em thích sống ảo thì tới quán này là chuẩn rồi nha. Không gian quán khá rộng, có nhiều góc để chụp hình. Quán có hai dạng ghế ngồi bình thường và ngồi bệt khá thoải mái. 
Nước pha chế ngon, giá cả hợp lý.
Nhân viên nhiệt tình, dễ thương.
Chắc chắn sẽ ghé lại nếu có dịp xuống Vũng Tàu chơi.Xem thêm",78
891,Hiếu Đinh,23/10/2016 10:08,8.2,"Quán mới chuyển qua địa chỉ mới cũng khá gần chỗ cũ. Nước uống vẫn giữ nguyên menu trước, mong rằng quán sẽ có nhiều loại nước uống mới khác. Không gian tuy nhỏ nhưng rất ấm cúng, decor đẹp hơn quán cũ, mình thích cách bố trí ở độc lập mới hơn.Xem thêm",78
892,Thanh Mai,4/9/2016 18:37,7.6,"Quán trang trí đẹp, bàn ghế là bàn máy may, bàn học dễ thưong. A chủ quán cũng dễ thương, tử tế, nhiệt tình.
Mà nước pha hơi ngọt, mà nói chung ổn. Giá cũng k cao, vừa phảiXem thêm",78
893,Giang Minô,11/6/2016 8:21,6.4,"Mình dô đây vs bạn nh lần rồi
Quán rất yên tĩnh 
Ai mà thích không khí bình yên nhẹ nhàng 1m thì dô đây là quá ok rồi
Nước giá ổn
Chú chủ quán đây cũng dễ thương còn thân thiện nữa 
Quân trang trí theo phong cách cổ xưa
Dô đây các bạn cũng có thể mang sách vở vào đây học thật sự rất yên tĩnh 
Nghe nhạc du dương êm lắm áXem thêm",78
894,Trâm Lê,3/6/2016 22:33,7.2,"Quán nhỏ nhỏ trên đường Lê Quý Đôn. Quán chỉ có 2 anh chị thôi. Không gian tuy nhỏ nhưng bàn ngồi rất cách biệt ko san sát nhau vs mình như thế riêng tư và dễ nói chuyện hơn. Menu ko có gì đặc sắc cũng như những nơi khác nhưng tìm đến vì sự trang trí lạ mắt và ko quá ồn ào. Mình od matcha đá xay, sữa tươi cafe, trà đào tất cả đều ok cơ mà trà đào có 1 miếng đào tươi hà hơi buồn. Match đá xay thì lại quá đá quá ko thấy thơm mùi trà xanh, cafe ko đặc sắcXem thêm",78
895,Lê Hải,4/6/2024 15:35,10,"Gà ngon chuẩn vị, bánh gạo chất lượng, trà sữa OK. Giáo hàng nhanh đóng gói cẩn thận. Hết món thì nhân viên gọi điện tư vấn đổi món rất nhiệt tình. 10 điểmXem thêm",79
896,ngọc yến,4/6/2024 15:35,10,Gà ở đây làm tôi thấy ngạc nhiênXem thêm,79
897,Hoành Thanh,4/6/2024 15:33,10,"Đồ ăn OK đấy, sẽ quay lại lần sauXem thêm",79
898,linh chi,4/6/2024 15:33,10,Gà ở đây làm đây làm tôi rất hài lòngXem thêm,79
899,GG,4/6/2024 15:33,10,"Gà ngon, trà sữa siêu đỉnh. Tôi rất thích.Xem thêm",79
900,vân khánh,4/6/2024 15:32,10,Ngon đến nỗi không thể dừng lạiXem thêm,79
901,Mình Đức,4/6/2024 15:31,10,Ngon ko thể cưỡng lại được.Xem thêm,79
902,mỹ vân,4/6/2024 15:31,10,Ngon không thể tảXem thêm,79
903,Kiều oanh,4/6/2024 15:30,10,Ngon từ miếng đầu tiên đến miếng cuối cùngXem thêm,79
904,Ngọc Ánh,4/6/2024 15:30,10,Chắc ngon vũng tàu mấtXem thêm,79
905,Duy Hoàng,28/7/2019 22:58,9.8,"Xôi dẻo mềm. Cánh ướp thấm đều gia vị. Sốt ngon. 
Ord ship now nhanh. Xôi và đồ ăn đều còn nóng. Sạch sẽ chất lượngXem thêm",80
906,Rosie Nguyen,22/7/2019 11:47,4.6,"Xôi chả có vị gì, nhạt nhẽo. Sườn ngon, còn gà thì ko ngon.Xem thêm",80
907,Dung Phan,13/7/2019 15:11,7.2,"Đọc review trên fb nên bữa đó đội mưa đi mua thử. Mình mua phần có xôi, đùi gà, lòng và 1 búi trứng, chi phí 40k. Xôi khá là ngon, sốt cũng ngon, đùi gà thì to bự luôn, bữa đó mưa lạnh lạnh nữa nên thấy ngon lắm. Chắc chắn sẽ quay lại dù giá hơi cao.Xem thêm",80
908,Minh Trương,2/4/2019 13:20,10,ord trên now nhanh gọn - do an giao đến nơi vẫn còn nóng . sốt ngonXem thêm,80
909,Đỗ Hoàng Lan Anh,15/3/2019 16:45,7.4,"Xôi ngon nhưng hơi cứng. Nước sốt sệt đậm miệng, ăn rất hợp. Gà không bở, da béo. Sườn thì là sườn cây nên không nhiều thịt lắm, nhưng mà ngon 😂 Có điều hình như menu hay foody giao hàng bị sai hay sao ấy, đặt có mỗi đồ ăn thì giao cả xôi đến. Đề nghị chỉnh sửa.Xem thêm",80
910,Hoang Tung Vu,26/1/2019 19:51,7.8,"Search trên foody thấy quán gần và được review nhiều nên ghé thử!
- quán nhỏ, ít khách ngồi ăn tại quán
- shipper đến lấy hàng đi giao nhiều
- 2 chị chủ quán dễ thương, thân thiện, lịch sự
Mình gọi 2 phần xôi đùi gà (25k/phần như hình mn share và 1 phần trứng gà non phần 2 lạng khoảng 4 búi trứng non (80k)
Ngồi nói chuyện với mẹ của 2 chị chủ quán nữa! Cũng vui tính không kém
Có điều! Xôi gà béo quá nên mình ăn đc 1 nửa thì hơi ngán!
Nhưng tựu chung lại, quán ăn okXem thêm",80
911,An Nhiên Trương,14/1/2019 8:07,10,"Quá rẻ quá chất ! 
Giá tiền ngược lại với chất lượng. 
Mình ord cùng các bạn ăn thử trên Now thấy review quán rất tốt nên muốn thử xem sao ! Mình ord hôm thứ 7. Quán tặng kèm trà tắc. Chả hiểu sao các thanh niên kia lại chê mắc ! Chứ mình thấy dù hok tặng kèm nước giá ở đây vẫn rất rẻ . Trước khi review các bạn nên trải nghiệm ra chợ hoặc siêu thị mua đồ về tự nấu để update về giá cả ! Thời buổi bây giờ toàn thanh niên ngồi gõ phím chẳng chịu lết thân đi đâu nổi rồi ngồi phán như thánh.Xem thêm",80
912,Thành Trương,13/1/2019 13:21,10,"Tôi chẳng hiểu sao quán này lại bị đánh giá là KÉM !
Tôi đã đi rất nhiều các tỉnh ở Viet Nam, ăn mòn đũa mòn bát rất nhiều nơi . Tình cờ tôi được người bạn giới thiệu nên biết quán của cháu ! Xôi dẻo và thơm, đặc biệt tôi ưng ý nhất nước sốt và vị ướp gà sườn của quán ! Ăn lạ miệng và ngon đúng vị của tôi.
Đặc biệt cháu rất chu đáo nước sốt lúc nào cũng để riêng vì sợ khẩu vị mặn - lạt của khách khác nhau !
Bánh xếp : theo chia sẻ của cháu thì ngay cả vỏ bánh cũng tự chính tay nhào bột làm không bị hôi như những chỗ khác tôi đã ăn qua !
Đúng là tài không tuổi, tiếc cho cháu điều kiện không có nên không đưa quán phát triển được lớn hơn ! Chú tin rằng nếu là Sài Gòn hoặc Hà Nội thì cháu sẽ có 1 thương hiệu riêng cho mình !Xem thêm",80
913,Gia Tuan Vo,12/1/2019 13:11,4.6,"Quán này mình được biết qua foody , quán chế biến rất ngon , vừa ăn. Mình có order 2 lần, #1 đùi gà nướng ( rất nhỏ) , lòng gà trứng non sa te , trà . #2 lòng gà trứng non cháy tỏi , trứng non thêm. 
Không biết quán có nên điều chỉnh giá lại ko nhỉ vì một phần trứng non thêm tận 42k , trà 15k nhưng ít lắm,ly nhỏ.Xem thêm",80
914,canh2612,7/1/2019 21:56,9.4,"Dành cho các bạn ngán cơm nhà, hay đi làm không có thời gian nấu ăn, thì món này là giải pháp cứu đói(còn có chị chủ nhiệt tình ship tận kẻ răng cho bạn)Xôi siêu cực ngon, thêm cây sườn nướng to chà bá bự hơn cả bản mặt của mình+ sốt thái thơm ngon vị lạ. Bánh xếp thì giòn rụm( bánh này nên ăn nóng sẽ ngon hơn) có bún rau, nước chấm còn có đu đủ cà rốt ăn kèm nếu bạn sợ ngấy do dầu mỡ. Nói chung 10đ suất xắcXem thêm",80
915,Vie Heureuse,20/6/2020 21:06,4.8,"Nhà mình đi 7 người lớn,  3 em bé,  đặt bàn trước tuy nhiên khi đến mình muốn chuyển ngồi bàn khác cho riêng tư chút,  thay vì giải thích từ tốn thì bé nhân viên thể hiện khá khó chịu tuy nhiên có 1 bạn nhân viên khác xuỵt suỵt bạn đó và đồng ý hỗ trợ. Đồ ăn bình thường so với các quán khác,  nhưng đồ ăn đưa lên chậm, nhân viên thấy cũng rảnh,  khách ít nhưng khi đi về rác bên dưới đường đi nhiều,  thật sự so sánh với các quán khác mình không có lý do quay lại đây.Xem thêm",81
916,Quách Minh,28/12/2019 23:31,8.6,Nói chung đây là nhà hàng sushi mà mình ưng ý nhất vũng tàu rồi. Rất tươi và chế biến vừa miệng👌🏻Xem thêm,81
917,truc tran,3/12/2018 10:59,3.6,Hơn 1 năm rồi quay lại ăn thì thấy thay đổi hẳn. Chắc quán đổi chủ nên phong cách đổi luôn. Ko phải nhà hàng Nhật mà là quán cơm bình dân. đầu bếp không thấy mặc đồng phục. Nhân viên quên của mình 1 món. Muỗng thì xài muỗng melanin bẩn và ố vàng. Đũa thì xài đũa như trong quán cơm. Đồ ăn thì ko dở nhưng cũng bình thường. Quán ăn nào cũng có. Nhưng mà giá thì mắc như nhà hàng. Chất lượng không tương xứng giá tiền. Bạn nào dễ tính chắc sẽ chấp nhận. Mình khó tính nên bai bai. Quá tệ sẽ không quay lại. Ở vũng tàu tìm được quán sushi tử tế thật khó.Xem thêm,81
918,Trần Tuấn,4/10/2018 8:04,1.8,"Về phần đồ ăn minh đánh giá bình thường . Vì mình là tín đồ của món Nhật nên thấy cá hồi ở đây ko tươi . Gia vị không đủ 
Giá cả thì đắt so với các tiệm khác 
Đặc biệt là phục vụ tệ . Nhân viên đứng túm tụm lại rồi chỉ chỏ khách ngồi ăn . Rồi đứng bình luận khi có khách vào . Vô cùng bất lịch sự . Các bạn cần xem lại thái độ phục vụ của quán 
Nói chung , ăn 1 lần và không muốn quay lại !Xem thêm",81
919,Lê Cường,4/10/2018 6:49,7.4,"Mình đi 2 người.
Bàn ăn khá rộng rãi, không gian ổn.
Mình thích sashimi cá hồi với cà ngừ nướng tái quán làm ăn ngon nè 😋.
Trà xanh gạo rang thơm.
Giá ~500k.Xem thêm",81
920,artstylevn,1/7/2018 18:57,3.0,Các bạn phục vụ cực kì tệ. Đi ăn ở quán mang nguyên cục tức về. Thời đại nào rồi còn có phong cách bán hàng thế này ?!Xem thêm,81
921,🐸 🐸,11/5/2018 23:56,8.2,"Buổi trưa tan làm tranh thủ đi ăn, đang ngán dầu mỡ nên bảo đi ăn sushi, chạy 2 vòng cái đường Thống Nhất mới mới lựa được quán, chạy vào đây ăn, may quá chưa đến giờ quán nghỉ trưa ))) 
Mình đi 2 người, gọi 1 phần tổng hợp vs 1 phần bò cuộn nấm chiên bơ, 2 ly nước 😰 k dám ăn bò vì ngán bơ dầu quá. Bạn mình ăn yếu nên 1 mình mình chiến cái phần kia ăn xong uống hết ly nước thành ra hơi no 😂 
Ưu điểm là nhanh, món khá ngon, phục vụ chu đáo. Khuyết điểm là giá hơi chua 1 tí hahaXem thêm",81
922,Phúc  Đồ,11/5/2018 20:02,9.6,"Ấn tượng đầu tiên khi bước vào cửa là không gian khá đẹp ấm cúng nhìn là mê ngay :3
Món ăn ngon hợp khẩu vị - ngon quá nên gọi nhiều món liền 😁😁đồ ăn lên nhanh nên khỏi sợ bị bỏ đói 😉😉
Các bạn Phục vụ khỏi nói rồi nhiệt tình chu đáo nhanh nhẹn gọi là tới ngay 😍😍
Sẽ tới đây thường xuyên 😚😚Xem thêm",81
923,mtu_ngyn,29/4/2018 12:28,9.4,"Không gian nhìn siêu ấm cúng, cũng mang hơi hướng phong cách Nhật Bản. Nhân viên phục vụ khá tốt, thân thiện với khách hàng. Thời gian làm cũng nhanh, không lâu lắm, mình chờ tầm 7-10p là có đồ ăn rồi.
Thức ăn ở đây thật sự phong phú, ngon nữa hehe :)) Giá tầm 200-400 ngàn/người là ăn bể bụng luôn á 😁 Bày trí thức ăn cũng đẹp nữa, nhìn rất bắt mắt, ở đây mình không có chụp nhiều hình ảnh cho mọi người xemXem thêm",81
924,Rùa Nhỏ,11/3/2018 22:44,8.8,"Không gian đẹp, ấm cúng. 
Phục vụ khá dễ thương, thân thiện, thích nhất anh bảtender.
Sushi khá ngon, có sushi đậu hủ mà mình thích. Tempura chiên hơi dầu ăn có vẻ hơi ngấy. Súp miso khá ngon.
Giá cả ổn k đắt.Xem thêm",81
925,foodee_454b159a,12/7/2021 20:44,2.6,"Các bạn mua né quán bún nha trang trên đường***ra nha. Nay e trai e ghé mua. Chắc thấy con nít bắt nạt. Bán 220k/kg chả cá. Nhóc e mua 0,5kg mà bán cho có 1 miếng bé xíu thôi. 110k. Về mẹ e cân lại chưa được tới 3 lạng. Quá đáng thật sự. Quán lớn mà bán buôn k chút uy tín nàoXem thêm",82
926,Quỳnh Như,31/3/2020 19:27,10,"🏠 Quán hơi nhỏ, gọn gàng và sạch sẽ.
📍/bún sứa + cá dầm/ cá và cả sứa cho vào nhiều, nước dùng vừa miệng. Nước chấm ăn kèm uki luon.
💰Giá cả vừa túi tiền nè.Xem thêm",82
927,Diệu Hà,21/8/2019 22:48,9.4,"Quán hơi nhỏ nhưng sạch sẽ, chủ quán cũng dễ thương, nhiệt tình. Nhóm mình gọi bánh canh sứa, bánh canh chả cá thường với bánh canh chả cá + giò heo. Chả cá siêu ngon, thơm với chắc lắm. Giò heo siêu to khổng lồ luôn. Sứa thì giòn sật sật, ăn lạ miệng, khá tươi. Ở đây cho trà đá miễn phí luôn, nếu muốn gọi thêm trà tắc thì 5k/ ly nha. Giá cả trung bình 30k/tô, bún chả cá thường thì 25k. Nói chung so với chất lượng thì giá vậy là quá ổn. Recommend mọi người nên thử bánh canh chả cá giò heo nha ☺️Xem thêm",82
928,Thao Phan,30/6/2019 9:39,1.0,"Thật sự là chưa biết ngon thật không khi khách đông vậy, vì ko thể đợi nổi đến lúc được ăn, đành ôm cục tức đi về. Mình sẵn sàng thông cảm cho quán cuối tuần đông khách nhưng đó là khi quán ""ngó ngàng"" đến mình, chả lẽ bận đến mức ko nói đc câu chờ chút. Đằng này ngồi đợi cả 20-30p ko thấy ai hỏi han gì đến, bàn đến sau thì còn được đem rau ra trước. Đến khi mình kêu"" chị ơi cho gọi món"" thì nhìn 1 cái rồi lại làm tiếp, ai biết đường nào mà đợi. Quán lớn mà ko chuyên nghiệp chút nào. Ít khi review mà lần này phải đăng nhập để phản ánh ngay là hiểu rồi ha.Xem thêm",82
929,Trang Đài,10/3/2019 10:45,3.2,"Nhóm mình đến quán gọi 5 tô, lúc vào quán cũng khá đông nên nhân viên không ai nhìn tới bọn mình, gọi mãi thì nhân viên nhìn bàn mình 1 cái rồi đi tiếp. 1 lúc sau có người ra đưa giấy tụi mình ghi rõ là 5 tô, thế nhưng mãi 1 lúc sau khách vắng bớt bàn mình mới có 2 tô được bưng ra, 2 bạn trong nhóm mình chuẩn bị ăn thì nv chạy ra lấy lại 2 tô đó bảo là của bàn khác rồi lại làm 2 tô khác cho bàn mình. 2 bạn mình ăn được gần nửa tô thì mình nghe chủ quán bảo ""làm cho bàn số 5 trước"" trong khi bàn số 5 lúc bàn mình mang ra 2 tô rồi họ mới vào ngồi. Quá bức xúc mình mới nhắc nhân viên thì họ lại mang tiếp ra 2 tô cho bàn mình, đụng đũa vào ăn thì nv lại 1 lần nữa chạy đến lấy lại và bảo 2 tô này của bàn khác. Thật sự tụi mình rất bất bình trước cung cách phục vụ của quán.
Còn về đồ ăn thì bánh canh chả cá ăn khá ổn, nước dùng ngon ngọt nhưng sứa ăn ko được ngon. Quán hơi chật và nóng.Xem thêm",82
930,Diễm Trương,23/12/2018 12:13,8.0,"Vị trí quán dễ tìm
Quán hơi nhỏ và đông nên nhìn hơi dơ tí thôi ( mình thấy có 1 anh bán và 1 cô dọn thôi nên không sao) được cái là anh bán hàng thân thiện và vui tính
Giá cả vừa phải, mình order bún chả cá+ trứng cá 30k, bánh canh chả cá+ sứa 30k, tô nào cũng ngon, sứa giòn, trứng cá béo ngọt, nước chấm ngon nhưng hơi cay.
Có bán thêm cơm cháy 10k khá ổn.Xem thêm",82
931,Phuong Huynb,4/8/2018 20:50,7.8,"Chủ quán nhiệt tình thân thiện dễ thương. Chả cá ngon, bánh canh bột gạo ngon. Sứa thì tươi nhưng hơi nhạt.
Nước dùng có vẻ hơi nhạt với khẩu vị của mình, phải nêm nếm thêm cho đậm đà thì thấy là ngon. Lần sau mình cũng sẽ quay lại, nhưng ăn chả cá với nước lèo thôi có thể sẽ hợp khẩu vị hơn.Xem thêm",82
932,Hằng Lê,8/7/2018 9:59,3.8,"Quán phục vụ rất tệ, chỉ phục vụ cho những nhóm đông trước. Mình phải order 5 6 lần, đợi 1 tiếng mới được chú ý đến.Xem thêm",82
933,Bảo Trân Nguyễn,7/7/2018 14:54,8.6,Mấy cô rất dễ thương và nhiệt tình luôn. Bún ngon nêm nếm vừa phải thơm đậu phộng. Sứa ăn rất lạ miệng giòn như rong biển vậy 😆😆😆 chả cá thì thôi khỏi nói ngon số dáchhhhhh luônnnXem thêm,82
934,Miihaa,5/6/2018 21:04,8.0,"Quán bún cá này là quán quen rồi. Món đặc trưng nhất ở quán là món chả xá giai giai giòn sừn sựt. Ăn rất vừa miệng và rất thích. Có thể gọi thêm sứa ăn kèm cũng ngon. Còn có bao tử cá, trứng cá, giò heo. Cứ gọi thêm càng nhiều thì càng tăng tiền lên thôi. Nước chấm ở đây cũng ngon nữa. Rau trụng để ăn chung. Có trà đá miễn phí. Quán thường sẽ rất đông nên phải đợi. Quán hơi nóng do sáng nắng hay chiếu vào ấy. Chỗ này là chỗ ăn sáng lí tưởng cho những ai xuống vũng tàu.Xem thêm",82
935,Teo Tam,13/4/2021 13:16,2.6,"Mình vào mua thì hay bị hết bánh nên mình có gọi để đặt trc nhưg mà gọi đt thì k bao h nghe máy🙂🙂, bán mình lại hỏi bánh thì nc kém lịch sự như kiểu mình cần ăn bánh của họ v ấy, rất thất vọng về cách ứng xử.Xem thêm",83
936,trân,5/2/2021 9:24,1.0,:)) không tôn trọng khách nhiều lần quá r ngta cũng là ng xếp hàng 45p tới h thì kêu nhường cho ng đặt***trưa bắt đọi thêm 20p nhưng kêu bh hết bánh r từ 20 còn 4 cái kh lấy thì trả tiền trời kiêuz :) ngta đợi cho đãXem thêm,83
937,Ngọc Khánh Phạm,3/2/2021 15:31,10,"Các cô bán rất dễ thương, không có khó chịu như lời đồn, bánh chiên nóng, ngon. Cô bảo đợi 20ph, nhưng chờ khỏang 10ph là đã có bánh. Có đi lại vẫn sẽ ủng hộ.Xem thêm",83
938,Minh Ngân,24/11/2020 12:13,1.0,"Mình dân SG, ghé quán theo bình luận trên Foody. Mà đến nơi thấy nguyên nồi bột còn y nguyên mà đã treo bảng Hết Bánh. Rồi mình k biết ở đó bán bánh gì, mình mới theo quán tính hỏi bánh nào ngon. Thì từ chủ đến người phụ việc nói với nhau xì xầm. Rồi mình nghe được từ bà già làm bánh câu nói :” Mỗi người 1 ý thức, nói làm gì được mấy em ơi”. Trời ơi đụ, muốn quay qua chửi ghê. Và từ đó k bao giờ quay lại dù có xuống VT 180 lần đi chăng nữa. Chẳng lẽ già như tuổi ngoại tao mà tao chửi bà già mất nết 🤨🤨🤨Xem thêm",83
939,Long,13/11/2020 16:54,1.0,***này bán chảnh lắm. Mới dọn ra 2h mà 2h15 mà báo hết. Bán đắt tại sao không làm nhiều bột. Mà  Tối quay lại 6h thấy vẫn còn bán ????. Nói chung cũng ko xuất sắc lắm. Nhưng buôn bán mà kiểu vậy như đuổi khách vậy. Mong mọi người tẩy chai quán của bả để bớt lố lạiXem thêm,83
940,Kiều  Nguyễn,26/9/2020 15:40,6.6,Lâu lâu đi Vtau lại thèm Bánh Tiêu mà Tầm 2h mấy 3h T7 ghé thấy mới dọn ra hỏi Bánh thì đc tl “ Hết Rồi “ chắc bận bán khách đt trước . Mà ngộ lắm . 9h ở Sg mình đt tính đặt trước 3-5l ko bao giờ bắt máy . Nên có 1l bạn kia chỉ về tới ks đặt Now là lúc nào cũng có . ( Thật sự bánh ko ngon xuất sắc j chỉ là lâu lâu thèm nên mới order thôiXem thêm,83
941,Do Thi Huyen Trang,10/9/2020 14:14,4.2,"Dân Vũng Tàu chính gốc đây, ngày trước bánh này cũng ngon á, mà mấy năm gần đây bỗng dưng nổi, ko còn ngon như trước, bánh rất bình thường, ko ấn tượng về vị, mà ấn tượng về thái độ phục vụ, kiểu như coi thường khách á. Ko hiểu sao ngày ngày vẫn đông, cứ kiểu buôn bán vầy để xem được bao lâuXem thêm",83
942,Mei Cao,14/7/2020 1:03,1.0,"Nghe đồn bthuong muốn ăn phải alo đặt từ trước, đến giờ ghé lấy bánh. Hôm mình ra ăn ko biết nên tiu nghỉu đi về. Mấy lần sau hỏi lại thì: 1 lần cô bán cho cha quỷ buedue đẹp trai xéo xắc bạn mình, ổng cũng ko đặt trước mà tới xin bán 4-6 cái, cô bán cho ổng luôn. Lần thứ 2 là bạn nam PT lực lưỡng xáo múi vui tính của mình, nó ra nói nói vài ba câu cô bán cho nó luôn.
?! ?!
Hờn á. Không thèm ăn bánh tiêu của cô đâu!Xem thêm",83
943,Uyen,13/7/2020 17:11,1.0,"Bán cái bánh tiêu mà tưởng bán thuốc trị covid luôn á :) làm quá dễ sợ. Người ta hỏi han lễ phép đàng hoàng, ko bán hay hết hàng thì nói 1 tiếng là xong, làm gì xưng xỉa xách mé ngta? Bùn.Xem thêm",83
944,Haha 1213,13/7/2020 14:41,5.4,Mình qua mấy lần tầm 4:30 mà toàn thấy treo biển Hết bánh. Vì thấy có nhiều người vẫn đứng chờ mình có vào hỏi mà bị mấy cô hét vào mặt và thái độ đuổi khách!!! Tuy có ngon như nào nhưng mong các cô xem lại tác phong và thái độ với khách hàngXem thêm,83
945,Khanhvy Nguyenle,17/5/2022 19:17,3.2,"Ngoại trừ ưu điểm view + thoáng (tương tự Gành Hào)
Thì nhưng lý do không quay lại là
- Giá rất mắc, gấp đôi Gành Hào, gấp 3 lần các quán trung tâm Vũng Tàu 
- Phục vụ rất rất kém, như robot. 
- Nhà mình 2 lớn 1 bé ăn 1 thố cơm - 1 thịt heo kho - 1 gỏi sứa - 4 con hào, rồi kêu thêm tô canh chua cá dứa (menu ko có canh chua cá, chỉ có canh cải canh rau gì gì đó giá hơn trăm ngàn. Kêu canh chua ko cá thì nvien nói chỉ có canh chua cá thôi, nvien nói là “có canh chua cá”. Ok kêu luôn). Ko tư vấn, ko nói gì, dọng cho 1 nồi lẩu cá hơn 4 trăm full rau bún. Nồi lẩu hơn 400 là ok không ý kiến, nhưng 2 vợ chồng tôi chỉ cần ăn chén canh cho trọn bửa cơm. 

Nêm nếm bình thường như các quán khu trung tâm. 

Giá cao vẫn chấp nhận vì menu niêm yết nhưng vẫn kêu, nhưng ko nên ép 2 khách ăn 1 nồi lẩu thay canh như vậy, người ta đã kêu 3 món và thố cơm rồiXem thêm",84
946,Lê Huỳnh Như,23/6/2020 17:14,6.4,"Quán nằm trên đường***hơi xa trung tâm và đường khá vắng, quán giáp biển luôn nên view đẹp, thoáng.
Không gian rộng, sạch sẽ, mình ghé quán vào trưa thứ 2 nên quán khá vắng.
Menu đa dạng các món hải sản, giá cả rõ ràng nên dễ chọn lựa, các loại hải sản theo thời giá thì quán cũng treo bảng giá sẵn, giá hơi cao so với mặt bằng chung.
Dù quán vắng nhưng lên món khá lâu, đồ nấu nêm nếm vừa ăn, tươi ngon.
Điểm trừ là mấy bạn nhân viên nhìn mặt khá khó chịu khi khách nhờ lấy này lấy kia và quán không mở quạt dù khách than nóng.Xem thêm",84
947,Yến  Xuân,6/6/2020 20:04,1.0,"Đi xe 15 người kêu mỗi loại đồ ăn 3 dĩa nhưng nhân viên chỉ đem lên 1 dĩa/15ng 🙂 lúc hỏi lại thì nhân viên kêu hết đồ ăn 🙂 sau đó nhân viên đem đồ ăn nguội lên nói để quên dưới bếp 🙂 hỏi thì ú a ú ớ, đồ chấm phải tự đi lấy, chén đĩa ly nước không đem đủ. Thái độ nhân viên đặc biệt thờ ơ với khách, kêu đồ ăn rồi sau đó lại hỏi đi hỏi lại kêu đi kêu lại 3-4 lần 🙂Xem thêm",84
948,Kimphuong Chung,13/5/2019 13:26,1.4,"NV phục vụ chậm, ko nở được một nụ cười, chưa bao giờ đi ăn mà thấy phục vụ tệ như vậy từ quản lý tới nhân viên
Đồ ăn cực dở, hải sản ko tươi. Ốc hương bị chết ăn là biết đồ ko tươi. Ghẹ mình hỏi bao nhiêu một kg, NV báo là loại 3 con/kg giá 790k, mình ok gọi 2 con, đem ra 2 con ghẹ nhỏ xíu, mình hỏi NV 2 con này bao nhiêu gram, nv đi một hồi lại nói tỉnh bỏ 2 con 400g. Vậy mà dám tính giá 790k/kg cho khách. Cơm chiên, rau xào là 2 món đơn giản nhất những cũng dở tệ. Mực sữa chiên nước mắm cũng dở ko kém. Lần đầu đi ăn hải sản mà bỏ lại mỗi thứ 1/2 dĩa vò quá dở ăn ko nổi. 
Ai có ý định ăn ở đây thì nên tìm hiểu kỹXem thêm",84
949,Mai,30/7/2018 7:33,6.0,"Đến quán lúc giữa trưa. Đói meo luôn. Vào gọi nhanh 4 phần lẩu, 8 thố cơm trắng, 4 phần cá kho, 4 phần rau luộc, 2 phần cơm chiên dương châu. Nhân viên nhiều nhưng phục vụ chậm. Gọi kê thêm bàn vì thiếu chỗ cũng không cho, bảo để dành cho khách sau ngồi. Kêu lấy ghế cũng không thèm lấy, mình phải tự lấy luôn. Nghe nói quán có tầng thượng mà hôm đó không cho lên. Dồn hết ngồi ở dưới. Thậm chí còn bắc bàn ngay chỗ cây bàng giữa đường đi luôn. Gọi món khoảng 20 phút có cơm chiên, 30 phút có cá kho, cá chỉ có 2 khoanh thôi, giá 180k, mà được cái lóc xương sẵn cho em bé dễ ăn luôn, nêm nếm cũng đậm đà nữa. Món lẩu cũng bình thường, không quá xuất sắc, giá 370k. View nhìn ra xa thì đẹp chứ ngồi cạnh lan can là thấy dưới biển toàn rác không hà. Nhà vệ sinh cũng tương đối sạch. Có điều quán nên để các hồ cá ở một góc thôi. Để dọc theo hai đường đi, mỗi lần bắt cá là nước văng tùm lum, nhân viên còn rửa chân ngay trên đường đi luôn nữa chứ. Không có bãi đỗ xe như Gàng Hào, phải đỗ ngoài đường. Sẽ ghé lại vào lần khác, không phải mùa du lịch, hi vọng quán sẽ vắng khách và phục vụ tốt hơn.Xem thêm",84
950,Hải Linh Nguyễn Vũ,21/7/2018 21:32,8.2,"- Không gian: rộng rãi, view đẹp, nhìn ra biển
- Phục vụ: Bth
- Món ăn:
* Súp: Vị ổn
* Cơm chiên thái: ăn lạ miệng, có một ít hạt cơm được chiên giòn trộn lại nên ăn rất ngon :)
*Mực chiên bột: Ăn khôgn được giòn lắm nhưng vị ổn, nước sốt lạ, chua chua mặn mặn ăn chung ngon lắm
* Nghêu chiên trứng: Món này ngon, mọi người nhà mình rất thích ăn món này
*Gỏi cá ram??: Ăn như bê thui :)) Nói chung cũng ổn, không quá ngon hay quá dở :))
*Hàu nướng: Ăn ổn, không có nêm gì nên mình cũng khồn biết nx sao :))Xem thêm",84
951,Tuananh Lê,16/5/2018 15:27,7.4,Ở đây hải rất oke nhưng nghỉ ko bán muộn nên mọi người nên đến sớm  hải to rất ngon nha mọi người giá cả cũng phải chăngXem thêm,84
952,13LG DH,2/10/2017 13:41,8.6,"Vị trí :  nằm trên con đường nổi tiếng của du lịch VT 
giá cả : giá cả đi đôi với chất lượng , giá cả minh bạch 
phục vụ : đã được cải thiện  , thân thiện , nhanh nhẹn , hòa nhã 
món ăn : nổi tiếng về hải sản , tươi nngon , chế biến tại  chỗ
không gian : rộng rãi , sạch sẽ, có thể đón tiếp tập thể , đoàn du lịch
view : điểm cộng của quán, có thể quan sát phong cảnh từ dưới nhà hàng hoặc trên sân thượng
Đặc sản :Lẩu chua Cá dứa kho Giỏ rau muống hải sản Gỏi vả tôm thịt (Cây vả cùng họ với cây sung ,Món vả trộn được xem là một trong những đặc sản quý của Huế,Theo đông y, quả vả có vị ngọt, có thể chữa được bệnh táo bón, kiết lỵ, trĩ, điều hòa ruột, lợi tiểu, tốt cho những người ăn kiêng vì nhiều chất xơ và ít năng lượng (100 gam vả khô cho 250kcal))Xem thêm",84
953,ThaoNganNguyen,27/7/2017 20:07,5.2,"Gia đình mình nghe tài xế nói quán này ngon nên đến ăn thử. Mới ăn món đầu là thấy thất vọng rồi 😔
Quán này nhìn bên ngoài có vẻ nhỏ nhưng bên trong khá rộng rãi, sạch sẽ và sáng sủa.
Thái độ của nhân viên khá thờ ơ, mình gọi hỏi mk wifi mà hỏi 4 người mới có người trả lời.
Đáng buồn nhất là các món ăn được đưa lên chẳng theo thứ tự nào cả!!! 
Đầu tiên là mực sữa chiên nước mắm (mức nhỏ mà ít, ăn chẳng thấm vào đâu 😥)
Sau đó là lẩu 🙄
Tiếp theo là tôm nướng
Rồi tới cơm chiên hải sản
Rồi mới tới gỏi 😂
Món gỏi rau muống khá ngon, rau muống chiên sơ, trộn lên ăn thấy giòn giòn ngọt ngọt chua chua rất lạ 👍
Món lẩu thì rất rất là tệ luôn ý! Bao nhiêu rau thịt cá đều cho vào cái nồi nhỏ nhỏ xinh xinh :)) nước tràn hết cả ra ngoài, nhìn là thấy không muốn ăn rồi :((
Nói chung là do lần đầu nhà mình đi nên chưa rành các món ngon và món không ngon ở đây nên chưa kết luận được, nhưng có lẽ sẽ không quay lại nữa.Xem thêm",84
954,B Mai Luu,8/7/2017 23:54,5.0,"Đi trong buổi tối mưa gió và tất cả các quán như Gành hào, Thành phát mình hay ăn đều hết sạch bàn nên nhà ghé cây bàng gần đó.
Không gian rất rộng cả trong cả ngoài nhưng k đẹp,bàn ghế gỗ xuềnh xoàng,k sang trọng.
Phục vụ chậm chạp,ra món lâu .
Nhà mình gọi hàu nướng phô mai ,cháo hàu,mì xào hải sản ,nghêu hấp,ghẹ,cá kho.KHÔNG MỘT MÓN NÀO chế biến nên hồn cả!Trừ món ghẹ và hào nướng phô mai căn bản hải sản Vũng Tàu đã tươi và k phải chế biến gì nên ăn ngon.Các món còn lại món nêm nếm quá ngọt,món nhạt k đậm vị.
Giá cả cũng k phải rẻ ,đắt so với chất lượng nên mình nghĩ mua hải sản Xóm Lưới xong nhờ chế biến còn ngon ,rẻ hơn:(sẽ k quay lại lần 2 .Xem thêm",84
955,Heo Vinh,5/12/2021 14:56,1.0,Quán mở cửa chua ạXem thêm,85
956,tpd12,6/4/2019 0:19,7.0,"Mình mới ăn kichi kichi ở sì gòn thôi, nay mới được anh bạn thân dẫn đi giải ngố thử kichi kichi vũng tàu. 
Nước lẩu thì vẫn vậy, đậm đà, ngon ngọt, đồ ăn không đa dạng như SG, mình không thấy hoành thánh hay đồ ăn ngoài thêm nên cũng hơi bùn miệng. 
Nhân viên hơi bơ khi yêu cầu xin nước lẩu và cất chén dĩa hơi mạnh tay làm mình vừa ăn vừa được đánh đu tinh thần ""rầm! rầm!"" chưa kể lát qăng cao quá nó đổ xuống, thiệc hú hồn chim én 😂 
Chắc lâu lắm mới quay lại ahihi🐥Xem thêm",85
957,Vương  Vy,3/1/2019 20:48,10,"Nước lẩu ngon, nvien thân thiệt
5*Xem thêm",85
958,Liên Phạm,31/12/2018 20:07,10,"Đồ ăn đa dạng phong phú, không gian sáng trọng phục vụ tận tình chu đáo nước lẩu rất ngonXem thêm",85
959,Hải Nguyễn,30/12/2018 18:32,10,Mặc dù thiếu một số thực phẩm do nhà hàng sắp đóng cửa ( tiếc ghia á chời) nhưng k s vẫn rất ưa địa điểm ăn uống nàyXem thêm,85
960,Vương  Vy,28/12/2018 21:56,10,"Nước lẩu ngon, đậm đà. Không gian thoáng mát. 
Các bạn phục vụ tận tình. Sẽ quay lại nữa.Xem thêm",85
961,Hải Nguyễn,26/12/2018 21:04,10,"Thịt, hải sản, rau củ, nấm... trên cả tuyệt vời 😍😍😍Cùng đến thưởng thức lẩu băng chuyền tuyệt vời này nhaXem thêm",85
962,Nguyen Duy,20/12/2018 14:31,10,Món ngon tuyệt hảo. Điểm 10 cho chất lượngXem thêm,85
963,Dương Thảo,20/12/2018 14:31,10,"Món ăn ở đây thật tuyệt
<3Xem thêm",85
964,Dung Trần,20/12/2018 14:29,10,10 điểm cho chất lượngXem thêm,85
965,Lvs,5/7/2019 20:38,9.2,"Nước lèo nấu ngon, nêm vừa miệng, có vị ngọt của thịt. Nhân viên vui vẻ, lịch sự. Vị trí dễ tìm, đậu xe hơi cũng dễ. Rất hài lòng. Sẽ ghé lại lần sau.Xem thêm",86
966,Tiên Trần,25/12/2018 21:53,7.0,"Hủ tiếu mì sườn
Đc: Hủ tiếu 376 Trương Công Định, p8 
45k - tô đặc biệt
So giá với hủ tiếu ở Sài Gòn thì cao quá chừng ha. 
Cơ mà chất lượng, có thịt, sườn, bò viên (ăn dai mềm như chả), cá viên (hay mực viên gì đó), phèo, hoành thánh, gan, trứng cút.
Cọng hủ tiếu dai nhưng mềm, ko giòn như ở sài gòn. Cọng mì mỏng, mềm. Nước lèo thơm ngọt thanh mà không ngấy. 
Công nhận đáng tiền thiệt.
Cho dù hôm trước có đi ăn chơi ngủ nướng đến 9, 10h thì đến vẫn còn. Quán rộng rãi, mặt tiền lớn, thoáng hơi mát.Xem thêm",86
967,Hoài An Lê,3/12/2018 11:31,8.6,Chỗ này bán hủ tiếu khá ngon ở Vũng Tàu. Mình ăn hủ tiếu thập cẩm chỉ có 28k mà ăn rất vừa miệng. Mọi người nên thử 💓Xem thêm,86
968,Kỳ Trân,21/4/2018 17:26,8.0,"Lần đầu ghé quán, ấn tượng là quán khá sạch, phục vụ nhiệt tình và nhanh. Mình và bạn mình mỗi đứa thử 1 món, hủ tiếu thì khá ngon, còn hoành thánh thì không được ngon lắm nhưng chung quy lại thì cũng ổn. Giá cả hợp lý. Vị trí cũng khá thuận tiện cho việc tìm kiếm.Xem thêm",86
969,Thanh Nguyen,25/2/2018 14:52,7.6,"Chủ quán dễ thương vãi đái ra. Mọi thứ ok hết, chỉ có cái là ai đi oto thì tìm chỗ đậu hơi chật vật chút.Xem thêm",86
970,Bánh Nhân,4/2/2018 20:24,9.2,Đã đến đây ăn. Thực đơn giá rẻ. Hủ tiếu ngon. Tô đặc biệt hoành tráng lắm. Nói chung là nên đến thử. Ăn Tùng Hưng rôi thấy chổ này ok hơnXem thêm,86
971,Văn Phạm,10/9/2017 15:52,9.0,"Dám cam đoan chắc chưa có quán nào tốt hơn quán này, giá quá tốt, ăn tô 25k no cành hông. Nhân viên nhiệt tình, thân thiện, dễ thương <3. Mỗi tội hơi xa biển.Xem thêm",86
972,Nguyen,6/8/2017 22:37,9.2,"Đứng trước vỉa hè mà không phân biệt nổi đâu mới là tiệm thiệt. Số nhà y chang nhau, cũng bán hủ tiếu luôn. Hỏi người dân thì người ta chỉ cho nha. Hủ tiếu ngon, rẻ, có điều chỗ ngồi hơi nóng ^^
--- Bấm vào để xem HD nha ☺️ ---Xem thêm",86
973,Trân Lê,23/7/2017 15:24,8.0,"Đi Vũng Tàu thằng bạn dẫn vô ăn, hủ tiếu ở đây ngon mà giá cũng vừa túi tiền. Hủ tiếu nước nêm nếm đậm đà, có thịt, trứng cúc với tôm 😋. Quán sạch sẽ, thoáng mát. Nếu có dịp đi Vũng Tàu lần nữa sẽ tiếp tục ghé quán ăn heheXem thêm",86
974,Mỹ,19/7/2017 0:17,9.0,"San sát có tới 4 tiệm ghi 376 Trương công định nên các bạn cẩn thận coi chừng vao nhầm nhé. Tiệm đúng  nằm giữa. Các bạn cứ nhằm tiệm đông nhất mà vào là k sai đâu dc 🍜🍜
Mình gọi 1 hoành thánh 1 hủ tiếu mì. Nam hay nữ ng 1 tô là no đủ cho 1 bữa ăn nhé 😛😛
Hoành thánh dai mềm vừa ăn, thịt lát tươi ngọt thịt lắm. Đồ ăn bỏ quá trời. nhân viên vừa bưng 2 tô ra là nghĩ thầm ủa sao rẻ vậy 😂😂 
Đũa muỗng rau sống chanh tương các loại đều đủ cả. Rất vệ sinh. 
Quán bán đa dạng cả 1 menu dài ngoằn 👏🏻👏🏻 lần sau có dịp sẽ ghé lại ăn món khác 😋Xem thêm",86
975,Mều Na,12/7/2017 19:16,7.4,"Hôm nay lại ghé tới đây, từ sớm cơ. Nói chung thích bên này được cái yên tĩnh, khách ít thích ngồi phòng lạnh nên bọn mình lăn lê bò càng thoải mái cũng không thấy ngại mấy ^^
Thích thêm cái wc sạch sẽ, đi đâu thì đi chớ wc mà dơ là thấy oải lắm. 
Nước thì gọi mấy món liên quan đến trái cây hay không có, nhưng được cái pha cũng ok.
Nhân viên thân thiện, chỗ để xe thoải mái, Muốn ngồi bao lâu thì ngồi, nên thích hợp cho hội bà 8 giống tụi mình nhắm :))Xem thêm",87
976,Hngngc5384,30/6/2017 9:53,6.8,"Ấn tượng đầu tiên là quán có mặt tiền khá đẹp, bảo vệ thân thiện, tiếp tân dễ chịu nhiệt tình... Trong quán có 1 khu riêng dành cho teen nữa!!! Về phần nước uống thì chưa đa dạng lắm nhưng cũng không hề thua kém quán trà sữa nào trong khu vực!!! Có cả bánh chewy junior bán trong t7 và chủ nhật luôn... Đây là loại bánh mình cực kì thích ăn nên chắc sẽ ghé cửa hàng thường xuyên! Nhìn chung trên thang điểm 10 mình cho 8.9 ☝☝☝Xem thêm",87
977,Mều Na,29/6/2017 16:25,7.2,"Bạn mình, mấy bà mẹ bỉm sữa, rất là thích quán này vì con nít được ăn chơi lăn lê bò càng thoải mái không ngại gì luôn. Nhất là máy lạnh phà phà, mùa nắng nóng như này mà chui ra đây ké cầm là thích nhất luôn.. he he
Đồ uống cũng bình thường thôi nhưng được cái bánh khá là ngon ^^
Nhà vệ sinh siêu sạch sẽ, mà lúc bọn mình về trên ghế sofa trong phòng có 1 em gián ở đâu lon ton chạy lại nhìn hơi ghê ^^Xem thêm",87
978,Thịnh Thịnh,25/8/2016 22:29,7.6,"Nằm trên đường lê hồng phong gần tượng đài đài liệt sĩ quán thiết kế theo phong cách hiện đại nhìn rất bắt mắt. quán có 1 lầu 1 trệt nên mọi người có thể lựa chọn cho mình một chỗ ngồi phù hợp, thường thì mình chon trên lầu vì nơi đó có thể ngắm được cảnh xe cộ chạy đông đúc ngoài đường, Thường thì tại mỗi bàn đều có 1 nút chuông để bấm gọi phục vụ khi mình cần mình thấy đây là phong cách rất mới , hay và lịch sự. Bình quân mỗi ly thức uống mình gọi có giá tầm 25k đến 60k , nhân viên nhiệt tình vui vẽ với khách hàng.Xem thêm",87
979,Meomeo Meomeo,15/7/2016 8:16,8.2,"Như thường lệ cứ đến cuối tuần là cả nhà mình lại đến đây . K gian ở đây rất yên tĩnh. View khỏi chê r nha mấy bạn . Đến đây uống cái là phải lên foody đánh giá ngay luôn . Mình đã đi rất nh quán mà chưa 1 quán nào  ở đây. 
có cả phòng máy lạnh cho teen bên trong nữa 
Còn 1 phòng ở trong nhà và một phòng ngoài trời. Mình thì lại thích ngồi ở kh gian ngoài trời hơn . 
Còn nói về đồ uống thì mình hay uống chocopie matcha hay là trà sữa gì đó 
Những cái đó mình chỉ uống sáng thôi
Chứ tối ghé qua thì k dám uống lên kí quá 😭
Ở đây có món VITAMIN rất ngon, có vị chua chua ngọt rất thanh và lá bạc hà nữa. Bạn nào k hảo ngọt thì nên uống này nha.
À mà đồ uống ở đây thấy món nào cũng ok đc với cái giá thì cũng ổn do view đây tuyệt quá mà + với nhân viên phục vụ nhiệt tình nữa nha
Quên nói với cá bạn nữa là ở đây còn có cả bánh su nữa nha. Bánh su ở đây tự làm và có cả nguyên cái lò làm bánh ở dưới luôn các bạn có thể xuống xem đc
Bánh rất ngon vỏ cực giòn nhân bên trong thì khỏi chê r , bánh có size tuỳ cỡ mà đảm bảo là sẽ k hề ngán nha. Mỗi lần đến đây uống là mình đều gọi thêm vài ba cái còn mua mang về nữa. Nhà mình bị dụ dỗ ngon quá nên cứ thích ăn là mình order về nhà luôn ^^ mà bánh su ở đây k giống những loại ở ngoài bán đâu 
Tất cả thạch trân châu kem tưoi hay ngay cả cà phê có nguyên cái máy xay luôn tất cả đều là tự quán làm hết nha.
Ai muốn uống cà phê nào thì tuỳ ý chọn và có thể kêu nhân viên xau trực tiếp tại quán nhé.Xem thêm",87
980,Tần Sương,21/6/2016 5:06,7.6,"Đợt mình đi vũng tàu có ghé qua quán này, phải nói là bước vô là thích liền :3 
View đẹp :3 là Poseidon nên chủ đề toàn là biển cả, tượng cũng tạc thành Poseidon luôn. Mới vào thu hút nhất là cái hồ cá, trong đó có cá tai tượng thì phải :3 
Nhân viên phục vụ, cũng hướng dẫn nhiệt tình, vui vẻ, cũng chịu đựng tốt )) mình cùng nhóm bạn thấy view đẹp là cứ chạy lăng xăng chụp chụp, hồi quay lại thấy bạn nhân viên vẫn đứng chờ order mà ko nhăn nhó, làm mình ngại hết sức. 
Thức uống cũng tạm, ko ngon lắm. Kem ở đây hình như tự làm thì phải. Kem ngon béo, ít chảy. Decor cappu chưa đẹp lắm. 
Nói chung cũng chẳng sao vì bù lại có dàn nhân viên và view đẹp thì ok r. Quán rộng cũng phù hợp cho tụ họp bạn bè, gia đình, có khu vực bàn ghế sang trọng, có khu ngồi bệt dành cho teen nữa. Hôm đó mình đi trời mưa lâm râm, nên tiếc là ko ngồi ngoài đc, quán có view ""rooftop"" đẹp lắm nha .Xem thêm",87
981,Trâm Lê,9/6/2016 22:20,6.4,Mình đi ngày thường lúc đến là 7h hơn quán chẳng có ai. Ngồi đc 1 lúc thì có thêm 5 bàn vs bàn mình là 6. Không gian ok đẹp ổn có bên trong phòng lạnh mà ko ai ngồi. Trà sữa ok mình od ko đường vẫn ngon nhưng ko nghe mùi bạc hà. Kem của đá xay béo ngậy gây ngán. Trà sữa có kem dẻo hơi ngọt thạch trái cây ok. Phục vụ bthXem thêm,87
982,Meomeo Meomeo,17/4/2016 8:11,8.0,"Sáng sớm uống cafe thì khôg còn gì bằg. Không gian mát mẻ, yên tĩnh, thoáng mát. Quán được sửa sang lại nên đã lắm. Mình ra đây kêu ly cookies và trà sữa. Cookies ngon lắm, trà sữa thì không ngon. Ơ đây có bánh su singapore nữa. Mình chưa thử vì ăn ság quá no. Có dịp quay lại buổi tối sẽ thử. Nhân viên phục vụ tận tình, dễ thương. Quay lại đây khá nhiều lân rồi nhưng vẫn khôg thay đổi như ban đau. Tuy giá khá cao nhưg lâu lâu đi 1 lần thì không saoXem thêm",87
983,Thịnh Thịnh,10/4/2016 11:57,7.8,"Cuối tuần dạo 1 vòng quanh biển rồi tạt vô trung tâm thành phố về . trên đường vệ thấy quán Cafe Poseidon này đẹp và lạ lạ nên ghé vào uống thử . Bên trong quán bày trí rất sang trọng và hiện đại, cảm giác thấy thích thích, vì quán có lầu nên mình lên lầu ngồi uống . Do quán nằm sát mặt tiền đường lớn nên vừa uống vừa ngắm được 1 góc cạnh thành phố, khuôn viên trên lầu bày trí rất đẹp, nhân viện phục vụ rất nhiệt tính , không đợi cho khách phải chờ, giá cả ở đây cũng không đắt lắm , mình gọi 1 ly trà sửa chỉ 30k . Giá ở đây cũng tầm từ 25k đến 60k mà thôi Quán này rất thích hợp xả stress sau 1 ngày làm việc hiXem thêm",87
984,Meomeo Meomeo,6/4/2016 13:56,7.2,"Nhà mình đi ăn xong hay ghé vào đây uống nước lắm. Quán yên tĩnh, dành cho những người k thích ồn ào sôi động, thư giãn như quán Cafe bãi trưoc. Uống ở đây ngồi trên lầu nhìn thấy hêt được mọi thứ. Mình gọi cookie, vitamin c, soda... K nhớ nữa nhưg đa phần ngon và rất nhiều ( vì giá khá mắc nên 2 người có thể uống chug 1 ly vừa đỡ tốn và ngon). Không gian thì không cần phải bàn cãi, menu rất nhiều món. Có bánh Su singapore rất ngon. Có dịp sẽ quay lại!!Xem thêm",87
985,Huân Vũ,9/4/2021 14:40,2.6,"ra vũng tàu chơi thấy gần chỗ ở ra ăn thử mới biết. Cmt trên foody khen ngon chắc toàn là người nhà, hình ảnh thì tùm lum hết ra kêu hết hồn :))))Xem thêm",88
986,Thiên Tuấn Dương,27/9/2020 23:02,10,"Phải nói là quá ngon ăn 1 lần muốn ăn thêm nhìu lần nữa, đồ ăn ngon, chủ quán thân thiện hòa đồng, giá lại rẻ, phục vụ thì ok luônXem thêm",88
987,foodee_e62657ab,2/7/2020 21:03,9.8,Quan dễ tìm. Ngay mặt tiền .Xem thêm,88
988,Bich Lệ Nguyễn,14/6/2020 9:01,2.4,"Gọi món chờ gần cả tiếng , ra hỏi lại kiu món gì, kiu hủ tiếu nước mang hủ tiếu khô, nêm dở, mực cũ , 40k 1 tô hủ tiếu khô với 3 miếng mực k tươi và 1 con tôm,  ăn một lần rồi thôi k có lần 2Xem thêm",88
989,HiNe Trương,28/5/2020 17:44,2.8,"Thành thật là mình recommend các bạn hay xem review foody như mình khi đi du lịch thì không nên đến quán này. Thấy trên review khen bún tôm tít, hủ tiếu mực các kiểu nhưng khi đến quán thì tôm tít k có, mình kêu hủ tiêu mực thì chỉ loe que vài con mực nang nhỏ xíu, 1 ít thịt băm. Nói chung không như kì vọng.
Nếu bạn nào muốn ăn món ăn có topping hải sản tưoi, nhiều thì không nên đến quán nàyXem thêm",88
990,Trung Huỳnh Thanh,12/5/2020 21:59,3.2,"Không biết những món khác thế nào , riêng mình đặt mang về 2 món Bún Bò Huế  và bánh mì Bò Kho là cực kỳ dở. Bò thì hơi dai, nước nhạt. Đặt bánh mì bò kho thì giao Hủ tiếu bò kho. Đặt biệt nghiêm trọng là mình có ghi chú "" lấy tô, muỗng , đũa  nhựa kèm theo"" để mình sử dụng ( do mình ở ks ) mà quán không cho kèm. Hỏi Ks mượn thì không có, do bếp ks khoá cửa ko pv vì Covid 19. Cô tiếp tân đành lục tủ của nv tiếp tân kiếm cho mình 2 cái tô để ăn.Xem thêm",88
991,foodee_e62657ab,21/1/2020 10:08,10,"Lần đầu tiên ăn BÚN RIÊU CUA TÔM TÍCH. Quá ngon ,giá rất là hợp lý.Xem thêm",88
992,foodee_e62657ab,21/1/2020 10:08,10,"Lần đầu tiên ăn BÚN RIÊU CUA TÔM TÍCH. Quá ngon ,giá rất là hợp lý.Xem thêm",88
993,foodee_c7c4db7a,25/10/2019 13:50,10,Rất ngon giá bình dân!Xem thêm,88
994,người vt,7/9/2019 9:25,10,Ngon lăm nhaXem thêm,88
995,nam,1/10/2023 15:08,6.2,"Quán có không gian hoài cổ rất đẹp ,rất hợp ăn gia đìnhXem thêm",89
996,trân,1/10/2023 15:06,5.0,"View đẹp, đồ ăn tươi rất thích vừa ngồi ăn vừa ngắm biển.Xem thêm",89
997,vân Khánh,1/10/2023 14:39,8.6,"View đẹp, đồ ăn tươi rất thích hợp vừa ăn vừa ngắm biểnXem thêm",89
998,Trinh Nguyễn,1/10/2023 14:25,5.0,"View đẹp, đồ ăn tươi rất thích vừa ngồi ăn vừa ngắm biểnXem thêm",89
999,Jjbjj Bjhj,1/10/2023 14:19,5.0,"View rất đẹp,đồ ăn tươi rất thích vừa ngồi ăn  vừa ngắm biểnXem thêm",89
1000,Hương Trần,1/10/2023 13:36,5.0,"Đồ ăn tươi sống, rất ngonXem thêm",89
1001,Doahonghp My,1/10/2023 13:11,6.4,"View đẹp. Đồ ăn tươi rất thích, vừa ngồi ăn vừa ngắm biểnXem thêm",89
1002,Huệ Nguyễn,1/10/2023 13:10,6.0,"View đẹp, đô ăn  tươi rất thích vừa  ngồi ăn  vừa  ngắm  biểnXem thêm",89
1003,hhfthjk,1/10/2023 13:05,5.0,"Đồ ăn ngon, sạch sẽ, không gian thoángXem thêm",89
1004,lê Hân,1/10/2023 12:37,10,"view đẹp ,đồ ăn tươi rất thích hợp vừa ăn vừa ngắm biểnXem thêm",89
1005,Bắp Trang,27/2/2021 9:09,1.0,"Mình có ăn cá viên chiên của cô thuý mà mọi người khen hết lời. Mình ăn trúng viên màu cam trong nhân maiyone thì nghe mùi như để lâu quá rồi. Tương thì ngọt mà bán lại ít hơn những người khác, mình ăn vô thì bị tiêu chảy 3 lần, thái độ cô bán thì chảnh phải nói, mình đòi chọn nhưng cô kiểu ko muốn cho chọn lun, kiểu đi mua ăn chứ có xin đâu mà thái độ lòi lõm như vậy.Xem thêm",90
1006,Nýt Trần,26/2/2021 22:00,3.6,"Đứng xếp hàng dài để mua mà không cho khách lựa ! Chỉ hỏi ăn nhiêu tiền rồi lấy đại chứ k cho lựa luôn á trong khi nguyên dãy bán ai cũng cho lựa còn khuyến khích tự lấy cây gắp nữa ! Khi nghe mình đòi lựa bà bán nói 1 câu : "" Ai mà cho lựa !""
Khi bán mình còn thấy làm rớt đồ ăn xuống xong lượm lại cất cất vô khay không biết có chiên lại cho ng khác ăn không nữa. Cá nhân mình ăn thấy cũng bình thường như bao tiệm khác mà bán về cho mình còn bán thiếu nữa, dặn 2 cây cá mà k có cây cá nào luôn thôi một lần k quay lại.Xem thêm",90
1007,Hằng Nguyễn,22/1/2020 12:16,9.2,"🌟 Ra Vũng Tàu cũng hay ăn vặt đồ. Thèm các viên chiên đồ nên ra quán Thúy ăn.Ngồi ở đây có viewhướng ra biển, gần tàu cánh ngầm. Vừa ăn vừa tám chuyện,  hóng gió biển. Quán bình dân thôi nhưng được cái có không gian gần biển nên thấy thích hihi. 
🌟 Các món xiên que ở đây có giá từ 30k - 80k tùy dĩa. Dĩa thập cẩm như tụi Ú ăn là 50k gồm có chả giò,  bò viên, cá viên,  xúc xích, đậu hũ,  đậu bắp,  chả cốm.... Ăn kèm có kim chi và dưa leo chấm với tương ớt và tương đen. Nói chung ở đây cũng như bao quán cá viên chiên khác,  được cái quán gần biển nên thoáng,  mát,  dễ ngắm cảnh nè.Xem thêm",90
1008,Toàn  Trần,4/1/2020 21:51,8.2,"Quán ăn ngon có kim chi dưa chuột
Chỗ này 50k tổng hợp và 20k cốc trà sữaXem thêm",90
1009,Long,8/11/2019 21:11,1.0,Ngày 8 tháng 11 tầm tối mình có đặt now mua 40k tổng hợp kết quả nhận lại được :))) nhìn hộp này như 20k chứ 40k gì . Mình có gọi điện hỏi now bạn đó có mua nhầm không thì bạn trả lời mua đúng 40k phần tổng hợp không dám làm bậy bạ....  Hqizzz mốt né chỗ này ra luônXem thêm,90
1010,Tiny,26/10/2019 15:58,6.8,"Cá viên chiên ở đây có một điều khiến mình rất thích đó là có kim chi nè. Mình ăn cá viên chiên thì rất thích có kim chi chua chua cay cay ăn kèm. Hôm đó mình ghé tới vì buồn buồn miệng thôi chứ thực ra ăn cũng đã khá no rồi nên kêu một phần nhỏ thôi nha. Giá cả rẻ hơn trên thành phố nhiều. Nhưng mà vị thì theo cảm nhận của mình thì cũng bình thường chứ không có gì đặc biệt hết. Tương chấm cũng ngon mà ít quá trời quá đất, mà lại không thấy để chai tương trên bàn để châm thêm...Xem thêm",90
1011,Syr Llia,18/9/2019 20:34,8.4,"Dưới tp làm j có giá này,  hộp như v 8-90k chứ chảg đùa,  mà còn có thêm đồ chua vs tương ngon. Tuog ngon m pha dc, chứ dưới tp thuog ăn vs dưa leo,  hiếm lm mới có đu đủ sống,  đây cho cả kim chi tự làm ăn k bị ngấy. 
Cá viên ăn khác vị mấy bị mua sthi lm,  nó dai vs có mùi cá :v 
Bò viên : m ghét ăn lm vì có mùi như đồ thiu,  nhug ăn ở dì Thúy thì rất ngon,  có ở vt là m ăn dc bò viên thôi. 
Mấy loại khác kêu hằm bà lằn lun k nhớ rõ,  nch ngon bá chấy. 
M đi 2ng kêu phần 50k ăn cho đã. Đối diện là bến tàu ngồi ăn ngắm cảnh quá xá lun. Dặn lòng mỗi lần đi đều ăn cho bõ thèm
Mấy bn đi tầm trc 8h cho đầy đủ,  k đi 9h mấy còn ít loại lmXem thêm",90
1012,Tăn Nguyn,22/8/2019 19:01,9.0,"Chỗ này xịn lắm nheeee, phục vụ cũng nhây nữa ((:Xem thêm",90
1013,QL,18/1/2019 20:53,7.0,"🍒Hộp như hình là 40-50k gì đó ko nhớ rõ nữa
Gọi thập cẩm là mấy chị bỏ đủ luôn nha
Tương ớt tương đen ngon
Có kim chi chua ngọt với dưa leo ăn chung tuyệt luôn
🍒Ra đây mua thêm ly nước mía là y bài :))))Xem thêm",90
1014,Kiều  Trần,12/7/2018 18:56,6.6,Nghe nói đi tối quán rất đông nên đi tầm 16h.. không gian rộng.. quán có bán kèm nc.. đồ chiên ăn kèm cải ngâm và dưa leo đỡ ngán.. đồ chiên ăn cũng như mọi chỗ thoi :))) 1 dĩa như hình 40k..pv hơi lâuXem thêm,90
1015,foodee_1c14eb58,26/1/2026 9:18,9.6,"Khô mực ngon ngọt, đóng gói đẹp mua đi biếu ai cũng khen.Xem thêm",91
1016,Quán 3 Sạch - Hải Sản Khô Quán 3 Sạch - Hải Sản Khô,25/1/2026 9:04,9.6,Cần mực khô vip Vũng Tàu liên hệ 0903387277Xem thêm,91
1017,Quán 3 Sạch - Hải Sản Khô Quán 3 Sạch - Hải Sản Khô,9/1/2026 8:20,10,"Danh mục hàng tết nhà em, mời cả nhà yêu thương 
I/ Hải sản một nắng. 
1.Cá đù sóc lớn 200k
2. Cá dứa 1 nắng 300k
3. Khô cá dứa 3 nắng cắt lát 370k
4. Mực 1 nắng 390
5. Thu 1 nắng 250
II/ Hải sản khô 
1. Tôm khô 800 - 1 triệu - tôm đặc biệt 1.350
2. Mực khô đủ size
3. Khô cá bò 99k/ túi 250gram
4. Mực 1 nắng 390
5. Khô cá chỉ 250
6. Cá mờm 110k/ túi 
III/ Hàng ăn liền
1. Mực cán tẩm hũ 160k
2. Cá mú nướng muối ớt hũ 135k, 250k
3. Khô cá thiều que hũ 135k
4. Khô bò miếng lớn và khô bò que hũ 210 - 290k   
 Zalo 0903387277 e tư vấn thêm nhé các tình yêuXem thêm",91
1018,Quán 3 Sạch - Hải Sản Khô Quán 3 Sạch - Hải Sản Khô,28/10/2025 10:06,10,"Tôm khô đủ size từ tôm khô nấu canh tới tôm khô đặc biệt. Tôm khô không muối mặn, không phẩm màu, không sạn cát. Mời anh chị ghé 198/2 Lưu Chí Hiếu, p.10 Vũng Tàu - gần bãi biển chí linh để dùng thử miễn phí . Hotline 090 - 338 - 7277Xem thêm",91
1019,Phuong Duy,23/9/2025 7:46,9.6,NgonXem thêm,91
1020,Quán 3 Sạch - Hải Sản Khô Quán 3 Sạch - Hải Sản Khô,4/4/2025 7:46,10,Đủ món đặc sản uy tín chất lượng làm quà vip cho nhà mình lựa chọnXem thêm,91
1021,Quán 3 Sạch - Hải Sản Khô Quán 3 Sạch - Hải Sản Khô,10/2/2025 14:20,10,"Chuyến mực khô đầu xuân trên cả tuyệt vời của nhà em đây ạ.
Mời cả nhà lên đơn.
Liên hệ 0903387277 để được giá tốt nhấtXem thêm",91
1022,Quán 3 Sạch - Hải Sản Khô Quán 3 Sạch - Hải Sản Khô,14/1/2025 8:02,9.0,VipXem thêm,91
1023,Quán 3 Sạch - Hải Sản Khô Quán 3 Sạch - Hải Sản Khô,22/12/2024 20:54,9.4,"Danh mục hàng tết nhà em , mời cả nhà lên đơn
I/ Hàng khô
1. Tôm khô  nhiều size từ 600 tới 1.2tr 
2. Khô mực nhiều size từ 740k 
3. Khô cá chỉ vàng 230
II/ Hàng một nắng 
1. Cá đù sóc một nắng 190
2. Cá dứa một nắng 350
3. Mực một nắng 390
4. Chả cá thu 140
5.. Cá thu tươi 170
III/ Thực phẩm chế biến ăn liền
1. Khô bò có nhiều set hút chân không, hũ từ 100, 150, 250k
2. Mực hấp nước dừa hút chân  không set 100k
3. Khô cá thiều hũ 135k
4. Mực cán tẩm nhiều set : hút chân không, hũ từ 100. 150. 250k 
Allo em tư vấn thêm nhé các tình yêu
0903387277Xem thêm",91
1024,Quán 3 Sạch - Hải Sản Khô Quán 3 Sạch - Hải Sản Khô,22/12/2024 20:50,9.2,"Lên kệ đủ món ăn chơi hít hot cho các tình yêu nhá
1. Khô bò 250 xiền/hũ 500gram , 150 xiền/ hũ  300gram , 100 xiền túi 200gram
2. Mực cán tẩm 250 xiền/ hũ 500gram, 150 xiền/ hũ 300gram, 100 xiền túi 200gram
3. Mực hấp nước dừa 100 xiền túi 200gram
4. Khô cá thiều 135k/ hũ 300gramXem thêm",91
1025,B Mai Luu,4/7/2022 13:52,6.6,"Bánh ở đây mình thấy hơi khô, mua tiệm Anh Tuấn với chỗ này thấy Anh Tuấn mềm mịn hơn đây.Xem thêm",92
1026,Tina 88,26/7/2020 15:13,7.2,Bánh ở đây rất mềm sốp vừa miệng không khô như tiệm Cột điện nổi tiếng. Bánh ngon lắm mình mới ăn cơm mà vẫn có thể ăn hết cả hộp luôn. Mua về làm quà ai cũng khen. Lần sau đến vũng tàu nhất định sẽ mua ăn nữa. Giá 1 hộp chỉ 25kXem thêm,92
1027,Anh Duy,24/2/2019 17:27,10,"Lần đầu tiên ra nghe PR cho Gốc cột điện nên nhào lại mua ăn 1 hộp thử rất may chưa mua về làm quà ăn khô trẹo cổ họng. Từ đó chỉ ăn ở Bánh Bà Xã trên ngọn hải đăng. Hôm tình cờ ngồi lướt foody thấy review ngon điểm cao thử, ban đầu vẫn sợ nhưng thôi đặt 5 hộp bánh bông lan trứng muối chà bông, phô mai. 
Về bánh thì nó mềm béo, không bị khô vẫn còn mịn ẩm ăn rất ngon phô mai chà bông ăn rất hợp vị k quá béo ngấy cũng k ngọt quá mọi thứ quá ngon ăn chung chà bông nữa thì còn gì bằng.
Nhưng chà bông k biết do khẩu vị người nêm.hay sao nhưng minh ăn xong uống nước quá trời quá đất vì chà bông mặn quá mặn, khi ăn chung với bánh giảm mặn nhưng vẫn còn gắt. Chỉ cần chà bông hơi lạt lại là rất ngon luôn đấy chứ. SẼ ủng hooj thường xuyên khi đi ra Vũng Tàu công tác hay du lịch. Chung quy là các bạn nên ủng hộ thử xem mình nói đúng hay không, không lầm đâuXem thêm",92
1028,Nhat Tam,15/6/2018 15:37,10,"Mua trên now nên không biết thế nào. Chỉ ăn bánh mà đánh giá thôi nhe ;) chà bông mặn, vừa ăn. Bánh không quá ngọtXem thêm",92
1029,Nhung Tran,6/5/2018 22:58,7.4,"Bánh Ngon, ko bị khô, chà bông vừa ăn ( nếu được độ ngọt của bánh nên giảm độ ngọt).
Tiếc là ko được ăn lúc mới ra lờ chắc còn tuyệt hơn.
Lần sau ủng hộ tiếp & canh lúc mới ra lờ ( mình ghé quán khá tối)
Ngon hơn cây cột điện
P.s: do đợt trước pé e mua về nhà ăn 1 miếng mà muốn mắc nghẹn. 
Riêng bên Ngọc Điệp mình cũng mua về ăn nhưng ko bị( mình ở sg 😉)Xem thêm",92
1030,liên Bùi,5/5/2018 12:57,4.2,"Tham khảo trên foody thấy bảo ngon hơn bên cột điện; trưa tầm 2h ghé tiệm thì thấy 2 cô ngồi nướng bánh thơm phức, trứng muối nhìn ngon và đỏ. Mua bông lan trứng chà bông thì đóng hộp 25k/hộp; còn nóng nên mua về làm phát hết gần 2 hộp; hộp ngày hôm sau ăn bánh vẫn mềm và ngon khong bị khô hay cứng. Tiệm cũng dễ tìm, mình ở bãi trc chạy tí xíu là tới
Lần sau có dịp sẽ ghé mua tiếpXem thêm",92
1031,Phương Dung,6/3/2018 21:49,9.0,"Mình ko phải là tín đồ của bánh su kem nên chỉ review về bánh bông lan trứng muối thôi nha. Ai cũng đồn tiếng tăm bánh ở bên Gốc Cột Điện, nhưng sự thật là bánh ở đó rất dở và ko đáng đồng tiền. Ở Ngọc Hiệp, bánh mềm, thơm, ngọt nhẹ, nướng vừa ko quá cháy, và còn kèm thêm chà bông mằn mặn, trứng muối ko ngấy. Một hộp chỉ 25k, giá như vậy là ổn và xứng đáng với chất lượng bánh. Tầm trưa chiều ghé tiệm, các bạn sẽ được xem các cô ngồi nướng bánh rất hấp dẫn. Ngoài ra, ở đây còn có loại bông lan phô mai chà bông, nhưng loại này ko ngon bằng trứng muối chà bông đâu nha.  Mình đã đi Vũng Tàu hơn 10 lần và lần nào cũng ghé mua bánh ở đây, mua nhiều còn được tặng thêm 1 hộp. Nhiều lúc ở Sài Gòn thèm quá thì rủ bạn bè đặt bánh chung và nhờ chị ship lên nữa. Ghé thử Ngọc Hiệp đi, đảm bảo bạn ko thất vọng với bông lan trứng muối chà bông đâu.Xem thêm",92
1032,anh trần,4/6/2017 20:13,6.0,"Ngày đầu tiên ở vt mua bánh ở gốc cột điện thấy tệ quá. Người dân chỉ qua Ngọc Hiệp mua . Ngày t2 qua đấy mua rồi ăn tại chỗ thấy ngon tuyệt . Bánh mềm, trứng muối rất thơm. Giá lại rẻ chỉ 25k/hộpXem thêm",92
1033,Nấm Nấm,16/1/2017 17:45,7.6,"Mình xuống Vũng Tàu chơi nên mua bánh bông lan trứng muối về làm quà (dù thật lòng mình thấy là món này ở Sài Gòn phong phú và chất lượng hơn). Bạn mình ở Vũng Tàu dẫn mình đến đây mua vì bánh ở đây theo bạn đánh giá là ngon, tầm giờ chiều là mới nướng nên ngon. Lúc tới thì loại phô mai đã hết, chỉ có bánh trứng muối nhỏ và chà bông, hoặc một trứng muối lớn, đồng giá 25K / 10 cái. Mình thấy có su kem nên cũng mua ăn thử thì thấy nước bị khét, cũng không ngon gì hết, hộp 10 cái giá 30K theo mình là không đáng để mua. Bánh bông lan thì ngọt nhẹ, trứng muối màu cam đỏ đẹp và ngon, không quá ngáy, mình dứt một hơi 5 cái luôn. Nên ăn trong ngày là ngon nhất, cẩn thận kẻo kiến bu.Xem thêm",92
1034,Cẩm Tiên,19/12/2016 1:54,8.8,"Bánh mềm, thơm ngon, giá hợp lý.
Cá nhân mình thấy chỗ này tốt hơn bên Gốc Cột Điện cả về chất lượng lẫn giá thành ^^Xem thêm",92
1035,Khánh Hòa Nguyễn,23/3/2021 9:28,8.0,"Quán có nhiều chi nhánh. 
Bánh mì giòn, xíu mại ngon, nước chấm cũng rất ngon. 
Mỗi tội đông quá nên vô chờ cũng hơi lâu.
Vote 5 sao và chắc chắn sẽ quay lại.Xem thêm",93
1036,Tracy Tracy,29/11/2019 15:09,1.0,"Mình ghé đây ăn theo review của các foodie. Mình ăn buổi sáng, Mang bánh mì ra nguội lạnh, tụi mình hỏi nướng giúp bánh mì xíu đc không, chị bê chảo xíu mại ra hỏi ngược lại ""nướng bằng gì, ăn trễ thì nguội zị đó"" Ủa, chời má, nướng được hay không được thì nói. Thái độ lòi lõm với khách là sao, ko lẽ trả lời nướng bằng cái mỏ bà. Cho dù có ngon mà cục súc kiểu đó thì khỏi gặp nhau bớt nghiệp.Xem thêm",93
1037,julie dang,16/8/2019 9:52,7.4,"Sáng mà không biết ăn gì thì nên tới đây ăn thử, vị khác hẳn những bánh mì xá xíu mình đã từng ăn. 
1 phần có giá 30k to ú ù, ăn no tới trưa luôn. Sữa đậu nành đây khá rẻ cứ tưởng 1 ly mà không phải là 1 chai (500ml) với 1 tẩy đá mà chỉ có 10k (hơi bất ngờ)Xem thêm",93
1038,Diễm Trương,24/12/2018 20:39,8.0,"Vị trí: cũng không quá khó tìm vì quán nằm ngay mặt đường
Món ăn cực kỳ hài lòng luôn, 1 chảo gồm 1 viên xíu mại to và 2 trái trứng, ăn kèm với bánh mỳ, nước sốt nhiều, đậm đà, chấm siêu đã, không ngán. Dù quán đông người dùng tại quán và mua mang về nhưng phục vụ khá nhanh, không phải chờ quá lâu. Mình thấy dán bảng xíu mại mua thêm là 7k/1 viên. Mình dùng 2 chảo+ 3 bánh mỳ thấy cô chủ quán tính tổng là 50k
Xe để ngay trước quán tự giữXem thêm",93
1039,Luân 17,29/11/2018 15:27,10,"Xíu mại ở đây rất ro và ngon, ăn không bị ngán, phục vụ nhanhXem thêm",93
1040,Hoàng Huy,17/5/2018 18:55,8.0,"Hôm rồi được người bạn ở Vũng Tàu giới thiệu cho quán này để ăn, quán có phần hơi khó tìm nhe mình chạy huốt quán rồi vòng lại mới thấy ấy, đồ ăn này nọ của quán nhìn bề ngoài có vẻ hơi bình thường nhe nhưng ăn rồi thì cực kỳ ưng ý luôn nhe, nước sốt khá là đậm đà, xíu mại viên lại to nữa chứ, ăn với bánh mì mà ăn muốn không hết luôn nhe giá cả cũng khá là vừa túi tiền à, cho chủ quán vui vẻ và thân thiện lắm luôn nheXem thêm",93
1041,Anh Thi Trần,5/1/2018 21:40,8.6,"Mình tìm đồ ăn rồi thấy chỗ này review cao nên đến
Quán dễ tìm
Bàn: chỉ có 2 bàn dài. Mà khách thì đông lắm. Có người mua mang về phải xếp hàng nữa
1 chảo hình như 23k. 2 xíu mại 2 trứng. Nhìn vậy thôi chứ no lắm. Bạn trai mình mà còn bảo no :))
Ai đến Vũng Tàu nên ghé quán nha 😉Xem thêm",93
1042,QL,19/12/2017 1:36,7.0,"🍒Mình ăn cũng lâu lắm rồi nên ko nhớ nổi giá bao nhiêu nữa
1 phần có xíu mại, trứng...
Mình thích ăn xíu mại ở đây vì rất ngon
🍒Ăn kèm 1 ổ bánh mì là noXem thêm",93
1043,Phương Dung Kiều,15/12/2017 23:15,6.8,"Hai lần gần đây nhất mình đi Vũng Tàu đều ghé đây ăn sáng, lần đầu thì đi ngày chủ nhật nên khách rất đông, không có chỗ ngồi nên bọn mình ngồi chờ một lát mới có chỗ ngồi, quán nhỏ hà, kiểu bày vài cái bàn trước nhà vậy đó, nên đông là ngồi chung với nhau hết, bởi vậy lần đầu đông người quá mình cũng ngại không chụp choẹt gì, lần thứ hai mình đi là hồi đầu tháng 12/2017 luôn nè, đi trong tuần nên đỡ đông hơn hẳn, thoải mái hơn nhiều, một phần là một chảo gồm một viên xíu mại và hai trứng ốp la như hình, mình thấy có người gọi thêm cá hộp nữa, bánh mì thì họ mang ra mỗi người 2 cái, ăn bao nhiêu thì tính tiền bấy nhiêu, mình ăn một chảo với 2 cái bánh mì là no kinh hồn luôn ak, giá mới nhất 23k/phần nhanXem thêm",93
1044,Phạm Thị Thanh Quyên,24/11/2017 22:54,7.4,"Ăn lâu rồi nên mình cũng ko nhớ rõ giá chính xác là bao nhiu mà mình chỉ nhớ là giá ko có cao, hợp lý lắm
Quán sáng đông khách quá trời, nhưng làm nhanh nên ko phải chờ đợi lâu
Xíu mại + 2 trứng thêm nữa ổ bánh mì, ăn rồi muốn lăn về nhà luôn, no quá chừng no, mà cũng ngon quá chừng ngon. Nước xíu mại vừa ăn, trứng ko quá chin đúng kiểu mình thích :)
Có dịp quay lại Vũng Tàu sez quay lại đây ăn sáng với món này tiếp ^^Xem thêm",93
1045,Nguyen Huyen,8/10/2023 9:14,5.0,Đồ ăn chế biến rất đáng đồng tiền bát gạo.Xem thêm,94
1046,foodee_p4em87us,7/10/2023 15:43,5.0,Đồ ăn chế biến rất đáng đồng tiền bát gạoXem thêm,94
1047,Đặng Ngọc Hận,7/10/2023 15:34,10,Món ăn ở đây thật tuyệt vời và ngon miệng ko gian mát mẻ xứng đáng cho 5 saoXem thêm,94
1048,Thanh,7/10/2023 15:32,5.0,"Quán ăn ngon, dịch vụ tốtXem thêm",94
1049,Hà,7/10/2023 15:31,5.0,Đồ ăn chế biến rất đáng đồng tiền bát gạoXem thêm,94
1050,Phương Luyên,7/10/2023 15:27,5.0,Đồ ăn chế biến rất đáng đồng tiền bát gạoXem thêm,94
1051,huong nhi,7/10/2023 15:27,5.0,quán rất tuyệtXem thêm,94
1052,foodee_anjd033k,7/10/2023 15:24,5.0,Đồ ăn chế biến rất đáng đồng tiềnXem thêm,94
1053,Thảo Chi,7/10/2023 15:24,6.0,Đồ ăn chế biến rất đang đồng tiền bát gạoXem thêm,94
1054,Oanh Hà,7/10/2023 15:23,5.0,Đồ ăn chế biến rất đáng đồng tiền bát gạoXem thêm,94
1055,ThuyDung244,9/2/2019 22:59,3.4,"Đã uống trà tiên hưởng ở đây 2 lần và đều thất vọng!
  -Mình rất thích vị Hồng trà cafe của Tiên Hưởng (vì mình hay uống ở chị nhánh trên SG), nhưng khi về VT thử thì shock vô cùng. Dù đã chuẩn bị trước suy nghĩ rằng hương vị và nguyên liệu sẽ khác nhưng mà vẫn không cứu vãn được 😑😑😑.
Với Hồng trà cafe, vị chả khác gì nước lã, trân châu đen thì chua. Cảm tưởng bỏ ra 50k để uống nước lã vậy. 
  -Về phục vụ, thấy 1 bạn nói chuyện trống không, nhìn như kiểu khách vô đang phá vỡ giờ nghỉ của bạn v 🙂
Lúc mình mua thì quán vắng tanh không có khách, chỉ có 2 bạn nhân viên thôi. 
 
Sẽ không còn lần ghé nào nữa ở đây!!!Xem thêm",95
1056,QL,12/4/2018 1:57,7.2,"🍒Quán mới đổi cái bảng hiệu hồng hồng bánh bèo chứ ko còn xanh mát mắt như trước nhưng cũng ok
Ko gian thì hơi hẹp ko nhiều chỗ ngồi lắm
Trà sữa lúa mạch uống ổn nè, mà bữa đó quán hết trân châu nhỏ nên là ko gọi luôn
🍒Giá cả cũng phù hợp với chất lượng
Nhân viên bình thườngXem thêm",95
1057,Trâm Lê,20/3/2018 21:05,7.8,Đã lâu ko tiên hưởng hôm nay quay lại thấy hơi thất vọng hnay ko phải chị xinh xinh pha nên hơi dở xí. Trà đậm ko béo trân châu bở vón cục hơi buồn cho cái thìa múc kem cũng thấy ghê nữa. Trà đậu đỏ ngọt gắt tạm ổn. Trà sữa socola bình thường ko đặc sắc. Không gian hẹp lần thứ hai mình ngồi lại chứ toàn mua take away. Mấy a c bán hàng dễ thương dễ mến. Ngồi lại còn đem menu ra order tận nơi r tính tiền tận bàn nữa. Nói chung trà ngon đáng thửXem thêm,95
1058,Trâm Lê,24/2/2018 16:40,7.8,Sáng tầm chưa tới 9h mà đã phải xếp hàng chờ rồi. Nhân viên quán mới vừa dậy lao vào bán luôn còn chưa kịp dắt xe ra ngoài. Ngồi ngay gần quầy pha chế nên mình thấy pha chế khá chuyên nghiệp và sạch sẽ. Chỉ có một người làm mà tới 7 ly nên chờ cũng phải. So với các quán trà sữa lận cận con đường này thì tiên hưởng rất đáng được chọn là ok nhất vì chất lượng hơn hẳn. Trà beo béo rất thích luôn. Trân châu trắng hơi ít nhai ko đã. Chị bán hàng xinh và thân thiệnXem thêm,95
1059,Mều Vũ,5/2/2018 12:40,8.6,"Mình thường uống trà sữa ngọc bích hương lài (do cô chủ quán giới thiệu) thơm thơm phối hợp cùng thạch trà xanh và trân châu trắng (ít đường/không đường)
Hôm nay đổi vị qua trà sữa ceylon ít đường, trân châu trắng giòn và hạt nguyên vị. Mùi trà sữa thơm, nhưng k hiểu sao lại ngọt quá nên k cảm nhận được vị trà.
2 đứa em gọi trà sữa tiên hưởng, khen trân châu ở đây ngon
Vì uống trà sữa nhiều rồi. Nên muốn đổi vị qua trà, trà ô loong đông lạnh, có vẻ như thơm nhẹ chứ không được đậm đặc như 1 số chỗ bán.
Túm lại, nên uống mục trà sữa vị trà ở tiên hưởng, đường ở đây được nấu từ đường phèn nên không bị ngọt gắt, thanh thanh nhè nhẹ ♡Xem thêm",95
1060,QL,4/2/2018 14:14,7.0,"🍒Lâu lâu thèm trân châu thảo dược thì ghé ngay trà sữa Tiên Hưởng mua 1 ly trà sữa lúa mach trân châu nhỏ
Trà ở đây thì ngọt béo thanh thanh thôi chứ ko quá ngọt hay đậm trà
🍒Lâu lâu ăn uống healthy 1 chút để giữ sức phẻ :)))))Xem thêm",95
1061,Việt Lê,3/11/2017 17:52,5.6,Hôm nay uống thử Hồng Trà sủi bọt :))) trà ngon không đắng quá cũng không ngọt quá nói tóm lại là ngon! Nhưng lúc mình bước vào hình như quá có mùi gì đó lạ lạ cảm thấy không thích nhưng bù lại nhân viên khá dễ thương 👍🏻Xem thêm,95
1062,QL,15/10/2017 1:27,6.6,"Slogan trà sức khỏe nên uống nó lạt lạt vị :)))
Nhiều người thích trân châu mini nhưng mình thích trân châu lớn hơn
Giá ok
Hồi xưa có sz baby nhưng giờ bỏ rồi hay sao áXem thêm",95
1063,Minh Anh Nguyễn,2/8/2017 12:55,7.0,"Mình thấy k gian hơi hẹp^^ hình nhiw trưa k bật máy lạnh hay s á nên nóng lắm luôn meanu đa dạng^^ giá cả tạm ổn😋 thức uống ngon, nhân viên thân thiện,Xem thêm",95
1064,PaoPao,21/6/2017 22:23,7.4,"Thik nhất là uống trà sữa tiên hưởng trân châu nhỏ , thấy m.n hay kêu ngọt nhưng ngon mà , và có cả mức đường , tha hồ chọn , giá cũng hợp lýXem thêm",95
1065,Như ...,10/2/2019 10:03,8.2,"Không gian quán thoong thoáng, rộng rãi
Thức uống bình thường không quá đặc biệt 
Đồ ăn khá ngon nhất là các món cơm món ốp la thì quán dùng bánh mì cốc mình thấy ổ hơi nhỏ còn các món còn lại mình thấy phần nào đều lớn với nhiều. 
Tuy nhiên do nhóm mình đi khá nhiều người nên bạn phục vụ có ghi sai 2 món, nhưng lúc mình nói lại thì bạn ý với chị chủ quán vẫn đổi lại cho mình. Thái độ phục vụ mình thấy rất tốt mong bạn ghi món kỹ hơn từ lúc đầu để k có rắc rối về sau. 
Giá cả của quán thì phải chăng phù hợp k chặt chém khách.Xem thêm",96
1066,Thanh Phong Nguyễn,20/8/2018 13:02,6.6,"Khách du lịch hoặc người dân địa phương đều hay đến. 
Quá phù hợp. Chỗ ngồi rộng.Xem thêm",96
1067,Minh Minh,8/7/2018 11:54,3.8,"Không gian thoáng, đồ uống bình thường. Nhóm mình 8 ng vào gọi đồ uống. 1 bạn uống xong phát hiện có đồ vật lạ trong ly nước. Gọi phục vụ lại hỏi thì phục vụ nói 1 câu chắc là trong đá( ý trong đá lạnh), cũng không có 1 câu xin lỗi. Bọn mình cười cho qua nhưng thật không bao giờ quay lại. Thái độ quá tệXem thêm",96
1068,QL,1/12/2017 20:46,6.6,"🍒Quán có bán trà sữa, cafe, đồ ăn sáng luôn
Ko gian rộng, có lầu, chủ yếu là ngồi sofa nhưng sắp xếp màu sắc sofa hơi lộn xộn nên ko ra chủ đề gì cả 

🍒Đồ ăn sáng làm bình thường nếu ko muốn nói là dở
Trà sữa cũng ko còn ngon như trướcXem thêm",96
1069,Do Trang,7/10/2017 20:16,8.0,"1 trong những quán ko biết đi đâu thì ghé, tuy mọi thứ ko quá xuất sắc nhưng đc cái là chỗ lý tưởng để ngồi 8 lâu mà thoải mái, view đẹp nhìn ra đường, sofa êm, thức uống tạm, đồ ăn cũng ok á mà hơi mắc xíuXem thêm",96
1070,Mều Na,5/7/2017 10:10,7.0,"Hôm qua sau khi hăm hở chụp menu mình đã bị nhân viên nhắc nhở là quán lý bảo không được chụp menu, nhờ xoá đi. Giời ạ, máu lên não chậm nên mình cũng chưa hiểu nguyên nhân lắm, vì mục đích của mình siêu đơn giản, muốn có hình checkin foody cho nhiều, vì chả biết chụp gì cho có nhiều hình :))
Chụp mải miết vậy chứ còn không được nổi 20 tấm:))
Không gian rộng khỏi bàn, nhưng cảm giác cứ rờn rợn sao, tụi mình ghé giữa tuần, tối nữa hay sao nên chả có khách mấy, mỗi lần đi wc gặp cái đèn nháy nháy như fim kinh dị thật sợ muốn xỉu :))
Nói chung bọn mình bựa vào ngồi lâu la lê la cũng không bị nhắc nhở gì mấy, quán ok cho mấy đứa trẻ trẻ hơi ồn như tụi mình :)))
Tụi mình ăn uống tè le, thanh toán 250k cũng ok haXem thêm",96
1071,Hạ Vy Đậu,8/6/2017 10:28,9.8,"Mình ghé Mr.Ket lần đầu tiên vì trời mưa không đi chơi được.
Không gian rộng rãi, mát lạnh và sạch sẽ
Nhân viên: nhiệt tình và cực kì dễ thương, chỉ đường cho mình tận tình lắm
Đồ uống: Trà đào thơm và ngon, ép dứa tươi. 
Minh có kêu thêm khoai tây chiên, khoai giòn ngon và làm từ khoai tươi chứ ko phải khoai đông lạnh.
Giá cả hợp lí và view đẹp.Xem thêm",96
1072,Vân Thế,8/1/2017 14:28,8.4,"Được cái không gian rộng rãi, thoáng mát, sofa ngồi êm, thoải mái. Đồ ăn ngon nhưng nước dở. Nhân viên cũng khá nhiệt tình. View nhìn ra ngắm công viên, thành phố,...Xem thêm",96
1073,Vân Thế,4/1/2017 13:28,7.2,"Không gian rộng (hình như 3 hay 4 tầng luôn), tầng trên phục vụ cả karaoke. Đồ ăn ngon, nước dở, mắc (cafe bao dở, trà sữa toàn đường, trân châu như cao su) 😭😭😭. View nhìn ra đường, ghế sofa êm ái, to ngồi thoải mái. Nhân viên nhanh nhẹn.Xem thêm",96
1074,Himi Nguyễn,17/9/2016 9:55,7.8,"Đi Vũng Tàu du lịch mà trời cứ mưa hoài nên đành ghé quán trú mưa. Quán view đẹp, ấm cúng, ghế bông êm lắm. Quán lại nằm ngay ngã tư nữa nên có thể vừa uống nước vừa ngắm đường phố Vũng Tàu.
Quán hình như toàn là nhân viên nam, mặc áo sơ mi trắng nữa chứ, lịch sự.
Đồ uống cũng tạm ổn, sinh tố mãng cầu ngon.Xem thêm",96
1075,Trần Nhân Trí,18/1/2020 13:12,2.2,"thấy quán bên ngoài ok nên mình vào , tô nhỏ 40k lớn 60k đặc biệt 90k , mình gọi mì gói 2 vắt nạm , quán tính 1 phát 70k ??? ko thể tưởng tượng nổi , đó là chưa kể tô nhỏ và tô lớn trông y như nhau , chênh lệch hẳn 20k , quán cắt cổ khủng khiếp @@Xem thêm",97
1076,Do Thi Huyen Trang,27/9/2019 23:28,5.0,"Thậm chí mình vô ngồi thiệt lâu mà vẫn ko được có đồ ăn, chắc mình bỏ về cũng ko ai biết đâu nhỉ??? Hay do mình đi có 1 mình nên ko ai thèm quan tâm mà gọi món??? Còn chất lượng thì, chắc do mình dễ ăn nên ko thấy tệ, chỉ là tự cảm nhận thấy ko xuất sắc, bình thường. Quán chỉ được mỗi cái vị trí tốt, ko thì với kiểu phục vụ này chả ai thèm vàoXem thêm",97
1077,Harley Tran,1/8/2018 23:53,1.8,"Quán phục vụ rất tệ. Ngay lúc gọi món đã rất cẩu thả, mọi người đã gọi món rồi nhưng vẫn phải hỏi đi hỏi lại. Thứ hai, tuy lúc xe mình ghé quán thì không đông lắm nhưng các món được dọn khá là lâu, bàn mình 11 người mà phải ngồi đợi những người sau có món, trong khi những người món gọi món đơn giản như hủ tíu bò viên thì phải đợi rất lâu, khi được nhắc thì ông chủ ra vẻ hậm hực. Cuối cùng đến lúc tính tiền, do mẹ mình nghĩ là chú tài xế được chủ quán đãi nên mẹ mình tính nhầm số tô vậy mà ông chủ lớn tiếng như là mẹ mình cố tình ăn gian vậy. Và quan trọng nhất là các món ăn đều không ngon kể cả Bún bò Huế, miến gà, bỏ quá nhiều bột ngọt. Nói tóm lại bởi vì là khu du lịch, với tâm lý chọn địa điểm ăn ngon, hợp túi tiền nên mình chọn quán này để ăn và thấy thất vọng vô cùng. Mình chia sẻ để mọi người có thêm kinh nghiệm để ăn uống và tốt nhất tránh quán này.Xem thêm",97
1078,tuyet.80,5/12/2017 22:52,1.0,"Bán mắc, kêu tô miến với mấy cục mọc mà nghĩ sao bán 45k. bán như vậy khách nào dám ghé ăn nữa. buôn bán mà ko biết giữ khách chỉ muốn bán được 1 lần rồi thôi. tệ thật. ko bao giờ có lần 2Xem thêm",97
1079,Trinh Uyen,7/5/2017 8:50,3.4,"Mới ghé ăn sáng tại quán. Chất lượng tệ, nhiều bột ngọt, ăn xong rất lợ miệng. Khá nhiều kháh du lịch ghé ăn. Chắc do đọc review trên mạng. Phải post lên để các bạn tránh.Xem thêm",97
1080,Ú Nù  Sư Muội,7/5/2017 0:10,4.8,"Lần này quay lại thử bún bò, gọi 2 tô nhỏ mà một tô thêm cục thịt, kiu giò nạc lấy ra giò gân là hơi bực zồi . nước lèo hơi nguội ko chín rau nổi. Đợt trước có ăn hủ tíu ở đây thấy rất ngon nên lần này quay lại thì ôi thôi, đây là một trong những chỗ bún bò dở nhất mình từng ăn, nước nhạt như nước lã ko nghe vị j cả.
Tới lúc tính tiền, tính tô có thêm cục thịt thành tô lớn là 45k trong khi tô lớn với tô nhỏ bạn mình ăn đều như nhau, chỉ có thêm cục giò thôi mà tính tận 15k thì quá mắc. Sau này NẾU có quay lại chắc mình chỉ ăn hủ tíu bánh canh gì thôi, cạch bún bò. Dở tệ!Xem thêm",97
1081,Ú Nù  Sư Muội,13/2/2017 7:30,7.8,"Ở đây bán đủ món từ gà, heo tới bò luôn. Mình đi buổi tối gọi một phần hủ tíu mì giò nạc. Nv bưng ra tô chà bá quá chừng hủ tíu thịt thà luôn, sức nữ ăn chắc gọi tô nhỏ thôi(30k), mình ko biết nên nv làm tô lớn cho mình(45k), nói chung là ngon nè, ăn đáng đồng tiền lắm luôn, không gian cũng rộng rãi sạch sẽ nữa, cho nhiều tóp mỡ nhai giòn giòn ngon ngon😙 đá chanh 15k/ ly hơi ngọt xíu.Xem thêm",97
1082,Thảo Phạm,13/1/2017 12:31,6.6,"Đi lòng vòng khu chợ ăn uống bãi trước đi kiếm mấy quán có tiếng tăm xơi thử để viết Review cho các bạn nhâm nhi đến với Vũng Tàu nha. Quán này lúc mình vào cũng đông đông khách nghe bảo cũng ngon, mình thì gọi bún bò, bạn mình gọi hủ tiếu khô, xong tính tiền đúng giá vùng du lịch í, hai tô của mình là 90k cả thảy, nhận xét thôi.
- Không gian: sạch sẽ, hợp vệ sinh.
- Món ăn: Bún bò thơm, nước lèo không béo lắm, bò và chả ăn kèm ngon, cục giò bự nhưng mà mỡ không hà.
- Nhân viên: nhiệt tình.Xem thêm",97
1083,Vân Thế,5/1/2017 23:44,6.8,"Quán nấu bún bò huế dạo này tệ kinh khủng!!! Mình dẫn bạn từ SG xuống ăn giới thiệu quán nấu bún bò ngon lắm, này nọ nọ kia. Tụi mình đến ăn phải nói là thất vọng. Dở, quá dở. Quán nấu bún mà nghĩ sao không bỏ nước hầm xương vs nước nấu bún bò mà bỏ nước luộc thịt vào vậy? Còn chưa kể kèm 1 đống bột ngọt làm bạn mình muốn ói (nó ăn gì mà có bột ngọt nhiều sẽ bị dị ứng, nôn ói). Không biết nói gì luôn, đồ ăn đã mắc, thương hiệu còn có tiếng thì làm ơn nấu cho tử tế vào đi ạ! Thất vọng, chưa bao giờ thấy tệ như vậy.Xem thêm",97
1084,Fy Dood,28/8/2016 4:04,8.0,"Cứ hôm nào xong xuôi công việc mà cũng hơi trễ thì mình lấy con x-game ra chở gấu lại đây ăn cho nhanh để còn về ngủ. Quán phục vụ khuya nha mấy chế,đồ ăn ở đây thì nhiều món rồi kể cả nước giải khát cũng nhiều nữa. Nhiều thì nhiều nhưng mà món nào nấu ra món đó nha chứ không có kiểu chung chung. Gần đây vào quán ăn hay được nghe nhạc nhẹ du dương nữa với lại có cả wifi lướt lướt chờ món ăn khi quán đông nữa nha 😁Xem thêm",97
1085,Thanh Anh Nguyễn,15/6/2023 23:30,7.0,"Cho xin số điện thoại chủ quán với ạ, mình cần liên lạc ạXem thêm",98
1086,Hồng Ngọc Nguyễn,29/9/2021 22:23,9.2,"May quá hôm nay lại được ăn món ruột của mình ghé quán mua ngay 3hôp về nhà ai cũng khen ngon ,cảm ơn quán dịch thế mà không tăng giá ngầm nghĩ chắc là do Luong tâm nghề lên họ bán rẻ như vậy105 ngàn mà ăn nó mê ,,sáng đi chợ cầm 200 ngàn ma ko biết mua gì đủ cho cả nhà đủ rau,thịt; đậu; bún ;;;;; chắc phải ghé quán dài dàiXem thêm",98
1087,Hồng Ngọc Nguyễn,29/9/2021 16:21,10,"sau ngày chốn dịch đuoc thưởng thức món bún đậu cô chung quả là tuyệt dịch vây mà cô không tăng giá mình mua mang về ăn rất ngon;nhất là chả côm ,monh lam thêm 1phân. dồi sụn (20k)rât tuyệt . sẽ đên ủng hộ quán dài dài dù quán mọc lên nhiêu nhung quán ở đây vẫn là số 1 , verry good.Xem thêm",98
1088,Bin Xăm,9/6/2021 15:52,1.0,ChánXem thêm,98
1089,Hồng Ngọc Nguyễn,15/4/2021 16:03,10,"Dù ai đi gược về xuôi
Nhớ quán bún đậu cô chung lai về 
Nhiều năm đi học xa nhà 
Lại ghé vào quán ngập tràn vì quê hương. 
🥰🥰🥰🥰🥰👍👍👌👌🤦🤦Xem thêm",98
1090,Vi Nguyen,12/4/2021 12:33,3.0,Mua về 1 phần 35 ngàn nhưng k cho bánh tráng? Ủa rồi ăn bằng gì nhỉ? Bỏ tất cả vô mắm tôm r trộn lên ăn hay gì? Chưa biết ngon hay k nhưng thấy là mất điểm rXem thêm,98
1091,foodee_n6croszd,31/3/2021 5:18,9.8,Tôi luôn là khách hàng quen thuộc của quán. Dù rất nhiều quán mở bán nhưng không ngon bằng ở đây  6 năm mà quán vẫn giữ được như vậy đây là quán duy nhất tôi ăn mà không bị đau bụng hi hiXem thêm,98
1092,Hồng Ngọc Nguyễn,6/9/2020 18:51,9.8,Thật sự là rất tuyệt vời khi đến quan mới cảm nhận được huong vi rất ngon chả cốm là ngon nhất ở đây hứa hẹn sẽ  ủng hộ quán dài dàiXem thêm,98
1093,The Son Bui,31/5/2020 12:19,8.2,"Quán dễ tìm, đồ ăn khá ngon, đúng vị, mình tới ăn gặp 2 đứa bé chắc là con cô chủ quán phục vụ rất dễ thương.
Sẽ thường xuyên quay lại.Xem thêm",98
1094,Dun Dun,25/10/2019 23:24,1.0,"Mình cũng là fan bđmt, ăn nhiều chỗ r mà chưa có chỗ nào có thái độ phục vụ ngầu thế này. Ko biết phân biệt vùng miền hay mình làm gì sai mà ngồi mòn mông kêu khản cổ cũng ko trả lời trong khi quán cũng bình thường chứ ko đông đúc gì mấy. Cố tình đi ngang qua mặt mình để phục vụ cho những ng tới sau trước. Ủa mình tới ăn trả tiền chứ có phải xin xỏ đâu mà tỏ thái độ nv? Lúc ăn thì thấy bàn bên đc phục vụ trà đá miễn phí, mình xin thì chủ quán vẫn quyết định giữ im lặng ko nói tiếng nào. Lát sau mình khó chịu và nhắc lại thì trl đúng 2 chữ: “biết rồi!” một cách hằn học. Và kết quả là ngồi 1 lúc nữa ko thấy miếng trà nào và mình phải xin ké của bàn bên. Tới cả khăn giấy cũng phải xài ké. Vd mà quán đông đúc bận rộn chạy qua chạy lại mà quên thì ko nói, đằng này mình ngồi gần ngay quầy mà thấy chủ quán ko phục vụ ai thì đứng ko đó hoặc đi làm chuyện khác. Nói chung là chủ quán cố tình bơ và làm thái độ rất chảnh choẹ. 
Kết: cho tiền cũng ko dám quay lại!Xem thêm",98
1095,foodee_8rpdl91b,28/10/2023 10:45,5.0,Khách sạn này hợp với gia đình thích nghỉ dưỡngXem thêm,99
1096,Yến Nguyễn,28/10/2023 10:39,5.0,Khách sạn này thích hợp với gia đình thích nghỉ dưỡng yên tĩnhXem thêm,99
1097,Quỳnh Diễm,28/10/2023 9:56,5.0,Khách sạn này hợp với gia đình thích nghỉ dưỡng yên tỉnhXem thêm,99
1098,Nông Thị Gái,28/10/2023 9:55,5.0,"Vị trí ,giá cả ,chất lượng dịch vụ ,không gian.Xem thêm",99
1099,nga,28/10/2023 9:53,10,khách sạn nơi này hợp với gia đình thích nghỉ dưỡngXem thêm,99
1100,Huỳnh Như,28/10/2023 9:52,5.0,"Khách sạn này hợp với gia đình , thích nghỉ dưỡng yên tĩnhXem thêm",99
1101,Khibeodaugaunhatquadat,28/10/2023 9:52,9.4,"Sạch sẽ, không gian đẹpXem thêm",99
1102,Ngan Tran,28/10/2023 9:48,5.0,Thoáng mát sạch sẽXem thêm,99
1103,Huệ Giác,28/10/2023 9:45,10,Khách sạn này hợp với gia đình thích nghỉ dưỡng yên tĩnh.Xem thêm,99
1104,Tuyet  Luu,28/10/2023 9:43,10,Khách sạn này hợp với gia đình thích nghỉ dưỡng yên tĩnhXem thêm,99
1105,Nhi Bin,22/6/2023 15:55,5.0,Làm sao mua hàng được ạXem thêm,100
1106,Bảo Trân Võ Huỳnh,13/9/2020 1:06,2.8,"Cái***của mình là đã đi ăn theo list recommend của mấy bạn bên Thánh Riviu trên fb.
Thật sự ko có gì ngon luôn á :((( cái gì cũng ngọt. Khuyên mấy bạn ở SG qua VT chơi đừng có ăn cái quán này, ốc q4 còn ngon hơn ))Xem thêm",100
1107,Thiên Vũ,26/6/2020 21:25,7.8,"Nêm nếm ngon, đậm đà, món sốt của ốc hương bơ cay chấm bánh mì ăn ngon lắm! Đồ ăn cũng khá tươi, cá nhân mình lúc đến quán thì các anh nhân viên rất nhiệt tình và dễ chịu, giá cả thì không mắc. Lưu ý là lúc đến các bạn nên đi sớm, đến trễ dễ hết đồ ăn lắm nhé!Xem thêm",100
1108,Myn Babie,22/11/2019 19:22,10,"260k (cả ship) cho 2 con ghẹ rang muối ớt, càng cúm rang muối ớt, chem chép xào bơ cay và sò lụa hấp thái chuẩn vị thái 🤤 ghiền quá nên lại lên cmt ảnh cho quánXem thêm",100
1109,Myn Babie,22/11/2019 13:12,9.8,"Đc bạn gthieu nên tới quán ăn đc 1l rồi từ đó thành fan của quán đặt ship về miết luôn. Đồ ăn ngon, giá hợp lí, mà còn đầy đặn sạch sẽ. Vị còn ngon hơn mấy quán ăn to to ở vt. Ảnh này là m chụp hqua, hnay đặt tiếp nên tiện lên post luôn )) à bánh mì của quán có 15k thôi nhưng rất ngon và to dài nữa, hqua chắc quán hết bánh mì đó nên bù lại cho m tận 4c bánh mì nhỏ. Đồ ăn vị ok lắm đó nên thử nha mngXem thêm",100
1110,Sue Cheriee,18/11/2019 23:01,8.8,"Mình được bạn là người Vũng Tàu dẫn đi ăn mới biết quán này luôn. Menu cũng đa dạng nhiều loại ốc với các kiểu chế biến lắm. Tụi mình đi 4 người, gọi các món:
- Ốc móng tay xào hành
- Sò lụa xào bơ
- Ốc mỡ trứng muối
- Sò dương nướng mỡ hành
Về đồ ăn thì mình cảm thấy chất lượng rất ok so với giá, ốc sò tươi, con hơi nhỏ tí nhưng ăn ngon, nêm nếm vừa miệng. Mình thích món xào bơ với trứng muối nhất nhưng mà trứng muối làm đặc qué không chấm bánh mì được hơi tiếc tí. Giá cả cũng vừa phải, mình không nhớ chi tiết nhưng chưa tới 100k/ người đâu. Quán cũng khá sạch sẽ và mát, phục vụ nha.
Xem thêm các món ăn và địa điểm ăn uống tại instagram của mình nha @munchinmelonXem thêm",100
1111,julie dang,16/8/2019 9:40,7.0,"Được người quen ở Vũng Tàu đắt đi mà bảo là phải sớm trước 6g tối thì còn đồ ngon, tươi. Đi sau 6g thì nhiều món ngon hết.
Giá vị nêm rất ngon, đồ ăn tươi mà tránh đợi lâu thì nên kêu hết 1 lần đỡ đợi lâu.
Giá các món đảo động từ 30k trở tính theo dĩa. Ăn 6 người tổng thiệt hại hơn 800( không quá mắc)
Tới quán nhớ ăn thử tôm tích trứng muối với ốc len xào dừa chấm bánh mì nha( mình thấy 2 món này ngon nhứt 😉)Xem thêm",100
1112,Võ Dung,22/4/2019 0:17,5.0,"Ra Vũng Tàu hỏi thổ địa ai cũng chỉ quán này
Giá rất mềm. Hợp lí
Đồ ăn ngon, nổi bặt nhất là mấy món làm với trứng muối.chất lương cực kì.
Hẻm rộng, lái xe hơi vô được.
Quán bình dân nên bàn ghế bình thường, ko cần phải sang trọng gì.Xem thêm",100
1113,Minh Pham,2/3/2019 19:45,1.0,"Đến lúc 7g tối, món nào cũng hết, nhân viên phục vụ lâu, cho gia vị ítXem thêm",100
1114,Trâm Lê,17/2/2019 14:42,8.0,Dành cả thanh xuân để ăn Ốc Bình. Về VT nhất định phải ghé rồi. 12h hơn mới mở cửa đi sớm quá ngồi chờ mốc meo. Món lên nhanh lắm nè. Cái gì cũng tươi ngon ngon.Xem thêm,100
1115,foodee_68d05946,21/3/2022 11:23,3.8,"THẤT VỌNG !!!

Cũng hay ăn ở đây nhưng càng về sau này càng thất vọng và cho đến bữa rồi mình quyết định ko bao giờ ghé đây ăn nữa. Mang 1 mẹt ra ngỡ là cho 1nguoi mà nào ngờ cho 2 người với 1 cái giá trên trời 130k.Xem thêm",101
1116,My Yen Pham,24/6/2020 17:12,1.0,"Lần thứ n ăn ở quán nhưng 2 lần gần nhất mua mang về. Làm ăn hình như không để tâm cho lắm. Mua về lần nhất không có bánh tráng. Ok bỏ qua vì do mình không dặn, lần 2 không có bánh tráng, không mắm tôm luôn. Ăn bún đậu mắm tôm mà không cho mắm tôm thì ăn sao. Không quay lại.Xem thêm",101
1117,Miihaa,8/9/2018 18:33,7.8,"Quán bún đậu này mình thường hay ăn. Có vẻ là quán mình thấy rất ổn đáng thử ở Vũng Tàu. Mình thấy có mỗi quán này là có món lòng chiên. Đồ ăn đa dạng và ngon. Chỉ có điều giá khá đắt. Phần mình gọi là 1 phần tá lả, 1 bún thêm. Ăn đủ cho hai người. Mình có gọi thêm món nem chiên. Ăn cũng ngon á. Quán sạch sẽ và khá đông khách. Đồ ăn phong phú nên không ngán nữa. Quán còn có bán bún riêu ăn cũng ngon lắm, mình ăn cũng lâu rồi mà không để ý quán còn bán hay không nữa.Xem thêm",101
1118,Phuong Ngo,4/9/2018 6:11,3.4,Đây la mâm 120k của e 😂😂😂😂😂Xem thêm,101
1119,hồng ngọc nguyễn,12/5/2018 18:24,8.6,"quán này mở cũng được gần 3 năm, thèm là chạy ra ăn ngay, đậu chiên rất ngon, giòn bên ngoài mềm bên trong, thịt heo đúng thịt ba chỉ mềm và ngon, dồi làm đúng chất miền bắc luôn, nhồi bằng huyết, chả cốm giòn tuy cắt hơi mỏng, lòng chiên ăn tạm được , rau dưa chuột ngon, ăn giòn, bún ăn hơi rã, mắm tôm ăn ngon, thơm, chấm ăn vừa miệng. không gian thoáng đãng ngồi thoải mái, bàn ghế tuy hơi thấp nhưng tạm chấp nhận được, phục vụ nhanh gọn lẹ, quán cực kì thích hợp cho bạn nào đang cực. kì thèm món nàyXem thêm",101
1120,Trâm Lê,9/2/2018 19:54,8.0,Đi qua đây hoài mà không biết này là quán bún đậu có tiếng.  Ấn tượng đầu tiên là không gian thoáng mát rộng rãi tiếp nữa là quán ko chỉ có bún đậu mà còn có bún riêu hay nem thịt nướng nữa. Đồ ăn thì miễn bàn luôn cực kì ưng ý mọi thứ mang ra đều còn nóng đậu giòn phèo chiên dồi chất lượng chỉ có chả là ko ưng lắm vì cảm giác ăn chán ko dậy mùi thơm và quá mỏng. Trà tắc pha vừa miệng. Mấy chị bán cũng khá nhanh nhẹn. Tổng 2 phần bún đậu 2 người 1 phần nem nướng và 4 trà tắc tổng hết 332kXem thêm,101
1121,Thảo Phạm,17/11/2017 13:19,7.0,"Quán này mình đi với các cô chung chỗ làm, mấy cô khen bún đậu ở đây ăn ngon lắm, một phần vì đồ ăn đi kèm bún đậu có rất nhiều loại, như là thịt ba chỉ luộc, Nem rán, Chả cốm rán, Dồi luộc, lòng heo, bao tử rán. Mắm tôm cũng tươi, thơm nồng và ngon lắm, 4 cô cháu đi với nhau, gọi 2 mẹt thập cẩm bự ăn cũng phủ phê mới đi về. Lúc tính tiền thì theo như cô chủ báo là 196k hơi mắc thiệc, nhưng mà cũng đáng tiền nên là ăn thử đi nhé.Xem thêm",101
1122,Mều Na,4/7/2017 17:35,5.6,"Tính na vốn ghét vu khống lắm nên cũng phải đợi hết gần 1 ngày để xác định chính xác mới bình luận
Bún đậu ăn vị khá ok, không gian rộng, thoáng, wc sạch sẽ, khách cũng khá đông, 
Nhưng mà,
Bọn mình 4 đứa ăn, trừ mình, đang uống thuốc dạng thải độc tố khá thường xuyên, thì 3 đứa còn lại, đứa đầu tiên hơi yếu sẵn ăn xong 30 phút về ói- ị- ị - ói liền tù tì đến độ bọn mình sợ quá phải đưa vào viện cấp cứu, được chích 2 mũi với uống 2 viên thuốc xong đi về thì hôm nay đỡ hơn. Bác sĩ kê đơn nhiễm khuẩn tiêu hoá. Đứa thứ 2 thì khi đưa đứa đầu tiên đi bệnh viện đau bụng lâm râm, kể từ đêm đến bây giờ cũng ói- ị - ị - ói thêm sốt nóng lạnh. Đứa thứ 3 thì sáng nay mới bắt đầu ị, liền tù tì 4-5 lần @@
Mình thì đi đúng 1 lần theo chu kì, và vì dạng viên thải độc mình uống đều đặn từ rất lâu nên chắc mình may mắn chưa bị. Thật đáng sợ, không biết do lòng, dồi hay mắm tôm nữa. Thật tạm biệt bún đậu mắm tôm từ đây! 
Mình không kì thị gì hết, do cơ địa mỗi người thôi, hi vọng mọi người chú ý ^^Xem thêm",101
1123,Van Hai Phan,19/4/2017 18:32,8.0,"Quán bún đậu này ngon nhất nhì Vũng Tàu. Mình đi 2 người gọi phần tá lả 65k bao gồm bún đậu, thịt, phèo, cốm, dồi chiên gọi thêm phần bún thêm có 5k mà ăn no quá chời. Mắm tôm ở đây ngon nhưng hơi nhạt một xíu. Quán có món trà tắc cũng khá ngon nha. Nhân viên phục vụ nhiệt tình và rất nhanh. Đồ ăn kêu tới đâu làm tới đó nên nóng bỏng lưỡi luôn. Giá cả khá ok. Đi chiều nào cũng đông khách cả.Xem thêm",101
1124,Vân Vũ,16/1/2017 15:39,6.0,"Mình gọi hai phần bún đậu thịt. Thịt có hai lựa chọn bà rọi hoặc là thịt đùi hay sao í, mình ăn ba rọi. Mắm khá là nguyên chất, dậy mùi, bún ép hơi rời ăn không ngon, đậu ở đây là cái làm mình chán nhất. Đậu rỗng chứ không phải đậu béo, chấm mắm tôm gần như mắm tôm một đằng đậu một nẻo, ăn không quyện với nhau
Quán nằm trong hẻm, nhỏ nhưng như kiểu sân vườn nên cũng thoáng
Mà chị chủ ở đây hơi hời hợt, chị lớn tuổi hơn nhưng nói chuyện với khách hơi cọc lốc, ko có thiện cảm cho lắm.Xem thêm",101
1125,Trương Uyển Lệ,18/6/2020 15:59,6.6,"Mình nhìn hình reviews thì thấy quán đẹp lắm nhưng khi tới thì k giống hình nữa. Quán không dọn dẹp nên cũ và hơi dơ. Nước thì không ngon hơi bị ngọt, nhưng lại rẻ nên kệ. Không gian nhỏ thôi, mình nghĩ vì dịch nên quán vắng, nên ngta k take care gì cái quán nữa. Không gian nóng không có máy lạnh.Xem thêm",102
1126,Tiny,26/10/2019 15:18,7.2,"Đợt Vũng Tàu hot rần rần vì cái tiệm Santorini thu nhỏ này vì quá xinh nên mình quyết tâm nhất định phải ghé thử. Tiệm cafe cũng không quá to cũng chẳng quá bé nhưng lại có sức quyến rũ chết người vì không gian thật sự xinh xắn y như lời đồn và thiệc là có ngàn góc sống ảo đó.
Nằm ở ngay một ngã 4 đường vs 2 mặt tiền ốp kính sáng sủa, bên trong xanh toàn tập mà yêu lắm, mình không thể chụp hết tất cả các góc vì dính khách nên chỉ chụp vầy thôi mà từ sofa đến bậc thang đến mảng tường đều được trang trí khá công phu và hài hoà đến lịm tim. Thiệc chưa đi quán cafe nào ấn tượng như vầy đó.
Về phần nước thì ở mức vừa phải thôi chứ chưa thực sự nổi bật, mình gọi 1 ly Trà Olong Nữ Hoàng Machiato và 1 phần Trà sữa Huyền Thoại trân châu hoàng kim.
Về trà nói chung thì vị rất nhẹ, mùi thơm thoang thoảng thôi chứ không có đậm vị cũng không thơm nồng, Trà Nữ Hoàng có vị như trà hoa hồng nhưng mùi nhẹ lắm, vị cũng nhạt nữa cơ :(( Machiato bình thường, ít béo ít ngọt và hình như cũng không nhiều lắm nên không ưng lắm. Trà sữa cũng vậy luôn, không nghe vị trà nhiều và trà sữa cũng ít béo. Nói chung uống tạm chấp nhận được mà vì không gian xinh quá bỏ qua hết nha. À mà giá khá rẻ luôn tầm 30-40k thôi, rẻ rề hà bữa mình đi còn được free up size nữa.
Tổng kết lại vẫn xứng đáng ghé một lần cho biết vì giá cũng khá mềm nhưng sống ảo thì vô đối luôn đó. ------------
🌟Đánh giá riêng về không gian cho luôn 🌟🌟🌟🌟 📍Attic Tea & Coffee, 14 Lý Thường Kiệt, Tp. Vũng Tàu
💸giá tầm 30-40k và hay có chươnh trình khuyến mãi. Tổng cộng phần mình tầm 70k/2ly lớnXem thêm",102
1127,julie dang,16/8/2019 9:48,6.2,"Quán hình như 3 tầng,  trang trí theo không gian biển xanh, vị trí cũng gần biển. 
Giá nước cũng ổn, nhân viên dễ thương. Nước thì hơi ngọt 1 chútXem thêm",102
1128,Trang Nguyen,6/7/2019 11:06,9.2,"Trà sữa ngon ngọt vừa đủ, bán hàng rất dễ thương nè 😘, quán trang trí đẹp mắt, sẽ ủng hộ quán nhiều 😍😘Xem thêm",102
1129,ainhisandy,3/7/2019 15:35,5.0,Trang trí quán rất đẹp. Trà sữa ko quá xuất sắc nhưng vị rất đặc biệt. Nghe rõ mùi trà. Ko gian ấm cúngXem thêm,102
1130,An  Nguyễn,25/6/2019 14:52,5.8,"Cách lẩu cá đuối không xa, nên tiện ăn xong đi bộ ra ngồi chút cho mát. Rồi chiều chiều ra biển là đẹp luôn rồi. 
Vị trí: dễ tìm theo gg map là ra rồi, góc Phạm Ngũ Lão

Thức uống: menu đa dạng, có để mẫu các loại trà, tên trà. 
- Trà Sữa Ô Long + trân châu tuyết: 5.5/10 ngọt hơn chút là được, trân châu hơi cứng. 
- Trà Ô Long Hoàng đế 5.5/10
- Trà ô long Caramel 4.5/10 nhạt quá 

Decor: đẹp, gọn gàng và sạch. Nhạc cũng nhẹ và hay

Giá: ổn. Nếu quán chỉnh lại chút vị ngọt và nâng độ đậm của trà lên thì cảm thấy hài lòng với giá hiện tại hơn.Xem thêm",102
1131,Mỹ Mỹ,6/6/2019 16:22,9.4,"Trà rất thơm và lạ rất hợp khẩu vị của mình 
Trà cổ điển đi kèm với machiato của quán rất ngon 
Nhân viên cực oder cực vui và dễ thương, ko gian xinh thì khỏi nói bước vào quán cảm giác rất mát mẽ mình cực thích concept ở đây, giá rất vừa túi tiền. Chắc chắn mình sẽ quay lạiXem thêm",102
1132,Nguyễn MinT,6/6/2019 14:21,8.4,"Không gian hơi nhỏ nhưng rất xinh, giá cả cũng vừa phải chứ ko đắt, mấy bạn nhân viên rất nhiệt tình và thoải mái đặc biệt mình rất ưng machiato ở đây, cực kì ngon. Mình recommend các bạn nên thử xoài machiato ❤️Xem thêm",102
1133,Yên Vi Mộc,30/5/2019 13:28,4.4,"- Không gian bé, xếp bàn ghế khá sát
- Nhân viên không được thân thiện và nhiệt tình lắm
- Tốc độ làm nước rất rất rất rất chậm
- Thiếu đi vị ngọt, thơm và béo kinh điển của trà sữa, khiến nước ở đây cực kì nhạt nhẽo

Điểm cộng chỉ là trang trí đẹp và menu bắt mắt.Xem thêm",102
1134,Thuỳ Dương,23/5/2019 17:50,9.0,"Tình cờ ord ly chocolate macchiato thêm trân châu, quán bỏ đá chung luôn, lúc nhận bên dưới chocolate vẫn còn nóng, cảm nhận là ngon, trân châu dai mềm hơn hẳn nhiều quán ở Sài Gòn 👍Xem thêm",102
1135,foodee_6y0nnux0,26/12/2025 12:42,10,Sẽ còn quay lại mua thêm nhiều lần nữa.Xem thêm,103
1136,Khanh Huyen,26/12/2025 12:41,10,Ăn một ổ là thấy đủ năng lượng.Xem thêm,103
1137,Huy Khanh,26/12/2025 12:41,10,Bánh mì bình dân nhưng chất lượng tốt.Xem thêm,103
1138,Thanh Loan,26/12/2025 12:41,10,"Hương vị ổn định, không bị lúc ngon lúc dở.Xem thêm",103
1139,Gia Hân,26/12/2025 12:41,10,"Bánh mì làm nhanh, phục vụ gọn gàng.Xem thêm",103
1140,Binh Bong,26/12/2025 12:40,10,Ăn buổi tối thấy no và ấm bụng.Xem thêm,103
1141,Minh Phan,26/12/2025 12:40,10,"Bánh mì không bị khô, ăn rất tròn vị.Xem thêm",103
1142,Linh linh,26/12/2025 12:40,10,Xe bánh mì quen mỗi khi đi ngang qua.Xem thêm,103
1143,Minh Quân,26/12/2025 12:39,10,"Bánh mì nóng, nhân đầy, ăn rất thích.Xem thêm",103
1144,Minh Duc,26/12/2025 12:39,10,Gia vị nêm nếm hợp khẩu vị.Xem thêm,103
1145,Buu Le,2/8/2022 13:43,1.0,Tệ từ sp tới thái độ của quánXem thêm,104
1146,Hanh Pham,7/6/2021 19:03,2.8,"Nem chua rán mềm, k giòn, nhiều dầu mỡ, bán món này nên cho tương bắc. 
Cháo sườn quá mắc. 1 phần cháo sườn nhưng không có sườn chỉ có thịt vụn nhỏ xíu lẫn trong cháo. Phải gọi phần thập cẩm 45k thì mới có thịt. Chứ gọi phần 30k cảm giác như đang cháo trắng 😅Xem thêm",104
1147,Bang Tam Dao,27/4/2021 19:31,9.6,"Ăn ở đây là không muốn ra về . Quá trời món ngon , không bỏ nỡ . Giá cực mềm , phục vụ cực lẹ .Xem thêm",104
1148,Bao Vy Dang,25/4/2021 1:24,9.6,"Ghé quán chén nhẹ combo quẩy nóng với bánh gối . Công nhận , rẻ mà ngon lại còn bao no . Chủ quán vui tính , hiếu khách .Xem thêm",104
1149,Huyen Tho Dao,24/4/2021 0:34,9.6,"Xôi bao gà nấm cực ngon . Đang giảm còn có 100k / phần . Vỏ ngoài xôi giòn rụm , nhân gà nấm cực thơm ngon . Chưa bao giờ chén hết sạch phần xôi nhiều tới vầy !Xem thêm",104
1150,Diem Hanh Hoang,22/4/2021 9:02,9.6,"Món nộm ăn rất vừa miệng . Chua cay mặn ngọt vừa đủ , có độ giòn . Một đĩa chén hết vẫn thòm thèm .Xem thêm",104
1151,Nhat Mai Tran,22/4/2021 9:00,9.6,"Chả ốc ở đây ăn thơm nghiền mún chớt . Hương vị thơm , đậm đà . Chấm tương là hết xảy .Xem thêm",104
1152,Thuc Oanh Dang,19/4/2021 21:39,9.4,"Món ngon không thể bỏ qua . Qua đây ăn chỉ có nước không muốn về . Chủ quán nhiệt tình , đồ ăn đa dạng . Vote 5* cho quán !Xem thêm",104
1153,Ngoc Hien Hoang,17/4/2021 11:33,9.6,"Điểm cộng lớn cho menu quán kéo mãi không hết món . Toàn món hấp dẫn , coi mà tứa nước miếng . Có dịp sẽ ghé quán .Xem thêm",104
1154,Trung Dương Hồ,16/4/2021 7:44,9.4,"Nem chua lần nào ăn no rồi cũng thêm phần mang về . Nem chuẩn , giòn dẻo , chẩm tương ớt cứ gọi là bay vèo vèo .Xem thêm",104
1155,Ivan Pham,27/10/2020 10:03,6.6,"Dĩa to 45k phần nhiều là mít, 1 vài viên nhỏ các loại trái cây khác, sữa***vị hơi lạ) và mứt siro. Không gian trong nhà hơi chật, đa phần khách ngồi lề đường. Order ko được nhiệt tình lắm, lên sót món.Xem thêm",105
1156,Duy Dinh Thien,9/7/2019 19:45,5.2,"Mình ghé đây tối thứ 7, ăn 1 phần 2 người ăn giá 45k mà có vài lác đu đủ , nhãn, và mít với 1 cục sữa chua ( sữa chua lúc mình ăn có vị kì kì, ăn xong về khách sạn thì đau bụng nôn mửa dữ dội. Lần sau xuống Vũng tàu sẽ không đến đây nữa huhuXem thêm",105
1157,Mi My,23/5/2019 21:00,8.4,"Lần đầu ghé thử...Ngon khỏi bàn. Trái cây tươi ngon, sữa chua dẻo dẻo và rất thơm👍🏻👍🏻👍🏻Xem thêm",105
1158,Banh92,19/11/2018 15:04,4.4,"Xem trên foody thấy khá hấp dẫn nên ghé ăn thử
Ngon và giá cả hợp lý, sẽ ghé khi có dịp quay lại vũng tàu :)Xem thêm",105
1159,pham van thuan,11/4/2018 16:34,10,Quán này bán rất ngon lần sau đến Vũng Tàu Tôi sẽ ghé tiếpXem thêm,105
1160,QL,19/12/2017 2:08,6.6,"🍒Đi ăn quán này 1 lần
Sữa chua ca cao bình thường. Mình nghĩ nếu là sữa chua dẻo hay đá tuyết thì sẽ ngon hơn dạng lỏng như thế này. Ăn ngán
🍒Trái cây dĩa thì ok. Nhiều trái câyXem thêm",105
1161,Lê Hoàng Mỹ Linh,12/7/2016 23:09,8.0,"chuyên về trái cây và sữa chua. Sữa chua dẻo ăn ngon nhưng hơi ngán. Mấy cái về tuyết thì ngon hơn. Quán ngồi ngoài vỉa hè, hơi tối.Xem thêm",105
1162,Lien Khong,20/5/2016 15:48,7.4,"Quán cũng dễ tìm, tên quán là KIWITI. Đến ăn lần đầu được nhân viên giới thiệu món nhiệt tình luôn. Nhóm mình gọi đủ 3 loại sữa chua dằm trái cây:  sữa chua thường, sữa chua dẻo và sữa chua đá tuyết, trong đó ngon nhất và trình bày đẹp mắt nhất là sữa chua đá tuyết. Trái cây cũng khá phong phú, được cắt miếng vừa phải, dễ ăn, sữa chua dẻo thì có dĩa đá bào để riêng nên mấy bạn có thể thêm đá tùy sở thích.
Quán ngồi ngoài vỉa hè nhưng bàn ghế đầy đủ, sạch sẽ, món ăn được chế biến trong nhà rồi mang ra, nhân viên ở đây cũng vui vẻ và nhiệt tình, giá cả thì hợp lý vì đồ ăn cực kỳ chất lượng.Xem thêm",105
1163,Thanh Mai,4/5/2016 0:19,7.4,"Sữa chua dẻo ở đây rất ngon, sữa chua nếp cẩm cũng ngon không kém. Đồ uống ở đây giá tạm ổn. Nv nhiệt tình, nhanh nhẹn.Xem thêm",105
1164,ruby  boca,29/12/2015 20:48,8.4,"Trái cây thập Cẩm ngon, đa dạng nhiều loại trái cây. Ngồi vỉa hè bàn ghế nhỏ no ko gian thoáng đãng. Đi ăn trái cây dầm nhiều chỗ no ăn chỗ này thấy được nhất. Vì trái cây nhiều mà yaugout thì ngon. Giá cả sao chất lượng vậy.Xem thêm",105
1165,Lam  nguyen,24/5/2022 2:44,2.6,Minh that Tren mang cho nay nghe noi an ngon ma Minh thay  Khong ngon ghe  khong tuoiXem thêm,106
1166,Hưng Đinh,18/7/2021 18:05,10,"Đồ ăn ngon, đóng gói đẹpXem thêm",106
1167,lao vong,4/4/2021 11:33,3.8,"Điểm +: phục vụ nhanh,ghẹ nhiều
Điểm -: ghẹ bở, gọi tô đặc biệt 60k như hình, nước lỏng , vị nhạt, đang ăn thì phục vụ tới bốc rau đi, nói chung 1 lần không quay lạiXem thêm",106
1168,Phan Anh,25/7/2020 22:29,6.6,"Ăn tô 60,000 đ, cũng nhiều ghẹ đó, nhưng không được tươi, giống ướp đá lâu, không có nấm rơm như chỗ khác.  Thức ăn nóng, nhưng nhìn chung chỉ đạt mức trung bình. Chỗ ngồi rộng rãi. Có một đàn***chạy lòng vòng dưới chân, cảm giác rối, phiền.Xem thêm",106
1169,Tú Tú,26/5/2020 16:36,1.0,"Chuyện là mình gọi 4 tô bánh canh ghẹ, sau khi bưng ra thì tụi mình hí hửng ăn, thì đang ăn có một sinh vật lạ vô cùng duyên dáng và đáng yêu nằm trong tô. Mình bèn gọi chú chủ quán *không biết phải không, mình gọi vậy nha*, và đưa cho chú cái chân đó và hỏi ""chú ơi, chú xác nhận dùm con chân này là chân gì thế ạ?"". Chú cầm lên mà phán câu xanh rờn, chân ghẹ đó con!"" Chân ghẹ là đây đó à, và mình nói là chú đổi cho con tô khác đi, chứ z sao tụi con ăn đc nữa. Thế  là ông chú bưng ra cái tô mới trong đó có vài cọng bánh canh và ít hành lên hết. Quan trọng là chú đó ko hề nói lời xin lỗi và thái độ của ông chú rất rất khó chịu như kiểu ""tại sao phải lấy tô mới chứ"". Mình khá thất vọng vì kiểu cách của chú. Và tất nhiên là không bao giờ quay lại.Xem thêm",106
1170,Minh Tú,10/5/2020 9:16,5.4,"Chờ dài cổ chưa có đồ ăn
Nhân viên bán nước nói chuyện ngang tàng
Đã quên order của khách mà còn tỏ thái độ khó chịu

Ngồi nửa tiếng r mà chưa được ăn nên chưa biết ngon dởXem thêm",106
1171,leedongnhung,9/1/2020 20:26,10,"Lần đến lại ghé tiếp nhé,ngày mai quán khai trương bán ốc nữa nên mai cũng sẽ ủng hộ tiếpXem thêm",106
1172,Phúc Nguyễn,24/7/2019 11:41,1.0,Ghẹ nhiều ok nhưng quán nóng và vị bánh canh còn tanh. Không ngon lắmXem thêm,106
1173,harudesu,8/7/2019 15:19,6.4,"Kêu tô đặt biệt có giò có 60k mà bỏ quá trời ghẹ haha 
Rất là ngon và tươi nha , bà chủ thân thiện nhiệt tình bữa , đi du lịch có mấy hôm thôi mà sáng nào cũng ghé ăn hết 🙆🙆Xem thêm",106
1174,Lvs,4/7/2019 20:42,7.0,"Quán hơi lụp xụp. Bánh canh ăn nóng, ghẹ tươi và khá nhiều. Vị nêm cũng được chứ ko đặc sắc. Nhân viên vui vẻ, lịch sự, ko biết có phải do lúc đó quán vắng hay ko. Ăn một lúc mới nhớ chụp nên còn chừng 1/3 tô :)) Bánh canh giò heo (25k), rẻ hơn ghẹ (45k).Xem thêm",106
1175,Bảo Trân,16/3/2021 12:42,4.2,"Bth m đặt gà trên now thì rất ngon,gà giòn, hnay m có đến tận nơi mua thì gà rất nguội, miếng gà hs thịt lạnh tanh, mặc dù m ngồi đợi rất lâu, đề nghị các bạn xem lại cách bán hàng nhéXem thêm",107
1176,Yên Vi Mộc,19/7/2019 12:17,1.0,"Thái độ phục vụ quá kém, từ nhân viên order khó chịu đến nhân viên phục vụ từ chối cung cấp dao nĩa cho khách.
Quản lí nên xem lại cách tuyển nhân viên cho cửa hàng.Xem thêm",107
1177,Hien Nguyen,5/3/2018 0:50,5.2,"Ở VN người mua không phải ""tự phục vụ"" sao?Xem thêm",107
1178,Cong Tien Tran,11/2/2018 14:49,9.4,"Lotteria co.op mart làm đồ ăn ngon, giá cả hợp lý. Mình đi cùng 1 người chị, gọi burger gà với bò teriyaki combo(gồm pepsi vd khoai tây lắc), 1 ly chanh dây blue curacao cộng thêm 1 cá nugget. Burger nhiều thịt, nhiều rau, có sốt mayonnaise béo béo, thịt được nêm nếm, tẩm ướp rát vừa miệng. Cá nugget mới chiên nên còn nóng hổi vừa thổi vừa ăn. Thịt cá trắng mềm, thơm mà không tanh, lớp vỏ giòn giòn nhưng mà chưa ráo dầu, còn dầu đọng dưới đáy hộp nên ăn dễ ngán. Khoai tây xắt cọng hơi dày, cũng nhiều dầu như cá, nhưng bù lại bột phomai thơm, béo, mặn mặn cộng với vị ngọt bùi tự nhiên mà chỉ có khoai tươi mới có. Món mình thích nhất l.à chanh dây blue curacao. Nước chanh dây mát mát, ngọt dịu thêm mùi thơm của vỏ cam từ sirup blue làm dịu đi vị chua của chanh dây. Khi hút phải mấy miếng hạt chanh còn ít thịt bên ngoài nhai thích lắm. 
Ăn có nhiêu đó mà chỉ hết cỡ 150-160k à. Nói chung là chất lượng món ăn, phục vụ đã cải thiện hơn rất nhiều. Chỉ có điều là không gian quán chưa đẹp lắm.Xem thêm",107
1179,Thảo Phạm,15/11/2017 21:33,7.2,"3 đứa mình vào Lotte Mart lúc đầu đi coi phim sau đó đói quá bắt đầu ngó nghiêng đồ ăn xung quanh, nhớ là Lotteria vẫn còn chương trình khuyến mãi mua 1 tặng 1 gà của Lotte vừa hay cả 3 đứa đều đang tự nhiên thèm gà rán nên quất liền. Lotteria trong Lotte Mart thật sự rất đông, mình đứng đợi Oder và mọi thứ đều phải đợi, Oder đợi 3 phút gà thì đợi thêm 15 phút nữa, hồi hè mình chơi ở Vinpearl Nha Trang cũng có Lotteria, chỗ đó đến giờ ăn đông gấp 4-5 lần bên này nhưng phục vụ không bao giờ đợi đến 5 phút cho tất cả món ăn. Nên mình thấy cũng hơi lạ lạ xíu, tụi mình gọi 3 phần gà bao gồm Gà Truyền Thống, Gà Phô Mai, Gà sốt đậu, ngon nhất vẫn là gà Truyền Thống.Xem thêm",107
1180,Anh Minh Trần,1/8/2017 18:55,3.4,"Tôi ăn ở Lotte này mấy lần vì bất đắc dĩ. Do một số ng bạn của tôi thích ăn cái này mà tôi lại chả hiểu sao lại như vậy. Mỗi lần vào thì lúc nào câu cửa miệng cũng Lotteria xin chào, về cơ bản thì cũng giống như mấy nơi khác, nhưng cái đó nói như kiểu robot ấy. Thấy là nói thấy là nói. Có khi nói mà chẳng thèm nhìn mặt khách hàng. 

Tôi còn nhớ có lần tôi đi ăn nó đang chạy ctrinh gì mà đại khái có liên quan đến nụ cười. Ý là gặp khách phải luôn luôn cười. Thậm chí mặc cái áo có khẩu hiệu đó luôn. Ấy thế mà áo ghi một đường, làm thì một nẻo. Nv thì nc chặt chém với khách, mặt mày thì nhăn nhó hằn học. Tôi gặp tình trạng này ở Lotteria Lotte Mart Vũng Tàu. Toàn là giả tạo.Xem thêm",107
1181,Trâm Lê,23/6/2016 23:41,6.6,"Gia đình mình hay ăn ở đây do mẹ mình rất thích gà sốt đậu và kem nữa. Không gian thoáng mát ko ám mùi dầu mỡ. Mọi ng sau khi đi siêu thị hầu như đều ghé vào ăn kem. Nv bth ko niềm nở cũng chẳng khó chịu mặt 1 màu như nhau. Gà sốt đậu ngon mềm và ko bị khô, kem ngonXem thêm",107
1182,Pa Nee,7/4/2016 0:38,8.0,Cuối tuần rồi có dẫn bọn nhóc đi siêu thị CoopMart chơi game và mua sắm. đi vào buổi sáng gần trưa nên mua các đồ cần thiết xong ghé vào Lotteria ăn trưa luôn. Mình thì thích ăn bên KFC hơn nhưng tại tụi nhỏ thích ăn kem Lotteria hơn nên ăn luôn 1 chỗ cho tiện. Kêu phần gà gia đình 6 miếng + 4 ly pepsi + khoai tây lắc + kem cây hết gần 300k. Trước đây thấy gà rán ko ngon lắm nhưng giờ chất lượng đã được cải thiện nhiều. Thích khoai tây lắc ở Lotteria có bột phô mai béo béo thơm thơm nên mấy đứa nhỏ rất thích. Từ khi Lotteria bán kem cây với giá 3k 1 cây thu hút được lượng khách đông hơn hẳn. Không gian cũng khá rộng và mát mẻ.Xem thêm,107
1183,Na Ng,1/12/2015 0:17,8.4,"Đi siêu thị kiếm mua một ít đồ dùng cá nhân, đi ngang lotteria lại ngửi mùi khá thơm ko cầm lòng lại phải vào ăn. Kêu 2 cánh gà rán, pepsi, hambuger và khoai tây lắc hết 130k 2 đứa ăn no nê. Gà lotteria bây giờ ngon hơn nhiều rồi. Hambuger hơi mắc, bánh nhỏ nếu ăn 1 cái là ko no. Khoai tây lắc hương vị vẫn vậy, phô mai ít quá. Nói chung phần ăn ở đây dạo này nhanh lên giá, mà lại lên quá nhiều nên thi thoảng mới ghé ăn chư ko ăn thường xuyên như trước nữa.Xem thêm",107
1184,Xuân Hải Đỗ,29/11/2015 7:07,6.0,"Quán nằm vị trí rất thuận tiện. Trang trí rất sáng và đẹp. Đã tồn tại lâu ở vũng tàu chứng tỏ cũng có sức hút. Gà ở đây ăn k khô như bên KFC. Có nhiều món cả bò cả heo. Có 1 số nhược điểm mình thấy như sau: phần ăn hơi ít (về dĩa cơm thịt hôm nay mình ăn) + những phần combo bánh cũng khá nhỏ, quán có vẻ rất tiết kiệm giấy ăn (cho mỗi người đc 1 tờ, xin thêm cũng ít), kem ốc quế ngon mình rất thix nhưng nhanh hết hàng. Sẽ quay lại khi có e bé vì nó rất thix hợp cho tổ chức sinh nhật hay là có những phẩn quà cho trẻ con.Xem thêm",107
1185,foodee_4a8a9b42,20/5/2021 19:02,4.2,Không chuyên nghiệpXem thêm,107
1186,Trường Đ Nguyễn,15/2/2021 17:18,8.4,"Hmm, đánh giá sơ nhanh của mình thì :
- bánh Bur terayaki : bánh không như quảng cáo, vỏ bánh mềm như bán đại trà ở ngoài vậy, nhân thì không có gì đặc sắc 🙁 > không đáng với giá tiền
- bánh táo: mùi y như chuối chiên vậy, nếu không có nhân bánh sệt sệt thì ăn không khác gì chuối chiên
- gà sốt đậu : ngon và cực kì ấn tượng 
- không gian quân rộng rải , nhìn ra ngoài đường rất phù hợp cho những người f.a trải lòng ra ngoài ))Xem thêm",107
1187,An Daisy,5/6/2019 12:36,7.8,"Hôm ngày 3.6.2019 lúc 16h mẹ mình có ghé mua cơm và gặp bạn nhân viên đang kiểm tra tiền, lúc đó quán khá vắng và không có khách, mẹ mình vào mua cơm và có nói chuyện gọi đồ rất bình thườngbạn đó nói quát lại
 “ Từ từ đi, nói nhanh quá, lộn tiền” 
Mẹ mình mới nói kiểu không có đông mà lộn tiền. Bạn ấy nói chuyện quá đáng quá thì lúc sau cũng có bạn nhân viên ra xin lỗi. Nói chung mình chỉ góp ý như vậy,  mong là bên Lotteria sẽ sớm có sự chấn chỉnh lại tác phong ăn nói của nhân viên, chứ nói chuyện với khách như vậy thì có ngày mất khách. Mẹ mình đi mua đàng hoàng chứ không đi xin nói như vậy. Theo mình được biết, bạn đó làm ca 14h.Xem thêm",107
1188,Hanie Ly,29/4/2019 18:04,8.0,"Hỡi đồng bào ace..
1 fan ruột của lote lại lên tiếng..
Jumbo burger đã quay trở lại và lợi hại hơn xưa rồi đó.
Đổi một tên mới là super jumbo đó.
Tôi lại chọn lote đường lê hồng phong này là vì nằm ngay ngã tư... Nhân viên thân thiện hơn trc rất nhiều. 
Nay đã đc sửa chữa máy lạnh và ko còn nóng như trc nữa.
Lại có thêm 1 nc mới có hương vị của xoài và đào mình ko pik tên nó là gì. 
Và đang có chương trình giảm giá cho super jumbo đó...
May mắn cho mình đc phiếu giảm giá 50% từ 60k còn lại 30k...
Bạn nên ăn thử đi bảo đảm 
A hi hiXem thêm",107
1189,Hanie Ly,29/11/2018 12:22,9.6,"Là một tính đồ của gà rán . Làm gì đi đâu cũng nhớ đến . Mỗi lần đi du lịch là cứ tìm đến Lotteria . Không gian thoáng mát . Vẫn còn hạn chế nhiều. Những thiết bị vd như máy lạnh cứ hư suốt ngày. Thích nhất dãy kính có thể nhìn thấy ngoài đường. Đồ ăn đã ngon rồi. Nhân viên thân thiện nữa. 
Những vị khách ở nơi này họ ko pik lịch sự là gì hay s ak . Đã đến sau chen lên đòi mua trước . Quát mắng nhân viên. Đứng ngoài nhìn mà ko chịu được. Cứ chen chen lên nhân viên ko thể nào kiểm soát đc khách nào đến trc khách nào đến sau. Phải làm như thế nào để bớt tình trạng này là tốt.Xem thêm",107
1190,Thanh  Hoài,8/5/2018 10:29,5.0,"Mình vào order món. Khi mình hỏi lần 1. Ờ thì có lẽ bạn nhân viên đó không nghe thấy không Sao. Lúc sau mang đồ ăn ra mình lại hỏi 1 câu nữa cũng đi và không trả lời, cũng không mang khăn kèm theo cho khách nữa. Đâu cũng là khách dù mua ít hay nhiều cũng nên tôn trọng khách.  Sáng hôm nay mình ghé. Hy vọng cửa hàng khắc phụcXem thêm",107
1191,QL,20/11/2017 14:23,7.2,"🍒Lâu ko ăn gà rán ăn lại thấy ngon ghê. Bây giờ lotte nhiều chi nhánh nên tiện đâu tạt qua ăn ở đấy thôi

🍒Chi nhánh này nằm ngay góc ngã 4 nên khá tiện lợi, quán đông nhất là buổi tối
🍒Ở Lotte thì mình hay ăn gà miếng, giòn ngọ thấm vị
Nước ngọt tươi nên rất ngon. Khoai giònXem thêm",107
1192,Cao Tùng,11/11/2017 9:13,7.0,"Trước giờ mình cũng không phải là fan của gà rán truyền thống vì khá dầu mỡ và khô, tuy nhiên Finger Chicken mới của Lotteria rất ngon, không khô vì có sốt rưới lên trên gà, sẽ rất đỡ ngán hơn gà truyền thống. Hiện tại Lotteria đang có promotion của Finger Chicken giảm 50% chỉ còn 45k. À Finger chicken còn có khoai lang rán rưới sốt ăn kèm nữa nha, các bạn có thể dặn bếp rưới extra sốt vào món gà của mình, vì sốt rất ngon.
Có thể ăn kèm món này với khoai lắc hoặc gà viên lắc là đủ năng lương cho 1 buổi tối rồi !!Xem thêm",107
1193,Vân Thế,2/11/2017 22:28,8.2,"Được bữa lười cơm nhà ghé Lotte ăn luôn. Đánh liều phần cơm trưa y như Lotte Mega Q2 HCM xem có khô vs dở như đó k, mình cũng k gọi canh luôn xem như thế nào... Cơ mà hên dã man, cơm tơi, xốp ngon, gà nêm nếm vừa miệng, nóng hổi ngon dã man chứ k như bên Lotte Mega. Khá hài lòng nhưng nước uống ít quá còn lại thấy toàn đá vs đá k hà > Cần khắc phục.Xem thêm",107
1194,Thảo Phạm,10/10/2017 14:54,7.0,"Mình thì thích ăn gà rán lâu rồi, không những thích mà còn nghiện, đang có chương trình khuyến mãi mua 1 tặng 1 gà rán cùng loại, hai đưa mình đi gọi 2 xuất gà, 1 gà chiên giòn thường là 1 gà sốt phô mai. Sốt phô mai ăn ngon lắm nha cơ mà hơi ngán nhưng mà ăn ngon lắm. Nhân xét thôi:
Không gian: quán dễ tìm vì có vị trí mặt tiền đường Lê Hồng Phong nên lúc nào cũng đông hết ak
- Nhân viên: tất nhiên là rất là nhiệt tình
- Đồ ăm, nên típ tụi phát huy vì Gà Lotteria đối với mình lị xảmnonXem thêm",107
1195,Trucvu79 Vũ,11/1/2022 15:20,4.2,Đặt giao hàng nhưng không hiểu sao quán tự huỷ đơn của khách mà không báo lại một tiếng??? Sẽ không có lần sauXem thêm,107
1196,Meo Cú,19/6/2020 21:54,6.0,"• Nằm ở vị trí đắc địa và rất dễ thấy

• Không gian rộng, bàn ghế được sắp xếp hợp lí

• Menu không có gì khác so với các chi nhánh còn lại. Mình thử burger gà và khoai môn phô mai, nhìn hơi kém mỹ quan nhưng hương vị cũng không quá tệ.

• Nhân viên lịch sự thôi chứ không nhiệt tình

• Không quay lại.Xem thêm",107
1197,Tina2203,4/6/2017 12:37,6.2,Chỗ này ngon ới là ngon nhg thất vọng vì làm lâu quá😞😞😞😭😭Xem thêm,107
1198,minhtam151097,2/6/2017 19:13,4.0,"Mình khá thất vọng với thái độ phục vụ của nhân viên ở đây. Mình order đồ ăn và 2 cây kem. Nếu chưa có kem thỳ nói với khách, chứ chờ 2 que kem hơn 1 tiếng thì hỏi xem có bực mình không. Mình đi ăn ở rất nhiều cửa hàng lotteria khác rồi, không có nơi nào phục vụ tệ như ở đây. Bạn nhân viên order cho mình tên là Ngọc Giàu. Vãi. Thái độ với khách hàng quá tệ.Xem thêm",107
1199,May Kiss,3/5/2017 16:42,4.2,"Đồ ăn ok, gà HS hơi đậm vị một tí nhưng ko sao. Điều quan trọng đây là nơi có nhân viên phục vụ tệ nhất trog tất cả các chuỗi hệ thống gà mình từng ăn. Ko thân thiện, ko nhiệt tình mà khách ở đó cũng ko đông đến nỗi để cảm thấy mệt mõi mà ko nhiệt tình kiểu đó.Xem thêm",107
1200,Thảo Nguyên,6/2/2017 12:34,6.6,"🏡 Vị trí: Gần coopmart Bà Rịa, dễ tìm, nên lúc nào cũng đông khách.
🎶 Không gian: Rộng rãi, có lầu, thoáng.
🍗 Món ăn: Trong hình là combo 6 miếng gà H&S và 2 ly pepsi thanh toán hết 223000 đồng. Mình ăn ở chuỗi hệ thống các cửa hàng Loteria thì cảm thấy chất lượng đều như nhau. 
👦👧 Nhân viên: Không thân thiện.Xem thêm",107
1201,Thảo Phạm,3/10/2016 21:36,4.8,"Trên đường về thấy Lotte Bà Rịa có banner treo khuyến mãi Burger Bulogi khuyến mãi chỉ còn 20K một bánh thôi. Trời mình nghiền em này lắm phi vào mua lúc 3 ổ mua về cho 3 chị em gặm nhấm ngay và luôn, lúc ngồi đợi chụp choẹt mấy tấm hình để có bài về đăng. Nhân viên thì Lotte nào cũng nhiệt tình năng nổ rồi không khen nữa, đến lượt chê. Burger đúng chất khuyến mãi luôn, thôi vậy thà đừng khuyến mãi, lúc mua về mở burger cho sốt vào mình thất vọng tràn trề Burger có cái bánh + miếng thịt nhỏ tí thêm lát xà lách HẾT đã thế bánh cũng nhỏ lại hay sao á cầm không chắc tay luôn. Buồn.Xem thêm",107
1202,Nhỏ Em,30/5/2016 7:31,3.6,Tầng 3 là nhà vệ sinh. Mới đứng ngay cầu thang mà đã nghe mùi hôi nồng nặc. Bước tới cái lavabo để rửa mặt thôi mà ruột gan lộn cả lên. Lần đầu tiên gặp cái wc tệ mà thúi nhất trong đời. Kinh dị. Về mảng đó ko biết có an toàn thực phẩm ko.Xem thêm,107
1203,Tuấn Lucky,28/8/2014 21:46,7.4,"Ăn trưa bên CoopMart hoài cũng ngán nên mình ghé qua Lotteria bên kia đường đổi gió cho đời thêm tươi

Đối diện với CoopMart Bà Rịa nên Lotteria chỗ này luôn đông khách, đang có chương trình bữa trưa 35k bao gồm: 1 hamburger + 1 khoai tây vừa + 1 nước coca vừa.

1 lần ăn với nhóm bạn vào buổi tối kêu phần gà 9 miếng 270K ăn + nước mà vẫn không no :)

Hôm sau ăn trưa thì có vẻ ngon hơn và thấy ok hơn, đặc biệt kem 3k ăn khá ngon

Nhân viên được huấn luyện nên phục vụ khá tốtXem thêm",107
1204,Nguyễn Lê,1/6/2023 12:46,6.6,"Mọi thứ đều rất ok, 1 bạn nữ nhận oder thái độ phục vụ cực tệ.Xem thêm",107
1205,Lê Hằng,8/5/2020 20:49,1.0,"Tôi mua đem về. Nhân viên order thì ko tập trung dù ko đông khách. Khách order buger gà ko cay ko rau, bù thêm tiền đổi khoai lắc mà vẫn đưa buger gà cay có rau và ko có gói bột lắc. Gọi điện phản ánh thì nhân viên khăng khăng là đã bỏ gói lắc vào rồi. Ngoài việc xin lỗi kêu khách mai quay lại trả lại tiền thì vẫn khăng khăng là đã bỏ gói bột lắc vào rồi. Cách phục vụ quá chán ko xứng với giá tiền. 
Mua cho trẻ con ăn mà gà thì cay, khoai ko lắc. Uổng tiền!!!!Xem thêm",107
1206,Vân Thế,26/2/2018 23:12,7.0,"Khát nước thèm kem, ngó qua menu thấy kem magic là lạ mình gọi thử. Mình chung, màu mè hoa lá hẹ các màu xanh đỏ, ngậm vào miệng thấy bụp mình mới ngộ ra... Kẹo nổ 😂. Ăn cũng hay hay, sau mình sẽ thử lại e này 😆Xem thêm",107
1207,Cong Tien Tran,17/2/2018 13:52,8.2,"Sau 1 thời gian dài không ăn ở đây thì hôm bữa mình mới ghé lại ăn tối. Không gian quán vẫn như cũ, không có gì thay đổi. Chất lượng món ăn khá hơn. Nhưng mà mấy nhân viên ở đây kì lắm. Mình gọi cơm gà nướng phần mà lại ghi bill là cơm gà sốt đậu. Bàn ghế lau chưa kĩ, vẫn còn thức ăn bám trên bàn, ghế. Gà phô mai béo béo, thơm thơm, cay cay rất ngon. Gà sốt đậu đỡ mặn hơn hồi trước. Có 1 cái chưa hài lòng là ở đây xài nĩa nhựa, ghim thức ăn khó lắm.Xem thêm",107
1208,Cong Tien Tran,14/11/2017 13:49,9.0,"Nói chung là đồ ăn ở đây không khác các quán lotteria khác là mấy, nhưng cơm ở đây nấu hơi khô, gà có đôi khi còn đỏ bên trong. Nếu không đỏ thì có lúc còn khét nữa cơ. Gà sốt đậu ăn tạm chấp nhận nhưng hơi mặn. Mình thích nhất gà sốt phô mai, ăn vừa béo, lại vừa thơm mùi mù tạt vàng làm kích thích vị giác. Nhưng có hôm mình đi ăn mà xin dao nĩa thì mấy chị nhân viên bảo:ở cuối quầy, tự lấy đi em. Mình cảm thấy không hài lòng cho lắm.
Bàn ghế ở đây lau chưa kỹ, nhất là mỗi khi mà mình ngồi vào bàn vừa lau xong vẫn thấy nhớt kinh khủng.Xem thêm",107
1209,Bảo Ngọc Trần,3/9/2017 10:06,1.0,"Mọi khi vẫn đến ăn ở đây lúc về vũng tàu. Thế mà hôm nay mình đến xếp hàng chờ rõ lâu bạn nhân viên lại bảo mình đến sau đòi cho khách đến sau mình order. Mình ghét nhất thể loại đấy. Đã không xin lỗi thì thôi lại còn sưng mặt lên. Em ấy tên Hằng nhé. Bye nhé em Hằng, bye nhé lotteria.Xem thêm",107
1210,Trâm Lê,23/3/2017 22:50,8.0,Do hay đi siêu thị nên chiều mình ghé ăn xế. Chủ nhật nên hơi đông. Nhân viên cũng khá nhiệt tình. Gà ngon mình thích gà ở đây lắm do khách đông nên gà thường ko bị cũ hầu như là gà mới. Chị quản lý tâm có ý bắt nhân viên đổ thêm sốt thế là dĩa gà ngập tràn sốt phô mai lun. Gà phô mai lớp sốt béo ngậy các loại còn lại thì bình thường do ăn nhiều rồi nên thấy ngán. Đông nên thỉnh thoảng nhân viên vẫn chưa dọn kịp bàn. Không gian cũng rộng rãi ko mát lắm và tất nhiên nhiều người đi qua đi lại và khá ồnXem thêm,107
1211,Trâm Lê,4/9/2016 0:08,6.6,Gia đình hay đi siêu thị và mẹ là fan của gà sốt đậu nên mình cũng hay ghé đây ăn. Nhân viên bình thường cũng chập chờn lắm lúc thì thân thiện lúc thì như đi xin vậy nhất là khi lấy mã galaxy. Gà ở đây thì ngon hơn và được chiên dầu mới hơn ở coopmart có lẽ do lượng khách ở đây đôngXem thêm,107
1212,Na Ng,26/12/2015 1:22,7.8,"Lotteria đang có khuyến mãi burger teri chỉ còn 13k/1 cái nên dạo này mình ăn suốt thôi. Noel chẳng biết đi đâu lại kéo nhau vào lotte mart chơi rồi ăn uống trong này luôn. Sau burger thì thấy cá viên ngon hơn gà rán nữa, cá ko tanh ăn rất thơm. Noel nên đông khỏi chê, đợi mãi mới có phần ăn. Nhưng ăn ngon là vui rùi. 

Thấy review cách phục vụ nhân viên ko tốt nên lúc vào mình cũng hơi ngại nhưng có vẻ nhân viên đã thay đổi nhiều đã vui vẻ và niềm nở hơn, thấy cũng ok rồi.Xem thêm",107
1213,eatwtea 💋,5/12/2015 14:22,6.4,"Chán cái lotteria này là lên giá nhanh vù vù luôn mà ít khi có khuyến mãi. Mà hình như nhân viên ở chi nhánh nào cũng có thái độ như nhau là xem thường khách hàng. Trước hay ăn lotteria LHP nhưng vì ko thích nhân viên nên cũng chịu chạy xa vừa dạo siu thị cho mát vừa ăn luôn. Cơm trên 50k/1 phần ăn chẳng no, gà làm ko thấm vị. Nói chung ko ngon như trước. Soup lỏng lẻo có khi quên nêm gia vị nên nhạt nhách. Nói chung là chán ý.Xem thêm",107
1214,Khờ Thảo,26/10/2023 13:10,5.0,địa điêm quân đẹp thoáng mat sạch sẽ  điểm đên tuyệt vơi cho du khách nghỉ ngơi ăn uốngXem thêm,107
1215,Thảo Phạm,26/11/2022 10:40,5.2,Cho xin địa chỉ tại vũng tàuXem thêm,108
1216,shushi1992,15/7/2019 19:25,3.2,"Order 1 phần gà cay phô mai, dặn quán là ít cay mà về ăn muốn xuất huyết dạ dày luôn, tiếc của nên phải đem đi rửa nước canh cho bớt cay.
Ai order phần này thì nên cân nhắc chứ cay xé họng vậy ăn cũng ko thấy ngon lành gì.
Món cơm nắm ngon dẻo rất okXem thêm",108
1217,Thiên Văn,15/6/2019 20:49,1.8,"Mình có hay ăn gà Papas Chicken ở Sài Gòn và Biên Hòa, chưa bao giờ gặp trường hợp như thế này, gọi 2 phần gà rán hành baro với gà sốt tương, háo hức chờ đến lúc đồ ăn ra thì quá thất vọng, nhìn gà nó tởm đến mức không dám ăn, đến lúc ăn mong là vị ngon cuối cùng thì vị quá mặn cho cả 2 món gà, món gà sốt tương thì vị tởm tởm như xài nước tương rẻ tiền, chả bằng được bên Lotteria. Cùng thương hiệu nhưng chất lượng quá tệ cho Papas Chicken Vũng Tàu.Xem thêm",108
1218,Dương,31/1/2019 20:32,4.8,Góp ý nên thêm muỗng hoặc nĩa hoặc đũa vào suất mang đi.Xem thêm,108
1219,Trung Đặng,5/9/2018 12:00,9.4,"Không gian thoáng mát, siêu kute rất nhiều màu sắc. Trên không gian khá đẹp mình rất thích. Món ăn ngon, nhân viên phục vụ rất dễ thương và nhiệt tình tư vấn. Mình rất thích nhiều món ở đây như Cơm trộn, gà cay phô mai.... và mình đang chờ đợi món Gà xào miến hải sản pizza sắp trình làng trong menu mới nhìn hấp dẫn lắm...còn món nước được decor rất đẹp mắt...  Chắc chắn mình sẽ quay lại quán nhiều lần. Cảm ơn Papas'chickenXem thêm",108
1220,nhu,17/7/2018 13:28,7.2,"Mình đi cũng lâu r quên review đồ ăn ở đay thi minh thic  mon gà cay phủ phomai ý an ngon no nữa rieng mì ý thi hơi it an k đủ giá cung hơi mắc so với chất lượng 
quán dễ tìm gọi món hơi lâu nên minh chỉ chụp dc mì còn gà quên mất vì đói 😭
Không gian mát nhưng mình thích riêng tư hơn là ngồi nhiều bàn sát nhau quá k tự nhiên đi nhóm thì okXem thêm",108
1221,Ng T Linh,19/6/2018 22:36,7.8,"Vị trí: nằm ngay đầu đường đoạn giao giữa Ba Cu với Lê Lai, dễ thấy lắm mấy bạn à.

Không gian: rộng rãi, thoáng, nhiều bàn, trang trí ấm cúng.

Nhân viên: niềm nở, lịch sự, cả bảo vệ giữ xe và phục vụ luôn ý.

Đồ ăn: tùy hôm ngon hay dở. Mình ăn ở đây 3 lần rồi thì có 2 lần ngon và 1 lần dở, dù là gọi cùng 1 món. Hôm nay mình có gọi 1/2 gà rán mật ong, tobokki hải sản, mì Ý thịt nguội sốt kem, súp rong biển và nước uống. Thức ăn giá tầm 150k, còn nước uống 20k. Nhìn mặt bằng chung thì giá vậy là vừa. Gà rán mật ong ngon, có tobokki chiên ăn kèm vui miệng. Tobokki cay kia thì hơi thất vọng 1 tí, vì ít tok, lèo tèo vài miếng mực, còn lại là rau củ nhiều, tuy nhiên sốt ăn được thơm mùi bơ. Mì Ý thịt nguội sốt kem ăn cũng được, mì khá là nhiều, sốt ngon nhưng để nguội sẽ mau ngán lắm. Còn canh rong biển, vẫn là thất vọng, tên là rong biển thịt bò mà thịt bò chẳng thấy đâu nhiều, thịt đã băm ra rất nhỏ nhiều mà lại còn cho rất ít, không đáng tiền lắm. Nước uống thì bình thường.

Tổng thiệt hại: tầm 700k cho 4 người ăn no bụng.Xem thêm",108
1222,Kaitlyn Luu,1/6/2018 15:41,6.4,"Chất lượng như trên Sài Gòn thui nè hì hì. À tụi mình gọi gà không xương mật ong và gà không xương nước tương. Để phô mai của tụi mình vô nên mới như vậy chứ món gốc là không có phô mai nha. Mỗi phần vậy là half, giá 130k. Khá ổn. 2 phần như vậy thêm cơm là ổn rồi. Nhưng mà mình tới nơi mua cảm thấy nhân viên không thân thiện lắm, đồ ăn ra lâu như mọi khi, và vì hết giờ phục vụ nên mọi người đi về, tụi mình phải mua mang về luôn, giá mà không nghỉ trưa thì tốt vì đó giờ ăn Papa chỉ ăn tại quán chứ không thích mua về.Xem thêm",108
1223,Mỹ An,26/5/2018 11:48,8.8,"Mình cực kì cuồng gà nên hầu hết các quán gà nào có mặt ở VT mình đều đã thử qua và Papas cũng ko ngoại lệ. Đợt đó mình đi 4 người, chi phí mỗi đứa là tầm 80K, khá no và chất lượng thì khỏi bàn luôn. Giá cả ở Papas nếu như đi ăn với cả 1 hội đông đúc thì tính ra cũng ko quá mắc. Mình hơi hảo ngọt nên cực thích gà rút xương tẩm mật ong ở đây, thịt mềm mà vẫn giữ được độ dai. Gà cay phô mai thì nhiều phô mai cực luôn, nhưng mà vì ăn ko kịp nên lúc sau phô mai đông lại 1 ít, ko còn ngon như ban đầu T.T cơ mà chung quy thì vẫn rất đáng tiền. Salad ăn kèm có vẻ hơi ít, mình phải gọi thêm đĩa nữa cơ, mà mấy anh chị nhân viên cũng khá thân thiện đóa :vXem thêm",108
1224,phu,15/4/2018 17:39,1.0,"Đến quán mua về, hẹn 20 phút sẽ có nhưng đợi đến 40 phút mà chưa có, gọi điện đến thì nói là đang giao, khoảng cách từ nhà đến quán chỉ khoảng 5 phút đi bộ, thật thất vọng, và sẽ không có lần sauXem thêm",108
1225,Phạm Tuyền,23/6/2024 19:01,3.4,"Nước lẩu ko ngon, đồ ăn ko đa dạng, rất ít món, giá cả quá cao so với chất lượng. Chỉ đc nhân viên phục vụ ok thôi!Xem thêm",109
1226,Giang,14/6/2020 12:53,1.2,"Quá dở, chả có gì chỉ toàn mì tôm, rau , vài loại thịt tim,gan, mực ống héo hắt chạy qua. Ko nước uống, tráng miệng như Fuji hay Chichi. Vào 1 lần ko có lần quay trở lại.Xem thêm",109
1227,Bi,19/10/2019 16:54,4.0,Nay mình đi ăn tầm 12h30 trưa nhưng quá thất vọng vì quầy line chạy đồ ăn lèo tèo vài món chạy đi chạy lại. Bỏ tiền ra nhưng nhận lại chất lượng không xứng🤦🏻‍♀️🤷🏻‍♀️Xem thêm,109
1228,hoanganh1517,18/10/2019 7:58,5.0,Ngày hôm qua mình có đến ăn cùng bạn bè đồ ăn ngon và nhân viên thi phục vụ vui vẻ nhiệt tình.Xem thêm,109
1229,Thanh Huyền Phạm,22/8/2019 21:57,2.6,"Đi ăn đúng ngày tiệm ktra vệ sinh gì đó!?! Mình đến là đã gần 7h rồi, ngồi đợi rất lâu mới lên nước lẩu. Đồ ăn thì lên nhỏ giọt, chủ yếu là rau và một số món rẻ tiền. Thịt phải xin mới mang ra. Nói chung phục vụ rất tệ, không đáng với số tiền mình bỏ ra.Xem thêm",109
1230,Thanh Bui,22/8/2019 20:07,2.8,"Mình đi không biết ngay hôm kiểm tra cái gì đó, mà ngay cả khi kiểm tra xong, nấm không tiếp tục xếp lên, thịt thì ai gọi mới mang ra được một dĩa, nói thật là trả tiền mà như đi xin từng miếng ăn vậy.Xem thêm",109
1231,Khánh Gia,24/2/2019 15:30,10,"Nước lẩu ngon, nước lẩu nấm dịu nhẹ còn tom yum thì chua chua cay cay mà cũng ko cay lắm đâu nên những người ko ăn cay cũng có thể dùng đc, highly recommend luôn. Service khỏi phải nói, 10 điểm cho các bạn nhân viên nhiệt tình chu đáo :D chắc chắn sẽ quay lại hêh.Xem thêm",109
1232,Trương Kiều Phương,30/1/2019 19:44,8.0,"Mình đi 2 người đến ăn. Mọi thứ khá ok nhưng một lát thì k lên đồ ăn line nữa, nhưng nv vẫn chu đáo ra hỏi mình cần gì để đem riêng lên.
Đồ ăn khá tươi, nước lẩu tomyum ngon. Thịt bò ba chỉ ăn mềm như tan trong miệng, nhưng thịt vai ăn rất hôi và dai, cứng. 
Tôm ăn cũng tươi đôi khi xen kẽ vài con hơi k ổn lắm, mực ngon.
Thiếu loại bún của nhật với há cảo.
Không có line đồ ăn như ở Sài Gòn
Không gian khá nhỏ gọn nhưng cũng sạch sẽ.
Đặc biệt là nhân viên cực kì cực kì nhiệt tình.Xem thêm",109
1233,Khôi,7/1/2019 22:11,10,"Mình đã đi rất nhiều Kichi trong sài gòn nhưng có thể nói Kichi cơ sở này cho mình trải nghiệm tuyệt vời nhất. Đồ ăn tươi, phục vụ nhiệt tình, nhân viên luôn hỏi châm nước lẩu không cần mình gọi, đến cả nhạc chơi cũng hay. Nói chung the bestXem thêm",109
1234,Thảo Thảo,15/12/2018 13:47,10,"Tuyệt vời ông mặt trời!!!!!! ☀️☀️Ăn ui lại thèm tiếp 😆😆🤤🤤 
👩🏻‍🍳Nhân viên chuyên nghiệp  vui vẻ nhiệt tình!Xem thêm",109
1235,Meo Cú,27/6/2020 8:53,5.6,"• Nằm trên mặt tiền đường NTT, không khó tìm đối với khách du lịch

• Không gian rộng, khu ngoài trời được trang trí màu sắc, đẹp mắt. Phòng máy lạnh thì hơi tù túng.

• Menu đa dạng, giá cả không quá đắt so với mặt bằng chung. Mình gọi thịt cừu sốt tiêu nhưng lại mang sốt nấm ra cho mình. Khoai chiên và cơm gà ổn.

• Nhân viên lịch sự nhưng thiếu chuyên nghiệp và thiếu sự niềm nở. Dù sao cũng làm trong quán đồ âu thì ít nhất khách đi ra cũng nên ngẩng mặt khỏi điện thoại và cảm ơn hay chào một tiếng. 

• Không quay lại.Xem thêm",110
1236,hoang dung,16/3/2020 14:31,10,Món bò steak quá ngon. Nhân viên dễ thương.Xem thêm,110
1237,Khoi Phan,24/10/2019 10:51,8.0,"Nói chung ok ,với tầm giá này chấp nhận được ,trình bày món ăn đẹp , gia vị vừa ăn , không gian nhỏ nhưng ấm cúng ,cuối tuần hơi nhộn nhịpXem thêm",110
1238,Vo Phuong Anh,13/7/2019 17:56,9.4,"Quán dễ tìm, chủ quán dễ thương, giá cả bình dân. Mình thường ăn bò sốt phô mai với bò sốt dâu tằm, trang trí món ăn đẹp. Không gian quán đẹp, thoáng mátXem thêm",110
1239,QL,23/1/2019 2:18,6.8,"🍒Về vt cả nhà muốn đổi vị nên ghé đây ăn
Phần steak là 68k kèm bánh mì. Có ít khoai và salad. Nhìn chung thì định lượng cũng vừa so với giá
Phần mì ý thì em mình chê hơi lạt
Phần salad nhiều và tươi
🍒Nhân viên bình thường ko được nhiệt tình lắmXem thêm",110
1240,Tân Lê,12/1/2019 11:02,1.0,"Trước giờ nghe nói VT làm dịch vụ ko tốt. Y như rằng gặp phải quán này. Gia đình mình mới đến quán hồi đầu năm 2019. Tp biển nên hải sản ăn ngán m tìm trên foody thấy quán có decor đẹp lại bán beefsteak đổi vị cho nhà. Khi đến thì trước quán cảnh tượng hỗn loạn vì gần đó có quán bánh khọt cực kỳ đông khách du lịch, xe + người vô ra nườm nượp. Để xe thì tự coi @@ 
Bên trong là homestay thiết kế tầng dưới thành nhà hàng. Điểm trừ bự chình ình là có sự phân biệt giữa khách Tây và VN. M đánh giá kém luôn từ khâu này. Chỉ có Tây mới có tiền vô ăn và được phục vụ nhanh nhẹn tận tình chu đáo ?? khách việt như gia đình mình ko có tiền ăn nên được đối xử ngược lại. Xin lỗi bạn phục vụ quá kém làm ảnh hưởng đến kinh doanh quán. Never quay lại vì VT có nhiều sự lựa chọn hơn.Xem thêm",110
1241,Quan Duong,2/1/2019 21:15,1.0,"Không hài lòng thái độ nhân viên , chẳng là trưa nay có đi 5 người đến quán ăn , tụi mình từ sài gòn đến bằng ô tô , thì vào quán gặp nhân viên nói thẳng cho câu "" mấy a ko đc đậu xe ở đây đậu chỗ khác đi "" ok vậy mình hỏi đậu ở đâu đc e thì e nói "" a muốn đậu ở đâu tuỳ nhưng ko đc đậu ở đây "" rồi cũng chả hướng dẫn khách chỗ đậu xe ở đâu mặc cả đám nhìn nhau , quá chán nên lên xe đi chỗ khác , thật sự là lúc đầu nhìn quán trang trí rất dễ thương và dự định vào ăn rồi viết review luôn mà chưa kịp ăn đã "" no"" . 
Chốt lại là nếu các bạn muốn đến quán ăn thì nên đi xe máy hoặc taxi chứ không lại bực tức giống mình .Xem thêm",110
1242,Đào Lý,31/12/2018 12:11,5.6,"Gọi steak phô mai, mì ý đút lò và salad sốt dâu. Steak sốt phô mai ngon, bò mềm, salad sốt dâu tằm thì có giấm chua hơn k nghe dc vị dâu riêng món đút lò ngon.
Tổng quan món ăn với mức giá này ổn 7 điểm.
Không biết bà chủ có thù không nhìn trẻ đẹp, nếu không thích cười không sau thấy đưa menu cho khách mà thảy thảy như muốn đập vô mặt. Cảm nhận không tôn trọng khách hàng ngta đi mua chứ k phải đi xin mong bà chủ thay đổi thái độ và trân trọng khách hàng hơn.
Tổng quan phục vụ với mức giá này là kém 4 điểm.Xem thêm",110
1243,Luân 17,29/11/2018 15:31,10,"Bò ở đây rất ngon, mềm mại, nước sốt đậm đà, không gian đẹp, mát mẻ, rất thích hợp cho các bạn thích sống ảo kkkXem thêm",110
1244,Quỳnh Như,18/10/2018 13:18,7.8,👍👍👍👍👍Xem thêm,110
1245,Tuấn Minh,11/6/2022 13:51,2.2,"Đến quán ngày 11/6/2022: quán lúc đó không hề đông nhưng phục vụ rất là tệ.
Gọi thức ăn thì phải ngồi chờ gần 1 tiếng mới có
Chất lượng nấu ăn chỉ ở mức trung bình... Đặc biết có món lẩu cá đuối rất dở
Nhân viên phục vụ chậm chạp, khi cần yêu câu cái gì cũng phải nói 2-3 lần, mà nhất là thái độ khó chịu
Kết quả: được một bữa tệ hại và chuốc lại quá nhiều bực bội, thề không bao giờ trở lại
 Cảnh báo để mọi người tránh xaXem thêm",111
1246,Thanh  Hưng,5/2/2020 22:18,8.0,"Gia đình mình ghé nhà hàng ngày 01/02/2020
View đẹp, thoáng mát, thức ăn cũng khá Ngon, có bãi đậu xe ô tô, nhà hàng cách resort Marina bay khoản 1km
Thực đơn phong phú, hải sản tươi sống, Gọi 3 món thiệt hại 450k,giá khá ổn từ 150k/mónXem thêm",111
1247,Oliver Phan,10/7/2019 20:23,8.0,"Mình thấy thời tiết ở đó vào buổi tối khá là mát mẻ và rất dễ chịu, không gian thì thoáng mát và sạch sẽ.Về phần đồ ăn thì cũng ngon.Nói tóm lại 4,5SaoXem thêm",111
1248,Hien Pham,17/6/2019 23:18,6.4,"- Không gian: Rộng rãi, thoáng đãng, phù hợp cho tiệc đông người. View biển, vừa ngồi ăn vừa ngắm biển, vừa nghe tiếng sóng biển rì rào. Tuy nhiên, do là nhà hàng hải sản nên mùi tanh của hải sản rất nồng.
- Chất lượng: Do mình không có ăn các món hải sản nên không biết, các món còn lại của nhà hàng ăn bình thường, có vài món ăn cảm giác không được tươi.
- Phục vụ: Nhân viên phục vụ chưa tốt, lên món xong là mất tiêu luôn. Đôi lúc muốn nhờ nhân viên lấy giúp đồ nhưng không thấy ai cả.Xem thêm",111
1249,Phạm Thị Thanh Quyên,26/4/2017 11:27,7.8,"Tuần trước có đi Vũng tàu, cũng có nghe  nói đến nhà hàng này nhiều nên đã cùng đồng bọn ghé vào đây ăn cho biết. 
Không gian quán rộng lớn, view biển, đẹp.
Menu hải sản phong phú, tươi, chế biến đậm đà, ngon miệng.
Nhân viên phục vụ nhanh nhẹn, tư vấn nhiệt tình, ra món cũng nhanh
Lần sau có dịp ra Vũng Tàu chơi sẽ ghé lại đây để ăn hải sản tiếp, bị kết nó rồi ^^Xem thêm",111
1250,Dieu Linh,25/2/2017 22:13,3.2,"Mình là người VT, đã ăn ở đây lần này là lần thứ 4, cũng giới thiệu cho nhiều bạn bè đến đây. Tuy nhiên chưa bao giờ mình thấy thất vọng với chỗ này như vậy. Gia đình bạn mình trên SG xuống và phải chạy từ bãi sau đến tận đây để ăn vì mình quảng cáo giá ổn, ngồi đẹp, ăn uống ok. 
Tuy nhiên khi đến mình rất xấu hổ với gia đình bạn ấy.
Tự dọn bàn, tự lấy menu, tự đến nơi order, nói chung là tự làm hết. 
Gọi 1 hồi nhân viên kêu xin lỗi bên em hết sò, nghêu, hào nướng. Cuối cùng gọi lại 5 món: mực hấp gừng, lẩu hải sản, cháo hào, tôm nướng, ghẹ hấp.
Món 1: chắc được khoảng 2 con cắt nhỏ, còn lại toàn hành tây.
Món 2: được khoảng 5 con tôm nhỏ, vài miếng mực mỏng. Nước toàn mùi bột nêm, k có vị gì. 
Món 3: cháo trước đây còn được cho vào nồi lẩu, nấu trên bếp cồn rất ngon còn giờ cho vào cái tô nhỏ xíu, toàn nước, hào sữa chắc được lèo tèo vài con. 
Món 4: ổn nhất trong các món, tại mình gọi theo ký.
Món 5: gọi 1 ký mà chỉ đc tầm 3 con loại 4 con/ ký thôi. 
Giá: 1.573.000 vnđ
Tóm lại là cực kì tệ, không bao giờ quay lại.
Hi vọng nhà hàng sẽ thay đổi lại cách làm việc của mình.Xem thêm",111
1251,Ku Ain,9/11/2016 0:16,8.0,"Bữa mình về vũng tàu, muốn đi ăn hải sản mà đến gành hào hết chỗ nên được bạn gthiệu wa quán này ăn, đồ ăn ở đây cũng chất lượng lắm, hình như đang có chương trình gọi 2 món tặng một  món nữa, nên mình rất thích, giá cả có rẻ hơn gh một chút, không gian thoáng sạch sẽ,,,😉Xem thêm",111
1252,Hà Leng,14/8/2016 12:50,7.4,"Quán có không gian rộng rãi thoáng mát, có chỗ đậu xe hơi.
Giá cả thức ăn cũng k rẻ, k quá mắc và có thể chấp nhận được. 
Nhà mình 4 ng và 1 trẻ em gọi cũng kha khá món và tổng bill là hơn 1tr5. Hình mình chụp chỉ được 1 vài món thôi do mải ăn 😄😄😄 

Tuy nhiên, điểm trừ của quán cũng như đa số các nhà hàng khác ở VT là việc phục vụ của nv còn kém. Gọi món lên bị lâu, quên món. Nhân viên bị lơ ngơ nữa.
Hàu phô mai ở đây ngon, phô mai thơm như phô mai sử dụng cho pizza.
Nhưng lẩu thái hải sản thì nước lẩu quá ngọt, đĩa hải sản ăn kèm gồm tôm, nghêu, tim heo (???) khá nhiều tôm nhưng là đồ đông lạnh nên ăn bị bở.Xem thêm",111
1253,Fy Dood,27/7/2016 2:02,7.8,"Hải sản ở quán này thì tươi khỏi chê ko kém Thành Phát nha. Tuy quán mới mở nhưng lại có lượng khách rất đông kể cả dân địa phương cho đến khách du lịch cũng ghé ăn rất nhiều. View của quán cũng ko thua Gành Hào hay Quán Tre nổi tiếng, quán sở hữu mặt bằng siêu rộng và dài, view chụp hình thì bao la luôn. Sát biển nên lúc nào cũng lộng gió và mát mẻ. Đến đây chỉ nên ăn hải sản. Mình được ăn món ghẹ rang muối ở đây, nghe thì bình thường nhưng do thịt ghẹ rất tươi lại kết hợp với công thức rang muối đặc biệt nên tạo thành món rất độc, ko lẫn hương vị với các quán khác. Ngoài ra có món lẩu cá cũng rất đậm đà. Nói chung quán này nếu cứ duy trì được chất lượng như thế này thì sẽ thu hút được lượng khách đông hơn nữa.Xem thêm",111
1254,Đản Littlest,21/7/2016 13:24,7.2,"Đã đến quán này được 2 lần.

Vị trí gần bờ biển và vào buổi tối nên rất thoải mái. Đồ ăn cũng vừa miệng và tươi. Mình thich nhất là hào nướng phô mai và các món hải sản.Xem thêm",111
1255,Huỳnh Huyền,24/2/2019 3:49,3.2,"Phải nói là Nhân viên ở đây QUÁ TỆ.
Từ  khi bước vào quán thái độ nhân viên đã k tốt. Coi thường khách. Ngồi đợi order quá lâu. Đồ ăn không ngon như quảng cáo. Gọi tính tiền nhân viên ậm ự rồi quên luôn ( khách lúc này thưa rồi). Vô tận quầy thì ní nạnh nhau, tính tiền mà như năn nỉ hỡi ôi thiếu điều muốn bỏ về cho rồi.
Tóm lại, lần đầu cũng như lần cuối!Xem thêm",112
1256,Huynh Nguyen,27/12/2018 20:53,1.0,Cách phụ vụ của quán và nv cực kì tệXem thêm,112
1257,Dương Nguyễn,27/12/2018 20:49,1.0,"Nhân viên, cách phục vụ quá tệ. Xem thường khách hàng. Worst 👎🏻Xem thêm",112
1258,Khánh Hoàng,3/12/2018 19:42,3.0,"Nhân viên phục vụ món quá tệ, món ăn thì ko hề tươi, sò huyết vài con bị thốiXem thêm",112
1259,My Lê,13/10/2018 20:44,5.0,Vô 30p mới đc phục vụ cả tiếng mới đc lên món? Lại con lên thiếu món thái độ pvu quá tệ ngon nhưng chia tay sớm thôi ạ 🤣 biết đông nhưng pvu tệ quá ngta tới sau lên đủ món nhìn mặt mà pvu sao ???Xem thêm,112
1260,foodee_2c60ee85,6/10/2018 22:44,1.0,"Chính xác thái độ phục vụ quá kém. Mình di 2 người, gọi 2 lon bia là cái mặt nó ko muốn tiếp rồi. Mình hỏi món đặc biệt nhất ở đây là gì, nó nói kiểu ko muốn trả lời mình nghe ko rõ hỏi lại cái mặt nó bơ ko thèm trả lời mình nữa. Bàn vô sau mình gọi bia nhậu thì đồ ăn nó mang lên trước, mình buổi sau mới mang lên, món càng cúm khỉ khô gì đó thì ko tươi, bồ câu rô ti thì ăn tạm, cháo hàu cực dở. Lúc tính tiền mình gọi nó xong đợi cả buổi ko thấy nó tính, 1 buổi sau nó đi qua đi lại mình kêu 3 lần nó đều ko trả lời. Mình thề ko bao giờ ghé quán đó lần thứ 2.Xem thêm",112
1261,Le Hoang,11/8/2018 6:56,1.0,"Bọn mình tới trước bàn bên cạnh 20p, nhưng chắc do mình uống nước suối nên đến khi tính tiền vẫn chưa mang lên đủ món. Còn bàn bên cạnh vì đông và uống bia nên đồ ăn ngập mặt, vừa ngồi một lúc đã lên đủ món.Xem thêm",112
1262,Cẩm Nhi,9/8/2018 10:50,1.0,"Ngày 08/08 đi ăn và cảm thấy thật tệ hại
Gọi 3 dĩa ốc len xào dừa, 2 dĩa ốc móng tay và sò điệp cùng 2 tô cháo hàu
Ốc len giá 75k mà 1 dĩa có 12 con nhỏ xíu đã v có mấy com rỗng ruột
Ốc móng tay cũng đắt so với số lượng
Sò điệp thì có 6 con 75k, cách nướng dở tệ
Cháo hàu bở như là làm sẵn bỏ tủ lạnh đợi khách lấy ra mới hâm lại, cháo loãng đầy sạn
Còn bia thì UỐNG 3 LON TÍNH TIỀN 12 LON?!!? Ủa làm ăn gì kì cục vậy? Tính sai khách nhờ tính lại thì cau có!
Nhân viên thì như côn đồ, mặt hầm hầm khó chịu!
Tuyệt đối không bao h lại ghé ăn, khách du lịch đừng bao h tới đây, vừa ĐẮT vừa DỞ!!Xem thêm",112
1263,Lữ Nguyễn,14/7/2018 22:39,3.4,"Thái độ phục vụ kém. Mình gọi hào nướng phô mai nhưng khi ra là hào nướng mỡ hành. Mình đã không nói rồi. Đến khi đưa lên miệng định ăn thì mùi hào chết xộc lên mũi. Thúi kinh hoàng, mình đề nghị đổi thì bảo đó là bình thường, đem vô rồi lại đem ra.
Món mực trứng hấp gừng của mình thành ra món mực ống luộc nấm. Mực tanh. Không ăn nỗi.Xem thêm",112
1264,Selene Do,21/5/2018 14:55,6.6,"Nhóm mình đi 4 người đến quán vào buổi tối tầm 7h. Quán khá là đông, bọn mình gọi khá nhiều món. Cảm nhận chung là nêm nếm đậm đà, hải sản tươi giá cả cũng tương đối giống ở SG nhưng chất lượng ok hơn một tí. Cuối bủi share ra tầm 200k/người mà ăn no nê ko đi nổi luôn. Phục vụ ko đc chu đáo lắm do quán quá đông. Món ăn lên cũng nhanh không phải đợi lâu. Nếu ra Vũng Tàu mình sẽ ghé quán này để ăn ốc. Menu đa dạng nhiều món.Xem thêm",112
1265,Huyen Nami,28/9/2020 19:59,1.0,"Rất tệ
Nước vừa mắc vừa dở  Còn tính thêm phí phục vụ 20% mới nực cười chứ Đi ban ngày, quán vắng tanh, nhạc cũng không có luôn, hay không có gì để tính cái tiền 20% phí vô như vậy hết. Phục vụ thì ngồi tụm năm tụm ba, bưng nước ra đặt xuống bàn không nói năng gì xong quay đít đi, không ai biết món gì ra món gì phải tự đoán. Gọi trà thảo mộc gì đó bưng ra 1 ly nước trong vắt sặc mùi tinh dầu, nha đam thì đắng như kiểu dùng nha đam tươi cắt vô vậy  Từ đầu đến cuối thiệt sự không đáng 1 xu  Hết lời  Lần đầu tiên trong cuộc đời phải đi phốt quán ăn và đánh giá 0sao như cái quán này!Xem thêm",113
1266,Hằng Nguyễn,30/11/2019 17:52,10,"🌟 Đến Vũng Tàu,  Ú hay ghé quán cafe La Vie En Rose ở trên đường Hạ Long. 

🌟 Ở đây có không gian đẹp,  nhiều khu trang trí khác nhau,  có phòng máy lạnh,  hoặc ngồi ngoài hướng ra ngắm biển. 

🌟 Menu các món nước tầm 4x - 8x.  Cách pha chế nước ở đây cũng vừa miệng lắm. Ngoài ra,  ở quán cũng có rất nhiều món ăn cho bạn lựa chọn như bánh mì ốp la, mì ý,  bánh mì bò kho...Nhân viên nhanh nhẹn phục vụ nhiệt tình. 

🌟 Cuối tuần, hằng đêm,  còn có nhạc live nên chỗ này cũng nhiều khách ghé đến lắm. Bởi nó hội tụ nhiều ưu điểm nổi bật như Ú kể ở trên.Xem thêm",113
1267,Thủy Nguyệt Hồ,12/10/2019 16:02,4.4,"Tối t6, t7, chủ nhật có nhạc sống hát khá hay. Nước uống giá khá cao nhưng chủ yếu đến nghe nhạc nên không quan tâm lắm. Trước hát ở trên lầu chỗ ngồi thoải mái nhưng giờ chuyển xuống lầu dưới sát đường, chiếm diện tích vỉa hè, chỗ ngồi không thoải mái. Không hài lòng nhưng thik nghe nhạc nên thỉnh thoảng vẫn ghé.Xem thêm",113
1268,Ly Ly,10/7/2019 20:22,2.4,"Mình vào quán vì thấy ảnh trên mạng rất đẹp, nhưng khi vào rồi thì sốc nhẹ, nhìn có vẻ kh đc sang như trên hình. Nhìn vào menu thì sốc lần 2 rẻ nhất là 45k ly cà phê đá. Mình cg nghĩ chắc nước chất lượng lắm nên giá mới vậy. Nhưng khi nước uống ra thì ôi thôi mình và bạn xót tiền (smoothie 90k) nên cố gắng cg chỉ đc nửa ly. Ưu điểm duy nhất mình thấy đc ở quán là sd ống hút giấy hợp ý những bạn yêu môi trường.Xem thêm",113
1269,trungnam91,2/7/2019 14:58,1.0,"Mình tới quán lần đầu . Quán đẹp nhân viên phục vụ nhiệt tình . Chỉ có điều mình gọi 1 bánh pizza hải sản . Bánh thì mốc , olive thì để cho mặn chát chua lè . Mình với vợ mình ăn không nổi , ý kiến nhân viên thì ông quản lý ngồi bấm điện thoại tám dốc , nhân viên nói gi đó . Đúng ra là huỷ phần pizza . Mà giảm 10% . Quán ngộ ghê , mốc rõ ràng vậy thì huỷ rồi cho đổi món . Đằng này nó lam như ko có lỗi vậy . Trà nóng thì đắng nghét phải xin thêm nươc đường . Còn ông quản lý chủ nên xem xét lại ngồi tám dốc đt rồi hút thuốc phì phà . Ko biết sử lý công việc sao cho đẹp mặt khách . Ko bao giờ ghé tới nữaXem thêm",113
1270,jdnguyen07,5/4/2019 15:11,6.2,"Nay đi công tác ghé ngang quán,trở lại đây sau 1 năm 
thấy quán cũng vậy ko thay đổi nhiều,phía trên vẫn là spa.
Mình thích phong cách của quán với phong cảnh hữu tình,lãng mạn,nên thơ. 
Đặc biệt quán yên tĩnh và mát mẻ. 
Thích hợp bạn bè hợp mặt, tâm sự trò chuyện ,có không gian cho nhóm bạn tổ chức sinh nhật,hội nghị...
Hôm nay dẫn các anh bạn ghé quán sau 1 vòng thăm quan ngắm biển. 
Cảm thấy tâm hồn thanh thản,mọi thứ hỗn tạp nơi sài gòn tạm gác qua 1 bên để hít thở không khí trong lành và tạm quên đi lo lắng trong cuộc sống. 
Hãy đến và trải nghiệmXem thêm",113
1271,Pooh Luv Food,25/12/2018 11:14,7.2,"- Không gian: quá xinh, thiết kế quán lạ và đẹp, siêu nhiều hoa lá, địa điểm sống ảo của nhiều bạn
- Nước uống: bình thường, hơi ngọt với mình, giá cả ok
- Phục vụ: nhân viên cũng dễ thương
Điểm khiến mình thích ngoài decor của quán là đến nghe nhạc acoustic, chị ca sĩ hát toàn bài mình thích thui.Xem thêm",113
1272,Hân Dương,16/8/2018 14:22,9.0,"Có dịp đi Vũng Tàu du hí cùng đám bạn là đặt mục tiêu phải ghé cho được quán Cafe view siêu đỉnh này.
Quán nằm đối diện Lan Rừng Resort , là cafe kết hợp Spa.

Không gian : có khu sân vườn(spa) và phòng lạnh (nhà kính), ấn tượng đầu khi bước vào thiên đường toàn hoa với hoa, mùi tinh dầu xông lên mũi cực kỳ thư giãn , nhạc không lời du dương, tia nắng bên trên mái nhà kính chiếu xuống nhè nhẹ :)) yêu La vie en rose từ cái nhìn đầu tiên luôn rồi, đúng là view hợp với cái tên “cuộc đời màu hồng” 🌸

Phục vụ : cực kì chuyên nghiệp , đồng phục đẹp lạ mắt phù hợp concept của quán.

Giá cả : các món đa số từ 50k trở lên ,giá khá cao nhưng mà view đẹp thế này mình muôn phần chấp nhận :)))

Nếu có dịp quay lại , chắc chắn sẽ ghé thăm La vie en rose 👍🏻Xem thêm",113
1273,Hạnh Dung,21/6/2018 10:42,7.8,"Mình ghé tầm 9h tối quán vắng, chỉ có mình bàn mình nên cũng hơi ngại k dám chạy lung tung chụp hình. 
Thức uống giá hơi cao tầm 50-60k, cocktail thì tầm 90k. Mình gọi 1 sinh tố chuối và 1 trà thảo mộc La Vie En Rose, uống cũng ổn nè. Trà thảo mộc thêm xả, nha đam, hạt chia nên uống fresh lắm. 
View quán đẹp, ngồi ngoài ngắm biển đường phố đc,recommend nên đi vào buổi sáng hay chiều chiều. Mình đi tối quá k ngắm dc j nên chọn ngồi trg phòng máy lạnh ^^Xem thêm",113
1274,Edna Mode,25/3/2018 20:43,8.0,"Pass wifi: cuocdoimauhong
Quán nằm kế ks Lan Rừng, có kv phòng máy lạnh và khu ngoài trời với balcony dòm xuống đường, ko gian ok, giá nước cỡ 40.000 đổ lên
Hnay mình đến có chơi nhạc sốngXem thêm",113
1275,Phuc Hong,14/3/2023 22:35,1.2,"2 bọn mình là nữ, đến mua ốc lần đầu qua review, bạn nam nhân viên tư vấn, trẻ trẻ, NHIỀU LẦN đi ngang qua và cố tình chạm vào vòng 3 của cả 2 đứa và vờ như vô tình. Không chỉ 1 lần, tụi mình rất tức giận, khó chịu và cảm thấy xúc phạm vì điều đó nhưng không làm gì đc. Mong chủ quán thấy đc vấn đề này và xử lý những trường hợp tệ hại như vậy. Không hẹn quay lại.Xem thêm",114
1276,Nga Trần,29/1/2021 1:37,8.0,"Nhóm mình đi team building xong buổi tối cả nhóm kéo nhau ra đây ăn khuya. Bởi vì được cô em trong nhóm giới thiệu rằng quán này có ốc hương sốt trứng muối ngon lắm, ngon hơn các quán ở SG làm lun. Đây là những món nhóm mình ăn:
_Ốc hương trứng muối - best thiệt 😍 mà sốt làm hơi sệt và khô. Ko nhìu, ko mọng nước như ở SG nên cũng ko cần bánh mì để mà chấm sốt đâu 😂 Nhưng mà món này ngon thiệt nên kêu nha mn.
_Càng cúm rang muối ớt - con này như càng cua vậy á, thịt nhiều, chắc mà ăn ngồi gỡ hơi cực dù người ta đã đập vỡ vỏ rồi.
_Ốc móng tay đậu phộng mỡ hành - ko được nóng dù đã lên mấy đĩa khác nhau và ốc hơi bị dai. Đậu phộng và mỡ hành bao la.
_Mì xào ốc giác - mình ko thích loại mì này. Ko phải mì gói thông thường và sợi dẹt dài, ko dai.
Nhóm mình đi đông lắm chia ra khoảng 150k/ người.Xem thêm",114
1277,shushi1992,22/7/2019 21:04,10,"Recomend:
- Nghêu hấp thái
- Chân gà chiên nước mắm
- Càng cúm trứng muối.
Xuất sắc thiệt sự mấy bạn ơi, ăn từ lúc Ốc Nam Phương là cái quán bé xíu ngay Nguyễn Trường Tộ tới giờ qa đường Nam Kì rou khoảng chục năm mùi vị vẫn như một,  chất lượng, ngậy, béo, đậm vị 🤪🤪🤪
Tiền nào của đó bưng ra 1 đĩa đầy ụ chứ ko có lèo tèo vài cục như mấy quán khác đâu nèXem thêm",114
1278,Rosie Rosie,14/4/2019 22:30,7.6,"Đang loay hoay kiếm quán mới ở VT thì thấy mn review quán này oke lắm nên mình tới thử. 9h đêm đói bụng nên 3 đứa ra quất 1 bàn zầy đây. 

- Cúm núm trứng muối nghe đồn ngon nhất VT luôn. Công nhận ngon thiệt nhưng hơi ngọt 1 chút xíu nha, mùi trứng muối cũng ko đậm lắm đâu, tương ớt hơi nhiều nên ko giữ đúng màu vàng của trứng muối lắm. Nhưng túm lại vẫn ngon phết

- Ốc giác cà ri: bưng ra cái đĩa to hú hồn chim én luôn. Chấm với bánh mì ngon lành luôn 

- Cháo hải sản: cái vị cháo quán này nó lạ lùng ghê luôn, m ko biết diễn tả sao. Ngon thì có ngon mà mình ko quen cái vị cháo này lắm 

- 2 con ốc trong hình m quên tên luôn: 40k/con nướng mỡ hành ngon bá cháy 

- Đĩa xào me kia cũng ngon nốt, hình như ốc bươu hay sao đó. Tại đi về hơn 10 ngày rồi nên mình hông nhớ kĩ lắm hihi

Nhìn chung đồ ăn quán này làm khá oke, mỗi phần có giá từ 100k trở lên nhưng rất rất nhiều, gấp đôi mấy quán bình thường. 3 đứa con gái zô ăn có hết đâu, gói đem zề lun. Quán mở đến 1h sáng tha hồ lai rai nha.Xem thêm",114
1279,Nhật Vỹ,11/4/2019 22:39,9.2,"món ăn rất ngon và đậm đà, ngồi vỉa hè nên thoáng...đồ ăn làm hơi lâu nhưng xứng đáng chờ đợiXem thêm",114
1280,Kim Truong,17/2/2019 1:56,9.0,"Mỗi lần ghé Vũng Tàu là mình sẽ ăn ốc ở đây, ở đây làm món càng cúm trứng muối là ngon nhứt, mình đã ăn thử ở quán ốc Tự Nhiên nhưng ko ngon

Anh đầu bếp rất dễ thương, lúc mang ốc hương nướng mọi ra ảnh nhắc:” coi chừng nóng đó nha”, tính tiền còn cảm ơn cười tươi với khách nữa, chắc do bàn mình ngồi gần ảnh 

Hny do 2 nv nghỉ nên quán phục vụ hơi chậm 

Các bạn tới cứ gửi xe lên lề là ok, ko có bảo vệ trông xe

Quán mở cửa từ 5h chiều tới 2h sáng luôn nha, nếu xui xui đến quán mà lúc khách quá đông thì các bạn đi dạo 1 vòng 1-2h thì quay lại nhé, vì quán có 1 anh đâu bếp ah, hny mình cũng phải đi lần thứ 2 mới ăn dc 

Menu khá nhiều món, mình order 
▪️2 dĩa càng cúm, 
▪️1 hương nướng, 
▪️1 ốc tỏi cari chấm bánh mì (món này ngon lắm, mn nên thử) 
trung bình mỗi món hơn 100kXem thêm",114
1281,Ky Tran Tran,20/1/2019 23:03,8.2,"Lần nào cũng vậy vì cứ đến Vũng Tàu là mình nhất định phải ghé quán Nam Phương để ăn món “ruột” của mình là “Càng cúm sốt trứng muối” ngon thần thánh lắm luôn!!!
Mình đến tầm 9h tối nhưng quán nay chưa đông lắm nên tầm 10’ là có món này rồi, phải nói là màu sắc đặc trưng là màu cam cam từ sốt trứng muối lẫn vỏ ngoài của càng cúm rất bắt mắt, mùi thơm thì rất là ngào ngạt và vị nêm nếm khá là đậm đà, cứ mỗi lần ăn xong là mấy đầu ngón tay còn sót trứng muối (cái này mình thấy ai cũng làm vậy hay sao á nên thôi khỏi thấy mắc cỡ ^___^). Ngoài trời thì gió thổi hiu hiu, man mát nên quán này tôi tối bạn có thể vừa ăn mà lại tám chuyện cùng với bạn bè là không gì phải bàn cãi luôn nhé. Quán có món “Cơm chiên cá mặn” ăn rất ngon nên bạn thử luôn nhé, à lần trước mình có thử luôn món đinh thứ 2 là “Nghêu hấp Thái” rồi nên các bạn có ghé quán này thì thử luôn 3 món mình đã nói như trên hết nhé, mình nói thiệt là quán làm ngon lắm á!!! Cho nhiều nhiều “Like” luôn luôn 👍👍👍Xem thêm",114
1282,quang,18/1/2019 21:27,7.0,"Quán mở hơi trễ chút. Ngồi trên lề đường nên thoáng mát. Sợ mấy anh karaoke dạo thôi. Đồ ăn tương đối ngon, nêm nếm ổn. Có càng cúm là đặc sản ak. Phục vụ nhanh, thái độ chuẩn. Nên ghé khi muốn nhậu.Xem thêm",114
1283,QL,13/4/2018 3:16,7.6,"🍒Đây có thể gọi là quán ốc thanh xuân của mình ))))
Từ ngày biết ăn chơi thì chắc là 1 tuần 3-4 ngày có mặt quán này hâhha - 1 dân nghiện ốc cho hay )))
Quán làm mỗi món đều có 1 hương vị khác biệt ko lẫn vào đâu được
🍒Review càng cúm nhiều rồi nên ko viết nữa (món này mình highly recommend nha- càng cúm bơ cay, cúm trứng muối/phô mai)
Ốc luôn to nhìn đã con mắt
Ốc xào lăn cũng ngon ko kém, chấm bánh mì hết xảy nha.Xem thêm",114
1284,QL,4/2/2018 16:31,7.2,"🍒Ốc ở đây bán lúc nào 1 phần cũng nhiều gấp đôi gấp 3 quán khác nên đi ít nhất là 3-4 người thì mới thử được nhiều món. Chứ mà đi 2 ngừoi thì 2 món là đủ :)))
🍒Giá trung bình tầm 80-100k/phần
Có nghêu hấp thái, càng cúm muối, càng cúm phô mai rất là ngon nnaXem thêm",114
1285,Tank Nguyen,7/4/2019 21:34,7.4,"Biển đẹp, thường có gió rất mát. Giá khá rẻ: 35-45... Không gian xấu, tượng cặp đôi trên bờ đá ko hiểu ai nặn nữa?. Mái che quá thấp.Xem thêm",115
1286,Quynh Anh Tran,16/1/2019 16:51,10,"Lý tưởng cho gia đình, bạn bèXem thêm",115
1287,Thành Lợi,10/11/2018 9:14,8.0,Tôi rất thích ngồi uống coffe tại đây vì cảm thấy rất thỏai mái. Thích nhất là không gian kế biển tuyệt đẹpXem thêm,115
1288,foodee_7b250ce3,1/11/2018 9:43,9.8,"Bạn nào cuối tuần hay đi coffee với gia đình hay bạn bè thì 1 lời khuyên chân thành hãy đến coffee Rù rì nhé, không hề thất vọng 1 chút nào
Ngồi ở đây ngắm được cảnh biển cùng với các tàu chạy qua lại rất thích, trước mặt còn có 1 cái gò đá nhỏ có 2 bức tượng nam nữ nhìn rất nghệ thuật nữa.
Giá cả cũng rất bình dân và hài lòng đối với mìnhXem thêm",115
1289,Kim Chi Ngô,1/11/2018 9:26,10,"Có nhiều món hải sản chế biến thật công phu, chưa kể đồ tươi sống ăn vào như mấy con tôm mực đang múa dance vậy. View đẹp, đồ ăn ngon, không đến thương thức thì hơi phí cả tuổi thanh xuân đấy.Xem thêm",115
1290,Kim Chi Ngô,1/11/2018 9:20,10,"Nhiều món ăn ngon, hải sản tươi sống, vừa ăn vừa nhìn cảnh thật tuyệt vời nhất là khi đi hẹn hò kiểu như lãng mạn lắm luôn. Thích cực luôn á!!Xem thêm",115
1291,Tâm Lê,28/10/2018 10:31,10,"Tui tới đây cũng nhiều lần. Nhân viên chắc cũng quen mặt
Nói chung kết nhứt cái view. Món ăn cũng ngon mà nhân viên cũng khá nhiệt tình.
Ngồi đây ngắm biển và thưởng thức hải sản thì bá cháy.
Nên ghé nha !Xem thêm",115
1292,Vanessa July,28/10/2018 9:09,10,"Hôm nay nhà mình có ghé qua Hòn Rug Rì ăn tối. thấy quảng cáo đã lâu, nay mới so dịp ghé qua xem như thế nào. cảnh khá đẹp nha bà con cô bác ơi! siêu đẹp chứ ko phải đẹp nữa. mình có tham quan bè hải sản và lựa chọn đồ ăn. hải sản tươi nhé. vì mình tự bắt. nhà hàng chế biến. ngon lành cành đào. giá mềm. nói chung xuống vũng tàu mà ko ghé hơi uổng. nên thử nhé.Xem thêm",115
1293,Mamoruu,19/10/2018 14:47,9.8,"Bạn nào cuối tuần hay đi coffee với gia đình hay bạn bè thì 1 lời khuyên chân thành hãy đến coffee Rù rì nhé, không hề thất vọng 1 chút nào
Ngồi ở đây ngắm được cảnh biển cùng với các tàu chạy qua lại rất thích, trước mặt còn có 1 cái gò đá nhỏ có 2 bức tượng nam nữ nhìn rất nghệ thuật nữa.
Giá cả cũng rất bình dân và hài lòng đối với mình.Xem thêm",115
1294,Quynh Anh Tran,19/10/2018 14:39,10,"Đồ ăn ở đây rất ngon và phong cảnh rất đẹp nha các bạn, nên thử một lần cho biết nếu đến vũng tàuXem thêm",115
1295,Pooh Luv Food,26/2/2020 16:03,5.4,"Quán này theo style ăn vặt bình dân, mình thấy rất đông các bạn trẻ đến đây.
Không gian quán khá chật chội và bí, lúc đông khách còn ngộp hơn và rất ồn ào nên với mình đây không phải một địa điểm lý tưởng để tụ tập bạn bè. 
Chất lượng món ăn thuộc tầm trung, không hợp khẩu vị mình cho lắm. Chất lượng so với giá cả như vậy mình thấy cũng không bình dân lắm đâu.
Về thái độ phục vụ của nhân viên quán thì mình chưa có trải nghiệm không tốt, món ăn lên khá chậm thôi.Xem thêm",116
1296,Hoang Ngao Dao,26/12/2019 23:00,9.0,"Đồ ăn ngon, hợp túi tiền, nhân viên rất tốt có xin lỗi vì món ra trễ và rất dễ thương. Nhưng món canh kim chi mình không vừa ý lắm. Nhưng ksaoXem thêm",116
1297,Hoàng Vi,16/12/2019 23:49,8.6,"Thật tình dân Vũng Tàu, đặc biệt là các bạn teen rất rất hay lui tới quán này và mình cũng là 1 khách ruột của quán. Mình không tính review nhưng thấy các bạn đánh giá tệ quá trong khi mình thấy ""thiếu mợ chợ vẫn đông"". 
Về không gian: Mình rất thích thưởng thức món ăn ở những nơi có không gian đẹp. Nhưng với chất lượng món ăn và giá cả sinh viên thì mình không quan tâm đến không gian nữa @@
Về chất lượng: Vì mình là khách ruột nên 90% menu mình đều thử rồi. Món ăn ở quán nấu hợp khẩu vị mình kinh khủng. Mình khuyên các bạn cứ thử đến quán tránh những khung giờ cao điểm ra nha để tránh tình trạng chờ lâu. Chờ càng lâu ăn càng ngon, có lần mình và gia đình chờ đến tận 30 phút nhưng mọi người vẫn khá vui vẻ trò chuyện trong lúc món đang làm thôi. Các món mình đánh giá cực kì ngon có : gà cay sốt phô mai, cơm trộn, kimbap chiên, mandu, canh rong biển nấu tôm và canh chả cá gì đấy @@
Về phục vụ: Các bạn ơi, để mình kể cho nghe nè. Ngày xưa sinh viên mình từng đi bán cơm lương 12k/1h ấy, cực lắm luôn. Các bạn phải làm viekec trong môi trường nóng nực, mùi đồ ăn ám cả người, có khi bưng đồ ăn còn bị bỏng đấy. Thật ra mình cũng không khắt khe với nhân viên lắm, vì mình hiểu cho họ. Mình thấy khuôn mặt các bạn nhân lờ đờ do phải phụ bếp, bưng bê, làm đồ uống và còn bị khách trách móc đấy. Nên thôi mình tặc lưỡi nghĩ, đồ ăn ngon vậy đủ rồi, nhân viên cũng ko có thái độ gắt gỏng với lòi lõm như nhiều bạn đánh giá đâu. 
Cuối lời, mình xin gửi lời hỏi thăm đến bé mèo dễ thương cưng không chịu đc của shop ha. Vài ngày tới mình lại dẫn đám bạn thân đến quán thôi👍 Hi vọng thông qua những feedback không hay về thái độ phục vụ, quán có thể xem xét và sửa lại để nhiều khách đến cảm thấy họ vừa đc ăn ngon mà còn vui vẻ khi rời khỏi quán nữa nhé !Xem thêm",116
1298,Mai Vu,4/8/2019 12:25,2.6,"Thái độ nhân viên lồi lõm với châm ngôn "" Không cần khách"". Phải đợi rất lâu cả 40 phút, đối với những quán chuyên nghiệp thì trước khi vô người ta sẽ hỏi là anh chị có thể chờ lâu không. Quán này kh 1 lời nào khi khách chờ quá lâu và có ý định thanh toán ra về thì có 1 nữ nhân với thái độ thiếu tôn trọng, lồi lõm và bố đời ra tuyên bố "" Em không cần những khách vội vã như vậy, nếu em biết em đã nói không nhận khách từ đầu, chị đi về đi em kh tính tiền bàn chị"". Bọn mình đến đây để ăn chứ kh phải để xin, nếu làm dịch vụ với thái độ như thế thì kh thể chấp nhận được. Đến 1 lần và kh quay lại lần 2.Xem thêm",116
1299,Ngọc Hải Vũ,3/8/2019 21:32,1.0,"Quán phục vụ rất tệ, đồ ăn order 40 phút vẫn chưa có. Thái độ nhân viên thiếu tôn trọng, không cần khách. Mình đi ăn trả tiền chứ không phải đi ăn xin của quán. Không bao giờ có ý định quay lại lần 2.Xem thêm",116
1300,Vũ Phương Linh,3/8/2019 20:42,2.4,"Ai muốn rèn tính kiên trì và chịu đựng được thì nên tới và tiếp xúc với nhân viên quán một lần nhe.  Lần đầu tiên đi ăn mà như xin xỏ thế này. Đồ ăn thì bình thường, kh có gì quá đặc sắc )) Mà phần đặc sắc nhất là thái độ phục vụ của nhân viên ấy. Phải dùng 1 từ là thiếu tôn trọng ấy ạ. Quán thì đợi rõ lâu cả 40 phút :)) mà khi bị khách ý kiến và đòi tính tiền luôn thì được chị nhân viên ra ý kiến và càn quét luôn ấy ạ. Lên foody coi thì mới biết kh phải mỗi mình bị thế này :))Xem thêm",116
1301,Nhài Linh,3/8/2019 20:35,2.6,"Nhân viên quán có thái độ rất hỗn lão, thiếu tôn trọng khách hàng. Đồ ăn rất lâu mới ra. Chắc chắn không quay lại lần 2Xem thêm",116
1302,Quỳnh Hương Đỗ,30/7/2019 20:59,7.6,"Đồ ăn ngon,đa dạng
Giá hợp lí
Mỗi tội quán nóng+ lên món hơi lâuXem thêm",116
1303,Cong Tien Tran,28/2/2019 18:29,9.0,"Quán nhỏ, tọa lạc ngay trên đường Tú Xương. Không gian quán tuy nhỏ nhưng được bày trí khá bắt mắt, có đèn, có cây xanh, có hình vẽ trên tường. Đồ ăn ở đây nói ching đối với mình chỉ ở mức tạm ổn, không xuất sắc mấy. Cơm trộn khá ngon nhưng hơi nhạt, cải chần với dưa leo ăn còn hơi chát. Gà đút lò ăn khá ngon, nhưng khá cay và nhiều tỏi  so với mình. Bạn nào muốn ngon thì trộn gà với cơm, ăn ngon tuyệt luôn. Soup chả cả vừa ăn, nước dùng ngọt, có ớt, câu kỷ tử và hành lá. Chả cá nấu mềm nhưng ăn hơi bị bột. Tteokbokki phô mai nấu vừa miệng, cay vừa, đậm đà, có thêm phô mai nên khi trộn lên ăn vừa béo, hòa với nước sốt chua chua của me, ngọt ngọt vị chả cá. Chả cá trong món này ăn dai và thơm hơn trong soup, bánh gạo mềm, dai, dẻo và thơm.
Điểm trừ duy nhất của quán mình nghĩ là chưa có thùng rác, nên hơi khó trong việc tìm chỗ để vứt khăn giấy.Xem thêm",116
1304,Bảo Ly,9/2/2019 23:54,4.2,"Nhân viên phục vụ thái độ kém. Mong bạn thay đổi thái độ phục vụ để quán tốt hơn.
Quán cố gắng làm đồ ăn nhanh hơn. Đợi 20p 30p thì được nhưng 45p thì lâu quá.
Góp ý chân thành cho quán.
Còn quay lại có lẽ không, vì ấn tượng đầu tiên không tốt rồi.Xem thêm",116
1305,Dung Phan,21/7/2020 16:17,7.6,"Quán trang trí đơn giản, không gian và bàn ghế sạch đẹp. Quán hơi nóng tí vì không bật máy lạnh. Mình ăn hết 200k cho cả gia đình gồm vợ chồng và 1 bé, giá đó mình thấy ok. Món udon bò của quán ướp ngon, vừa miệng, thịt mềm nữa. Nước mì cũng được. Mình đánh giá quán này rất đáng để thử, không hiểu sao mà lần nào đi qua cũng thấy vắng khách.Xem thêm",117
1306,Mã Văn Lộc,3/11/2019 18:29,6.0,"Tôi thấy rất phảm cảm khi thấy cảnh 2-3 thanh niên của quán đứng ngồi hút thuốc trước cửa quán. Tôi rất quan ngại về vấn đề vệ sinh của nhân viên khi nhân viên nam đấy tay vừa mới cầm phì phèo điếu thuốc xong thì cùng bàn tay đó cầm bằng tay trần làm mì cho tôi, tôi không còn cảm giác ngon miệng khi chứng kiến hành động đó. Nhân viên trong quán cũng rất ồn ào, khách hàng họ nói chuyện ồn ào tôi không nói đến, nhưng tôi thấy 2-3 nhân viên ngồi chụm lại to nhỏ chuyện mà không để ý đến tôi khi tôi có yêu cầu.
Nói tóm lại thì món ăn ở đây rất tuyệt nhưng thái độ của nhân viên thì rất tệ, và tôi rất ghét thuốc lá, mà trong quán lại có đến 2-4 thanh niên phì phèo điếu thuốc trước quán làm tôi thấy rất phản cảm. Xin cám ơn.Xem thêm",117
1307,Tình Nguyễn,17/11/2018 13:46,1.0,"Mặn, udon quá mềm, nước thì nguội,....nói chung rất rất tệ.Xem thêm",117
1308,Tạ Khanh,7/8/2018 12:42,5.0,"Theo em cảm nhận của riêng em thì à món ăn thì khá phong phú và đẹp mắt, giá cả thì cũng hơi cao tí nhưng chất lượng thì em thấy không được ngon lắm, nhưng cũng đáng nên thử, thử mới biết từng khẩu vị mỗi người ngon hay là không ngon. Quán cũng khá to, nhưng thích mỗi cái WC đẹp với cả lạ bao sống ảo luôn nha các anh chị. hếtXem thêm",117
1309,XaHoi Voi,5/5/2018 19:39,9.0,"Giá không quan trọng, quan trọng là chất lượng.
Quán khá xinh nhỏ khônng gian thoáng.
Đồ ăn thì trên cả mong đợi ở một địa điểm thế này, đồ ăn chất lượng ,giá cả thì hợp lý cho cả sinh viên và học sinh. Ăn đến giọt cuối cùng mà vẫn muốn ăn tiếp. Nước dùng ngon và mì thì khoing quá bỡ. Chỉ có điều quá hơi nóng vì điều hoà ko bật. Nhưng tổng thể vẫn quá tốt. Nên thảm khảo nha!Xem thêm",117
1310,Cong Tien Tran,12/11/2017 15:51,9.0,"Bữa trước mình đến đây ăn. Không gian quán khá đẹp, bày trí bàn ghế đẹp mắt. Mình đi chung với 1 người ban. Bọn mình kêu 1 udon bò và 1 udon heo. 2 tô udon dọn r trong vòng 5-10 phút, cũng khá nhanh. Điều đầu tiên là nước lèo ngọt vị của thịt và co độ trong, nhưng hơi nhạt 1 tí. Bạn nên cho vào cái bột màu đỏ đỏ trong hình á, nước sẽ đậm đà hơn nhiều. Bột đấy không cay lắm, mình nếm thử tjì thấy có mùi hao hao giống bánh bạch tuột takoyaki(không biết đúng hay không nữa).
Sợi udon mềm dai và không bị nhão. Thịt heo thì mềm, săn. Còn thịt bò hơi dai nhưng cũng rất vừa ăn. Quán này còn có mấy món tempura hay sushi nhưng mình ăn thử thấy không ngon lắm, mà không xứng với giá tiền nữa. Nhưng nhìn chung,quán này khá hợp để đi ăn vào dịp cuối tuần với gia đình và bạn bè.Xem thêm",117
1311,Ng T Linh,29/10/2017 23:40,7.8,"Mì ở đây ăn ngon lắm. Nước dùng thanh thanh, thịt mềm, mì vừa chín tới không cứng cũng không quá mềm. Ngoài ra còn có các món ăn kèm cũng ngon, tạm được. Nước uống không gì đặc sắc. Giá cả vừa phải, nhưng không gian bên trong hơi nóng. Nhân viên nhiệt tình. Vị trí cũng dễ kiếm, nằm kế bên sườn cây Lê Hồng Phong luôn.Xem thêm",117
1312,Mít,6/10/2017 11:56,10,"Thịt bò mềm mềm ngon lắm luôn, nước thì đậm vị. Mì xào củng ngon, sợ mì vẫn giữ được vị vốn có chứ k bị nát. 
2 mì với 1 nước suối 100k. Không gian rộng, thoáng mát
Nói chung là ngon. Lần s đến vũng tàu sẽ ghé nửa ❤️Xem thêm",117
1313,Lê Minh,10/8/2017 12:19,6.4,Quán rộng rãi sạch sẽ. Đồ ăn ngon nước dùng đậm đà đúng vị. Mình thích nhất là mì thịt bò vì thịt ngọt mềm ko dai. Tuy nhiên giá hơi cao so với mặt bằng chung một chút.Xem thêm,117
1314,Trang Kute,8/8/2017 15:35,7.8,"Mình đi ăn ở quán được 2 lần thôi. Cả 2 lần đều hài lòng. Nước dùng ngọt và thơm, sợi mỳ dai. So với giá cả món nước ở Việt Nam thì có hơi cao. Nhưng nhìn vào chất lượng, sợi mỳ tự làm và phong cách Nhật Bản của món ăn thì thấy giá cả như vậy là xứng đáng. Hihi nếu 1 tô nhiều thêm xíu thì đỡ thèm hơn.Xem thêm",117
1315,PN PA,21/11/2020 22:51,7.6,"Mình thấy nhiều người khen ngon nên cũng đến ăn thử khi đến chơi VTau. Mình tưởng size bánh cỡ như ở sài gòn nên mạnh dạn gọi 2 cái cho 3 đứa.
Ôi mẹ ơi, khi mang ra cái đầu tiên mình bị choáng luôn. Bánh tráng đường kính 30cm chứ ko nhỏ tẹo nào, vừa ăn vừa thở.
Topping thập cẩm có cả bắp mỹ và bắp cải bào nữa. Ăn là lạ. Chỉ tiếc là bánh tráng không nóng lắm khi mang ra.
Mình order 1 thập cẩm, 1 khô gà và 2 trà tắc hết 70k :)
Mn ghé ăn ủng hộ cô chủ quán nha. Rút kn nhóm mình, gọi mỗi lần 1 cái để xem ăn đc hết không nha.Xem thêm",118
1316,Alice Dang,20/9/2020 0:19,9.8,Cô chủ và chị chủ quán vô cùng dễ thương cũng như nhiệt tình. Lúc đầu chỉ vô tình nhìn thấy quán trên Foody và thấy cmt nên đến mua thử. Dù mua mang về và ăn vào lúc đã khá no bụng nhưng bánh tráng thật sự rất ngon. Nhất định sẽ ghé lại vào lần sau khi đến Vũng Tàu!Xem thêm,118
1317,Chi Chi Diem,28/5/2019 20:00,10,"Lâu lắm rồi mới quay lại ăn,chất lượng vẫn thế. Cứ tưởng sửa đường quán nghỉ lun,ai ngờ vẫn còn bán. Chị chủ vẫn dễ thương,mọi thứ vẫn tuyệt. 1 mình ăn 2 bánh tráng bò phô mai có nhìu ko hjhj.Xem thêm",118
1318,Linh Vu Dieu,5/5/2018 22:26,8.6,"Đi đâu về vũng tàu cũng chỉ nhớ bánh tráng nướng của gà con thoai. Bánh đa giòn giòn, nhân ngon ngon, thơm phức, giá cả hợp lí. Ăn ở đây được 3 năm dòi mà k khi nào thấy ngán. 2 chị chủ nhiệt tình dễ thương lắm. Chị nhỏ hơn về nhà chồng roài buồn hết sức. Nhưng mà lúc nào rảnh là ghé qua ăn liền luônXem thêm",118
1319,Hà Nguyễn,24/10/2017 18:32,8.0,"MÌnh thấy bánh tráng nướng ở chỗ này ngon nhứt Vũng Tàu luôn á. Bánh bự chảng, topping đầy ụ nha, Mình ăn loại thập cẩm nên càng đã hơn.
Chè đậu, hạt sen siêu ngon luôn, chè ở đây không quá ngọt như những chỗ mình từng ăn. 
giá cả cũng khá ok.Xem thêm",118
1320,Hai Minh Cao,15/10/2017 11:18,1.8,"Thấy mn cmt là ngon, hấp dẫn, rẻ. Mình cũng đưa vợ con vào ăn thử. Thua xa bánh tráng nương Đà Lạt, nhìn bàn ghế và tủ đồ ăn ko đc vệ sịnh. Nhân thịt thì có cảm giác bị để nguội lâu sợ đau bụng. Gđ mình đi 3 người kêu 1 cái thập cẩm ăn thử trc. Sau thấy dở quá. Nên ko dám gọi thêm nữa.Xem thêm",118
1321,Thiên Ý Bùi Cao,7/12/2016 0:12,7.0,"Thấy mọi người khen nhiều nên cũng lặn lội từ SG xuống VT ăn ""cho biết"". Và hậu quả là sau khi về lại SG thì bị nhớ bánh tráng nướng ở đây! Bánh nhiều topping thì giá như vậy là rất ổn!Xem thêm",118
1322,Lily Nguyễn,12/11/2016 21:16,7.2,"Sau khi 5 người ăn hết 4 cái bánh tráng nướng siu to
Uống hết 2 ly trà sữa 2 ly chè bánh plan các kiểu thì no cành hông
Thích món bánh tráng xúc giòn rôm rốp nhân ngon như thế này
Gió biển mát lạnh, toẹt vời
Chị chủ quán nhiệt tình dễ thương
View hơi tối và có muỗi nhìu quá, huhuXem thêm",118
1323,An Nhiên,19/3/2016 17:01,8.6,"Bánh tráng nướng lạ lùng nhất mình từng thấy luôn. Bình thường thấy nướng bằng mấy cái bánh tráng mỏng mỏng với nhân hành, trứng cút và chà bông thôi. Hôm nay được dắt đến ăn bánh tráng nướng này nướng bằng bánh đa giòn á, nhân phủ lên là bò, phô mai và rau bắp cải trắng, chà bông còn nữa mà ko rõ thành phần trong ấy lắm tại vì rất nhiều. Tuy nhiều đồ ăn nhưng nhai bánh tráng vẫn giòn rôm rốp haha, Nguyên cái bánh tráng to đủ cho 4 người ăn mà giá có 25k à, tùy nhân gì nữa nhé. Mình gọi thêm khoai tây và 4 ly trà tắc ngồi chém gió tới bến luôn. Hợp với tiêu chí ngon bổ rẻ luônQuán nằm ngay đường bình giả mà hơi tối, bàn ghế thì mượn mặt bằng của người ta để bàn ghế nên gần trung tâm gì á, tối học sinh túa ra cũng hơi phức tạp xíu nhưng được cái chị chủ quán nhiệt tình lắm, cám ơn này nọ, dễ gần cực kìXem thêm",118
1324,Py Thảo,18/3/2016 16:32,8.4,"Lần đầu tiên mình đến đây luôn á, chỉ là đi ngang nghe mùi bánh tráng nướng thơm quá tấp vô luôn thôi mà. Quán nằm ở gần đầu đường Bình Giã nhá, bàn ghế vô tư, nhiều lắm, quán bán lai rai không đông lắm nên không phải lăn tăn về vấn đề chỗ ngồi, bàn ngoài trời mát ơi là mát. Khuyến cáo đến ăn sau 8h hoặc ăn xong trước 8h vì nằm kế bên trung tâm nên 8h học sinh ra đông như kiến, có khi đùa giỡn hất luôn cái bàn, mém bị :))

Ở đây chủ yếu là bán bánh tráng nè, đầy đủ nhân luôn. Mình thấy ở đây sáng tạo ghê luôn á, tuy bán nhiều món nhưng chỉ chuyên về 1 món là bánh tráng mà cực kì ngon luôn, nhân thì bò, gà, phô mai..nguyên cái bánh tráng to đùng 4 đứa ăn không hết

Mình gọi bánh tráng nhân bò phô mai, tuy không thấy bò đâu nhưng cũng nghe được mùi và phô mai béo ngậy, Ở đây có bỏ bắp cải lên trên nữa í, lạ lùng chưa, có vài hột bắp ăn ngọt ơi là ngọt, bánh tráng nướng bằng bánh tráng giòn ấy không phải bánh tráng mỏng dính ở mấy chỗ khác đâu, nên thơm ngất ngây. Bánh trứng cút thì tuyệt ngon luôn, ăn vô nếm cái vị là biết ngon rồi, nóng hổi, giòn rụm, béo ngậy, mặc dù trình bày không được đẹp nhưng ngon là được. Mình gọi thêm trà tắt, cũng bình thường, mà ở đây để cả hột tắt luôn, uống bị tắt cái ống hút hoài. Mình gọi 1 bánh tráng, 1 bánh trứng cút, 2 ly trà tắt hết 57k, quá rẻ luôn

Chị chủ quán vui tính, có mình chỉ làm à, mà nhanh lắm. Nói chuyện dễ thương, lần sau sẽ ghé nữa để ăn các loại bánh tráng nhân khácXem thêm",118
1325,phan ngân,6/10/2020 22:05,2.8,"Ấn tượng đầu tiên vừa bước vào quán là mọi ng làm cơm cuộc hay chế biến thực phẩm đều ko dùng bao tay từ việc cuộn cơm, bốc bánh nhúng vào bột chiên mà đặt biệt là bốc cơm rồi nhồi cơm. Mình mới vào thấy v cg có chút nhát miệng nhưng lỡ rồi và gọi 4 món như hình, đầu tiên về nước chấm thì chẳng có gì đặt biệt nếu k nói là dở, tako yaki thì hẳn là món tệ nhất từ trc đến h mình đc ăn. Còn món Soup thì thực sự húp nóng nóng cho vui thôi nha. 😂 góp ý chân thành cho quán là với quán ăn chế biến đồ sống việc đảm bảo vệ sinh là trc tiên ạ!!
#sushi #kimbap #takoyaki #misosoupXem thêm",119
1326,TrúcNhi,25/7/2019 0:47,7.6,"Quán sushi mình thường order trên Now và vài lần ghé mua về chứ chưa ngồi ăn bao giờ nên ko có hình ảnh cụ thể được. 
- Về món ăn: ổn so với mức giá. Bình thường ăn cơm quấn chặt, vị vừa miệng. Hnay mình ăn cơm khá nhão và có vị chua (theo kiểu nhiều giấm) 
- Về nhân viên: mình order mang về là nhiều nên chủ yếu nch với cái chị đứng ở ngoài nhận order. Chị ấy Ko bao giờ nhìn mình cười lấy 1 cái dù đã mua ở đó khá nhiều lần. Cảm giác như ko thân thiện mấy. Mua về thì đâu hẵng là đem về nhà ăn đâu ạ, nhưng chỉ cho đúng phần sushi và nước tương bỏ trong bịch, ko cho đũa và chén nhựa đựng tương (xin mới lấy cho). Và hnay mình đi với bạn mình, mua 3 phần cho 1 đôi đũa, mình xin thêm chén đựng sốt với đũa thì c lấy quăng vô bịch đồ ăn mình đang cầm và cũng ko nói 1 tiếng nào hết. Mình thấy hơi khó chịu vì mình nghĩ mình chẳng đòi hỏi gì quá đáng cả! 
Hơi thất vọng về nhân viên 1 xíu chứ món ăn mình khá thích. Vẫn sẽ quay lại ủng hộ 😊😊Xem thêm",119
1327,Cong Tien Tran,21/3/2019 13:00,9.2,"Đồ ăn vẫn ngon như mọi khi. Cá hồi với sò đỏ ăn tươi, không có mùi tanh. Trứng cá giòn tan, ăn vui miệng. Cuộn gà chiên ăn khá ngon, có gà với dưa leo nên siêu giòn, cộng thêm xà lách mát mát nữa. Còn cuộn california chiên bột temp vừa ăn, trứng gà bùi bùi, bơ béo béo, thêm thanh cua với dưa leo ăn khá vui miệng, cộng thêm cơm khá dẻo và lớp vỏ ngoài giòn xốp, chấm món này 9đ. Thích nhất là chai nước tương với ớt khô ở đây. Nước tương mặn vừa, đúng mùi nước tương nhật. Chai ớt khô có thêm mè với rong sấy nên rất thích hợp khi ăn chung với mấy món khai vị như rong biển trộn dầu mè hay rắc lên trên sushi. Ngoài ra, trà nhật ở đây pha khá ngon, thơm mùi mật ong, có vị trà thanh thanh, vừa uống. Quán bình dân nên giá rất hữu nghị, thích hợp khi ăn cuối tuầnXem thêm",119
1328,phngtho1666,13/2/2019 14:54,1.0,"Tôi đến đây 3 lần 
Lần đầu không sao hết 
Lần 2 thằng em ăn xong về nổi mẩn khắp người và da bóc từng lớp rồi chảy máu đi khám thì bác sĩ bảo bị chàm - mề đay 
Lần thứ 3 tôi ăn xong về sốt chóng mặt ăn vô bất cứ cái gì cũng nôn ra hết khám thì biết bị tiêu chảy cấp 
Nhớ đời và từ nay xin chừaXem thêm",119
1329,Yen Hoang,27/7/2018 20:52,8.8,"Lần đầu tiên ghé quán này thật sự rất thích thú và hài lòng về tất cả các món ở đây ngon và rẻ so với nhà hàng thì ở đây ngon vè rẻ hơn nhiều. Mình gọi 5 món và 2 món mang về . Truoc đó 2 ngày mình ăn tại nhà hàng sushi sang trọng giá thì mắc làm thì chậm ko ngon bằng ở đây.Tuy quán hơi nhỏ nhưng sạch sẽ . Có điều là ko có toilet nha các bạn. Quán bán đông người mua mang vể nhiều, nhân viên nhiệt tình thân thiện.Mình sẽ giới thiệu bạn bè tới đây nữa.Thanks Hana cho mình 1 buổi tối ngon miệng.Xem thêm",119
1330,Kiều  Trần,12/7/2018 18:51,7.0,Quán vĩa hè nên không gian hẹp.. nhưng món ăn trình bày k thua quán soang chảnh... cơm cuộn hay gừng ngâm giấm đỏ khá ngon.. bánh bạch tuột nhìu bột qa k ngon mấy..pv nhanv nhẹn.. giá cả cũng đcXem thêm,119
1331,QL,15/12/2017 21:05,7.0,"🍒Soup miso ở Hana ăn ổn lắm. Ăn sushi sashimi lạnh bụng húo thêm chén soup cho cân bằng nè :))
🍒Set roll quá trời quá đất hai đứa ăn no luôn
🍒Thích ở hana là lúc nào cũng có thêm dĩa rong biển nhâm nhiXem thêm",119
1332,QL,15/10/2017 2:00,6.8,"Tự nhiên về vt thèm sushi mà hồi đó có ăn ở đây 1 lần rồi nên ghé luôn
Vị ở đây ăn ổn nhưng cuốn ko được chặt tay lắm nên hạt cơm gắp lên cứ rời ra
Nhưng thèm quá thì ăn cũng được😂Xem thêm",119
1333,Trang Kute,8/8/2017 15:27,6.8,"Mình đi ăn cùng đứa em. 2 đứa gọi 1 phần bánh xèo Nhật, 1 cơm cuộn tôm chiên và 1 cơm cá hồi chiên xù. Ko biết như vậy có là quá nhiều với 2 đứa ko mà ăn ko hết. cũng do gọi bánh xèo ăn hơi ngán.  Cơm cuộn ăn cũng tạm được. Nước trà Nhật thì theo mình hơi ngọt. Tổg thiệt hại hết 140k, ăn k no lắm mà ngán ăn k hết !!! Có dịp lần sau ghé sẽ thưởng thức thêm mấy món khác của quán. Trình bày thức ăn trông đẹp mắt và sạch sẽXem thêm",119
1334,Tuyết,5/12/2016 19:36,7.8,"Không gian quán nhỏ nhỏ, ít bàn, xui xui đi ăn lúc đông khách là khỏi có bàn ngồi, chỉ có thể mua mang về hoặc qua quán khác. Bàn của quán thấp quá, mình không để chân được, lần nào cũng phải ngồi lệch sang một bên, hơi khó chịu chút
Nhân viên ở đây phục vụ dễ thương, nhiệt tình
Đồ ăn ngon và đặc biệt là khá rẻ, mỗi lần đi ăn mỗi người 100K là no cành hông
Quán không có chỗ để xe riêng, không có mái che, đi ăn ngày mưa thì phải chịu ướt xíu
Wifi tìm không thấyXem thêm",119
1335,julie dang,16/8/2019 10:05,5.0,"Không gian cũng bình thường chưa có dấu ấn riêng gì nhưng giá lại quá mắc, nước uống pha chế ổnXem thêm",120
1336,Chi Nguyễn,9/6/2019 14:41,6.4,"Quán này đổi địa điểm rồi, k còn sân thượng nhìn ra biển nữa.
Giá nước và đồ ăn quá cao.
Khoai tây chiên 45k/p có mấy miếng .
Đậu hũ xả ớt ngon, nhưng cũng mắc.
Team mình gọi 1 bình cocktail 380, nhưng pha quá ngọt, vị như đang uống siro ấy.
Nhân viên p.vụ tạm đc.
Không gian quán khá chill, tuy nhiên đi cuối tuần có acoustic nên đông qtqđ. Các bạn hát acoustic hay.Xem thêm",120
1337,Khánh Trình Ngô,1/4/2019 11:15,3.8,"Mình search trên Foody để kiếm quán chill ở Vũng Tàu trong đợt du lịch vừa rồi, thấy có khá nhiều bình luận tốt về MILLA nên quyết định đi thử. Mình order 1 set thịt bò 350k cùng 1 ly gintonic và 1 sunset at MILLA. Tuy nhiên thịt bò rất dai, nhai mỏi miệng, không hề ngon như mình nghĩ và thấy trên review. Gintonic khá đắng, quá đậm mùi gừng và mất vị Gintonic, Sunset at MILLA thì uống tương đối okay hơn. Mình thấy khá thất vọng vì nhìn chung quán cũng xinh, nhân viên cũng nice tuy nhiên mình nghĩ nên cải thiện món ăn và thức uống hơn. Vì nhìn chung giá cả ở quán cũng thuộc loại cao, nên nếu bỏ ra 1 số tiền như vậy mình thấy ko đáng vì đồ ăn thật sự làm tuột mood khách hàng :(Xem thêm",120
1338,Ng T Linh,17/2/2019 17:09,7.6,"Sinh nhật mình nên mình có dẫn mấy đứa bạn thân tới đây đổi ko khí. 3 đứa bạn kêu thử 3 loại cocktail nhẹ. Cảm nhận đầu tiên là ngon, dễ uống, ko quá ""cồn"" như các loại rượu nặng khác. Mình có gọi thêm chả giò vs khoai tây chiên nhâm nhi. Đồ ăn ngon, chả giò hơi dai nhưng vị vừa ăn. Khoai tây cũng ngon. Nhạc được. Không gian thoải mái, rất chill. Phù hợp để nói chuyện thư giãn nhẹ nhàng. Giá đồ ăn hơi chát. 3 đứa đi thư giãn nhẹ nhàng tốn 500k :))) 
Hôm Valentine mình vs ny có đến lại lần nữa. Mình vẫn gọi sunset at milla, loại cocktaik mình thấy ổn nhất đối vs mình. Bạn trai mình gọi 1 li bia tươi, thêm set thịt bò. Tổng cộng 1 bữa tối lãng mạn hết 450k. Đồ ăn ngon, thịt bò hình như sốt tiêu đen đậm vị, nhưng làm hơi tái quá mình nhai rất mỏi răng. 

Tóm lại lâu lâu vào đây chill cũng đáng tiền. 👍Xem thêm",120
1339,Jenifer Sarah,1/2/2019 13:40,9.0,"Quán đẹp lắm nha mọi người. 
Đúg style vintage mình thích. 
Bước vô phòng mà đúng mê mẫnn xiêu lòng. 
Nhìn bên ngoài thì cửa quán khá là nhỏ. Nhưg mà đu thẳng vô trong thì rộng. View cũng bình thường bên ngoài phòng, đi thẳng vô trong cái phòng này thì mới thấy view đẹp thật sự dù là căn phòng k to lắm. 
Đó là view, còn đồ uống cũng ổn, giá cả bình dân. Bên ngoài kiểu như bar, mk thấy có bán cocktail với rượu thì phải :vvvvv
Đi thử đi nha các bạn, mình khá ưng! ^^Xem thêm",120
1340,Antonio Huy Phạm,27/10/2018 22:08,7.6,"Mình đi t7, có gặp cả bạn H chủ quán. Thích quán cũng lâu vì toả lên mood giống như H nhưng giờ mới đến được.
Ấn tượng là quán đẹp và dễ thương hơn trong hình
Phục vụ nhanh, tầm 19:30 thứ 7 có acoustic cũng khá. Hơi buồn là hát xong không ai vỗ tay :( Trong khi các bạn hát hay.
Điểm trừ nhỏ là quán trong hẻm, đi vào thì có không gian cũng khá to nhưng hơi nóng chút. Đặt biệt hôm nay đứng gió.
Đồ ăn good, craft beer cần nhập thêm (chắc hơi khó vì chở trên saigon xuống)
7.5/10 vì một đêm dễ thương, thấy bạn chủ quán lăng xăng có tâm và trang trí quá đẹpXem thêm",120
1341,Hai Pham,20/8/2018 7:24,2.2,"Quán đã đổi vị trí, không còn view BIỂN. Nước uống và không gian ở đây rất chi là tầm thường, đã thế giá cả thì khá cao đấy. Nếu ở SG thì các bạn vẫn có thể tìm đc những quán nước giống vầy nhưng giá cả rẻ hơn nhiều.Xem thêm",120
1342,Minh Khôi,12/3/2018 17:42,2.6,Review trên face với mấy chỗ khác thì bảo đẹp lắm thì ra chỉ có 1 băng ghế nhỏ xíu nhìn ra biển còn lại không gian nhỏ xíu. Ai vô cũng chen chúc để sống ảo chứ không được gì. Menu thì mắc thôi rồi. Quá thất vọng và không bao giờ quay lại.Xem thêm,120
1343,Trâm Lê,27/12/2017 11:13,7.8,Mấy nay thời tiết còn lạnh nhiều gió nên tới quán ngồi chỗ view đẹp thì xác định là bị gió tạt rất dữ tóc tai rối bù xù khó mà chụp hình sống ảo. Menu ko đa dạng lắm nhưng đối với 1 quán pub thì như vậy là ổn. Không gian nhỏ nhưng được decor đẹp mỗi góc bạn đều có thể tha hồ sống ảo. Nhân viên khá thân thiện anh chủ mặt lạnh quá tụt cả mood.Xem thêm,120
1344,Oanh Trần,26/10/2017 19:42,10,"Lần đầu ghé quán. Không gian khá thoáng mát, dịu êm, nơi lý tưởng để hẹn hò. Lần này mình đi cùng anh chị em. Gọi coctail lớn. Có 1 ít rum, hương táo uống rất ngon. Thích cách trang trí của quán. Trông rất bắt mắt và lãng mạng. Nếu đi sớm sơm chiều khoảng 5h thì chụp hình ắc sẽ đẹp hơn. 
Có dịp đi Vũng tàu sẽ ghé quán sớm hơn để chụp ảnh vào chiều hoàng hôn.Xem thêm",120
1345,QL,18/1/2019 22:12,6.2,"🍒Thịt xiên vẫn 2k/xiên như 5-6 năm trước huhu sao vật giá thay đổi mà thịt ko đổi?!
Mình order qua Now lỡ gọi nhiều quá nên ăn ko hết luôn
Còn gọi thêm cả bò lá lốt nữa. Mà bò 5k ko ngon đâu nha
Tương ở đây rẻ tiền thôi à nên mấy bạn ăn ít thôi
🍒Ăn tại chỗ có trà chanh giải khát nữaXem thêm",121
1346,Duy Phát Lê,23/11/2018 18:53,7.0,"Thịt nướng xiên 2k/cây ăn kèm tương ớt tương cà
Rẻ nhưng sao mua nhiều ăn ngán cá
Hồi xưa đi học dứt lần 10 cây ko xi nhê mà giờ ăn ko nổi 5 cây :)))
Khu này vẫn đông đó giờ, ăn vặt thì vô đây nhaXem thêm",121
1347,Vân Thế,26/2/2018 23:24,7.0,"Khu này thì khỏi nói rồi, từ đầu đường đến cuối đường đủ các quán cho hs ăn luôn, bao rẻ, ăn cũng khá ok. 
-Bánh tráng 
-Trà sữa
-Trà đào
-Cá viên
-Súp
-Thịt nướng
-Bò lá lốt
...Xem thêm",121
1348,Trâm Lê,10/12/2017 20:32,8.2,Lâu lâu qua đây ăn lại khu này có vẻ ngày càng vắng không còn đông nghìn nghịt như xưa nữaXem thêm,121
1349,QL,2/12/2017 2:12,6.6,"🍒Hồi xưa chiều nào cũng ghé khu này lúc mới có 1 quán bán rồi 2 quân giờ là n quán :)))
🍒Ăn từ lúc thịt xiên có 2k/cây kêu 5 cây là ăn no rồi
Kêu thêm ly trà chanh nữa là đủ bộ :))
Tóm lại ăn vặt ngon rẻ thì cứ tới khu này haXem thêm",121
1350,Ngọc Nguyễn,6/8/2017 21:08,5.4,"Ăn ở đây thì hơi xa. Nhưng nếu đã đi thì ko phí tẹo nào. Cô bán rất ư là nhiệt tình nhé. Đồ ăn thì cực ngon. Ưng nhất là món trứng cút nướng, bánh tráng nướng và gà Viên. Đặc biêt thịt nướng chỉ 2k xiên.Bò lá lốt thì ko có j đặc sắc cho lắm. Nhắc tới mà thêm ghê luôn. Các bạn hay thử đi sẽ hài lòng cho xem hihiXem thêm",121
1351,KIỀU MAI,16/7/2017 11:19,7.2,"Xuống Vũng tàu chơi nhiều, ăn mấy món đặc sản riết nên quyết định đổi giờ, đi ăn vặt. Quán dễ tìm vì có một dãy mấy tiệm kế nhau. Đồ ăn rẻ, ngon, ấn tượng nhất xiên thịt nướng. 2 người ăn hết chưa tới 100k mà nó căng bụng. Còn mấy món ăn quên chụp :))Xem thêm",121
1352,Trâm Lê,24/10/2016 11:07,7.8,"Khu này gần nhà mình lúc nào cũng tấp nập khói bay nghi ngút. Mình hay ăn nhất là quán chị Thảo hoặc quán chú trà xanh người bắc. Giá cả rất học sinh nói chung thèm đồ ăn vặt thì ra đây sẽ có tất cả nào là các thể loại bánh tráng, thịt nướng, gà chiên.... rồi các loại trà chanh đào tắc trà sữa nữaXem thêm",121
1353,Uyên,18/10/2016 12:20,8.4,"- Thịt nướng rẻ nhất tg chỉ 2k/xiên và mình cũng ko biết là thịt gì.
- Bò lá lốt 5k/xiên bốn cục cũng ngon.
- Trà sữa mình kêu bên đường quán cozy có 10k/ly trà sữa hay trà đào miếng cũng giá y vậy luôn, nghe mùi đậm chớ ko phải nhạt nhẽo đâu nha.
- Bánh tráng nướng ko giòn, vị kì kì mình ko quen miệng.
- Cô bán hàng gầy nhom dễ thương cực, chúc mấy bạn ăn ngon nha rồi khi tính tiền ra xe còn cảm mơn tụi con nhá.
Tóm lại món nào cũng rẻ, ngon đỡ chán nếu bạn ngán ăn hải sản rồi. À khuyên bạn đừng gọi nem chua rán và bột chiên (quán kế bên cozy) vì bột chiên mềm èo, nem cũng ỉu xìu và ko chua, ko như mình tưởng tượng.Xem thêm",121
1354,Thảo Phạm,3/10/2016 9:18,6.0,"Lại nghiện trà đào và lại nghiện quay lại lần nữa, không biết tháng mình đến đây nhiêu lầm nữa. Đồ ăn thì đa dạng khỏi phải nói nếu như bạn nhìn thấy menu cả mấy quán liền kề nhau ăn hết là ngộp luôn. Hôm nay mình hiền thôi chỉ đến uống nước, nhân viên thì dạo này có vẻ đông đông nên bớt bớt nhiệt tình chắc tại mệt quá. Ly trà đào xinh đẹp của mình chỉ 10k thôi nhưng uống ngon thôi rồi, trưa nào đi học cũng tạt ngang ghé mua 1 ly rồi mới phóng thẳng tới trường học đóXem thêm",121
1355,Silvia Do,28/11/2018 21:53,5.0,"Nhân viên phục vụ nhiệt tình, DJ chơi nhạc hay.
Có hút shisa
Quán rộng rãi thoáng mát
Rất đáng đi thửXem thêm",122
1356,Tr Huyền,17/3/2017 9:18,7.4,"Nhân dịp đến vũng tàu chơi cũng muốn đi thử xem bar dưới này ra sao. Lên mạng tìm thì thấy blue moon khá lớn nên cả đám quyết đinhj đi
Cũng nhue các quán bar khác. Nhân viên ở đây khá nhiệt tình
Không giam ở đây thoáng khá rộng rãi k nhỏ xíu và chen chúc như 1 số chổ.
Bàn dj với background đăngf sau siêu đẹp luôn. Nhạc khá hay.
Rất đáng để đi thửXem thêm",122
1357,Khánh Khánh,30/7/2016 11:57,6.4,"Lâu lắm rồi mới có dịp đi bar , phải nói là rất thích lun không gia rộng thoải mái cho việc bay nhảy . Chỉ cần vào đây là bao nhiêu muộn phiền tan biến . Nhân viên phục vụ quá ư là nhiệt tình . Hòa mình vào âm nhạc cùng DJ thì còn gì bằng nữa . Good!!!!!Xem thêm",122
1358,Fy Dood,20/4/2016 13:22,8.0,"Mùa tết vừa rồi tối nào cũng tụ họp bạn bè đi bar hoặc beer club. Thường thì cũng ít vô bar vì giá thành trong đó so với beer club cũng khá chát. Nhưng tết tiền bạc rủng rỉnh cũng muốn đổi không khí nên quyết định vào blue Moon đổi gió. Khá lâu rồi mới ghé vừa bước vào choáng ngợp bởi không gian luôn. Hoành tráng, đẹp và rộng. Dù lúc đông khách cũng ko đến nỗi chen chúc nhau, vẫn rất thoải mái. Bàn DJ hoành tráng quá, bắt mắt lắm luôn. Nhạc đánh cũng sôi nổi hơn các beer club. Nhân viên phục vụ chu đáo, luôn trực tại bà cần j kêu là có ngay. Nói chung giá tuy cao nhưng dịch vụ tốt, lâu lâu vào đổi gió thì vẫn ok.Xem thêm",122
1359,eatwtea 💋,30/3/2016 17:41,8.0,"Phải nói là lâu lắm rồi mới vào Blue Moon. Thường cuối tuần hay có dịp gì mình và tụi bạn thường chọn các beer club vì hợp túi tiền hơn. Mỗi lần vào lại Blue Moon là thấy được sự đổi mới. Từ không gian đến cách bày trí. Luôn thay đổi hợp thời và hiện đại. 

Vài lần trước mình ghé thì thấy có vũ công nhảy nhưng đợt này lại ko thấy nữa. Ấn tượng nhất là bàn khu vực dj hoành tráng và đẹp. Được cái là nhân viên túc trực tại bàn, phục vụ khá chu đáo.Xem thêm",122
1360,Lê,7/10/2015 23:43,7.8,"Quán rất ok. Nhạc hay, mạnh. Nhân viên phục vụ rất vui vẻ, nhiệt tình. Hôm đi nhóm bạn vào khoản 11h chơi được xíu thì xuống nhạc mất tiu. Lại vào trúng hôm sinh nhật quản lí ở đây nữa. Bạn mình quen với 1 e làm trong này. Tính rủ đi chung, nhưng cũng hơi ngại, nên tách ra đi tăng tiếpXem thêm",122
1361,Thành Nhân Nguyễn,15/7/2015 17:40,7.4,Nhân viên phục vụ rất vui vẻ và chu đáo. Vào đó chỉ việc cầm ly lên và uống chứ không cần đụng tay vào bất kỳ thứ gì. Lần đầu tiên mình đi 1 quán phục vụ chu đáo đến vậy. Còn gặp được a quản lý dễ thương tặng cho 1 dĩa trái cây. Thật không uổng công đi từ thành phố xuống Vũng Tàu chơi. Chắc chắn sẽ quay lại nơi này.Xem thêm,122
1362,Cloudy Smiley,20/4/2015 9:48,8.6,"Xem review mọi người kêu nhạc ở đây chơi hay, phải đặt chổ nữa vì cúi tuần đông lắm. Mình tới lúc 8h, nhạc chưa lên, cũng chưa ai đến nhiều nên ko cần đặt chổ luôn.

Mình order xô bia Saporo 290k. Ban đầu gọi draft mà mấy bạn nhân viên nói kêu xô được, trả lại nếu ko uống hết. Nên gọi mặc dù uống cũng hết :)). Gọi thêm Bò lúc lắc 129k, Sake bơ đường 55k, Xúc xích Đức 99k. 

Nói chung là thức ăn ngon, bia uống đương nhiên ngon rồi, nhạc chơi hay. Nhân viên thì cực kỳ nhiệt tình, châm bia liên tục. Lúc mình order quán vắng, có 2 đứa khách mà tới 7 đứa phục vụ xung quanh chờ xem mình gọi gì. haha. Dể thương ghêXem thêm",122
1363,Thủy Trần,28/7/2014 14:10,7.0,"Quán bar này nổi tiếng tại vũng tàu nên nhóm bạn mình rủ nhau đến đây. Vì là cuối tuần nên bar này đông lắm, nhạc đánh cũng hay.Xem thêm",122
1364,QL,26/7/2014 23:08,8.0,"Bar này nằm trong top bars của TP. Vũng Tàu. Chịu khó đổi mới và tung ra nhiều chương trình khuyến mãi nên cho dù có nhiều bar khác cạnh tranh nhưng Blue Moon vẫn đứng vững ở vị trí này đã nhiều năm. Đông nhất là nhưng tối cuối tuần. Bar chơi nhạc cũng ổn, có pole dancer. Giá cả thì như những nơi khác. có phục vụ shisha.
Ngoài ra Blue Moon còn đầu tư thêm dịch vụ Karaoke VIP và sân Golf cao cấp trong nhà ở ngay kế bên quán bar. Phòng karaoke rất đẹp sang trọng và tất nhiên cái gía cũng ko hề rẻ.Xem thêm",122
1365,lạc,15/6/2021 20:21,3.2,"Cách mấy năm trước còn có cánh gà cay mình ăn vài lần xin thêm nước sốt ok , 1 time ngắn quay lại cánh ko bán nữa đùi gà thì dỡ ẹc mà mỗi lần xin thêm tí nc sốt phải là 5k ,  tạm biệt ko bao giờ quay lạiXem thêm",123
1366,Gia Đức,12/3/2021 19:55,1.0,"Mình ord 2 phần gà+khoai+ nước và 1 salad, đùi gà chiên lại ăn sặc mùi dầu cũ,cánh gà thì bẻ gãy được xương đủ hiểu gà đã cũ đên mức nào,nch là ko bao h ăn lại lần nữaXem thêm",123
1367,Đặng Hảo,26/2/2021 19:50,4.2,"Dở tệ! 

Mình mới đặt một phần burrito gà trên now mà thất vọng tràn trề. Không biết có phải bởi vì discount 50% ko. 

Burrito kiểu gì mà toàn là CƠM TRẮNG??? rắc một ít vụn thịt gì đó mình không chắc là thịt gì, cộng thêm được hai miếng rau cải trắng kimchi??? vỏ bánh thì taste như giấy. Không có sauce, gần như vô vị. 

Cho dù discount 100% thì mình cũng nuốt ko trôi món này!Xem thêm",123
1368,Dương Trần,22/12/2020 20:21,4.2,Đồ ăn cũ và bẩn. Gà có mùi hôi. Sốt mỳ ý thịt bằm giống thịt hưXem thêm,123
1369,Mỹ Anh Nguyễn Thị,17/2/2020 19:22,8.0,Mình ord cái này trên web ko được nên nhắn tin qua mess với***order luôn. Thiệt tình là mình rất thích monster Chips ở đây luôn á. Ở Sài gòn ko bik có chỗ nào bán Burrito hay Monster Chips ko nữa hic. À mình ord giao về chỗ bãi sau nên tính thêm phí ship là 20kXem thêm,123
1370,Mỹ Anh Nguyễn Thị,30/1/2020 19:45,8.0,"Mới lần đầu ăn mình đã kết luôn chỗ này rồi. Lúc đầu bước vào cứ tưởng là nó sẽ như Lotteria hay KFC. Nhưng ko, thực sự là đỉnh và đa dạng hơn nhiều. Mình vào đây thích nhất là cái Monster Chips á. Phủ ở trên là lớp phô mai dày và béo ngậy, cùng với mayonnaise và xúc xích nè. Xong có chips ăn kèm nữa. Bên dưới lớp Chips là rau củ bắp, đậu, cà rốt các kiểu với khoai tây chiên. Giá tầm 7 mấy hay sao á mình ko nhớ. Không gian có hơi tối, cũ 1 chút. Chờ tính tiền hơi lâu vì chỉ có 1 máy Cashier thôi. Đồ ăn ra cũng nhanh nhưng mà tùy món. Như món của mình là chờ khá lâu đóXem thêm",123
1371,Zọt Zinh,22/12/2019 18:58,4.6,"Lướt trên foody thấy quán này giảm 30% với cả cũng được khen nhiều nên mình quyết định đặt ở đây. Khoai với nước thì không có gì để phàn nàn cho tới khi  mình ăn miếng gà chiên. Lấy gà hết hạn để chiên nên lúc ăn ngay cả phần bột bên ngoài cũng rất hôi, mình là người dễ ăn mà cũng phải bỏ ngang. Đúng là của rẻ là của ôi!Xem thêm",123
1372,tpd12,30/4/2019 12:44,8.0,"Đi ăn theo tiếng gọi rv của các bạn, Rodstarz thật sự làm mình có niềm tin vào foody hết sức 🤗

📌Món mới bún thái ngon đậm đà vô cùng, hơn hẳn các quán mình từng ăn. Topping đa dạng (tôm, mực, bò, cá viên, bắp...) và có cả nướng chấm hải sản ăn cùng rất rất hợp vị luôn íii 😆
📌Đói con mắt nên mình có ăn thêm cả gà cay, mực khoanh, tôn viên, gà phô mai và mì ý:
- Gà cay vỏ giòn, gia vị cay ngọt rất ngon. Điểm trừ là hầu như lần nào mình đến quán cũng không có ức, chỉ còn đùi huhu. 
- Mực khoanh không phải nguyên khoanh mực nhúng bột chiên lên mà là thịt bằm với mực nêm gia vị. Mình thấy chưa thơm và rõ vị lắm, lâu lâu cắn trúng miếng nhỏ hơi dai dai thôi 😂.
- Tôm viên cũng giống mực khoanh nhưng thơm mùi tôm hơn chút xíu.
- Gà phô mai thì quá xuất sắc, cứu cánh cho 2 món kia 1 cách ngoạn mục, gà viên được quết hương vị ngọt cay rồi phủ phô mai beo béo. hiuhiu. Ngon hết sẩy con bà bảy 😆
- Mì ý cũng ngon. Cảm nhận được sốt làm từ cà chua thật, mình rất thích ăn spaghetti được làm từ cà chua chứ không phải từ sốt, tương... nên rất ưng nhưng theo khẩu vị của mình thì hơi nhạt một chút.
- Kem chỉ có vào các ngày trong tuần, t7 và cn không có. Kem ngon, vị cũng tương tự lotte, kfc... 😊

Chắc chắn sẽ quay lại hí hí 😻Xem thêm",123
1373,foodee_j58wwcgw,15/4/2019 15:31,1.0,"Hello, 
I ordered the beef burger. The buger patty size was ridiculously small and rubbery. The salad dressing on the burger was supper sweet (why salad dressing on a burger, IDK). I am not joking I had to chew the burger like it was bubble gum. I have eaten at a lot of cheap but still nice places in my life. This is cheap but not nice at all. PLEASE RECONSIDER EATING HERE!Xem thêm",123
1374,nguyen quang,11/1/2019 11:38,7.6,"Cuối tuần là nhà mình hay đi ăn quán lắm. Nếu nhà ko đi mình cũng rủ rê mấy đứa bạn đi ăn vặt cho được. Mỗi lần thèm gà rán . giá cả và chất lượng nhìn chung đáp ứng tốt. View cũng đẹp nên mình hay ghé thôi. Ăn  ko thì ngắn lắm nên mỗi lần ăn là lại gọi thêm món ăn kèm, bữa thì gọi salad trộn , hôm thì bún thái , hôm lại gọi mì ý.... Ăn kèm gà rán đỡ ngán mà lại no.Xem thêm",123
1375,Brandon,5/3/2021 8:54,10,Excellent food service ambiance experience. Do yourself a favor and try this delicious healthy food located in Paradise City.Xem thêm,124
1376,Quyên Hoàng,15/12/2020 18:58,5.0,"Mình gọi đồ ăn ở quán nhiều lần nhưng quán lúc nào cũng giao thiếu hôm thì thiếu đũa hôm thì thiếu nước chấm,như hôm nay cũng thế mình đặt cơm lứt muối mè thì ko thấy muối mè đâu cơm chiên ngũ sắc thì mặn chát.  Mong rằng quán để ý hơnXem thêm",124
1377,Loan Tran,17/11/2020 20:57,5.0,"Món ăn siêu vừa miệng, không gian thoáng có cả bể bơi nữaXem thêm",124
1378,Long Minh,16/11/2020 11:31,9.2,OkXem thêm,124
1379,Dung Hoang,13/11/2020 8:43,10,"Hộp giấy sạch sẽ, bảo vệ môi trường, đồ ăn chất lượngXem thêm",124
1380,toan trieu,8/11/2020 12:14,9.6,Món ăn ngon hợp khẩu vịXem thêm,124
1381,Toan Trieu,8/11/2020 12:13,9.0,"Chay mà ngon, ko cảm giác như ăn chayXem thêm",124
1382,MT Đặng,4/11/2020 19:29,7.8,"Quán có không gian riêng tư rất thích. Không gian xanh sạch. Quan trọng là k có đồ nhựa, plastic nha. Món ăn thanh đạm nhưng đầy đủ chất dinh dưỡng. Đúng kiểu nhà hàng thực dưỡng. Món ăn siêu ít dầu, thậm chí k có. Lần sau sẽ đưa cả nhà đếnXem thêm",124
1383,Phạm Đạt,31/10/2020 12:49,7.6,"Đồ ăn ngon, giá ổn, trình bày đẹp mắt và sáng tạoXem thêm",124
1384,foodee_d924441d,29/10/2020 19:14,8.8,"Món ăn ngon. Đồ ăn có vẻ ít nhưng ăn xong thấy no nê phết

Chị chủ dễ tính chia sẻ nhiều kiến thức về thực dưỡng

Không gian ổn. Hợp với những bữa cơm thân mật. 

Nhân viên nhẹ nhàng dễ tính.

Có sẵn máy cơ để chụp cho khách luôn.Xem thêm",124
1385,Hằng Nguyễn,29/1/2020 12:41,8.6,"🌟 Quán cà phê Ô Cấp ở Vũng_Tàu có từ rất lâu rồi.  Quán cũng có tên là Foto - Face luôn thì phải, vì lần nào Ú ghé lên Vũng_Tàu chơi đều ghé đến ăn sáng,  uống cà phê. 
🌟 Không gian rộng,  có nhiều khu vực cho bạn và gia đình lựa chọn. Nhân viên phục vụ cũng bình thường,  lên món theo yêu cầu. Ở đây các món nước có giá tầm 2x -7x, các món ăn sáng có giá tầm 3x-7x.  Các món ăn thì ăn tạn được thôi,  chủ yếu ghé uống nhâm nhi cà phê sáng,  hóng gió biển. Ở đây có view nhìn ra bờ biển đẹp.Xem thêm",125
1386,foodee_jcci4vpr,19/5/2019 10:06,3.4,"Phục vụ quá tệ, vô ngồi gần cả tiếng k ai lại dọn bàn, kêu nc đợi cả tiếng chưa mang ra. View đẹp nhưng phục vụ tệ quá, k cần khách.Xem thêm",125
1387,Trieu Anh Ha,15/10/2018 9:23,7.0,"Vị trí tốt
Cây cối rậm rạp, đi ngay ngày mưa nên hơi dơ.
Nước uống tạm được, giá rẻ.
Nhân viên phục vụ thì chắc cho 2 điểm.Xem thêm",125
1388,Ut Nho *,22/7/2018 20:35,7.0,"Đi viếng  chùa Hải Vân thấy quán cafe Ô cấp gần bên nên ghé vào uống. 
Vị trí ngay mặt biển rat lý tưởng ngồi ngắm biển .
Nước thì 2 Cô mình gọi cafe nghe nói uống ngon.
Còn nước cam vắt thì bỏ đường quá ngọt .Xem thêm",125
1389,Hồng Phan,4/11/2017 10:52,8.2,"Đi Vũng Tàu mà thiếu việc ngồi cf buổi sáng ngắm biển và gió thì có lẽ hơi phí phạm. ^^. Biển mát lành, ồn ào và ẩm hơi muối, nhìn từ quán cf thì đẹp và thơ mông, làm nhớ tới mấy quán cf bên bãi biển ở Đà Nẵng. Nước cũng ngon. Nhưng buổi sáng chủ nhật mà kiếm chỗ ngồi ở mấy quán cf ven biển thế này hơi khó. Các bạn chịu khó đi sớm một chút hay đặt chỗ trước nhé ^^Xem thêm",125
1390,Quyên Đinh Văn,24/6/2017 21:31,8.4,"Ghé quán vào dịp du lịch, mình kết quán nhất ở vị trí, nằm ngay sát bờ biển, góc nhìn ra cực thoáng, cực đẹp, quan sát biển vào buổi sáng thì không còn chỗ nào để chê. Không gian quán cũng khá rộng rãi. Các em nhân viên khá nhiệt tình và lịch sự. Về chất lượng, món bò bít tết khá tệ, bò dai, và còn mùi, nước sốt không có kèm theo ba tê, trứng ốp la... như một số chỗ khác; nước uống mình gọi là cà phê sữa và ca cao uống được. Giá nước uống ở đây giá khá mềm và hợp lý, còn đồ ăn thì rõ là chưa tương xứng với chất lượng. Lần sau có ghé mình chỉ uống cà phê và ngắm biển.Xem thêm",125
1391,Đỗ Đỗ,30/3/2017 18:29,7.8,"Bản thân vốn dĩ thích ngắm biển từ trên cao nên đợt du lịch đến Vũng Tàu vừa rồi, mình được bạn bè giới thiệu cho quán này. Ở đây cái gì cũng ok, từ không gian đến thức uống, làm mình hài lòng vô cùng.Xem thêm",125
1392,Hương Hương,3/9/2016 16:36,6.4,"- Đồ ăn ( sáng ) : Theo mình thì không ngon :( . Thứ nhất là Bò nhé , dạng bò mà ướp lạnh để lâu quá r nên bị khô khô ấy . Hủ tiếu bò kho cũng ko ngon cho lắm, giá thì hơi nhỉnh đối với chất lượng đồ ăn thế này ! 
- Đồ ăn ( Tối ): Cái này thì chỉ nấu cho khách đặt trc nè ! Có thể có nhiều ng ko biết vụ này . Đầu bếp tối NẤU ĂN NGON ! Giá cả thì cũng phải chăng , nấu đc nhiều món ko thua Gành Hào, nhiệt tình tư vấn giá cả, món ăn ! Nói chung là chịu ! 
- Nhân viên : cũng bth , ko quá nhiệt tình nhưng cũng ko quá thái độ 
- Điều duy nhất mình thích là Phong Cảnh Nhìn Từ Quán . Buổi sáng nhìn ra hướng biển rất đẹp nhé !Xem thêm",125
1393,ngọc thi thanh lợi,16/1/2016 9:11,6.0,"Bọn mình ghé quán thấy menu có nhiều món lạ,nhân viên thân thiện nhiệt tình quảng cáo nào là biển tím,biển tình.....mih chọn món (bóng biển) ngon tuyệt.Nghe nói món này còn có tên gọi là (bê đê biển).các b có tới vũng tàu thì ghé foto-face trải nghiệm thử nhéXem thêm",125
1394,dangthuydung2504,30/9/2015 19:40,6.0,"View được, nhưng nước ko đc ngon lắm, nha đam đường phèn mùi vị lạ lạXem thêm",125
1395,Hieu Ng,25/4/2020 17:20,7.8,"Order giao hàng rất nhanh, ly có in nhãn rau má Lập Thành, ép seal chắc, quán làm món đúng như note. Rau má đậu sầu riêng 25k size 700 ml nhiều, sầu riêng đậu xanh rất thơm, nhưng hơi ngọt quá. Rau má bơ đậu size 700 ml 25k dặn không đường là vừa uống, đậu cho nhiều, thơm, uống không đường là vừa đủ ngọt, chất lượng. Menu có nhiều sự lựa chọn như rau má, sinh tố,... các loại, giá cả tính ra khá rẻ, chất lượng ok. Sẽ thử thêm nhiều món khác của quán sắp tớiXem thêm",126
1396,Thao Trinh,9/11/2018 20:47,7.6,"Dừng taxi tính mua rau má thì có bạn ra chào, cuối cùng dẫn ra quán này. Mình với nhỏ bạn tẻ ra mỗi người mua một bên cho công bằng. Một bên Lập Thành một bên Bà Già, thấy 2 bên không khác gì nhau luôn. Ở đây mình cũng ưu tiên rau má đậu thôi. Mình thấy nếu có vào quán nào cũng đừng áy náy cứ tự tin mà mua vì chất lượng đồng đều, chỉ khó xử nếu ai lần đầu tiên tới mua hông biết mua của ai thôi.Xem thêm",126
1397,Quyên Lê,5/6/2018 16:30,8.0,"Thức uống ngon, giá vừa đẹp 😉
Nhân viên nhiệt tình, uống 2 lần đều hài lòng. Quên chụp ly sinh tố xoài 😂
Mua về uống là chủ yếu. Mình mua xong ghé bên kia đường ngồi uống hóng mát là vừa đẹp 👍Xem thêm",126
1398,Luo Small,8/5/2018 23:33,7.0,"Ghé quán lúc 2h chiều, chưa mở cửa nên đành gọi 1 ly sinh tố bơ mãng cầu gai mua về 25k. Không biết tại mình mix vị kì cục quá hay vì quán mà khi uống cảm thấy vẫn không có gì đặc sắc lắm:((Xem thêm",126
1399,hồng ngọc nguyễn,8/5/2018 15:56,7.4,"quán này nằm trên con đường bán đồ ăn uống lâu năm của Vũng Tàu, mình sống ở đây nên cũng hay mua rau má uống, rau má rẻ, ngon đặc vị rau, phục vụ cũng nhanh gọn, buổi tối cực kì đông khách, với mình thì rau má ở đây uống ổn và giá cả cũng ok. sẽ luôn ghé đây khi cần mua rau má uốngXem thêm",126
1400,Sang Nguyễn Tấn Phước,5/7/2017 17:18,8.0,"+ Đi buổi tối nên cũng khá đông, mua về thì chịu khó đợi khoảng 4-5p
+ Còn ngồi tại chỗ thì sang bên đường, ngồi thoải mái hóng gió luôn.
+ Đồ uống ổn, không đắt, gọi các món đơn giản như Má Đậu, sinh tố bơ, sinh tố cà chua... Những món hỗn hợp hơn 1 chút thì coi chừng nha
+ Chú ý chỗ để xe, xe được dắt qua một bên nên không thấy, nên đem đồ cá nhân vô theo. Có cái là có xe hơi đậu sát lề nên view nhìn ra đường cũng hạn chế. Lâu lâu gặp khách hút thuốc thì hơi khó chịu.
+ Mọi thứ chấp nhận được!Xem thêm",126
1401,Phạm Thị Kim Loan,31/3/2017 16:42,8.0,"Xuống Vũng Tàu nhất định phải thử sinh tố lập thành nha. Hơi bị đỉnh luôn í. Rau má pha cũng đậm vị, sinh tố không quá ngọt.
Giá cả cũng khá bình dân.
Nhân viên thân thiện, nhiệt tình. 
Chắc chắn sẽ ghé lại nếu có dịp đi chơi Vũng tàuXem thêm",126
1402,Thienphu,30/3/2017 1:30,0,Trương trình món ngon mỗi ngàyXem thêm,126
1403,T Y,28/2/2017 14:02,8.0,"Ngon có truyền thống. Khu Đồi Chiểu này có 2 quán là Lập Thành 1 và Bà Già, mình thì hay uống Lập Thành 1, còn thấy dân Vũng Tàu hay uống quán Bà Già, cá nhân mình thì thấy quán nào cũng như nhau cả, ngon khỏi bàn. 2 quán bán lâu đời rồi vẫn giữ chất lượng như xưa. Cảm giác uống k bị ngấy, xay nhuyễn mà ngọt vừa phải uống xong vẫn muốn uống ly nữa. Giá thì vẫn giữ k thấy tăng lên mấy. 1 ly 12k.Xem thêm",126
1404,Nhã Nguyễn 🐻,13/9/2016 11:18,7.8,"Mình đọc bình luận có bạn nào kêu 20k một ly là sai rồi nhé. Mình mua mang về 13k rau má dừa, 12k rau má đậu (hoặc ngược lại, tại mình không nhớ rõ, nhưng chính xác 12k và 13k nhé). Ly rau má ít nước đá, toàn nước rau má, uống rất ngon, vị lạ, giá bình dân và phục vụ cũng nhanh nhẹn nữa. Nằm ngay đầu đường Đồ Chiểu, trên đường ĐC cũng nhiều chỗ lắm mà mình thấy chỗ này ngon với giá rẻ, quán nhỏ xíu, có mỗi một xe nước và vài bộ bàn ghế phía trước, nhiều người đến mua về lắm.Xem thêm",126
1405,Trường Đ Nguyễn,1/1/2021 11:14,8.6,"Không gian quán rộng rãi, nhân viên niềm nở, nước uống cũng uki thui. Mình kêu 1 ly ts đường đen vs htra dưa lưới thì htra dưa lưới ngon hơn, tsua đường đen thì khá là 👎 . Bánh ở đây ngon hơn Highland nhưng giá sẽ hơn 1 tẹo.Xem thêm",127
1406,foodee_9338e335,28/8/2020 12:17,5.0,"Đến quán ăn sáng & coffee rồi mua bánh về. Lức đưa lên miệng thì thấy mốc meo, xem lại thì lúc mua đã bị quá hạn sử dụng 1 ngày + 1 ngày chưa dùng.
Mang hàng đến góp ý thì cô quản lý nói lỗi khách hàng không giữ hoá đơn, không kiểm tra khi mua, ko có bằng chứng...
Túm lại, mình trở thành kẻ nói dối ???Xem thêm",127
1407,Hoàng Du,1/12/2019 14:07,5.6,"Mình đến quán khoảng tầm 1 tháng trước. Phải nói là trải nghiệm không tốt chút nào, định bụng về sẽ review cho quán xem xét cải thiện chất lượng dịch vụ mà quên mất hôm nay mới nhớ ra. Hôm đó mình đi với bạn, và bạn mình than phiền là món Trà Dưa Gang của bạn ý độn quá nhiều đá, đến nỗi muốn cắm ống hút sâu xuống đáy ly cũng thấy khó khăn. Mình gọi Trà Bá Tước thêm sữa tươi, uống khá nhạt, nhưng ở quầy tự phục vụ có để sẵn một chai nước đường nên mình có thể gia giảm độ ngọt tuỳ ý. Bánh Trà xanh của bạn mình ăn cũng tạm nhưng khá ngọt nên hơi ngán. Đến bánh Red Velvet Cream Cheese của mình thì xin lỗi, mình thất vọng thật sự. Cốt bánh ngọt và khô, phần kem phủ thì vị của cream cheese khá nhạt nhoà, như kiểu quán giảm lượng cream cheese và tăng lượng kem tươi hay gì đó lên để giảm giá thành nguyên liệu vậy. Lúc nhân viên mang bánh lên mình có hơi hết hồn vì miếng bánh khá là to ý, nhưng tiếc là chất lượng thì không như mong đợi. Nói chung là cả bánh lẫn đồ uống đều không có gì đặc sắc. 

Bây giờ nói đến chất lượng dịch vụ. Mình không biết quán có bao nhiêu cục phát wifi nhưng mình thấy có 3 cái tên wifi Bean & Jam lận, và đoán xem :) Tụi mình ngồi từ 8 giờ đến tận 9 giờ 30 tối mà vẫn không đứa nào vào được một cái wifi nào trong 3 cái đó. Sau đó mình vẫn rất kiên nhẫn đi tìm nhân viên hỏi về vấn đề wifi, hy vọng các bạn cho mình được một cách giải quyết thoả đáng thì bạn nhân viên bảo với mình là chắc nhiều người vô quá chị ráng tắt đi mở lại nhiều lần coi sao, và cũng không giải quyết được gì cho mình luôn. Mà nói thật là mình không nghĩ vấn đề nằm ở việc đông khách đâu ạ, vì quán hôm đó cũng không đông mức có thể làm nghẽn đến 3 cục wifi. Nên mình đề nghị quán trước khi đổ lỗi cho những vấn đề khách quan thì vẫn nên xem xét lại chất lượng wifi của quán trước đi đã.Xem thêm",127
1408,Hưng Thịnh,20/8/2019 14:29,8.6,"Lâu lắm mới quay lại đây, bất ngờ với diện mạo mới rất rất nhiều bánh và các ấn phẩm trong cửa hàng. Bánh được trưng bày từng khu riêng biệt để khách dễ dàng có sự chọn lựa. Mình thì thích ăn bánh mì ngọt va bánh kem bên đây vì nh bánh nhìn lạ, bắt mắt mà lại ngon nữa. Bánh không quá ngọt, ngấy... mà thay vào đó là bông lan mềm,lớp kem phủ hình như k giống như kem mấy cửa hàng bên ngoài bán, ăn rất ngon luôn ấy. Nước thì mình trung thành với nước trà đen kem muối. Trà thơm ngào ngạt, vị thanh mát k ngọt gắt., lớp bên trên là kem muối mằn mặn beo béo ahihi vừa viết mà thèm. Chắc tối nay triển tiếp quá.
À nhân viên cực thích bé trai đứng tính tiền đeo mắt kính, chào nói chuyện dễ thương vui vẻ gì đâu.
CTKM hình như hôm nào cũng có thì phải, mà cũng k biết phải ko nữa vì mình theo dõi fanpage thấy đăng hoài á
Nói tóm lại là thích. Sẽ quay lại nèXem thêm",127
1409,Hannah Nguyen,10/8/2019 23:33,1.0,"Mới bước vào thì thấy cũng ok, nước rẻ, mình gọi trà cafe và 6 cái bánh. Bưng bánh bẻ ra ăn thì thấy kiến bò lổn nhổn trên khay trên bánh, gọi phục vụ bạn ấy bảo ra thu ngân, ra thu ngân cũng không một lời xin lỗi bảo đổi bánh. Quản lý mặt lạnh tanh chạy ra khay bánh lấy cái khác, mình chạy theo thấy khay đó cũng lổn nhổn kiến, bạn ấy mang cả khay vào trong hình như bắt hết kiến đi rồi đưa mình cái bánh đã sạch kiến. Lạnh lùng đưa cái bánh không lời xin lỗi
Bánh ngọt thì cho cái muỗng nhựa mất cảm tình, ly nước toàn dùng ly giấy. 
Phục vụ tệ, vệ sinh an toàn thực phẩm cũng tệ. 
Không quay lạiXem thêm",127
1410,Trâm Lê,11/9/2018 16:16,8.0,Quán ko gian tối nhưng đẹp. Decor thì lại lỏng lẻo quá nhìn nó hơi chán một xíu. Đồ uống khá ổn và bánh khá tệXem thêm,127
1411,Mỹ An,1/8/2018 15:02,7.6,"Rất thích mùi cafe ở đây nhưng mà lâu lâu mới đi vì có nhiều quán mới mở quá :> hị hị
   ¤ Đi một mình nên order ly Caramel Mocha. Lúc đầu mình thấy hơi nhạt, nhưng phần dưới đáy lại ngọt nên phải ngồi khuấy lên, nói chung nó vẫn ko đều vị :< Thật ra h đồ uống ở đây ko ngon như trước nữa, tạm ổn thui. 
   ¤ Bánh thì lần này mình ko ăn, nhưng bánh ở đây đa dạng lắm nhé, mấy lần trước thử đều rất ổn, thích Cheesecake với Chocolate nhất nhất luôn. 
   ¤ Nhân viên thì cũng ổn, không gian max dễ chịu, lên lầu 2 góc phòng phía trong thường ít người nên cực kì yên tĩnh, phù hợp học nhóm nhỏ, đọc sách, làm việc.Xem thêm",127
1412,Ng T Linh,16/6/2018 23:36,7.6,"Vài năm trước đồ uống ở đây rất ngon, nhưng tầm 1 năm nay mình trở lại thì thấy quán pha chế nước không ngon như xưa nữa. Đồ uống hiện giờ thuộc dạng ổn, giá cũng ổn. Quán xinh, nhiều chỗ ngồi và yên tĩnh. Nếu các bạn muốn 1 chỗ yên tĩnh để học hay làm việc thì mình high recommend quán này. 

À, trong hình là caramel đá xay có kem tươi, với món gì đó mà đại loại là bạc hà với socola đá xay nhưng vị bạc hà đậm hơn vị socola nhé (nhân viên sẽ nói trước với mình). Nói chung thì 2 món khá ngon, còn đánh giá riêng thì món bạc hà socola kia nhỉnh hơn nhé.Xem thêm",127
1413,Tuyết Trinh,20/2/2018 15:26,2.4,Món đồ uống ở quán quá dở. Món trà đen machiato nhưng k thấy lớp machiato đâu. Nếu gọi món này ở một quán khác chắc chắn se ngon hơn.Xem thêm,127
1414,Lục Vy,15/12/2017 13:20,9.4,"Cửa hàng trang trí cũng dễ thương mặc dù ban đên thì hơi tối, nhân viên thân thiện. Nước uống lạ TRÀ ĐÀO ĐÁ XAY. Đồ ăn thì ngon khỏi bàn. Nói chung là quán ok, sạch sẽ, yên tĩnh. Sẽ quay lại.Xem thêm",127
1415,Thảo  Hồ,17/5/2019 19:16,7.4,"Không gian: thoáng mát, lịch sự, nướng nhưng không khói
Món ăn: vị ngon, thức ăn chất lượng từ quầy line đến menu buffet, sốt thấm thịt.
Phục vụ: các bạn ở đâu khi tôi cần bạn?! Tôi đến quán khá vắng vẻ thì các bạn tụ 3 nói chuyện trước bàn tôi, và khi vỉ nướng khét như ảnh hơn 4 lượt đi kèm nhìn nhưng các bạn thụ động, than cháy nhỏ tôi tự mở vỉ và lật than 2 lần vì tìm các bạn khó lắm
Ly nước vỡ để cho khách uống là sai đấy nhéXem thêm",128
1416,Pooh Luv Food,19/2/2019 17:06,7.4,"- Quán có 2 Set buffet, mình thấy chất lượng rất ổn với giá cả như vậy. Thịt tươi và được ướp khá vừa miệng. Thích nhất là hệ thống hút khói của quán, quán đông và ai cũng nướng mà hầu như không bị ám mùi. 
- Không gian: rộng rãi
- Phục vụ: nhân viên của quán khá dễ thương và thân thiện.Xem thêm",128
1417,S Sagitt,17/7/2018 20:00,9.6,"Thiệt tình là nghĩ sao kêu Hana đồ tươi vậy trời. Sốt ướp đỏ cả thịt như vậy mà mấy bác kêu tươi. Tui thấy ăn ở Grill&Cheer thịt bò tươi hơn nhiều. Còn đồ đông lạnh là hiển nhiên rồi, Bò Mỹ Bò Úc chứ có phải bò Việt Nam đâu.
Phục vụ bên GC thì ăn đứt Hana rồi, rất nhiệt tình, thân thiện và chiều khách nữa. 
Bên nhà hàng đã vậy rất chịu khó nghe góp ý, tui có từng góp ý mấy món gỏi thấm nhiều nước sốt nên trông màu không đẹp vậy là hôm sau thấy có khay sốt riêng rồi.
Nói chung là Ok, ăn hoài và rất vui lòng khi được giảm giá để ăn tiếp :DXem thêm",128
1418,Dieu huong,12/7/2018 13:21,2.2,"Hôm nay lần thứ 3 mình trở lại đây ăn trưa, phải nói là không còn lời nào để phàn nàn vì quá tệ về mọi thứ. Từ đồ ăn , con người, dịch vụ, chất lượng mình đều thấy quá tệ so với trị giá mình phải bỏ ra cho một bữa ăn trưa. Và có lẽ mình sẽ không đủ can đảm và dư tiền để quay trở lại đây thêm lần nào nữa.Xem thêm",128
1419,Ng T Linh,11/6/2018 22:21,7.8,"Không gian: rộng rãi, nhiều bàn nhưng vẫn tạo cảm giác thoáng, không bị ngộp. 
Nhân viên: nhẹ nhàng, niềm nở, chu đáo.
Đồ ăn: ổn, không quá xuất sắc.Xem thêm",128
1420,marexo,19/5/2018 19:23,3.8,"Đồ ăn ngon nhưng nhân viên khó tính, đã vậy còn liếc khách như chị Nguyệt ấy!😡😤 Hết ngon👿👎🏻Xem thêm",128
1421,Lâm,20/4/2018 12:18,7.0,"Kì này đi ăn 2 tuần liền ở đây. Đồ ăn ướp k co j thay đổi nhưng nhân viên wa ít. Khách đông gần như full mấy chục bàn mà có dc 3,4 người nhân viên. Phục vụ chậm hơn nhiều so với luc trước mih đi. Cần cải thiệnXem thêm",128
1422,Quăn Quăn,19/4/2018 22:52,8.0,"Không gian: rộng rãi, tuy nhiên quán đông nên không đủ chỗ ngồi.
thức ăn thì không bằng hàng xóm hana rồi, cái xứ nào chứ cái xứ vũng Tàu này đi 2 cửa hàng, mình thấy hana là ok nhất, đồ tươi nhất, giá + chất lượng là tuyệt vời ông mặt trời.
mà phải nói là, đừng nghĩ cùng hệ thống thì bạn ăn ở đâu cũng như nhau, xin thưa. còn tùy cả vào nhân viên, và không gian nữa. cộng thêm cái điểm là người đó dân gốc miền nào nữa. mình không chán quán, chỉ thấy đến vũng tàu ăn ở đây không bằngXem thêm",128
1423,thành,18/3/2018 20:22,8.0,Quán phục vụ rất tốt. Giá 269k nhưng chưa gồm Vat. Bạn nhớ là không gồm vat nên nhớ thêm 10% vào. Món ăn rất ngon luôn. Nhân viên rất nhiệt tình. Mình chỉ việc ngồi và gọi thoi. Thay vĩ liên tục. Nhân viên nhiệt tình ghê gớm. Có điều ít cười. À có 1 chị rất dễ thương lúc mình kêu vé.Xem thêm,128
1424,Như Phước,21/2/2018 21:36,2.6,"Ai muốn thử lòng kiên nhẫn hãy đến đây ăn :))) Thề luôn ạ, gọi món chờ mòn mỏi nhân viên không dọn bàn ăn không để ý khách. Quán rất đông người phục vụ chỉ vọn vẹn vài người 🙄 

Đồ ăn ổn, buffet trên line tới trễ thì không còn gì hết nhá nhá :))) mình đến khoảng 8h 😖 

Nhân viên thì ôi thôi, chắc tại đông nên đừ đừ hay sao ạ, nói chuyện với khách mặt không có nổi nụ cười còn lúc giỡn với nhau thì tươi lắm luôn ạ :) 

1 lần không có lần 2 🤣🤣Xem thêm",128
1425,Bảo Nghi Hồ Ngọc,30/11/2023 12:42,10,"Quán  món ăn ngon lắm, phục vụ nhiệt tìnhXem thêm",129
1426,Vân Ciu's,28/11/2023 13:08,9.8,Ngon tuyệt vời ạXem thêm,129
1427,foodee_8h5md55j,27/11/2023 15:36,10,Ngon tuyệt vời ạXem thêm,129
1428,Chu Thị Lợi,27/11/2023 14:28,10,Ngon tuyệt vờiXem thêm,129
1429,Doan Trần,26/11/2023 12:24,6.0,Tuyệt vờiXem thêm,129
1430,Trân Trần,26/11/2023 12:15,5.0,Tuyệt vờiXem thêm,129
1431,hhhmeow,26/11/2023 11:30,7.8,"Đồ ăn ngon, tuyệt vờiXem thêm",129
1432,Quỳnh Anh,25/11/2023 15:45,9.4,Chất lượng ok so với giá thành. Được ngắm cả phố trung tâm nhộn nhịp luôn. Đặc biệt món ăn khá là ngonXem thêm,129
1433,mvsnmm,24/11/2023 17:15,5.0,tuyệt vời đồ ăn ngon phục vụ tốtXem thêm,129
1434,hoàng thị lệ,24/11/2023 10:35,9.8,Đồ ăn ngon - thơm - an toàn vệ sinhXem thêm,129
1435,nguyen_lien90,7/12/2023 10:24,10,Đồ ăn ngon nhéXem thêm,130
1436,foodee_64e468d5,7/12/2023 10:23,10,Quán này ngon lắmXem thêm,130
1437,foodee_b4ltk7gy,7/12/2023 10:20,10,Bò ngonXem thêm,130
1438,Hồng Vân Nguyễn,5/12/2023 10:23,9.2,"Cá lóc ở đây tươi ngon thịt dai dai vị thơm của cá nữa rất hấp dẫn mùa này se se lạnh ăn món này hết sảy, không gian thoáng mát, giá rẻ👍Xem thêm",130
1439,Meimei,5/12/2023 10:22,10,Ngon lắm nha mộ ngườiXem thêm,130
1440,Hi Tien,5/12/2023 10:20,10,Rất ngonXem thêm,130
1441,Trang Nguyen,5/12/2023 10:20,5.0,Món ăn ngonXem thêm,130
1442,Xôi Hà Nội,2/12/2023 10:23,5.0,NgonXem thêm,130
1443,Ngọc Quyền,2/12/2023 10:23,10,ăn quán này nhớ quên quáXem thêm,130
1444,Phạm Khánh Trang,2/12/2023 10:21,10,"Thịt cá rất tươi, ngon lắm ạXem thêm",130
1445,QL,18/1/2019 20:38,7.0,"🍒Dạo này ko thấy hủ tiếu chờ bán nữa nên ghé qua kiều ăn. Chất lượng cũng same same nhau nha các bạn vì là họ hàng
Mình thường gọi tô khô ko gan ko trứng
Đặc biệt thích xương ở đây vì nó rất mềm và ngọt thịt
🍒Giá bây giờ chắc cũng 20k rồi. Hồi xưa mình ăn có 12k àXem thêm",131
1446,QL,23/6/2018 11:08,7.0,"🍒Hủ tiếu khô làm ngon
Nước lèo đậm đà
Đồ ăn cũng tương đối
Hồi xưa mình ăn 15k giờ lên 25k
🍒2 anh chị cũng nhiệt tìnhXem thêm",131
1447,Mều Na,26/8/2017 19:05,7.8,"Foody này nhiều cái cũng buồn cười chết mất.
Cái này nghĩ 100% là không có trên foody đâu, ai dè có mới tục, cái nghĩ hiển nhiên có thì kiếm lòi mắt không ra :))))
Quán này nghe bạn mình bảo có chị em, anh em họ hàng gì với hủ tiếu chờ ( đợi) gì bên Lê Lợi hay sao đó :))
Quán bình dân, hủ tiếu khá ngon, làm nhanh, khá hấp dẫn. Dễ kiếm nữa, cũng khá đông khách
Mỗi tội ăn thôi, dòm hơi bô nhếch xíu. 
Bây giờ đang ngồi type những dòng này và vừa nuốt nước miếng dòm hình đây :))Xem thêm",131
1448,Thanh xuân,13/8/2017 21:38,9.0,"Thấy quảng cáo ngon bon chen ăn thử 1 bánh canh, 1 hủ tíu, ngon 18k tô 1 cục xương bự 1 miếng gan, 1 miếng bò viên 1 miếng phèo, 1 quả trứng cúc... nước ngon hủ tiếu dai đi tối chủ nhật nên vắng có ăn lẹ, ăn vỉa hè mát, chỗ để xe rộng.Xem thêm",131
1449,Thư Huỳnh,3/6/2017 12:59,5.6,"Thấy giới thiệu trên foody nên tới thử! Hủ tiếu dai, ngon! Mình ăn tô khô gồm: xương nạt, lòng, trứng cút - 19k! Dể chấp nhận với một đứa dể tính như mình!Xem thêm",131
1450,eatwtea 💋,6/10/2016 0:03,8.2,"Tháng nào anh lương về trễ là y như rằng hủ tiếu thẳng tiến luôn. Tìm về với quán chị Kiều hủ tiếu vừa ngon vừa rẻ. Bình thường 17k/tô, hôm nào đói kêu thêm vắt hủ tiếu nữa là no đến sáng, mai khỏi ăn sáng lun cũng được. 

Mình hay ăn ở đây giá cả cũng là 1 phần thôi, quan trọng là chất lượng. Và đặc biệt là hương vị của nước lèo chứ hủ tiếu và đồ ăn kèm các quán cũng tương tự nhau thôi. Nước lèo ngon, đậm đà thì tô hủ tiếu mới đạt điểm 10 được. So với giá 17-20k thì chất lượng chỗ này quá ổn ko có j để chê nữa.Xem thêm",131
1451,QL,27/8/2016 18:11,7.2,"Về vt là hay ăn hủ tiếu ở đây
Chị bán vui vẻ dễ tính
Đồ ăn ở đây ngon, nước lèo cũng ngon
Hồi đó mới bán vắng giờ đông quá trơi
17k/tô nhaXem thêm",131
1452,Hoàng Minh,8/8/2016 17:18,8.0,"Có dịp ra Vũng Tàu chơi nên ghé đây ăn thử. Mình kêu 1 hủ tíu mì khô, 1 hủ tíu khô và 1 hủ tíu hoành thánh nước. Đồng giá 17k/tô. Nước súp vừa ăn, thơm ngọt. 1 tô có đầy đủ xương, thịt viên, gan heo, trứng cút, phèo khá chất lượng. Hủ tíu khô trộn vừa ăn, có thêm hành phi và tóp mỡ thơm thơm. Cô chủ quán vui vẻ thân thiện lắm. Cà phê đá 8k/li. Cà phê sữa 10k. Sữa đậu nành 5k. Điểm trừ là quán hơi nhỏ. Mai mốt có dịp ra Vũng Tàu sẽ ghé lại.Xem thêm",131
1453,Pa Nee,24/7/2016 14:55,8.0,"Trong các xe bán hủ tiếu gõ ở Vũng Tàu thì chỗ này bán chất lượng khá tốt và ngon nè. Anh chị chủ quán còn trẻ tuổi nên rất vui vẻ niềm nở với khác. Mình ghé ăn vài lần thấy đa số là khách quen của quán cũng nhiều. Chỗ này gần nhà nhưng mãi gần đây mới được giới thiệu. Chạy ngang vài lần thấy đông nên vào ăn thử thì ghiền luôn. Thích ăn hủ tiếu khô, các chỗ khác bán 15-17k nhưng chỉ có ít bò viên và thịt nạc. Còn chỗ này cho hẳn cục xương nạc to, ngồi ăn đoán giá đoán non tô này cũng phải 20k. Tuy vậy vẫn là giá chấp nhận được. Nhưng tính tiền thì bất ngờ với giá 17k luôn. Sẽ ủng hộ quán dài dài.Xem thêm",131
1454,Na Ng,23/7/2016 12:59,8.0,"Quán này bán hủ tiếu vừa rẻ, vừa ngon giá chỉ 17k nên hôm nào khách cũng đông. Ghé ăn sau 10h hầu như toàn hết xương. Trước chỉ bán buổi tối nhưng giờ quán phục vụ cả buổi sáng nên bữa nào tối chưa kịp ăn thì đợi sáng ăn luôn vẫn được. Thích nhất là nước lèo đậm đà, hủ tiếu tuy hơi ít nhưng ăn vừa đủ thòm thèm ko ngán. Do vậy nên hầu như tuần nào mình cũng ghé ăn ít nhất là 1 lần. Ăn nhiều thành quen anh chị chủ biết ý sau này đến chả cần gọi chỉ nhìn mặt là bưng hủ tiếu luôn heheeXem thêm",131
1455,Chi Nguyễn,10/4/2023 19:24,10,"Hihglands Coffee ưu đãi mua 2 tặng 1, nhấn vào link để nhận ngay ưu đãi: https://shorten.asia/2KUEeFgXXem thêm",132
1456,Pun Tròn Tròn🍒,25/6/2022 21:21,10,Chân ái của mình là đây ạXem thêm,132
1457,Pun Tròn Tròn🍒,4/4/2021 21:06,9.2,Ở đây thì vị nó y chang nhau rồi ko j bàn cãiXem thêm,132
1458,hungtram152,7/2/2019 10:11,5.8,Đã phản ánh với nhân viên quản lý highlands Coffee Trần Hưng Đạo mùi cống từ toà nhà Kim Minh rất hôi thối. Không hiểu tại sao lại không giải quyết triệt để vấn đề này?Xem thêm,132
1459,Nguyễn Tân,23/11/2018 18:03,8.8,"Quán nằm ở vị trí khá đắc địa ở góc Trần Hưng Đạo với nhà thờ Vũng Tàu. Gần khu vực các ngân hàng, trường học nên buổi sáng thường rất đông khách. Quán mở cửa từ sáng cho đến tối. Bán cà phê pha máy các loại, matcha đá xay, trà trái cây và có bán cả bánh ngọt. Cà phê ở đây tạm được chứ k ngon xuất sắc lắm, matcha đá xay có hôm uống hơi ngọt quá, đổi lại bánh ngọt thì ngon và trà đào thì ok hơn những chỗ khác. 
Điểm cộng là thái độ các bạn nhân viên phục vụ ở đây rất thân thiện và nhiệt tình dù cho quán hầu hết full khách vào giờ cao điểm các buổi sáng.Xem thêm",132
1460,Trâm Lê,11/11/2018 14:06,8.0,Sáng thứ 2 mà đông khủng khiếp. Dạo này dân vũng tàu cũng có nhiều thời gian đi cafe ghê luôn ấy. Nhân viên thân thiện. Matcha freeze mình đã gọi ko đường vẫn thấy khá ngọt còn của bạn mình là siêu ngọt luônXem thêm,132
1461,Kiều  Trần,7/7/2018 20:58,8.0,Highland thì chất lượng khổ phải bàn r... bánh ngon nước ngon.. phục vụ lịch sự nhiệt tình.. không gian rộngXem thêm,132
1462,lenhancvt,22/6/2018 13:25,8.2,"Một nơi mà bạn nên đi thử ít nhất một lần trong đời. Không gian sang trọng - đặt ngay trung tâm tp Vũng Tàu . Decor phương tây - chất lượng khá - nhân viên tươi cười.  Rất thích hợp cho nơi hẹn hò - ký hợp đồng - gặp gỡ khách hàng - mạng khá mạnh .
Mình uống thử  trà xanh đá xay - Giá cả ở mức trung bình khá : Mức giá chung cho toàn bộ hệ thống và highlands định giá thương hiệu ở mức cao cấp nên đa số khách hàng vào đây là khách hàng từ mức thu nhập khá trở lên. Địa điểm đáng check in .Xem thêm",132
1463,Ng T Linh,11/6/2018 22:17,7.6,Hic ở Highlands mình chỉ thấy freeze trà xanh này là ngon :(Xem thêm,132
1464,Ng T Linh,11/6/2018 21:49,7.6,"Matcha latte với bánh chuối gì ấy ... matcha ngon và béo, còn bánh chuối không ngon lắm -.-
Nhân viên lịch sự, chu đáo. Quán rộng rãi xinh xắn.Xem thêm",132
1465,Hoa Vũ Thanh,25/9/2022 18:19,4.2,"Sáng nay 25-9-22 khoảng 8h30 ra Highlands số 6***TP. Vũng Tàu uống cafe với bạn, mình ít order nên không rành lắm, hỏi tư vấn mấy cháu bán hàng , cháu bán hàng hơi mập trả lời hỗn hào rồi quay qua cười khinh thường với cô bạn cùng*** thái độ trịch thượng vô lễ với người lớn tuổi. May mà mình là nhà báo, mình là bà nhà quê vùng sâu vùng xa thì còn khinh khách cỡ nào. Nếu mình là sếp thì cho mấy bạn này nghỉ việc vì làm dịch vụ như thế ảnh hưởng đến bộ mặt thương hiệu.Xem thêm",132
1466,Meo Cú,18/7/2020 2:17,7.0,"• Nằm trên đường NTH, khá dễ tìm đối với khách du lịch

• Menu giống với các chi nhánh khác, mình thử Chocolate đá viên và Mousse Cacao. Nói chung hương vị cũng được. Tổng bill 88k.

• Không gian rộng, mình ngồi trên lầu nên nhìn thẳng ra đường NTH, vị trí rất đẹp. Không những vậy, dù đi ngày thứ 7 nhưng quán lại khá vắng và yên tĩnh, rất thích.

• Nhân viên lịch sự chứ không nhiệt tình lắm.***bảo vệ vui vẻ.

• Thử cho biết, nếu có nhu cầu mới quay lại.Xem thêm",132
1467,Trường Đ Nguyễn,18/2/2020 18:22,9.2,Chất lượng + không gian ở Highland Coffe luôn làm mình hài lòng . Nước ngon + bánh ăn rất vừa vịXem thêm,132
1468,Yul Chon,24/2/2019 8:57,9.2,Bánh ngon :3 không gian thoải mái lắm :3Xem thêm,132
1469,Hoàng Dũng Lê,30/11/2018 15:44,8.0,"Bữa nay 30/11/2018 mình uống ly đá xay ! phần kem làm nhảo quá ! kiểu như không lắc lên vậy !!!!!
Còn ổ bánh mỳ ta nói nó cưng ngang khúc củi luôn ( khả năng cao là bánh mì củ ) 
Highlands có thương hiệu VẬY NÊN MONG RẰNG HÃY GIỮ GÌN CHẤT LƯỢNG !!!!!!!Xem thêm",132
1470,nghi le,14/11/2018 18:52,6.6,"Đồ uống ngon, đa dạng, không gian rộng rãi thoải mái dễ chịu mà giá hơi cao chút.Xem thêm",132
1471,Hoàng Huy,17/5/2018 18:34,8.0,"Tiệm highlands này nằm ngay cung đường chính gần với chổ mình ở nên cũng hay ghé qua quán để uống cà phê lắm nhe, gọi 1 ly sữa đá size vừa và 1 ly americano size vừa để uống, theo mình cảm nhận thì cà phê pha cũng ổn hương vị khá là thơm cà phê sữa có độ beo béo thơm thơm vừa miệng, vị cà phê đậm đà, không gian ở đây thấy khá là thoáng và rộng rãi có lầu nữa nhe, nhân viên phục vụ ở quán thân thiện và cũng vui vẻ lắm luôn ấyXem thêm",132
1472,Hoàng Huy,17/4/2018 18:45,8.0,"Hôm rồi có dịp đến quán này để uống nước phải nói là do là hệ thống nên nước có giá cả và chất lượng cũng khá là xem xem nhau rồi, nhưng hương vị ở đây mình thấy có gì đó không được đậm đà như ở trong thành phố mình hay uống cho lắm ấy, gọi 2 ly trà đào để uống thấy hương vị cũng khá là ổn mùi vị trà đào vừa miệng à nhưng không được đậm đà hương trà cho lắm, nhân viên quán nhanh nhẹn và chu đáo, không gian quán có lầu nữa khá là rộngXem thêm",132
1473,QL,19/11/2017 3:08,7.0,"🍒Highland chi nhánh này không gian đẹp, sáng sủa, thoáng lắm
🍒Trà táo uống ok, có lát táo tươi trong ly nữa

🍒Giá cao so với mặt bằng vũng tàu nhưng cũng ok
🍒Nhân viên phục vụ thân thiệnXem thêm",132
1474,Trâm,12/7/2017 0:08,7.0,"Highlands góc đường này mình thấy view rất đẹp luôn. Buổi sáng ngồi cửa kính tưởng nắng nhưng ko hắt chút nào, thiết kế rất hợp lý. Có chú giữ xe nhưng ko có thẻ xe (!?). Thiết kế bên trong quán tương tự như HL khác nhưng trên lầu có bức tường mô phỏng cảnh VT rất tịn tế. Anh order cho mình rất dễ thương, đang có chtrinh mua 1 ly trà đc tặng 1 dấu để nhận quà, mà mình quên mang phiếu nên anh cắt dấu cho mang về dán. Mỗi tội đợi lâu, rõ ràng đi qua quầy mình thấy order của m làm xong rồi mà k thấy báo, ngồi đợi mãi xuống hỏi thì lạo đưa order khác. Thế là NV phải làm lại ly khác. 
Trà táo xanh có mấy miếng 🍏 cắt mỏng, bên dưới có nha đam cắt nhỏ. Miếng đầu tiên thì quá chua tuy nhiên trà ít đá nhiều nên lúc sau ko còn mùi vị gì. Size vừa 49k
Ly trà đào cũng tương tự, ko thơm, có 3 miếng đào. Size lớn 55k hay sao ý.
Quán tự phục vụ nhưng 1 số khách đứng lên còn bày bừa ra bàn trong hơi mất thẩm mỹ. 
Chương trình kmai trà hè có trà táo, trà dâu, trà tắc, trà chanh dây (ko có thạch)Xem thêm",132
1475,Phạm Hà,26/7/2019 14:38,4.2,"Giao hàng quên mang ống hút. Bảo khách đợi 5 phút mang ống hút lại. Lúc sau quay lại gọi mình xuống lấy. Lúc mình xuống thì không thấy đâu, gọi thì không nghe máy. Chất lượng phục vụ quá kém.Xem thêm",132
1476,Quang Trung Nguyễn,24/8/2018 16:49,7.0,"Vào dịp cuối tuần mình hay đi ún cafe với bạn để xả xì chét và để chém gió với bạn bè. cũng hay vào đây để uống, thức uống khá ngon, thích nhất là món sen vàng :DXem thêm",132
1477,Hàn Thiên Thiên,22/7/2018 21:46,8.6,"Dịp tết mình có ghé quán 1 lần. Vị trí dễ tìm, phục vụ hơi lâu,  đồ uống khá ngon, có không gian ngoài trời ngồi khá mát mẻXem thêm",132
1478,Ngô Cẩm Tú,25/6/2018 10:41,9.4,"Là địa điểm đầu tiền mình nghĩ đến khi muốn cà phê với bạn bè. Không có nhiều sự lừa chọn về nước uống nhưng chất lương, nước nào cũng thấy ngon và uống hoài không chán. Không gian thích hợp để ngồi tám chuyện không quá ồn ào nhưng cũng không quá yên tĩnh.Buổi sáng trời nóng có thể ngồi trong nhà, buổi tối mát lại ngồi bên ngoài ngắm phố phường.
Nói chung là rất thích.Xem thêm",132
1479,Tấn Thành Nguyễn,22/2/2018 18:38,8.0,"Quán rộng dễ tìm. Nằm ngay gần chợ Bà Rịa nha. Có không gian ngoài trời và phòng lạnh để khách ngồi. 
Mình khá thích Freeza trà xanh. Có vị matcha thơm nhẹ hòa quyện vị sữa béo béo. Ở trong còn có mấy miếng giống sương sa ăn dai dai.Xem thêm",132
1480,Viet Nguyen,22/2/2018 18:29,8.0,"Tết vừa rồi Highlands Bà Rịa đông lắm. Quán này được không gian rộng mát mẻ và vị trí ngay trung tâm nên được nhiều bạn trẻ lui tới. 
Nhân viên phục vụ nhiệt tình
Nước uống cũng tạm ổn nha. 
Chắc chắn sẽ quay lạiXem thêm",132
1481,Ngọc Diệp,13/1/2018 10:30,5.6,". Quán ở vị trí đẹp, view tốt, quán cũng trang trí đẹp nói chung là theo kiểu cách như mọi Highlands khác.
. Mình có thử qua 2 loại thức uống mới là Freeze matcha và Freeze Cacao. Cacao thì ngon đầm đà trong khi matcha mình thấy hơi nhạt. 
. Thái độ của nhân viên là mình không ấn tượng lắm thái độ không nhiệt tình, khách gọi bánh mì mang về thì lại mang cho bánh mì để ở đĩa, mình mang lại quầy để xinh túi giấy mang về thì nhân viên lại tỏ vẻ khó chịu ???Xem thêm",132
1482,Vân  Lê,30/12/2017 11:58,9.6,"Rất thích freeze trà xanh ở đây. Vị trí dễ tìm. Quán rộng rãi, view đẹp, order khá nhanh. Chỗ giữ xe cũng ok. Có bàn ở bên ngoài và bên trong quán, quán khá đông . Giá cả cũng ổn so với chất lượng 👍🏻👍🏻Xem thêm",132
1483,Khải Nguyễn,30/12/2017 9:32,6.8,"Không gian ở đây có thể nói là rộng, kê được nhiều bàn ghế, nói thật không gian này đẹp và rộng hơn nhiều so với không gian của các highlands khác ở sài gòn :) 1 + . Đồ uống khỏi bàn cãi, highlands nào cũng giống highlands nào :D Nhân viên theo mình thấy không niềm nở cho lắm nhưng cũng không thái độ, chắc mệt nên kiểu vậy :))) về phần bảo vệ thấy nhiều bạn phàn nàn chuyện không dắt xe cho khách, để khách tự dắt thì mình chưa thấy. Có điều khi mình vào thì ông bảo vệ có vẻ lơ lơ sao á, đứng tám chuyện làm mình phải ngoắc lại ghi thẻ :)Xem thêm",132
1484,QL,20/11/2017 13:05,7.0,"🍒Đi công chuyện tạt ngang mua ly nứớc uống rồi về
🍒Matcha ở đây xay cũng ổn. Vừa uống
Nhân viên bình thường

🍒Ko gian mới mở nên cuối tuần đông khủng khiếp
Ko có bàn ngồi nên phải mua đi luôn
Làm nước cũng nhanh lẹ ko chờ lâuXem thêm",132
1485,Chi Nguyễn,10/4/2023 19:24,10,"Hihglands Coffee ưu đãi mua 2 tặng 1, nhấn vào link để nhận ngay ưu đãi: https://shorten.asia/2KUEeFgXXem thêm",132
1486,Pell Vanessa,17/1/2023 12:45,3.0,"nhân viên oder nước thái độ ko tốt với khách hàng, nói chung là kémXem thêm",132
1487,Vân Nguyễn,22/2/2020 22:32,8.2,"Giống mọi chi nhành khác thôi***sạch
Quán nằm ngay góc đường ở giữa family mart và quán bún bò
Nói chung là okXem thêm",132
1488,Elaine,14/7/2019 22:45,1.0,"Ghé vào thương hiệu cafe quen thuộc để tránh nắng nóng của Mùa hè sáng Chủ nhật, nhưng thật bi hài khi nhân viên báo nhà vệ sinh bị cúp nước khách không được sử dụng!!!!!! Mà hay ghê chỉ cúp mỗi toilet hà, khu ngoài pha chế sao vẫn có nước phục vụ pha chế rửa ly nhỉ 🤔Xem thêm",132
1489,tracy to,14/7/2019 12:03,1.0,"Đã phụ vụ kém rồi mà còn cúp nước , nhà vệ sinh ko sử dụng được vì lý do cúp nước , nhưng trong khi đó quán lại có nước để sử dụng về việc buôn bán bình thường , chỉ là khu vệ sinh ko có nước và khoá cửa lại , theo mình nghỉ chỉ là ko muốn cho khách ở lại lâu mà với cái lý do ko thể sử dụng nhà vệ sinh.Xem thêm",132
1490,ジュンタ アズマヤ,15/6/2019 21:51,3.6,Ngày 15/6 mình có ra VT và ghé đây. Lúc vào đông không có chỗ mình vẫn ráng đợi và cuối cùng khi ord xong thì đợi  tận 45p vì xót bill mình. Đã vậy gọi freeze mà không ly nào có thạch luôn :)Xem thêm,132
1491,Linh,30/5/2019 16:56,4.2,Có dịp xg vũng tau và ghé vao đây uông. minh k thể tin vào mắt minh. Bạn nhân viên đã nhặt lại ly nuoc cua khách đã dùng roi va sử dụng cho nguoi order tiêp theo.Xem thêm,132
1492,Cherry,14/3/2019 13:57,4.6,"Là khách qen của Highland và chỉ uống 1 món trà xanh đá xay.
Hnay thấy ly như này về hình thức thật sự ko chấp nhận dc. Bàn thì kk dọn, ... 
tuy nhiên bạn cashier có upsale ctrinh mới.Xem thêm",132
1493,Khoa Vo,15/12/2018 12:30,5.0,"Quán ok, không gian ok, nhân viên ok, nước ok. CHỈ CÓ DUY NHẤT ÂM THANH NHƯ SH, lần đầu tiên thấy quán Highlands mở nhạc trẻ trâu thị trường kiểu châu chấn thương gì đấy, làm cho quán rẻ tiền hẳn. Nói chung nên xem lại cách làm âm thanh đi. Tệ vl!!Xem thêm",132
1494,Panh Cao,12/11/2018 9:04,7.0,"Đi Vũng Tàu mà tự nhiên nổi hứng thèm Highlands nên ghé vào quán này uống thử.
Quán gần quảng trường, nằm ở góc đường cũng dễ tìm lắm. Quán sạch sẽ, khá vắng nên order xong không cần phải chờ lâu. Nhân viên ở đây không có thân thiện, mình chạy tới quán chú bảo vệ chỉ chỗ đó trống đậu vào, còn lúc về chú lại lấy thẻ xe rồi quay lưng đi không dẫn xe ra dùm tụi mình luôn. Mấy bạn nhân viên ở trong cũng không niềm nở.
Mình gọi 2 ly freezee trà xanh, vị vẫn giống mấy quán ở tphcm, không khác gì. Nói chung là nước uống okXem thêm",132
1495,nnbuyen,23/8/2019 10:50,9.4,"Nước ở đây ngon thích nhất là tủ bánh ở đây, ngon nhất là bánh trà xanh và cheese cake chanh dây mấy bánh còn lại hơi ngọt nhưng vẫn ngon, không gian thoáng, nvien dthXem thêm",132
1496,Nhạn Thục,26/5/2019 8:20,9.0,"Lần đầu tiên đến Vũng Tàu, vào ngay Highlands 💓
- Nhân viên : Thái độ tốt, thân thiện với khách .
- Thức uống : + Phin sữa đá size vừa 35k : Cà phê nguyên chất, thơm cực .
+ Trà thạch đào size nhỏ 35k : Thạch vừa ăn, trà đào hoà với sữa vị dịu, rất vừa miệng .
- Trang trí: quán trang trí dễ thương, tông màu vàng, nâu, ấm áp, có thể nhìn thẳng ra ngắm phố , sống ảo rất tốt 😂
- Không gian không quá ồn ào, thơm mùi cà phê
Nói chung , mọi thứ đều rất ổn, nhớ ghé thăm nha !Xem thêm",132
1497,Chi,11/11/2018 14:21,7.6,Freeze Socola khá ngon 😍 anh chị nhân vieen dễ thương tận tình ❤Xem thêm,132
1498,Sơn Nguyễn Minh Quân,20/5/2018 14:47,7.4,"❤️ Quán đẹp vì nằm ở giữa trung tâm thành phố Vũng Tàu nên về đêm có nhiều xe cộ qua lại nhìn đã mắt lắm. Còn buổi chiều thì có thề nhìn được mặt trời lặn nhìn thơ mộng và lãng mạn lắm 
❤️ Mình có gọi một ly matcha nóng và 2 ly cà phê sữa có thạch và 1 chiếc bách Mouse.
❤️ Mùi vị của bánh thì có phần hơi đắng nhưng tạm. Cà phê sữa thì có vị ngọt thanh và mùi thơm của cà phê xay, thạch to và nhiều. Matcha thì hơi lạc, uống nhiều thì hơi đắng vì khuấy chưa kĩ nhưng có hình ở trên đẹp lắm
❤️ Nhân viên nhiệt tình vui tánhXem thêm",132
1499,QL,18/11/2017 16:39,7.2,"🍒Fan matcha về vt phải đi kiếm matcha uống :))
Mình gọi 3 ly matcha và 2 bánh, 1 bánh matcha 1 bánh chocolate

🍒Ly matcha của mình có thạch matcha xanh xanh giống jelly trong cafe ngon lắm
🍒Bánh matcha cũng ngon, mềm béo
Còn bánh choco mình ko thích nên ko ăn

🍒Highland này cũng đông
Nhân viên bình thườngXem thêm",132
1500,foodee_z3j0fdzw,11/9/2020 14:25,4.2,"Không hài lòng với thái độ của nhân viên..vào 13h40f ngày 11/09/2020:
Bàn chúng tôi có 12 người vào quán HL KNG Phú Mỹ uống thì gặp phải trường hợp này lần đầu tiên.
Quán Cf là để ngồi trò chuyện vui vẻ vậy mà nhân viên với vẻ mặt khó chịu ra nói Kh nói chuyện và cười nhỏ thôi ảnh hưởng tới người khác nữa..chúng tôi nghĩ ra ngoài gặp mặt nc để thư giãn thoải mái vậy mà cười cũng bị nhắc nhở. Quán cf chứ đâu phải là thư viện sách đâu. Mình chưa uống ở quán HL nào mà nhân viên có thái độ như vậy. Đến khi về mà nhân viên vẫn còn nhăn mặt khó chịu. Bàn của mình có 12 người mà khi bị nhắc nhở ngồi nc và k dám cười ra tiếng luôn..nghĩ bụng đi uống cf mà phải như vậy có đáng k ạ.Xem thêm",132
1501,Trường Đ Nguyễn,15/2/2021 17:22,8.6,Không gian rộng + giá nước cũng chấp nhận được. Chỉ có là buổi sáng các bạn nhân viên khó ở hay sao mà nhìn mặt căng thẳng quá :((Xem thêm,132
1502,Baoart,30/9/2020 17:16,1.0,"chắc nhà thiếu máy lạnh lắm sao ra tới biển gặp quán nào cũng cafe hộp máy lạnh, ra biển mà hưởng khí trời chắc có 1-2 quáng sang tí thì có ngoài trời, hóng gió biểnXem thêm",132
1503,Na Na,28/9/2020 13:33,10,"Highlands mới khai trương, nằm trên đường Hạ Long, ngay vị trí của Mr.Ket cũ, có cả khu máy lạnh và ngoài trời có mái che, tất cả đều hướng biển, view đỉnh cao luôn. Phía sau là đường lên Hải đăng, cây cối nhiều nên dù ngồi khu ngoài trời vẫn không nóng. Địa điểm cafe lý tưởng khi đến Vũng Tàu.Xem thêm",132
1504,Bảo Nghi Hồ Ngọc,30/11/2023 12:23,10,"Món ăn rất ngon,, hải sản tươi lắmXem thêm",133
1505,foodee_8h5md55j,27/11/2023 15:35,10,Kết quả thật xứng đángXem thêm,133
1506,Chu Thị Lợi,27/11/2023 12:22,10,Rất ngonXem thêm,133
1507,Thuý Nguyễn,23/11/2023 12:22,10,Quá tuyệt vờiXem thêm,133
1508,hip96,7/11/2023 13:16,5.0,Kết quả thật xứng đángXem thêm,133
1509,Thùy Dung,6/11/2023 19:45,5.0,Kết quả thật xứng đángXem thêm,133
1510,Lê Thị Duyên,6/11/2023 19:31,5.2,Kết quả thật xứng đángXem thêm,133
1511,Lê Thị Bích Ngọc,6/11/2023 18:58,6.8,Kết quả thật xứng đangXem thêm,133
1512,bùi thị lan,6/11/2023 18:51,9.4,Kết quả thật xứng đángXem thêm,133
1513,Nguyễn thủy,6/11/2023 18:28,5.0,Kết quả thật xứng đángXem thêm,133
1514,Đỗ Thị Thanh Hoa,14/10/2023 18:09,5.0,Mình muốn đặt bánh canhXem thêm,134
1515,Thảo,5/3/2021 17:33,8.0,"Đi chiều thứ 6, cỡ 5:30pm không quá đông nhưng tấp nập khách ra vào. 1 tô đặc biệt to bự ăn no bể bụng.
Sẽ quay lạiXem thêm",134
1516,Quân Hồ,22/11/2020 10:41,3.8,"22/11/2020
Đến ăn lúc 7h
Gia vị ok
Rất ổn
Nhưng quá nguộiXem thêm",134
1517,Meo Cú,19/6/2020 21:49,7.6,"• Vị trí mặt tiền đường không khó tìm.

• Không gian vẫn vậy, không có gì thay đổi sau 2 năm quay lại, chỗ ngồi thoải mái.

• Giá cả có lên 1 xíu, tuy nhiên hương vị vẫn ngon, nước súp sền sệt tuy lạ nhưng lại không khó ăn xíu nào. Chấm với bánh quẩy là số dzách.

• Anh chị chủ thân thiện, nhiệt tình

• Sẽ quay lại.Xem thêm",134
1518,TRIXIE BUI,3/3/2020 11:36,8.0,"Đi VT bạn nên thử ăn bánh canh cua ở đây. Có nhiều bạn bảo ngon, cũng có ý kiến trái chiều nhưng mà quan trọng là mình cảm nhận ha, đến thử để biết nè.
+ Quán nằm trên đường*** cũng khá dễ tìm, ngay mặt tiền luôn
+ Không gian quán: cũng được, có nhạc nhẹ cho bạn vừa ăn vừa chill...kkk. 
+ Thời gian bán: hôm mình đến là CN, nghe anh chủ bảo chỉ bán đến trưa thôi. Nên bạn nào ở SG xuống lưu ý nha. Chiều CN mình về lại SG muốn ăn tiếp nhưng không được đấy, thèm..hic
+ Bánh canh cua: mình và bạn gọi hẳn tô đặc biệt ăn cho đã: nước dùng sệt sệt, có nhiều thịt cua nè, chả cua, chả tôm, khá ngon và tươi luôn. 
+ Giá: mình ăn lúc đó là 55k/tô đặc biệt á, không biết bây giờ đã thay đổi thế nào rồi. 

**Nếu có cơ hội quay lại VT mình sẽ ăn hẳn 2,3 lần cho đã:))))Xem thêm",134
1519,Duy Anh To,5/12/2019 17:53,7.0,"Đồ ăn ok, nv phục vụ cũng ok, không thực sự rất ấn tượng, nhưng cũng không phải là dở. Nói chung là đượcXem thêm",134
1520,Daisy DD,4/9/2019 10:45,6.4,"Mình ăn tô đặc biệt 55k. Quán rất đông, đông kinh khủng khiếp luôn.
Nhưng được cái là phục vụ rất nhanh và chuyên nghiệp luôn nha. Đoàn mình đi cả 20 người hơn, gọi tô thì không hành, người tô nhỏ, tô lớn tùm lum, nhưng vẫn nhớ đem ra đúng ý. 
Bánh canh cua mình thấy cũng không có gì quá đặc biệt đâu. Theo cá nhân mình thì nước bánh canh khá lõng, sệt xíu nữa ngon hơn. Tô đặc biệt thì nhiều chả, nhiều thịt hơn.Xem thêm",134
1521,Hồng Phước Phạm Thị,26/6/2019 22:03,9.2,"Bánh canh ngon xỉu, lần nào đi VT mình cũng ghé ăn, nước lèo mà nóng thiệt nóng thì còn ngon hơn, 35k tô quá rẻ cho một cuộc tình heheeXem thêm",134
1522,Lê Bá Tiên,15/6/2019 8:52,7.8,"Thấy đông khách nên mình vô ăn thử. 
Quán phục vụ khá nhanh chóng, mình gọi cái dăm phút sau ra món liền. Tô bánh canh trình bày khá đầy đặn bắt mắt (đây là mình gọi tô 35k), ăn rất no bụng. Nước dùng sánh, topping có chả cá, chả cua, trứng cút, tôm, nấm rơm với ngò (mình không gọi tiết), nói chung là rất chất lượng.
Quán bày trí khá thoáng, nói sạch sẽ thì không hẳn nhưng cũng ngăn nắp gọn gàng. Với chắc đây là quán ăn sáng đầu tiên mình thấy có bật nhạc trong quán cho khách nghe!!
Với lại cũng lưu ý là bánh quẩy phục vụ ra nhưng không phải đi kèm với tô bánh canh đâu nhé. Ăn là có trả thêm tiền đấy!Xem thêm",134
1523,Do My Linh,10/6/2019 7:58,8.6,"Bánh canh cua ở đây có thể nói là ngon và rẻ nhất Vũng Tàu 👍🏻 Rẻ không phải là giá 1 tô rẻ hơn mà là do chất lượng đồ ăn của 1 tô phải gấp đôi các quán khác. nhiều thịt cua, nhìu chả cá, chả cua, huyết, tôm. Đặc biệt: còn có GIÁ NHÀ LÀM ăn kèm 😆 Mình thích nhất ăn bánh canh có giá nên lúc nào cũng nghĩ đến quán này khi thèm bánh canh cua 👍🏻👍🏻👍🏻Xem thêm",134
1524,Dương Dương,22/8/2019 10:59,7.6,"Cháo ngon, lòng cũng ngon. Mình ăn 2 tô cháo với dĩa lòng 2ng gần 100k. Mắm tôm ăn rất vừa miệng. Không gian quán khá nhỏ nhưng vẫn thoáng nha.Xem thêm",135
1525,Trần Thư,1/7/2019 19:07,8.4,"Cháo lòng ngon, chất lượng hợp giá tiền. Không gian hơi nhỏ, vẫn có chỗ để xe. Nên đến sớm vì cháo bán hết rất nhanh. Tốt nhất đi ngày thường. Cuối tuần chen chân chen mông hỏng nổi đâu 😂Xem thêm",135
1526,Ky Tran Tran,20/1/2019 20:16,8.2,"Thường ai đến Vũng Tàu sẽ nghĩ đến mấy món hải sản đầu tiên nhưng lần này mình lại quyết định chọn cháo lòng để lót dạ cho bữa tối, cơ bản mình thấy quán có mấy điểm nổi bật như sau:
- Đầu tiên khi chạy xe đến quán thì có một chú hướng dẫn chỗ để xe ở đâu, chú khá nhiệt tình chứ nhiều khi gặp mấy người giữ xe với thái độ khó chịu là mình thường đi luôn rồi.
- Kế đến, mình có hỏi mấy cô phụ bán ngồi ở đâu thì được chỉ vào đằng sau khi chỗ trước khá đông người, okie thái độ phục vụ khách mình ưng nè. Cô cũng hỏi luôn mình bao nhiêu người và ăn gì luôn.
- Xong ngồi vô bàn thì mình quan sát mấy cô chạy bàn cũng nói chuyện với các khách khác dễ chịu lắm, mình nhớ có cô hay gọi là Cô Mười rất hay cười luôn.
- Vô vấn đề chính là các món ăn được đem ra khá nóng hổi, 3 tô cháo huyết không là 10k/tô+1 dĩa lòng lớn (mình gọi dồi, cật, bao tử, lòng, tim) mà chỉ có 100k/dĩa thôi là khá rẻ so với mấy quán khác mà mình từng ăn luôn, nói rẻ vậy chứ chất lượng là quá tuyệt từ từng hạt cháo mềm đến vị nêm nếm khá vừa miệng còn lòng thì nóng hổi và cách luộc làm cho mỗi thứ giòn từ bao tử/cuống họng, dai dai từ tim, mềm mềm từ thịt...giờ nhắc lại mà vẫn thấy thèm luôn đó!
Nói chung, ai đến VT thì mọi người nhớ ghé quán cháo lòng bà Loan để thử và “chén sạch” nhé, mình thấy quán này tuyệt vời luôn, không ăn là tiếc lắm đó🤤🤤Xem thêm",135
1527,Tiên Trần,25/12/2018 21:58,8.0,"Cháo lòng 
Đc: Loan Cháo Lòng 5c Nguyễn Bình Khiêm, p3.
Cháo 10k
Dĩa lòng (2 người) 70k
Giò quẫy 10K
Tớ thích món này nhất <3 <3 <3  chưa bao giờ đc ăn cháo lòng ngon v !!!!
Cháo nóng phỏng lưỡi, hơi lỏng. vừa ăn.
Đĩa lòng có gan, cuốn phổi, lưỡi, dồi, phèo tất cả đều vô cùng mềm, dai, thơm, ngọt.
Chỗ ngồi trong nhà, trong hẻm, bàn thấp, nhiều bàn, khách đông nên chật , nóngXem thêm",135
1528,thichanngon,8/12/2018 20:40,4.0,"mình ăn cũng hoi no rồi nên 2 đứa vào gọi 1 tô cháo và 1 dĩa lòng đụoc hỏi ăn dĩa lòng 2 ng hả, cũng dạ. đến chủ yếu cũng đe ăn thử chớ cũng no r, 1 dĩa lòng, 1 tô cháo, 1 ly trà đá. tổng cộng 82k, mà nghe mấy bạn nói dĩa có 50k thui màXem thêm",135
1529,Anh Thyy,22/9/2018 18:22,7.2,"Lòng ở đây ngon mà giá cả vừa phải, một mớ trong hình mà chỉ có 70k thôi
Dĩa lòng đầy đặn tim phèo gan lưỡi dạ dày luộc giòn sần sật ăn rất đã
Cháo kiểu còn hạt chứ không phải cháo nhừ nên ăn không ngon lắmXem thêm",135
1530,Ân,12/9/2018 0:35,6.4,"Cháo ăn ngon, nhưng có phần hơi lỏng, lòng sạch sẽ.
Mình đi 2 người , 2 tô cháo, 1 dĩa lòng, chỉ hơn 70 nghìn đồng. Giá cả cũng vừa phải cho một chỗ ăn cháo lòng ngon sạch sẽ.
Đáng để thử và thưởng thức.Xem thêm",135
1531,Miihaa,8/9/2018 19:43,8.4,Cháo lòng ở đây ngon lắm luôn. Chắc ngon nhất Vũng Tàu quá. Ở đây có thể gọi tô cháo lòng hoặc là đĩa lòng và tô cháo riêng. Gọi đĩa thì nhiều lòng hơn và mắc hơn nha. Cháo ngon vừa miệng. Thịt lòng đầy đủ nhìn cũng đẹp mắt và rất ngon nữa. Có điều giá hơi cao thôi. Dồi ở đây hơi khác những chỗ khác á. Quán đông khách và có vẻ là hết khá sớm nên tranh thủ đi sớm mới có để ăn.Xem thêm,135
1532,Phương Trương,6/8/2018 10:04,4.4,"Cháo loãng, nước và hạt gạo tách rời. Mình ăn cháo lòng đầy đủ, nhiều lòng, nhưng mình dính phải miếng lưỡi bị mùi. Quẩy nguội và mềm nhũn, 5k/cái là quá đắt. 
Quán đông nên phục vụ lâu.
Cảm nhận chủ quan là không hấp dẫn như lời đồn
p/s: Mình ăn xong về còn bị đau bụng :(Xem thêm",135
1533,phát lộc,16/6/2018 16:43,7.4,"Cháo hơi lỏng nhưng ngọt ngon, lòng sạch sẽ.
Có thể chấm mắm tôm hoặc nước mắm.
Mình đi 2 người , 2 tô cháo, 1 dĩa lòng và nước hơn 100k thôi.
Đáng để quay lại.
Lo ăn ngon quên chụp hình luôn :)Xem thêm",135
1534,Vanille CS,30/5/2019 22:35,8.6,"Vị trí: dễ tìm, tuy quán hơi nhỏ nên chắc mua về ăn (nếu đông quá sợ hổng có chỗ ngồi nha)
Món ăn: thịt nướng, chả giò vừa ăn, nước mắm mặn ngọt ngon, được chan vào sẵn khi đem ra cho khách. Khi ăn nhớ trộn lên vì nước mắm ở dưới, không nên xin thêm nước mắm vì sẽ bị mặn
Phục vụ: chủ quán dễ thương, niềm nở quá chừng
Giá cả: hợp lí cho 25k/tô
Đây là một trong những quán bún thịt nướng mà mình đánh giá cao 😋Xem thêm",136
1535,LVH Hanh,19/5/2019 13:24,7.8,"Bún thịt xào khá ngon, 25k 1 đĩa ăn no ứ hự, bún thịt nướng ổn, bún nhiều, thịt nướng hơi cứng 1 tí xíu. Quán nằm trong khu vực nhiều hàng quán ngay đường Bà Huyện Thanh Quan, có ko gian nhỏ, để xe phía ngoài đường, nếu đi vào giờ cao điểm sẽ hơi nóng.Xem thêm",136
1536,Mều Vũ,24/2/2018 22:55,7.0,"Giá rẻ phù hợp với sinh viên học sinh
Gỏi đu đủ vs bún xào thịt nướng ngonXem thêm",136
1537,Vinh Nguyễn,10/9/2017 22:06,7.4,"Mình mới ghé quán hồi chiều, quán khá đông khách. Không gian quán nhỏ đủ chỗ để
Khoảng 5 cái bàn inox vuông, ngồi ghế nhựa vuông nhỏ. Quán bình dân nên cũng không câu nệ chuyện không gian quán mấy, được cái là cô chủ dễ tính, niềm nở. Mình gọi 3 tô bún thịt nướng mà tô nào tô nấy đầy thịt, thit nướng thơm, vị đậm đà, nước mắm cô chan sẵn ăn rất vừa miệng. Mình có ăn thử gỏi cuốn cũng ngon. Gỏi cuốn 4k/cuốn. Bún thịt nướng 25k/tô.
Lúc thối tiền cô chủ quán còn lựa tiền mới để thối cho khách nữa :)Xem thêm",136
1538,Thuý Hiền Phạm,6/9/2017 20:59,7.6,"Cô bán rất dễ thương. Khách đông cô làm luôn tay không ngừng nghỉ. Đồ ăn ngon lắm ăn rồi chỉ muốn ăn nữa hoiii
Về Bình Dương rồi mà vẫn thèm😂😂. Có dịp ghé nữa thì sẽ ăn nhiều ơi là nhiều🐷.Xem thêm",136
1539,eatwtea 💋,28/8/2016 4:09,8.4,"Gấu mình rất ghiền món bún xào ở đây. Đặc biệt là ăn kèm với thịt nướng. Chiều nào tan làm về sớm là cũng rủ rê lôi kéo mình cho bằng được đi ăn món này. Ăn riết mình thấy ngán mà hắn ta ko ngán luôn, bảo là dễ ăn và ngon. Bản thân mình cũng thấy rất lạ miệng và ngon nhưng lâu lâu ăn thì đc chứ ăn hoài thì ngán lắm. 
Kết nhất là nước sâm quán tự nấu, luôn là sâm mới nấu ko dùng sâm cũ nấu hôm qua nên luôn có vị thanh mát sảng khoái. Giá bình dân thôi 2 người ăn tầm xấp xỉ 50k là no nê.Xem thêm",136
1540,Fy Dood,27/7/2016 3:27,7.6,"Dù ngày nào cũng ăn bữa cơm trưa đều đặn nhưng đến lúc 3,4h chiều là lại thấy xót bụng. Chờ tan làm về chạy thẳng vào đây luôn làm vài cái gỏi cuốn và dĩa gỏi đu đủ cho đỡ lạt miệng. Gỏi cuốn ăn được, ko ngon lắm, tương chấm ok hơn. Gỏi đu đủ thì ngon, đậm đà tình quê hương. Mình hay kêu gỏi bò + thịt nạc giá 20k, còn dĩa bình thường chỉ 15k nha. Gỏi cuốn thì 4k/1 cuốn. Ăn tạm 3 cuốn với dĩa gỏi đu đủ, thêm ly nước sâm là ổn. Tổng thiệt hại hết 37k mà no nê.Xem thêm",136
1541,Pa Nee,24/7/2016 14:47,8.0,"Xế chiều đói bụng là ko ngần ngại chạy ngay đến khu này. Vào tầm chiều đến tối khu Bà Huyện Thanh Quan vô số hàng quán, có chỗ bán đồ ăn no, có chỗ bán món ăn vặt. Phải đến tầm 8,9h tối hết khách các quán mới đóng cửa. Có nhiều quán bán những món giống nhau, riêng món bún thịt nướng và bún xào thì chỉ có 1 mình quán Cô Dzung này bán thôi. Tuy vậy chất lượng cũng ko phải tồi, ngon xuất sắc là đằng khác. Cứ nhìn lượng khách ra vào quán là tự hiểu. Khách ăn tại chỗ có, mua về có nhưng luôn được cô chủ phục vụ nhanh, tận tình và chu đáo. Ai chưa ăn nên thử 1 lần.Xem thêm",136
1542,Na Ng,27/5/2016 3:33,8.0,"Ăn riết ở đây thành khách ruột luôn rồi. Có khi đến cô chủ nhìn mặt đoán luôn muốn ăn gì mình chẳng phải gọi nữa. Thích nhất món bún xào ở đây. Nhưng ăn hoài cũng ngán lâu lâu lại đổi sang ăn bún thịt nướng cũng ngon. Tô bún thịt nướng có phần nhiều hơn dĩa bún xào nên ít khi ăn hết được nguyên tô, toàn phải kêu ít bún. 

Cô chủ quán rất vui vẻ, nhiệt tình. Nước sâm, mía lau cô tự tay nấu tại nhà rất vừa miệng. Có hôm ghé ăn sớm ngay lúc cô đang nấu nước sâm mùi thơm bay khắp nhà, ngửi là muốn uống ngay. Chỉ 5k cho 1 ly sành to này nhé.Xem thêm",136
1543,eatwtea 💋,26/5/2016 4:20,8.0,"Tuần nào cũng ghé quán này trên dưới 4 lần. Kêu phần bún xào thịt nướng ăn vừa lạ miệng lại vừa ngon. Thịt nướng ở đây ướp thấm gia vị và rất thơm. Phần bún xào bình thường giá bình dân chỉ 15k, thêm thịt nướng thì 20k. Nhìn dĩa nhỏ vậy chứ đầy sụ luôn, ăn no lắm. Trưa trưa ghé ăn 1 dĩa bún xào + 2 gỏi cuốn + ly nước sâm 5k nữa là no tới tối luôn á. 

Ngoài ra quán còn bán thêm nhiều món ăn vặt và ăn no, chất lượng nhìn chung rất ổn.Xem thêm",136
1544,lê lê,6/6/2020 11:19,2.8,Khách order thì vẫn tính bill mà giao đồ thì thiếu. Liên hệ lại thì hứa hẹn khắc phục lần tới. Gọi hotline sẽ có nv ship. Giờ liên hệ order thì phủi tay coi như ko có gì.Xem thêm,137
1545,Hào Lê,1/2/2020 17:53,6.8,"Bò cũng ok, k ngon mà cũng k tệ, bánh mì nóng giòn, giá cả hợp lý. Nui xào cũng đc.Xem thêm",137
1546,ngotuanhien,29/9/2019 16:18,4.8,Vị trí dễ nhìn nổi bật với thương hiệu màu đỏ. Các em phục vụ chưa được huấn luyện kỹ nên phục vụ có vẻ như quán bình dân. Bàn và muỗng nĩa lau chưa sạch còn dầu mỡ. Âm thanh ồn ào. Giá mắc 20-30% hơn các quán khác như 3 Ngon đã có lâu đời.Xem thêm,137
1547,dinhhy,10/1/2019 13:24,1.0,"Dở tệ . Phục vụ kém khách gọi quay ra hỏi cái gì 
. Đồ ăn có sâu rửa ko sạch . Phục vụ bấm đt hết .Xem thêm",137
1548,Trâm Lê,21/11/2017 13:00,6.6,"Vị trí: nằm ngay đèn đỏ nam kì giao vs lê hồng phong. Quán to màu đỏ nổi bật dễ thấy
Nhân viên: kém và ko thân thiện
Không gian: khá ổn ko bị nồng mùi đồ ăn
Chất lượng đồ ăn: so vs một số bạn thì giá khá mắc nhưng bò có chất lượng cao hơn nhiều 1 số chỗ bò né bình thường. Salad rất ngon. Né quá nhiều dầu bưng ra thì còn nóng hổi dầu sôi thấy bắn tung tóe. Nhiều dầu quá nên phải bỏ ra đĩa để ăn. Nui bình thường.
Tổng thiệt hại 110k/2ngXem thêm",137
1549,Quỳnh Anh,29/10/2017 12:02,5.4,"Cảm giác món beesteak thập cẩm này giá 70k hơi mắc thì phải, món ăn cũng k phải đặc biệt gì, phục vụ thì thiếu chuyên nghiệp, từ bảo vệ đến nhân viên. Quán không đông mà khi vào ngồi thì nhân viên lơ lơ k thèm để ý. Nói chung không quay lại lần nữa!!!Xem thêm",137
1550,Trâm Anh Phạm Hoàng,28/5/2017 19:56,6.2,"Bò của quán mềm, ướp gia vị đậm đà. Salad cũng rất ngon, bánh mì ngon. Một phần bò không hoặc bò xúc xích có miếng bò khá lớn, còn phần bò thập cẩm thì miếng bò nhỏ hơn. Giá từ 55k trở lên.Xem thêm",137
1551,Thị Thành Nguyễn,7/5/2017 16:15,5.8,"Hôm nay ghé ăn bò tại beefsteak Only thấy chất lượng ko được như trước nữa. Đi ăn nhiều quán tính ra ở đây vẫn mắc hơn so với các quán tại Vũng Tàu. Chất lượng lại giảm. Mình ăn bò né thập cẩm, vị ăn cũng ổn nhưng thịt bò ăn thấy bột bột, hơi dai nữa.Xem thêm",137
1552,Thảo Phạm,13/9/2016 19:34,6.8,"Đói bụng không biết đi đâu ăn tự nhiên lại thèm bò né nên phi thẳng vào quán với con bạn. Hai đứa gọi 2 suất bò né thập cẩm với lon Spite, lúc mang ra bò còn nóng cháy xèo xèo trên dĩa là kích thích gòi. Lúc đầu nhân viên đưa ra ổ bánh mì vừa nhỏ vừa đen giống cháy mình thấy hiu hiu rồi mà không ngờ bánh mì giòn và nóng lại còn đặc ruột nữa ăn kèm với Bò né là tuyệt, đúng là đi ăn không chỉ nên nhìn bằng mắt ăn rồi mới biết. Bò né tụi mình có phô mai béo ngậy với xúc xích nữa ăn no cành luôn. Nói chung bò né ở đây khá okay, view nhìn phố đẹp sạch sẽ và thoáng mát.Xem thêm",137
1553,Thịnh Thịnh,25/8/2016 9:25,7.8,"Nằm trên đường Nam kỳ Khởi nghĩa chỗ gần giáp với Lê Hồng Phong, gần chợ Mới. Quán có diện tích khá rộng sạch sẽ và thoáng mát nên khách vào đây ăn rất đông, giá thành ở đây tuy hơi đắt nhưng bù lại làm rất ngon và chất lượng, thường thì mỗi phần beefteak giá tầm 55k đến 65k , ngoài ra còn có nhiều món khác tha hồ mọi người lựa chọn, như bò bò lúc lắc , xì xào, ..... nhân viên nhanh nhạy nhiệt tình, ngoài bán đồ ăn ra quán còn kinh doanh thêm nước giải khát để phục vụ thực khách, đặc biêt vào cuối tuần quán rất đông khách.Xem thêm",137
1554,Yến Tiểu,31/3/2022 0:26,9.4,"Món ăn vặt ở đây khá ngon, giá tầm trung, rất đầy đặn.Xem thêm",138
1555,Thị Hạnh Trần,30/3/2022 0:46,9.4,"Lần đầu thử sửa tươi thốt nốt rim, vị lạ nhưng ngon, không quá ngọt, vị béo nhẹ của sữa tươi rất tuyệt.Xem thêm",138
1556,Hồng Nhung Đoàn,21/3/2022 0:33,9.4,"Tới đúng lúc quán đông nên đợi hơi lâu, đổi lại đồ ăn ngon.Xem thêm",138
1557,Vinh Đặng,19/3/2022 23:50,9.4,"Mê tré trộn của quán. Topping đầy đủ, toàn đồ chất lượng!Xem thêm",138
1558,Lò Vi Sóng,17/3/2022 23:41,9.2,"Đồ ăn ổn. Giá tầm bình dân, đóng gói cẩn thận, không phải chờ lâu.Xem thêm",138
1559,Ta Ton,16/3/2022 23:56,9.2,"Cũng tàm tạm, được cái rẻ.Xem thêm",138
1560,Nguyễn Phương Hằng,16/3/2022 23:12,9.2,"Quán ăn ngon mà sạch sẽ, chị chủ cũng dễ tính. Lần nào đi vũng tàu cũng phải ghé.Xem thêm",138
1561,Nguyen Huu Thang,15/3/2022 1:10,9.4,"Bữa công ty liên hoan có đặt cacao cốt dừa bên này. Uống hơi bị ngon, cacao không quá ngọt, topping nhiều. Giá yêu thương nữa chứ.Xem thêm",138
1562,Lach Com Ninh,14/3/2022 0:10,9.2,"Bánh tráng cuốn ăn ở đây khá ổn. Nhân nhiều, vỏ mềm, mỗi lần ăn là chén tới mấy cuốn lận. Quán ship lẹ, không phải đợi lâu. Hài lòng.Xem thêm",138
1563,Thi Ha Do,13/3/2022 0:03,9.4,"Trà sữa caramen này đỉnh của đỉnh. Vị trà đậm, thêm caramen thơm, ngọt nhẹ, thật sự quá tuyệtXem thêm",138
1564,Meo Cú,21/8/2020 23:01,6.8,"• Nằm trên mặt tiền đường LL, cũng khá nổi bật vì quán đông

• Menu dao động 35k-40k thôi. Mình gọi sủi cảo mì vì ăn lần đầu nên cũng không biết món gì ngon. Nhìn chung ăn cũng được, không ấn tượng lắm. Nước sâm ok.

• Không gian rộng rãi, sáng sủa.

• Cô chủ lịch sự, thân thiện. Chỗ để xe khá hẹp, khách tự lấy xe hơi chật vật.

• Thử cho biết, không quay lại.Xem thêm",139
1565,Đôn Đoàn,16/9/2019 20:20,9.0,Mình ăn sủi cảo mì khô siêu ngon. Có trà hoa cúc cũng ngon lắm. Về SG mà nhiều khi thấy thòm thèmXem thêm,139
1566,Diệu Hà,21/8/2019 22:59,5.0,"Nhóm mình gọi 1 phần sủi cảo nước 30k với 1 phần sủi cảo chiên 35k. Nhân sủi cảo khá ngon, giòn, có 1 tôm nguyên con nữa. Mình thấy sủi cảo chiên ngon hơn sủi cảo nước. Nhưng thức ăn không phải vấn đề, vấn đề ở thái độ chủ quán 🙂. Nhóm mình đi 4 người, tối đó cũng ăn khá nhiều nên chỉ gọi 2 phần, chủ quán liền tỏ thái độ khinh khỉnh, lượn lờ qua lại bàn mình ngồi, nói to nhỏ như thể muốn đuổi khách vậy. Nói chung thái độ phục vụ chán, đồ ăn cũng không quá đặc sắc nên sẽ không quay lại 🙂Xem thêm",139
1567,Lan Huong,8/3/2019 21:17,3.2,Mình gọi 1 phần mì khô và 1 phần mì nước. Mì ăn rất dở như mì sống. Ko có gì đặc biệt. Xem những đánh giá khác nên mới đặt mà thật sự quá thất vọng.Xem thêm,139
1568,Nguyen Thai Thong,22/2/2019 18:35,10,Đồ ăn rất rất ngon quán thoáng mát giá cả phải chăng. Nhất là món sủi cao nước+mì khôXem thêm,139
1569,Lương Lê,26/11/2018 23:37,9.2,"Tặng 5 sao vì ăn quá ngon. Lâu lắm lúc quán mới mở có ăn nhưng ko ưng lắm. Đợt lâu sau quay lại ăn, gọi thử mì khô thì ăn ghiền tới giờ luôn. Ghiền 👍🏻👍🏻👍🏻Xem thêm",139
1570,Linh Mai,25/11/2018 11:35,7.6,"Cảm nhận ban đầu là nhìn tưởng không no, hoá ra no không tưởng luôn. Dù là bất cứ phần ăn nào thì bạn cứ yên tâm, đây là một bữa ăn chính, chắc chắn là no và chất lượng so với cái giá. Chất lượng món ăn đối với mình thì vừa miệng. Không bị quá ngọt như một số quán kiểu người Hoa.
Vị trí, không gian thuận lợi, sáng sủa, sạch sẽ.
Đặt qua Now nên khá được ưu đãi.
Sẽ quay lạiXem thêm",139
1571,Quỳnh Như,4/11/2018 12:15,9.2,Bị ghiền ngay lần đầu ăn sủi cảo. 👍👍👍Xem thêm,139
1572,ngan,1/11/2018 21:14,7.0,"Hôm trời mưa tầm tã mình có order 1 phan mì khô và há cảo nước và 1 há cảo chiên ăn thử. Nói chung mùi vị cũng tạm có điều mì khô hơi nhiều dầu mỡ se dễ ngán. Nhân há cảo gồm thịt xay và 1 con tôm nhỏ. Nước dùng vừa miệng, gồm rau cải thìa cá viên da heo ( đã được chiên sau đó luộc lại cho bỡ nên dễ ngán). Há cảo chiên chấm tương ớt vỏ ngoài giòn rụm, nhân thịt và tôm ngọt dai. Lâu lâu ăn cũng ok. Giá cả hợp lý. Ăn no.Xem thêm",139
1573,Phong Tuấn,17/9/2018 21:14,8.6,"Nếu ai ở Vũng Tàu mà chưa ăn ở đây thì nên tới và thưởng thức nhe :)), phải nói rất ngon lun (đúng khẩu vị mà mình yêu thích). Sủi cảo bên trong có tôm tươi, mùi thơm, chín tới nên khi cho vào miệng có cảm giác no ứ ự. còn cá viên vs bong bóng ăn chung vs sủi cảo cx thích hợp. Còn nc súp thì vừa ăn, mùi thơm của xương nên khi kết hợp với sủi cảo vào thì khỏi phải ns, có cảm giác như mùi hương của miền quê đồng nội vậy ))). Vì thế mình chắc chắn sẽ quay lại đó nhìu lần nx :"">Xem thêm",139
1574,Thanh Tam Pham,8/2/2022 11:26,8.2,"Nguyên liệu trứng gà ta, chả lụa tự làm, vệ sinh tốt.
Món bánh cuốn trứng khá lạ miệng. Sữa đậu nành, sữa chua bánh flan khá ngon.
Sẽ ghé khi đi Vũng TàuXem thêm",140
1575,Minh Chung,6/12/2020 9:08,1.0,"thái độ bảo vệ lồi lõm, không cho đậu xe trước tiệm, đuổi khách, dù tiệm đông nhưng không bao giờ gé lại lần 2Xem thêm",140
1576,Uyên Phạm,24/11/2020 21:28,8.4,"Ăn sáng Buffet của khách sạn không ngon nên cả gia đình quyết định ghé tiệm để ăn trước khi quay về Sài Gòn. Bánh cuốn và topping ăn kèm rất ngon. Mấy đồ tráng miệng của tiệm như Tàu hũ hay bánh Flan, yaua cũng đều rất đỉnh. Có điều tiệm hơi nhỏ và khá nóng, chỗ đậu xe hơi cũng hơi bất tiệnXem thêm",140
1577,Dong,18/2/2020 9:11,9.8,"Ăn sáng với món bánh cuốn nóng - vừa nhanh vừa gọn vừa ngon vừa khỏe. Bột tự làm, chả nhà làm, hành tự phi, giá sạch... có cả máy rửa chén tráng nước nóng diệt khuẩn. Xứng đáng từ đồng tiền bỏ ra!Xem thêm",140
1578,Tuấn Phạm Quang Anh,15/10/2019 19:43,6.0,"Về chất lượng thì khỏi phải bàn, hầu hết mọi thứ đều do quán tự làm.

Tuy nhiên có một vấn đề là đồ ăn ít, giá thì mắc, chất lượng phục vụ của nhân viên hơi chán, hơi thiếu tôn trọng khách hàng.Xem thêm",140
1579,Anh Thu Pham,23/7/2019 19:12,8.0,"Bình thường là khách ruột của quán, chủ quán quen đến mức còn đặt biệt danh riêng cho hội chị em hay đến quán ăn hàng nữa. Nhưng bệnh cũ càng quen càng ít nhận xét. Hôm nay đặt hàng qua Now, chất lượng bánh vẫn ngon, còn ấm, ưng ý, em trai chuyển hàng nhanh, ngoan, lễ phép. Một lựa chọn hợp lý khi làm biếng nấu ănXem thêm",140
1580,Trương Trung Hiếu,11/4/2019 14:41,6.0,"Nên coi lại thái độ phục vụ của nhân viên
quán ăn và chủ quán thì rất tốtXem thêm",140
1581,Lê Ngọc Kha,28/1/2019 12:14,8.6,"Ở những quán khác, sau khi ăn mình rất hay bị chọt bụng, nhưng riêng quán này thì không bao giờ :vvv Quán ăn sạch sẽ, gọn gàng nè; đồ ăn bao giờ ra cũng nóng hổi chứ không nguội như nhiều nơi, bột cũng không bị nhão, gia vị vừa ăn, giá cả cũng rất hợp lý cho 1 phần ăn chất lượng như vậy :&amp;amp;amp;gt; Chưa kể chủ quán và nhân viên cũng vô cùng thân thiện nữa :))))Xem thêm",140
1582,House Udon,7/11/2018 11:01,8.0,"Bánh cuốn ngon, sữa ngon, sữa chua ngon, túm lại là ngon. Ăn xong cảm thấy rất dễ chịu không nặng bụng đầy bụng như hầu hết những chỗ khác! Đó có lẽ là lý do giá nhỉnh hơn những chỗ khác! Tiền nào của ý!Xem thêm",140
1583,Hạnh Nguyễn,24/9/2018 17:55,7.0,"Vì là “nhà làm” nên tất cả đồ ăn và nước uống ở đây giá đều cao hơn các quán khác, nhưng cảm thấy an tâm khi ăn vì mùi vị có vẻ sạch sẽ. Mình không thích ăn bánh dai nên bánh ở đây mềm rất thích. Tất cả đều vừa ăn. Hôm nào chán ăn hay không biết ăn món gì mình đều ra quán này ăn.Xem thêm",140
1584,Linhlinh Vo,9/9/2019 15:36,8.6,"Giá cả 75k/ hủ tiếu thập cảm đặc biệt đi đôi chất lượng, mình ko thích ăn hủ tiếu nhưng quán này mình ăn 2 lần trong đợt đi Vũng Tàu 3 ngày vừa rồi, highly recommend nhéXem thêm",141
1585,fattysnail,3/6/2018 21:20,9.2,"Sáng nay, mình có ghé đây ăn sáng nè 🤗 lần đầu mình mới ăn ở đây th à 🤗 Thế mà hợp khẩu vị dễ sợ, sợi mì sợii hủ tiếu k quá dày, nước dùng ngon, thêm mấy miếng thit sườn, xá xíu 😍 Good lắm luônnn 😎 Thích nhất tỏi phi 😆 giờ nhắc lại là đã thèm r 🤓 Mình sẽ quay lại trong thời gian sớm nhất nhe 💕Xem thêm",141
1586,Linh Mai,9/5/2018 12:37,7.4,"Hủ tiếu ở đây khá lâu đời. Nước dùng ngon và không quá gắt.
Một tô bình thường 50k, là đã có thịt sườn...ăn no và chất lượng nha. Mọi người ai muốn ăn gì thì có thể gọi thêm như sườn thêm, hoành thánh thêm... cũng được nhé. Mình không gọi thêm nên cũng không biết là phần đó bao nhiêu.

Không gian cũng sạch sẽ và thoải mái. Ai đến VT mà ko thích ăn mì thảy thì đây cũng là lựa chọn tốt nhé.Xem thêm",141
1587,Thảo Phạm,13/1/2017 12:41,7.0,"Mình chỉ seach trên Google là tại sao một quán hủ tiếu mì sườn lại nổi tiếng hoành tráng tại Vũng Tàu, lại còn có vẻ mắc hơn cả hủ tiếu gia truyền Ba Cu, mới biết là có chú Đàm Vĩnh Hưng đã từng chụp hình ở đây ngày khai trương, biết đâu trong cái tên đã nói lên tất cả, nhận xét thôi:
- Không gian quán: Quán sạch sẽ, thoáng nằm trên đường mặt tiền, nhân viên nườm nượp chạy ra chạy vào.
- Món ăn: Mình thử 2 loại hủ tiếu mì sườn khô và nước bình thường. Ngon đó nhưng với mức giá mình bỏ ra thì cũng chỉ ở mức tàm tạm thôi.Xem thêm",141
1588,Bảo Ngân,26/12/2016 12:31,7.6,"Quán hủ tíu mì thần thánh mà mỗi lần qua Vũng Tàu đều ghé lại ăn trước khi về. Hủ tíu mình gọi có thịt bầm và sườn mềm ơi là mềm. Nước lèo thì đậm đà ngon khỏi chê 
Điểm trừ là hủ tíu với mì hơi ít giá thì khá cao nên ăn một tô không no tí nào.
Mấy bạn nên ghé thử một lần hihiXem thêm",141
1589,Hao Tran,24/12/2016 23:30,7.0,"Là địa chỉ quen thuộc mình hay ghé ăn khi tới Vũng Tàu, quán có nhớc lèo đậm đà, thịt xá xíu ngon. Tiệm tương đối vừa, không gian tầm 30-40 khách ăn. Có thể đậu xe hơi luônXem thêm",141
1590,Phuoc Pham,21/9/2016 21:01,6.8,"Nghe đồn quán hủ tiếu này ngon nhất nhì VT nên sáng sớm chạy ra ăn thử vì quán đóng cửa sớm. Món chính là hủ tiếu mì sườn, có sữa bắp, sữa đậu nành nhà làm nữa. Sữa bắp ngon, vị bắp rõ rệt lắm. Mình gọi phần mì sườn thập cẩm có sườn, thịt xá xíu, hoành thánh, thịt nạt và mọc. Sườn ổn, mềm, ngọt nhưng phần nước lèo thì lại không đậm đà lắm, lại hơi nhiều dầu mỡ. 1 tô thập cẩm 60k tính ra cũng không quá mắc nhưng không ngon như mình kì vọng vì nghe nhiểu người nhắc đến quán này quá.Xem thêm",141
1591,An Nhiên,27/4/2016 17:43,8.0,"Quán này lâu lắm rồi, hơn tuổi mình luôn á. Hồi đó bình dân càng ngày càng tăng giá lên hú hồn luôn, bây giờ là 60k/tô rồi. Nhưng mọi thứ trong quán từ không gian, phục vụ, chất lượng món ăn đều rất chỉnh chu, chịu. Rau ăn kèm hủ tiếu xanh và sạch, hủ tiếu ăn rất ngon từ cái thành phần trong hủ tiếu đều tươi ngon và tất nhiên nước lèo thì đậm đà khỏi nói. Mỗi lần mình có bạn ở xa về hay dẫn ra đây ăn tối, rất là ok mọi người rất hài lòngXem thêm",141
1592,Quỳnh Phạm,10/9/2015 13:27,7.0,"Quán này có tiếng từ lâu rồi..tăng giá đều đều nên bây h thì khoảng 60k. Mắc nhưg cực kì chất lượng. Tô rất nhiều, rau nhìn rất sạch sẽ. Theo cá nhân mình thấy thì quán này ok hơn chỗ mì thảy, cũg mắc mà chất lượng k bằng. Dân địa phương thì hay ăn quán này hơn. Tại quán cũg k dễ tìm nên khách du lịch ít hơn bên kiaXem thêm",141
1593,Mều Na,4/8/2015 14:44,7.0,"Vì là quán có tiếng nên giá cả không hề rẻ chút nào.
Chất lượng thì không tệ, nhưng để nói ngon xuất sắc thì hơi nói quá ^^
Mình thích miếng sườn ở đây, ninh không quá cứng mà cũng không bị mềm nhũn. 
Quán nằm ở vị trí thoáng đãng, để xe thoải mái.Xem thêm",141
1594,Gia Hân,29/12/2020 13:44,9.2,"Lần đầu mình tới đây. Đọc review trên foody thấy khá tốt nên tới thử, đầu tiên là không gian yên tĩnh, trang trí đẹp có khá nhiều góc chụp hình, nhiều bàn và ghế dựa có gối rất thoải mái luôn, bàn ghế thấp để dựa hay bàn cao để học bài đều có nha. Mình đi với bạn trai chủ yếu để chơi game và chill hoi nên thấy ok lắm. Nước uống ok, mình uống trà sữa flan và cookie cream blend size lớn hết 93k, vị hơi ngọt nhưng vẫn tạm được. Có bình nước suối ai muốn uống thì lấy nha. Hơn hết là view ở ngoài  siêu đẹp, ai muốn ngồi ở ngoài trời vẫn có ghế dựa nhìn thích lắmmmm. 5* nhoéeeeeXem thêm",142
1595,Chí  Phan,2/5/2020 9:45,7.6,"Quán dễ thương lắm, có 1 trệt 1 lầu, decor đẹp. Nhân viên phục vụ vui vẻ. Không gian rộng rãi.
Nước mình order hồng trà sủi bọt trân châu socola 39k. Uống cũng được, trân châu socola lần đầu tiên ăn thấy lạ lạ ^^
Bánh tiramisu nói chung cũng ngon. 
Nói chung quán thuộc top nên thử. Vị trí ngay đường***dễ tìm.Xem thêm",142
1596,Yên Vi Mộc,8/8/2019 18:26,9.2,"Không gian quán thoải mái. Decor kết hợp với nhạc nền tạo cảm giác thư giãn. Phục vụ chuyên nghiệp.
Nước uống khá ngon. Nhưng bánh thì không ngon lắm.
Giá cả hơi đắt nhưng xứng đáng.Xem thêm",142
1597,neko0312,6/5/2019 20:20,9.0,"Đồ uống ngon, giá lại hợp lý. View miễn chê nha😘💞Xem thêm",142
1598,Jenifer Sarah,12/3/2019 21:20,9.4,"View quán xịn ngất ngây nha mọi người. 
Đồ uống thì cũng vừa tiền, tiền nào của nấy thôi à ~^^
Mà nói chung là ưng cực í,... Lâu lâu quán có acoustic nữa nè. ><
Sẽ ghé quán thường xuyên nha. 
Các bạn nên ghé qua xem thử, không sẽ hối hận đó.Xem thêm",142
1599,The End,24/10/2018 13:24,10,"Sáng nay quán đông  khách quá sáng mình đến uống cf và ăn sáng ở đây cf rất ngon và món ăn cũng rất tuyệt vời nữa nhân viên cũng phục vụ tận tình chu đáo ai rảnh thì ghé quán cf ủng hộ cf YuTa nha mọi người ^_^ 
 Thu gọnXem thêm",142
1600,foodee_40b4ad78,18/10/2018 15:27,10,"Yuta cafe có view đẹp, chụp choẹt sống ảo các kiểu là nhất luôn. Đồ ăn thức uống lại ngon, giá lại rẻ. Mọi người nên đến đây trải nghiệm dịch vụ của Yuta Cafe <3Xem thêm",142
1601,foodee_792247fb,18/10/2018 15:22,10,Cf YuTa uống rất ngon không gian sạch sẽ thoáng mát nhân viên phục vụ nhiệt tình thân thiện với khách hàngXem thêm,142
1602,The End,6/10/2018 11:01,10,Cf Yuta uống rất ngon không gian thoáng mát nhân viên phục vụ nhiệt tìnhXem thêm,142
1603,Trâm Lê,9/7/2018 12:48,7.2,Sáng thứ 2 ghé quán thấy cũng khá đông. Không gian thoáng mát và đẹp. Nhân viên lịch sự. Nước ổnXem thêm,142
1604,Trường Đ Nguyễn,13/7/2020 13:09,8.4,"Mình ăn mì cay nhiều quán ở Vũng Tàu rồi nhưng quán này lại làm mì cay đúng nghĩa . mình chỉ gọi cấp 2 ăn mà nó cay như cấp 5 ở bên quán khác vậy , cay mà xót rát cả đít  . Đồ ăn thì cũng như mấy quán mì khác thôi, chỉ là cay gấp 3,4 lần quán khác . 
# Đã 5 tiếng trôi qua , nhưng bụng và đít mình vẫn còn nóng do dư âm của cayy 🐧☹️Xem thêm",143
1605,hanle,4/6/2020 17:15,7.2,"Lâu lâu lại thèm mì cay xè, sợi mì dai dai, ngập topping hải sản, thịt bò...nước súp 7 cấp độ cayXem thêm",143
1606,Truc Truong,4/5/2020 21:17,5.4,"Món ăn quá ngọt! Ngọt tới mức ăn không nổi 😫 Không ngon 👎 Mì cay này kêu từ mức độ 1 trở xuống thì không cay chút nào, mà lại ngọt như mía lào. 
Đồ ăn không xứng với giá. Mì cay kim chi thịt bò mà cho quá ít thịt bò, với kim chi không ngon, nước soup thì quá tệ lại còn quá ngọt... 
Mình sẽ không quay lại quán này...Xem thêm",143
1607,Pooh Luv Food,14/2/2020 16:58,6.6,"Thực ra thì mình không phải fan của mì cay nói chung, đã từng thử 3 lần ở các quán trên Sài Gòn, chủ yếu là bạn rủ rê. Lần này đến ăn ở đây cũng vì chiều lòng đồng bọn. 1 phần mì 43k, thêm bò thêm nấm các kiểu thì nhìn cũng bắt mắt. Nhưng nước dùng thì bình thường không có gì ấn tượng, cũng giống như các tiệm mì cay 7 cấp độ khác, chủ yếu là vị ngọt và cay, không cảm nhận được gì thêm. 
Không gian quán cũng ổn, rộng rãi, sạch sẽ. Nhân viên phục vụ hơi chậm, có lẽ là do quán đông.Xem thêm",143
1608,Truc Nguyen,4/11/2019 11:17,4.2,"Mình thật sự muốn đánh giá 0 sao mà ko có 🤔

Hôm trước mình ghé ăn khi đó quán vắng khách nhưng lên món rất chậm, phục vụ thì vô ngồi cả buổi mới ra hỏi dùng gì. 
Hôm nay và đây là lần thứ 3 mình book món về nhà thì hết 2 lần bếp quên kèm mì cho mình. Sự cố quên quá ư hài hước.... 🙀, biết trước là quán làm món rất chậm chạp nên mình đã book rất sớm nhưng rốt cuộc cũng bị trễ, nhằm những lúc trưa đến giờ ăn thế này thì mình có thông cảm cũng chỉ 1 lần do sơ xuất chứ kiểu quên như thói quen như vầy thật khó chấp nhận!😂Xem thêm",143
1609,Trân Trần,6/10/2019 13:18,4.6,"Quán cũng khá vắng mà phục vụ hơi bị chậm. Mình gọi 1 mì bò 1 hải sản, bưng ra 2 tô bò và bạn phục vụ nói rất chắc nịch rõ ràng 1 tô bò 1 tô hải sản. Ok cho qua vì đang đói. Tới phần mì mới hay nè, nước thì mặn như nước biển nha 😥 Mì còn sống, cứng ngắc, bắp cải cũng sống nốt luôn. Lần đầu cũng là lần cuối mình ghé quán này, thất vọng lắm lun. Không quay lại nữa đâuXem thêm",143
1610,Lê Nguyễn Thanh nhân,7/9/2019 20:04,1.0,"Mình và bạn gái mình đến quán mặc dù quán khá vắng nhưng không một ai ra hỏi là đi bao nhiêu người, nhân viên thì tụ 1 đống ngồi cười đùa hí hừngXem thêm",143
1611,Ngân Bùi,20/4/2019 21:44,3.0,"Lần đầu đi ăn ở đây,thất vọng ,mỳ quá mặn xin cả ly nước nóng đổ vào vẫn k thể ăn được..Đề nghị bếp khi ra đồ ăn cho khách nhớ test thử trước khi mang ra..Xem thêm",143
1612,Kiều,15/2/2019 19:50,5.8,"Rất ghét cách phục vụ ở đây. Đồng ý là quán đông nên cũng rất thông cảm, nhưng lúc nào đi ăn là lại bực với cách phục vụ ở đây. Kêu dọn bàn thì thờ ơ không để ý, mình vào trước nhưng lại bị order sau nếu không nhắc thì bỏ qua luônXem thêm",143
1613,Hanie Ly,29/11/2018 12:11,8.4,Mình là khách ruột của quán lun. Sáng trưa chìu tối   Lần nào muốn ăn cũng lết xác ra đây hết. Ngon lắm lun  .Xem thêm,143
1614,Diễm Trương,23/12/2018 22:58,9.4,"Làn này ra Vũng Tàu mình cũng tìm tòi đường đi ăn trứng gà lòng đào, vì khi đọc review của mọi người cảm thấy rất thích
Không biết đường nên chạy 1 hồi ko thấy cái chi hết nên cũng lo ko biết có đi đúng đường ko, ai dè đúng đường, mừng ghê, chạy tít tắp. Bù lại được ăn trứng lòng đào(6k/1 trứng), sữa chua 10k, mía lau 10k, xí mụi 15k(mình thích món này hơn mía lau vì chua chua, dễ uống) trong không gian thoáng đãng, mát mẻ thích cực kỳ(lúc mình đi trời vừa mưa xong nên mát lắm). Cô chú bán quán vui vẻ, thân thiệnXem thêm",144
1615,Antonio Huy Phạm,27/10/2018 21:57,8.0,"Tụi mình đi lúc 4:30, đi kiếm hoài mới ra. Đường thỉnh kinh mà còn xa thì đường đi ăn hột gà mấy bạn phải biết kiên nhẫn nha. Đi lên núi thấy người ta đi đông quá trời là đúng đường, nhưng chân núi sẽ có hàng fake 1 fake 2 v..v... Hãy bình tĩnh dằn bụng vít ga chạy lên thêm mấy con dốc nữa, qua được 3 cái chùa thì sẽ thấy hàng au.
Quán khá nhỏ, hột gà luộc liền. Yaua xuất sắc luôn. Mía lau rất là thanh và thơm.
Bonus là núi RẤT NHIỀU MUỖI. Douma Tôn Ngộ Không gặp 99 kiếp nạn chứ tui gặp nạn 100 là muỗi đó. Mấy bạn nghe muỗi ma bao giờ chưa? Là nó cắn mà bạn còn ko nghĩ là muỗi cắn, cho tới khi 15p sau nó sưng CHÙ VÙ luôn. Khuyến nghị đi quần dài để tránh làm bạn với Dermatix nha
Nhưng mà bonus là cô chủ quán nói sau 17:00 là hết muỗi. Đúng vậy. Cô thật xịn :)
8/10 nhờ khung cảnh và đồ ăn ngon. Sẽ quay lại cùng nhiều đồ đệXem thêm",144
1616,Ha  Ki,31/8/2018 12:28,7.6,"Đi VT là không thể bỏ qua trứng lòng đào và sữa chua. Sau chuyến đi nắng chói chang làm ly sữa chua là hết mệt ngay. Ko khí trên đây trog lành và rất mát, nên đi vào tầm 4h chiều trở đi.Xem thêm",144
1617,Tú Xíu,21/4/2018 23:44,6.8,"Tìm mãi mới lên tới nơi đc .
Trên đường lên núi lớn khá nhiều quán, cũng k biết có vô đúng quán hay k 😂
Mía lau ngọt thanh, mát lắm nha .
Truéng lòng đào ngon , béo , trứng gà so nên nhỏ và ngọt lắm nha , cỡ mình chắc ăn đc gần chục quả 😂
Sữa chua cũng ngon .
Có bán thêm vài món ăn vặt , ai k ăn lòng đào đc thì có thê ăn trứng chín .
Cảnh nhìn từ quán rất đẹp , chiều gió mát thích lắm nha .Xem thêm",144
1618,Ryan Tran,24/12/2017 23:00,8.6,"Món này không mới cũng không lạ, nhưng không hiểu sao cứ đi Vũng Tàu lại ghé qua :))
Quán bán nhiều món: các món giải khát như đá me, nước mía, nước mía lau gì đó lum la; ăn thì có yaour, trứng gà lòng đào, trái cây đồ nữa. Món ăn ngon, nhưng vì đây là những món quen thuộc nên về vị giác thì không có gì để bàn nhiều cả.
Giá nhẹ bẫng, muốn ăn bao nhiêu cũng được không sợ cháy túi đâu ))
Quán mát mẻ, view rộng nhìn biển nhưng không đẹp lắm vì cây cối che nhiều. Nhưng được cái là đường lên núi chạy xe sướng :v Thích hợp cho nhóm bạn lên đó ngồi chơi nghỉ mát.Xem thêm",144
1619,QL,20/11/2017 14:29,7.0,"🍒Học sinh vũng tàu thì ko thể ko biết các quán ăn vặt trên núi Viba 🤣
🍒Hồi xưa mở quán là để phục vụ cho mấy ngừoi leo núi thôi, bán chủ yêu là nước mía, trứng gà, ít trái cây...
🍒Giờ thì mở thành quán cho người trẻ đi xe luôn :)))
Chạy cái vèo lên tới đỉnh núi là tha hồ ăn trứng gà lòng đào, yaua...

🍒Cảnh thì đẹp thôi rồi, ko khí mát mẻ. Đáng ghé nhé.Xem thêm",144
1620,midienchick,22/10/2017 19:31,7.8,"Không biết nó nằm khúc nào nên cứ đi đại đại, đi qua cái chùa 1 xíu là tới nhé.Ở đó cũng nhiều quán bán trứng với nước sâm mía lau nên coi chừng lộn
Được cái view biển và núi rất ăn tiền, rất mát mẻ thoáng đãng vì là ở trên núi nên không khí cực trong lành 
Trứng gà ta béo và ngon, nhưng lúc mình ăn thì nó hô chín quá rồi chứ k còn lòng đào chuẩn nữa.Nước mía lau ngon, k ngọt quá
Mình muốn dành vị trí vedet cho em sữa chua.Thiên địa ơi nó ngon một cách kinh khủng, từng ăn nhiều nơi nhưng hiếm có chỗ nào làm được tới độ sánh đặc vừa phải mà vị chua ngọt cũng vừa phải, lên men vừa đủ, nói chung là xuất sắc
Nói chung là đồng giá 6k cho tất cả các món nên ăn bao nhiu cứ tự tính cũng dễ 
Lên trển còn có hai bà mòe cuộn tròn ngủ trong cái hố dễ thương lắmXem thêm",144
1621,QL,14/10/2017 22:33,6.8,"Chỗ ăn vặt có view khỏi chê nha
Chiều chiều lên đây làm dĩa trái cây, mấy quả trứng lòng đào, ly mía lau thì quên sầu
Không khí trên núi trong lành lắmXem thêm",144
1622,Thảo Phạm,10/10/2017 14:41,6.8,"Nhiều quán nấu thì người ta ít khi cũng không phân biệt được lòng đào hay không nhưng mà bạn cũng cứ yên tâm các cô chủ quán đây đã nấu trứng gà bao lâu rồi í, các cô ấy biết cách nấu, ví dụ như các bạn không ăn được lòng đào thì nhớ nói như mình nha, mình ăn trứng gần chín ấy, ngon lắm luôn. Nhận xét thôi
- Không gian: sạch sẽ, view ngắm biển rất đẹp, các bạn nhớ chạy thẳng lên đồi luôn nha
- Nhân viên: kiêm chủ quán nên nhiệt tình lắm nha
- Món ăn: trứng gà ngon, lòng đào toẹt vời, nước mía ngon, sữa chua ngon.Xem thêm",144
1623,Tu Le,6/8/2017 18:16,6.6,"mình dân vũng tàu nhưng đến bây giờ mới mò lên đây để ăn trứng uống nc mía. Mình đi quán cuối cùng hướng từ dưới lên ak. quán rộng và view ngắm biển ok, chỉ có cái mùa này muỗi oanh tạc hơi nhiều. Chị bán hàng có vẻ rất chiều khách.
Nhưng mình lên ăn trứng lòng đào cho biết thôi nên chỉ kêu 2 trái trứng, 1 nc mía, 1 trái dừa, 2 bịch bánh tráng (chị chủ quán cho thêm dĩa, đũa và tắc để tụi mình hành sự dễ hơn). Mình k biết là gọi ít trứng thì k đc ăn lòng đào hay sao ấy, trứng mình là trứng luộc bình thường luôn, thất vọng đễ sợ. Còn sau mình có người kêu chục trứng thì chị ấy hỏi là trứng chín hay lòng đào. Lúc đó mình với a bạn mình nhìn nhau kiểu wtf ấy, vì lúc mình kêu trứng thì k hỏi mình như v, làm mình tưởng ở đây bán trứng lòng đào là 1 style lòng đào v thôi chứ, ai dè. 
Giá hình như là 5k/trứng, 20k/trái dừa, 10k/bịch bánh tráng, 7k/ly nc mía. Mình đoán sơ là v, tại lúc tính tiền là tính chung lại, nghe đc chị ấy nhẩm nhẩm thôi.Xem thêm",144
1624,Phan Trang,3/9/2022 11:51,10,"Tui là fan cuồng u mê lẩu mực nấu chao của quán. Thấy quán ít được rì viu chắc là anh chủ ko quan tâm booking KOL lắm, nhưng chất lượng thật sự ngạc nhiên. Ăn thử 1 lần vào mấy năm trước lúc còn chi nhánh bên*** rồi ghiền luôn từ đó. 

Có giai đoạn xuống quán đóng cửa đổi địa chỉ mới, thèm quá liên hệ anh chủ quán xin nấu riêng giùm ảnh cũng nhiệt tình đi chợ nấu rồi ship riêng cho mình dù rất mất công cho đơn hàng không đáng bao nhiêu, và anh cũng k đòi hỏi tụi mình rì viu gì. Thật sự rất có thiện cảm luôn. 

 - Đồ ăn thì tuỳ cảm nhận mõi người nhưng món Lẩu mực nấu chao của quán mà không thử thì thật sự thiếu sót luôn ớ. Đồ ăn ngon,  sạch sẽ nhưng giá rất ổn.  Ăn 1 lần sẽ cảm nhận được cái tâm của người chủ
- Không gian quán rộng, nhân viên nhiệt tình...

Chốt hạ! Mình không hề seeding gì cho quán, chỉ là yêu thích món ăn và mến cái tâm của người chủ. 

Các bạn nên thử và cảm nhận nhé!!!Xem thêm",145
1625,Quốc Quang,27/3/2022 14:59,10,NgonXem thêm,145
1626,H2N,17/2/2021 23:48,9.4,"- Mình đi 2 người (mùng 6 tết), giá tết nên hơi mắc.
- Mình gọi 3 món: LẨU MỰC NẤU CHAO ""hot hit"" của quán, vào quán sẽ được nhân viên giới thiệu món này vì là đặc trưng của quán, lẩu chao nhưng ko mặn nha, vị ngọt thanh vừa miệng lắm, mực nhiều và tươi, khoai môn chiên chín sẵn nên đem nấu lẩu mau mềm ngon lắm, rau cũng nhiều loại, tươi và ngon, mình thấy menu có nhiều món lẩu mực khác nữa, lần sau lên VT ghé thử cho hết. HÀU NƯỚNG giá đắt quá 35k - 45k/con, hàu múp, tươi ngon. CỒI SÒ ĐIỆP bán theo cân kg (ko tính vỏ), có thể gọi 100g, 200g hay nhiêu cũng được, chế biến 3 kiểu: cháy tỏi, xào mỡ hành, xào bơ cay; mình oder 200g xào bơ cay ngon thần sầu, 200g ko tính vỏ nên ăn đã cái nư lắm ah nhe, giá tết 419k/kg, 200g hết 83k nhe.
- Quán thoáng mát, gió thổi bay cây dù, bay cái ghế của chú bảo vệ luôn.
- Nhân viên nhiệt tình, lên đồ ăn nhanh, quán ngon nhưng khá vắng khách, mình nghĩ do giá hơi cao.Xem thêm",145
1627,Hoàng Liên,29/5/2020 0:21,10,"Từ lúc mình biết tơi quán là lần nào đi VT cũng ghé, lẩu mực chao siêu ngon, quán có nhiều loại lẩu nhưng mình ăn đúng 1 lần lẩu mực chao là u mê chữ ê kéo dài, không muốn ăn thử mấy loại kia luôn :))) mực siêu tươi và nhiều trứngg, nước lẩu ngonnn, nhiều khi chỉ xuống Vt cách 80km chỉ để ăn lẩu ở đây . Còn có món ngao đỏ hấp thái, tôm sốt me , mực baby chiên nước mắm :))) 4 món quen thuộc. Chả giò thuận phúc cũng rất ngon và siêu nhiều. 
Giá cả siêu hợp lí , phục vụ cũng nhanh nhẹn lắm.
Các bạn tới VT nhất định phải ghé lẩu mực, ăn lẩu cá đuối miết ớn lắm rùiXem thêm",145
1628,Thanh Ngân,6/3/2020 18:16,9.4,"Lẩu mực nấu chao ở đây ăn ngon lắm nha, ko bị mặn và mực rất tươi, đặt biệt mình rất thích món gỏi cá mai ở đây. Quán có view biển đẹp và nhân viên nhiệt tình dễ thương nha. Đáng để thử khi đến Vũng tàu nè 👍Xem thêm",145
1629,Ur My SunShine,29/2/2020 20:51,10,"Mình và anh xã tình cờ biết quán này, tụi mình thấy cùng thương hiệu với Bún Riêu Tôm nên quyết định ăn thử. 

* Điểm cộng:
    - Quán thoáng mát, sạch sẽ, bày trí đẹp, đặc biệt là view biển. 
    - Nhân viên lịch sự, dễ thương
    - Món ăn vị vừa ăn, nguyên liệu tươi mới. 
    - Giá cả đi đôi với chất lượng

* Điểm trừ: Đồ ăn nhiều ăn no căng bụng. 
Tụi mình ăn 1 lẩu + 1 cơm chiên cá mặn, 2 hàu nướng phô mai, 2 lon 7up giá:368k. Bạn nào muốn thay đổi khẩu vị thì hãy ghé quán này nhé. Mình không pr thấy sao nói vậy thôi à.Xem thêm",145
1630,Ổ gà,23/2/2020 21:35,9.2,"Món lẩu mực rất ngon, các món khác như mực chiên nước mắm, sò điệp xào rau muống, cơm chiên...cũng ngon. Giá mềm. Nhân viên dễ thương, bếp nhanh. 
Ngồi tầng 3 thoáng đẹp.Xem thêm",145
1631,Thủy Tinh Trịnh,3/2/2020 13:48,8.0,"Trong chuyến đi vũng tàu mình có thưởng thức khá nhiều nhà hàng ở trong này. Nhìn mặt bằng chung thì giá cả khá ok, k quá đắt, đồ hải sản trong này tươi ngon và rẻ, cảm giác hải sản ở vùng này ăn ngon hơn một số nơi khácXem thêm",145
1632,Dau Gau Pong,28/1/2020 23:43,9.0,"Dịp Tết nhà mình đi VT, tối tối dạo trên đường Thuỳ Vân, tính kiếm 1 quán ốc nổi tiếng ghé vào ăn, nhưng quán ốc hết bàn, chạy lên xíu thì thấy quán này, còn bàn nên vô ăn thử. Cũng ngẫu nhiên vào quán thôi mà vô ăn thấy thích quá trời. Hình như là quán mới mở.
Nhà mình gọi 1 lẩu mực 4 người ăn- 340k. Mực tươi lắm nha. Một phần lẩu 4 ng ăn thì dĩa mực bưng ra kèm theo cỡ 500gr mực tươi á. Nước lẩu có thể do mình lựa chọn. Có các loại: thái chua cay, chao...
Có nước chấm hải sản luôn.
Món thứ 2 nhà mình order là mực sữa chiên nước mắm, ăn cũng vừa miệng, phải kêu tới 2 đĩa mới ăn đã (100-150k)
Cơm chiên sò điệp: có còi sò điệp thiệt, có tôm, đậu hà lan nữa (109k). 
Hào (33k/con)
Ngoài lẩu mực, quán còn có lẩu cá đuối, ốc hương, ngao 2 còi, cua, ghẹ, mực trứng,...
*Điểm cộng: 
- Đồ ăn nêm vừa ăn. Món lẩu thái mực nhà mình kêu thì không quá chua, kg quá ngọt, nêm lạt. Với nhà mình thì hợp khẩu vị. 
- Nhân viên ở đây rất dễ thương, dễ thương về ngoại hình và sự phục vụ nữa. Dịp Tết nên đông, thấy mấy bạn chạy tất bật, cũng ráng gọi xuống bếp check có đồ ăn cho khách chưa. Lúc ăn gần xong có 1 chị đến hỏi cả nhà ăn vừa miệng kg. Mình đoán chắc là bà chủ.
- Trên menu ghi cụ thể rõ ràng luôn là nay dịp Tết nên giá các món có tăng.
- Quán decor đẹp. Ven biển nên thoáng lắm
Nói chung, với 1 quán tình cờ ghé vô ăn như vậy là quá oke rồi.Xem thêm",145
1633,Tiên cẩm,20/12/2019 7:40,9.8,"Lần trước ghé ăn đồ ăn ở đây rất ngon, quán sạch sẽ được mấy bạn phục vụ tận tình theo phong cách miền tây mình rất thích giống như đang được ở nhà.View biển cực đẹp và thoáng mát ( nhưng rất tiết không được ngồi trên lầu vì quán đang sơn trang trí ).Nghe nói quán vừa mới trang trí hoàn chỉnh định thứ 7 tuần này gặp lại nhé các bạn lẩu mực thuận phúc.Xem thêm",145
1634,Tuấn Tuấn,14/6/2022 15:00,1.0,TệXem thêm,146
1635,Như Nguyễn,13/1/2021 15:03,7.2,"@@ Thấy mọi người chê dữ. T đi ăn ké nên cũng ko để ý giá tiền, đồ ăn ok, phục vụ thì có lâu thiệt.Xem thêm",146
1636,hoanghuy,10/10/2020 12:34,1.0,"Thật sự mình k phải là người khó tính nhưng quả thật phục vụ ở đây rất tệ, chờ rất lâu và không được tiếp đón nhiệt tìnhXem thêm",146
1637,Trương Thư,8/9/2020 14:28,2.4,"Đi ăn, đi chơi là để bớt stress, để được những trải nghiệm thú vị.
Nhưng không, vào đây chúng ta chỉ thêm tăng huyết áp với những chiêu trò, mánh khóe của làng bè Long Sơn. 
Đúng là ""Y NHƯ LỜI ĐỒN"" nha chúng bạn, trước khi đi các bạn phải đọc rì viu, vào quán gọi món, tính tiền, các bạn phải ""phiêu lưu"", đấu đá và trợn mắt với những mưu mẹo của đội ngũ nhân viên ở đây thì họ mới có thể ĐEM ĐÚNG MÓN NHƯ MENU và TÍNH TIỀN ĐÚNG cho các bạn được nhen. Ai mà hiền hiền nó leo lên đầu ngồi nhé. 
1. Phải kiểm tra thật kĩ Menu, hỏi thật kĩ về các món ăn, ví dụ như 350/phần là ""kí"" hay là ""dĩa"", phần ăn này cụ thể thế nào, chế biến ra sao, làm sao tôi biết được nó đúng như bạn nói...Nói chung là xác nhận kĩ với tụi nhân viên. 
2. Tính tiền: Khâu này hơi căng, phiêu lưu dữ lắm, mấy nhóm say xỉn thì càng dễ bị qua mặt, nếu bill cỡ 600, họ sẽ tính lên cỡ 900, cứ thế mà nhân lên nhé các bạn )) -> KINH NGHIỆM: Say thì phải có 1 người tỉnh để kiểm tra bill. Cơ mà kiểm tra rồi, tính lại rồi nhưng vẫn sai nha, bill in nhưng vẫn sai nhaaa, tốt nhất là các bạn tự lấy đt ra mà cộng tiền. 
3. Nhân viên thì lồi lõm, trông bẩn (chưa dám nói đến là xấu quá :D), nhân viên sẽ nhìn bạn với đôi mắt Khinh miệt và thái độ bố láo nháo khi bạn gọi món, nhìn bằng ánh mắt Viên đạn khi bạn kêu tính tiền lại, và ""quăng"" chén dĩa, dụng cụ vào bàn bạn, thậm chí còn có khâu chửi khách.
4. Tóm lại, các bạn vào đây phải cứng lên, gồng lên, để đấu tranh với tụi nhân viên quán nhé. Nhớ là phải luôn TỈNH TÁO, TỈNH TÁO VÀ TỈNH TÁO )) May quá, hôm ấy mình khá tỉnh táo nên kêu nhân viên tính tiền lại tới 3 lần mới tính đúng ))
5. Đồ ăn thì k có ngon nhé, mình thấy k ngon.
Mình vẫn luôn thắc mắc là tại sao những quán ăn như thế này chưa bị kỉ luật, chưa bị dẹp loạn đi. Làm mất vẻ đẹp sông nước***quá ))
TÓM LẠI QUÁN ĂN DÀNH CHO CÁC BẠN THÍCH PHIÊU LƯU, KHẨU NGHIỆP, TRỪ YÊU DIỆT TÀ...Xem thêm",146
1638,Thao Trinh,28/6/2020 16:33,5.2,"Mình thật sự không có trải nghiệm tốt ở đây
Món ăn không nhiều, giá cũng không có hấp dẫn
Đồ ăn chế biến ổn, lên món cũng nhanh. Tuy nhiên ăn món hào sống thì tính thêm tiền tuýp wasabi 27k??? Thấy lạ quá xá, chưa gặp trường hợp này bao giờ.
Tuy nhiên cái phần tính tiền là bực nhất, mình không biết là cố ý hay vô tình, uống 1 chai 7up mà tính tiền cả chục chai, lúc bạn phục vụ cầm bill đi tụi mình mới nhẩm tính lại thấy sai sai thì mới xin lại cái bill mà chờ lâu thật lâu mới đưa ra, thắc mắc thì nói là bên em có tính tiền trừ lại ghi lại bằng bút bi......Thật sự nếu quán ok nhân viên dễ thương phục vụ tốt thì tip 100k là chuyện bình thường nhưng mình đang có cảm giác như bị lừa đảo á. 
Mình không bao giờ muốn quay lại chỗ này, nếu có ghé thì ghé chỗ khác, nếu đi thuyền thì bên tay trái nha chứ không phải tay phải đâu.
Hy vọng quán đọc được những comment này và cải thiện chất lượng dịch vụ của mình hơn nha. Chứ mình là không dám quay lại rồi vì không có cái gì níu chân mình hếtXem thêm",146
1639,hà,27/5/2020 8:56,1.0,"Đồ ăn không ngon mà giá cao ( cũng tạm chấp nhận vì ăn ở vị trí đặc biệt hơn trên đất liền)
Nhà hàng bước vào trông hơi dơ và có mùi, nước ở mấy ngăn hải sản dưới bè thì đầy rác mà không dọn. Nhân viên thái độ *** *** và coi thường khách chắc không có ai dạy bảo dưới hình điển hình là con nhân viên mất dạy nhất từng gặp. Cảm giác đi ăn đã mất tiền cao không ngon mà còn như đi ăn đồ bố thí nên chẳng buồn gọi nhiều ăn cho có rồi về và chắc chắn không quay lại nữa. nhưng mà ở đây hình như không phải có mình nhà hàng này hi vọng lần sau đến nhà hàng kia sẽ tốt hơnXem thêm",146
1640,Tran  Nguyen,18/1/2020 17:41,1.0,"Absolutely terrible service from all the waitresses from beginning to end. They throw food down on the table in front you. You have to stand up and yell in order for them to even look at you. And after they look at you, they look away and completely ignore you. 

They all look like they hate life. There was also no fish to select food from. There was maybe 5 fish in all their ponds. 

Overall, it was a complete waste of my family’s time to come here and it ruined the whole experience for us.Xem thêm",146
1641,Mai Lê,18/1/2020 17:10,1.6,"Đồ ăn thì ngon nhưng mà phục vụ thì hỡi ôi, chỉ biết 2 từ là HÁCH DỊCH!!!?!

ĐẾN QUÁN ĂN ĐỂ ĐƯỢC PHỤC VỤ HAY XIN PHỤC VỤ?

Nếu bạn muốn có 1 bữa ăn ngon, vui vẻ và hạnh phúc. Đừng đặt chân đến nơi này. 

Nếu còn từ nào hơn từ TỆ, thì mình sẽ dùng từ đó để feedback về nơi này nhé 🙈🙈🥵🥵🤮🤮Xem thêm",146
1642,foodee_7ua4t6n2,13/10/2019 21:03,1.4,"Hôm trưa 13.10.19 mình có dịp ghé vào đây. Sau khi khi hỏi về ốc móng chúa, tiếp viên ra gợi ý loại 7-8 con 1kg có giá 590k/kg. Mình gọi 1/2 kg. Gọi tiếp ghẹ hấp được tư vấn loại to nhất: 3 con 1.1kg. Và mình nhận được thành quả như trong hình. 

Sau khi khiếu nại về cách cân của quán, được xác nhận là chỉ có 0.4kg ốc móng chúa thôi (0.4kg mà chỉ thấy bằng được 1/2 con ghẹ???). Và cuối giờ thì xuất cho hóa đơn với giá 610k/kg. 

Hình này cho các bạn tham khảo nếu có ý định vào đây.Xem thêm",146
1643,Phạm Ngọc Sơn,17/2/2019 17:52,2.6,"Gọi đồ ăn thì lâu, giá cả thì mắc hơn cả ở trong trung tâm TP Vũng Tàu, phục vụ không có TRÁI TIMXem thêm",146
1644,Ngọc Hà,24/6/2019 14:25,1.2,Tuần trước  mình  tới  vũng  tàu  chơi...  Xem trên foody  muốn  check  in thử  mà  dạo  ra vòng  mà  thấy  hoang sơ  vắng  vẻ  cũ  kỹ...Xem thêm,147
1645,Hồng Phương,9/2/2019 18:11,9.6,"Chị chủ thân thiện, giá cả từ 30-40k theo mình thì k mắc vì ngắm dc view đẹp các bạn nên đi lúc chiều thời tiết rất mát mẻ và ngắm dc hoàng hôn 💕Xem thêm",147
1646,Bebe.hihi,2/8/2018 5:06,9.0,"- Team mình ghé quán lúc 4g chiều, ngày thứ 4. Quán khá vắng nên giờ đó nên tụi mình tha hồ sống ảo.
- Nước uống giá rất phải chăng, vừa túi tiền. Chị chủ thì dễ mến và hiếu khách.
- Các không gian trong quán rất đa dạng để check in. 
CHẮC CHẮN SẼ GHÉ QUÁN NẾU CÓ DỊP XUỐNG LẠI VŨNG TÀU.Xem thêm",147
1647,Trang Đào,3/6/2018 21:11,10,"Mình ghé quán vào tối thứ 7, sau khi từ Hải Đăng xuống. Quán nằm gần cuối đường, bên tay trái. Lúc đầu không tính ghé quán đâu nhưng bị ấn tượng bởi giọng hát của 1 bạn nam trong ban nhạc nên chạy xuống biển rồi còn vòng ngược lại lên :)) Quán nhìn ấm cúng, dễ thương, nhân viên rất nhiệt tình. Ban nhạc vừa hát hay lại thân thiện nữa, rất vui vẻ hát theo yêu cầu của khách hay là đệm đàn cho khách hát. Chị chủ quán cũng dễ thương luôn, mình không tìm thấy thẻ xe được chị hỗ trợ nhiệt tình luôn. Quán có view nhìn xuống được thành phố. Nói chung là điểm 10 cho chất lượng. Nhất định mỗi lần mình đến Vũng Tàu sẽ đều ghé quán ^^Xem thêm",147
1648,michellenhung,7/4/2018 22:41,9.8,"Ngồi mát ơi là mát, có nhạc nghe nữa. Cái phòng nghe nhạc vừa lên cầu thang nằm phía bên tay trái. Thấy mấy bạn ghita có vẻ đẹp trai, mà mình muốn ngồi ngắm cảnh nên sang khu khác
Anh nvien nhiệt tình, giới thiệu mấy món ăn vặt. Mình làm quả xúc xích, ngồi lạnh lạnh tự tưởng tượng đang Đà Lạt. Mà chỗ này cũng hơi hơi giống ĐL thật ấy
Nói chung là mình thích. Đồ uống thì giá rẻ nữa
Sẽ quay lạiXem thêm",147
1649,Dung Hoang,6/4/2018 22:14,10,"Cái view là đã tuyệt vời rồi.
Nvien nhiệt tình, dễ thương
Mình uống món Việt quất đào khá chất lượng mà giá thì vô cùng hài lòng, đúng thật xuống rồi mới thấy giá cả phố biển nhẹ hơn SG nhiều, thích thật!!!
Mình đến vào đầu tuần, nghe quán bảo 3 ngày đầu tuần là các đêm nhạc dành riêng cho khán giả, những người thích hát nhưng còn chưa dám mạnh dạn.
Em nvien mời mãi, thích lắm, đành làm liều lên 1 phen. Anh ghita thì nhiệt tình, còn hát đệm cho, thế mới bớt hồi hộp.
Vũng Tàu - đợt sau mình sẽ đến với nhiều bạn bè hơn. Và hát vs các bạn của quán nhé.Xem thêm",147
1650,Tê Tê,4/2/2018 23:20,9.2,"Ghé vào một buổi chiều tối, 7-8 p.m
Lên cao nên không khí se lạnh 
View nhìn ra là cả thành phố VT
Đồ uống bình thường như bao quán coffee khác, nhưng các bạn thử mấy món special điiii , mình thử '1975' do có rượu nên uống không quen nên không thích
Band chơi và hát rất hay, xinh tươi nữa hehe
Có chị nhìn giống quản lí nhiệt tình lắm luôn, dễ thương
Nên đến sớm để có thể tiếp cận không gian band diễn, chứ lên cao lag nghe không thôi, chứ không xem được 
À quán có phụ thu, bọn mình đi 2 người phụ thu 40k mình k biết phụ thu tính sao nữa :3Xem thêm",147
1651,Út Haha,20/8/2017 23:26,8.2,"Vị trí: khoảng giữa chân núi và hải đăng
Không gian: rất rộng, có khu acoustic riêng. Nhưng các khu còn lại vẫn nghe ké dc. :)) view thành phố VT,  đèn điện lung linh rất thú vị. Thiết kế quán đơn giản nhưng rất hợp không khí. 
Chất luợng: đồ uống ok. 
Giá cả: khá mềm. Điểm này mình cực thích ^^
Phục vụ: toàn là các bạn trẻ, năng động,  thân thiện.Xem thêm",147
1652,Thy Huynh,7/8/2017 14:53,8.0,"Đi Vũng Tàu mà không đến cafe 1975 là một điều quá là tiếc đó. View quán cực kỳ đẹp. Nếu không ngồi phía bên trong thì có thể ra ban công ngồi cho mát. Cafe sữa đá ngon. Mình đi với 1 đứa bạn, nó cũng thích quán này y như mình vậy. Nghe tên 1975 thấy hay hay, cổ cổ mà không rõ tại sao quán có tên 1975 nữa. Tối có chơi nhạc nữa nhé. Túm lại là lần nào đi Vũng Tàu cũng phải vào đây.
À phải bonus thêm là mấy bạn phục vụ khá thân thiện ^^Xem thêm",147
1653,Thảo Phạm,17/7/2017 14:52,7.6,"Thấy mới mở nên tấp vào liền, quán nằm trên đường lên chân núi Hải Đăng nên ai tiện đường lên ngắm cảnh có thể tạt vào quán. Quán được trang trí đẹp lắm tiện cho việc sống ảo kinh khủng, lúc mình ghé vào quán lúc sáng nghe đâu bảo tối lên trong nhà kính có đánh nhạc hát Acoustic mỗi tối. Nghe là thấy khoái rồi, quán là chuyển địa điểm chỗ Trương Công Định đó. Nhận xét thôi:
- Món ăn: Chủ yếu là nước ép, cafe... mình uống Smoothie việt quất bạn mình uống Soda. Buồn là Smoothie của mình không có kem híc híc
- Nhân viên: Nhiệt tình
- Không gian: Quán có không gian đẹp, có 4 tầng đều hướng biển hết.Xem thêm",147
1654,minh hoàng,17/9/2022 21:36,9.4,Phục vụ nhanh. Dù quán đông cuối tuần vẫn lên đúng món. Món nào cũng khá ngon. Nêm vừa miệng. Giá rẻ so với mặt bằng chung. Ăn 5 người có 712k. Không gian thoáng đãng. Chắc chắn sẽ quay lại.Xem thêm,148
1655,khôi,13/10/2020 21:51,5.4,"Mình đi 2 người, vừa vào quán ngồi xuống thì phục vụ đổi bàn do có đoàn khách 6-7 người vào. Mình cũng vui vẻ qua chỗ kế bên. Bàn mình có 2 cái ghế, bạn mình đưa mình 1 cái, cái còn lại bạn mình chuẩn bị ngồi thì bị phục vụ GIẬT GHẾ  cho đoàn khách kia, lúc đó mình không thấy còn nên không nói gì được đành phải tự tay lấy cái ghế khác để ngồi. Và mình mặc dù vào trước nhưng phục vụ rất niềm nở đưa thực đơn cho đoàn khách kia, còn mình phải gọi 5 lần mới được thấy mặt hóa đơn. Do chỉ muốn ăn chính nên mình gọi 1 cái lẩu và phục vụ trợn mặt hỏi lại mình "" Ụa vậy thôi hả "". Mình đớ người câu hỏi này luôn, do lần đầu mình đi quán ăn mà có phục vụ hỏi mình câu như vậy. Do khi đi là trời mưa nên mình ráng nán lại ăn, chứ không là đi từ lâu
Nhưng thành thật thì món ăn cũng khá ngon, mình ăn cái lẩu 160k cũng tạm ổn. Nhưng mà mình nghĩ  thái độ phục vụ này thì món ăn nào vào cũng khá khó chịu trong người. 
Mình khuyên mọi người có ăn thì đi chỗ khác chứ chỗ này vào chẳng khác gì rước bực vào người. Nhân viên không tôn trọng được khách hàng, không chỉ mình mà còn những đoàn khác ( mình không tiện nói ra).Xem thêm",148
1656,hiep trangoc,3/7/2020 22:18,8.0,"Lần đầu xem trên foody , tìm tới quán. Cảm nhận là ngon, đặt biệc là rẻ hơn các quán khác. Nhân viên nhiệt tình. Gọi 5 món mà hết có 324k. Không giang rộng rãi sạch sẽXem thêm",148
1657,Chris Oven,8/6/2020 23:07,8.2,"Mình đến quán vào buổi trưa

Ưu điểm: 
Quán khá rộng rãi, quán có 2 nhà đối diện nhau nhưng đều là 1 quán nha, nên mn ngồi bên đâu cũng được. Mình recommend ngồi bên nhà lớn hơn nha. Bên đó rộng rãi, sạch sẽ, mát mẻ
Mình đi 2 người ăn 4 món: nghêu hấp, mực nướng, cơm cháy tỏi và ốc mỡ xào bơ tỏi
Nghêu tươi, mập nha, ăn rất đã. Ốc mỡ xào bơ tỏi cũng khá ngon, bơ tỏi làm vừa ăn và thơm
Những món còn lại thì ăn được nhưng ko quá xuất sắc
Tổng bill 253k - rẻ

Nhược điểm: nv phục vụ ko nhiệt tình lắmXem thêm",148
1658,The Son Bui,31/5/2020 21:40,9.2,"M ở Bắc, sống ở SG nhưng lại hay ghé Vũng Tàu chơi, ăn quán suốt 2 năm nay nhưng giờ mới viết review.

Quán đông khách, lượng khách dân local nhiều nên những ngày trong tuần vẫn khá đông. Cuối tuần thì đông khỏi nói, nhưng được cái không gian thoáng. 

Đồ ăn thì giá rất vừa phải (rẻ hơn nhiều so vs các quán hải sản khác mình từng ăn ở VT), chế biến ngon, dù đông khách nhưng ra đồ ăn khá nhanh.

Quán có mấy chú bảo vệ trông xe, hướng dẫn khách đậu, de xe (ngoài Bắc gọi là lùi xe) rất dễ thương và tốt bụng. 

Khẩu vị có thể mỗi người mỗi khác, nhưng mình recommend mọi người quán này vì luôn cảm thấy thoải mái ở đây.Xem thêm",148
1659,THanh  Linh,26/12/2019 11:41,7.4,"Mới tới Vt ghé vô foody xem thử có quán nào có bán cá trích, mình rất thích món này. Ra được kết quả quán Hùng Chi.  Không gian sân vườn thoáng đãng, chỗ ngồi rộng rãi, phục vụ hơi lơ là cũng tận tình nhưng hay quên thôi kệ bù qua sớt lại. Đồ tươi giá cả khá hợp lý cho thành phồ du lịch.Xem thêm",148
1660,Thảo Ngọc Linh,4/8/2018 20:53,7.4,"Quán này là do người quen mình ở cũng tàu giới thiệu. Mình đi gia đình vào buổi tối mà quán đông nghẹt luôn, tới minh vào lá phải ghép bàn rồi, mặc dù không gian rộng rãi mà quán ngồi đông luôn.

thức ăn ở đây nấu ổn, vị cũng đậm đà, hầu như món nào ăn cũng được hết. Mình thì có ăn qua được mấy món như là Nghêu hấp thố, gỏi xoài ốc giác, gà chiên nước mắm, mực sữa chiên giòn, cơm chiên cá mặn, mì xào bò, ếch xào lăn, cá khoai chiên giòn, cá mao ếch nướng muối ớt. Thấy chất lượng món đồng đều nha, hợp khẩu vị, khá thích., cá khoai lạ miệng nhưng ăn rất ngon, ếch xào lăn nước cari nấu béo và đậm đà, chấm bánh mì ăn ok. 

nhân viên đông nhưng phục vụ hơi chậm, vì là ngày cuối tuần nên cũng thông cảm. Giá thì cũng không quá cao, nhưng mình thấy chất lượng là ok. không gian rộng rãi, khách đôngXem thêm",148
1661,Hải Linh Nguyễn Vũ,21/7/2018 21:20,8.4,"Món ăn:
- Tôm tích hấp: ngon, tươi, ngọt
- Ốc len xào dừa: Nêm nước dừa vừa miệng, không quá ngọt cũng không quá mặn
- Mực chiên giòn: Mực tươi, chiên giòn, vừa miệng
- Hai loại cơm chiên: cũng rất ngon, nêm có nhiều tiêu, trẻ em ăn thì cayyyy
- Cá khoai chiên giòn: Quá đỉnh!! 
-...xào tỏi: Ăn không ngon, chỉ cháy tỏi lớp bên ngoài nên bên trong chả có vị gì, chánnnn
- Bạch tuộc nhúng giấm: Cũng không ngon, bạch tuộc không thấm gia vị gì cả nhưng nước giấm lại vừa miệng dễ ăn :))
- Hàu nướng: ăn đượcXem thêm",148
1662,Hải Linh Nguyễn Vũ,7/8/2017 17:14,8.8,"- Vị trí: Trong hẻm nên cũng khó tìm
- Không gian: Ngày xưa thì không rộng lắm đâu nhưng năm nay quay lại thấy rộng cực, quán mở rộng ra hai bên đường.
- Phục vụ: Lúc mình đến ăn thì quán rất đông, tại vì ngon mà :)) Phục vụ lúc ấy chậm
- Chất lượng: Cực ngon, món nào cũng ngon cả, món nào cũng vừa miệng, thực đơn cũng đã dạng, có nhiều món ngon đặc biệt như cá khoai chiên giòn hay ốc len xào dừa, cơm chiên dương châu, cá bốp nướng <3 
- Gía: Bình dân, đi nhiều người (~10ng) mà ăn no căng bụng hết có 1tr3
>> Đến VT thì nên đi quán này :))Xem thêm",148
1663,Hải Linh Nguyễn Vũ,26/3/2017 16:14,9.0,"Mấy lần đến VT đều ghé đây ăn hết :)) Hải sản tươi ngon, thức ăn bổ rẻ, phục vụ cũng tạm nhanh, vị ttis không gian rộng thoáng mát 😂💐Xem thêm",148
1664,eatwtea 💋,8/1/2020 13:18,7.4,"Có 1 số món ăn quen thuộc mà lần nào về vt cũng phải ăn ít nhất là 1 lần. Mỗi lần thèm lẩu thái là chạy vèo ra đây kêu 1 tô bún thái hay mì (gói) thái là đã cơn thèm. Quán này bán khá lâu rồi và ở Vt ko có nhiều quán bán món này nên quán cũng khá đông khách. 

Bún thái mình ăn tô lớn (35k) đã lên giá, tô nhỏ (30k) gồm mực, tôm, thịt bò. Trước đây thì có thêm ốc nhưng giờ ko còn nữa. Vị vừa ăn, chua ngọt vừa đủ. Bún cho khá nhiều, ăn kèm rau nữa là no ứ hự.Xem thêm",149
1665,QL,18/1/2019 20:49,7.0,"🍒Về Vũng Tàu thèm bún thái thì lại ghé đây. 
Tô thập cẩm có bò tôm mực, ai ko ăn bún thì có mì nha
Do mình sợ mặn nên ko có ăn mì
Tô có 1 con tôm, mấy miếng mực với mấy miếng bò
🍒Ăn kèm rau muống rau nhút mà mình ghét ăn rau nhút nên ko kêuXem thêm",149
1666,Duy Phát Lê,23/9/2018 22:23,6.4,"Bún thái ở đây ăn cũng tạm được chứ ko đặc sắc
Kiểu nhìn tô bún nó ko được đầy đặn nên hơi chán
Vị chua ngọt thì ăn cũng ok
Tô có con tôm, 1-2 miếng mực, 1 ít bò vụn
Ăn kèm rau muống cọngXem thêm",149
1667,Thảo Phạm,20/11/2017 23:18,7.4,"Mọi khi toàn ăn bún Thái thôi hôm nay mình chuyển sang ăn mì Thái, cảm giác vị nước lèo vẫn ngon như bình thường cơ mà tôm nhỏ lại thịt bò ít đi, bún và rau cũng ít lắm luôn. Huhu kiểu như là gắp được mấy đũa thôi là sẽ hết tô mà mình vẫn chưa kịp thưởng thức hương vị gì cả, mà không còn gì ngoài nước lèo và cái tô đựng bún.
Mình tự cảm thấy ăn mì hay là bún thì mì Thái ăn vẫn ngon hơn nhiều, hông biết cô bán có cho thêm vắt mì nữa được không, hihiXem thêm",149
1668,Mều Na,19/7/2017 13:54,7.0,"Dạo này vị giác mình sao chứ những chỗ trước giờ khen ngon bây giờ ăn lại thấy cũng bình thường hà, không còn thấy quá đặc biệt như trước
Nói chung là vị của quán vẫn như vậy trước giờ đó, chắc có khẩu vị của mình thay đổi thôi hà. 
Sáng quán cũng đông khách lắm, ra vào đều, giá cả cũng phải chăng, phục vụ kèm 1 ly trà đá nhé
Có cả mì tôm thay bún nếu bạn nào ngán ăn bún. 
Quán nằm ngay góc lại sát 1 quán khác nên chạy qua để ý chút kẻo lố ^^Xem thêm",149
1669,Thảo Phạm,22/11/2016 14:00,6.2,"Đây là lần thứ 2 tới quán, lầm trước vừa ăn vừa làm việc nên mình không nhớ cảm nhận gì về hương vị của quán hết. Lần này là tự mò tới để ăn nên công nhận ngon thật chớ. Nhân xét thôi:
- Nhân viên: Chủ quán kiêm nhân viên kiêm tính tiền tha hồ nhanh nhẹn nhiệt tình nha các bạn.
- Không gian: Quán sạch sẽ, thoáng, có không gian hướng phố nên mình thích ngồi ngay bàn đầu cực, 2 lần tới quán lần nào cũng ngồi có 1 chỗ
- Món ăn: Tô Bún Thái chua chua ngọt ngọt ăn kèm với rau nhúng ngon lắm, thịt bò tái ngon lắm nhé, tôm sú luộc đỏ tươi, mực cắt lát cũng vùa miêng nha (y)Xem thêm",149
1670,Út Haha,19/9/2016 14:31,6.2,"1 tô đủ bình thường. 30k
Nước như nước lẩu ak. Lẩu chua. Cũng ngon. 
Quán nhỏ nhỏ mak đông lắm. Chắc đây cũng là 1 quán ăn nổi tiếng ở VT.Xem thêm",149
1671,Mr Cat,27/5/2016 2:12,7.8,"Lâu rồi không ăn nên thèm,sẵn chiều đi công chuyện về ghé vào quán ăn luôn. Phải công nhận là chất lượng vẫn ngon như trước không có gì thay đổi cả. Thịt bò ở đây mình thấy ăn rất thơm,mực cũng ngon ngon giòn giòn. Rổ giá bình dân,trà đá thì miễn phí. 
Không gian quán không được rộng lắm nhưng ngồi vẫn thoáng mát. Chế nào chưa ăn bữa nào ghé thử nhé 😉Xem thêm",149
1672,eatwtea 💋,25/5/2016 14:49,8.0,"Ở Vũng Tàu ko có nhiều quán bán bún thái nên mỗi lần thèm là ghé đây ngay ko suy nghĩ. Chỗ này giá cả bình dân, chỗ ngồi sạch sẽ, đồ ăn chất lượng nên lượng khách đều mỗi ngày. Lúc mới mở ra thì bán có cả ốc nhưng giờ thì chỉ còn 3 loại là tôm, mực và thịt bò thôi. Tuy nhiên chất lượng vẫn ko giảm sút mà ngày càng đậm đà. Cũng lâu rồi ko ăn giá vẫn ko thay đổi, tô lớn 30k, tô nhỏ 24k. Mình ăn kèm rau nữa nên ăn tô nhỏ là thấy vừa.Xem thêm",149
1673,Mr Cat,26/1/2016 2:03,7.4,"Mỗi lần tới ăn là ăn liên tục xong rồi lại thôi. Không có gì để nói nhiều. Chất lượng món ăn vẫn ổn định cũng như giá cả,quán thấy đông đều heheXem thêm",149
1674,Nguyễn Phươngg,25/2/2020 21:55,9.0,"Hello lại là mình đây, lần trước có review là hỏng đc ăn bún thái tôm tích, nhưng lần này ghé thì Ngon có nha, đến với Ngon thì chỉ có ngon thôi ❤️Xem thêm",150
1675,Nguyễn Phươngg,11/12/2019 14:46,9.0,"Biết đến quán vì món bún thái tôm tích đc review trên foody Vũng Tàu, nhưng đến nơi xem menu và không có món đấy, hỏi chị nhân viên thì bảo sang tuần mới bán, hơi tiếc nhưng không sao, mình đã gọi set lẩu để ăn. 

Lẩu như hình, ăn 2 người no lắm nha, nước lẩu hơi lạt 1 tí

Không gian decor đẹp dã man, có thể sống ảo, thoáng mát, gió thổi hiu hiu, sạch sẽ, bận ăn nên mình cũng k kịp chụp quán 🤣

Nhân viên rất nhiệt tình và thân thiện nhé, nhất là chị order cho mình ý 😍

Giá cả vừa, đc thằng bạn bao nên mình cũng k biết tổng là bao nhiêu nữa 🤣

Có dịp sẽ ghé quán đây ăn món bún thái tôm tích, hy vọng lúc mịn đến quán sẽ có 😭Xem thêm",150
1676,Dương Dương,22/8/2019 10:55,9.0,"Mình ăn món bún Thái, thấy ngon. Nước cũng ok. Không gian quán thoáng và yên tĩnh. Nhân viên dễ thương. Quán khá vắng có lẽ do nhiều người nghĩ nhà hàng giá cao. Nhưng giá ok lắm ạ. Nói chung là CHỊU 🥰🥰🥰Xem thêm",150
1677,ngannguyen0476,23/7/2019 7:48,1.0,"Phục vụ tệ , món ăn chờ nửa tiếng , nhắc 3 lần mới chạy đi kêu bếp làm , đồ ăn vị bình thường , nhân viên đứng chơi đi lòng vòng , khách hỏi mới nhớ .Xem thêm",150
1678,Lun Con,30/5/2019 19:40,2.6,"Nghĩ sao quán để bảng to trước quán có món Bún Thái vs Mỳ xá xíu mà vào hỏi quán thì kêu hết, đem ra cái menu giá trên trờiXem thêm",150
1679,Carder Nguyen,25/4/2019 18:57,8.0,"Bún thái và bánh khọt ngon. Không gian quán thoáng mát, sạch sẽ. Hơi vắng có lẽ do nhiều người tưởng nhà hàng sang nên ko dám vô.Xem thêm",150
1680,Tiên Trần,11/2/2019 0:18,9.2,"Bài này mình chỉ nói về 2 món tụi mình ăn và thời điểm là 10h-11h sáng nhé. Còn chiều tối thì mình ko chắc có những món này và giá cả thể nào nhé
 
Rất dễ tìm, quán nằm tầng trệt của 1 tòa nhà to, thêm phần là quán có để bản “BÚN THÁI TÔM TÍCH 45K” trên vỉa hè sát đường. 

Gửi xe dưới hầm, rất dễ dàng và an toàn. Quán khá vắng (mình đi khoảng 10h-11h sang). Chắc người ta sợ nhà hàng sang trọng giá sang trọng. 

NHƯNG KHÔNG! TIỀN NÀO CỦA NẤY CÁC BẠN Ạ!

BÚN THÁI TÔM TÍCH của mình chỉ 45k mà thôi các bạn ạ. MÌ XÁ XÍU anh ấy thì 39k. 

Nhìn hình các bạn có thể thấy có tôm tích chà bá (4con), mực tươi giòn, thịt bò tái mềm thơm, tôm to ngọt ngào, ngêu bùi thơm biển. Xuất sắc các bạn ạ! Tô to nhé, bún cũng dai, nước thơm thanh chua ngọt cay ngon bá cháy. Có ít rau cần nước và vài cọng rau muống. 

Nước chấm thần thánh các bạn ạ! Chấm các loại hải sản, bò làm mọi thứ càng ngon hơi. (ha ha! Nước chấm này cũng khá giống muối ớt xanh thôi nhưng ít mặn hơn).

Nhưng mình ước gì người ta cho thêm 1 đĩa rau muống bào hay rau nhúc nữa thì hay quá. (nếu được vậy là như ăn 1 nồi lẩu thái luôn rồi! ha ha!) Mà thôi, tô này ăn xong là RẤT NO đấy các bạn ạ!

Mì XÁ XÍU khô rất vừa miệng nhé, thịt cũng thơm mềm, có cả hoành thánh trong đó nữa. Kèm theo tô mì sẽ là 1 chén canh rong biển. (cái này là phần của ấy, mình chỉ ké được 1 muỗng vậy thôi! T.T)

Trên menu (hình như là menu breakfast) có 1 món mình thấy cũng rất rất tuyệt là BÚN RIÊU ỐC MÓNG TAY mà nhân viên nói là hôm nay không có T.T 

Trên menu thức uống mình chụp được hình như giá mắc hơn menu breakfast 10k lận. Sâm mình gọi chỉ 18k thôi nhé, thơm, nhưng hơi ngọt quá! Nhưng không phải vị ngọt gắt hay ngọt đường đâu. 

Tới view đây: thoáng, mát, đẹp, sang, sạch, thơm. Không chê vào đâu được nhé.

Nhân viên bận áo dài luôn, nói chuyện nhẹ nhàng, cư xử chuyên nghiệp.Xem thêm",150
1681,Thảo Thảo,19/10/2018 16:22,7.8,"Mình tới quán khoảng 2 lần rồi, món ăn cũng ngon và đa dạng. Quán không cần máy lạnh nhưng vẫn mát mẻ, thoáng gió. Phục vụ tận tình, chu đáo. Có tầng hầm để xe máy và sân để xe hơi.Xem thêm",150
1682,Nhàn Ng,14/10/2018 21:35,9.2,"Món này ngon, tôm tích khá to và có trứng.
Không gian quán đẹp, món ăn được chăm chút tinh tếXem thêm",150
1683,Foodee_moon Bui Thi Thuy Tien,9/9/2018 1:20,9.0,Món gỏi cổ hủ dừa này khá ngon. Mình sẽ quay lại chổ này để review thêm mấy món khác sau. Trà đào hơi bị ngọt xíu.Xem thêm,150
1684,Bảo Lương,2/11/2019 19:20,8.4,"Cá sapa nướng giấy bạc tươi,ngọt, nướng vừa phải.
Mì hải sản rất vừa miệng.
Bạch tuộc tươi , ngọt, nướng vừa.
Ngon.Xem thêm",151
1685,Bảo Lương,2/11/2019 19:18,8.0,"Cá nướng sapa tươi, ngọt, nướng vừa phải không bị khô. Có trứng.
Bạch tuột tươi, nướng vừa ngọt.
Mì hải sản làm vừa ăn, hải sản rưỡi tôm ngọt.Xem thêm",151
1686,Cui 1211,13/6/2019 21:29,6.8,"Tối ghé quán ăn, order 4 món: Rau muống xào ốc giác, Càng cúm vịt muối, Tôm nướng muối ớt, Ếch nướng muối ớt.  Cá nhân thichs món càng cúm tuy nhiên vịt muối ko nhiều và làm khô, ko cảm nhận thấm cho lắm, Ếch tươi ngon nướng mềm ngọt thịt, Rau muống ốc giác nhiều lắm nhưng rau muống xào khá mềm èo ăn ko thích cho lắm, Tôm thì bao tươi ngon nhưng nêm gia vị khá cay :)) uống nước mãi ko hết cayyyy. Nhìn chung quán bán đến khuya, món ăn tạm được, đa dạng phong phú, lề đường thoáng mát, lên món cũng oke ko lâu cũng ko nhanh, nhân viên nhiệt tình nhanh nhẹn. Giá tầm 50k>>

Time: Bán khá khuya
Địa chỉ: 43 XVNT, rộng rãi thoải mái sáng sủa dễ tìm.
Giá: 50k >>Xem thêm",151
1687,Thuỳ Dương,23/5/2019 17:57,8.6,"Lần nào đến cũng phải gọi ếch xông đá, cay nhưng mà ngon. Cá nướng ở đây rất là tươi luôn, nhân viên cũng nhanh nhẹn, giá cả thì ổn, k hề mắc mà đồ ăn thì ngon.Xem thêm",151
1688,Hùng Bùi Đức,18/3/2019 23:04,9.6,Quán đổi địa điểm sang 43 xô viết nghệ tĩnh. Quán nổi tiếng nhất món ếch xông đá. Độc quyền ko có nơi nào chế biến hương vị như thế. Món khác đều ngon và tương đối rẻ so với giá thành phố du lịch.Xem thêm,151
1689,Vân Thanh,16/2/2019 21:51,8.8,"Mỗi lần ra VT mình đều ghé quán này. Quán này có món ếch xông đá đặc biệt ngon lắm luôn, không có quán nào có, ếch rất là tươi, thịt dai ngon. Những món còn lại hải sản đều tươi. Nêm nếm rất vừa ăn. Giá cả mình thấy cũng hợp lý. Càng ghẹ phô mai to dễ sợ. Tôm rang me ngon, chấm bánh mì rất ok luôn. Mì xào mực ngon, mực giòn tươi. Không gian quán thoải mái không bị quá xô bồ, thoáng mát.Xem thêm",151
1690,Khoa Tran,1/7/2018 21:22,10,"Trước tiên mình mạng phép đính chính lài địa chỉ quán mong admin ktra rồi duyêth giúp mình. Để mọi ng tới và thưởng thức
Địa chỉ chín xác mà 299a Lê hồng phong - thắng tam Vtau
Mình chạy 3 vòng để tìm quán thì mới thấy. 
Phải nói quán rất rẻ, món ăn chế biến ngon. Hơp khẩu vị SG của mình. Món ăn ra cũng rất nhanh. Ngồi bấm đt 5-10phut là ra món chân gà hấp hành. Tiếp theo là món ếch xông đá, đặt sảng của quá, cay và thơm - tuyệt vời. Nếu là mình thì mình cho thêm vào cọng rau thơm vào. Món tiếp là cá sòng nướng dấy bạc. Thịt cá thơm ngọt tươi. Nướng chín đều
2 vợ chồng mình ăn 3 món + 1 chai bia. Giá chỉ 201k.
Chốt lại 1 từ good. Và sẽ quay lạiXem thêm",151
1691,Nhi Hải,12/8/2017 21:00,1.0,"Mình thấy quán được Đánh giá cũng khá cao nên tin tưởng đi vào. Cảm thấy rất thất vọng. 
Các bạn nên cân nhắc thật kĩ khi tới quán này. 
Ốc nhỏ xíu, không tươi, đồ ăn toàn bột ngọt, và đường còn chưa tan. Minh ăn chúng cả ốc thối. 
Chén đủa còn dính cả thức ăn, dầu mở, mình yêu cầu đổi thì phục vụ đưa vào rửa loa qua rồi mang ra. 
Phục vụ thiếu nhiệt tình, tính tiền lâu, đồ ăn thì quá tệ. Bó tay! Làm mình mất công và mất vui cho chuyến du lịch của mình. 
Ăn bột ngọt nhiều quá giờ lưỡi cứng đơ....Xem thêm",151
1692,Van Hai Phan,5/2/2017 9:08,8.2,"Quán có món đặc biệt nhất là Ếch Xông Đá ngon nức mũi. Ngoài ra quán còn có món Ốc Hương và Ốc Mỡ bơ cay cực ngon luôn. Chân Gà chiên nướng mắm của quán cũng số 1. Mồi nhậu của quán này đảm bảo món nào cũng ngon hết. Tuy không gian quán hơi nhỏ hơi bất tiện nhất là những lúc mưa.
P/s : nếu bạn ghé quán thì nhớ chuẩn bị mấy ổ bánh mì để chấm vs nước sốt mấy món ở đây nha, cực ngon.Xem thêm",151
1693,Fy Dood,28/8/2016 19:30,7.8,"Được hôm cuối tuần rảnh đang ở nha không biết làm gì thì điện thoại rung,thế là có kèo. Chọn mãi không biết chiến ở đâu thế là quyết định chạy ra đây. 
Quán này tụi mình cũng hay ra thường xuyên lắm vì ở đây có món đặc biệt không quán nào có là ếch xông đá. Bình thường đi toàn con trai có thể gọi một thố là nhậu bê rồi về,có thêm vài chị gấu nhà thì gọi thêm mì xào hay cá nướng gì đó cho mấy mẽ. Lai rai khoảng một két về ngủ là đẹp luôn 😏Xem thêm",151
1694,Deal Voucher,2/1/2021 14:31,6.2,"Hải sản: rất nhiều mà k tươi. Con nghêu mập nhưng thịt bở lắm. 
Đồ ăn nêm nếm k dc ngon lắm. Cháo kiểu cho bột nở quá nhiều.  Ăn kiểu chống đói thì ok. 
Quán đông nhất chợ đêm, mình cũng k hiểu vì lý do gì nhưng mình sẽ ko quay lại. Các bạn đi VT thì ghé mấy cụm hải sản mà ăn, khi nào đối đế lắm mí vô chợ đêm nha. 
Giá cả thì ok, k có chém.
Nhân viên thì k niềm nở, mà mình chấp nhận dc, do đông quá mà.Xem thêm",152
1695,Tien Tien,24/11/2019 23:48,8.0,"Nghe đồn hải sản chợ đêm Vũng Tàu, ngon rẻ tươi lắm. Nên mình với bạn quyết định vào xem sao, thì thấy cả con đường, quán này đông nhất nên ghé vào luôn. 
🐙🦑🐚🐠🐟 Mình gọi bạch tuột nướng, sò điệp phô mai, sò điệp mỡ hành, cá chimm, mực sữa chiên. Tất cả đều ổn trừ mực sữa chiên. 
🦑 Mực sữa chiên cùng với hành tây làm cho mực sữa bị mềm, bở, chẳng thấy ngon nữa.
🐙 Bạch tuột nướng 1 dĩa 100k cũng được đầy dĩa, cũng ok, hợp lý
🐚 Sò điệp con nào con nấy ú u. 1 dĩa 60k được 6,7 con sò điệp á.
Nói chung cũng ổn, có dịp sẽ quay lạiXem thêm",152
1696,Bích Khoa,26/8/2019 11:32,2.8,"Vị món ăn nhạt nhẻo, không phải là dở, mà là rất dở, hải sản  trưng thì thấy tươi, mà tới lúc bê lên thấy toàn đồ ươn, đồ đông lạnh, .... nói chung là hải sản ko đâu dở như chỗ này, mình hầu như bỏ luôn không ăn gì ngoài đĩa rau muốn xào, vì sợ đau bụng.Xem thêm",152
1697,Ngọc Nga Lê Quách,21/7/2019 13:27,2.8,"Đồ ăn trưng bày thì tươi mà làm cho khách thì lấy hải sản ươn, hôi.Xem thêm",152
1698,Nga Nguyễn,5/7/2019 16:18,8.0,"Hôm rồi đi biển định qua vựa thành phát mà xa lười đi nên xem foody thấy review cũng ổn mà còn gần resort mình ở nên đi bộ cho khoẻ, hít khí trời :) 
Nhà mình đi 5 người :) và gọi hơi lố 🤣🤣🤣 
Ghẹ, tôm hùm vẫn còn đang bơi nên khá ngonvaf ngọt 😁
Nêm nếm vừa miệng, lẩu ngon nhưng do ăn mấy thứ kia nhiều nên ko ăn nổi lẫu 🤣
Vị trí khá dễ tìm, đến gần công viên thỏ trắng có đường rẽ vào chợ đêm, đi vào khu chợ đêm 1-2 căn là tới, quán này đông khách nhất khu chợ đêm và có bảng hiệu khó to nên rất dễ tìm.
Nhân viên cũng nhiệt tình và chuyên nghiệp.
Không gian rộng, thoáng nhưng bán hàng rong nhiều quá thấy hơi phiền 🤭 
Quán đông khách nhưng ra món theo bàn nên rất nhanh :) một phát ra luôn các món mình chọn nên ăn hơi ngợp 🤣🤣
Lần sau sẽ tiếp tục ủng hộ quán :)Xem thêm",152
1699,Ngọc Hà,24/6/2019 14:55,4.6,"Mình  dạo  2 vòng  mới  quyết  định  vào  quán..  Hai san tươi  ngon, ra món  nhanh nêm nếm  vừa  miệng... Ra món  đúng  so lương cân kí..  Tôm chắc , cang cua rang tỏi  hơi  mặn,  mực  thì  ko ngon  lắm..Xem thêm",152
1700,Kiều Nhật,16/5/2019 20:56,7.2,"Lần thứ 3 ăn tại đây, cảm thấy vẫn hài lòng về độ tươi ngon của hải sản ở đây. Sẽ được chọn lựa những con hải sản tươi sống tại quầy nhưng giá sẽ có chút chênh lệch. Ví dụ: 1 ký Tôm tít là 450k/kg, nếu lựa là 500k; ghẹ xanh 550k/kg, ghẹ đỏ thì rẻ hơn từ khoảng 100k.

Hải sản khá tươi, phong phú và đa dạng. Nêm nếm vừa miệng. Tôm sú lần này hơi nhỏ nên mình gọi Tôm tít, được lựa cả Tôm tít có trứng, ăn rất ngon. Tất nhiên là mắc hơn đôi chút, nhưng mình thấy vẫn đáng. Mình bất ngờ về ghẹ lần này. Mình lựa ghẹ 400gr, ghẹ rất tươi, ngọt và chắc thịt, có cả gạch nữa. Hàu tươi và mập. Ốc hương hơi cứng một chút nhưng nêm nếm rất ngon.

Về phục vụ, bạn nam hỗ trợ lựa và cân hải sản cho mình rất nhiệt tình, chỉ hẳn mình con tôm tít nào có gạch cho mình lựa. Còn có 1 nam nhân viên phục vụ mặt có vẻ hơi cau có, nhưng mình để ý là bàn nào bạn ấy cũng vậy. Có lẽ do khách đông và do sắc thái khuôn mặt, mình đi để thư giãn nên cũng không quá để tâm. 

Nhìn chung mình thấy mọi thứ đều vẫn ổn và hài lòng với mình. Giá cả không rẻ nhưng vẫn chấp nhận được. Vẫn là 1 trong những lựa chọn tốt cho những lần tiếp theo.Xem thêm",152
1701,Minh Tiến Hồ,13/4/2019 8:18,8.2,"Quán sạch sẽ, các món ăn tươi ngon. Phục vụ nhanh, giá cả hợp lý. Lần sau sẽ đi ăn ở quán tiếp tụcXem thêm",152
1702,Phương Võ,22/3/2019 23:54,10,"Đi bộ từ Phó Đức Chính, vừa đi vừa hóng gió biển cuối cùng cũng tới :)))
Đói quá đói mà gặp đc mang đồ ăn ra lẹ dã man luôn.
Ăn tại bàn và mua 3 con ghẹ mang về ra biển ăn. 
Ăn tại bàn no cành hông, đi bộ về lại cột cờ may quá cũng tiêu bớt đc chút hehe
Dự là mỗi lần tới là phải ghé. Con nào cũng to ú ụ, ghẹ hấp mang về ngon ngọt chắc nịt. Bạch tuột nướng khỏi bàn tới luôn, to dã man giòn sừn sựt.
Nói chung hài lòng toàn tập. Em phục vụ trai cũng rất là dễ thương. Tiếc là đi bộ đoạn đường dài đói quá cắm mặt ăn, ko chụp lại phút ban đầu dọn đồ ăn lên hihiXem thêm",152
1703,Nguyễn Tuấn,9/3/2019 2:30,4.8,"Vô ăn 6 người , ăn khoãng 1tr6 thấy mấy chén muối tiêu nhỏ quá , nên có kêu 6 chén nước mắm chua ngọt(hạn chế nước miếng chung 😅) với nước mắm chua ngọt dễ ăn 10 món chấm hồi nữa phải ""xin"" thêm mấy lần , chú em phục vụ nói không được , mẹ ơi thái độ rất láo , mình thấy chú em đó nhỏ con mà có 'dính mực"" trên người nữa , sợ quá nên xin 3 chén thôi chứ chú nó nóng lên quýnh mình sao (tao vì gia đình đi du lịch cho vui vẻ thôi oắt) , bực mình mà thôi vì gia đình nên giả bộ giỡn cho qua , lúc sau có 1 chị phục vụ cũng dễ thương , có 1 cô lớn tuổi lúc về ngang còn ghẹo giỡn kêu khiêng xọt ốc về ăn con 😄rất dễ thương mà dính đâu thằng ông nội tào lao kia mất hứng quá nhở 😄Xem thêm",152
1704,hanle,3/1/2020 10:54,7.4,"Đúng là món ăn tuổi thơ rồi, cái dạng kem ký bỏ ra dĩa vầy giờ hiếm chỗ bán lắm, nhất là phải có đu đủ, trái chùm ruột, đậu phộng nhuyễn vậy nữa mới ngon.Xem thêm",153
1705,tieuthuxinhvodoi1308,31/1/2019 15:13,7.8,"Mình và bạn từ SG ghé VT chơi thì tình cờ thấy quán đông nên ghé thử. Quán bán kem kí. Rất vệ sinh, dù quán hơi tối nhưng mà sạch sẽ mát mẻ  , chỗ ngồi  ủ để ăn thôi. Sau khi ăn kem có trà   góc uống tráng miệng. Dĩa mình kêu là dĩa nhỏ 16k. Có đủ loại : cam, môn , dừa , dâu, cacao maù xanh là gì mình quên rồi. Vị nào ra vị đó. Kem vừa đủ ngọt vừa đủ béo.  Khu vực chung quanh có các hàng quán trà sữa dối diện là mì cay . Bạn nào vừa ăn mì cay xong qua đối diện ăn dĩa kem là hêtbài. Mình đặc biệt thích cơm dừa nạo ở đây. Rất ngọt.Xem thêm",153
1706,Zu Trần,9/6/2018 0:07,7.6,"🌱 Nhờ kì này đi có nhóc em nhà ở đây nên mới dẫn đi ăn quán này chứ đó giờ chớ hề biết. 😝 Quán cũng nhỏ nhỏ thôi nhưng dễ tìm. 
🌱 Kem kg tuổi thơ: phần thập cẩm mà có 27k rẻ quá chừng , kêu 1 phần 3 ng ăn ok luôn. Kem ngon á, ko bị ngọt gắt quá có kèm dừa , mứt, chùm ruột ăn kèm. Bánh flan béo mềm mịn ngon luôn. 
🌱 Giá cả : rẻ và ăn ok. Anh chủ thân thiện. Kì sau sẽ ghé lại tiếp. 😬Xem thêm",153
1707,Trâm Lê,19/3/2018 11:30,8.4,Quá lâu rồi mình mới quay lại quán này và thật sự vượt xa kì vọng luôn. Anh chị bán hàng thân thiện. Kem thì ko thể so sánh vs các quán kem dạng như hiện nay vì đây chỉ là kem kí truyền thống. Kem cực mềm mịn ko đá tí nào cảm giác ko bị để lâu  ăn rất thích mùa nóng nên kem tan nhanh. Gọi 1 dĩa thập cẩm mà lúc tính có 27k hết hồn luôn rẻ quá chừng 3 người hì hục ăn mãi. Nói chung rất đáng thử à nghenXem thêm,153
1708,Moon August,5/6/2017 13:59,7.6,"Giờ mà kiếm chỗ bán kem ký kiểu này hơi bị hiếm luôn, vậy mà đi VT lại thấy quán này, như kiểu sống lại tuổi thơ :))
Mặt tiền quán nhỏ, nhưng khách không quá đông nên vẫn thoáng chứ k bí. Phục vụ thì thấy cô già già, k khó khăn cũng k quá niềm nở, tóm lại bình thường
Về kem thì đậm mùi đậm vị, chỉ có kem đậu xanh là hơi nhạt. Tất nhiên là kem này ăn k ngon so với những loại kem sữa bây giờ, vì cứng và ăn nhiều sẽ thấy hơi đắng chút xíu, nhưng lâu lâu ăn đổi vị và hoài niệm thì rất ok, thích nhất mấy cọng mứt và chùm ruột ngào đường!Xem thêm",153
1709,mọi nơi Đi,31/5/2017 0:24,6.4,"Kem ngon rồi. Giá ok. Tới ăn kem chứ ko có sống ảo được nên ít bạn trẻ xinh tươi tới ăn tại quán. Chủ yếu cha dẫn con , chị dẫn em.Xem thêm",153
1710,Nguyễn Mạnh Hiếu,28/5/2017 15:33,8.8,"Kem ngon và lạ.

Dù đây là quán khá lâu đời nhưng mình vẫn thấy có chút lạ khi ăn.

Vị trí: Mặt tiền đường Ba Cu đi thẳng ra bãi trước, dễ tìm và không quá ồn, thậm chí khá mát.

Món ăn: Mình ăn kem loại 1, tầm 64k 1 kg, mình ăn nửa ký 32k. Món ăn được bày biện rất bắt mắt. Vị kém rõ từng vị một: dâu, nho, đậu xanh, cafe, sầu riêng, khoai môn. Tuy nhiên, nếu giảm bớt ngọt 1 tí thì vị dâu sẽ ngon hơn, vị đậu xanh hơi lạt, cần 1 chút bùi và 1 chút ngọt đậu. Cafe khá oke, không quá ngọt. Sầu riêng thì xuất sắc, có cả sợi sầu riêng ở trong miếng kem. Khoai môn không quá đặc biệt, cần rõ vị hơn. Đồ ăn kèm như sợi dừa khá ngon, đậu phộng béo béo thêm vào ăn cùng kem mát lạnh rất ổn. Có chút siro ngọt mình thấy không cần thiết lắm.

Giá cả: so ra 0.5kg kem đó 4 người ăn vẫn đủ nên mình nghĩ giá không mắc rồi.

Phục vụ: anh chị chủ dễ thương lắm, ra hỏi thăm khách ăn ngon không, dù đông nhưng không la hét, rất bình tĩnh bán. Thậm chí hỏi quán khác anh chị cũng tận tình chỉ. Có để nước cho khách uống miễn phí, không bán trà đá kèm.

Không gian: quán ngồi ghế súp nên hơi ép bụng nhưng ngồi thoải mái bao nhiêu tùy thích, nên cũng tạm ổn.

Chốt: sẽ quay lại khi về Vũng Tàu chơiXem thêm",153
1711,Hồ Lê Đức Anh,27/5/2017 8:52,3.6,"Chắc có lẽ nổi tiếng rồi nên quán ko đầu tư vào chất lượng kem ? Ngày xưa ăn đậm đà bao nhiêu ngày nay ăn kem như vị đá lạnh bấy nhiêu, nhạt nhẽo, quá ngọt !Xem thêm",153
1712,Chí  Phan,20/5/2017 17:53,7.2,"Kem nổi tiếng xưa giờ do quán này của người Hoa á, bán lâu lắm rồi, mình ăn từ lúc còn nhỏ xíu. Một dĩa đủ mùi luôn chỉ 25k thôi, không thích nhiều mùi thì ăn một mùi thôi cũng được, có dâu với socola ăn cũng ngon lắm. Ngoài ra còn có dừa bào với chùm ruột nữa !!! 

Có hộp mang về nữa nhưng chắc ăn ở quán ngon hơn. Mua về đi đường kem mau tan lắm á.Xem thêm",153
1713,Tiên Nguyễn,24/8/2016 21:04,7.0,"Đến VT thấy nhiều lời khen nên thử xem sao.
Không gian sạch sẽ, thoải mái. Nhân viên lịch sự. Kem cũng ngon
Phần nhỏ 14k và phần lớn 24k ngoài ra còn có phần đặc biệt <3Xem thêm",153
1714,hangnguyenthithuy4114,7/1/2022 18:44,1.0,3 năm trước đi vũng tàu nhiều lần ghé quán này ăn cơm nhưng sau dịch ghé lại quán bán cực kỳ dở. Cơm thì hôi mốc cá thì tanh mà sườn thì mặn không bao giờ có lần thứ 2Xem thêm,154
1715,thaoyuri,5/4/2021 11:46,1.0,"Bỏ tiền ra ăn mà tưởng đi xin. Bà đứng bán nói chuyện như mún ăn tươi nuốt sống lun khách. Chỉ hỏi dĩa rau muống bnhiu tiền. Trả lời 30k mà nge mún xĩu. Chắc dc 10 cọng rau xào. Dĩa cơm như hình thì 60k, ok fine. Nhưng thái độ qá tệ. Sẽ k bao giờ ghé nữaXem thêm",154
1716,minhtoan phungngoc,8/3/2020 12:53,1.0,"Tính tiền thì mắc, hỏi lại thì không cho nói, kêu nhon thì tự tính đi. Tóm tắt một câu” bà chủ bớt nói cho sang”, khuyên các bạn không nên ghé nhé!Xem thêm",154
1717,Mai,16/11/2019 23:44,1.0,"Tin được không 4 người nhà mình ăn 1 dĩa sườn 1 dĩa lươn 1 cục xíu mại, 1 rau xào và canh hết 530k. Mà ăn mặn chát, sườn rất hôi và mặn, không ngon như trước, hỏi ra mới biết là đã đổi chủ mới. Ăn bị chém đẹp còn mắc hơn cả nhà hàng nữa.
  Không bao giờ quay lại? Khuyên mọi người nên né quán này ra.  Chủ quán còn ba trợn cãi tay đôi với khách nữa, ăn dở mắc còn bị cục tức mang về.Xem thêm",154
1718,An Đặng,23/9/2019 22:52,3.4,"02 người hết 160k cho 02 đĩa cơm (01 đĩa cơm với 1 cái đùi tỏi gà, 01 đĩa với vài miếng sườn ram mặn bé tí tẹo) 1 đĩa rau rau xào, 2 bát canh. Quá đắt và sẽ ko bao giờ quay lại.Xem thêm",154
1719,Ngoc Bach Huynh,28/7/2019 14:02,1.0,"Nhóm mình 8 người lớn 4 bé nhỏ ăn hết 830k! Cô chủ tính tiền nhầm! Nhân viên mang ra dư 1 dĩa cơm thịt kho. Tụi mình trả lẠi dĩa thịt, chỉ lấy cơm không! Lát tính tiên tình phần Đó 40k! Tụi mình đã cố gắng giải thích đó là đĩa cơm không! Chị chủ lớn tiếng nói ”không cần biết, nhìn dĩa tính tiền” Tụi mình nói “chị làm vậy mất khách, tụi em kg ăn giAn như vây!”. Chị chủ nói: “ở đây kg cần khách, 1 năm khach du lịch có 1 lần”! Bó tay! Món ăn không ngon như lúc trước! Thất vọngXem thêm",154
1720,Quang Nguyen,13/2/2019 0:07,1.0,"Cơm khô, thức ăn dở, giá chặt chém khách du lịchXem thêm",154
1721,Trung Tuyến,26/1/2019 16:16,1.0,Dở và mắcXem thêm,154
1722,Đức Thanh Nguyễn,17/12/2018 13:37,2.2,Giá đã cao còn cố ý cho ít cơm để bán dĩa cơm thêm chưa đầy 1 chén giá 10kXem thêm,154
1723,Ái Như,29/9/2018 13:38,3.4,"Lần thứ 3 ghé lại quán sau 5 lần đi phượt .
Lần đầu ăn no lắm , ngon lắm
Lần này quá thất vọng ê chề .
Hèn chi quán càng ngày càng vắng .
Đồ ăn ít đi . Giá thì mắc thêm 10k không đáng chút nào .
Không đủ no nên kêu cơm thêm cũng bé tí tẹo . Không đủ nhét kẽ răng .
Nhân viên thì nói chuyện cộc lốc như chợ búa . trống không "" Kêu cơm chưa ? ,có ăn canh không? "" . Gì vậy trời . tui ăn trả tiền chứ đâu phải ăn xin .
Sẽ không bao giờ quay lại lần nào nữaXem thêm",154
1724,Tiệm Bánh Nhà Thỏ,21/4/2019 10:18,2.2,"Lần đầu tiên đến quán ăn thử. Gọi 2 phần bò né,  ăn dở tệ nhất trong những quán mình từng ăn. Nhân viên phục vụ không được niềm nở thân thiện. Không có lý do để quay lạiXem thêm",155
1725,Phượng My Phạm,17/9/2018 11:08,7.6,"(+) Phục vụ nhanh nhẹn, bánh mì bưng ra còn rất giòn.
(+) Mình có gọi thêm nui và bò kho mang về thì thấy hấp dẫn quá, lần sau xuống VT sẽ tới thử các món khác của quán. Bò kho ở đây mình thấy màu nâu sẫm í chứ không phải như màu ở SG mình ăn. 

(-) Cảm giác như bò né quán này không nóng lắm vậy. Mình ăn trên SG thì khi bưng ra vẫn còn nghe xè xè và văng dầu, quán này thì không.
(-) Mình gọi bò lớn (45k), có bò, pa tê và trứng mà bò bị dai nữa. 
(-) Có vài miếng rau trong dĩa rau bị đenXem thêm",155
1726,Eii Jin,6/4/2018 1:51,7.4,"Mặc dù là đến trễ khoảng 10h nhưng vẫn bán cho khách.
1. Thịt bò ngon, hải sản ngon và tươi.
2. Bánh mì ăn vẫn giòn rụm rất đã.
Nhân viên nhiệt tình, dễ thương.Xem thêm",155
1727,Minh Ngọc,15/12/2017 11:53,8.8,"Ăn mấy lần rồi mà lần nào chất lượng cũng tốt cả. Giá cả khá hợp lí, sạch sẽ, nhân viên và bác chủ quán thân thiện, nhiệt tình. Đồ ăn làm nhanh, đảm bảo luôn nóng hổi, bánh mì luôn giòn rụm. Tuyệt.Xem thêm",155
1728,Hiền Vũ,14/12/2017 21:52,1.6,"Sáng nay mình và ny ra ăn sáng, gọi 1 phần bánh mì xíu mại 15k và 1 phần bò né có trứng và xíu mại, phần bm xíu mại của mình chỉ có 2 viên xíu mại bé tí tẹo và khô khốc, ny có cho mình viên xíu mại của anh thì thấy rõ sự biệt, viên của ny mình to hơn và cũng mềm hơn, còn 2v của mình thì cứ như đồ cũ để từ hôm trước r đem đi hâm lại.Xem thêm",155
1729,Thanh Nhi nguyễn,28/11/2017 11:05,1.0,"Lần đâu tiên đến đây ăn cũng là lần cuối không quay lại ăn! Mình đi khoảng 10h20 đến gọi 2 phần bò đặt biệt sợ ăn chưa đủ no nên mượn lại menu gọi thêm món mình kêu thêm nui xào bò chị kia nói hết rồi mình hỏi còn mì k cũng nói hết luôn chỉ còn bò né, kiểu trả lời cứ như đang bực hay sao ý. Đến lúc đang ăn thì dọn bàn ghế cứ rầm rầm rồi xách chổi quét rác, điều tối kỵ nhất trong 1 quán ăn đó là quét rác khi còn khách, k hiểu sao lại mất lịch sự như vậy. Thấy tệ quá chừng tệ.Xem thêm",155
1730,Hau An,31/10/2016 15:57,7.0,"Một phần đặc biệt 35k nhìu quá chừng luôn. Mỗi lần đi ăn mình toàn kiu phần này ko hà. Ngon lắm nè, ăn no luôn. Có thịt bò được ướp vừa, trứng chiên béo béo. Ngoài ra mình hay kiu thêm khoai tây chiên nữa. giòn lắm nha, chấm tương ớt ăn hết sảy luônXem thêm",155
1731,Py Thảo,26/8/2016 10:17,7.8,"Quán có món mới nên đến thử xem sao? Nui xào bò lúc lăc 35k/dĩa ăn chất lượng mà cũng chắc bụng luôn ha. Thích cái vị mặn mặn ngọt ngọt của sốt bò lúc lắc chan nên nui, vừa thơm vừa đậm đà. Quán giờ bán đa dạng về đồ ăn lẫn nước uống nên dễ lựa chọn, tối nào ko biết ăn gì cứ đến đây chắc chắn sẽ ko thấy vọngXem thêm",155
1732,William Võ,25/8/2016 8:27,7.8,"Đã ăn ở đây rất nhiều và cảm nhận của mình là quán làm khá ngon, chế biến hấp dẫn giá thành phải chăng, thường thì 1 bò né bình dân giá 25k còn đặt biệt là 35k , ngoài ra quán còn kinh doanh thêm mì xào bò , cơm bò lúc lắc, món nào cũng ngon và hấp dẫn , quán mở cửa vào buổi sáng và chiều tối, đa phần khách hay ăn là dân địa phương, các phụ huynh đưa con em đi học và các người đi làm ghé ăn sáng. ngoài kinh doanh thức ăn quán còn bán thêm trà sửa và nước giải khát để phục vụ thực khách, chủ quán nhiệt tình vui vẽ , thân thiện với mọi người.Xem thêm",155
1733,Thịnh Thịnh,23/8/2016 9:34,7.8,"Nằm cuối đường Trương Công Định, gần sân bay vũng tàu, quán khá đông khách vào buôi sáng, do gần trường học nên vào buổi sáng học sinh và phụ huynh ghé ăn rất đông, mặc khác do quán chế biến đồ ăn ngon nên rất được mọi người ủng hộ, thường hay ghé vào buổi sáng để ăn đi làm, do quán có nhiều món nên thuận tiện cho việc thay đổi món ăn mỗi ngày, bò né ở đây có nhiều loại từ đơn giản cho tới đặt biệt tùy các bạn lựa  chọn ngoài ra còn có cơm bò lúc lắc, mì xào bò... giá thành rất hợp lý tầm giá từ 25k tới 45k . hiXem thêm",155
1734,trnv7644,31/1/2020 16:46,2.0,"Soup bò quá mặn và mỳ ý sốt kem quá béo, ko hề ngon. Thái độ phục vụ của nhân viên cực kì kém, không thèm đưa thực đơn cũng như tính tiền cho khách, thức ăn đợi hơn 30 ph mới có thức ăn. Khi mang mandoo ra cho khách chị nhân viên đã làm rơi chiếc bánh trước mặt khách rồi bốc lên bỏ vào chén!!!Xem thêm",156
1735,Lengoc995,22/11/2019 18:48,4.6,"Ban hang khong trung thuc ,ly tra dao 500ml gia 30k,nhung giao cho minh ly rat nhoXem thêm",156
1736,Mỹ Anh Nguyễn Thị,6/11/2019 9:33,8.0,"Mình từ Sài Gòn ra Vũng Tàu chơi, cũng ko biết mấy chỗ này đâu. Mà nhờ tụi bạn dân địa phương chỉ nên mới bik ấy chứ. Chỗ này là korean food, mà giá khá rẻ, ăn cũng ngon lắm luôn. Món gà sốt là ngon khỏi bànXem thêm",156
1737,tpd12,8/4/2019 13:48,5.0,"Đọc nhiều rv khen quán thần thánh bao nhiêu thì trải nghiệm mình lại bị thất vọng bấy nhiêu 😅

Dịch vụ rất tốt, được đón tiếp, mở cửa nồng nhiệt từ khi bước vào đến khâu phục vụ order. 

Do anh bạn thân đã no chỉ có một mình xử nên mình gọi tobokki và súp bugogi. 
- Tobokki thật sự không hợp vị mình, nó cứ lờ lợ ngọt ngọt thế nào ấy. Mình biết là món Hàn hơi ngọt, nhưng do mình không cảm nhận được vị đậm nào khác ngoài lờ lợ nên thật sự ăn rất chán. Trong các quán Hàn mình từng ăn (Hanuri, Hancook, Halyu, Chang's...) thì tobokki này là một vị lạ hoàn toàn (có chăng chỉ thấy vị bột ớt là giống) và mình hoàn toàn không ưng được vị này uhuhu 😭 
- Tiếp đến là súp, trình bày rất đẹp mắt, đồ ăn đa dạng (rau, nấm, thịt, cà rốt, nấm...) nhưng ăn cũng quá ngọt. Không phải hơi mà là quá ngọt lại không phải kiểu ngọt thanh. Mình chỉ gắp thịt và nấm ăn, còn lại không thể tiếp tục 😞

Mình chưa trải nghiệm hết các món và review theo cảm nhận cá nhân nên không dám chê quán dở nhưng 2 món trên thì thật sự làm mình thất vọng và không có ý định quay lại!Xem thêm",156
1738,Thuy thanh,15/12/2018 13:38,8.2,"món ngon, không gian thoải mái, thích nhất là đc chụp hình lưu niệm😂😂Xem thêm",156
1739,Nhung Hồng,12/12/2018 20:06,8.8,"Nhà hàng này là thiên đường dành cho fans Hàn Quốc is real nè 😍 :))) Bước vào là đã được nghe nhạc Hàn. Đồ ăn thì ngon quá trời quá đất, k còn gì để chê 😭 >< không gian thoáng mát sạch sẽ, nhân viên phục vụ thì thân thiện nhiệt tình. Nói chung rất là perfect !!! 👌👍😂 Triệu likeeeeeee !!! sẽ ghé lại lần sau 😘❤️❤️Xem thêm",156
1740,Sarita,12/12/2018 10:06,8.8,"Món ăn đúng chuẩn vị Hàn Quốc, không gian ấm cúng, nhân viên cực cute luôn, đi ăn còn đc chụp hình kỉ niệm lưu lại nhà hàng nữa chớ, thích toá😍😍😍Xem thêm",156
1741,Trúc Thanh,11/12/2018 19:16,10,"Đồ ăn thật sự rất ngon, giá lại vừa túi tiền, nhân viên lẫn quản lí nhà hàng đều rất cute 😍😍 một chỗ ăn đồ ăn Hàn rất lí tưởng cho những ai thích đồ ăn Hàn giống bạn 🙈🙈 đến ăn một lần chắc chắn sẽ k bao h muốn đi chỗ nào khác nữa đâu nè ❤️❤️❤️Xem thêm",156
1742,HaNguyen,11/12/2018 19:09,8.4,"Không gian thoải mái, nhân viên nhiệt tình dễ thương, món ăn đúng chuẩn hàn quốc. Chắc chắn sẽ ghé lại😇😇Xem thêm",156
1743,truc tran,3/12/2018 11:52,3.6,"Lần đầu ăn ở đây lúc mới mở thấy ổn. Gần đây ngày 20/8/18 mình ăn lại thì quá tệ. Tất cả món ăn đều ngọt, ngấy. Mandoo chiên thì cứng như vừa lấy trong ngăn đá ra. Lẩu quá ngọt, ko thể ăn được. Các món đều bị nêm quá tay. Thật sự ko ăn nổi. Ko bao giờ quay lại. Hôm nay mình đã review điểm kém cho 2 quán trước đây mình thấy tốt. Lúc quay lại thì tệ lắm.Xem thêm",156
1744,Tran Thuy Khanh Vi,26/6/2019 20:24,2.6,"Món ăn thì dở, phục vụ cũng tệ, gà chiên như đồ nấu sẵn rồi hâm lại, khoai tây chiên nguội vầ ngấm dầu (dầu chiên hôi mùi dầu cũ). Gọi phần gà tẩm nước tương ra nguội lạnh, mặn. Nước uống thì bê ra là tan hết đá (trong khi quán có 2 bàn có khách)
Nói chung ko bao giờ ghé lần thứ 2Xem thêm",156
1745,Pooh Luv Food,24/12/2018 17:03,7.2,"Có lẽ đây là quán cà phê decor ổn mà yên tĩnh nhất mình biết ở Vũng Tàu. Mình đến 2 lần thì đều khá vắng nên đây là nơi lý tưởng mỗi khi muốn tìm không gian yên bình đọc sách.
Đồ uống và bánh thì mình lại không quá ấn tượng với quán. Dù mình có yêu cầu thức uống ít ngọt nhưng vị ngọt vẫn khá nhiều.Xem thêm",157
1746,Minh Ngọc,26/8/2018 22:37,8.6,"Mang mác là đi học nhóm nhưng ra thì lại ngồi uống cafe nói chuyện hết hơn nửa thời gian😂 Cappuchino ở đây pha rất ngon, dù là chưa bỏ đường hay đã bỏ đường đều ngon (theo mình nên bỏ 1/2 bịch đường thôi). Có kèm bánh oreo, có vị bạc hà the the xong uống hớp cafe bao phê👌🏼👌🏼😂😂 Quán bật các bài accoustic nhẹ nhàng, rất hay. Nhân viên thân thiện dễ mến. Giá cả nước thấy vừa phải nhưng giá bánh có vẻ hơi chát :((( 35k cho mỗi phần bánh nhưng khá nhỏ :<<<< Quán decor cũng đẹp nữa :>>Xem thêm",157
1747,Lê Nguyên Hoàng,20/4/2018 21:43,8.8,"Quán decor đẹp. 2 anh em chủ quán vui tính. Nhân viên tận tình, đặc biệt 1 chị vừa xinh vừa hát hay ) Nước ngon, bánh cx tuyệt (mà tùy lúc mới có). Hay ra t4 t6 vì có giao lưu acoustic nghe rất đãXem thêm",157
1748,QL,16/12/2017 0:20,6.6,"🍒Quán dễ thương. Nhỏ nhỏ
Ly nước nhìn vậy chứ uống hoài chưa hết nữa. Sz ly to quá
Giá hợp lý
🍒Thích hợp họp mặt bạn bè, làm việc nhóm cũng ok nhaXem thêm",157
1749,Anh Thu Pham,9/12/2017 11:29,8.4,"Không gian quán dễ chịu, thấy rất thoáng, hay tại hôm mình đến chẳng có ai. Quán decor đẹp, cảm giác thư giãn, có tủ sách, máy đánh chữ trên bàn nhìn thấy lạ lạ, hay hay cũng thú vị. Không gian quán rất  hợp với tụ tập bạn bè tám chuyện, âm nhạc nhẹ nhàng dễ chịu. Nước uống mình thấy cũng ổn, mọi người đều khen uống được, bánh ngon, mình gọi 2 loại là Tramisu và chanh dây, đều thấy được. Thấy quán có góc nhạc Acoustic chỉ tối thứ sáu thôi. Nói chung là thấy thích, thêm một địa điểm lựa chọn để tụ tậpXem thêm",157
1750,Jane Tran,1/11/2017 11:04,8.6,"Quán mình thích nhất :))
Không gian cũng rộng, dễ chịu 
Anh chị chủ quán cực thân thiện
Đồ uống ổn, bánh ngon :3 giá cũng vừa vừa
Tối thứ 6 có nhạc acoustic, nhẹ nhàng và hay cực, lúc hát sẽ tắt hết đèn, có cái nến nhỏ nhỏ thắp lên ở mỗi bàn, dễ feel nhạc
Trang trí cute, cả một tủ rất nhiều sách cho ai muốn đến và ngồi đọc sách deep các thứ :))Xem thêm",157
1751,QL,15/10/2017 18:20,7.0,"Đi ăn bánh uống nước
Mới ăn bánh lần đầu thấy cũng tạm ổn
Quán có cái tên dễ thương :)))
Phục vụ okXem thêm",157
1752,QL,14/10/2017 21:58,6.8,"Quán cafe ko gian khá ok
Có nhạc acoustic nữa
Giá cả hợp lý so với sản phẩm
Có dịp sẽ ghé lạiXem thêm",157
1753,13LG DH,22/8/2017 20:56,7.6,"Quán đẹp , nhân viên chu đáo thân thiện , dồ uống giá vừa phải đi chung với chất lượng , tối còn có hát acostic rất hay  . Các bạn yêu ca hát có thể tìm đến quán này để giao lưu về âm nhạc .  Không gian quán không rộng nhưng nhờ bài trí tốt nên ngồi đông người rất thoải mái. ^^Xem thêm",157
1754,Mỹ Duyên,15/3/2017 21:59,7.4,"Mình đi cùng mấy đứa bạn cấp ba tới Mad Fox là lần thứ hai mình tới quán (lần đầu mình đi cùng anh chị họ nhưng k uống nước k ăn bánh luôn do trễ giờ coi phim - lề mề mãi mới ra tới quán), do có mấy đứa tới trễ nên hình hỉ có hai ly nước là ly smoothie và ly trà sữa thêm cái bánh chanh dây, về đồ uống theo mình thì rất vừa miệng, k ngọt k béo k nhạt, còn về bánh thì mình nghĩ do là bánh chanh dây nên ăn chua chua ngọt ngọt khá là ngon, về k gian quán lịch sự, yên tĩnh, k quá ồn ào, hôm mình đi với bạn (lần 2) khách đến đây uống cũng khá đông, về giá cả so với mặt bằng chung các mô hình quán khác thì cũng hợp lý, nói chung đáng để thử.Xem thêm",157
1755,Nguyễn Huỳnh Đăng Khoa,16/8/2019 9:38,9.8,View đẹp. Mùi trà thơm. Các loại nước đều ngon. Tôi uống matcha latte rất ưng ýXem thêm,158
1756,DÊ XỐI  XẢ,16/8/2018 20:07,8.0,"Mình đi ngang thấy view đẹp nên ghé vào thử. Mình gọi 1 soda dâu và cafe đá xay. Soda thì hơi ngọt gắt,cafe đá xay thì rất ngon.Xem thêm",158
1757,Dân Bích Chương,6/11/2017 22:55,8.2,"Xuống Vũng Tàu chơi thì được người quen giới thiệu về view của quán nên cũng đi thử cho biết . Ghé chiều đầu tuần nên có lẽ vì vậy mà quán khá vắng , có 4 - 5 khách thôi nên cực kì yên tĩnh . Thức uống pha chế có vẻ ngon , đậm vị cà phê lắm nè . Lớp kem Macchiato của quán không được béo lắm . Về không gian của quán được decor khá đơn giản nhưng vẫn bắt mắt ( thích hợp để sống ảo ) . Mấy chị nhân viên cũng dễ thương & thân thiện .Xem thêm",158
1758,Tu Le,16/9/2017 22:07,7.4,"Quán có kiểu trang trí khá đẹp. Có tầng trên view nhìn xuống phố đẹp, chụp hình lên ảo diệu và deep lắm nhé. 
Không gian cũng khá thoải mái, các góc và tường đều đc tận dụng trang trí. Đến quán vừa uống nc vừa có chỗ chụp hình thoải mái là thích r.
Nước uống cũng đa dạng, nhưng thực sự chưa ngon lắm với bản thân mình, xếp vào mức uống đc nha m.n. Giá cả cũng vừa phải k quá cao, đáng cho vị trí và view như v.
Vị trí cũng dễ tìm, gần biển.
Nhân viên ít nên phục vụ nước hơi lâu nhưng có thể chấm là khá nhiệt tình, nhanh nhẹn, lịch sự.Xem thêm",158
1759,Linh,2/9/2017 16:01,6.8,"Xuống VT được người quen pr về view của quán nên cũng đi thử cho biết. Tối t6 nhưng quán khá vắng, có 4, 5 khách thôi nên cực kì yên tĩnh. Mình ord 3 loại Macchiato (37k) thì thấy Pasion (chanh dây) có vẻ ngon nhất, chua chua. Còn Blueberry và Raspberry thì hơi ngọt. Lớp Macchiato của quán ko đc béo lắm :( Về không gian, quán đc decor khá đơn giản nhưng vẫn bắt mắt. Thích hợp để sống ảo ))) Mấy chị nhân viên cũng dễ thương, thân thiện.Xem thêm",158
1760,Irene Pham,27/8/2017 2:53,6.6,"Không gian quán thoáng, gồm trệt và lầu. Bên ngoài trang trí dây đèn vàng, buổi tối nhìn khá ấm cúng. Ở đây có nhiều góc để các bạn có thể chụp hình tự sướng. 

Nước pha chế tạm được, không xuất sắc nhưng uống được. Phục vụ bình thường, lịch sự nhưng không được thân thiện lắm.

Giá cả thì quá rẻ. Nói chung nếu chỉ cần một không gian yên tĩnh để tâm sự với bạn bè/người yêu thì đây là một lựa chọn khá hợp lý.Xem thêm",158
1761,Loan  Do,19/8/2017 15:07,6.6,"Không gian quán đẹp cực, thích hợp để sống ảo, giá nước rẻ tầm 15 - 35k. Order yogurt chanh dây và yogurt việt quất, có dặn nhân viên làm chua mà sao vẫn ngọt lắm 😑 😑 😑  đi vào buổi trưa nên quán khá vắng, wifi rất mạnh, máy lạnh mở mát phù hợp ai ghé vào tránh cái nắng ở vũng tàu 😂 😂 😂 
Nước uống không có gì đặc sắc 😞Xem thêm",158
1762,Mều Na,9/8/2017 10:32,6.0,"Ta nói lần thứ 2 ghé chắc sẽ không ghé nữa đâu. 
Dạo này mình hơi chán bình luận foody nên đi đâu cũng làm biếng chụp choẹt bình luận dù hình xấu mù ))
Nước thì lần đầu pha dở, lần 2 còn dở hơn, 2 ly chanh dây đã loãng còn bị ủng .
Khu vực phía trên ngồi cái ghế dài á, mùi kì kì, cảm giác dơ dơ. 
Phía trên cảm giác không được chăm chút bằng phía dưới đâu, đổi sang bàn khác không có mùi nhưng cứ thấy sao sao á
Chắc quán cf kiểu gia đình sao mà nhân viên sao á ta, khó tả ^^Xem thêm",158
1763,Quỳnh Zimi,30/7/2017 7:12,8.8,"*vị trí : ngay mặt đường luôn nè . khá là dễ tìm. Nổi bật với tông màu trắng đen và chữ you and me. Hôm đó mình đi 3 người. Không biết có gì sai sai không . haha
*giá cả : cũng như các quán khác thôi. Giá cả ổn
* chất lượng : mình có gọi sữa chua xoài. Mình thích xoài nên có xoài đều ngon hết á ^^
*dịch vụ: được cái nhân viên cũng nhanh nhẹn cẩn thân. 
*không gian quán khá rộng và thoáng mât . sạch sẽ. 
Nhưng nhà vệ sinh thì chỉ có ở tầng 1 .Xem thêm",158
1764,Mều Na,20/7/2017 15:24,7.0,"Nói sao nhỉ, quán không có vẻ kiểu cf gia đình, nhưng nhìn phong cách thì lại giống cf gia đình hơn là mở kinh doanh, khó tả, hơi lóng ngóng vụng về sao đó ^^
Nước thì pha hơi nhạt, hơi thiếu chuyên nghiệp xíu
Decor ổn, xinh xinh
Wc cũng hay hay nhưng hơi chưa được sạch
Chú bảo vệ cũng hơi hơi lúc thiếu nhiệt tình, lúc lại nhiệt tình nên tạm chưa chê :))
Mình thích nhất chỗ này là cái chuỗi đèn vàng giăng ở cửa á, ai đọc được review này mà có ý định ghé thì nên thử mở camera lên mà coi nó nháy, ở ngoài không nháy đâu :))), ngộ ngộ :))Xem thêm",158
1765,Thanh Thảo Phạm,7/8/2020 12:12,5.2,"Ăn ngon. Mình recommend mọi người thử nước sốt đặc biệt. Anh nv vui tính và nhiệt tình lắm. Chỉ duy có 1 điểm trừ là bánh bị ỉu, không giòn có lẽ vì đã chiên từ trước. Còn lại thì mọi thứ đều khá ok. Quán ở ngay đầu đường bacu nên dễ tìm lắm.Xem thêm",159
1766,Mộc Linh,28/4/2020 21:01,10,"Lần đầu tiên ăn của anh Tuộc dù là ở vt từ thuở lọt lòng đến lớn 😂 em gọi sốt chua ngọt, ngon cực kỳ. Chỉ là cá bào nhiều quá, phủ hết nên chụp ko thấy bánh nên ko đẹp, viên to, tuộc to, ăn đã miệng. Sẽ ủng hộ tiếp ạXem thêm",159
1767,Thùy Anh,19/9/2019 16:27,9.4,"Ở Vũng Tàu mà giờ mới biết tới quán. Ngon quá ngon luôn nha. Mua hộp 6 viên phủ phô mai ăn nó đã gì đâu... 
Lần tới sẽ tiếp tục ủng hộ Anh 👍👍Xem thêm",159
1768,Syr Llia,18/9/2019 20:22,8.0,"1 năm 2l đi vũng tàu ăn nha mí bạn. Viên to chất luog
Vị trí : tọa lạc con đường huyết mạch VT - Ba Cu
Giá : rẻ rề -20 25k hộp tùy vị
Không gian : takeaway là chủ yếu, ai mún ngồi thì có hàg ghế bàn đầy đủ
Chất lượng : viên to nha,  ít bột,  cắn vô cảm nhận dc miếg bạch tuột to và tươi,  dòn lun. Ở tp ăn hết hộp r mà k bik có bạch tuột trỏng k nữa :((( sốt có 4l,  m ăn vị phô mai vs vị j chua ngọt mặn rất ngon.  Lâu lm rồi mới dc ăn tako chất như v
Vừa viết review vừa chảy nc dãi vì thèm,  tận t12 mới dc ăn nữa lậnXem thêm",159
1769,Anh Tuoc,4/10/2018 20:23,9.6,"Anh Tuộc có đọc review của bạn Anh Thư, vị khách ""thượng đế"" từ Sài Gòn mà thực sự rất bức xúc, lần đầu mua bánh không văn hoá xếp hàng lúc Tiệm đang đông 6-7 khách đặt bánh xếp hàng...xen ngang vào hỏi Đầu bếp đang bận làm bánh liên tục !!!
HỎI ĐẶT BÁNH ĐÃ KHÔNG XẾP HÀNG, Anh Tuộc và đầu bếp đang lubu làm tập trung cho khách đặt, chưa kịp thấy mặt mũi mũi bạn ấy là ai, XEN NGANG VÀO GỌI MÓN XONG TỰ Ý BỎ ĐI RA NGOÀI ĐƯỜNG !!! 
ĐÚNG LÚC ĐÓ có chị khách đứng bên cạnh nghe được đặt 2 phần giống như vậy, không biết ai đặt quay qua làm cho chị ấy.
Sau mỗi lần làm bánh xong, Anh Tuộc hỏi đến lượt ai rồi mới làm khách đặt tiếp theo...
Bạn ấy đi bỏ ra ngoài mãi lúc sau, Anh Tuộc làm khách gần xong hết bạn đi vào hỏi đặt bánh rồi chưa có bánh @@ 
ANH TUỘC ĐÃ GIẢI THÍCH RÕ RÀNG VÀ XIN LỖI, NÓI LỜI THÔNG CẢM RẤT ĐÀNG HOÀNG VỚI BẠN !!!

Trả lời góp ý của bạn cho Quán:
Anh Tuộc phục vụ nhiều bạn, chứ không cho một mình bạn, bạn không phải khách VIP !!!
Xưng hô Anh Em là Anh trong Thương Hiệu Anh Tuộc

Ở tiệm Vũng Tàu, Anh Tuộc chỉ làm bánh chất lượng lấy Thương hiệu không cần số lượng !!!
Vấn đề Ngon hay không ngon ?
Tâm trạng Bạn đã không hài lòng vì đến sau chờ đợi, rồi bạn bực bội ra về ăn bánh cũng không còn cảm xúc, mỗi người mỗi khẩu vị, mỗi nơi mỗi chất lượng, đem so sánh SG với VT- 15k với 20k, 15k phần 4 bánh thì nên xem lại chất lượng cho bạn ăn những gì trong từng viên bánh !!! 
Bạch Tuộc, sẽ có cắt miếng to dai và sẽ còn miếng nhỏ, miếng nhỏ thì đầu bếp cho 2,3 miếng xen lẫn vì có khách người lớn và khách trẻ em ăn... Bạn muốn ăn nhiều có thể đặt thêm tuỳ ý ! Việc gì ăn hết tuộc to để lại miếng nhỏ xíu chụp review mục đích gì ?
Bánh phần Phũ rong biển, phũ Phô Mai không có cá bào kèm theo, thêm Phần Cá bào ngư gọi thêm trong Menu ghi rõ chi tiết chứ không phải không có !!!

P/s: Vị khách Anh Tuộc lớn tiếng vì là chị khách cũng đứng ngoài đường đặt rồi vào sau đòi lấy trước, không có ý thức xếp hàng như bạn ấy, rồi đi ra vào nói đi nói lại gây ồn ào Tiệm Bánh khiến mọi người xung quanh bực mình khó chịu !!!
Đông khách thì chắc chắn có nhầm lẫn thiếu sót !!!
Bạn Không ý thức văn hoá xếp hàng, học lại ý thức đi rồi góp ý nhận xét Quán, thấy bạn review trên foody toàn chỉ có đi chê bai Tiệm người ta thế này thế kia... !!!

Sống làm người thì phải nghĩ đến ngta cực vất vả, làm duy trì Tiệm phục vụ món ăn cho bạn !!! Cho dù...
Bạn Không Quay Lại hay Có quay lại khó lòng cố gắng phục vụ tốt đối với vị khách ""thượng đế "" như bạn !!!Xem thêm",159
1770,anh thư,16/9/2018 21:21,2.4,"Mình xem reviews trên foody khen ngon, anh phục vụ dễ thương nên mới đến ăn thử, chỉ tiếc là hơi thất vọng. 
Bánh hơi bở, k có cá bào, miếng bạch tuộc bé, vị không ngon mấy so với giá thì thấy hơi mắc. Mình ăn ở Tphcm bán 4v/15k mà ngon hơn nhiều. 
Còn về thái độ phục vụ: chắc do lần đầu mua ở đây nên không biết quy tắc ở đây. Mình lại hỏi bánh ở đây bán sao thì bạn nữ đang nướng bánh đứng ngoài nói mình là “xem bảng ngoài kia”, ok mình cũng ra xem tại thấy bạn cũng đang bận :))), xong vô lại order 1 phần 4v phủ rong biển 20k, 1 phần 4v phủ phô mai 25k. Order xong mình ra chỗ bạn mình đang đứng chờ. Một lúc sau thấy có người đến sau mà có trc nên mình vào lại hỏi có phần mình gọi chưa, thì nhận được câu trả lời như thế này: “EM gọi món chưa? Ở đây không có CHUYỆN gọi món xong rồi ra ngoài đứng như vậy nha EM, nãy cũng có một chị gọi giống hệt e làm sao ANH biết ai với ai, ở đây quán đông lắm phải xếp hàng để làm tuần tự”. Ơ, có ai nói mình đâu, kể cả bạn nữ nãy mình gọi món cũng k nói gì mà quán có bao nhiêu người đang đứng đó đâu. Bỏ bánh vô hộp cho mình xong quay qua nói EM thông cảm cho ANH nha (mình nhìn bạn này chắc không hơn tuổi mình mà kêu mình EM hơi ngạc nhiên chút mà thôi kệ mình cũng ừ 1 cái rồi thôi :))))).
Về không gian quán thì chắc mua về thì ổn, ngồi ăn chắc k đc bao nhiêu người.
Bạn nào có ý định ăn bánh bạch tuộc ở đây thì nên suy nghĩ kỹ. 
Góc góp ý cho quán: tuy chỉ là bán vỉ hè cũng nên vui vẻ với khách, người ta đến mua hàng k chỉ vì cái thứ mình bán mà còn ủng hộ mình vì sự nhiệt tình của mình nữa. (Trc khi mình vô bạn nam đó hình như có lớn tiếng với một người khách nữ khác, thấy chị đó cầm bịch đồ ăn bực bội đi ra. Hy vọng là mình nhầm :))))Xem thêm",159
1771,Bảo Trân Dương,14/5/2018 11:13,9.4,"Quán có 1 anh chủ với 1 người phụ, thường là mẹ anh :v bánh ngon k quá nhiều bột. Sốt chua ngọt chắc là ngon nhấtXem thêm",159
1772,Thảo Su,23/5/2017 22:33,9.2,"Mình có biết đến quán thông qua một người bạn nên lần này xuống Vũng Tàu chủ yếu ghé qua ăn thử và gặp bạn nhân viên ở đấy.
Nhân viên kiểu siêu thân thiện ý, quán bán bánh bạch tuột nhưng với rất nhiều loại sốt khác nhau chứ không chỉ bán một vị truyền thống như trên Sì Gòn.
Mình được nhân viên recommended loại sốt chua ngọt, ăn cũng khá lạ miệng, giá cả phải chăng, nên có thể vì vậy mà bạch tuột có vẻ hơi ít so với khi mình ăn quán quen của mình trên Sì Gòn.
Có loại 4 viên và 6 viên thì phải, bạn nào muốn thử nhiều vị có thể gọi nhiều mà k sợ đau ví hihi.
Nghe bảo quán bán khá đông khách nên bạn nào đi được nên đi sớm để được trai đẹp service tận răng vừa ăn bánh vừa ngắm trai đẹp nạ.
Điểm trừ duy nhất là quán nằm hơi khuất và hơi nhỏ nên chủ yếu là mua mang về, à bù qua là có dịch vụ ship tận nơi trong VT nhé, nằm nhà chờ trai đẹp ship đến thôi )))
Lần sau nếu có đi VT chơi nhất định sẽ ghé tiếp.Xem thêm",159
1773,Châu Nguyễn Hạnh Dung,26/12/2016 13:13,7.2,"Ra Vũng Tàu du lịch mấy ngày. Bạn gấu fan cuồng takoyaki chính hiệu luôn nên đòi kiếm cho được cái quán bán takoyaki :3 thấy foody review cũng ok nên ra mua thử. Bánh bạch tuộc ở đây có nhiều xốt khác nhau cho mình lựa chọn. Mình mua bánh bạch tuộc truyền thống thôi, vị cũng bình thường, thậm chí không ngon bằng mấy quán ruột trong Sài Gòn mình ăn. Bạch tuộc cũng không nhiều nữa. Nói chung với giả như vầy thì ăn thử cũng không tồi.Xem thêm",159
1774,Đức Nguyễn,5/4/2016 13:42,8.6,"Mình hay ăn quán bánh bạch tuộc ở đường bacu. Hôm nay thằng bạn rủ đi ăn, cũng phi ngựa chạy theo đến đây ăn thử. Giá cũng vừa phải, bánh chất lượng, bạch tuộc nhiều ơi là nhiều. Chắc chắn sẽ quay lại.Xem thêm",159
1775,Walter Young,24/5/2019 11:20,9.0,"Gia đình mình mỗi lần ra Vũng Tàu đều ghé đây để ăn sáng. Tuy là nhà hàng biển nhưng món ngon nhất mình có dịp thưởng thức chính là Bò Bít Tết. 

Bò Bít Tết Ốp La loại thường khoảng (70~75,000/phần) là bò Việt. Còn bò Úc thì giá khoảng hoặc hơn 200,000/phần. Bò rất mềm, ăn ngọt thịt, kèm sốt chấm bánh mì là ăn mắc ngây luôn. Bánh mì cũng nóng giòn, thơm, tròn tròn, xinh xinh, vừa mắt vừa ngon. Ăn kèm dĩa rau xá lách có dưa leo, cà rốt, xà lách xắt vừa miếng, rưới sốt hơi chua chua nhưng thanh thanh ngon lắm.

Cafe uống được vì nhà hàng không chuyên về cafe nên đánh giá khoảng 78/10 điểm.

Đội ngũ phục vụ làm việc trên máy tính bảng nên quản lý chặt chẽ. Do có nhân viên tạp vụ/vệ sinh riêng nên công việc phân công rõ ràng không bị rối và giảm thiếu sót khi đông khách.

Nhà bếp thoáng, sạch sẽ. Nhân viên bếp mặc đồng phục chỉnh chu. Nhân viên vệ sinh thì lau dọn thường xuyên.

Nhà vệ sinh thì tương đối sạch và có quạt treo tường cho không khí thoáng mát hơn.

Khu trưng bày hải sản sạch sẽ, có nhân viên thường xuyên kiểm tra bảo dưỡng. Nên thêm nhiều hải sản vào những ô còn trống sẽ trông sinh động và bắt mắt khách hơn.

Nhà hàng nằm nhô ra phía biển nên có lan can bảo vệ an toàn cho trẻ nhỏ. Trần cao nên luôn có gió lưu thông thoáng mát.

Menu thức ăn đa dạng, ngoài món Tây còn có món Việt như Mì kéo (sợi), Hủ tiếu... Giải khát phong phú và có phục vụ Kem.

Thích hợp cho cặp đôi, gia đình, nhóm bạn, khách đoàn. Đi buổi nào cũng thích hợp.

Về giá cả thì mình đánh giá tiền nào của nấy. Giá hợp lý và không quá đắt đỏ cho những trải nghiêm tốt mà gia đình mình nhận được.

Cảm ơn Nhà hàng Gành Hào và Cafe Mũi Đá đã đem đến trải nghiệm thật tốt. Chắn chắn sẽ ghé lại và giới thiệu đến người khác cùng trải nghiệm.Xem thêm",160
1776,Nguyễn Vương Huy Hiếu,3/1/2019 5:16,8.6,"Tuy lên SG học lâu rồi nhưng cứ về quê là phải ghé Mũi Đá ăn cái rồi mới tính tiếp
- Nằm hẳn ra biển kế bãi tàu cánh ngầm, vừa ăn vừa hóng gió và nghe tiếng sóng biển vỗ vào bờ là số 1. Buổi dáng thì ngồi trên cao nhìn xuống biển cũng rất tuyệt
- Mình ăn nhiều lần lắm, thích nhất Cơm Mũi đá, bò bít tết, mực sữa chiên và cơm bò lúc lắc. Đồ ăn ở đây ngon, giá rẻ, các bạn thử là mê liền
- Thức uống thì mình uống mỗi sinh tố sầu riêng, giá hơi cao nhưng bù lại rất ngon
- Nhân viên đông, phục vụ nhiệt tình, có điều món lên khá lâu. Thường đi gia đình tầm 4 người trở lên đợi là mệt nghỉ.
- Nói chung quán đẹp, view tốt, ngon, ai đi Vũng Tàu ghé thử dẽ biết.Xem thêm",160
1777,Calvin Zhang,4/11/2018 13:26,2.8,"Đoàn mình di gồm 20 khách , gòm cả trẻ em và người già , đương nhiên sẽ có tí rối , trưởng đoàn như mình cũng sẽ hổ trợ tốt nhất , vậy mà khi mình hỏi lại 1 vấn đề mà mình chưa từng nghe trước đó thì cái thái độ trả lời mình rất ko hài lòng , mình bảo là : “ anh ơi , hết nước canh rồi phải ko ? “ liền bị a được cho là tổ trưởng này trả lời : “ nãy e có nói là hết nước canh rồi “ câu này nếu như giọng đều bt thì ko nói gì , nhưng là kiểu s a phiền quá vậy , nãy e nói rồi mà )) hoặc cũng có thể là : a k có ý đó , a chỉ nói vậy thôi , chỉ là giao tiếp a có vấn đề làm e hiểu lầm ... và còn nhiều còn nhiều vấn đề khác ,ko lẽ vừa đặt đít xuống dằn mặt rồi về , thôi ăn cho xong lần này r thôi .hếtXem thêm",160
1778,Chau Minh,3/3/2018 11:15,7.6,"Lần nào đi Vũng Tàu mình cũng phải ghé Mũi Đá ăn mới chịu. Ghiền bò cuộn phô mai ở đây lắm tuy có 2 miếng bò cuộn với khoai tây thôi nhưng vẫn thích. Mì ý thì bình thường không có gì đặc sắc. Bò né thì ngoài bò ra còn có thịt xông khói với pate nữa ăn khá ngon. Ở đây được cái vừa ăn vừa ngắm biển đã lắm, gió biển lồng lộng. Nhân viên vui vẻ, nhiệt tình, lên món cũng khá nhanh chừng 10ph là có món à. Chắc chắn sẽ ghé lại.Xem thêm",160
1779,Bi Nhỏ's,17/2/2018 0:34,8.8,"Ở đây là view quá đỉnh rồi đó nha.
Hồi trước quán thiên về cafe hơn, nhưng giờ là thành mô hình quán ăn hiện đại rồi. Nguyên do cũng một phần là vì các món ăn ở đây quá ngon đi mà ;)
Cơm chiên cá mặn vẫn thường là món mình ưa thích. Nó không bị tanh, hôi và mặn chátnhư những quán nhậu vẫn thường làm.
Đây cũng là lần mình gọi cơm hải sản. Hản sản xắt hột lựu ra, có rất nhiều trong dĩa cơm nên ăn cũng rất là đã nha. Súp cua bắp nhìn không có được hấp dẫn cho lắm nhưng mà ăn ngon đáo để cơ ạ, đáng để thử lắm nha.
Mà giờ mình mới biết bạc xỉu, siro bạc hà ở quán nó rẻ vậy luôn :v
Hôm nay quán bị đông quá hay sao á mà nhân viên cực kỳ chậm, đặc biệt là trà đá, bàn mình và nhiều bàn xung quanh nữa, gọi không biết bao nhiêu là lần mới có.Xem thêm",160
1780,QL,2/12/2017 3:35,6.6,"🍒Hồi đó hay đi tàu cánh ngầm nên Mỗi lần xuống tàu sớm hay chuẩn bị lên tàu buổi sáng là mình hay ghé cafe này ăn sáng uống nước

🍒Đồ ăn và nước uống ở đây làm cũng bình thường. Đầy đủ các món cafe và nước uống bình thường. Đồ ăn có mì xào nui xào bánh mì ốp la...
🍒Giá ko mắc ko rẻ chấp nhận đượcXem thêm",160
1781,Thùy Nguyễn,16/8/2017 18:52,8.6,"Mỗi lần đến VT, mình thích nhất là ăn sáng nơi đây . 
View biển đẹp , không gian rộng thoáng .
Đồ ăn ngon , giá tầm 40k đến 60k 1 món. Thích nhất món bò Beefteask nơi đây , rất ngon ( kèm dĩa salad dầu dấm ăn rất thích ).
Nước uống giá tương đối ( 18k cho ly cafe đen vs các loại nước sinh tố tầm 30k đến 45 k mỗi loại )
Nhân viên phục vụ nhiệt tình . Quán tuy đông nhưng đồ ăn thức uống mang ra nhanh lắm .
Vị trí rất dễ tìm ngay bến tàu cánh ngầm ^^!Xem thêm",160
1782,Prince Nguyễn,5/8/2017 19:16,10,"Lần nào ghé Vũng Tàu mình cũng đến đây ăn sáng .
Thức ăn, nước uống ngon . Giá cả hợp lí. View biển đẹp.
Nhân viên phục vụ nhanh, giữ xe miễn phí .
Là địa điểm thích hợp lí tưởng cho bạn nào ghé Vũng Tàu nhé 💓💓💓Xem thêm",160
1783,Mều Na,15/7/2017 22:39,6.6,"Quán nằm ngay chỗ gần bến tàu cánh ngầm cũ, cuối tuần khách có vẻ khá đông. Mà ở đây phù hợp với khá nhiều đối tượng, từ gia đình có em bé, mấy cô chú lớn tuổi lẫn khách du lịch. 
Ghé đây không chỉ uống nước, mà ăn sáng thoải mái đủ thể loại đồ ăn luôn, kiêm tè le tét lét nên cũng chỉ là ăn thôi chứ chất lượng thì cũng vậy chứ không ngon gì lắm
Ghé cuối tuần đông kinh khủng khiếp, vậy mà nhân viên phục vụ cũng khá nhanh.
Giữ xe miễn phí, wifi thì quá í ẹ luônXem thêm",160
1784,Yin Le,11/5/2017 11:23,7.8,"Mình từng đi quán cafe này khi đi du lịch cùng công ty mấy năm trước. Lần này khi đến Vũng Tàu cùng người yêu, chợt nhớ đến quán này nên dẫn anh ấy đến đây. Anh ấy rất thích luôn, vừa nhâm nhi cafe vừa có thể ngắm biển. Tuy là buổi trưa nóng nực, nhưng gió biển thổi vào lồng lộng nên mát rượi và dễ chịu lắm. Mình uống cafe sữa Ruhm, bạn trai uống cafe Ruhm vì thấy lạ nên muốn thử. Ngoài vị đắng của cafe và béo của sữa, cảm nhận được vị rượu nhẹ, khá dễ uống. Giá cả quá rẻ , 50k cho chầu cafe ngắm view đẹp.Xem thêm",160
1785,Yên Vi Mộc,30/5/2019 14:10,6.8,"Điểm cộng
- Nước lẩu hơi ngọt nhưng nhìn chung là ngon, dễ ăn
- Đồ ăn đa dạng, ngon, rẻ
- Nhân viên thân thiện, nhiệt tình

Điểm trừ
- Thao tác chậm, và chưa chuyên nghiệp: Mình gọi 1 phần gà cay phô mai cùng lúc với buffet. 15' sau nước lẩu mới được đem lên, còn gà cay thì không thấy tung tích. Sau gần cả tiếng đồng hồ, mình mới sực nhớ còn phần gà cay chưa được đem ra, ra hỏi thì nhân viên ngơ ngác :))))  thế là mình bảo họ khỏi làm luôn.
- Không gian chật chội (do đông người). Khu vực trong nhà thiếu sáng.Xem thêm",161
1786,Quyen Tran,5/5/2019 15:45,2.6,Ko biết mấy ăn thế nào chứ hôm mình ăn thấy sợ luôn. Nấm kim châm cắt từ trong bịch ra ko rửa để nguyên vậy cho khách hàng ănXem thêm,161
1787,Lê Ngọc Kha,2/5/2019 16:47,7.8,"Quán này bên TN, bữa cả đám bạn mình cùng đi ăn .-. Cả lũ 6 đứa ăn no căng mà có 240k!
Lẩu ăn vừa miệng, nhiều topping lắm, gọi thêm giá cũng hạt dẻ nữa ạ, có điều hơi nóng với nhân viên phục vụ hơi chậm tíXem thêm",161
1788,Ng T Linh,10/11/2018 2:48,9.0,"Lâu ngày ăn lại, quán bổ sung thêm thịt ba rọi vào lẩu rồi nè ❤ Nước lẩu vẫn ngọt thanh như ngày đầu mình ăn, đồ ăn vừa đủ cho 2 người, giờ lại có thêm thịt thích quá điiii. Thịt ba rọi hình như cắt bằng máy nên mỏng lém, nhúng lẩu ăn rất ngọt thịt và mềm. Mình gọi thêm gà phô mai ăn thử, so vs giá 50k thì vậy là ổn rồi ❤ Gà ướp ngon, tuy nhiên hơi mặn nếu ko ăn ko, ăn kèm vs cơm trắng sẽ đúng bài :)))) Phô mai ngon ngon, kéo sợi dài vô tận, cho cũng nhiều nữa, có kèm thêm mấy viên tobokki ăn chơi.Xem thêm",161
1789,Ng T Linh,1/9/2018 22:26,9.0,"Quên chụp hình nồi lẩu rùi. Tobokki ăn ngon ngon cay cay thơm mùi bơ phủ 1 lớp phô mai cắn 1 miếng là lịm cả tim. Lẩu vẫn rất là ngon 1 phần 80k 2 người ăn vừa đủ no thêm 1 chai coca nữa là căng bụng luôn ý. Đi hôm nào cũng đông cả, tầm 8h trở đi thì mới thưa khách bớt. Nhìn chị đẹp chạy bàn sm mà thấy thương ghê :)))) 
Vì lần nào tới cũng ăn lẩu và tokbokki hết nên chưa đc thử món mới như cơm hay mì... :)))) mà nay quán bổ sung thêm hình thức buffet 65k/1 người ăn no căng bụng chắc luôn. Thấy nếu xác định chỉ ăn lẩu thôi thì các bạn nên ăn buffet nha, có nhiều món hơn trong menu lẩu chính mà còn đc ăn thỏa thích nữa.Xem thêm",161
1790,Kate Ng,1/9/2018 19:50,7.6,"Thiệt tình là lâu lắm rồi mới kiếm đc quán bán tokbokki mà ăn vừa ngon vừa thích như ở đây. Đó h mỗi lần thèm mà ko biết ăn ở đâu, vì ở Vt khá ít chỗ bán món này, nếu có thì họ sử dụng tương khá nhiều làm mất đi vị truyền thống của nó. Được bạn giới thiệu tới đây ăn thử v là ghiền luôn chả thèm đi ăn ở chỗ khác nữa. Nước lẩu rất thơm và vừa miệng, có một chút cay cay, tokbokki phô mai, gà cay phô mai thì tuyệt cú mèo. Huhu ngồi review th mà nước miếng chảy hết cả r :((( Ngoài ra ở đây còn có cả nước gạo HQ uống rất ngon. Không gian quán phải nói là perfect nhé, vì đây vốn là một quán trà Huế nên mang một vẻ rất cổ điển. Điểm trừ của quán là phục vụ khá lâu, đông khách phục vụ lâu thì ko nói, ít khách shop phục vụ cũng lâu huhu nên shop cần khắc phục điểm này ạh. Còn lại hầu như là ổn nè ❤️Xem thêm",161
1791,Kiều My,9/7/2018 18:27,3.8,Ngồi từ 5h30 tới khi ăn xog nồi lẩu vẫn thiếu món Cơm Chiên Kim Chi. Không hiểu sao cứ nói mà nhân viên cứ lơ lơ. Lần đầu ăn mà làm mất cảm tình quá😒😒Xem thêm,161
1792,Ng T Linh,14/6/2018 22:14,8.2,"Mình dùng lẩu bánh gạo 1 (đổi mì gói thành mì ramen và thêm cá viên), bánh gạo sốt cay.
Nước lẩu ở đây rất ngon, có vị ngọt thanh, cay nhẹ, topping gồm có chả cá rất nhiều, ăn muốn ngán luôn, tôm, thanh cua, rau, cá viên. 1 phần 60k như vậy ăn 2 người khá no, thêm bánh gạo cay nữa là no xỉu luôn á. Bánh gạo sốt cay có topping là chả cá và rau, nước sốt có vị thơm nhẹ của bơ mình mê lắm luôn. Huhu hôm nay ăn thử lần đầu ở đây, mọi thứ vượt trên cả mong chờ. Chắc chắn sẽ quay lại rồi.
Không gian quán khá lạ, theo kiểu cổ xưa, không bị nóng khi ăn lẩu đâu. Hôm nay mình đến quán lúc đông nên chờ hơi lâu. Nhưng không sao đồ ăn ngon đã bù đắp hết tất cả. Hôm sau mình sẽ thử các món khác, và ăn lại món lẩu tiếp kkkkkk

p/s: Lẩu nó ngon quá à giờ review vậy lại thèm : (Xem thêm",161
1793,🐸 🐸,11/5/2018 23:36,8.4,"Mò đến quán ngày mát trời, cúp học đi ăn lẩu )) đi 3 lần mới nhớ ra địa chỉ, nó nằm ở tầng dưới Trà quán Cát Khánh, nếu tìm không thấy cái bảng bánh gạo thì tìm cái bảng của Cát Khánh dễ hơn nhiều đó 😂
Mình gọi 1 lẩu bánh gạo, 1 tokbokki phủ phô mai cay, 1 mì trộn tương đen mà mải ăn quên chụp hình, ăn xong tới cái lẩu mới nhớ ra chụp ahuhu 😭 
2 người ăn no phết 😌 Nước lẩu ngọt thanh, lẩu có 60k mà khá đầy đủ, chả cá, thanh cua, bánh gạo, kim chi..... đầy ắp 😂 tok phô mai thì chưa được ngon tại cái sốt của nó loãng loe à, như tok chan canh vậy được cái bánh gạo mềm vừa tới 😰 Mì trộn tương đen thì là hình như là mì tương đen ăn liền xé ra chế biến ))
So với mức giá thì như vậy khá ổn rồi 👍Xem thêm",161
1794,Trương Kim Uyên,9/1/2018 3:26,7.6,"Chúa ghét bánh gạo nay đã thích bánh gạo trở lại nhờ món ăn ở đây✌🏻 ăn ko bik ngán, thơm, vừa miệng, ko có mùi vị lạ như kiểu các  nhà hàng HQ (má chắc do mình ko hợp kiểu sang chảnh :)) ) 
Nói chung là ngon và vừa túi tiền 😺Xem thêm",161
1795,Hannah Nguyen,31/8/2019 17:05,1.0,"Lúc mình vào là chỉ có duy nhật một bàn, với bàn mình là 2. Vậy mà chờ ly cafe muốn dài cả cổ, nhân viên thì đùa giỡn nói chuyện đuổi bắt dí nhau ầm ầm trong quán. Sợ luôn không bao giờ quay lạiXem thêm",162
1796,Cui 1211,13/6/2019 21:48,6.0,"Quán có phong cách hiện đại, decor nền trắng tinh ươm đập vào mắt đã thấy lạ lạ rồi. Có không gian trong và ngoài máy lạnh, có tầng trên ngắm cảnh đường phố. Order món tại quầy, nv tư vấn nhiệt tình, có bán cả bánh nữa. Order cafe đen pha phin 25k và Trà đào sả 35k. Cảm nhận: ko gian đẹp, lạ. Về nước: Lên món cũng chưa nhanh, trà đào không có nắp đậy kèm theo (?), có 3 miếng đào xắt cũng vừa ăn, chị nv khuyên order Trà đào sả vì có mùi sả thơm ngon hơn với có mấy khách bảo ko nghe mùi sả nên khuyên uống sả để cảm nhận rõ hơn mà mình cũg chưa nghe mùi sả rõ cho lắm !!! Trà đào nhìn chung uống tạm được, chua chua ngọt ngọt vừa miệng, ngoài vụ mùi sả ra :v, cũng tạm chấp nhận. Tuy nhiên cafe đen hơi nhạt nhẽo, cảm nhận bị loãng và ko nghe mùi đậm, uống hơi chán. 

Địa chỉ: 290 Lê Hồng Phong, dễ tìm, sáng sũa rộng rãi.
Giá: 25k >>Xem thêm",162
1797,An Daisy,26/3/2019 15:21,10,"Mình đi quán chắc cũng lần thứ 3. Nước ngon, mấy anh chị nhân viên nhiệt tình, dễ thương chu đáo. Ở quán, mình cảm nhận thật sự chuyên nghiệp và cũng thích ly có in hình hồng hạc và câu slogan có ý nghĩa. Không gian đẹp, sang và mỗi một màu trắng nhìn như lâu đài í.
Chắc chắn sẽ quay lại và lần sau sẽ dắt ng yêu tới :))Xem thêm",162
1798,Nguyen Nhan,24/3/2019 23:40,5.0,"Best :)))) 
Nhân viên dễ thương 😊Xem thêm",162
1799,Hunhduy7867,13/3/2019 18:25,8.2,Nhân viên phục vụ khá dễ thuơng. Quán có nhiều chương trình khuyến mãi cho lễ. Vote thanh trà quý phi... Nước uống 7/10Xem thêm,162
1800,Quỳnh Hương Đỗ,6/3/2019 11:12,6.8,"Quán decor tạm ổn
Nước cũng được. Mà lúc mình đến lại chưa nấu trân châu đường đen, thành ra không uống được sữa tươi trân châu đường đenXem thêm",162
1801,foodee_q6szcugo,1/2/2019 17:55,10,Morning 😊😍Xem thêm,162
1802,foodee_aok3950a,1/2/2019 17:52,8.4,Giá cả hợp lí 🤣 nhân viên thì thân thiện đáng yêu ❤️ tại sao bạn không thử chứ ✌️Xem thêm,162
1803,Amber Q,27/1/2019 15:45,7.8,"Đi du lịch vô tình thấy quán vừa khai trương nên ghé vào. Anh bảo vệ rất niềm nở hiếu khách.
View quán rất dễ thương, có cảm giác rất thoải mái. Giá nước rất ok nha, lại còn 2 tặng 1 rất kinh tế
Sữa tươi trân châu đường đen uống ổn, ko ngọt lắm, uống vừa phải.
Sinh tố mason uống lạ, khá ngon.
Nhà wc nữ có cái bạt nhìn cũng cưng lắm nha :)))
Nói chung là ưng. ^°°^Xem thêm",162
1804,Nghi Ngo,23/1/2019 23:31,10,I like this cafe a lot. I will come back for sure 😘Xem thêm,162
1805,Tina 88,29/4/2021 7:16,8.6,"Quán mới đổi địa chỉ rộng thoáng mát. 1 tô chất lượng bún nhiều thịt miếng nào miếng nấy bự gấp 3 lần quán sài gòn, 2 miếng chả to dầy, nước lèo đậm đà. Quán lúc nào cũng đông khách. Giá 50k/tô đáng đồng tiềnXem thêm",163
1806,Hien Nguyen,22/4/2020 1:32,10,"Tôi thì không thích chụp hình món ăn, trừ khi món mình làm (hi...hi...). Tôi biết quán này lần đầu năm 2018 do ba mẹ tôi giới thiệu. Năm nào tôi cũng ra Vũng Tàu chơi ở 1, 2 tuần và hay ra ăn ở đó. Tôi cập nhật giá cho các bạn chưa biết là cho tới thời điểm 26/02/2020 giá đồng đều 50k/tô (ai ăn giò thì bớt thịt chả), tô vĩ đại, ăn bao no. Quán ghi mở cửa đến 14h chứ đi sau 9:30 là có khả hết nhé. Có lần, tôi ngủ quên, cả nhà kéo ra lúc 9:16 phút mà thấy đang tạt nước quét dọn rồi.Xem thêm",163
1807,Duy Phát Lê,17/3/2018 21:50,6.8,"45k tô ko đổi nhưng nước lèo mình thấy ko ngon như hồi trước
Bò thì vẫn ngon
Còn chả thì đổi loại chả khác nên ăn hơi ngán
Hôm mình đi ăn là mùng 3 mùng 4 gì đó mà quán cũng vắngXem thêm",163
1808,QL,18/2/2018 13:18,6.8,"🍒Sáng nay ra ăn bún bò. Tết quán ko lên giá
Tô nhỏ 35k tô lớn 45k
Nhưng lần này mình cảm giác miếng bò cắt nhỏ hơn trước, nước lèo lạt ko đậm đà
🍒Chả thì ko còn chả quế hay chả cây mà chả lụa ăn ko ngonXem thêm",163
1809,RC Tùng,21/1/2018 10:17,7.8,"Nước dùng đậm đà. K ăn giò nên nhiều thịt chả.
Vị trí cực dễ tìm trong khu ks bãi sau
Mình tới trễ do đêm qua quẩy VN-Iraq nên dậy muộn. Quán làm nhanhXem thêm",163
1810,Mều Na,4/7/2017 10:25,7.2,"Mình dân VT mà không biết quán này luôn mới tục :)))) lâu lâu ghé về con bạn chở ra đây còn bảo hết chuyện dắt đi ăn ở chỗ dân du lịch cho bị chém :))))
Mà bạn mình nói vài nè, ăn xong tính tiền mà ra tận chỗ anh chú chủ thì 35k 1 tô, còn ngồi tại chỗ kêu thì 45k :)))) thông tin này nghe thôi chứ chưa xác định nha, tô thịt to dã man ăn cũng ok lắm nha
Quán trông cũ cũ chán chán vậy chứ đông dã man con ngan luôn, khách vào muốn không có chỗ luôn đó. 
Nghe nói chiều cũng có, nhìn hình xác định món nha :)))Xem thêm",163
1811,Trang Pham,26/1/2017 21:09,7.8,"Thông qua foody mà biết quán này không ngờ nó lại vô cùng gần chỗ mình ở khi đến VŨng tàu. Cũng khó để kiếm được quán bún bò ngon như này. Giá 45k/tô có hơi cao nhưng cũng xứng đáng với chất lượng. Tô bự thịt nhiều thêm 2 miếng chả dày cui nữa ăn đã lắm luôn bạn nào ăn nhiều kêu thêm rau trụng cũng được nưa. Thấy quán bán rất sớm chưa tới 6h sáng la bắt đầu bán rồi. Bán tới tầm 12h trưa thôi nha. Nếu đi chiều or tối là không co đâu, ăn sáng là okay nhất.Xem thêm",163
1812,eatwtea 💋,27/8/2016 3:18,7.6,"Biết đến quán này thông qua foody, người eo lại thích nhất là món này nên ở Vũng Tàu chỗ nào bán bún bò huế là bọn mình cùng đến thử hết. 
Mình đến quán lúc tầm 9h sáng quán đã đông ngẹt khách. Vào cuối tuần nữa nên ngoài khách địa phương còn có khách du lịch. Khó khăn lắm bọn mình mới tìm được chỗ để xe và kiếm được bàn ngồi. Kêu 1 tô bò chả và 1 tô đầy đủ. Bưng tô bún ra mình nhìn phát chóng mặt luôn nhưng người eo lại khá thích vì bạn ý ăn khoẻ lắm, ở đâu cho nhiều là thích rồi chưa biết ngon hay dở. Người eo mình cũng thuộc dạng khó tính trong khẩu vị ăn uống nhưng ăn xog là khen lấy khen để. Hứa hẹn cuối tuần này phải đi ăn tiếp. Mình ăn chẳng hết nổi 1 tô may mà có bạn ăn phụ. Tính tiền hết 70k cho 2 tô bún to đùng và chất lượng.Xem thêm",163
1813,An Nhiên,26/8/2016 12:43,7.8,"Bún bò ở đây phải nói là rẻ và ngon, bò chả là 25k/1 tô. Cọng bún nhỏ nên ăn đậm đà lắm, nước lèo ở đây cũng ngon. Thịt bò mềm và nhiều. Chả cũng ngon nhưng mà mỏng quá :(. Tô mình kêu không lấy hành tây, rốt cục quán không để hành lá cho mình luôn nên nhìn cái tô chán quá :D  Nhân viên phục vụ nhanh nhẹn. Giá từ 22k đến 40k nhé. 40k là tô đặc biệt :3Xem thêm",163
1814,Vũ Nguyễn Quốc Hoàng,6/8/2016 10:25,7.6,"Quán nằm trên đường Trần Quý Cáp (1 đường nhánh hẻm trên con đường Thùy Vân, khúc gần quảng trường ở biển). Mình tới quán lúc khoảng 8h sáng, quán khá đông mặc dù nằm trong hẻm. Không biết đa phần là khách du lịch hay địa phương, phong cách quán khá bình dân, bàn ghế ngồi tràn cả ra đường, xe máy để tứ phía luôn, ai tìm cho mình được góc nào để xe thì để ở đó thôi. Dù mới 8h sáng nhưng 1 số nguyên liệu đã hết, mình gọi tô bò giò chả đầy đủ nhưng đã hết giò, đành ăn tô bò chả. Vì quán rất đông nên chờ đợi nhân viên lên món là sai lầm, bạn sẽ phải chờ dài cổ mà vẫn không tới lượt đâu, chính vì vậy cách tốt nhất là đến tận nồi order và bưng về luôn nha. Giá 1 tô bún như hình là 45k, cũng khá ok ha. Mùi rất thơm, thơm mùi mắm tuốt huế, nhưng không bị quá nồng, nước không quá mặn, chả cũng ok, thịt bò ngon, chất lượng, miếng thịt to tổ chảnh luôn. Nếu so với giá cả ở 1 thành phố du lịch với chất lượng của món ăn thì mình thấy khá ổn, mọi người có dịp đi Vũng Tàu nên ghé quán ăn thử nha. Lưu ý là phải đi sớm sớm không thôi lại bị hết nguyên liệu:)Xem thêm",163
1815,Thủy Tiên Phạm,13/5/2021 18:39,8.4,"Rất ngon , rẻ , sạch sẽ 
Anh chị chủ siêu dễ thương , chiều kháchXem thêm",164
1816,foodee_ybpgddu1,28/3/2019 7:12,10,Phải nói là ngon.bổ.rẻ..Xem thêm,164
1817,Quỳnh Phạm,27/3/2019 23:14,8.0,"Chỗ này xôi ngon mà còn có mấy món order bao ngon nữa. Từ khách đặt xôi ăn chuyển qua khách đặt đồ ăn nhậu, cho sẵn cái menu cần là gọi order cái ship tận nơi luôn. Dễ thương gì đâu 🥳Xem thêm",164
1818,Thuý Diễm,27/3/2019 8:22,6.8,"Hôm qua nhậu gỏi chân gà ở tiệm này ngon bá cháy, ngó sen giòn rụn , chân gà thì mềm cộng với đậu phộng sao mà nó hoà quyện chấm chung với nước mắm chua ngọt thì ngon hết sẩy con bà bảy.. làm lai rai hết dĩa gỏi cũng hết gần chục lon bia.. 🤣 nói chung cho món ăn này 10 điểm 👍🏻Xem thêm",164
1819,Hannah Nguyen,23/3/2019 13:09,4.8,"Lần đầu mình order lúc 4h chiều thì ăn rất ngon, sườn đậm đà, thấm gia vị, tươi mới, xôi mềm, nc sốt ngon ai cũng thích
Lần hai mình order lúc 11h thì sườn rất khô, cứng, ăn có cảm giác là sườn cũ, lạt lẽo chứ không ngọt như hôm trước. Quán cần ổn định chất lượng để được ủng hộ lâu dàiXem thêm",164
1820,Lệ Mỹ,13/3/2019 16:56,10,"Xôi sườn o đây khá la ngon , vị vua ăn đậm đà thấm vào thịt . Thịt có 1 tí mỡ án thơm thơm béo béo đậm đà . Minh ăn 1 họi xôi thấy sươn ngon quá nên oder thêm 2 cây suòn nưa
Chủ  shop khá la nhiệt tình , trưa 12h minh oder 2 lân vẫn ship vui vẻ ko tính ship
Nói chung la ngon , hợp vị hợp túi tiềnXem thêm",164
1821,Trịnh Mạnh Linh,9/3/2019 13:36,9.0,"Xôi đây siêu ngon, thề!Xem thêm",164
1822,Phạm văn Quang Phạm,7/3/2019 23:15,10,Ngon kinh khủng.xôi gà lòng mề ăn cái đùi hoài k hết.chân gà rút xương gỏi ăn ngon nhiều củng ăn hoài không hếtXem thêm,164
1823,Trân Nhỏ Xíu,11/1/2019 9:41,10,"Rất it khi review đồ ăn lắm luôn mà tiệm này làm gà nướng  voi gỏi ngon quá nên e review cho mọi người nè , gà với gỏi ướp gia vị vừa ăn , an chi chủ lại siêu cute 😍
Con nhiều mon ở đây nữa chắc e phải thử hết 😂😂😂Xem thêm",164
1824,Hồng Thảo,3/12/2018 12:24,10,"Ăn hộp xôi chưa đc 5p, :))) và ước gì có thêm hộp nữa. 
Xôi dẻo, gà đậm đà ngon, kim chi ngon luôn :)))Xem thêm",164
1825,Hải Anh,20/7/2020 12:28,8.0,"Cơm ngon giá vừa phải, ko lo bị chặt chém, chờ đợi như mấy quán khác. Anh chủ nhiệt tình, vui tính. Bên mình 10 ng gọi 10 phần ăn chính gồm cơm chiên gà nước mắm, cơm bò lúc lắc, mì xào hải sản, thêm 4 phần canh và 6 cơm thêm. Tổng 5xx.Xem thêm",165
1826,🐸 🐸,22/6/2018 22:14,7.2,"Buổi tối lười nấu cơm toàn đi qua đây ăn, quán của a chủ người tàu nên nêm nếm đậm đà lắm, giá phải chăng, chất lượng cũng ok nữa, có điều cơm thì ít mà đồ ăn thì nhiều, gọi thêm cơm thì no quá mà ăn từng đó cơm thì vẫn chưa no lắm huhu.
Ưu điểm là mí anh ở quán tận tình dễ thương, cơm ngon. Nhược điểm là quán bí nóng quá, ăn xong cảm giác như mới đi xông hơi về vậy 😑 
Quán bán từ 4h chiều tới đêm luôn nên buổi đêm đói bụng cứ ra đây ăn là hợp lý nha.Xem thêm",165
1827,eatwtea 💋,27/8/2016 4:37,8.0,"Sợ mập lắm nhưng toàn bị gấu dụ dỗ thôi. Vì mình ko ăn hắn cũng ko chịu ăn nên đành chiều theo hic hôm nào đói thì mình ăn các món cơm chiên, còn nếu no rồi thì mình thường ăn nui xào bò lúc lắc hoặc các món mì hay hủ tíu xào. 
Giá thành ở đây hơi cao, trung bình tầm 30-40k/ phần   Nhưng được cái lượng đồ ăn nhiều và chất lượng ổn định. Đầu bếp cũng là anh chủ quán rất cứng tay nghề, lại có hương vị riêng nên quán vẫn có khách đều.Xem thêm",165
1828,Mr Cat,23/8/2016 14:20,7.8,"Chiều đến đi làm về mà nhà không nấu cơm thì nhịn luôn đợi tối chạy ra đây ăn cho ngon. Thực đơn ở đây khá là nhiều món,mình cũng ăn qua nhiều rồi nên thấy món nào làm cũng ngon hết. Chủ yếu mình hay ăn cơm chiên dương châu với gà chiên nước mắm. Gọi thêm tô canh cải với hai ly trà đá nữa là quá no luôn. Không gian quán hơi nhỏ,giá hơi cao nhưng được cái đồ ăn chất lượng. Chế nào chưa thử bữa nào ghé thử nha 😏Xem thêm",165
1829,Fy Dood,27/7/2016 1:45,8.2,"Quán này càng ngày càng có tiếng ở Vũng Tàu. Đồ ăn ở đây khá chất lượng. Quán bán các loại cơm xào, mì xào, hủ tiếu.... Phần nào cũng đầy ắp, có khi 2 người ăn mới hết. Như phần cơm gà chiên nước mắm mình hay ăn với giá 35k nhưng cơm nhiều lắm, đùi gà lại to. Mình ăn khoẻ thì ăn hết 1 phần nhưng sau no dai lắm chẳng cần ăn thêm gì. Điểm đặc biệt là gà chiên nước mắm ở đây mềm, có sốt, gần như là gà xào nước mắm thì đúng hơn. Xào cùng hành tây rất thơm và ngấm gia vị.Xem thêm",165
1830,Na Ng,22/7/2016 23:53,7.8,"Quán này lúc mới biết mình ăn hoài đâm ra ngán luôn, lâu rồi mới ghé lại. Thức coi đá banh đói quá nên lọ mọ chạy ra đây. Ăn cơm sợ khó tiêu nên mình kêu phần nui xào bò lúc lắc và chén canh cải thịt bằm ăn cho dễ nuốt. Quán về khuya khách cũng ko đông như lúc sớm nên mình ko phải chờ lâu chỉ 5' là có nui ăn luôn. Dĩa nui bốc khói nghi ngút thơm lừng, lâu lâu còn được xem a đầu bếp trở tài tung hứng lửa bốc phừng lên rất thú vị.Xem thêm",165
1831,Fy Dood,13/4/2016 0:54,8.0,"Phải công nhận gần nhà mình khá nhiều quán ăn ngon,quán này nằm trong những quán đó. Tối đến muốn ăn cơm mà nhà không nấu thì chỉ có nước đi bộ ra đây làm dĩa cơm chiên dương châu không thôi thì cơm bò xào cải với tô canh cải xong về chắc bụng.
Anh chủ quán ở đây cũng là bếp chính rất khéo tay nhé làm đồ ăn rất vừa ý mình nên cứ có dịp là ghé quán thui 😁Xem thêm",165
1832,Na Ng,21/2/2016 0:07,8.8,"Thèm cơm gà sốt nước mắm nên ghé liền quán A Chính. Nói đúng hơn là thèm mùi vị ở đây. Khu vực chế biến cơm ngay ngoài mặt tiền nên mỗi lần đi ngang là khó kiềm lòng. Cơm đùi gà chặt nhỏ sốt nước mắm và hành tây sệt sệt thơm lừng. Ko cần ăn nước chấm vẫn vừa miệng. Nếu muốn đậm đà thù dùng thêm nước chấm pha sẵn của quán càng ngon. Quán mới thay đổi menu nhìn rất rõ ràng và bắt mắt. Nhìn món nào cũng muốn ăn. Giá cả vẫn ko đổi, tiền nào của nấy đáng đồng tiền bát gạo.Xem thêm",165
1833,eatwtea 💋,26/1/2016 2:07,8.8,"Quán làm các món theo phong cách người hoa nên ăn rất ngon và lạ miệng. Hấp dẫn nhất khi bước vào là bếp làm đồ ăn ngay ngoài ai cũng có thể thấy được cách anh chủ quán chiên cơm như nào. Tay nghề điêu luyện khiến cho cơm vàng đều từng hạt và rất thơm. Nhiều lúc bốc lửa to nhìn và ngửi mùi hấp dẫn vô cùng. Giá cả ko rẻ nhưng so với chất lượng thì vẫn rất ok, dao động từ 30-40k/1 phần nhưng cực nhiều cơm và đồ ăn nhé. 

Hôm trước thèm mì gói nên kêu mì xào khô bò cải ăn rất ngon và không ngán. Các món cơm hoặc nui xào lúc lắc cũng ngon và đậm đà. Quán ngày càng đông khách, nhiều lúc phải đợi hơi lâu vì chỉ có 1 bếp nấu.Xem thêm",165
1834,Mr Cat,26/1/2016 1:54,7.8,"Thèm cơm chiên dương châu,nui lúc lắc các kiểu thì mình chỉ đến đây ăn thay vì ra Hai Lang. A đầu bếp tay nghề khá cao nên món nào đậm đà chất lượng món đó. Bạn nào chưa ăn có dịp ghé quán thử nhé 😉Xem thêm",165
1835,Meo Cú,23/6/2020 19:26,5.6,"• Nằm trên mặt tiền đường*** mình đi lòng vòng kiếm đồ ăn sáng nên tấp vô luôn

• Không gian không quá rộng rãi, bên trong nhìn có vẻ hơi hầm

• Mình thử nui và hủ tiếu, hương vị cũng được. Tổng 2 tô và 1 ly nước sâm 85k hơi đắt so với mặt bằng chung.

• Không quay lại.Xem thêm",166
1836,Trường Đ Nguyễn,25/10/2019 12:00,4.2,"Thấy trên foodie review hay quá nên mình cũng ghé ăn thử thì hơi thất vọng , khác xa trên ảnh 
- Để bánh canh hơi ít , đồ ăn cũng vậy . Nhìn sơ sài không muốn ăn :(( nước lèo cũng ok 
> ăn cho biết chứ không quay lại ăn thường xuyên .Xem thêm",166
1837,Anh Duy,17/10/2019 21:38,9.8,"Vẫn là hương vị cũ đã review lâu rồi nhưng mỗi lần ra phải ghé chị ăn . Cô chủ vui vẻ dễ thương chả cá ngon giò heo mềm nước trong ngọt bánh canh dai nhiều hành ngò ngon lắm. Bánh quẩy ăn cùng , chả quế nữa ... có chè.
Mà quán dời về Lê Quý Đôn rồi k còn bên chổ cũ. À mà số mấy Lê Quý Đôn quên mất mới ăn hồi sáng khi đi Vũng Tàu vềXem thêm",166
1838,trinhdang85@yahoo.com,20/7/2019 14:28,9.4,"Bánh canh ngon mà giá cũng ok nè. 30k 1 tô. Chả chiên trong bánh canh ngon nha. Quán không quá to, bàn thấp kiểu đặc trưng địa phương á chứ k phải quán lớn cho khách du lịch. Có bán cả chè chuối rất ngon nha, đúng kiểu chè ngày xưa chuối cứng không bị nhão ra, 10 hay 15k gì đó không chú ý lắm, 1 bịch nhiều cỡ  2 chén con á, mình ăn 1 bịch k hết. Highly recommend nha.Xem thêm",166
1839,Anh Duy,22/2/2019 22:12,10,"Không biết Dì Màng là cô nào nhưng chỉ thấy một cô chủ xinh dễ sợ ngồi bán thôi, đặt foody vẫn được hay ghé ăn nóng ngon. Bao nhiêu lần về Vũng Tàu công tác hay giả chiến đều ghé đây ăn một cái, có khi 2, 3 lần nước dùng trong vắt à, chả cá này nọ ngon, giò nạt hay gân tùy cho j nhưng mình chỉ ăn giò nạt nên thấy ưng ý. Chả quế trong lá chuối vẫn ngon thơm, huyết giòn chứ k bao giờ khô nên review cho bà chủ luôn đắc khách... Mọi người nên ăn thử xem hợp khẩu vị khẩu, chủ yếu là quán sạch sẻ, các gia vị, chanh ớt bâm đều cảm thấy sạch. Nhưng ăn quen cũng chạy huốt hoài hahah...🍌😛😛😛😛😛Xem thêm",166
1840,Anh Duy,8/11/2018 21:13,10,"Quán bao giờ cũng ít khách ngồi tại quán. Nhưng k vì vậy chất lượng kém. Khá ngon là khác, vị ổn, thịt giò gân, chả cá, chả lụa, chả huế kiêu thêm,bánh quẩy thêm
, ra Vũng Tàu là ghé ăn cái à . Nói chung cảm thấy ngon là được giá cả không thành vấn đề...Xem thêm",166
1841,hanh,27/5/2018 12:37,8.0,"Quán có bán bánh canh, nuôi và hủ tiếu. Tô có giò như hình là 35k. Trong tô có huyết,chả lụa , chả cá và 1 cục giò. Ăn ổn, chả cá k phải là quá xuất sắc nhưng vì là bánh canh thập cẩm nên chấp nhận được. Đánh giá chung khá hài lòng so với lần trước ăn ở quán bên Trưng Nhị j đó. Chỗ ngồi rộng hơn k phải chen chúc nữaXem thêm",166
1842,Ngọc Lưu,27/7/2017 21:03,8.2,"Đặt chân đến đất Vũng Tàu cái là chuang mình ghé qua đây ăn sáng luôn. Đúng kiểu mò đúng hàng luôn. Bao ngày bao tháng mới ăn đựoc bát bánh canh ngon như thế này. Đến nơi còn thấy 1 gia đình cũng ở HN đến. Còn bảo năm nào vào đây chơi cũng phải ăn rồi mua đồ ở đây về mới thấy đủ ý chứ 😂
💋 Vị trí: Quán khá dễ tìm nhưng giơ fk còn ở số 120 nữa mà chuyển cửa hàng sang số 99 ở ngay đối diện. 
💋 Món ăn: Chúng mình gọi bánh canh thì 1 bát có giò, thịt, chả cá, tiết và móng nữa. Nguyên liệu nào cũng ngon. Đặc biệt là móng giò được hầm mềm lại ngọt, chả với giò ăn ngon khỏi bàn luôn. Bánh canh vốn là bột lọc nhưng ở đây luộc bánh canh chín tới ăn dai mà vẫn ngon tuyệt. Nước dùng ngòn ngọt, cho thêm ít ớt xào vào là k còn gì để chê luôn. Vị vừa ngọt vừa thanh ăn thích lắm 😍. Ở đây còn có món nước sâm anh chủ quán tự nấu. Uống thơm ngon k chịu được í 😍
💋 Món ăn: K rẻ nhưng cũng k đắt. Được cái phù hợp chất lượng. 1 bát này là 35k nhé 
💋 Không gian: Quán đơn giản. Ngồi ăn thoải mái. 
💋 Anh chủ quán nhiệt tình, vui vẻ.Xem thêm",166
1843,eatwtea 💋,9/9/2016 11:43,7.8,"Từ lúc quán dọn cho chỗ mới bữa nay mới ghé ăn lại. Chỗ mới nằm đối diện với chỗ cũ luôn nên rất tiện, địa chỉ dễ tìm. Không gian thoáng và sạch hơn chỗ cũ, ngồi ăn mát mẻ. Nói chung tốt hơn chỗ cũ nhiều. 

Mình thường kêu 1 tô bánh canh + nui lấy chả cá, thịt nạc và mọc viên giá 30k. Nước lèo vẫn đậm đà. Thích nhất là mọc viên, mềm và ngon. Dọn qua chỗ mới ngoài bánh canh nui và chè chuối, quán có bán thêm bánh bèo trông hấp dẫn lắm luôn. Cũng định ăn xong tô bánh canh sẽ kêu 1 dĩa mà ăn hết tô no quá ăn ko nổi hic nhất định lần sau sẽ thử bánh bèo, nhìn là thèm chắc là ngon lắm.Xem thêm",166
1844,Thị Thành Nguyễn,7/8/2016 18:58,5.6,Lâu rồi ko ghé ăn ở quán. Mình ăn từ lúc còn nhỏ giờ hình như chất lượng đã giảm so với trước nhưng vẫn ăn được. Mình ăn 2 tô thêm 1 quẩy là 55k. Quán bán thêm bánh bèo và 1 số loại chè nữa.Xem thêm,166
1845,phmanh6614,16/12/2017 20:07,8.4,Nước dùng khá. Giá bình dân. Thích hợp nhóm 5-6 ngườiXem thêm,167
1846,Mều Na,20/7/2017 15:16,7.4,"Tính ghé ăn thử phở tái bắp ai dè bể kèo, ăn luôn zú né với lẩu :))
Cũng đơn giản, không cầu kì nhưng khá là ngon luôn. Mỗi tội thịt né thì thịt bò hơi vụn, nhưng zú thì oke lắm luôn nha. 
Để nói cái mình thích ở chỗ này là rau ăn lẩu, cực tươi mới, cực sạch, bắt mắt nhất và khoái nhất là món rau đó nha :)))
Ở đây có 1 cái không ok là wc đó, ăn phở xong đi zìa không cần đi wc thì thôi, đây tụi mình ngồi lâu muốn đi wc mà ai zè mình đi tới cái wc ( bên bụi chuối) giữa cảnh nhập nhoạng, zòm như fim ma thái, nghỉ luôn cho phẻ, khỏi đi luôn á, xách quần nín tè chạy hộc máu mắt về bàn sợ mất công bụi chuối thò ra má nào tóc dài nữa thì Quang tèo :)))))))
Quán kiểu gia đình nên mấy bé con phụ mẹ bưng bê nữa, cute phô mai que lắm :>Xem thêm",167
1847,Mều Na,19/7/2017 10:29,7.2,"Trời mưa nên mình ghé mua về thôi không ngồi lại, cũng trễ tầm 9h tối mà nhìn vào vẫn có nhiều khách lắm nhé. Thêm khách mua về nữa 
Nhìn sơ thì thấy khuôn viên quán cũng khá rộng, thoáng, đi đông không sợ thiếu chỗ 
Vị phở cũng khá ok, 35k 1 phần, chị chủ cũng khá thoải mái, có vẻ quán hợp với khách ăn đêm hơn hay sao đó. 
Chắc bữa sau sẽ ráng ghé lại thử món lẩu bò với tái bắp xem thế nào mới được chứ hôm qua mình quên mua mỗi nạm thôi :))Xem thêm",167
1848,Thảo Phạm,8/11/2016 14:36,6.8,"Kết thúc lễ Halloween cả team của mình đi chơi muộn về đói nhăn răng luôn, gặp trời mưa đêm nữa. Cả đám chỉ nghĩ đến phở Bò ăn cho dễ tiêu lại ngon, nhẹ bụng ăn xong về ngủ khì là đúng bài luôn. Nhận xét thôi:
- Không gian: quán rộng ơi là rộng vừa có phở bò vừa có lẩu bò luôn, phở bò ở đâu siêu nhiều bò, bò nạm ở Phở Kỳ vừa mềm vừa dai ăn đã lắm.
- Nhân viên: đông và cực kì nhiệt tình nhé.
- Món ăn: Phở ngon lắm nha, nhiều thịt bò nữa :)Xem thêm",167
1849,Dung,28/8/2016 9:43,8.4,Mình với mami đi ăn ở đây khá nhiều. Vì mình chỉ thích ăn phở ở đây thôi. Chị chủ dễ thương thân thiện. Thêm mấy nhóc tì chạy theo phụ mẹ nữa. Dễ thương cựcXem thêm,167
1850,eatwtea 💋,24/5/2016 4:07,8.0,"Trời nóng bức nên ăn phở thường xuyên luôn. Buổi tối mình cũng hay ăn muộn nên ăn phở vừa nhẹ bụng vừa dễ tiêu hoá. Thường hay ngồi bàn ngoài trời cho mát, bữa nay lần đầu vào trong khuôn viên ngồi mới thấy không gian ở đây rộng thật. Cũng mát mẻ chứ ko bị hầm, bí. 

Đến đây hay ăn nhất là phở bắp, nếu hết thì ăn tái thôi. Giá 30k 1 tô tuy nhiên vẫn chấp nhận được, tô to bánh phở nhiều thịt cũng được kha khá. Có trà đá free nhưng khăn lạnh thì tính tiền nhé 2k nha.Xem thêm",167
1851,Na Ng,22/5/2016 0:53,8.6,"Tối tối muộn rất hay ăn phở, mỗi lần muốn ăn là nhớ ngay đến quán này. Tô bình thường giá 30k cũng khá bình dân thôi. Chất lượng trước giờ vẫn ko đổi. 

Quán có không gian khá rộng rãi, có 2 gian 1 bên kê bàn ghế cao phục vụ khách ăn phở. Bên kia kê bàn ghế thấp phục vụ khách ăn nhậu lẩu bò. Quán có đủ các loại từ tái, bắp, nạm, gân, gầu, đuôi.... Lâu lâu đổi khẩu vị ăn phở đuôi ngon lắm nha, giá cao hơn tô bình thường chút tầm 45-50k nhưng rất chất lượng. Quán cũng gần nhà mình nên rất hay ghé ăn.Xem thêm",167
1852,An Nhiên,21/4/2016 22:28,8.6,"Do phở Minh Tâm hết sớm nên chuyển qua quán phở này. Quán mở cũng lâu năm rồi, giá cũng bình dân như mấy chỗ khác, 39k/tô. Phở ngon, bánh và thịt nhiều, nước phở đậm đà, quán sạch sẽ. Có cả bán lẩu bò nữa, đúng là mở mặt bằng ra rồi thêm nhiều cái hay ghê. Chắc thèm phở là nghĩ đến đây đầu tiên :3Xem thêm",167
1853,eatwtea 💋,21/4/2016 16:51,8.2,"Bữa trước đi hát karaoke với mấy đứa bạn về xong lại đói bụng. Về nhà cũng ko có gì ăn nên tấp đại vào quán Phở Kỳ trên đường về luôn.

Kêu phở tái ít bánh thêm rau vào ăn là vừa, nhiều bánh lại sợ no quá và sợ mập nữa hihi. Trời cũng nóng nên mình ngồi luôn bàn sát lề ngay trước quán. Khay nêm nếm đủ loại. Có trà đá miễn phí và khăn lạnh. Lúc mình đến ăn tầm 12h nhưng quán vẫn có khách đều đều, đã khá trễ nhưng vị phở vừa ăn, nước lèo ko bị mặn. Hình như đã lên giá 30k 1 tô bình thường.Xem thêm",167
1854,Pa Nee,11/4/2016 21:41,8.2,"Ngày nào cũng chạy ngang đường này nên cũng biết đến quán phở này. Đa số lúc nào cũng thấy có khách, ngoài bán phở quán còn có bán lẩu bò nữa. Trước đây từ 1 quán phở vỉa hè mà giờ đã mở mặt bằng rộng lớn. Phở bò ăn được, nấu đậm đà, tô cũng nhiều. Ăn 1 tô phở tái bình thường thì 27k, tối đến mình hay kêu tô soup bò tái thôi ăn cho dễ tiêu, chứ ăn phở thì no lắm. Tô soup cũng giá 27k nhưng thịt bò nhiều hơn, ăn xong húp trái trứng gà nữa là tuyệt. Quán phục vụ nhanh, không gian thoáng mát phù hợp ăn gia đình hay tụ tập bạn bè cũng ok nha.Xem thêm",167
1855,Trúc Linh Trần,23/4/2021 21:08,3.0,"Mình ăn bé bự từ năm đầu mới mở quán tới giờ, lúc nào cũng ngon rẻ hết. Nhưng dạo gần đây quán làm ăn sao đấy, vừa mặn, vừa ngọt nhất là bẩn, không thể chịu nổi, ly trà đá mình mua thà là 1,2 con kiến thì ko nói gì, đây là cả bầy, nhìn muốn nôn, mình thêm canh rong biển thì lạt nhách như là chỉ bỏ rong biển với đậu hủ thôi vậy, mình mua mì hàn quốc nhìn cái ly trà đá mà chỉ cầu mong đừng dính gì vào trong hết, nhưng rớt cọng tóc vô làm mình thực sự mới vơ 2 đữa bỏ nguyên tô. Chán thật sựXem thêm",168
1856,Khanh Phạm,13/3/2019 19:54,7.2,"Vì lâu lâu mới đi vt nên kêu mấy món ăn hà hơi luôn. Ngon như mấy bạn review, fục vụ thì...^^ thôi giá sv ko đòi hỏi j, miễn ăn vừa miệng thôi. ^^ quán bán Cn thì nghỉ nhé. Sáng từ 8h_12h, chiều 15h_21h. Giá thì sv rồi, mà ăn no dễ sợ, 30k đến 45k. Quên chụp cái menu lại r. Haha menu hơi bất bth tí )). Quán trong hẻm dễ tìm. Sạch sẽ thoáng, yên tĩnh. Gần bên co cái hostel nữa cho bạn nào cần.Xem thêm",168
1857,Kate Ng,1/9/2018 19:03,5.6,"Đồ ăn ở đây ngon lắm nè, đa số món nào ăn cũng vừa miệng, mình nghĩ ai ăn lần đầu cũng sẽ thốt lên ""Úi ngon thế"" vì vị ở đây có một nét gì đó rất riêng hehe. Điểm trừ của quán là nhân viên hơi khó gần thì phải í, mình đi ăn ở đây rất nhiều lần nhưng đa số lần nào mấy chị mặt rất lạnh lùng, rất ít cười, nên mình nghĩ quán cũng cần khắc phục điểm này. Nhưng mà ksao đồ ăn ngon vừa miệng là tốt lắm r nè 😋Xem thêm",168
1858,Ng T Linh,11/6/2018 21:42,8.0,"Món nào ở đây cũng đều rất ngon, ăn từ cấp 3 đến đại học rồi :* Cấp 3 bọn mình họp lớp hay ra đây ăn.
Giá rẻ, đồ ăn ngon, phục vụ tận tình, nhưng nếu đi trễ tầm 7h30 là sẽ hết 1 số món đấyXem thêm",168
1859,Phương Đinh,5/5/2018 22:21,5.0,"Mình hay ăn ở đây . Món ăn khá là ngon , mình hay ăn mì ý sốt bò nước sốt ở đây làm ngon, đôi lúc mình ăn sốt hơi mặn , nhưng bth sốt rất ngon, cơm vừa ăn.  Nc tuyệtXem thêm",168
1860,QL,12/1/2018 0:31,7.0,"🍒Tok ở đây ăn ổn. 
Quán bán nhiều món đồ ăn vặt có cả sushi kimbap các kiểu nữa 
Tok ko cay lắm với mình, nếu cay hơn chắc ngon hơn 

Giá bình dân, chỗ ngồi trong hẻm mát mẻ 
🍒Chiều chiều ghé ăn vặt là đúng bài luônXem thêm",168
1861,Miihaa,17/12/2017 15:49,8.0,"Hôm qua có qua lại quán ăn sau 1 thời gian khá lâu. Quán vẫn đông như xưa. Nay có mở rộng thêm bên trong rồi. Mà mình đến tối cỡ 8h hơn thì đã có nhiều món bán hết. Mình gọi phần sushi chiên, mì Ý heo lúc lắc và trà tắc. Sushi chiên ngon, cơm dẻo nhưng mà vị thì chưa đậm cho lắm.  Trước đây mình từng ăn mì Ý ở đây và cực thích vì quán có bỏ thêm phô mai hay sốt gì ăn ngon cực. Mà giờ quay lại không thấy quán bỏ vào nữa. Làm hơi hụt hẫng xíu. Trà tắc đậm vị. Có điều quán ở trong hẻm, hình như cũng gỡ cái bảng hiệu chỉ đường ở ngoài rồi nên suýt không kiếm ra. Quán nghỉ ngày chủ nhật. Bữa chủ nhật mình tới mà quán nghỉ nên mới biết.Xem thêm",168
1862,Cong Tien Tran,20/11/2017 19:36,9.6,"Lần thứ 2 ăn ở đây. Tệ hơn lần đầu 1 tí. Cơm cuộn thanh cua không ngon mấy, thnh cua tanh và bở, cơm rời rạc, cuốn chưa chắc tay. Trứng cuộn xúc xích rạm ổn, xúc xích dở. Trà tắc hơi đậm.
Bù lại, món cơm trùm mền heo lúc lắc và mỳ ý bò bằm ăn rất ngon. Cơm và mỳ nấu vừa ăn, nhiều nước sốt, rau củ và thịt lắm. Nước sốt tương đỏ cay cay, ngon ngon; còn sốt tương đen mặn mặn thơm thơm ăn lạ miệng. Ăn 2 đứa bao nhiêu ấy mà hết có 102k thôi. Hôm nay 20/11 nên quán khá đông, nhiều món cơm cuộn thập cẩm và teobokki hết sớm.Xem thêm",168
1863,Cong Tien Tran,14/11/2017 12:22,9.6,"Quán này nhỏ thôi nhưng đồ ăn ngon lắm. Mấy món cơm cuộn như cua, bò hay thập cẩm ngon hết chỗ chê. Cơm cuốn chặt tay, lượng cơm vừa phải nên khi ăn sẽ thấy chắc bụng mà không ngán. Món mì tương đen ở đây vừa ăn, thơm mùi tương đen, bên trong có nhiều thịt cực. Teobokki ở đây luộc hơi nhão nhưng nước sốt cay và ngon. Chỉ có món cơm rang bò trùm mền ăn khá nhạt nhẽo, không ngon cho lắm. Nhưng ăn kèm mấy món khác thì cũng vừa miệng. Thức uống chủ yếu ở đây là trà Cozy. Nếu bạn gọi không hoặc ít đá thì trà uống thơm và ngọt vừa phải. Còn nếu gọi full đá thì trà loãng, không ngon. Giá cả hợp túi tiền. Không gian giản dị, sạch sẽ mà có menu hơi dơ tí thôi.Xem thêm",168
1864,Thành Nam Otaku,21/12/2016 19:00,7.6,Quán buổi tối đông dễ sợ nên chờ hơi lâu . Quán ngon mà rẻ thích hợp mua mang về. Mà lỡ ăn hêt phần thập cẩm trước khi chụp nên không có hình ^^Xem thêm,168
1865,Duong Nguyen,23/1/2021 23:42,3.0,Mình được bạn bè giới thiệu qua quán. Khi order đã lấy 2 ly Signature của quán. Nhưng trong lúc chờ có thấy nhân viên pha chế thử nước uống để kiểm độ ngọt. Topping ko đúng như mô tả. Thực sự quá tệXem thêm,169
1866,Thảo Nguyễn,22/8/2020 12:20,8.0,Mình thích Tocotoco nên xuống VT chơi cũng order uống. Nhưng phải nói rằng chất lượng của Trà sữa trân châu hoàng gia ở đây kém xa so với chất lượng món này ở trên Sài Gòn. Cùng thương hiệu nhưng có lẽ ở đây sử dụng nguyên liệu khác chứ ko sử dụng nguyên liệu những quán cùng chuỗi.Xem thêm,169
1867,eatwtea 💋,15/5/2020 16:20,7.0,"Bữa trước thấy Tocotoco có giảm giá 20% nên mình order uống thử. Nhìn menu muốn hoa cả mắt nên chọn loại cơ bản nhất là Trà sữa Tocotoco (46k) sau giảm giá còn 36k. 

Order qua now ship rất nhanh luôn. Mình ko chỉnh đường đá nhưng uống cũng khá vừa miệng. Vị trà sữa dạng truyền thống nên cũng dễ uống. Ly trà sữa đã có sẵn trân châu hoàng kim, thạch và 1 ít đậu đỏ uống cũng khá vui miệng và thú vị.Xem thêm",169
1868,Vân Phạm,24/11/2019 21:58,2.6,"Lần đầu tiên mua trà sữa mang trà sữa về mà bị ""nước tràn bờ đê"" thế này. Trà sữa còn thấm cả vào 2 cái ống hút còn đai nguyên kiện. Ở Sài Gòn mình uống cả trăm lần mà chưa gặp cảnh này bao giờ. Cái vị trà sữa Panda dở tệ, topping không cứu nổi. Dâu tằm thì uống tạm được.
Quán nên dùng nguyên liệu và sản phẩm đóng gói chất lượng tốt hơn.Xem thêm",169
1869,Yên Vi Mộc,30/5/2019 13:31,3.6,"- Nữ nhân viên nhận order rất bất lịch sự
- Chất lượng đồ uống không xứng đáng với giá tiền
- Nhạc background rất toxic (trải nghiệm cá nhân thôi, không phải chê trách gì quán ở đây)

Điểm cộng: rộng, vắng, mát, khá thích hợp học nhómXem thêm",169
1870,Khang Trg,27/5/2019 14:20,4.6,Một ly trà sữa mắc tiền như vầy thật đáng thất vọng. Đây là ly sữa 30% đá...Xem thêm,169
1871,Thuỳ Linh,18/3/2019 20:49,1.0,"Mình rất hay uống trà sữa nhưng đây là lần đầu tiên mình phải lên đây ngồi góp ý thế này.
Ly mình uống là Olong kem phô mai size M. K có gì bàn cãi cho đến khi thanh toán là 59k (à có thêm phần topping). Đúng là hoảng loạn, trà sữa thì mắc, uống thì chẳng có vị gì hấp dẫn, đã vậy topping chut xíu mà 9k. Đáng nói hơn là đứng đợi quán làm chắc cũng phải 15p (tình trạng lúc đó quán đang rất vắng) và khi nhận ly, anh bạn đưa mình ly nắp bung cả ra, làm cho kem cheese dính tùm lum ra ngoài bịch.
Lần đầu mình uống ở Đà Nẵng thì ngon tuyệt vời, lần 2 mình uống ở vt thì thế này đây, 0 điểm cho 1 ly trà sữa thương hiệu. Chưa kể uống xong k biết tí có bị đau bụng k nữa.
Nếu 59k mà mình nhận lại bằng tất cả sự chỉnh chu về hình thức và khâu chờ đợi thì mình sẽ k bàn đến chất lượng nữa. Nhưng đằng này, chẳng được gì về cả 2 . Lần đầu uống ở VT và chắc chắn sẽ k có lần thứ 2 trong đời. Bye !Xem thêm",169
1872,duongloan1567,6/1/2019 10:47,4.4,Mình thích Tocotoco nên xuống VT chơi cũng order uống. Nhưng phải nói rằng chất lượng của Trà sữa trân châu hoàng gia ở đây kém xa so với chất lượng món này ở trên Sài Gòn. Cùng thương hiệu nhưng có lẽ ở đây sử dụng nguyên liệu khác chứ ko sử dụng nguyên liệu những quán cùng chuỗi.Xem thêm,169
1873,cfygggff,11/12/2018 20:54,2.6,Trà sữa nhạt dù đã order 100% đườngXem thêm,169
1874,Mikk Mikk,14/11/2018 17:43,7.4,Đã kinh qua nhìu trà sữa kem cheese nhưng phải nói chỗ này khá là ngon đúng ý mình tới thời điểm hiện tại..độ ngọt vừa phải rất thơm vị trà và kem cheese beo béo khó mà chê đc..giờ ghiền quá là ghiền lun má uiiii😚😚😚Xem thêm,169
1875,Mỹ Thanh Nguyễn,16/2/2019 20:01,6.8,"Mình được người bản xứ giới thiệu chỗ này. Bánh mì làm giống kiểu bánh mì nướng của Sài Gòn nhưng vị phong phú hơn.
Bánh mì nướng trét pate xòn rưới bơ với chà bông lên ngon vô cùng. Ngoài bánh mì pate còn bánh mì vị bơ tỏi phô mai.
Mình có ăn thêm sữa chua lá nếp hay còn gọi sữa chua la lết.... Vị sữa chua không quá ngọt có topping ăn kèm là trân châu có trộn sợi dừa là rau câu màu xanh lá. Thích hợp cho bạn gái ăn ít ngọt nha.Xem thêm",170
1876,Xuân Mai,16/10/2018 19:01,9.2,Ngon thật sự.Xem thêm,170
1877,Tiểu Mi,30/8/2018 13:41,10,"Lần nào đi Vũng Tàu cũng phải ghé quán ăn #BÁNHMÌNƯỚNG và #SỮACHUALÁNẾP 😍 Vì bánh mì nướng ở quán vị rất ngon và lạ, bánh mì thì giòn giòn, kết hợp với những nguyên liệu khác nhau tạo nên vị đặc trưng riêng của quán, còn sữa chua lá nếp là món siêu phẩm của quán - mùi lá nếp thơm, trân châu vừng thì dai dai, xựt xựt ăn vào rất thú vị. Một lần ăn phải 2 mẹt, 2 ly sữa chua là ít nhất. Mọi người ở quán đều vui tính và nhiệt tình nên rất thích. Cảm thấy bị ghiền, ghiền thật sự ❤Xem thêm",170
1878,Trantrung Kien,29/8/2018 21:58,9.2,"Mọi nguyên liệu đều do nhà làm, làm bằng tâm huyết thì mới có chiếc bánh mì như vậy 
mỗi ngày 1 mẹt mà chưa ngán nữa, chờ ngày đó chắc còn xa lém :))Xem thêm",170
1879,Ngo Hieu,29/8/2018 21:52,9.2,"Giá thì học sinh, sinh viên. Nhưng chất lượng chắc bằng nhà hàng. Nói không quá đâu, mình thấy ở đây rất vệ sinh, chủ quán lại vui tính, nhiệt tình với khách. 😁Xem thêm",170
1880,Ngochuongtran95,29/8/2018 16:47,10,"Nghiện #Bami_Nướng, mình đã ăn ở rất nhiều nơi. Đây là nơi bán Bánh mì nướng ngon nhất trước giờ mình đc ăn 👍🏻
Hương lá nếp thơm thơm, man mát, trân châu giòn giòn - dai dai, hương vị của sữa chua, ngọt ngọt và cốt dừa béo ngậy hoà quyện với nhau tạo ra Signature của quán ❤️
Trà Sữa Đào cũng ngon nốt 👍🏻
Giá nhìn chung quá rẻ, quán sạch sẽ, dùng nguyên liệu chuẩn xịn 👍🏻Xem thêm",170
1881,Ng T Linh,23/8/2018 13:23,6.6,"Vị bình thường 😣 😣 😣 mình gọi thử 1 cái vị pate 11k ăn thử rồi gọi mấy cái khác sau. Ăn thử xong chán chả muônd gọi thêm luôn. Bánh mì giòn, nướng lên thơm lừng. Rải tí hành mỡ (mà ăn ko biết là có hành mỡ luôn), rắc tí chà bông, trét pate lên, rồi xịt sốt, 1 quả trứng cút cắt làm đôi. Chỉ thế thôi mà 11k 😣 😑 😑 như bánh mì trét pate lên mà pate cũng ít nữa. Gỡ gạc lại sữa chua lá nếp ngon, vị thạch với trân châu ngon như ngoài Hà Nội. 

Có thể quay lại với sữa chua thôi chứ bánh mì thì ... xin lỗi.Xem thêm",170
1882,Vy,17/5/2018 18:28,7.0,"Tới quán chỉ có cái quầy be bé và vài ba bộ bàn ghế con con thôi nhưng nhìn cũng cưng lắm. Bày cái mẹt kế cái bếp nướng đơn giản. Bánh mì nướng hơi lâu chút, bánh chưa có độ giòn như mình mong muốn, topping cũng không quá nhiều, mình kêu 3 loại khác nhau nhưng lúc đem ra ngoài hình thức thì mình không phân biệt nổi vị nó khác gì nhau luôn. Tuy nhiên có món sữa chua lá nếp ngon, không bị ngọt, có rau câu với bột lọc thơm nhai vui miệng.Xem thêm",170
1883,tienduong,15/4/2018 15:47,8.6,"Ngon bổ rẻ, mở cửa đúng 15h00 rất chiều kháchXem thêm",170
1884,Đỗ Đỗ,2/3/2018 18:22,8.0,Ngon tuyệt vời luôn bà con )))Xem thêm,170
1885,Nam,23/4/2021 19:03,3.8,"Hủ tiếu bò kho thịt còn khá dai , ăn cảm giác như thịt heo.Xem thêm",171
1886,Hoàng Dũng Lê,2/5/2017 17:42,4.6,"Quán này bán dơ bẩn , chó , gà rụng lông tùm lum . Ăn cũng bình thường , thịt bò hình như có vấn đề thấy rất đỏ kiểu tẩm màu .Xem thêm",171
1887,Thảo Phạm,16/1/2017 19:51,7.0,"Đói đói cồn cào mà thèm thịt bò nên lúc đầu tính sẽ xơi một tô hủ tiếu bò kho chính hiệu tại quán cho đã, mà lúc tới thì đứa ăn bánh mỳ bò kho, đứa còn lại ăn phở bò. Nói chung ngon lắm, phần miêu tả chi tiết ở phía dưới vui lòng đọc thêm:
- Không gian: quán vỉa hè sạch sẽ, thoáng mát.
- Món ăn: Bò kho bánh mì của mình ăn ngon dễ sợ luôn, thịt bò hầm mềm vừa dai vừa ngọt từng sợi, nước bò kho sánh đặc vừa béo vừa ngọt thanh thơm nồng mùi tiêu hạt hoà quyện cùng lá ngò gai. Bánh mì quán bán loại nhỏ thôi mà đặc ruột lớp vừng trên bề mặt thơm phức. Toẹt vờiXem thêm",171
1888,Fy Dood,28/8/2016 19:39,8.0,"Dạo này đang là tín đồ của quán này nha,những ngày trong tuần mà tối rảnh sớm chưa ăn gì là mình hay ghé đến quán ủng hộ. Theo ý kiến riêng của mình thì cả hai món mình ăn ở đây món nào cũng ngon nằm trong top vũng tàu nha. Bò kho thì đậm đà nhiều thịt bò,phở thì nước rất thơm nhiều bò mà bò cũng thơm nữa. Hai món mình cứ thay phiên ăn mà đến giờ vẫn không thấy ngán là gì. Chế nào muốn thử thì chạy xuống đây,quán nằm ngay góc bùng binh nha,tại xung quanh cũng có nhiều quán không chừng lại vào nhầm 😁Xem thêm",171
1889,Mr Cat,27/8/2016 0:52,7.6,"Chương trình kì này là Phỏ Bờ nha mấy chế. Trước kia đến đây thì hay ăn bò kho thui nhưng vào một ngày trời không được đẹp con gấu của em kêu phở ăn,em nếm thử một miếng thế là dính kèo tới giờ luôn :))
Nước lèo phở ở đây nấu rất thơm nhé,thịt bò đàng hoàng chứ không pha thịt heo như em ăn ở một số quán chuẩn bị bị đưa lên sóng :)) theo em thì cũng nằm trong top phở ở vũng tàu nha,ý kiến riêng thui còn chế nào tò mò thì lết tới quán test cái cho biết 🤗Xem thêm",171
1890,Fy Dood,27/7/2016 1:36,7.8,"Chỗ này bán nổi tiếng nhất là món hủ tiếu bò kho, ngoài ra có bán thêm phở bò, phở gà và hủ tiếu giò heo nữa. Tuy bán nhiều món cùng lúc nhưng nước lèo loại nào ra loại đó rất chất lượng, có hương vị riêng của quán. Quán chủ yếu bán từ chiều đến tối khuya, khách đến đây ăn đa phần hay ăn hủ tiếu bò kho là nhiều nhất. Lâu lâu mình thường đổi khẩu vị sang ăn phở bò tái. Phở rất ngon, rất chất lượng, thịt bò mềm. Tô phở rất to và nhiều bánh. Điểm cộng cho quán là phục vụ đồ ăn nhanh và rau rất xanh, sạch nhìn là muốn ăn liền.Xem thêm",171
1891,Na Ng,23/7/2016 0:28,8.2,"Vô tình được đứa bạn giới thiệu quán này bán phở ngon nên mình thử liền. Tuy phở ko phải món gì lạ lẫm, ở Vũng Tàu cũng vô vàn quán bán nhưng mình ăn vậy thôi chứ chưa thật sự thích quán nào. Cho đến khi ăn ở đây thì mình ghiền lun ý. Nước lèo rất thơm, độ béo vừa phải. Đặc biệt thịt ở đâu ăn đúng là thịt bò, ko bị trộn thịt heo vào nên ăn thịt rất mềm và thơm. Lúc nào ăn phở mình cũng gọi kèm chén trứng gà húp cho ấm bụng. Tô phở bự giá chỉ 30k + chén trứng 5k chất lượng vượt cả sự mong đợi.Xem thêm",171
1892,Pa Nee,24/6/2016 2:28,8.2,"Hôm nay Vũng Tàu mưa to, trời khá lạnh, đi làm về cũng khá trễ nên tấp đại vào quán này ăn luôn. Mình kêu 1 tô phở bò và bạn mình kêu hủ tiếu bò kho. Tô phở nhìn bình thường, nước lèo hơi nhạt nhưng nêm nếm tương vào là vừa. Tô này hình như 30k nhưng tô to và thịt bò cũng được kha khá. Ăn xong mua thêm 1 cái bánh bao và kêu thêm 2 ly trà đá tính tiền hết 75k mà no căng. Quán nằm vị thế hơi khuất nên đi ngang ko để ý thì khó xác định.Xem thêm",171
1893,eatwtea 💋,6/6/2016 1:30,8.0,"Tối đến đi làm về bà chị than thèm hủ tiếu bò kho nên mình dẫn ngay đến quán này. Riêng mình kêu ngay 1 tô phở bò tái ít bánh. Tối đến ăn phở là dễ tiêu nhất. Ở đây tô bình thường là 30k. Tô phở mình kêu ít bánh nhưng thịt bò rất nhiều luôn, ăn hoài ko thấy hết, ăn hết phở mà vẫn chưa hết thịt nữa. Ở đây nêm nếm nước phở đậm đà lắm, nhìn rổ rau xanh, sạch mà muốn ăn cả rổ. Quán đa số các cô, các bà lớn tuổi phục vụ dạng gia đình nên rất nhiệt tình và vui vẻ nhé.Xem thêm",171
1894,Thịnh Thịnh,19/5/2016 21:54,6.2,"Sáng nào cũng hay ghé ăn vì chủ quán nấu ăn rất ngon. Quán khá đông khách vào buổi sáng , hương vị của tô bò kho rất đậm đà. Nêm nếm vừa ăn. Thái độ của nhân viên cũng rất nhiệt tình và vui tính. Thường thì tô mình ăn giá 25k. Rất phù hợp để với 1 tô bò kho mà giá thành phải chăng. Do quán nằm ngay mặt tiền nên cũng thuận tiện cho buôn bán. Ngoài hủ tiếu bò kho quán cũng có bán thêm bánh mì bò kho và có nhiều loại nước uống để phục vụ mọi người. Chắc chắn mình sẽ ghé lại lần nửa.hiXem thêm",171
1895,Hằng Nguyễn,21/1/2020 12:09,8.4,"🌟 Quán có không gian nhỏ,  ngồi bàn ghế nhựa ngoài trời là chủ yếu. 
🌟 Menu quán có các món ốc giá 40k-
60k-70k-80k... Các món lẩu 150k, rau muống xào tỏi 30k... 
🌟 Giá hơi cao tí nhưng các món xào, nướng gia vị nêm vừa ăn. Món mì xào rau muống và ốc giác ăn khá ngon,  chắc tại lúc đó đang đói bụng,  nên dĩa hai người ăn hết sạch. Món ốc móng tay thịt ốc cũng to và sốt ăn cũng ngon nữa. 
🌟 Quán cũng hơi đông,  đợi mấy món nướng đồ hơi lâu xíu. Nhân viên phục vụ nhanh nhẹn.Xem thêm",172
1896,Ng T Linh,17/6/2018 12:58,6.6,"Quán nhỏ, chủ yếu ngồi lề đường. 
Ốc ngon, gia vị vừa ăn. Các đồ ăn khác như mì, cơm ... vẫn ngon. 
Giá bình thường.Xem thêm",172
1897,QL,21/5/2018 1:24,7.0,"🍒Hồi xưa có tuần ăn ốc Thuý 2-3 lần
Bây giờ Thuý vẫn đông nên ốc hết sớm. Mấy lần 9 rưỡi mình ra đã kêu hết ốc rồi
Ở đây chủ yếu là đi ăn chứ ko nhậu lê la nên ko xô bồ
🍒Gia vị nêm nếm vừa ănXem thêm",172
1898,Xuân Mai,8/5/2018 22:55,3.8,"Ngày xưa bán ngon rẻ bao nhiêu, giờ vừa đắt vừa dở mà phục vụ thì chảnh fải biết. 
Lúc mình gọi món hỏi ốc móng tay tròn hay dẹp mà lườm xong mới khó chịu trả lời. Lúc ăn nghêu hấp thái bạn mình bảo ""Chua quá, chắc thiếu đường"" thế là lại bị lườm từ đó đến lúc tính tiền _Xem thêm",172
1899,QL,8/4/2018 21:59,7.0,"🍒Ốc Thuý nằm đối diện xéo xéo trường Duy Tân
Quán ko to lắm. Chủ yếu ngồi của hè nên đèn đóm hơi tối nhưng quán khá đông
Quán ko bán khuya tới 9 rưỡi 10h là chuẩn bị hết đồ rồi nên phải đi sớm mới ăn được nhiều
🍒Quán nêm nếm khá đậm đà nha
Mình hay ăn mấy món chem chép móng tay xào rau muống, ốc mỡ me, càng ghẹ, gỏi xoài ốc giác...
Giá cả cũng tầm 40-60kXem thêm",172
1900,Ngọc Ánh,6/7/2017 16:18,5.0,"Bạn mình khen quán này lắm nên 2 đứa đi ăn thử. Bạn mình nói chất lượng giảm rồi, k còn như hồi xưa nữa
Tụi mình ăn 4 món, còn mì nữa mà ra lâu quá nên mình k có chụp
Quán ra món khá lâu, sò lông và ốc móng tay ngon, còn mực sữa thì nhỏ quá nên chiên thành hơi cứng. 
Giá cũng khá caoXem thêm",172
1901,Thịnh Thịnh,20/8/2016 9:57,7.8,"Do sở thích hay ăn ốc nên những quán nào mà có chế biến ốc thì mình hay ghé ăn thử , Trong đó mình cảm nhận thấy quán Ốc Thúy là khá ngon, với nhiều loại món ốc tùy theo sở thích của mình mà lựa chọn, do thường xuyên ăn ở đây nên hầu hết các món ăn ở đây mình đều thưởng thức qua, nhìn chung giá thành ở đây khá rẽ phù hợp với mọi người, vào buổi tối mọi người ghé ăn khá đông, phải kê bàn thêm ra vỉa hè để mới có thể phục vụ đủ hết cho mọi người, chị chủ quán nhiệt tình vui vẽ niềm nở với khách hàng , quán khá sạch sẽ,,,Xem thêm",172
1902,William Võ,16/8/2016 22:47,8.0,"Nằm trên đường lê lợi Quán ốc Thúy tuy diện tích quán khá hẹp nhưng mọi người vào đây ăn rất đông, thường thì mình hay ghé vào ăn buổi tối, do quán có không gian nhỏ nên thường hay kê bàn thêm trên vỉa hè, nhìn vào rất bình dân, ốc ở đây có rất nhiều loại nào là ốc mỡ rang me, sò huyết nướng mở hành, ốc giác, cánh gà chiên nước mắm.. và còn rất nhiều món ăn hấp dẫn khác, giá thành ở đây không cao lắm bình quân mỗi đĩa tầm 30k đến 50k, mình thường hay ghé để thưởng thức sau 1 tuần làm việc căng thẳng, do thích ăn ốc nên mình nghỉ đây là 1 trong những quán ốc ngon nhất mà mình đã từng ăn, hihihiXem thêm",172
1903,William Võ,24/6/2016 21:25,7.2,"Vẫn là ốc thúy địa điểm mình hay chon khi mỗi lần đi ăn ốc với bạn bè hay người thân trong gia đinh. Quán nằm trên đường lê lợi con đương ngay trung tâm thành phố vũng tàu, lượng khách ra vào quán rất đông, đặt biệt vào buổi tối nếu đến khoảng 7h có thể sẽ không còn chỗ ngồi, quán đông khách bởi vì ngoài việc làm món ăn ngon thì giá thành ở đây cũng rất hợp lý, đa phần trong tầm giá từ 30k đến 60k, đặt biệt có rất nhiều loại ốc cho mình lựa chọn, mình thích ăn nhất là ốc giác làm gỏi xoài ăn cực ngon, ngoài ra còn có món ốc mỡ rang me ăn rất ngon.Xem thêm",172
1904,William Võ,16/5/2016 19:59,8.0,"Đã ăn ở đây nhiều lần nhưng hôm nay mới có cảm nhận về quán hi . quán khá đông khách . Đặt biệt nếu đi vào tầm 7 8h tối sẽ hết bàn ngồi vì ở đây bán đồ ăn rất ngon nhưng giá thành phải chăng. Nhìn chung trên mặt bằng vũng tàu thì ốc Thúy khá là có tiếng , có tiếng vì giả rẽ mà ngon . Giá mỗi món tầm từ 30 đến 50k . Đặt biệt là ốc giác thì mình hay ăn là 60k 1 dĩa nhưng ăn rất ngon. với mình 1 dĩa là chưa đủ chắc là do mình ăn khỏe hi. nhân viên ở đây cung nhiệt tình và nhanh nhẹn. đợi vài phút là có ăn ngay hi .Xem thêm",172
1905,Tom Ngo,7/1/2020 18:44,1.0,"Từ khi mở rộng thì quán giảm hẳn chất lượng, rau ít hơn, thịt cũng giảm, rau cũng bớt. Chai nước mắm ko có khách phải xin. Chưa hết, ngồi ăn mà hết người này kéo đến hát rồi người khác tới diễn sơn đông mãi võ tra tấn lỗ tai và thần kinh khách hàng. Mình ngồi ăn mà thấy nhức đầu ko chịu nổi, cảm giác bữa ăn nhục nhã vô cùng. Ăn 1 nồi lẩu thay bình ga 3 lần. 
Thề ko bao giờ quay lại!Xem thêm",173
1906,anh2302,30/9/2018 14:48,9.0,"Ngon nước dùng vừa ăn trời lạnh ăn là hết ý nói chung là không có chỗ nào để chê quán có 2 chi nhánh 1 chi nhánh ở lê lai khá lâu năm, 1 chi nhánh ở lê hồng phong mở cũng đc 1 năm rồi nếu ai muốn không gian rộng thì có thế đến lê hồng phong quán sạch rông thoáng mát😍😍Xem thêm",173
1907,QL,21/11/2017 2:17,6.8,"Lẩu bò ở đây nấu theo kiểu nước trong nên mình ko thích lắm vì nước nó ko được đậm đà
Đồ ăn theo lẩu bình thường luôn, nếu muốn ngon thì phải kêu thêm dĩa bắp bò nhúng

Giá ko rẻ nhưng quán bán lâu năm nên vẫn đông kháchXem thêm",173
1908,Trần Anh Xuân,22/9/2017 18:04,8.0,"Tối đói bụng không biết ăn gì nên đồng nghiệp rủ đi ăn lẩu thấy cũng khá ngon nha. Mình gọi nồi lẩu lớn bưng ra hết hồn vì siêu to, nước lèo đậm đà, thịt bò nhiều lắm, thịt mềm như tan trong miệng luôn. 
Ngoài ra có bò nướng nữa, cũng khá ok mình thích nước chấm vừa miệng
Không gian quán rộng rãi, mát mẻ, phục vụ nhanhXem thêm",173
1909,Thảo Phạm,18/9/2017 20:45,6.6,"Trời mưa nên nhóm mình đi ăn lẩu bò gọi thật nhiều rau để nhúng ăn chấm chao xì xà xì xụp max ngon nhé. Tưởng tượng đến đó thôi là chảy nướng miếng rồi và có hơi buồn xíu về rổ rau hơi nhỏ tí nhóm mình gọi tận 3 rổ mới thấm đã ấy. Nhận xét thôi:
-Không gian: quán rộng lắm nhé, nhiều bàn và cũng nhiều khách nên phục vụ có hơi trễ tí và vệ sinh hơi kém
- Món ăn: Nước lẩu hơi nhạt kiểu nước luộc bò ấy chứ không phải nước hầm bò nên thật sự chỉ để nhúng rau thôi
- Nhân viên: Nhiệt tìnhXem thêm",173
1910,Mều Na,15/7/2017 23:23,7.0,"Ghé quán chiều mưa khách cũng lai rai
Bọn mình đi 4 đứa gọi cũng kha khá nhưng so ra giá cũng ok đó
Không thích cái nước lẩu cho hơi nhiều nước béo
Ở đây có món bánh đa không biết nhập hàng từ đâu mà ăn ngon lắm nha
Bắp bò hơi không được như mình nghĩ nên hơi thiếu tròn vị, các món xách nạm gân óc đều ok.
Rau có hơi không tươi, quán nhỏ, nóng, cũ, nhìn hơi thiếu sạch sẽ chút, nhưng bù qua chất lượng thì cũng ok
Nhờ ghé đây giờ mình mới biết tiger bạc cũng đã có lon á ))Xem thêm",173
1911,Ngọc Ngọc's,16/5/2017 20:23,6.6,"Mình là dân Vũng Tàu. Cũng thương hay ăn lẩu ở đây. Lẩu ngon, nước dùng đậm đà, hợp khẩu vị. Quán khá đông nên lúc nào đến cũng phải chờ hơi lâu. Rau rửa chưa được sạch. Quán đã lâu năm nên cũ và hơi dơ. Nhưng lẩu vãn rất tuyệt 👌👌👌👌Xem thêm",173
1912,Winnie Nguyễn,31/3/2017 18:05,8.0,"Thèm ăn lẩu bò nên lên Foody thấy quán này được nhiều bạn review ngon nên mình có ghé thử nà. 
Công nhận ngon thiệt nha, Nước lẩu đậm đà lắm, thịt nhìu ơi là nhìu luôn, bò mềm. Rau ăn kèm cũng đã nữa, nhìn tươi rói hà. 
Quán cũng rộng rãi, nhân viên nhiệt tình lắm nà. Gọi thêm bún chừng xí là có liền nha. Ngoài ra quán có bán nhiều món nướng ăn cũng ok lắm.
Giá cả cũng hợp lý, chắc chắn sẽ quay lạiXem thêm",173
1913,Vân Thế,29/12/2016 21:28,8.4,"Lẩu ở đây ngon, trước giờ vẫn thế nhưng hình như đợt này không có khoai, huyết dai không ngon, nước lèo ngọt, thơm lừng. Vì khách đông nên phục vụ khá lâu, nếu khách thấy lâu quá tốt nhất nên tự phục vụ thì hay hơn. Bò né ngon nhưng thái mỏng quá, còn ít nữa 😭😭😭. Mà nay quán cho keo rau quá, cho được nhúm rau ít ỏi ăn không bõ. Quán bán được nên giờ số lượng giảm đi nhiều thì phải. Huhu.Xem thêm",173
1914,Tran Anh Hung Xanahung,16/7/2016 12:36,8.4,"Khi mới đến quán điểm trừ lớn nhất là nhân viên giữ xe kêu réo khách chạy xe sang đẻ giữ bằng cách hò hú khách, khi ra về phải tự dắt xe ra và về.
điểm cộng lớn nhất là nhân viên phụ vụ quán cực kỳ dễ thương, nói chuyện nhẹ nhàng và niềm nở với khách. món ăn vừa miệng nhưng nếu nêm nếm hơi đậm đà chút nữa thì sẽ ngon hơn. Thịt bò mềm vừa ăn giá cả tốt. ĐI 2 ngừoi chỉ cần kêu 1 cái lẩu 120k 1 dĩa phở  2 gói mì 1 dĩa rau và 1 ca trà đá chỉ có 150k là đã no. 
Chắc chắn lần sau khi ghé lại VŨng Tàu mình sẽ quay lại quán.Xem thêm",173
1915,Tui Nguyễn,7/9/2019 20:15,1.2,"🏠Địa điểm: Từ bãi Thùy Vân sang quán lẩu bò mất tầm 15p, cũng dễ tìm. Mình đi 2 ng
⭐Về món ăn: 
1. Vú bò:70-90k, khá ngon, giòn, có đậu bắp ăn kèm, mình ăn dĩa nhỏ 70k trông ít, nhưng miếng to
2. Bò tơ nướng:70k, thịt ngọt, dày nhưng ít
--- Nv sẽ lấy 1 bếp than để khách tự nướng. Còn ko thì bạn có thể nhờ nv nướng dùm rồi dọn lên sẵn cho
❌3. Lẩu bò: 120k, lẩu nhỏ, dùng sương sương cho 2 ng là no rồi. Lẩu thanh, ko gì đặc sắc, ít dầu mỡ. Và rất ít thịt nha quí dị. 
❌TỆ NHẤT là  PHỤC VỤ và việc tính tiền ở đây. Có chị nv  đến order. Mình gọi món xong, 8000 kiếp sau ko thấy ai ngó ngàng đến, phải gọi í ới nv để Order lại lần nữa (??????). Món lên lâu phát bực, cái gì cũng ko có, ko khăn, ko tương, ko đũa, phải hỏi mới có. Nghĩ là quán đông nên kệ. Đến màn ăn lẩu là bực cực kì. Chị nv order ban nãy, mang ra 1 dĩa óc( ko hề gọi vì mình ko ăn đc) , đặt lên bàn mình, ko nói năng gì. Vì nồi lẩu lỏng bỏng toàn nước, bàn kế bên cũng có, nên mình nghĩ món này ăn kèm và cho vào, dù mình ko ăn đc óc heo. Đến lúc tính tiền, tính dĩa óc heo 70k. Mì tính tiền riêng. Cảm giác như bị lừa. Mình vẫn tính tiền bth. 
❌Đến lúc kiểm tra bill, 2ng 5 gói mì (?????) Ko bao nhiêu nhưng rất bực, bực từ lúc bước vào, order cho đến tính tiền. 
- Lẩu 120k nhiều nước, rất ít thịt, nv phục vụ vớ vẩn, nồi lẩu chỉ có cái nồi nước+ rau, mì gọi riêng, có dĩa gì khác thì nhớ hỏi lại. NHỚ KIỂM TRA BILL
ĂN PHỞ BÒ 30k ĐÁNG TIỀN HƠN.Xem thêm",173
1916,Jo Hồ Ly,8/4/2019 22:30,7.4,"Chỗ này ăn nước lẩu ngon, nhìu thịt và đồ ăn.
Kết cái quả rau má, ăn lạ miệng.
Đi ăn vs nhà khá nhiều lần chỗ này. Mỗi tội dịch vụ gia đình, nên nhìu khi kêu mà nv cứ lơ lơ, nên tự mình phục vụ lun :))
Giá cả cũng phải chăngXem thêm",173
1917,QL,18/1/2019 20:42,7.4,"🍒Lẩu ở đây ngon hơn chi nhánh cùng tên nè
Lẩu nhỏ mà nhiều thịt. Có rau má ăn kèm nữa
Nước lẩu cũng đậm đà
Đồ chấm vừa có chao vừa tương
🍒Giá thì từ 150k đổ lên ăn bao nhiêu cũng có nhaXem thêm",173
1918,Mỹ Anh Nguyễn Thị,16/1/2019 14:59,8.0,"✨Woahhh được dịp ra Vũng Tàu thấy có quán lẩu bò khá nổi tiếng này nè. Có 2 chi nhánh lận, đây là chi nhánh 2 Lê Hồng Phong. Ở đây 10h sáng mới hoạt động nha. Hôm mình đi kêu 1 phần Hấp nhỏ là 60k, 2 phần mì gói là 8k, nạm nhỏ 60k, Lẩu vừa 150. Bò mềm đúng chuẩn luôn, ăn vừa miệng. À tại mình ko thích ăn hành với gừng nên lâu lâu cứ phải gắp ra hơi khó chịu thôi chứ ăn ở đây thấy ổn nha. Giá như vầy cũng được rồi á. Kêu thêm mấy chai Tiger gía 15k/chai. Nhân viên nhanh nhẹn phục vụ tốt. Mình đi buổi tối mặc dù khá đông khách nhưng nhân viên vẫn làm nhanh lắm

👉Follow IG @myanhnguyenthi để xem thêm nhiều review các địa điểm ăn uống tại Vietban nha 📍Xem thêm",173
1919,QL,23/2/2018 0:24,7.4,"🍒Nhà mình thường mua lẩu ở đây về nhà ăn
Mình ăn chi nhánh này thấy ngon hơn chi nhánh 1 bên Lê Lai
🍒Lẩu nhỏ 150k 3 người ăn no nê luôn nha. Mình chỉ ăn nạm và bò viên vì bò viên ở đây ngon
Rau có cải xanh, mồng tơi, rau má
🍒Chấm kèm chao ngon lắmXem thêm",173
1920,Thảo Phạm,3/10/2016 9:59,6.6,"Trời mưa tụi ba đứa thèm đồ nóng nên nghĩ đến lẩu đầu tiên nghe nói lẩu Bò Lê Lai mở thêm chi nhánh mới trên đường Lê Hồng Phong nên muốn đi test thử không gian với cách phục vụ sao. Quán nằm trong hẻm nên không gian cực rộng luôn, rộng hơn chi nhánh chính và đông thì thôi rồi. Lúc mới đến muốn choáng ngợp độ đông sợ kiếm không được bàn để ăn, đi vòng vòng nguyên hồi cũng kiếm được chỗ ngồi khá thoải mái. Ba đứa gọi 1 lẩu 150k 3 lon Sting 3 trứng vịt lộn, 2 gói mì 1 dĩa bún 2 suất rau ăn không hết nhiều muốn ná thở lần sau mình khuyên các bạn gọi từ tốn lại thôi nha (y)Xem thêm",173
1921,foodee_13qhhpyo,17/11/2023 20:53,6.8,Chắc chắn mình sẽ ghé lại ủng hộXem thêm,174
1922,foodee_qlzhs4d2,17/11/2023 18:23,5.0,Chắc chắn mình sẽ ghé lại ủng hộXem thêm,174
1923,Bui Linh,17/11/2023 18:21,10,Chắc chắn mình sẽ ghé lại ủng hộXem thêm,174
1924,Dung Quỳnh,18/10/2023 20:50,5.0,Chắc chắn mình sẽ quay trở lại lần nữaXem thêm,174
1925,NGOC88MGI,18/10/2023 20:35,5.0,Chắc chăn mình sẽ ghé lạiXem thêm,174
1926,Mai Nguyen,18/10/2023 20:06,5.0,Chắc chắn mình sẽ ghé lại ủng hộXem thêm,174
1927,foodee_i0wmj45m,18/10/2023 19:58,5.0,Chắc chắn mình sẽ ghé lại ủng hộXem thêm,174
1928,foodee_0rvci1z7,18/10/2023 19:25,5.0,chắc chắn mình sẽ ghé lại ủng hộXem thêm,174
1929,Thai Dieu,18/10/2023 18:47,5.0,Chắc chắn mình sẻ ghé lại ủng hộXem thêm,174
1930,foodee_pw1oh0fi,18/10/2023 18:25,5.0,Chắc chắn mình sẽ ghé lại ủng hộXem thêm,174
1931,Trần Trung,17/5/2023 14:16,1.2,"Vào quán thì bà chủ lớn tuổi người gốc Hoa quăng cái menu xuống bàn. Món ăn không để giá,Xem thêm",175
1932,Lê Phương Thúy,13/5/2022 22:58,2.4,"Lê Phương Thúy
2ng lớn 2 bé (2 và 4 tuổi) gọi: 1 canh bó xôi cho 2 bé, 1 canh chua cá dứa nhỏ, 1 cá dứa kho tộ, 1 tôm xào bông cải, 1 rau muống xào tỏi, 2 trái dừa: tổng hết 994k 13/05/2022 22:55:23Xem thêm",175
1933,loi,23/2/2021 15:12,5.6,"2 thố cá kho mỗi người ăn 2 khứa mà hơn 400k tính ra 1 thố 200 mấy  , canh chua thì cỡ 170k  v..v... tầm 10 người ăn trưa tới 2tr  , nếu chủ quán upgrade không gian thành nhà hàng và khẩu phần ăn lớn xíu thì còn chấp nhận được chứ so với 1 quán ăn bình dân như vậy thì quá đắt , còn về vị thì tuỳ mỗi người nhưng với mình đây đều là những món dân giã không hơn không kém nếu không muốn nói là chế biến dở so với những quán người hoa khác ...cuối cùng hy vọng quán điều chỉnh giá lại để giữ khách chứ để phốt nhiều quá thì khách sẽ hok dám đến lần nữa! xin cảm ơnXem thêm",175
1934,Barney Tùng,5/1/2020 17:11,7.4,"Điểm cộng:
- Vị trí thuận lợi, dễ kiếm.
- Không gian rộng rãi, trông cũng sạch sẽ.
- Chủ quán cũng như nhân viên phục vụ nhiệt tình.
- Đồ ăn cũng ổn.

Điểm trừ:
- Menu không có giá, bên cạnh mình đi với nhà và không phải là người trả tiền nên cũng không để ý. Nhưng nghe cả nhà nói giá hơi cao.
- Tự nhiên mang dưa giá ra dù không gọi, tưởng món ăn kèm nhưng hỏi lại có tính tiền.

Tóm lại: Quán ăn thì ăn cũng được nhưng nên tìm quán khác vì quán này trông cũng không phải OK lắm.

p/s: Mình không chụp hình lại vì hình ảnh những món ăn trông rất bình thường, mình gọi những món như cá kho tộ, canh chua cá hay hào chiên trứng và trông cũng không có gì khác biệt.Xem thêm",175
1935,PhiPhuong,9/1/2019 21:30,3.4,"Nhà mình có khoảng 12 ngừoi vào quán ăn Lăng Kí vào tối thứ 4. Quán khá là vắng, cô chủ phục vụ khá nhiệt tình nên mọi ngừoi đặt nhiều món. có điều là trên menu không ghi giá nhừng nghĩ quán ăn bên đường nên k để ý giá cả. nhà mình đặt 1 tô canh chua cá loc (220k), 2 thố nhỏ cá kho tộ 220k( 1 thố có khoảng 2 lát cá mỏng), 2 dĩa bò xào củ hành nhỏ 220k( mỗi dĩa khoảng 100g bò), 2 dĩa sườn non ram khoảng 200g 200k, nửa con gà kho gừng 210k( nhưng nhìn khoảng 200g), 2 dĩa cá thu chiên 260k ( 1 dĩa 2 lát mỏng khoảng 100g), trứng chiên hào 150k và mấy món nhỏ như tàu hủ cải chua khoảng 100k. tổng cộng bill là 2 triệu 7 ngàn!!! Mình không ngờ quán ăn bình dân giá lại đắt đỏ như vậy. Mong các bạn nếu can đảm đến ăn nên hỏi giá trước khi kêu món nhé! còn nếu không thì tránh xa quán này nhé!!Xem thêm",175
1936,Mai Huong Tran Vu,27/12/2018 19:13,8.2,Quán cơm nằm nay góc 2 mặt tiền rất dễ tìm và tiện cho việc đậu xe hơi nếu đi nhiều người. Món ăn theo kiểu gia đình rất dễ ăn và khẩu phần đủ cho số lượng người ăn. Cá kho tộ và canh chua cá bóp là 2 món rất ngon và dễ ănXem thêm,175
1937,Mochii Kim,27/12/2018 16:31,3.8,"Thật ra thì kiểu lúc đầu cũng không định ăn ở đây, kiểu hai đứa mình định ăn chỗ khác nhưng do chỗ đấy đóng cửa vì thời tiết mưa hay sao í nên chạy ngang thấy chỗ khá sạch sẽ nên ghé vào.. lúc đầu thì nghĩ quán cơm gia đình thì chắc giá tầm cũng 100.000₫/2 người là cùng, vì nghĩ cơm phần sao đắt được.. nhưng không )))))) hai vợ chồng kêu 2 đĩa cơm dương châu + 2 trứng ốp la + 2 trà đá tổng là 146.000₫ )))))))))))))))) cơm thì ngon tương đối nhưng thật sự là không đáng, thật luôn í ạ.. kiểu chỉ cơm,trứng,vài miếng lạp xưởng, súp lơ xanh siêu bé và trứng vụn trong cơm thì chả có thịt thà gì cả... mà giá gần 6-70.000₫/ cho 1 đĩa cơm chiên thì hơi kì kì ))))))... mong là các bạn sẽ xem kĩ review rồi hẵn đến dùng cơm vì giá khá ĐẮT! 😔Xem thêm",175
1938,Gà Con,12/6/2018 17:54,4.2,"Chờ lên món ăn thì lâu, chị chủ trẻ lúc gọi món còn niềm nở, khi tính tiền yêu cầu xuất hoá đơn thì thái độ như muốn đuổi khách, rất hách dịch, đã ăn nhiều lần nhưng lần này là lần cuối ăn ở đây.Xem thêm",175
1939,Susi Phạm,11/3/2018 20:04,1.0,"Không hiểu sao quán này vẫn có người chấm 8 sao. Chưa biết đồ ăn ngon dở như nào vì cả gia đình có cả trẻ em phải đợi hơn 1 tiếng đồng hồ mà chẳng có gì ăn. Lúc order món vì ng nhà chưa tới đủ nên mình có gọi 1 vài món trc và nói với bà cô ghi order của quán là người nhà e đang vô nên e gọi thêm sau nhé, và cô ấy trả lời 1 câu tạt nc lạnh: Không, gọi thêm không làm đâu. Nghe là muốn đứng dậy đi ngay rồi nh vì đi chug gia đình đông ng nên thôi ráng nhịn gọi thêm đồ ăn cho đủ theo yêu câu của bà cô. Sau đó anh Hai mình vô có nhờ nhân viên lau giúp cái ghế thì nv chỉ cái khăn rồi nói: ""khăn nè, tự lau đi"". Gọi nước thì bận bận ghi ghi gì đấy lắc tay ko thèm tới. Ngồi đợi 30p mang ra đc mấy dĩa nc mắm, xin thêm chén nhỏ để chia nc mắm thì ném ầm ầm lên bàn. Ngồi đợi thêm 30p nữa hỏi chị ơi khi nào đồ ăn em có thì trả lời: ""Khi nào chín thì mang ra"" . Thế là cả gia đình chờ hơn 1 tiếng đồng hồ chẳng có gì ăn, đã đói còn bị thái độ. Có thể trong bếp có trục trặc gì đấy ok mình có thể thông cảm nhưng thái độ trả lời trêu ngươi khách không bao giờ chấp nhận đc. Ăn uống trả tiền đàng hoàng chứ không phải ăn xin. Một lần và mãi mãi ko bao giờ quay lại quán ăn tệ như vậy dù có ngon tới đâuXem thêm",175
1940,thanhamthuc,1/1/2018 9:48,3.4,"Các món ăn ok nhưng giá hơi đắc.
Bực nhất dĩa dưa hấu  bị ép ăn về đau bụng mấy ngày.
Anh chị em khi ăn quán này cẩn thận dĩa trái cây nhé không được tươi và không free đâu nhé.Xem thêm",175
1941,Gigi mm,28/6/2020 10:25,8.0,"Hôm sau Tết, mình có ghé quán, thì hay tin sang quán đổi chủ mất rồi. Quán đổi tên và đổi luôn cả địa điểm luôn. Nên quán cà phê Nét Xưa ở hẻm đường Bình Giã nay đã không còn... Tiếc cho một cái gì đó còn dư âm ở thành phố Vũng Tàu...Xem thêm",176
1942,Nhu Dinh,23/7/2018 21:24,1.0,"Mình là khách du lịch lặn lội xuống Vũng Tàu đi vào hẻm hóc để đến quán. Không gian decor đầu tư mình ko chê, rất đặc biệt. Mình ý thức được giá trị của những món đồ ấy nên rất trân trọng và ko dám đi nhanh hay mạnh sợ đụng hư đồ của quán. 
Tuy nhiên mình chỉ cần 1 điều là: CHỤP ẢNH! Nếu ko cho chụp ảnh phải nói rõ từ đầu. Mình ngồi xa ko thấy được rõ nên lại hàng ghế đầu ngồi chụp ảnh. Ở đó đã có ghế trống bày sẵn mình chỉ ngồi vào chụp, chưa được 1s chủ quán thấy và chạy lại QUÁT THÁO! “Không được chụp ảnh, LÀM MẤT PHONG THUỶ CỦA QUÁN”! ... 
???!! Mình vẫn ok nếu chủ quán nói năng lịch sự đàng hoàng góp ý chứ ko phải quát lớn cho cả quán quay lại nhìn, khách hàng cảm thấy rất bị xúc phạm!
Hiện tại có rất nhiều mô hình đồ cổ như vậy xuất hiện. Với thái độ phục vụ “đi lùi” như vậy mình khuyên các bạn ko cần phải bỏ tiền đi chiêm ngưỡng để rồi bị quát tháo vô học như vậy. 
Phong cách Xưa là 1 chuyện nhưng ra đời ở thời thế Hiện đại cần hiểu muốn lấy tiền của khách hàng cần có thái độ phục vụ có học và văn minh tế nhị! Đừng ảo tưởng và nghĩ rằng Khách hàng chỉ cần mình. 
Thái độ phục vụ cực kì TỆ và VÔ DUYÊN !Xem thêm",176
1943,Quỳnh Nguyễn,19/3/2018 16:05,10,"Mình thường hay đi quán này cùng ba mẹ, nhưng dạo gần đây việc học mình toàn trên sài gòn nên ít đi hơn, menu cũng bình thường nhưng nước thì chất lượng khỏi chê nhen, mình thường uống sữa chua, mẹ mình uống cf sữa, vị đậm ngon lắm. Không gian xung quanh là đồ cổ cô chú sưu tầm, ấm cúng, yên tĩnh, đẹp nữa ạ.Xem thêm",176
1944,ManhVT,1/3/2018 17:06,7.4,"Không gian yên tĩnh cho những ai thích trò chuyện.
đồ uống tuy ít loại nhưng chất lượng, giá cũng trên mức trung bình nhưng chấp nhận được, đáng để thử cho những ai chưa tới.Xem thêm",176
1945,Hồ Lê Đức Anh,30/5/2017 23:31,8.6,"-Decor quán thì ôi thôi miễn bàn nhé, bst đồ cổ hơn 40 năm của chủ quán, đậm chất vintage.
 -Nước thì chỉ có 3 loại (coffee và ép dâu, ép ổi) uống thì cũng chất (lượng) như quán vậy, pha rất ngon, đậm đà, điểm 10 cho chất lượng nước và dám chắc là 3 loại nước đó Vũng Tàu ko có quán nào ngon hơn. Đến check in thử nha, mình ko nói quá lên đâu. 
P/s : có cái chú chủ quán ko cho chụp ảnh vì phong thuỷ, có ai giải thích cho mình là tại sao ko :(Xem thêm",176
1946,Irene Nguyen,4/5/2017 13:41,8.6,"Không gian rất mát mẻ, yên tĩnh với cách bài trí bằng những món đồ cổ điển như máy chạy phim, đồng hồ cúc cu, tranh ảnh cũ theo thời trước giải phóng... và lúc nào cũng được mở những bản nhạc vàng nghe cực kỳ êm và ấm tai. Nước khá ít, chủ yếu là cà phê và cà phê rất ngon, rất đậm. Sinh tố thì có dâu và cóc xanh miền tây, mình đã uống thử dâu rồi thấy rất vừa miệng còn cóc thì chưa thử. Ngoài ra còn có yaourt đá dầm. Anh chủ quán tự phục vụ tự order tự tính tiền nhưng cũng rất là niềm nở, lúc nào cũng mau mắn và cười vui vẻ. 1 điều mình cực kỳ ưng là quán không cho dẫn con nít vô phòng lạnh thành ra lúc nào cũng được yên tĩnh, không bị con nít quấy phá, không bị ồn. Quán hạn chế chụp hình và không sờ vào hiện vật. Mình đã update pass wifi. Nếu hỏi mình có comeback không thì 100% là có.Xem thêm",176
1947,Nấm Nấm,30/1/2017 21:31,8.0,"Đây là một trong những quán cafe nổi tiếng nhất Vũng Tàu, hôm mình đến còn thấy người nổi tiếng ngồi uống cafe nữa. Quán này đúng giờ mới mở cửa (ca gãy, buổi tối là lúc 7h). Chủ quán là người chơi đồ cổ nên nếu bạn đến lúc có đồ quý thì chủ quán sẵn sàng đóng cửa mời bạn về, dĩ nhiên cà phê không tính tiền. Chủ quán cũng là người tin vào phong thủy nên cách bài trí đều liên quan đến phong thủy, bạn đừng sờ mó lung tung, cũng đừng chụp hình nhiều quá, lý do: phong thủy. Nhưng chủ quán là một người rất lịch sự, vui vẻ. Quán có cafe và các loại nước ép được đánh giá là OK (vì có nhiều quán ở Vũng Tàu cafe ngon nước ép dở và ngược lại). Giá cũng mềm mại, không gian khá chất (dù bày trí hơi rối). Quán có món cafe mà phần cafe trong phim trào ra như cái bánh cookie, còn cafe thì được giữ nóng bằng một ca nhôm. Quán chuyên mở nhạc xưa.Xem thêm",176
1948,jistybentlki T,8/1/2017 20:09,8.4,"Mình vừa ra Vũng Tàu chơi và chạy quãng đường thật xa để đến quán thưởng thức. Không gian bên ngoài nhìn vào không ai nghĩ bên trong lại đặc biệt đến vậy. Bác chủ quán hơi khó tính, bọn mình ghé vào chưa kịp ngồi là hỏi uống gì nhưng không có menu. Mình hơi khớp nên kêu cà phê sữa cho nhanh.
Ly cà phê ấn tượng trào ra ngoài nhìn rất đẹp, cảnh xung quanh là những đồ vật xưa kèm nhạc xưa nên quán rất cổ kính
Cũng hay để đổi gióXem thêm",176
1949,chinchin_28718b50,7/1/2017 12:44,9.8,"Đến đã quá nhiều lần đến nỗi ông chủ nhớ mặt luôn mà giờ mới viết review. Không gian quán nhỏ nhưng đẹp và cổ lắm, chưng toàn đồ cổ không à, đẹp cực kỳ, nhất là buổi tối. Quán chỉ có mỗi 1 người phục vụ cũng chính là chủ quán lun. Ông chủ quán này thấy ai nói chuyện ồn ào thì sẽ mời ra ngoài lun và cũng ko cho trẻ con vào trong phòng lạnh vì không gian nhỏ kín nên ồn thì sẽ rất khó chịu. Nhờ vậy quán rất yên tĩnh trong tiếng nhạc xưa nhẹ nhàng thích lắm, điều này khó tìm thấy ở những quán vt khác vì rất đông trẻ con ồn không chịu được. Đồ uống thì không phong phú, chỉ có vài món thôi nhưng đến đây là phải uống cafe vì cafe chỗ này cực ngon.Xem thêm",176
1950,Diệu Ánh,15/12/2016 20:52,8.2,"Mình đến quán vào buổi tối. Quán khá yên tĩnh. Mọi ng nói chuyện nhỏ nhẹ. Chỉ nghe tiếng nhạc Trịnh xen lẫn tiếng tíc tắc đồng hồ. Lâu lâu lại nghe tiếng chuông bính bong. Đồng hồ ở đây mỗi cái chạy giờ khác nhau. :D
Ngoài ra còn mấy món đồ cổ. Có cả tranh thư pháp nữa.
Cafe ngon.Xem thêm",176
1951,Hao Le Thanh,16/2/2021 17:30,5.0,Tôi muốn gọi đặt phòng mà khổ quá đi!Xem thêm,177
1952,Hiệp Huỳnh,9/3/2019 20:28,8.0,"Lần nào xuống Vũng Tàu m đều ghé quán cafe này. Không gian quán vẫn vậy. Giá thì lại rất hạt dẻ, lại gần biển, gió thổi mát lạnh, sóng vỗ rì rào, không gian yên tỉnh. Là 1 địa chỉ đáng để đến. 
Ly cafe sữa 26k.Xem thêm",177
1953,J14 Tuổi,28/5/2016 11:44,7.6,Nằm trên con đường dọc bờ biển vũng tàu là chổ lý tưởng để thư giản ngắm biển khi ra tới thành phố biển vũng tàu. Phục vụ nhiệt tình vui vẽ nước uống ổn có điều cơm chiên tổi đắng quá ko đc ngon cho lắm!Xem thêm,177
1954,Pumpkin Ng,9/1/2016 9:57,7.8,"Mình đến đây được 2 lần, 1 lần ngồi bên trong và 1 lần ngồi bên ngoài.
Quan nằm ngay mặt tiền, sát biển nên dễ tìm. Hai lần mình đến đều vào buổi tối, khá yên tĩnh, quán mở nhạc nhẹ, có thắp nến lung linh nữa. Nhân viên dễ thương, đồ uống thì bình thường thôi nhưng nhờ có không gian đẹp nên mọi thứ đều ổn. Bãi giữ xe khá thoải mái, à! Nhà vệ sinh cũng sạch sẽ. Nói chung là ok.Xem thêm",177
1955,Chí  Phan,1/1/2016 13:47,7.0,"Quán có vị trí dễ tìm, nằm hướng ra biển luôn nên rất thoáng mát vào buổi tối, vừa thưởng thức café vừa có thể ngắm đường sá, ngắm biển.  Không gian rộng rãi bao gồm khuôn viên bên dưới ngồi ngoài trời và 1 lầu ở bên trên. Nhưng bên trên thì hơi bí, chẳng ngắm được gì khi bị cái cây nó che hết.  

Menu quán cũng đa dạng, giá tạm chấp nhận được. Mình thì dùng 1 ly trà sữa thạch trái cây 27k. Ly này không ngon gì hết trơn, trà sữa ngọt quá, thạch trái cây thì ăn cũng được. Trong ly còn có trân châu nữa, mà bị đông cục lại thành một mớ, nhìn rất xấu mà ăn thì cũng chẳng ngon gì. Nói chung, mình không hài lòng về chất lượng của cái ly này. 

Nhân viên phục vụ ok.  Giữ xe trước quán có bảo vệ viết số, trông coi miễn phí. Quán còn có wifi ổn và nhà vệ sinh sạch sẽ nữa ha.Xem thêm",177
1956,Thuy  Nguyen,13/9/2015 15:44,6.6,1 trong những quán có mặt tiền hướng ra biển rát thích hợp cho những người từ sài gòn ra vũng tàu chơi như mình. Thấy có cho thuê phòng trọ. Quán hơi cũ so với cách đây 5 năm khai trương. Món sinh tố sapoche hơi lạ khi cho thêm cafe.Xem thêm,177
1957,Phương,1/8/2015 10:30,7.0,"Gia đình mình đi du lịch Vũng Tàu có ghé quán ăn sáng, uống cafe để đổi gió.
Quán có vị trí rất tốt, ngồi ngay tầng trệt thì hướng gió biển, rất mát, cảm giác dễ chịu. 
Quán rất đông khách.
Đồ uống khá ổn và món ăn không ngon (do quá nguội)

Nhân viên phục vụ không chuyên nghiệp, thiếu nhiệt tình.
Mình có dặn nhân viên mang đồ ăn sáng ra trước nhưng cuối cùng nhân viên lại mang nước uống ra trước, mình có ý kiến thì nhân viên bảo sẽ mang đồ ăn ra ngay, nhưng đợi mãi tận 30 phút vẫn không thấy đồ ăn đâu, nước thì đã lõang ra hết, phải nói đến 3,4 lần thì mới có đồ ăn sáng. 
Và một điều thất vọng là, đồ ăn đã rất nguội - giống như đã nấu từ lâu lắm rồi vậy.Xem thêm",177
1958,QL,29/1/2015 14:26,6.4,"Đợt mình có mấy đứa bạn sg ra chơi nên dẫn ra đây.
quán này gần khu bãi sau nên vào cho gần.
Không gian ngoài trời và phòng lạnh. ngồi bên ngoài ngắm biển thích hơn.
Nước uống ở đây bthg nếu ko muốn nói là dở quá.
Giá tầm 30-50k/ly
Nói chung ngồi ngắm cảnh thì dc chư đi để thưởng thức thì ko nên đến.Xem thêm",177
1959,Winnie Nguyễn,14/1/2015 14:18,6.8,"Tụi mình chọn wán này vì 2 lý do, thứ nhất là do wán mở khá sớm nên chui vô chờ tới h nhận phòng khách sạn, thứ 2 là quán này nằm đối diện biển nên ngồi đây ngắm biển cũng tuyệt lắm.
Menu ở đây đa dạng các loại nước uống và đồ ăn tuy nhiên giá cả cũng ko hề mềm nhé.
Với kinh nghiệm xương máu khi vào mấy wán đẹp đẹp ở điểm du lịch thì nên gọi những món ăn hay thức uống bình thường nhất để chắc chắc về giá cũng như chất lượng trong khoảng chấp nhận nổi. Mình gọi soda chanh đường còn bạn mình kiu trà sữa.
Đúng y như rằng soda chanh đường cực kì ngon, so với món trà sữa dở tệ. Trà ngọt lừ, toàn mùi bột trà sữa pha ra với vị bị ngậy ngậy ngán lắm. Mấy loại thạch trong ly cũng ko ngon. HaizzzzzXem thêm",177
1960,Hữu Ngân Trần,27/11/2014 17:06,5.8,"Rất ok nếu chọn chỗ này làm điểm cafe tán dóc vào buổi chiều. Quán khá rộng và thoáng với mặt tiền nhìn ra biển nên cũng hợp cho hẹn hò nữa, bị cái nếu là đi vào buổi trưa thì quán hơi hầm. Nhạc ở đây không có gu, rất là lộn xộn, lúc hay, lúc thị trường, mà thị trường nhạc dở ẹc.

Menu quán cũng bình thường, giá cũng khá cao (so với mặt bằng Vũng Tàu) nhưng view đẹp là được. Mà bị cái sao mà món nước đem ra dở quá, nhất là phần của mình. Thiệt lòng là mình không biết lựa gì, nên kêu lipton hương đào đá uống cho rồi, vậy mà cũng dở thiệt là lạ.

Mình không hiểu sao, bản thân mình là người pha nước dở nhất thế giới mà mình còn thấy pha chế ở đây dở. Uả, một ly trà đào, bỏ gói trà lipton, bỏ nước sôi rồi bỏ đá vô, mắc cái chi bỏ đường cả kí vô uống ngọt muốn nhợn. Đang khát uống một ngụm là muốn phun ra như mưa, kì quặc. Qúa là ngọt. Một lát sau xin nhân viên một ly đá, mà cũng tới 10ph sau mới đưa ra, là sao?

Trời ạ, nếu không vì không gian đẹp là mình bực lắm đó, cộng thêm thái độ dễ thương của giữ xe cũng làm mình đỡ bực. Thiệt, không hiểu nổi vì gần như nhóm bạn mình uống món gì cũng không ngon. Qúa kì.Xem thêm",177
1961,TIẾN QUÝ  Phạm,30/12/2018 20:09,1.0,"Chỉ 1 từ để diễn tả ..... ""dở""Xem thêm",178
1962,jennmeoww,8/9/2018 15:53,2.2,"Mình đi với người lớn ăn ở đây nhiều lần rồi, và tới mua về nữa. Lần nào ra gọi món hoặc gọi tính tiền mặt họ như mình nợ họ ấy :)) (thường là mấy bà nữ), lúc đông là kiểu ko cần khách luôn. có mấy cậu con trai thì lễ phép ok. Hnay mình đi ăn gọi 1 phần cơm sườn lạp xưởng menu ghi 35k mà cậu con trai hỏi hết sườn miếng rồi thay sườn cọng được ko mình ok. Lúc tính tiền lại tính thêm 15k sườn cọng là tổng 50k cho 1 phần ăn @@ thế hoá ra cơm lạp xưởng không lại 35k à. Sườn cọng thì khác sườn miếng là mấy còn ít hơn. Mình quên ko chụp ảnh cơm lại. Lúc hỏi lại còn kêu mình là “khi gọi món phải báo giá em hả” @@ bó tay. Mải tính nhanh tiền để lấp liếm nên chị ấy quên tính cốc trà đá 2k hay sao ế haha. Cơm thì ok mà thái độ làm mình chẳng muốn quay lại :( mấy bạn đọc được đi ăn nhớ để ý kĩ nha ko bả lại ăn của mình ít tiền đi làm móng :))) xin tiền thì cho chứ làm vậy kì cục quá. Cũng chẳng giải thích hay tính rõ ràng ra. Lầy qué.. 50k cho dĩa cơm mấy cục lạp xưởng với lèo tèo sườn cọng thiệt làm đau bụng bữa trưa mà. .Xem thêm",178
1963,Timor Voxan,1/9/2018 16:01,5.0,Cơm tấm mềm dẻo và món ăn cũng rất đậm đà. Tuy nhiên nước chấm không hợp và ccanh thêm rất lạt. Cũng muốn ghé ăn nhưng có lẽ tìm chỗ khác!Xem thêm,178
1964,lamtram123,9/8/2018 12:36,9.0,"Giao hàng rất đúng hẹn, cơm sườn ngon hơn mong đợi. Chỉ cần order và thưởng thức, rất toẹt vời 👍🏻👍🏻Xem thêm",178
1965,Thảo Phạm,20/11/2017 23:31,6.8,"Ngoài việc thái độ mần ăn của các bạn nhân viên ra thì mình nói thiệc đồ ăn của quán 67 Lê Lai thì ngon. Đặc biệt sườn nướng mềm lắm, nướng vừa tới không bị cháy khét đen ở viền, mỡ hành của quán được nấu chín điều mình thích nhất. Có điều nước mắm của quán ngọt lắm như là nấu với đường, còn đồ chua đi kèm cũng như cho có, được vài cọng trang trí cái chén thôi.
Không gian quán vào buổi sáng cũng chưa được gọn gàng lắm nên không đòi hỏi gì hơn.Xem thêm",178
1966,Hoàng Trần Văn,6/8/2017 16:49,3.6,"Đã từng ăn ở đây đôi ba lần. Và thực sự mà nói quán này tìm ra điểm tốt còn khó hơn điểm xấu. Nhân viên trong quán phục vụ rất tệ, trang phục không lịch sự. Cộng thêm đồ ăn không ngon cho lắm, cơm luôn luôn nhạo một chút. Sườn nướng hay bị cháy, không gian quán trông khá là cũ kĩ, bụi bặm. Cộng thêm 1 cái là trà đá họ bán chứ không phục vụ miễn phí như các chỗ khác. Ăn từ cuối năm 2016 tới giờ thề không bao h quay lại. Khuyên các bạn điều tương tự.Xem thêm",178
1967,Vuong Tran,30/7/2017 13:15,7.6,"Nhiều món, phục vụ tốt, giá rẽ hợp lý.Xem thêm",178
1968,ngan3112003,29/7/2017 17:16,5.0,"Đầu tiên là phục vụ ko ok cho mấy, cơm hơi nhão, miếng sườn khô, giá thành hơi đắt so với chất lượng. Quán này ko có gì đặc biệt để ghé lạiXem thêm",178
1969,Mẫn Nhii,23/7/2017 10:48,8.4,"Quán đông nhưng phục vụ nhanh. Sườn nướng ngon nhưng cơm hơi bị kĩu như ướt ướt chưa ráo í, mình thích cơm kĩu ráo ráo hơn là cơm nhão. Giá ok. Ăn 4 ng chỉ tầm 100k. Trà đá free.Xem thêm",178
1970,Na Ng,22/7/2016 18:51,8.0,"Bữa nay trời mưa mẹ ko đi chợ được nên 2 mẹ con quyết định ra quán ăn cho nhanh. Vẫn là quán cơm tấm 67 quen thuộc. Chọn phòng lạnh ngồi cho mát mẻ, hên là lúc mình đến vừa có tốp khách ra nên chỉ có 2 mẹ con ngồi thoải mái vô cùng và lạnh teo. Ăn thịt hay cá hoài cũng ngán nên mình kêu liền phần mực dồn thịt hình như 32k thì phải. Được 2 con mực, nhân thịt căng cứng và khá nhiều. Kêu đồ ăn xog ngồi đợi chỉ 5' là có cơm ngay. Lần nào đến đây cũng đều được ăn ngon và phục vụ tận tình nên mình và mẹ rất vui.Xem thêm",178
1971,tpd12,20/2/2019 17:23,8.0,"Mẹ và chị mình rất thích ăn mỳ cay ở đây nhưng vì nghe chữ ""cay"" nên mình ngại ghé. 
   Nay thử một lần chơi lớn xem mọi người có trầm trồ, ai ngờ cấp 0 hoàn toàn không cay gì hết 😂. (mình đã ăn thử cấp 0 ở sasin hay singa đều cay lắm nhé). Địa điểm lý tưởng cho các thanh niên muốn đi ăn cay nhưng k thích bị cay như mình :))) vừa được tiếng vừa được miếng 😎
   Súp có sử dụng gói nêm trong mì Koreno vị bò nhưng đã được nêm nếm thêm nên vừa ăn lắm nhen. Đồ ăn đa dạng: tôm, mực, nghêu, cải, súp lơ, nấm.. bù lại mì hơi ít (nửa gói) nên mình thấy khách gọi mì thêm khá nhiều. Tuy nhiên, với giá 40k cho 1 tô mình thấy ổn, tương xứng giá tiền.
   Mình có măm thêm một số loại hải sản đồng giá 40k:
- Lụa thái đỏ xào bơ tỏi, lụa này mình mới ăn lần đầu, nêm rất rất ngon luôn nhất là được xào chung với bắp.
- Ốc tỏi nướng thì hơi bé, tươi, không cát.
- Hào 3 vị, ăn khá ngon, size M không to không nhỏ.
- Sò nước nướng mở hành tươi, ăn giống sò vẹo.
- Lần trước mình có ăn thêm móng tay xào me thì móng tay tươi nhưng  vị me chưa đậm lắm và hơi mặn một chút.
- Trà tắc ly khá to, pha ngon, đậm đà, có để trái tắc cho khách vắt thêm nếu chưa đủ chua 20k/ly.

Mình và bạn khá ưng và sẽ quay lại khi muốn ăn mỳ cay. hí híXem thêm",179
1972,QL,13/4/2018 3:30,6.8,"🍒Mỳ cay án tạm được chứ đặc sắc thì ko nha. 
Tô trình bày trang trí ko bắt mắt lắm
Tô thập cẩm có 1 miếng bò. Được cái con tôm khá to
🍒Vị ăn cũng bình thường
Quán có bán trái cây tô, xiên que.... nữa
Buổi tối khá đôngXem thêm",179
1973,Thảo Phạm,23/10/2017 18:56,7.4,"Lần này mình chọn quán khác để ăn mì cay xem hương vị thế nào và là tuyệt cú mèo luôn, lâu rồi không quay lại quán, không gian quán vẫn vậy nhưng phục vụ cực kì nhiều món mới luôn gòi, ngoài trái cây tô, mì cay, mì bay, Trứng cút chén nướng, giờ quán thêm ốc đủ loại nữa, vào quán là món gì cũng có luôn. Mình gọi 2 phần mì cay, một hải sản và một thập cẩm, một tuộc nướng nữa.
Tổng cộng mỗi món 40k là hết 120k ăn ngon lắm. Mình đánh giá thì mỳ cay ở quán đặc biệt ngon chắc mình ăn ở đây thôi quá, còn bạch tuộc nướng thì mình thấy không hợp vị lắm nhưng cũng rất tươi và ngon nhéXem thêm",179
1974,Thảo Phạm,28/11/2016 19:26,6.2,"Mình bị nghiện món trái cây tô ở quán này kinh khủng, tối mà thèm cái gì tươi tươi mát mát là địa điểm này hiện trên đầu đầu tiên luôn. Trái cây mà, ngoài trái cây còn cả một nùi quán lí nhí kế bên tha hồ ăn vặt luôn. Một tô trái cây chất lượng một người ăn như mình là ăn no nê luôn mà chỉ 25k/tô thôi, toẹt vời ông mặt zời. Nhận xét thôi:
- Không gian: rộng rãi, thiết kế phù hợp với phong cách sinh viên tụi mình lắm.
- Nhân viên: nhiệt tình lắm nha.
- Món ăn: trái cây tươi và ngon lắm, các. Bạn nên đến sớm nha.Xem thêm",179
1975,eatwtea 💋,26/5/2016 14:13,7.4,"Thời gian trước món trái cây tự chọn này khá hot các quán mọc lên như nấm. Tuy nhiên sau 1 thời gian thì giờ đã hạ nhiệt chỉ còn trụ lại vài quán. Trong đó quán này vẫn là quán thu hút khách nhất. 

Quầy trái cây bày trí đẹp mắt, thu hút người ăn. Cũng khá nhiều loại trái cây tươi và phong phú. Tuy nhiên cho siro và sữa vào khá thường, ăn ko có vị đặc biệt. So với giá lại khá chát. 20k 1 phần so với kích thước ly thì hơi thấy khá mắc.Xem thêm",179
1976,Na Ng,6/1/2016 11:15,7.8,"Đi ngang quán vào buổi tối nhìn lúc nào cũng muốn ghé vào ăn. Quán trang trí đèn vàng bắt mắt cộng thêm màu sắc đa dạng của trái cây, còn có cá viên chiên các loại. Có 2 loại ly nhỏ và lớn nhưng lần nào vào cũng chỉ thấy tính 1 loại giá là 20k. Cá viên chiên 100gr 20k ăn nghĩ rẻ nhưng có khi còn mắc hơn mua các quán ngoài biển. Được cái kim chi rất ngon, vừa miệng.Xem thêm",179
1977,Mr Cat,8/12/2015 15:25,7.8,"Đã ăn là phải ăn cho đáng ly đầy ụ thế này. Nhìn sơ 20k/ ly sẽ thấy giá ok nhưng nếu so lượng trái cây bỏ vào ly thì khá mắc, chưa kể nhiều loại xắt miếng khá to gắp chưa được bao nhiêu thì đầy ly rồi. Chất lượng khá ngon, trái cây tươi, ko bị dập nát gì. Nhiều loại trái cây tha hồ lựa chọn. Lâu lâu ghé ăn cho mát miệng thì cũng ok.Xem thêm",179
1978,Trang Trang,8/12/2015 11:54,7.8,"Quán rộng rãi, thoáng mát, bài trí đẹp, bắt mắt, dễ tìm. Nhân viên thân thiện, dễ thương.
Không biết có phải trái cây chỗ mình rẻ hay không nhưng mình thấy với giá 20k và kích thươc ly như vậy thì thật ra là hơi mắc.
Trái cây ngon, nhưng siro có lẽ nên nghiên cứu lại. Không thơm cho lắm, còn có kết tủa. Nhìn mất đẹp đĩa trái cây.Xem thêm",179
1979,eatwtea 💋,5/12/2015 0:36,8.6,Tối bán hàng về ghé làm 1 ly mát ruột mát gan rồi về ngủ là ngon. Bạn nào bụng yếu thì ko nên ăn thường xuyên vì trái cây mix với nhau cho thêm sữa + siro dễ đau bụng. Còn mình bụng khoẻ xi nhê gì. Kêu thêm xiên xiên ngon bá cháy mà ăn ở đây hơi mắc 100gr 20k để đi ăn cá viên chiên nhiều mà đã hơn á. Trái cây thì vẫn tươi ngon nên hôm nào cũng đông khách.Xem thêm,179
1980,Na Ng,24/11/2015 1:57,8.0,"Nhìn hình trên foody hấp dẫn quá nên đến ăn thử. Quán đông thiệt, nhìn đống trái cây mà muốn nhảy vô ăn cho hết. Nhiều loại lựa đã luôn, đầy ly mà vẫn chưa đầy loại. Trái cây khá tươi, ngon ko bị dập. Ăn rồi mới hiểu sao người ta ăn nhiều vậy. Trời nóng nực vào làm 1 ly này vừa mát, vừa đã lại còn tốt cho sức khoẻ. Chỉ 20k/1 ly đổ ra tô đầy ụ thêm sữa + siro béo và rất thơm.Xem thêm",179
1981,Phước Nguyễn,10/8/2021 16:15,1.0,"Mua 15 hột vịt mà k ăn đc trứng nào, ship trứng thúi trứng hư tốn tiền mà k đáng giá. Mn ai mua hột vịt thì nên tránh xa quán này nhé. Buôn bán kiểu đó thì dẹp tiệm sớm bạn nhé, nhớ làm việc thiện để giải nghiệp k nó quật con cháu tội lắmXem thêm",180
1982,QL,23/6/2018 12:04,5.8,"🍒Lần rồi mua về ăn ta nói nó chán ơi là chán :))
Nồi lẩu 170k đồ ăn ít
Nước lẩu trong kiểu thanh thanh ko đậm đà
Nhìn chung ăn 1 lần này ko quay lạiXem thêm",180
1983,JunB,26/5/2018 16:12,8.8,"Mỗi lần thèm ăn vú là mình sẽ ghé thăm quán. Quán đổi địa chỉ từ 129 TCĐ sang 239 TCĐ nhưng vẫn là một chủ và ăn vẫn ngon rất đậm đà. 
💥 ĐIỂM CỘNG 💥
- Nhân viên thân thiện, nhanh nhẹn, và rất nhiệt tình.
- Cô chủ đứng bán quá rất dth ( mình xin 2 miếng nạm né ăn thử cô cho luôn).
- Quán rộng rãi, thoáng mát, có phun sương nữa nha.
💥 ĐIỂM TRỪ 💥
- Mình ghé quán ăn vú né với bò nè. Vú rất ngon và giòn ăn rất ngon làm tốn tiền rất nhiều :(( tại ăn không đủ thèm. Bò thì tươi, ăn mềm. 
- Điều đặc biệt là chao ơi đây là loại chao quán tự nấu tự pha, ăn rất vừa miệng. Bạn nào ăn cay có thể bỏ thêm ớt miếng hoặc sa tế, sa tế ở đây ăn độ cay vừa miệng, không gây mặn. Cuốn kèm rau diếp cá và rau thơm (FREE). Mình hay gọi kèm 1 dĩa phở( 5K/ dĩa) ăn chung rất ngon mà không sợ đói luôn kkkk.
❌ ĐẶC BIỆT ❌
- Các bạn có thể gọi nạm ăn lẩu để né, ngon cực kì luôn huhuhu, mình nghĩ các bạn nên thử món này. Ngoài ra còn có thể né tuỷ nữa nha, tuỷ né vừa nóng, ăn vào beo béo ngon miệng. Mình cực kì thích luôn.
- Vào các dịp lễ hay tết các bạn nên ghé hoặc gọi sđt 0909525786 để đặt bàn trước tránh trường hợp ghé qua quán mà phải đứng đợi.
- Đồng giá 70k/ dĩa, nhưng rất nhiều, cho kèm đậu bắp và rau free, đậu bắp muốn kêu thêm thì 10k/ dĩa đầy ắp luôn.
Nchung quán ăn rất vừa miệng, mình rất thích. Đợt sau sẽ ghé lại ăn thử món lẩu ở đây.
Địa chỉ mới: 239 TRƯƠNG CÔNG ĐỊNHXem thêm",180
1984,QL,1/12/2017 3:38,6.2,"🍒Quán này trước ở Thống Nhất. Lấy tên bàu sen vì sát bên trường cấp 1 bàu sen của mình. Lúc đó lấy được mặt bằng vỉa hè trước trường rộng rãi lắm nên lúc đó cực đông khách luôn
🍒Mới đầu ăn cũng được. Giá cũng rẻ
Sau trường ko chi mướn mặt bằng nữa nên dời đi.Giờ thì hết rẻ rồi. 
🍒Đợt mình ăn cái lẩu nhỏ 170k được vài miếng thịt, gắp 2 3 đũa là hết còn lại nước ko nên rất chán. Lẩu nấu theo kiểu nước trong chứ ko phải nước đục nên hơi lạt lẽo
Có cả vú né, thịt bò né thì ăn cũng okXem thêm",180
1985,Như Nguyễn,21/11/2017 19:01,6.8,"Quán đã dời về số 39 Trương Công Định rồi. Số 129 đã bỏ nên các bạn kiếm gần phía đầu đường TCĐ nhé. 
Chất lượng mình thấy bình thường không thực sự ngon lắm. Nước lẩu ngọt, thịt tươi. Mình ăn 1 lẩu 200k + 4 mì giấy + 2 khăn lạnh tổng hết là 224k . Giá được k mắc cũng k rẻ. Phục vụ nhanh.Xem thêm",180
1986,BOL Pham,1/5/2016 19:06,5.6,"Lẩu như nồi thập cẩm...chẳng có gì ấn tượng
Nước Lẩu trong vs không đậm đà...không có đậu hủ, vị thuốc hay khoai môn...
Rau thì chỉ thấy toàn rau muống, cộng già không à...
Không có nước chấm đặc trưng của quán, ai ăn thì tự pha nước chấm, mắm, ớt, tương ớt or đen...
WC bẩn...
Phục vụ nhanh...
Giữ xe free
Giá cả: tạm chấp nhận nhưng k hợp lý với chất lượng...
Vì cả nhóm đi đường xa quá mệt vs đói nên đành ráng nuốt, sẽ không bao giờ ghé lại vì chẳng ngon miệng tẹo nào 😖Xem thêm",180
1987,eatwtea 💋,4/12/2015 13:23,8.4,"Lẩu bò chỉ cách nhà có mấy căn. Ngày nào đi ngang cũng thấy rất đông, ngày thường đã đông đến ngày lễ là ko có bàn ngồi luôn. Lẩu có nhiều giá từ 100-150k. Nước lẩu rất ngon, vừa ăn, đồ ăn nhiều, mềm dễ ăn. Thích ăn chấm chao hơn nhưng đa số các quán lẩu bò ở VT chỉ chấm tương thôi. Ngoài lẩu bò quán còn có cả món bò né cũng rất ngon. Lần nào ngồi ăn cũng được nghe nhạc free vui tai.Xem thêm",180
1988,Na Ng,30/11/2015 20:12,8.0,"Ko thích ăn lẩu ở đây chỉ thích ăn bò né thoai. Thịt bò mềm, 1 dĩa khá nhiều thịt, né chung vs bơ rất thơm ngon. Thích chấm chao nhưng ko có ở đây chỉ có tương thôi. Hôm nào cũng chật kín khách. Lẩu ăn được thoi chứ ko ngon lắm. Giá cả bình dân 2 đứa ăn tầm 200k là no cứng bụng.Xem thêm",180
1989,Thương Là Thương,18/3/2015 22:37,10,"Mình trên SG xuống VT chơi được bạn mình dẫn đến quán ăn, mình thấy lẩu khá ngon, giá mềm, đồ ăn nhiềuXem thêm",180
1990,Ánh Map,18/3/2015 22:28,7.8,Lau rat ngon. Minh rat thic. ^^ thinh thoang có đàn hát rat vui kekeXem thêm,180
1991,Nhi Nhi,1/10/2021 22:06,1.0,"Dở và mắc 
245k chẳng có gì. Kbh ăn và khuyến cáo bạn bèXem thêm",180
1992,QL,1/12/2017 3:21,6.4,"🍒Quán bán các món về bò nhưng chuyên lẩu bò nha. Chi nhánh này là chi nhánh 2
Hồi đó còn đi học chuyên gia rủ nhau đi ăn vì rẻ. Giờ hết rẻ rồi

🍒Ở đây thì bò né với vú né là ăn được nè còn lẩu bò thì lạt lắm, nước nhiều ít thịt
🍒Quán đông phục vụ hơi lâuXem thêm",180
1993,Trâm Lê,2/7/2017 15:25,7.2,Tối cuối tuần ghé đây ăn lẩu. Order lẩu 200k lúc mở ra hết hồn lun nhiều thịt lắm nhé. Nhà mình 3 người sức ăn cũng kha khá mà phải ăn cố có 3 gói mì vs 1 dĩa phở. Ăn mì thì ngon hơn. Dù là nhiều thịt nhưng mình thấy nước lẩu ko còn ngon như xưa. Phục vụ thì nói mãi mới chịu lấy chén vì cứ ngơ ngơ vs quên. Tổng 244k cho 3 người thấy cũng ok. Ai ko biết ăn hành thì phải xem xét chứ cho nhiều hành lắm nha. Giữ xe thân thiệnXem thêm,180
1994,Nguyenxuan,1/1/2016 21:26,7.2,"Quán ăn cũng được, do hôm nay tết Tây nên đông khách quá nhân viên phục vụ chậm, ko gian tối mà được cái thoáng. Nhà vệ sinh ko thích cho lắm. Nhân viên phục vụ chậm nhưng nhiệt tình, giá cũng okXem thêm",180
1995,Nhật Linh,11/12/2015 19:42,8.6,Thích ăn né hơn là lẩu. Lẩu thì thích ăn nhất là nạm thui. Miếng thịt vừa mỡ vừa nạc ăn rất ngon. Nếu b thích ăn nạm nạc thì có thể dặn với chủ quán.Xem thêm,180
1996,NhÓc Pyk,10/12/2015 18:17,6.0,mình ăn ở đây rất nhiều lần rồi. công nhận là né và lẩu đều ngon. thích nhất là chao với tương đen ở đây. vị đặc biệt ko giống với các quán khác. chỗ rồi rộng. ko bị bí. nhân viên nhanh nhẹn. 4 người ăn cái lẩu 170 là no căng rồi.Xem thêm,180
1997,Ngọc Nguyễn,8/12/2015 16:40,8.4,Nhân viên ở đây khá nhiệt tình. Chất lượng cũng khá ok. Mình thích ăn cả né và lẩu luôn. Chỗ ngồi cực kì rộng rãi và thoải mái nha. Sẽ quay lại. Này là dĩa lưỡi và nạm nèXem thêm,180
1998,Lão Đại,13/12/2018 22:56,9.0,"Hôm nay ghé tiệm mua hộp xôi mặn tầm 6h30 í, vị vẫn như mọi hôm, nay khác cái là xôi nóng ngon, lại có thêm miếng gà còn nguyên ăn mê tít thò lò luôn, ăn nguyên miếng mới thấy gà ngon tuyệt, phần nạc giống gà ở cơm gà xối mỡ và phần da giống đc rô ti thơm lắm! Giá cả phải chăng, 10-15-20k đều có xôi ăn hết, hê hê! Thích cải bắp thảo, nước sốt của tiệm, hôm thấy bán xôi gấc nhưng chưa mua, sữa đậu nành ngon, trước toàn mua Fami uống h thấy ở đây tự nấu mua uống ngon hơn! Điểm yếu ko chấp nhận đc là vị trí rất ngược đường, ai ở Nguyễn An Ninh như mình thì đi vòng Đội Cấn lên là ok nhất. Sẽ thử ở Lê Lai vì tiện đường. Hê hê!Xem thêm",181
1999,Thịnh Thịnh,27/5/2016 22:18,7.4,"Quán này bán xôi quả thật rất ngon, nằm ngay gần ngã 5 Lê Hồng Phong nên mọi người hay ghé nơi đây mua về khá đông, quán bán rất nhiều loại xôi nhưng mình hay mua xôi gà vì ăn thấy rất ngon, xôi mềm gà được xé nhiễn ra gia vị nêm nếm khá ngon. bình quân mỗi hộp xôi gà 15k tùy vào ai muốn ăn nhiều thì sẽ gọi thêm phần đặc biệt. Thường thì mọi người hay mua đem đi vì mặt bằng quán không rộng lắm. Mình cũng đã từng ăn nhiều chỗ nhưng cảm thấy chỗ này làm xôi là ngon nhất, cộng với thái đọ phục vụ của chủ quán rất nhiệt tình.Xem thêm",181
2000,Py Thảo,24/3/2016 16:15,8.2,"Đang làm mà có nhỏ bạn mua cho hộp xôi gà đem qua chỗ làm sướng gì đâu, mở ra là biết xối gà Quốc Sang rồi, lâu rồi không ăn ở đây, nghe mùi là chịu không nổi luôn rồi

Cũng như mọi lần mở hộp xoi ra là thấy toàn gà với chả không thấy xôi luôn, mà ăn 1 hồi gà hết xôi không hết nổi, vì quá nhiều mà cũng do là do xôi nhanh ngán nữa, hôm nay gà xé bỏ nhiều quá mà nước sốt thì chan ít ghê, vẫn thích pate nhất nhất, ăn giống kiểu pate Bắc í, mặc dù mình là người Nam ^^

Mỗi lần đi ngang qua mình thấy xuất hiện 1 tiệm cơm Quốc Sang kế bên nữa, đi ngang nghe mùi thịt bùng cháy lên luôn, chắc là do mới mở thêm, cố gắng sắp xếp có dịp sẽ ghé qua ăn thử :3Xem thêm",181
2001,Ngọc Ngọc,1/2/2016 21:55,8.8,"Chỉ thích ăn xôi gà chỗ này, rẻ, sạch sẽ, mà lại ngọt
Chỗ này nằm kế chỗ bán giày ở ngã 5 ấy gần trạm công an giao thông cũ. Tiệm sáng sủa lúc nào cũng khói bốc nghi ngút nên dễ bị quyến rũ lắm
Đi ngang qua lần nào cũng đông, nên lắm lúc cũng lười vô. Nhưng hôm nay ngoại lệ thèm là phải ăn, ăn thì phải ăn ở đây mới chịu nổi
Mình mua hộp có 15k à ít xôi nhiều đồ ăn vì xôi nhanh ngán, đồ ăn như gà xé, chả lụa, trứng cút chiên, lạp xưởng trong xôi nhiều lắm nhé. Có khi ăn hết xôi mà chưa hết đồ ăn luôn
Chú chủ quán hơi khó chịu một xíu không thân thiện như vợ với con của chú nhưng quán vẫn đông như thường vì ở đây bán lâu năm rồi
Sẽ ăn thường xuyên ở đây vì nước sốt gà càng ngày càng ngon :DXem thêm",181
2002,Py Thảo,18/1/2016 22:08,8.4,"Tiệm bánh mì, xôi này gần nằm trên đường Lê Hồng Phong, gần đồn công an giao thông cũ ở ngã 5 ấy

Hình như tiệm bán cả ngày hay sao ấy, lúc nào mình đi ngang qua cũng thấy lai rai khách vào mua cả, trưa thì hơi vắng khách xíu thôi, từ bé đi học là mình đã mua đồ ăn sáng ở đây rồi, quán cũng có từ rất lâu rồi đó nha

Mình không thích ăn bánh mì cho lắm nên mỗi lần vô đây thì mình chỉ thích ăn xôi gà thôi, đúng hấp dẫn luôn, xôi nhiều, mềm, xốp vừa ăn, gà xé thì nhiều lắm, có cả trứng cút chiên nữa, thích nhất là nước sốt gà ở đây nè, chan vô xôi ăn hết ý luôn nên lúc nào mua mình cũng kêu chan sốt nhiều là vậy. Khuyến cáo mấy bạn ăn ít ít như mình thì mua hộp khoảng 15k thôi, chứ 20k ăn sẽ không hết vì xôi rất nhanh ngán nhé, còn có bán cả 10k nữa nha

Chú chủ quán cũng rất vui tính nhưng tùy lúc à nên cũng không biết chú khó hay không? Nhưng theo kiểu mình ăn quen rồi thì chú bình thường và mến khách nữa

Lần sau sẽ thưởng thức món bánh mì ở đây vì thử kĩ xem món pate ở đây như thế nào mà nhiều người khen ngon quá ^^Xem thêm",181
2003,QL,18/1/2019 22:08,7.2,"🍒Xôi ngon ngon
Xôi ở đây được cái có nước sốt rất đậm đà
Hộp 15k đủ chả, gà xé, lạp xưởng, trứng, jambon.... bọc lá chuối ngon lắm á
🍒Xe nhỏ nằm nay góc lê lai nguyễn văn trỗi nhaXem thêm",181
2004,Duy Phát Lê,23/9/2018 22:31,7.0,"Mỗi lần về vt là ăn xôi này
Hộp 15k mình thấy khá nhiều đồ ăn và vị đậm đà hơn những chỗ khác. Ko phải xếp hàng chờ đợi
Nhìn chung là ổn. Bánh mì cũng okXem thêm",181
2005,Phuong,3/8/2018 15:14,9.2,"THÍCH NHẤT Ở ĐÂY LÀ XÔI BÁNH MÌ NÓNG, THỊT, PATE, CHẢ CŨNG RẤT NGON, ĐĂT BIỆT LÀ KHÔNG PHẢI CHỜ ĐỢI LAU NHƯ BÁNH MÌ KHÔNG TÊN. 
NGÀY NÀO CŨNG PHẢI ĂN 1 hộp xôi hoặc 1 ổ bánh mì mới chịu 😝😝 em chủ bán cũng rất dẽ thương và vui vẻ.Xem thêm",181
2006,Thảo Phạm,20/11/2017 22:44,6.4,"Bánh mì Sang thì không nằm thuận trên đường mình đi cả, mình ghé quán lúc đầu là vì muốn mua nước nha đam chỉ 5k/chai bé bé uống vị ngon lắm, sau này để ý đến xôi rồi bánh mì, thế là mình quyết định làm ổ bánh mì xem sao. Bánh mì của Quốc Sang chỉ có là do không được ủ nóng nên là hơi mềm, còn các món thịt nguội, chả, pate đều ăn khá ổn, phần nước sốt được ưu ái hâm nóng liên tục nên cũng khá ngon. Ổ bánh mì chỉ 15k hoi nhưng mà ngập tràn thịt với đồ ăn luôn nhéXem thêm",181
2007,Huong,21/7/2017 14:50,9.6,Thử xem một ổ bánh mì gồm những gì nhé!Xem thêm,181
2008,Huong,8/7/2017 10:00,9.8,Thử xem một hộp xôi gồm những gì nhé!Xem thêm,181
2009,Huong,1/7/2017 9:38,8.2,"Nói chứ ăn ở đây k biết bao nhiêu lần rồi. Ăn hoài thèm hoài, bạn nào muốn thử vị xôi khác thì nên thử bên đây nhé, vị rất đặc biệt và không giống ở đâu cả.

Xôi- bánh mì Quốc Sang thì người ở VT ai cũng biết bao năm nay rồi. Tiệm làm ngon và rẻ thật chứ k phải kiểu quảng cáo rồi bên ngoài làm khác đâu.

Sẽ ủng hộ hoài hoài hihiXem thêm",181
2010,freezingsnake,18/6/2017 12:01,6.6,"Bánh mỳ giá 12k, khá chất lượng. K rõ so với vt thì sao nhưng so với sg thì rẻXem thêm",181
2011,Cuong Vuong Manh,17/3/2017 7:54,9.6,"Bao năm nay từ khi còn nhỏ và đến bây giờ gia đình mình vẫn hay ăn xôi ở đây. Giờ thấy nhất định phải vote ngay!
Xôi dẻo, nước sốt ngon, thấy bà chủ làm rất cẩn thận dạo này còn lót thêm lá chuối nữa. Chuẩn!Xem thêm",181
2012,son ho,16/3/2017 10:37,8.6,"Mình ăn xôi ở đây từ bé, quán này lâu đời rồi, xôi ngon mềm, nước sốt thơm lừng,  giá lại rẻ, ông bà chủ còn trẻ nên xì tin thân thiện lém. Nói chung là có dịp đi vũng tàu thì nên ghé ăn :DXem thêm",181
2013,Thien Le,14/7/2017 17:05,4.2,Mình tới quán đúng là đông thật. Vì chỉ đi 2 người nên chỉ gọi 1 lẩu lớn vì sợ gọi nhiều ăn không hết. Cảm nhận đầu tiên nồi lẩu thấy cũng nhiều nhưng hơi nhiều xương quá. Với lại chỉ có 1 loại rau hỏi mấy rau khác với trứng vịt lộn bỏ lẩu cũng không có. Nước lẩu nhạt không được đậm vị còn đồ chấm thì chao loãng quá và không có vị đặc trưng 2 cái cơ bản của nồi lẩu là không đạt rồi. Nhân viên ở đây thì phục vụ ổn không phải chờ lâu. Nhìn chung mình sẽ tìm quán khác ăn thử xem thế nào.Xem thêm,182
2014,Mều Na,12/7/2017 19:38,6.4,"Bọn mình đặt bàn lúc 7h, ghé tới sớm hơn giờ đặt xíu mà ta nói không có miếng chỗ ngồi phải đứng đợi 1 lúc vì quá tải, cho nên xét lại ở đây có đặt bàn cũng như không vì khách quá đông .
Tụi mình ăn 3 vú dê né, 1 cà ri, 1 lẩu, 1 dồi, bánh đa, bánh mì, mì, rau kèm, nước ngọt 1 chai, nước suối với mấy chai bia, tc khoảng 1,1 tr. 
Ăn thì ok, ghét cái ngồi chen chúc, nóng nực, khách đông nên đợi lâu, không thoải mái mấy .Xem thêm",182
2015,Mều Na,30/6/2017 10:12,7.4,"Nói dê ở đây ngon và đàng hoàng nhất Vũng Tàu chắc cũng không bị "" oan"" đâu :)))
Bọn mình đi 5 "" bé gái"" thêm 1 babi boi :)) mà chén 3 dĩa vú dê to oành, thêm dĩa xào lăn, 1 dĩa dồi, 1 chén óc ta nói ăn no ná thở, nhất là zú zê ngon nhắm nhắm luôn. Nghĩ sao mà 6h kém nghĩ tới sớm hơn giờ đặt mà không tin nổi là đã thấy nhiều bàn ngập người đang say sưa oánh chén mới ghê chớ :))). Thảo nào con bé em ko hăm hở đặt bàn trước sợ trễ hết zú :))
Nói chung đừng soi kĩ quá thì ăn uống no say thoải mái ^^Xem thêm",182
2016,Khanh Dinh,9/12/2016 16:02,9.0,"Đây đối với mình là quán dê ngon nhất Vũng Tàu. Đặc biệt quán này có bán món vú (heo) thơm ngon chất lượng mà mình cực kỳ thích. Vì có nhiều quán dê ở Vũng Tàu bán dê cũng ok nhưng mà không bán vú (heo) nên đến ăn lại thiếu mất món tủ thì lại mất vui các bạn ạ! 😂
Đi ăn quán này nhiều vô kể rồi. Nhưng gần đây mình mới thích review trên foody nên sẵn dịp vừa mới đi ăn đây, mình up hình và review cho các bạn thêm 1 địa điểm ngon nên ghé khi du lịch ở Vũng Tàu. 
Giá cả đảm bảo nhé. Có giá hết. Không lo chặt chém gì nhé. 
Phục vụ nhanh nhẹn dễ chịu nên yên tâm ha. 
Đồ ăn thì chuẩn vị Sài Gòn thân yêu. Ướp vừa vặn. Ăn món nào cũng từ ngon đến tuyệt vời. Yên tâm.Xem thêm",182
2017,Thảo Phạm,27/11/2016 18:51,6.4,"Lần 2 quay lại quán, hình như bắt đầu nghiện dê. Mà lần này đi sớm nên được tự chọn món và được nhân viên tư vấn. Cũng đi ăn trưa với bạn bè nên phải ăn cho no. Dưới hình là 2 món Cà ri Dê và Dê hấp lá tía tô theo mình ăn là đều ngon lắm nha. Nhận xét thôi:
- Không gian: như trước đã nhận xét không gian thoáng mát chính là thứ khiến mình cuồng chân quay lại quán.
- Nhân viên: thân thiệt, nhiệt tình tiếp bia tiếp đồ ăn lắm.
- Món ăn: ngon lên mới quay lạiXem thêm",182
2018,Tạ Vy,22/10/2016 21:15,7.8,"Không gian: khá thoáng, quán nằm trong hẻm nhưng dễ tìm, tầm 7h trở đi là khách đông cực
Món ăn: món nào cũng ngon hết, mỗi lần về Vũng Tàu là phải ghé ăn, sạch sẽ ướp vừa ăn, nước chấm có chao với muối tiêu nguyên hột, 1 dĩa khá nhiều, xắt miếng dày. Mình đặc biệt mê dê xào lăn với cà ri dê của quán 
Nhân viên: nhiệt tình cực kì, dù đông cỡ nào cũng chạy hết sức nhìn mà thương 
Giá cả: các món đều dao động 120-150-200, giá cùng chất lượng quá ổn 👍🏻Xem thêm",182
2019,Thảo Phạm,22/10/2016 19:43,6.4,"Lúc đến quán Long Sơn thì món đã được gọi lên bàn hết rồi mình cũng thật sự không biết tên mấy món ăn trên bàn vì ít đi ăn mấy món về dê nên khó nhận xét xác thực nhất nhưng sẽ đánh giá khách quan nhất về quán:
- Không gian: Mình thích cái nóc quán, cao ráo được lợp bằng (lá gì mình không nhớ tên lá để lợp nhà đó) nên không gian quán giữa 12h trưa vẫn cực kì mát và thoáng
- Nhân viên: mấy lần mình vào thì từ bảo vệ đến phục vụ đều rất okay
- Món ăn: Ăn ngon miệng biết nhận xét vậy thôi chứ không biết phân tích kĩ hơn đượcXem thêm",182
2020,eatwtea 💋,28/8/2016 3:51,8.0,"Mỗi lần dịp lễ tết, kỉ niệm hay sinh nhật ai trong nhà là nhà mình kéo đi ăn quán để đổi khẩu vị. Bình thường ăn thịt heo, thịt bò, gà hay cá đã quá ngán. Đổi khẩu vị với món thịt dê là hợp lí nhất. Muốn ăn ở đây 1 là phải đi sớm tầm 6h hoặc trễ tầm sau 8h thì khỏi lo hết bàn. Đi vào khung giờ 6-8h thì ko chờ bàn cũng chờ đồ ăn mòn mỏi vì giờ này quán rất đông. 
Ba mẹ cũng dẫn đi ăn ở nhiều quán dê rồi, tuy vậy quán này vẫn là hợp khẩu vị nhất. Từ món nướng cho đến hấp, hoặc lẩu .... món nào cũng đậm đà vừa miệng. Sơ chế sạch sẽ và kĩ lưỡng nên khi ăn ko nghe nhiều mùi thịt dê nồng. 
Được cái nhân viên ở đây ai cũng nhiệt tình, niềm nở dù khách đông khiến họ cũng khá mệt. Ai thích ăn dê thì ghé quán thử nha.Xem thêm",182
2021,Thanh Mai,19/6/2016 18:33,7.2,"Bây giờ đồ ăn ở quán không ngon như trước nữa rồi. Trước kia ăn ngon, nêm nếm ngon, nhất là cà ri dê nóng hổi, trông cũng khá sạch sẽ.
Phục vụ tốt, không gian quán cũng rộng rãi, thoáng mát nhiều bànXem thêm",182
2022,Luyen Do,15/5/2016 12:21,8.0,"Ăn ở đây ba bốn lần rồi, lần nào cũng thấy ngon, giá cả phải chăng, đồ ăn tươi. Thích nhất món dồi dê nướng đặc biệt món cà ri rất vừa miệng cho người Việt, dù mình không thích cà ri lắm nhưng lại thích cà ri quán làm.Xem thêm",182
2023,Bảo Khanh,23/5/2020 20:29,10,Nhà mình ăn thử và cực kì ngon luôn!! Ăn hết 7 phần mới nhớ chụp haha. Thịt cực mềm và rau cực sạch nhaXem thêm,183
2024,Hong Phuc,23/11/2019 13:08,9.2,Ngonnnnn cực! Thịt béo nguậy đậm đà !!! Sẽ quay lại vào dịp sauXem thêm,183
2025,foodee_uldbgca5,24/8/2019 11:57,10,Quay lại ăn quán này. Thưởng thức thêm được món bánh hỏi nem nướng.  Uống nước đậu đen.  Rất hợp khẩu vị mình.Xem thêm,183
2026,Thủy Vũ,20/8/2019 9:56,5.0,"Quán ăn ngon,nem ngon thiệt và bà chủ quán dễ thương, giao hàng rất đúng hẹn và tận tình. Mong quán làm ăn thật phát đạtXem thêm",183
2027,Trần Khang,7/8/2019 19:16,1.0,Chưa ăn nên chưa biết ngon hay không nhưng vô ngồi cả buổi trời nhân viên đang ngang chỉ nhìn chứ chẳng hỏi gì xong có bán vô sau mình ăn mặc sang trọng hơn vô hỏi liền cảm thấy bị khinh thườngXem thêm,183
2028,Huyền Thu,8/7/2019 20:20,8.6,Không gian thoáng mát vệ sinh sạch sẽ phục vụ nhiệt tình và đồ ăn thì ngon lại còn rẻXem thêm,183
2029,Bin Tran,9/6/2019 16:58,9.4,"Mình ở sài gòn có ăn thử nem nam an quận 2 rất thích, không ngờ về vũng tàu cũng có luôn, cùng một hệ thống. Nem ngon, bài trí đẹp mắt, sạch sẽ. 
Có nhạc hoà tấu du dương rất phê ^^ . Lúc nào đi ăn cũng 2 hộp bún khô mang về....Xem thêm",183
2030,Quynh Nga,8/6/2019 19:35,9.0,"Không gian thoáng, bài trí quán dễ chịu. Giá cả hợp lý, đặc biệt thích không gian và bà chủ.Xem thêm",183
2031,sanghoangnguyen,8/6/2019 16:20,9.8,"nem nướng với bò nướng ở đâu rất ngon, bánh giòn ở quán giòn và thơm, quán đẹp, phục vụ rất tốt, nhân viên với chủ quán vô cùng thân thiện và nhiệt tình. Chắc chắn sẽ quay lạiXem thêm",183
2032,thành lương,8/6/2019 15:55,8.6,"Hai vợ chồng tôi được con trai giới thiệu quán nem kiểu phú yên, là dân phú yên gốc, thấy nem làm khá khá ổn, nước chấm có thay đổi một chút vị vừa khẩu vị khách tại đây. Sẽ quay lạiXem thêm",183
2033,Mỹ An,18/5/2018 14:39,5.4,"Lần đó đi Jolie vì có việc, và tại bàn mình ngồi đã có rác xả trước đó nhưng nhân viên lại tỏ vẻ khó chịu và bắt mình dọn dẹp, nhặt rác mặc dù đó không phải là lỗi của mình. Thay vì cọc cằn thì họ có thể nói nhẹ nhàng ""phiền em/chị nhặt rác dưới chân mình được ko ạ ?"" thì có lẽ mình sẽ đánh giá cao ý thức của họ hơn. Không những thế, họ còn tỏ vẻ khí chịu khi mình xem hết menu rồi mới order *vì đó là lần đầu mình đến* (có lẽ chỉ mất tầm 2' thôi, nhưng thái độ như vậy rất thất vọng)
View đẹp ko phải bàn rồi, thực đơn không đa dạng và đồ uống khá đắt *có lẽ vì vị trí mặt bằng khá tốt*.Xem thêm",184
2034,Ú Nù  Sư Muội,5/5/2017 23:03,7.8,"Đây là quán cf mà mình và gia đình đều rất thích mỗi khi ra VT. Lần này đến hơi trễ gần 10h tối mình mới ghé( thật sự là lúc vào cũng ko để ý thời gian đâu)
Mọi khi gđ đều rất thích ngồi bàn sát biển vì thoáng mát lắm. Ở đây pv cũng được training kĩ, mình khá hài lòng về cách pv của nv. Đồ uống ko mắc nhưng rất ít món để mình lựa chọn, ngoài thức uống ra còn có điểm tâm sáng, à còn kem baskin-robbins 55k/ cục.
Có không gian phòng máy lạnh và dãy bàn sát biển ngoài ra còn có khu gần ven đường.Xem thêm",184
2035,Rosemallow Dolly,7/4/2017 9:40,4.4,"Mình đã từng ở đây vì rất thích khách sạn ngay biển thế này, nhưng có sự khó chịu trầm trọng đối với quán cafe của khách sạn này. Vào ăn thì nhân viên đến hỏi, hỏi xong là đi thật lâu, mỗi lần nhờ châm nước trà là không bao giờ được, kêu tính tiền thì chờ thật lâu. Thái độ khi order món là nhặng xị khó chịu. Mình là người rất dễ tính nhưng thật sự vô cùng thất vọng. Giá phòng khá đắt, thức ăn - cafe không rẻ vậy mà thái độ phục vụ khiến không muốn quay lại.Xem thêm",184
2036,Tu Vo,31/7/2016 10:34,1.6,Thái độ nhân viên quá tệ cho một quán cafe mức giá cao và có thu 5% phí dịch vụ. Mình order La Hán Quả và đem ra cho một ly trà thanh nhiệt. Khi mình hỏi thì nhân viên hằn học to tiếng. Và thậm chí quát tháo cả tụi mình và bắt tụi mình phải uống luôn cả thức uống đó. Cảm nhận cực kỳ tệ và sẽ không bao giờ ghé đến quán này nữa.Xem thêm,184
2037,Na Le,27/7/2016 11:41,6.6,"Quán được nhất là view đẹp, ngồi ngoài ban công thấy biển trời rất thích. Nước uống với giá này thì chưa được tốt lắm.Xem thêm",184
2038,Hương Xây,8/7/2016 16:50,7.6,"Quán có chỗ ngồi sát biển khá đẹp nên mình ghé uống thử. có nhân viên đón khách và đưa đến tận bàn.
m gọi cafe sữa, soda bạc hà sốt caramel, 2 hủ tiếu hải sản. nước uống cũng được, hủ tiếu ngon- hải sản tươi. 
nhân viên dễ thương, nhiệt tìnhXem thêm",184
2039,Py Thảo,19/3/2016 22:56,6.8,"Ấn tượng với quán là có lễ tân đón tiếp chu đáo, view đẹp, bàn ghế đẹp, không gian đẹp

Mình chọn 1 bàn dành cho 2 người ở ven biễn luôn, mà ngồi chưa được 5p à đổi bàn khác vì mùi cống xông lên không chịu được luôn T.T

Không gian quán sáng sủa, nhân viên ít nên phục vụ rất chậm. Lúc order xong mình có gợi ý cho mượn menu lại, rõ ràng có nhìn mình nhưng vẫn lấy menu đem đi và lơ
Mình gọi 1 sting, 1 ly kem ốc quê vì thấy có để logo của kem BR nên muốn ăn thử, thiệt tình là không chấp nhận được luôn, gần 70k/ly mà chỉ là kem thường, nhìn vô thì bị chảy ra rồi, bánh ốc quế thì mềm xèo, ra dầu luôn. Bỏ luôn khỏi chụp hình. Mình gọi 1 bò húc để uống kèm thì mãi gần 15p sau mới đem ra

Quán gì cũng ok nhưng với giá cả như thế, chất lượng đồ uống không đạt thì chắc chắc đây là lần đầu tiên cũng là lần cuối cùng luônXem thêm",184
2040,Trần Thanh Ngọc,22/11/2015 11:21,6.4,"Quán có view khá tốt: sân vườn, phòng lạnh và hướng biển. 
Nhân viên nhiệt tình, phục vụ tốt. Có khâu đón khách và hướng dẫn ra bàn ngồi. Nước ra nhanh. Nhưng chất lượng nước thì tệ. Mình gọi trà đào hơn 30k mà không có miếng đào nào hết. Bạn mình thì kêu Trà đào + chanh dây, hai vị không rõ ràng mà còn đắng nữa 😢. Nói chung giá thành như thế với chất lượng như thế thì với mình không đáng.Xem thêm",184
2041,Cloudy Smiley,21/11/2015 10:10,6.8,"Kế hoạch hang over đổ bể vì Blue Moon sửa chữa, ko đi quẫy đc nên đành đi ăn kem vì nhìn ở ngoài có cái bảng hiệu BR, cứ tuởng là của BR, đi vào mới biết là quán cf, BR là kem đc bán kèm tỏng này thôi.

Menu hơi xấu nhưng món khá nhiều, có cả đồ ăn chơi & đồ ăn nữa. Nhân viên thân thiện, nhiệt tình, nước ra nhanh. 

Thức uống tạm chấp nhận được thôi.  Ly kem cf của bạn mình gọi 95k mà rất dỡ (có phải là kem BR ko thì mình ko biết) ốc quế bị mềm xèo.Xem thêm",184
2042,Thanh Hằng Dương,12/7/2015 18:51,7.6,"View đẹp, mát, chắc do vậy mà giá cũng khá cao . Nước uống cũng tạm được. Nhân viên phục vụ tận tình.Xem thêm",184
2043,QL,17/1/2019 20:57,7.6,"🍒Nhìn qua nhìn lại sao có mình mình viết rv cho quán à, mà lần nào cũng đúng 1 món ruột duy nhất😂😂
Tối nào quán cũng full bàn rồi mua về tùm lum mà ta
Giờ có Now rồi ko cần chạy ra đợi nữa
🍒Phần cơm cánh 42k thêm chén canh cải 5k là no nê ngon lành
Giá này ko phải là rẻ so với mặt bằng chung nhưng về hương vị thì đi khắp cái đất nước Việt Nam! Này mình cũng chưa được ăn hộp cơm gà mắm nào ngon như Hai Lang. 
🍒Nói chung là em ghiền em mê lắm😌Xem thêm",185
2044,QL,23/9/2018 21:39,7.6,"🍒Cơm cánh mắm siêu ngon. Viết rv mà thèm. Mình hay gọi cánh xương thì quán sẽ lựa những khúc có da vì mình ko thích ăn nhiều thịt bị khô
Cơm là cơm chiên sốt cà đỏ
Canh cải 5k rất ngon luôn
🍒Quán còn có cơm dương châu, cơm bò tết, lắc, bằm, cơm mực, nui xào...
Canh có canh cải chua sườn, canh khổ qua cũng ngon lắm
Hình như bây giờ là ~40k/ phần rồi thì phảiXem thêm",185
2045,QL,23/6/2018 12:00,7.4,"🍒Cơm gà ăn từ nhỏ. 
Món khoái khẩu của mình là cơm cánh xương
Gà chặt nhỏ dễ thấm. Nước sốt mắm đậm đà ngon lắm
🍒Cơm chiên tơi dễ ăn nói chung về vt mình lúc nào cũng phải làm 1 hộp thêm phần canh 5k là no nê
Tổng thiệi hại 47k :))Xem thêm",185
2046,Ngocanh307,16/4/2017 5:19,8.6,"Cơm gà này được mẹ dẫn đi ăn lúc năm tuổi mà ghiền từ đó đến giờ luôn.Mình đã đi nhiều nơi thử nhiều loại cơm gà nhưng cơm gà ở đây vẫn là ngon nhất với mình.Món ngon nhất theo mình là cơm đùi gà chiên nước mắm,da gà giòn béo thấm nước mắm,ngoài ra có cơm bò lúc lắc và các món khác cũng rất ngon nữa.Xem thêm",185
2047,Khánh Khánh,24/8/2016 10:52,7.2,"Quán này bán cơm giá khá chát nhưng bảo đảm chất lượng luôn nha. Cơm đùi gà 37k, cơm lúc lắc 47k. Lâu lâu ăn dc chứ ăn hoài nghèo luôn haha. Mình đi hai đứa kiu hai dĩa com gà ăn no nê bết xì lết luôn. đùi gà ướp ngon, cơm vừa ăn ko quá khô. xong order thêm hộp cơm lúc lắc về tối coi phim ăn keke. Thịt bò mềm ko dai. tuyệt vời. 
Sẽ ghé lại ăn nhìu món khác "":))))))Xem thêm",185
2048,Na Ng,2/4/2016 19:15,8.8,"Đi tập thể dục về đói bụng ngán cơm nhà nên ghé quán 2 lang mua hộp nui xào về ăn. Nui và cơm giá cũng như nhau, 37k 1 phần. Giá hơi cao nhưng chất lượng tốt. Bò rất mềm và thơm, nui hơi ít. Ai ăn khoẻ chắc phải kêu thêm nui hoặc nên ăn cơm thì no hơn. Mua về nên gọi đặt trước chứ đến nơi mới kêu thì sẽ phải chờ lâu. Quán bán từ 4h chiều, muốn ngồi tại quán ăn thì tầm 6h mới bắt đầu được vào ngồi nhé.Xem thêm",185
2049,Pa Nee,6/3/2016 21:53,8.4,"Ngán cơm nên ghé quán mua nui xào bò lúc lắc. Lâu ko ghé giá cả cũng tăng lên 37k/1 phần. Nhưng chất lượng vẫn không đổi. Thịt bò hôm nay mềm cực luôn, mềm hơn những lần trước mình ăn nữa. Nui xào hơi nhạt nhưng ăn chung với bò lúc lắc là vừa miệng. Mua trễ nên chẳng còn món canh nào. Quán vẫn đông như trước giờ, cuối tuần lại càng đông hơn nữa. Phải đặt trước mới còn chứ đến nơi mua vừa chờ lâu, có khi lại hết. Lâu lâu ăn thay đổi khẩu vị thấy ngon miệng thật.Xem thêm",185
2050,Na Ng,4/1/2016 16:54,8.2,"Bình thường hay gọi đặt cơm rồi đến lấy về nhà ăn. Hôm qua 6h ghé vào quán định ngồi ăn mà 6h30 quán mới cho khách vào ngồi nên phải chạy lòng vòng rồi mới lại. 6h20 ghé lại quán vừa cho khách vào ngồi 10' là chật kín bàn luôn. Kinh khủng thiệt. Mặc dù vật giá leo thang mà quán này khách vẫn đều đều mỗi ngày. 

Hay kêu cơm cánh gà mà chưa gì đã hết đành kêu đùi gà nước mắm. Chất lượng vẫn ngon tuyệt như vậy, phần cơm đầy ụ, lớp gà chiên nước mắm đậm đà ngon ngon. Kêu thêm chén canh khổ qua thịt bằm ăn kèm là hết xẩy. Cả bữa ăn hết 42k nhưng chất lượng và ngon miệng vô cùng.Xem thêm",185
2051,eatwtea 💋,2/1/2016 2:19,8.0,"Quán cơm nổi tiếng ở Vũng tàu với các món cơm gà chiên nước mắm, bò lúc lắc, bò xào cải... Ngoài cơm còn có nui và các loại canh. Thích nhất là cơm cánh gà chiên nước mắm, vị đậm đà thơm ngon. Quán bán ăn tại chỗ và mua về, có thể điện thoại đặt cơm trước nhé. Giá 1 phần cơm là 37k nhưng cực kì chất lượng nha.Xem thêm",185
2052,Như Ý Đặng,29/6/2015 15:59,8.4,"6h rưỡi chiều mới cho vô ăn :)))
Phục vụ lên món siêu nhanh. Quán đông, có khi phải ngồi kế ng lạ.
Giá cả phải chăng, chú giữ xe vui vẻ^^
Chưa thử nhiều món nhưng cơm gà mình ăn rất ngon, gà đậm gia vị.Xem thêm",185
2053,foodee_yvap060u,14/8/2022 14:20,6.0,"Lên món chậm, bàn bị hư bếp mà ko có nhân viên chăm sóc để khi khách nói mới chịu. Vừa ăn vừa ngủ gục, thịt dai nháchXem thêm",186
2054,Loc Le,17/5/2021 15:10,2.4,"- Thịt và đồ ăn nhìn như đồ cũ lâu ngày lâu tháng đem cho khách hàng ăn chơi.
- Vị ướp dở tệ sao lại tự xưng là King của BBQ? Trò cười à?
- Đồ ăn ở quầy thì nguội lạnh.
- Menu gò bó, buffet mà chẳng đa dạng lại ép giá, KÉM XA Hana.
- Thịt cắt nham nhở như cái nùi cháo heo.
- Nhân viên lúc nào trông cũng u ám uể oải.Xem thêm",186
2055,Meo Cú,24/2/2020 14:03,4.6,"• Nằm ở tầng trệt TTTM Lotte Mart Vũng Tàu, khá dễ tìm.

• Lúc mình đến, quán khá vắng vẻ, chỉ có 1 bàn, được cái không gian cũng rộng rãi, sạch sẽ.

• Các món trên line Buffet trông rất ngon mắt, nhưng ngon miệng thì không, đặc biệt là món bánh gạo, mình không hay bỏ thức ăn nhưng thật sự vị của món bánh gạo cũng như cách nêm nếm khiến mình không nuốt nổi. Món thứ 2 là canh kim chi, vừa chua vừa nhạt. Mình chọn gói 199k nhưng thất vọng hơn là hầu hết thịt ba chỉ này nọ đều hết, trong khi quán không hề đông. Tổng bill 2 người gần 500k không đáng chút nào.

• Nhân viên không nhiệt tình.

• Không bao giờ quay lại.Xem thêm",186
2056,Trang Nguyễn,24/1/2020 14:01,2.2,"Đồ ăn đối với mình rất ổn, nhưng mình thấy nên khắc phục cao về tính phục vụ ngay cả khi gọi tới để đặt bằn hay sao đó cũng kh có tiếp tân nghe điện thoại kh hài lòngXem thêm",186
2057,Thuc Hong,15/4/2019 11:37,10,"Hôm qua mình và người ấy có dịp ghé lotte Vũng Tàu nên ghé ăn. Tụi mình dùng menu 279k.Thức ăn ngon, phục vụ tốt và thân thiện, chủ động thay vỉ và khi thấy thức ăn hết hỏi mình có gọi thêm món gì ko, hỗ trợ châm than khi bếp mình hết nóng cũng nhiệt tình.
Lúc mình đến cũng chưa đông lắm nên khá là thoải mái.
Trà chanh hơi ngọt xíu nhưng đá tan ra rất vừa miệng.Xem thêm",186
2058,tpd12,6/4/2019 0:01,8.6,"Đọc review thấy dân tình chê bai phục vụ nhưng vì trưa nắng lỡ đi lotte nên mình tấp vô luôn. 
Mình thấy phục vụ tốt mà nhỉ 🤔 Hay tại ca trưa với ca tối nhân viên khác nhau!?!
 Từ lúc bước vào đã có người hướng dẫn tận tình, vào bàn rồi thì được bạn nhân viên nhiệt tình giới thiệu, lên món khá nhanh và yêu cầu (xin kéo, xin tương) cũng được đáp ứng ngay. 
Thậm chí các bạn còn chủ động nướng cho mình luônn😱 Thấy lửa khói gì cũng đi ngang chỉnh giúp nữa í. Ăn hết còn được hỏi có muốn gọi món thêm không. Cảm thấy được quan tâm hết sức 😆
Trên bàn mình thấy có bảng bấm gọi phục vụ (tính tiền, gọi món or huỷ) ở góc nhỏ phía trong, thật sự rất tiện luôn. Lắm khi quán đông khách hay lỡ không bắt được tín hiệu của nhân viên thì cũng không phải ngồi ôm cục tức mà có thể bấm í xèo cầu cứu :v  
Thật sự, mình và bạn ăn cực ít lên 1 lần set đã ăn không hết và chuộng các nhà hàng gọi món hơn. Nhưng king phục vụ tốt, không gian thoải mái, đồ ăn ổn nên có dịp mình sẽ quay lại hí hí 🤗Xem thêm",186
2059,thảo,7/2/2019 15:01,3.4,"Mình ăn bbq king nhiều rồi nhưng đây là lần đầu ăn ở vũng tàu. Phục vụ món ăn chậm. Nướng xong đợi nửa tiếng vẫn chưa ra thêm dù đã order từ trước. Order canh sườn bò từ lúc mới vô nhưng phải nhắc 3 lần thì món mới lên.
Mùng 3 nên lúc đầu đông lên chậm mình cũng hiểu nhưng lúc sau khá vắng chỉ còn bàn mình với 1 bàn nữa nhưng đồ ăn lên chậm cực kì. Nhấn nút call gọi không thấy nhân viên tới thì giơ tay gọi nhân viên cũng không ai tới.
Mình ngồi 2 tiếng mà toàn ngồi chờ. Ăn không được bao nhiêu. Mỗi ngưòi ăn được vài miếng thịt,còn lại toàn phải vừa ăn rau vừa ngồi chờ. Chờ tới khi vỉ cháy đen luôn mà đồ ăn còn chưa có
Bình thường mình thấy vỉ vừa đen đen xíu là nhân viên tới thay rồi. Còn ở đây nhà mình phải gọi mới thay.
Quá là tệXem thêm",186
2060,QL,22/8/2018 23:23,7.0,"🍒Ăn cũng nhiều lần rồi. Quầy salad dessert rất đa dạng luôn
Nếu ăn menu thường thì thịt chủ yếu là thịt bà chỉ bò chỉ có 1 loại, còn lại là heo gà cá bạch tuộc...

🍒Phục vụ nhanh nhẹn
Ko gian đẹp ấm cúngXem thêm",186
2061,QL,23/6/2018 12:11,7.4,"🍒Ko gian quán rộng rãi. Máy hút khói đầy đủ nên ko bị ám mùi
Nhân viên thân thiện
Mình ăn lúc đầu giờ chiều nên quán vắng
Menu hơi ít món. Gia vị ướp tạm ổn
🍒Quầy salad tráng miệng nhiều mónXem thêm",186
2062,Aster Vux,9/6/2018 15:48,8.0,"King bbq vũng tàu phục vụ tốt, đồ ăn ngon.
Buffet line fill nhanh và đầy đủ món
Kem ngonXem thêm",186
2063,Phạm Ngọc Thiên Ý,10/10/2020 22:35,7.8,"Quán nhỏ trong hẻm được cái chè ngon ,nước cốt ngọt dịu chứ ko gắt . Món tủ của mình là chè Khoai dẻo + bánh flan . Lần nào cũng vậy ,gọi chè Khoai dẻo quán mới bắt đầu mang Khoai đi luộc, cách phục vụ khá lạ ko luộc sẵn bày chè như các quán . Cứ ngỡ phải chờ lâu nhưng chỉ tầm 3 phút quán đã ra món . Khoai mới luộc thơm , mềm , dẻo ăn cực đã . Trà sữa đậm vị trà , béo sữa thơm mùi nước đường đenXem thêm",187
2064,Thảo Nguyễn,22/8/2020 12:18,8.0,"Quán có không gian nhỏ, mặt tiền đường, trang trí lịch sự cho dân văn phòng. Xung quanh toàn là trường học, trung tâm học hoặc các văn phòng tư nhânXem thêm",187
2065,Nguyễn Thuý Bắc,2/7/2020 20:42,8.0,"mình có việc đi ghé vũng tàu, nửa đêm thèm chè nên tìm trên now xem có quán nào gần đó bán không. trời thì mưa to, sợ ko có ai ship mà xong cũng tìm được shipper nhanh lắm.
mình đặt 1 chè xuka 1 chè dừa non. hông hỉu sao tiệm đặt tên là chè xuka lun. ăn 2 ly chè thấy vị na ná nhau, thạch nhiều, nhạt nhạt béo béo. 1 ly nom nhỏ nhỏ mà ăn no cành hông không lăn đi được nữa.Xem thêm",187
2066,Vy Đặng,5/1/2020 21:51,8.2,"Mình rất thích bánh flan caramel ở đây. Rất thơm!! Khoai dẻo ăn dai dai đã đã
Tụi mình đi nhóm 5 người, quán đang có khuyến mãi, anh chủ tặng cho tụi mình mỗi đứa 1 chén tàu hủ như hình. Tàu hủ mềm, siêu thơm ăn cùng nước đường với trân châu dai dai là tuyệt dờiiiii. Mình ở SG ra ăn mà còn ghiền :)))Xem thêm",187
2067,Thiên Trang,30/12/2019 13:57,8.0,"Ăn gần hết menu của quán hôm nay ghé ăn xong review cho mọi người thưởng thức cũng là hình thức ủng hộ quán . Quán chủ yếu bán mang đi chị chủ quán thân thiện nói quán chủ yếu bán ship . Nói chung món nào cũng ok nhưng tâm đắc nhất là món chè khoai dẻo không như những quán mình từng ăn , khoai mềm dẻo , thơm ko bị cứng . Nước cốt chè béo , ngọt dịu hòa quyện với bánh flan ngon nhứcXem thêm",187
2068,Tạ An,24/9/2019 21:00,7.8,"Nghe review nhiều nay ghé quán ăn thử món chè dừa non caramen . Nước cốt nhiều thơm béo mùi sữa dừa , thạch nhiều nói chung là hợp khẩu vị với mìnhXem thêm",187
2069,My My,17/9/2019 9:24,8.0,"Quán hơi nhỏ , quán này mà rời chỗ to có chỗ ngồi thoải mái tin chắc ăn đứt các quán chè khác ở Vũng Tàu . Mình ghé quán ăn mấy lần chè ở đây hình như chung 1 dạng cốt nhưng mỗi chè có 1 vị khác nhau khá ok . Qua mình đặt đãi mọi người trong phòng ai cũng khen , chắc chắn sẽ ủng hộ quán dài .Review để chủ quán có động lực phát triển quánXem thêm",187
2070,Sakura Ta,2/9/2019 12:18,7.6,"Chè quán này hợp với khẩu vị của nhà mình , ck mình ko thích ăn chè mà ăn quán này ổng phán mỗi câu quán này ăn ok . E chủ quán chắc còn ít tuổi ghé ăn thấy đang vo trân châu lên cũng yên tâm cho con ăn , điểm trừ của quán là nhỏ hơi khó kiếm . Nghiền món dừa non caramen của quán 👍Xem thêm",187
2071,Bé Bơ,31/8/2019 17:16,8.8,"Chè dừa dầm quán ngọt dịu không gắt , thích nhất trân châu quán này tự làm ăn dẻo , đảm bảo cho shop 5*Xem thêm",187
2072,Nấc thang Xanh,30/6/2019 18:31,8.2,"Mọi khi mình hay đặt món trên fb, nhà mình ai cũng khen chè quán này nay đi ngang qua tiện vào mua luôn ,quán hơi nhỏ lên hình như mọi người đặt ship hay ghé mua mang về là chủ yếu . Vào thấy anh ship hay giao hàng cho mình đang làm trân châu, còn chị chủ thì làm khoai dẻo thì phải . Chẳng bao giờ review nhưng hôm nay riview mong rằng mọi người biết đến và ủng hộ cho anh chị nhiều hơnXem thêm",187
2073,Quỳnh Ngọc,28/4/2019 22:38,8.8,"nước dùng ngon, sạch sẽ lắmXem thêm",188
2074,QL,26/11/2017 17:45,6.4,"🍒Quán này mình là dân vt mà cũng ko biết, được nhỏ bạn ở sg chỉ mới ghê :))))
🍒Quán nhỏ. Bàn ghế đá ngồi ăn cảm giác lắm :))
Bún và nước lèo ở đây thì bình thường nhưng chả cá rất ngon. Dai dai giòn giòn. Cắt miếng cũng dày dặn

🍒Tô bình thường 22k ăn là vừa đủ
Chỉ bán buổi sángXem thêm",188
2075,Thảo Phạm,15/11/2017 23:23,7.4,"Giờ là mình đi làm buổi sáng rồi nên thèm ăn đồ ăn sáng là phải chuẩn bị đi từ sớm ăn rồi mới kịp đi làm cơ, quán vẫn chả cá ngon như ngày nào, tô mắm ớt chấm chả cá vẫn thơm nồng mùi ớt xanh nhìn là muốn banh con mắt, chả cá vẫn dai ngon sựt sựt, dù quán có chuyến đến địa điểm mới mình vẫn sẽ là mối ruột to bự của quán. Mình chỉ ăn tô vừa 22k thôi sau đó gọi thêm phần rau chụng nước sôi bỏ vào tô bún và thưởng thức, ăn ngon số dách nên lần nào cũng gần cạn tô bún.Xem thêm",188
2076,Ngọc Diệp,6/6/2017 19:00,6.4,"chỗ này nằm trong hẻm nhưng đầu hẻm có chỉ dẫn chạy vô nên cũng dễ tìm
mặt bằng thuê nên hơi chật chỗ. tranh thủ ăn nhanh rồi đi để người khác vào có chỗ ngồi
nước lèo thì khá ngon. bún thì như bún bình thường thôi. 
giá quá ok rồi. có 3 mức giá. tô lớn 27k. tô bình thường 22k. tô nhỏ 15k hay 17k gì đó. với ăn sáng như vậy quá ok rồi
hôm nay mình đi ăn thấy quán thông báo 2/7 dời qua hẻm kế bên nên mấy bạn ăn sau nhớ chú ý để tìm không thấy.Xem thêm",188
2077,mọi nơi Đi,30/5/2017 9:07,5.0,"Thấy review trên foody cuzng hoành tráng nên ăn thử.  
- Chả cá chất lượng, có chiên và hấp. Quán trong hẻm nhưng đông khách, chủ yếu dân Vũng Tàu vì toàn biển 72. 
- Bún không ngon và có vì riêng gì cả. Nêm nêm cũng thường, ko đậm đà. Chả ít. Kêu thêm tô chả lớn 22k ăn cho no. 
- Giá ok. Nhỏ 17, thường 22, lớn 27.Xem thêm",188
2078,kC T.,14/5/2017 9:55,7.4,"Lần nào đi VT là cứ ra đây ăn sáng. Ở lại VT bao nhiêu ngày là ra đây ăn sáng bấy nhiêu lần.
Chả cá thơm ngon, minh ăn không đâu thấy bằng, nghe nói bún không hóa chất, con có hay không mình sao biết được. Chỉ biết là quán nhỏ, khách ra vô liên tục, không có người phụ quán nhưng chỉ chủ rất tươm rất, sạch sẽ, từ cái bếp đến bàn ăn, rau nhìn tươi sạch. Nhưng mình vẫn ăn rau trụng cho an toàn. Nước  lèo ngon, lần nào cũng húp sạch, mình thấy không có xương hay giò, hỏi chị chủ bảo nước lèo nấu cá thôi à, thật sự bất ngờ vì nước lèo không hề tanh. Có điều cá hơi ít, mình toàn kêu thêm 10k cá 2 đứa ăn thêm mới đã thèm.
9h đến là quán bán hết rồi. Nên phải đi sớm. Mà mình thì ham ngủ. Với lại ăn sớm quá không tắm biển được. Tắm xong về ăn thì hết rồi.
50k 2 tô, thêm 10k cá. Tổng thiệt hại 2 đứa 60k.Xem thêm",188
2079,Nhung Tran,23/4/2017 9:42,8.4,"Không gian tuyệt: dàn mướp - ghế đá - bún chả. 27k/ tô lớn; binh thường 22k& nhỏ 20k
Trốn nóng thành côngXem thêm",188
2080,Thảo Phạm,28/12/2016 23:01,6.8,"Lại quay lại với bún chả cá Nha Trang quán ruột bên đường Nguyễn Trường Tộ thôi. Đi trong hẻm vậy thôi mà tới lúc nào cũng còn dư 1 - 2 bàn hà. Có khi ngồi chung luôn với bàn khác, mình thích ngồi bàn đá ở quán lắm nhưng hiếm khi lắm, vì mình thích ngồi người khác cũng thích ngồi mà mình đến sau là chiệu thôi hà. Nhận xét thôi:
- Món ăn: Bánh canh chả cá vẫn ngon, nước dùng thanh vị ngọt nhẹ, chả cá vẫn dai và thơm thơm mùi tiêu sọ, nước mắm ớt sắc nhìn vẫn nghiền như mọi khi nhưng không bao giờ dám múc vì sợ cay.Xem thêm",188
2081,Thảo Phạm,4/11/2016 9:45,6.4,"Lần 2 quay lại quán, lần này mình đi dẫn theo cả một tập đoàn bạn đến quán ngồi full cả bàn đá của quán. Hội chị em của tụi mình ăn xong khen cực kì, tụi nó chỉ bảo tao chuẩn bị thành mối ruột của quán còn mình thì chuẩn bị mặp như gấu rồi, đi ăn quá nhiều. Nhận xét thôi:
- Không gian: quán nằm trong hẻm nên khá khó kiếm nha, quán sạch sẽ, rộng và thoáng mát lắm.
- Món ăn: Ngon khỏi chê nếu xếp trên các quán mình đã ăn về món bún chả cá ở Vũng Tàu nhéXem thêm",188
2082,Thảo Phạm,14/10/2016 22:56,6.4,"Sáng nay được dẫn đi vòng vòng để được ăn Bún Chả Cá Nha Trang đường Nguyễn Trường Tộ. Đường đi đúng lòng vòng nhưng mà đáng lắm. Bún có nước lèo thanh ngọt nhé, nước mắm ớt siêu chất siêu cay, sate cũng cực đặc biệt cay cay đã lắm. Mình thích nhất ở đây là rau sống ở quán được cắt nhỏ và là rau tự quán làm nên mình cứ muốn ăn hoài. Chả cá ở đây thơm và dai lắm không giống các loại chả cá mình hay ăn. Nhân viên kiêm chủ quán luôn nên cũng khá nhiệt tình (y)Xem thêm",188
2083,Nam Phan,30/12/2021 21:29,1.0,"Đi mua xếp hàng 15p k thấy nhân viên nào hỏi, còn bị chen hàng . Vô sau phục vụ trước. Rõ chán, k ghé nữa bước. Quá tệ.Xem thêm",189
2084,Ben Ben,20/2/2018 19:09,8.0,"Lâu lâu ngán đồ ăn nhà nên ra kfc ăn gà rán. Ở ngoài Coopmart Bà Rịa đông kinh luôn. Gà chiên giòn rụm nhưng nhiều dầu quá. :(( Khoai chiên giòn chấm tương ớt ngon. 
Nhân viên phục vụ nhiệt tình thân thiệnXem thêm",189
2085,Bảo Ngân,25/1/2017 16:26,7.4,"Lúc nào đi siêu thọ nghe mùi cũng thèm. Hôm nay quyết định ăn một bữa cho đã.
Mình gọi combo 86k với 1 bánh trứng them 1 miếng gà cay 41k nữa hai người ăn no lắm nha. Còn đưoc tặng 5 bao lì xì dễ thương với 1 phiếu rút thăm heheXem thêm",189
2086,Na Ng,10/1/2016 3:09,8.2,Nói đến gà rán thì kfc vẫn là lựa chọn đầu tiên của mình cũng như của gia đình. Đội ngũ nhân viên của kfc lại thân thiện và nhiệt tình nên vào bất cứ chi nhánh kfc nào mình cũng thấy thoải mái và vui vẻ. Ngoài gà rán thì bánh trứng là món mình hay ăn nhất. Cứ kêu 3c là lại được tặng 1c quá đã luôn. Tuy bây giờ bệnh phải kiêng nhiều thứ nhưng lâu lâu vẫn ráng nài nỉ người thân cho ra ăn cho thoả cơn thèm hì hìXem thêm,189
2087,Thảo Nguyễn,9/1/2016 12:45,8.2,"Chưa thấy kfc chỗ nào đông như chỗ này. Nhìn ko khí nhộn nhịp hẳn hơn so với các chỗ khác nhiều. Gà ngon như những quán kfc khác, đang bị ghiền món gà tiêu chanh, thơm mùi chanh, chua nhẹ, vị mặn mặn, ăn thậm chí ko cần chấm thêm tươngXem thêm",189
2088,JoJo Ari,10/12/2015 19:50,7.0,"Trưa ghé ăn cơm, mình ăn cơm gà phi lê, thịt gà mềm 
Bạn mình ăn món mới gà chiên giòn sốt tiêu chanh, chỉ là tiêu nhưng cay lắm nha kèm theo viên mast potato nữa, cái này thì không ngon chút nào và kết hợp với món này cũng không hợp luôn. 
Tổng thiệt hại 120 nghìn 
Nhân viên nhanh, lịch sự nhưng không niềm nở cho lắmXem thêm",189
2089,eatwtea 💋,19/11/2015 23:03,8.4,"Kfc vẫn giữ được chất lượng khá tốt dù là ở đâu. Đi siêu thị thấy có khuyến mãi 99k/5 miếng gà nên nhào vô ăn liền hehee kêu thêm 2 ly pepsi vừa và 1 phần khoai tây chiên lớn mà ăn ko hết luôn. No quá trời no, chưa lần nào ăn đã miệng như hôm nay. Chắc vài bữa nữa lại ăn tiếp.Xem thêm",189
2090,iuiu,13/11/2013 13:12,5.2,Có thể nói tôi là một khách hàng thân quen của kfc . Tôi rât thích món ăn này. Bơi ở đó hợp vơi khẩu vị của tôi và hơn hết nhân viên phục vụ rât nhiệt tình tạo cho tôi một cảm giác thoải mái khi ăn uống tại đó . Nhưng lần này tôi thật sự rât thất vọng vê cách nc của nhân viên Yến Nhung tại kfc ở Bà Rịa. Cách nói chuyện thiêu tế nhị và thiếu lịch sự đó. Tôi đi ăn chứ đau phải đi xin đau. Khách hàng thắc mắc đau phải trả lơi kiểu thiếu ăn học đó. Trưa nắng nóng đói bụng mà gặp như vây thât là hêt muốn ăn. Tôi chọn 1 phần cơm 29k với súp và nước và môt phân cho bạn tôi. Tôi mơi nói chị ơi lấy cho e má đùi nha. Cô nhân viên mơi trả lơi kiêu thiếu học đó : phần chị ko lây đc má đùi. Tôi mơi hỏi sao vây. e thây trog hình vây mà. Cô ấy lại trả lơi kiêu trống không chị nhìn sao mà giốg vơi phần 63k. Nhưng ý của tôi nói nó giống cái má đùu gà cây. Thiếu gì cách nói mà phải nói kiêu mât lịch sự đó .   Thât sự mà nói tôi rât bực tức và khó chịu. Tôi đã ăn rât nhiêu cửa hàng kfc khác nhau. Nhưg chưa bao giờ gặp phải như vậy . Ở SG chẳg bao giờ gặp phải như vây. Nói ra để lần sau nhưng khách hàng khác khôg gặp phải như tôi. Mât một bữa ăn trưa ngon. Xin chân thành cảm ơn Công TyXem thêm,189
2091,Tran Gia Han,31/1/2020 14:23,3.4,"Gà quá dở, đặt qua app now gọi gà cay thì giao đến không cay. Đợi 40 phút và 90k cho 2 miếng gà siêu nguội như để cả ngày không hâm, gọi gà giòn cay nhưng nhận được miếng gà không cay, mềm, bở, nguội nên siêu tanh mùi thịt. Không ăn nổi phải bỏ luôn miếng còn lại. Không bao giờ gọi đồ KFC nữa quá thất vọng về chất lượng.Xem thêm",189
2092,foodee_9338de25,9/9/2018 19:11,3.4,Đặt hàng qua Now. Đặt combo B thì giao tới combo A. Gọi đt mấy cuộc không ai bắt máy.Xem thêm,189
2093,Mỹ An,26/5/2018 11:38,8.8,"Thường thì mình hay đi ăn KFC-Lotte Mart hơn, cơ mà vì lần đó Lotte đông quá nên chạy qua Coopmart. Gà vẫn ngon :v mình đi 2 đứa nên hay gọi combo 180K, miếng gà siêu to, thêm cả phần gà chip và khoai tây chiên nữa, daebakk ♡ Thứ mình đặc biệt thích ở KFC mà các tiệm gà khác ko có chính là ""bắp cải trộn"". Nước sốt bắp cải trộn có độ béo vừa phải, thanh thanh bùi bùi, ăn kèm với gà vừa ko ngấy vừa thơm. Ketchup thì của Heinz nên cực ngon luôn ♡ Nhân viên thì cũng khá thân thiện, dọn dẹp sạch sẽ và chu đáo :vXem thêm",189
2094,Cong Tien Tran,1/3/2018 21:01,9.2,"KFC ở đây cũng bình thường như mấy chỗ khác. Gà xiên que được tẩm ướp vừa ăn, thơm mùi gừng nhưng thịt gà hơi khô và cứng. Gà giòn thì tất nhiên là luôn ngon, thịt mềm mại, đậm đà, giòn rụm. Cơm trắng ở đây nấu không bị quá khô và cứng, hạt cơm ăn rất bùi và ngon. Quán mới có mớn kacchiato red velvet, uống không đặc sắc mấy, khá dở. Trà bị ngọt gắt, thêm kem milk foam vào nên đã ngọt lại càng ngọt. Tuy mình thích uống ngọt nhưng ngọt đến như vậy thì vừa ngán lại vừa ngấy. Nếu thay trà màu hồng bên dưới bằng trà đen như cũ hoặc 1 loại trà ít ngọt và béo thì mình nghĩ khi kết hợp với milk foam sẽ ngon hơn nhiều.
Không gian quán tương đối rộng, thoáng mát, sạch sẽ. Nhân viên phục vụ tận tình, chuyên nghiệp. Menu của quán để hẳn lên màn hình bên trên, không còn để menu giấy dưới bàn nữa.Xem thêm",189
2095,QL,27/11/2017 21:32,7.4,"🍒Mình thề là bánh tart trứng KfC nó quá là ngon đi
Lâu lâu thèm muốn chết luôn là lết xác ra ăn sẵn tiện đi siêu thị luôn
Nằm ngay tầng trệt Coopmart nha

🍒Nhân viên phục vụ bình thường
🍒Tart 45k/4 cái nóng hổi ăn nhoè hịhiXem thêm",189
2096,Thảo Phạm,13/1/2017 22:23,7.0,"Biết KFC đang có chương trình giảm giá 10% khi có thẻ VIP card của KFC, 3 đứa mình vào và goib suất lớn 299K hay nhiêu đó mình không nhớ rõ lúc đó mình đang cặm cụi lấy tương cà rồi, mình có cái khẩu vị lạ lắm mình thấy tương cà trong KFC nó nhon như thế nào á, ngon hơn cả loại mẹ đang dùng. Nhận xét thôi:
- Không gian: vị trí cực dễ thấy, cực đẹp nên mình kiếm cái rụp là thấy.
- Món ăn: trong hình là suất giành cho 3 người ăn ngập họng luôn á (y)Xem thêm",189
2097,Vân Thế,31/12/2016 0:16,7.8,"Nằm ngay trong siêu thị CoopMart Nguyễn Thái Học luôn nên khá ồn ào (hầu hết là các bậc phụ huynh dẫn con em đi ăn). Quán chuyên về gà mà mình không thấy gà ngon 1 tẹo nào, kem bị chua (hình như bị khách hàng phản ánh nhiều quá giờ thấy đỡ hơn nhiều rồi). Đồ ăn bình thường, lâu lắm rồi cũng không ra món mới.Xem thêm",189
2098,Yến Nhi Nguyễn Hoàng,16/7/2016 11:21,6.6,"Mình ghé đây vào buổi tối trời mưa. Mình ghé ăn sẵn trú mưa ấy mà. Ban đêm không gian khá là đẹp. Tuy nhiên trước giờ mình ăn già KFC thì cảm thấy không hợp khẩu vị bằng những nhãn hàng gà rán khác. Với lại KFC giá còn cao hơn những chỗ khác nữa. Nhân viên bình thường, không có gì đặc biệt. Gà bở hơn, khoai cũng không ngon bằng, lại không có gà sốt. Thương hiệu có tiếng lâu năm mà lại không có nhiều cải tiếng. Nói chung mình chỉ ghé đây nhân dịp trời mưa thôi. Sau này chắc sẽ hạn chế hơn.Xem thêm",189
2099,Na Ng,24/11/2015 12:44,8.6,"Cuối tuần đi siêu thị tạt ngang kêu 3 bánh trứng, bánh trứng là phải ăn tại chỗ mới ngon, mua về phải ăn liền ko thôi bánh hết giòn là ko ngon nữa, ăn ngán lắm. Kêu thêm mấy miếng gà về cho con nít ăn cơm. Chất lượng vẫn ngon, phong cách phục vụ nhiệt tình, nhanh nhẹn. Bánh trứng chỉ 15k nha mua 3 tặng 1 đó. Còn gà đang có rất nhiều chương trình khuyến mãi hấp dẫn nhé.Xem thêm",189
2100,eatwtea 💋,18/10/2015 16:18,7.0,"Hôm nay đi siêu thị tiện ghé qua ăn kfc. Lâu rồi ko ăn thấy ngon, chất lượng vẫn ko đổi. Đã thê đang có chương trình mua 1 tặng 1 vào thứ 6 hàng tuần, mua 1 bánh trứng tặng 1 pepsi vừa. Quá đã luôn, ăn gà xong còn có bánh trứng nóng giòn, thơm thơm tráng miệng còn j bằng heheXem thêm",189
2101,Thư Nguyễnn,26/2/2022 13:45,1.0,"Rất là tệ. Gđ mình đặt phần ăn như trên . bill cũng ko nhỏ và mình biết các chi nhánh kfc cho rát ít tương chấm nên đã dặn đi dặn lại cho thêm nhiều tương ớt . vậy mà khi bé e mình nhận hàng  kiểm tra thì chỉ có 4 gói tương . bé xin thêm thì đc thêm 2 gói nữa là tc 6 gói tương ( 4 tương cà , 2 tương ớt ) . lên tới ks mình mở ra coi thì rất là bực và gọi cho bên KFC thì nói để kiểm tra lại và gọi lại cho mình nhưng chờ hoen 10p ko thấy gọi lại mình mới gọi lại 2 số đt trên thì đt đó nhân viên gác máy và ko bắt máy . rất là mất dạy . thử hỏi order để đc ăn ngon chứ  ko phải để rước bực mình vào ng . mình mong ng quản lý cửa hàng kfc này xem xét lại cách nhân viên tiếp nhận và phục vụ kháchXem thêm",189
2102,Thành Đạt,11/6/2021 10:32,1.0,ăn gì kì cục vậy ? Tôi có đặt phần 5 cánh gà với phần khoai tây chiên tôi đã thanh toán qua ngân hàng mà mãi tới bây giờ vẫn chưa thấy giao là sao ?Xem thêm,189
2103,Phụ Tùng Suzuki Tín,4/4/2019 18:12,1.0,Tai sao gọi món thấy để trong mà ko bưng ra. Oder có cơm them tinh tiền ko có. Xong  gọi thêm cho đứng từ nãy giờXem thêm,189
2104,Mỹ An,21/7/2018 23:02,8.4,"Cuộc đời ăn gà của mình xoay quanh KFC có lẽ ko phải nói ngoa :> ăn quá nhiều quá nhiều gà ở đây rồi ấy )))
   ¤ Mình đi thứ 5 nên áp dụng giá 55K/3 miếng (2 đùi 1 ức). Gọi thêm bắp cải trộn, với khoai tây chiên. Bắp cải trộn ở đây là one of a kind luôn ấy. Nhìn có vẻ đơn giản nhưng khi ăn là thấy nước sốt của nó rất khác so với pha chế ở nhà. Lần này tẩm ướp hơi mặn, nên ko chấm nhiều tương được, hơi tiếc vì cực thích tương ở KFC (vì là Heinz mà :v)
   ¤ Nhân viên thân thiện, còn hỏi mình có ăn được bắp cải trộn ko vì nước sốt có thể ko hợp với nhiều người. Dù mình ăn được vì là món khoái khẩu nhưng thật sự rất thích sự quan tâm đầy chuyên nghiệp này.
   ¤ Không gian ở KFC Lotte thoáng hơn vì rộng và thiết kế cũng ổn. Phòng sofa bên trong nóng hơn so với ở ngoài.Xem thêm",189
2105,Ng T Linh,14/6/2018 22:22,6.8,"Lâu rồi mới ăn lại KFC. Gia đình mình đi Lotte mart sẵn ghé vào đây ăn trưa luôn. 
Cơm gà giòn cay: gà quá ư là NHỎ. Hic lúc trước 1 phần cơm như vậy gà nó to lắm, 1 mình mình ăn ko hết mà giờ quay lại cái gà nó bị biến hình nhỏ xíu ăn chả bõ dính răng. Vị cũng không cay lắm, ăn như gà giòn bình thường.
Mì Ý gà: không ngon -.- 1 phần gà rất ít, như cho em bé ăn vậy. 
Cơm gà xào sốt Nhật: khá nhạt, vị bình thường, như gà xào VN, không biết Nhật nằm ở chỗ nào.

Tóm lại, hơi thất vọng về bữa ăn ngày hôm đó. Tổng thiệt hại là gần 200k cho 4 người, nhưng tí sau phải lên quầy ăn uống của Lotte mart mua thêm bánh ngọt ăn cho no bụng.Xem thêm",189
2106,Hàn Thiên Thiên,5/5/2018 20:57,8.6,1 cảm giác rất yomust ^^Xem thêm,189
2107,Trâm Lê,10/2/2018 11:24,8.0,Long time no KFC. Mỗi tuần vào thứ 4 có khuyến mãi miếng gà 19kXem thêm,189
2108,Thảo Ngân,1/1/2018 19:55,3.4,"Đến bàn gọi món, mà mới hỏi giá các loại cánh với đùi mà thái độ nhân viên gắt gỏng và nhăn nhó khó chịu, còn liếc mẹ mình nữa. Mình sẽ không bao giờ đến đây ăn nữa.Xem thêm",189
2109,QL,19/11/2017 15:52,7.6,"🍒Thèm tart trứng nen bữa về vt đi lotte mua ngay hộp 4 cái về xử liền tại chỗ😂
🍒Ko gì ngon bằng bánh mới ra lò nghen
Tart kfc lúc nào nướng cũng khéo. Bên ngoài giòn rụm, bên trong nhân mềm thơm béo ngậy nóng hổi

🍒Hộp 4c 45k. Mua lẻ 15k/cái ngheXem thêm",189
2110,Nhỏ Em,2/10/2017 15:20,7.0,"Kfc VT nhân viên nhiệt tình, chuyên nghiệp. Gà rán ngon, ko có cảm giác cũ như ở 1 số chi nhánh khác. Không gian thì ko phải bàn. Lotte VT chỗ nào cũng mới và đẹpXem thêm",189
2111,Phút Phát Luân,19/2/2020 21:26,5.0,"Hôm bữa dẫn mấy đứa cháu qua ăn, thái độ phục vụ của nhân viên rất tệ, đi ăn mà làm như đi xin vậy, không thèm ngó tới kêu mấy lần thì ngó tới nghinh mặt lên nhìn rồi bỏ đi không thèm trả lời 1 tiếng, nhân viên làm việc quá sức là tệXem thêm",189
2112,Bibo Nguyen,25/12/2019 7:01,3.6,"Ghé mấy lần đưa con đi ăn rồi, nhưng hôm qua ngày 24.12.2019 ghé lúc 19h00 nhân viên rất tệ, nhìn quanh rất ít khách, nhưng tôi mua xong phần ăn đứng tới 20p mà không có đồ ăn mang ra, nhân viên thì làm việc nhìn rối tinh rối mù,sẽ không bao giờ ghé ăn ở đây nữaXem thêm",189
2113,Ngọc Anh,18/3/2019 16:45,4.2,"đồ ăn thì ngon đó, mà thái độ nhân viên thì ngon đến mấy cũng ko nuốt nổi
tăng số lượng bán ra thì nói mẹ đi, nói với khách là ko đổi đc trong khi chưa thanh toán
mặt trời chiếu thẳng vô mặt khách thì kéo hết rèm lên
khách đến có 2 nhân viên nhưng ko ra tiếp, đùn đẩy qua lại làm khách phải chờXem thêm",189
2114,Uyên Thư,2/3/2019 20:07,9.4,"Rất hài lòng về thức ăn ở đây! Gà giòn, thịt mềm! Nói chung là rất ngon! Luôn ủng hộ quánXem thêm",189
2115,Lâm Hoa Dân,10/2/2022 17:34,1.0,"Quán không cần khách nữa thì dẹp luôn đừng bán nữa. Nhân viên gì khi thanh toán không hỏi khách hàng có thẻ thành viên hay không. Chưa kịp quy đỗi voucher đã in hóa đơn nhanh như chớp làm ko giảm giá cũng như tích điểm.
Cá viên nhân viết sớt ra đĩa, rơi xuống bàn cũng ráng nhặt vào cho khách ăn. Mỗi lần kêu đồ thi lâu, kêu mực thì 1 con cắt làm đôi. Máy lạnh thì không hoạt động ngồi ăn như hỏa diệm sơn, mồ hôi ướt hết cả người.Xem thêm",190
2116,Trà My,14/9/2020 10:52,2.6,"Hôm qua có ngayus hứng đi Vũng Tàu dạo biển
Mà lang thang lotte lại thèm lẩu hot
Nhưng thật sự QUÁ LÀ THẤT VỌNG
PHẢI NÓI LÀ VÔ CÙNG THẤT VỌNG
1 hệ thống lớn như ntn mà cứ tưởng cách pv ở đâu cũng giống nhau, mà mình còn nghĩ là cách pv ở tỉnh sẽ tốt hơn nhiều. Vì nh ngày cuối tuần cunzg khá là vắng khách 
Nhà hàng thì ra món khá là nhanh nhưng vì 1 vài món trong menu mình k ăn được nên mình xin phép được chọn
Vậy mà lại mang lên cả những món mình k chọn ..
Nước uống thì tụi mình gọi từ lúc oder nhưng tầm 25-30p mới có nước 
Điều mình không hài lòng nhất ở đây là cách phục vụ không tốt. Từ nhân viên phục vụ đến tận quản lý. Lúc mình tính tiền thì hỏi mình có thẻ thành viên hay không. Thường thì mình ăn ở tphcm thì có hình chụp và sdt là đã giảm giá or tích điểm ( mình muốn tích điểm để nâng hạng thẻ thui chứ k có ý gì ..) . Mình vừa ngắt câu có hình chụp thì qly lại cắt ngang lời ‘ là vì refill nc ngọt nên k dùng thẻ dc’ . Ok mình đồng ý mà chưa kịp nói gì bạn qly bỏ đi luôn :)) lần đầu mình bỏ tiền ra ăn. Tuy k nhiều nhưng cách ứng sử với khách hàng nv chắc ai cũng cảm thấy tiếc tiền khi ăn.
Nhà hàng buffet line mà line lúc mình vào là gần 5h chiều vẫn hết đồ, nhất là rau, ớt. Còn nước lẩu tôm yum bình thường mình ăn ở tphcm thì tất cả nh hot mình ăn đều ngon. Nhưng riêng hotpot lt Vũng tàu thì vij lại k ra gì, nước lâu k đậm vị và k hoà quyện với nhau
Thật sự là mình tìm mọi lí do để có thể thômg cảm được. Nhưng khi ra về muốn thông cảm cũng chả được. Mình thấy tất cả nh hệ thống redsun khi ra về đều được cảm ơn và tiếng chào từ đâu đó, nhưng hqa mình ăn thì k có bất cứ 1 LỜI CẢM ƠN NÀO kể cả khi tính tiền đến lúc bước ra khỏi nhà hàng 
Cái này thi minhd k quan trọng nhưng lại làm mình mất cảm tình 1 chút.. Chắc nay đi vũng tàu hết muốn ăn lẩu .. hiuhiuXem thêm",190
2117,Anh Nguyen,8/9/2019 19:09,6.2,"Nay mình đi ăn phần 199k/ng thì đánh giá nước lẩu thơm, ngon nhưng đồ ăn thì ít phong phú cả về phần thịt, rau và những ăn kèm khác. Với 199k/ ng mình thấy ăn ở KichKich đáng đồng tiền hơn.Xem thêm",190
2118,Hằng Nguyễn,11/4/2018 22:03,9.4,"Tết 2018 này mình và bạn bè đến lottemart ở VT ăn lẩu tự chọn buffee, ăn lẩu tốt hơn nướng do ít ngán, có nước lẩu có 3 vị (bulgogi-đây là vị mình thích nhất) vị tứ xuyên (cay) và 1 vị nữa mình k nhớ tên gọi. Hai vị lẩu trên cùng 1 nồi lẩu kích thích khẩu vị hơn làm mình không ngán. Thịt bò ở đây thì khỏi phải bàn, mềm và thơm, ngoài ra còn có ba chỉ và các hải loại sản. Mình ăn suất 269k/người chưa kèm nước và thuế, khăn giấy các kiểu. Bước vào sẽ thấy quầy thwusc ăn nhanh như gà chiên, cá viên chiên, khoai tây chiên,.. nhưng không nên ăn nhiều vì sẽ mau đầy bụng. Ăn xong có kem tự chọn và chè tráng miệng, nhìn chung mình rất thích nói này tuy giá có hơi cao 1 tẹo, nhưng tiền nào của nấy. heheheeXem thêm",190
2119,Bi Nhỏ's,20/2/2018 0:27,7.8,"Càng về sau mình càng thích The Golden Gate hơn Red Sun á nha. Cứ cuối tuần với lễ Tết đồ gì là lại có quá ít sự lựa chọn về giá cho khách hàng và phải chấp nhận mức giá khá cao.
Mặc dù có thêm quầy tự chọn với khá là nhiều món nữa, nhưng đồ nhúng lẩu như vậy là quá ít món. Hotpot Story là chuyên về lẩu mà đồ ăn ngoài còn nhiều hơn đồ nhúng lẩu nên mình khá là tiếc về cái khoản này.
Các món ăn ở đây đều khá là tròn vị. Cũng chính vì tròn vị nên nước lẩu Bulgogi mà nhúng lâu là sẽ bị mặn, tuy nhiên là mặn với những món khác thôi chứ mà để nhúng bò thì khỏi phải chê luôn đấy ạ.
Bình thường mình thấy các thể loại buffet lẩu hay cho cá là cá biển, bên Hotpot thì cho cá diêu hồng, mình thấy không được ngon cho lắm vì cá diêu hồng cơ bản là thịt nó bị mềm, dễ nát.
Nói chung là mình không thích cho lắm :DXem thêm",190
2120,QL,14/10/2017 22:23,6.8,"Chỗ ăn lẩu ok tuy hơi bất tiện phải vào lotte mới ăn được
Ai thích ăn cay cay sẽ thích lẩu tư xuyên còn tomyum thì chua chua béo béo
Hôm mình đi 4 tính tiền 3
Sẽ ghé lại khi có dịpXem thêm",190
2121,Ha Ha,19/9/2017 17:35,9.0,"Ăn thử lần đầu và rất ưng luôn. Chuyên về lẩu nhưng rất ngon. Nước lẩu có 4 loại. Thích nhất lẩu tứ xuyên 
Vị rất ok luôn. Bò mềm. Các món ăn kèm ở quầy cũng ok luôn. Đi 4 tặng 1 .nằm ngay tầng trệt lotte nen dễ kiếm. Phục vụ good!Xem thêm",190
2122,Thu Hương,11/9/2017 22:20,8.8,"Đây là lần thứ 2 mình ăn ở đây. Phải nói là lần nào ăn cũng nó muốn ná thở. Nước lẩu tứ xuyên và tôm yum không quá cay và rất ngon, không gian thoáng mát. Và đặc biệt là mấy bạn phục vụ rất là nhiệt tình và dễ thương. Chắc chắn là sẽ còn quay lại dài dài 😍😍😍Xem thêm",190
2123,Ngọc Châu Trương,4/9/2017 23:59,7.4,"📍 Vị trí: nằm ở tầng 1 Lotte Mart, không khó kiếm

📷  Không gian: hơi vắng, mát mẻ, đồ ăn lên line đầy đủ, vơi cái là lên liền. Có máy kem nữa mà quên chụp ời.^^

👫 Nhân viên: nhiệt tình vui vẻ, trả lời dễ thương không có khó chịu.

❣Lúc ăn là 3g20 rồi nó nói để nó tính tiền trước rồi mình ngồi ăn tới bao giờ cũng được 😍 quá ư dễ thương

💰 Giá cả: ngang ngửa mắc cỡ King. Mình đi ăn trong khung giờ 14-16h thay vì 199k thì còn 149k, miễn là tính tiền trong khung giờ đó, chưa tính VAT 10% và chưa bao gồm tiền nước uống, nước uống không giảm giá nha.

☞ Nước lẩu 2 mùi, Tomyum vs Tứ xuyên; Tứ xuyên thì cay lắm, Tomyum thì nó vừa ăn, rau thấy tươi và sạch, lẩu và các món ăn khác đều ngon lắm. Khá hài lòng về thức ăn ở chi nhánh này
》Trà lipton đá 29k, Sprite tươi 29k.
》Khăn 2k/1cái.Xem thêm",190
2124,Hải Phương,11/7/2017 13:01,8.8,"Thú thật thì mình cũng là một nhân viên của Hotpot nhưng mình làm việc tại chi nhánh ở Sài Gòn. Mình và bạn ra đến Vũng Tàu thì thèm nên ghé ăn, thật bất ngờ khi món ăn từ quầy line cho đến nước lẩu quá ngon ! Mặc dù cách bày trí món ăn không đẹp cầu kì như chỗ mình làm nhưng chất lượng quá tuyệt vời. Thật sự là ngon hơn tất cả các chi nhánh mình ăn rất nhiều. Chúc các bạn một ngày làm việc vui vẻ nhé ! ❤️Xem thêm",190
2125,foodee_5df826c2,4/6/2022 10:30,7.6,"Cho chị 2 hộp bánh tráng cuốn, giao đến 102/16A*** P.7, TP.Vũng Tàu (giao lúc 15h chiều 04/06/2022)Xem thêm",191
2126,Hà Trần,3/4/2021 12:09,5.0,"Món cơm cuộn 
Tà sữa 
Tré trộn khá là ngon nhé mnXem thêm",191
2127,Hà Trần,1/12/2020 15:53,5.0,Oder 1 p như này mới đã cái nư nak chị e ơiXem thêm,191
2128,Hà Trần,7/10/2020 11:37,8.6,Món ngon sạch ❤️❤️Xem thêm,191
2129,Hà Trần,31/5/2020 12:30,8.2,"Bên quán nay có nhận oder hải sản do nhà đánh bắt 
Hàng bao gạch bao chắc nhaXem thêm",191
2130,Hà Trần,26/4/2020 14:26,10,"Món mới của quán 
Cóc lắc giá 15k thôi mn ơi 😍😍Xem thêm",191
2131,Hà Trần,18/2/2020 11:55,5.0,"Oder now để được ship tânn nơi nhé mn 
Combo như này chỉ 60k thôi ạ 😍😍Xem thêm",191
2132,Hà Trần,25/11/2019 10:42,5.0,Đã thử và rất ngonXem thêm,191
2133,Hà Trần,21/11/2019 11:58,10,Bánh tráng trộn và cuốn siêu ngonXem thêm,191
2134,Hà Trần Ăn Vặt,10/8/2019 15:57,5.0,"Đồ ăn siêu ngon 
Trà sữa cacao 1 lít chỉ 25k 
Bt trộn 15 kXem thêm",191
2135,Vương Nhẽo Nhẽo,12/6/2020 10:17,7.0,"🦡 Quán bài trí thanh nhã khá xinh, có dãy bàn ghế phía trước để ngồi ngắm đường phố nè. Mình gọi mang đi nên hông có chụp choẹt gì hết. :""3

🦡 Mình gọi một ly trà bưởi, một ly trà cherry và một ly trà sữa lúa mạch thêm pudding và kem mặn. Ba ly mình đều dặn 100% đường và ít đá, nhưng mà chắc anh nhân viên nghe nhầm nên có một ly 50% đường và 100% đá huhu, uống nhạt nhách à tại vì mình hảo ngọt với lại uống chậm lắm thành ra đá tan hết luôn, còn nhạt dữ nữa. :""(. 

🦡 Đồ uống chất lượng bình thường, không có gì đặc biệt. Trà bưởi vị cũng ổn, hơi chua. Trà sữa lúa mạch nhưng mình lại nghe giống mùi gạo rang hơn, hơi khét khét, vị nhạt, mình không thích lắm. Kem mặn cũng bình thường nốt, cứ lờ lợ, hơi béo, nói chung nhìn bắt mắt, uống vào hơi thất vọng. Quán không gây ấn tượng về mặt nước uống, uống xong một lần rồi quên. 

🦡 Nhân viên lịch sự, nhanh nhẹn và xinh trai. :""> (Ôm Ôm có đọc được cái này thì đừng hờn em.)

🦡 Giá cả không mắc, không rẻ. Nói chung vì mình là du khách nên chắc sẽ không quay lại, để dành bụng thử quán mới hihi, chứ để ngồi uống nước nói chuyện với bạn bè thì chắc quán cũng ổn áp ý.Xem thêm",192
2136,Mỹ Anh Nguyễn Thị,16/5/2020 16:08,8.0,Vừa rồi mình có đặt 1 đơn hàng của Now thì shipper báo là quán đóng cửa rồi mà ko bik là đóng tạm nghỉ hay nghỉ luôn nữaXem thêm,192
2137,kiều,16/6/2018 11:31,7.4,"Hôm nay status-tea &coffee khai trương
Có chương trình tải app nhận trà sữa free và quay trúng thưởng😛 
Tình cờ đi qua quán thấy hay ho. 
Vô quán hơi sớm lúc 10h nhưng các bạn nhân viên rất nhiệt tình, vui tính, và giới thiệu sản phẩm có của quán.
Đặc biệt trong quán sử dụng mùi thơm rất thơm, mình rất thích nhưng không biết mùi thơm của hoa gì😃
Thêm cả view trên tầng đẹp, rộng rãi, thoáng mát, mình thích phong cách như vầy. Âm nhạc cũng hợp gu. Hehe. Mình mới xuống VT mà vô quán này là ưng lắm lắm. Nhưng mà nước uống chỉ kết mỗi trà sữa lúa mạch vị chuẩn😍😍😍

P/s: Chồng quá giỏi. Quay trúng thưởng được 1 mubahi + 3 code khuyến mãi. 
😍😍😍
#statusvungtauXem thêm",192
2138,QL,29/4/2018 15:07,7.2,"🍒Chi nhánh 1 tối hôm kia mình đi ngang ko thấy đông lắm
Buổi tối ngồi ngoài vỉa hè ngắm công viên thú vị lắm nha
Có bữa mình ngồi lại còn có bữa thì mua về
Mình hay uống socola nhất còn mấy nước khác bạn mình uống nói cũng được
🍒Quán có vẻ là chỗ tụ tập của khá đông các bạn trẻ mỗi tốiXem thêm",192
2139,Thanh Thanh,24/3/2018 20:06,6.8,"Tình cờ đi ngang qua đây thấy quán bắt mắt nên mình ghé vào thử. Nhân viên rất nhiệt tình. Giữ xe miễn phí. Quán trang trí đẹp. Thức uống: mình gọi trà sữa khoai môn thêm pudding egg, làm rất ngon và vừa miệng. Nhưng bạn mình gọi mocha, trang trí ly mocha rất đẹp nhưng uống không ngon : ( nên không vui lắm. Giá cả phù hợp.Xem thêm",192
2140,Dũng Nguyễn,19/2/2018 9:02,1.8,Đừng ai ghé chi nhánh Trần Hưng Đạo nếu không muốn trải nghiệm sự phục vụ hời hợt và vô trách nhiệm của lũ nhân viên nửa mùa.Xem thêm,192
2141,QL,16/2/2018 20:39,7.2,"🍒Trà sữa socola quán này uống ok nè nên mình cũng hay mua về uống
Ly to, vị cacao thơm
🍒Thấy quán mở cũng khá khuya gần 11h mà vẫn có người ngồi uốngXem thêm",192
2142,QL,16/12/2017 23:17,7.0,"🍒Quán ngồi vỉa hè rộng rãi thoáng mát lắm
Đầu tư ly khá là đẹp
🍒Trà sữa uống ok hơn trà foam ha
Ly to được nhiều uống mãi mới hết
🍒Tối tối ra khu này ngồi 8 là hết bàiXem thêm",192
2143,Linh Pham,25/10/2017 14:21,8.8,Tối đi chơi về thấy trước chỗ ở có quán trà ra ngồi chơi thì kêu 2 ly trà. Trà sữa nhìu loại lắm nha tại mình chỉ u trà sữa nên mấy thứ khác ko để ý lắm. Ngồi ngoài đường.phục vụ dễ thương nhanh nhẹn. Giá trung bình 30k 1 lyXem thêm,192
2144,Van Hai Phan,11/4/2017 22:57,7.0,"Quán có không gian nhỏ nên buổi tối ngồi ngoài trời vừa thưởng thức coffee vừa hóng mát khá ok. Đồ uống khá ngon, nhân viên phục vụ dễ thương.Xem thêm",192
2145,Hằng Minh,5/8/2020 15:24,4.2,"Điểm cộng là không gian thiệt sự đã, thoải mái, nhiều view sống ảo, thỏa sức cho bạn có nhiều kiểu ảnh để đời, sau này khoe con cháXem thêm",192
2146,Lisa Phương Hoa,14/10/2019 13:53,10,"Đồ uống ở đây mình thấy rất ưng luôn, đi vũng tàu là phải ghé thưởng thức, đậm vị, view quán cũng đẹp nữa. Duyệt quán (Y)Xem thêm",192
2147,Canh Hoa Le,14/10/2019 13:43,10,"Lần nào tới Vũng Tàu cũng phải ghé đây. Bạn bè mình ai cũng thích nước uống ở đây. Vị không quá ngọt, thơm, vừa ý mình. 
Giá nước quá hợp lý, phục vụ nhiệt tình, địa điểm dễ tìm
Điểm cộng là không gian thiệt sự đã, thoải mái, nhiều view sống ảo, thỏa sức cho bạn có nhiều kiểu ảnh để đời, sau này khoe con cháuXem thêm",192
2148,Trần Thư,11/6/2019 12:35,8.2,"Tiếc gì cho khách hàng ly trà đá, nước lọc nhỉ? :v Không gian tuyệt. Nước không vừa miệng. Đi quán nước nhưng lại khát nước 😂Xem thêm",192
2149,Lợi Nguyễn,11/2/2019 17:05,8.0,"Mình là dân du lịch ghé VT chơi, mùng 5 rồi mình đi ngang qua đường THĐ và chợt thấy quán này nên thử ghé vào. Trên tay mình là ly trà sữa phúc long trân châu, trà sữa thì đậm đà hợp vị mình nhưng mà trân châu không mềm và hơi dai. Tuy buổi sáng nhưng quán rất đông, mà sao chỉ có 2 người làm, dù v chỉ đợi nước khoảng 10p. À view thì đẹp lắm nha m.ng quán rộng và mát mẻ nữa.Xem thêm",192
2150,Trâm Lê,25/11/2018 21:20,0,"Vị trí: Mặt tiền lớn trên con đường Trần Hưng Đạo rất dễ nhận biết vì quán sáng đèn và nổi bật
Nhân viên: thân thiện và nhiệt tình 
Không gian: quán có 2 tầng ở dưới có máy lạnh ở trên thì thoáng hơn là dạng ko gian mở nên ko có máy lạnh. Decor cũng khá ok ở trên trông có vẻ hơi rối không theo 1 thể thống nhất. 
Nước uống của quán: Lúc đầu mình od 2 món yogurt là cam cháy và cam nha đam đều hết nên mình chuyển qua choco mint. So với lúc trước thì mình thấy chất lượng không còn tốt nữa. Mình cảm thấy ly nước không ngon, whipping cream cũng hơi tệ nữa. 
Tóm lại với mức giá và không gian cũng tạm ổn cho các bạn tụ tập.Xem thêm",192
2151,Linh Mai,22/10/2018 11:17,8.2,"Thức uống và giá cả hợp lý. Quán có không gian và vị trí đẹp. Thích hợp cho việc tụ tập bạn bè và hội họp. Có món sữa tươi đường đen uống cũng ok, vị gần gần giống The Alley, cũng đáng để thử.Xem thêm",192
2152,Minh Ngọc,27/8/2018 17:17,9.0,"Điểm cộng to bự đầu tiên là quán đẹp cực kì, đẹp từ trong ra ngoài, đẹp từ tầng một lên tầng 2 luôn. Có QUÁ NHIỀU view cho bạn sống ảo😂😂👌🏼👌🏼anh chị nhân viên vui tánh, dễ thương. Giá cả ok và nước khá ngon đó. Không gian quán rộng rãi (rất rộng là đằng khác), thoáng mát. Bạn nào tới chủ yếu sống ảo thì nên lên lầu 2 nha😂😂👌🏼👌🏼 Đẹp miễn bàn luôn.Xem thêm",192
2153,DÊ XỐI  XẢ,16/8/2018 20:15,6.2,Trà đào uống tạm đc còn cf cực dởXem thêm,192
2154,Homaithuylinh Hồ,29/5/2018 22:12,8.6,Thiết nghĩ là Status nên cấp thẻ thành viên hay tích điểm các kiểu cho mình 🤣🤣. Vì từ khi quán mở đến nay k ngày nào mình k uống ))) k nói quá k tuần nào đi 😩. Tại vì quán đẹp mát nước thì k mắc lắm lại còn đc free 1 thạch mà ly trà sữa cũng bự nữa 👍👍. Xúc xắc 👏👏. Nói chung là trà sữa ở đây khá ngon. Mình thử hết cái menu trà sữa r))). Nếu muốn uống ngọt vừa thì nên kêu 75 hay ít hơn chứ nếu để bth thì đối vs mình nó hơi ngọt tẹo nhưng mà khá ok. ❤️❤️. Nói chung đây là quán nên gé vì ổn về mọi thứXem thêm,192
2155,Lưu Thư,8/10/2020 18:44,9.8,"Lần đầu đến đã thật sự thích vì view quán siêu đẹp ý, mở nhạc Nhật dễ thương nữa
Sashimi cá hồi cắt miếng nào cũng dầy ăn rất đã và tươi nữaaaaaa!!!
Sẽ ghé quán mỗi tháng nhaaaa!! 😘😘Xem thêm",193
2156,Yến Tăng,2/9/2019 12:26,9.6,"Đi ăn ngày lễ được quán tặng món quà siêu dễ thương. Phục vụ siêu dễ thương, nhiệt tình. Món ăn ngon. Vẫn luôn ủng hộ quánXem thêm",193
2157,Huy Trinh,20/5/2019 10:26,1.8,"Hôm qua vừa đi ăn thử vì quán quen hay ăn hết chỗ. Đến nơi order từ 7h thì đến 8h đồ ăn mới được mang lên. Nhân viên order thì không rành menu hỏi gì cũng ko biết, mình order phần sashimi 5 món cá thì tự ý thay bằng thanh cua. Nhân viên tính tiền trước cửa thì thái độ như muôn đuổi khách đi. Không bao giờ quay lại!Xem thêm",193
2158,Ng T Linh,17/3/2019 21:45,8.8,"Mình ăn sushi ở đây từ hồi quán mới mở cơ, lúc đó quán còn bàn ghế thấp ngồi ko thoải mái lắm. Bẵng đi 1 thời gian lên SG thì nay mình quay lại đây, mình rất bất ngờ vì quán đã được decor lại rất đẹp (mình nhớ mình đã từng review trên foody 1 lần quán này rồi, có viết hi vọng mấy bạn ủng hộ quán để quán có điều kiện sửa sang lại, giờ thì điều mình hi vọng đã thành sự thật :))) ). Quán decor xinh xắn, hình như concept là hoa anh đào hả ta? Tại thấy có nguyên cây hoa anh đào trong quán :))) 

Đồ ăn mình thấy ngon hơn lúc trước nhiều lắm. 3 người gọi cũng gần 10 món á, ăn ko hết luôn phải bỏ hộp đem về 😅 Giá cũng bình dân, gần 10 món tính luôn cả nước mà đâu có 450k, mà toàn lươn Nhật, cá hồi, tôm, thịt heo này kia ko á, có cả thố mì udon vs chén súp miso nữa, no lặc lè. Mì nước dùng ngọt ngon nhưng sợi mì hơi ngán chút xíu, chắc lần tới gọi mì ramen. Còn sushi thì ngon, ngon nhất với mình chắc là lươn Nhật với tôm và bơ á, còn cái thịt heo chiên xù nó hơi cứng, nhai rệu rã. 

Chén dĩa cũng ko kém phần xinh xắn. Nhân viên rất nice, rất lịch sự. Mình nghĩ là ở đây ko có gì để chê ngoài việc làm đồ ăn hơi lâu (chắc do chủ nhật nên đông, dù vậy nhân viên vẫn ko lơ là mệt mỏi gì đâu nha).Xem thêm",193
2159,Cong Tien Tran,24/2/2019 18:40,9.0,"Mình mới đi ăn về. Quán bài trí khá đẹp mắt, không gian quán ở tầng trên mát mẻ, rộng rãi. Kế đến là về món ăn. Soup miso ở đây nấu khá vừa ăn, có thêm cá ngừ, hành trắng, bắp cải nên nước dùng ngọt thanh. Cơm cuộn đắp bò cũng khá ngon, thịt bò mềm, bonus thêm sốt mayonnaise béo béo. Cơm cuộn cá ngừ phô mai cũng ngon, vỏ ngoài giòn, thơm cộng với bên trong ngoài cá ngừ còn có phô mai nên ăn khá béo nhưng mà ngon. Chỉ có 2 cái handroll ăn không ổn lắm. Kali Temaki ăn hơi nhạt, sốt mayonnaise chỉ có 1 tí bên trên nên ăn không đã. Trứng tôm ở đây ăn bị nhạt, tuy được để trong dưa leo tỉa hoa nhìn sáng tạo nhưng ăn bị lẫn với vị dưa không ngon. Trà mật ong cũng nhạt nhẽo, không thơm mùi trà cũng không có mùi mật ong luôn. Nhưng bù lại giá cả ở đây cũng tương đối mềm nên ăn no mà không lo thủng víXem thêm",193
2160,Pham Phi,18/9/2018 16:05,8.0,"Mình là dân chuyên đi ăn sushi và săn lùng những quán sushi từ tận Sài Gòn xuống Vũng Tàu. Trải qua bn quán từ nhà hàng sang trọng đến sushi siêu thị và quán bình dân thì mình vote cho sushi bụi 5 sao về các điểm sạch sẽ, ngon và rẻ. Riêng vote 10 sao cho cá hồi, quá xuất sắc mà giá thì chỉ bằng 1/3 so với nhà hàng. Thái độ phục vụ thì ko có gì phải phàn nàn, quá dễ thương và tận tình. Lâu lâu xuống Vũng Tàu đều ghé ăn cho đã rồi mới về hehehehe mong quán luôn giữ vững được phong độ để kéo thêm nhiều khách ❤️Xem thêm",193
2161,Ng T Linh,17/6/2018 0:22,7.6,"So với giá thì chất lượng như vậy là ổn rồi :3 Đồ ăn ngon, giá thuộc loại rẻ trong mặt bằng sushi. Mình thích nhất món sushi gì mà cá ngừ chiên giòn gì đó, với cả mấy món có phô mai. Phô mai ăn béo béo ngon lắm. Duy có món mực chiên xù mình không hài lòng, òa :( nó quá ít so với giá của nó. 

Quán hơi chật 1 xíu, ngồi cũng không thoải mái lắm. Hi vọng mấy bạn ghé ăn tăng thu nhập cho quán để quán sửa sang lại, mở rộng chỗ ngồi :))))Xem thêm",193
2162,Mều Vũ,24/2/2018 23:16,8.2,Sushi bình dânXem thêm,193
2163,Lương Lê,3/9/2017 0:01,9.8,"Vt thì nhiều quán sushi rồi, nhưng chỉ thích quán này thôi. Giá cả ok mà đồ ăn ngon lại trình bày đẹp. Nhân viên thân thiện. Mong quán ngày càng đông khách hơn.Xem thêm",193
2164,Dương Uyên,19/8/2017 18:41,9.2,"Không gian quán hơi nhỏ, nhưng sạch sẽ. Nhân viên phục vụ lịch sự, đợi đồ ăn ra khá nhanh. 
Mình rất thích ăn salad ở đây làm, chua ngọt mặn đều vừa phải, lại có chút rong nho ăn rất bùi và vui miệng. Cá sống cũng tươi, không tanh mấy. Nước chấm mình hơi biến tấu tẹo, thêm chút sốt terayaki và nước ngâm gừng vào nước tương, và 1 chút wasabi chấm rất lạ miệng. 
Trà nhật ở đây cũng rất ngon nhé!Xem thêm",193
2165,Tài Nguyễn,29/11/2019 11:32,4.2,"Quán này thật sự lần đầu tiên ra Vũng Tàu có duyên lắm mới gặp được ông chủ ở đây và quen biết cũng được 4 năm, lần nào mình ra Vũng Tàu cũng hay giới thiệu người quen ra quán này chứ đừng rẽ vô những quán đầu chợ
Nhưng lần gần đây nhất mình ra thật quá thất vọng:
-Nhân viên nói chuyện với khách kiểu như bất cần
-Đồ ăn thì Bên mình mua về rất nhiều, Tổng thiệt hại lên đến 873k
Những hộp khác thì không có vấn đề gì trừ hộp sò lông nướng mỡ hành này
Hộp sò rất lớn nhưng trong hộp chỉ được một vài con sò nhìn rất khó chịu
Chỉ nhiều đó thôi cũng làm mình không bao giờ muốn quay lại lần nữa
Mong chủ quán đọc được bài viết này và xem sét lại cách làm của nhân viên bên mình 
Còn phần mình hứa sẽ không quay lại lầnXem thêm",194
2166,Trung Tín Nguyễn,17/8/2019 21:18,3.8,"Xem review trên foody cũng khá tốt nên mình quyết định dẫn vợ và con gái đến quán thưởng thức mong được 1 bữa tối chất lượng. Đi dạo 1 vòng hết chợ đêm hải sản sau đó mới kiếm được ra quán ở gần cuối khu chợ bên trong. Trong bụng nghĩ thầm quán nằm trong sâu chắc làm ăn thật tình chứ ko thôi sao cạnh tranh nổi các quán ngoài mặt tiền. Vừa tới quán đã được giới thiệu ghẹ xanh ghẹ bông 300k/kg bên ngoài các quán chào mời 400k-500k/kg, rồi mình quyết định luôn là 1 kí ghẹ xanh và được lựa tại chỗ 4 con bự giãy đành đành tươi rói. Mình cũng có kêu thêm vài món ốc ăn thêm : Ốc móng tay xào tỏi,Sò huyết xào tỏi , mì xào , bạch tuột nướng muối ớt và 1 con sò gì bự bự ko nhớ hấp xả. Sau đó hớn hở ngồi đợi ghẹ hấp mang ra thì 2 con bự 2 con nhỏ mình liền cảm thấy bất thường nhưng thôi kệ chắc do lúc nãy mình ko nhìn kĩ. Ăn 2 con bự tươi ngon nhưng đến 2 con nhỏ thì bỡ và có mùi thum thủm và mình bỏ lại ko dám ăn và cũng để lại đối chứng với chủ quán. Lúc đó mình vô cùng thất vọng vì cảm thấy bị lừa. Lúc tính tiền chủ quán lại mình nói tình trạng ghẹ như vậy thì liền được giảm ngay 50k làm mình ngạc nhiên thêm lần nữa. Mình thầm nghĩ nếu ghẹ chất lượng làm ăn thật tình mà có ai nói ghẹ hư ghẹ thúi chắc chủ quán chơi khô máu để bảo vệ danh giá rồi. Riêng mình thì 50k  hay bao nhiêu cũng không quan trọng bằng uy tín. Sau lần này mình sẽ không đến quán nữa !Xem thêm",194
2167,Mai Vũ,5/7/2019 19:37,9.2,"Lần nào tới mình cũng chọn quán này. Hải sản tươi và to. Chế biến cũng ngon k thua j Sài Gòn. Giá lại rẻ ốc đồng giá 50k, ốc hương 100. Hàu thì 20 nhưng rất to. Món lên nhanh lắm.Xem thêm",194
2168,Hung Nguyen,22/4/2019 18:50,8.4,"Mình đã ăn ở quán hơn 5 lần rồi, phải nói lần nào đi Vũng Tàu mình cũng ghé quán ăn hết.
Quán làm món ăn khá nhanh, nếu bạn đi sớm đầu giờ ăn tối thì chỉ chưa tới 10 phút thì 5 món mình gọi đã lên bàn ăn hết. Với khẩu vị mình ăn thì thấy tất cả các món mình kêu ở quán đều rất ngon so với mặt bằng chung quanh, mình đã đi thử nhiều quán khác nhau chung quanh nhưng chung quy vẫn quay lại với Kim Anh.
Đặc biệt mình thấy nghêu hấp thái là ngon nhất, nước hấp nghêu rất ngọt lại cay ăn vừa miệng, các món ốc và bạch tuột đều làm vừa ăn không dai.
Giá bình quân 50k các loại ốc bình thường, các món như bạch tuột và mực có thể là 100k một đĩa, theo mình đây là giá ổn vì chất lượng món ăn ngon.
Mình ăn nhiều lần nhưng do quên chụp hình nên lần này quyết định chụp trước rồi mới ăn để review cho các bạn biết về quán.
Nhất định lần sau có dịp đi Vũng Tàu chơi mình sẽ lại ghé quán nữa.Xem thêm",194
2169,khoa,10/3/2019 22:16,7.6,"1 mình đi kiếm quán để ăn, hải sản tươi, móng tay to ngọt, càng cúm xào me ăn là ghiền. Sẽ quay lại lần sauXem thêm",194
2170,Hạnh Đức,23/2/2019 21:33,1.0,"Chất lượng phục vụ cực kỳ tệ. Mạt sát khách hàng. Khách hàng là người mang tiền mha dịch vụ mà nước uống, đá phải tự lấy. Lẩu đun mãi không sôi cũng không giải quyết. Khách ra về còn chửi thậm tệ
Mong các bạn đã và sắp đi không gặp phải trường hợp như mình.Xem thêm",194
2171,Thanh Tien,23/2/2019 9:07,4.0,"- ốc móng tay xào rau muống 50k: ốc trên bàn rõ to và tươi, mang dĩa ốc ra k đúng size ban đầu. Lừa dối!
- ốc hương rang muối 100k
- mực sữa chiên nước mắm 100k: mắc! Con mực bé tí như đầu đũa. 
- cơm chiên hải sản: khô, mang tiếng hải sản mà k thấy gì cả.
- cá sapa nướng 70k: ban đầu mình chọn con cá tươi nhất đưa cho thằng nhân viên, ngay lúc đó anh ấy lựa một con cá như ương đưa cả 2 con cho đầu bếp, đầu bếp kiểu k hiểu chuyện gì anh ấy giải thích là nướng thêm một con cho bàn trên kia, nhưng mình ra quán lúc 5h chiều và k thấy bàn khách nào cả. Và cuối cùng mang có cá như bị ương ra cho mình ăn. Mình là dân biển nên thừa biết. Lừa đảo!
* về khẩu vị thì mình k bàn vì mỗi người mỗi ý, theo riêng mình là dở. 
Cách bán hàng kiểu này như lừa đảo. Treo đầu dê bán thịt chó.Xem thêm",194
2172,Thy Lý,25/1/2019 13:10,7.0,"Cơm chiên hải sản 50k
Ốc móng tay xào rau muống 50k
Tôm nướng muối ớt 350g 100k
Sò huyết rang me 50kXem thêm",194
2173,Xuân Phan,13/8/2018 21:05,5.4,Mình đến quán tối thứ 2! Hải sản tươi nhưng báo giá sai! Ốc mỡ trong menu là 50k mà lúc tính tiền lại báo lên 100k giá cả không rõ ràng! Quán nêm ngonXem thêm,194
2174,Chang Chang,24/6/2018 21:24,8.4,"Mấy lần đi VT là bao nhiu lần ghé Kim Anh ăn hải sản. 
Nó nằm trong chợ hải sản phía sau Imperial nè nhen. Con hẻm đông đúc hải sản đầu tiên là qẹo dô, đi thẳng xuống phía dưới là thấy bảng hiệu Kim Anh liền nhen. 
Bạn nào đi utu thì chạy thẳng xuống ngã 4 bên dưới, chỗ ngta bán hàng lưu niệm nhìu nhìu á, qẹo trái đi chừng 50m là có bãi giữ xe bên tay trái nhen. Từ bãi xe đó đi bộ thẳng cái là tới Kim Anh luôn. 
Qán này đông hơn những qán khác do đồ ăn tươi, tin tưởng á, với cái vị họ làm vừa ăn, ngon, giá cả hạp lý, là cứ tới thôi. 
Cái nào ngon nói ngon nha, bao ăn đó. Nên cứ ăn tại chỗ nha, không tươi ngon trả lại đc luôn. 
Mình order khá nhìu món luôn mà chỉ có 2 ng ăn, nhưng cũng hết :))) tại ngon qá mà. 
Ghẹ thì chắc ngọt thịt lắm, gỡ miếng nào là chắc miếng đó liền. 
Cà na rút kinh nghiệm lần trc kêu rang muối, thì dặn ót cay lại mới ăn nổi, chứ bình thường họ làm cay qá ăn không nổi luôn. Cà na vừa, tưoi thịt, thêm vị mặn mặn cay cay của muối, ngọt ngọt của đường, bá cháy ghê
Ống móng tay thì sate bơ tỏi, ăn không thiệc hết sức tưởng tượng, nó bự, tươi.
Mực sữa chiên nc mắm giòn giòn mặn mặn ngọt ngọt, sao nữa bây giờ :)) 
Mì xào hải sản thì thôi, có tôm có mực, ăn kèm mì vs mấy món mình order cũng hết sảy
Thử nha thử nha
Kêu nhìu v mà mình nhớ hết có 1trieu2 à. No kềnh càngXem thêm",194
2175,THITNHAPKHAU 0966993532 TRÂU BÒ GÀ HEO,15/5/2021 11:37,9.6,NGONXem thêm,195
2176,QL,1/12/2017 1:07,6.2,"🍒Hồi nhỏ hay ăn, lớn rồi ko ăn nữa

🍒Vị nước phở ngọt nhưng là ngọt gia vị (đường hay bột ngọt gì đó) chứ ko phải kiểu ngọt thanh từ nước xương

🍒Nấu theo vị miền Nam nên ai ko ăn được ngọt thì ko nên ghé nhaXem thêm",195
2177,Phương Thảo Võ,24/12/2016 21:43,6.4,"Mình đọc review trên foody thấy khá tốt nên lúc đến ăn sáng mình rất kỳ vọng. Quán sạch sẽ, gọi đồ ăn nhanh lắm, không phải chờ lâu, thái độ nhân viên cũng tốt. Mình gọi 1 phần phở bò viên (gọi hơi ngu). Theo cảm nhận chủ quan của mình thì không có gì đặc biệt hết. Bánh phở nhiều, nhưng nước mình chỉ nếm được vị bột ngọt, bò viên thì phải nói là mình cảm tưởng như đang ăn hỗn hợp giữa bột mì và hàn the,hết, ko ngửi được tí mùi bò nào luôn. Mình bỏ gần nửa tô. Sau khi ăn xong, trong miệng đọng lại cũng chỉ có mùi bột ngọt. Với giá 35k/1 tô lớn, mình đã hy vọng vị phở sẽ ngon hơn như vầy. Khá là thất vọng.Xem thêm",195
2178,eatwtea 💋,27/8/2016 4:22,8.0,"Quán này có thể gọi là quán phở tuổi thơ của mình. Gắn liền với mình từ lúc mình còn nhỏ xíu và quán chỉ là 1 quán lụp xụp nhưng rất ngon. Dần dần được nhiều người biết đến, quán cũng khá lên nhiều, sau hơn 10 năm thì giờ quán đã khang trang và rộng rãi hơn. Chất lượng thì vẫn ổn tuy ko còn là nhất trong lòng mình nữa. Gần nhà nên lâu lâu cũng ghé ủng hộ, mình thích ăn nhất là phở bắp nhưng ở đây ko có nên kêu phở tái. Lần nào ăn phở kêu trà đá cũng được miễn phí heheeXem thêm",195
2179,Mr Cat,25/8/2016 20:00,7.8,"Quán này có cũng khá lâu rồi chắc nhiều chế cũng biết,được cái quán này cũng gần nhà mình mà ít khi ăn,lâu lâu trễ quá lười đi xa thì mới ghé ăn thôi.
Mình thấy nấu cũng giống như trước không có gì thay đổi nhiều,vị phở miền nam hơi pha chút bắc :)). Ở đây còn có cả bò kho nữa nhé nếu chế nào ngán phở :)). Giá cả cũng phải chăng trà đá uống tẹt ga 😅Xem thêm",195
2180,eatwtea 💋,26/5/2016 4:41,8.8,"Bắt đầu vào mùa mưa trời trở nên se lạnh vào buổi tối nên tối đến chỉ muốn ăn món gì nóng nóng cho ấm bụng. Ngoài hủ tiếu thì phở sẽ là lựa chọn thứ hai và thích hợp nhất. 

Quán này bán cả sáng tối cũng bán khuya nên rất tiện. Giá 30k 1 tô thịt tái mềm, nước phở đậm đà. Rau lúc nào cũng tươi và sạch, đã được nhặt so qua nên ko còn lá sâu có thể yên tâm ăn. Ngoài phở quán còn bán hủ tiếu bò kho hoặc bánh mì bò kho. Nhìn khá hấp dẫn nên có dịp nhất định phải thử mới được.Xem thêm",195
2181,An Nhiên,20/4/2016 20:58,9.4,"Chiều đi dạo biễn về cảm thấy ngán cơm nên ghé đây ăn phở luôn. Quán nằm trên đường mình về nhà nên ghé vô ăn, hùi trước mình cũng ăn ở đây, từ ngày đổi chủ cũng ít ghé. Gọi 1 tô tái và úp vô cái trứng gà là no nê rồi. Phở nấu vị nam nên dễ ăn vì mình ko thích mùi quế của người Bắc. Tô to, bánh phở nhiều ăn ngập mặt luôn. Quán đến giờ vẫn chưa mở rộng nhiều nên hơi tối nhưng phía trong sạch sẽ. Bán từ chiều tới tối. Giá bình dân từ 25k đến 30k.Xem thêm",195
2182,eatwtea 💋,23/1/2016 18:36,8.4,"Hôm qua có ghé lại đây ăn phở. Kêu 2 tô nhỏ 30k/tô giá tạm được, cao hơn xíu so với vài chỗ. Thịt xắt miếng to nhưng mềm, dễ ăn. Quán phục vụ cũng khá nhanh, ngồi mát mẻ. Mình và bạn có kêu 2 trà đá nhưng được free không tính tiền. Quán có nhân viên trông xe nên an tâm khi ngồi ăn.Xem thêm",195
2183,Yang Li,3/12/2015 2:24,7.4,"Do tìm phở Bình không thấy nên đổi sang tìm quán này. 
Quán mở cũng lâu năm rồi, giá cũng cao hơn chỗ khác 1 tí. 
Phở ngon, bánh và thịt nhiều, nước phở đậm đà, quán sạch sẽ.
Mình thấy có cả máy cắt thịt để ở quầy, tiện lợi, vệ sinh. 
Phục vụ cũng nhanh.Xem thêm",195
2184,Na Ng,25/11/2015 1:18,8.0,"Buổi tối đầy bụng chả muốn ăn cơm vào đây kêu tô phở cho rồi. Phở bò tái tô lớn 35k tô nhỏ 30k giá cao hơn các quán khác chút. Chất lượng cũng khá ok, quán cũng có tên tuổi lâu rồi. Ngoài phở là món chính còn có hủ tiếu bò kho, bánh mì bò kho, hủ tiếu bò viên, phở gà....Xem thêm",195
2185,Thảo Nguyễn,22/8/2020 12:17,8.4,"Hải sản đây rất tươi, nêm nếm gia vị vừa miệng, nấu nhanh.
Giá cả lại cực kỳ hợp lý.👍👍👍 Ăn chắc phải 6 món mà chỉ có tầm 300k.
Muốn xuống VT để được ăn ốc ở đây nữa.Xem thêm",196
2186,Lê Huỳnh Như,9/4/2019 10:24,8.2,"Mình thích ăn hải sản nên khi đi biển thì không thể bỏ qua rồi, mình tìm sẵn vài quán lưu lại trên foody, đến quán đầu tiên gần khách sạn thì không thấy bán nên mình qua quán này, hơi xa 1 tí, quán nằm đầu đường Hoàng Diệu.
Có thể ngồi ngoài vỉa hè hoặc trong quán, mình đi buổi tối nên ngồi ngoài cho mát.
Quán đông khách nhưng phục vụ nhanh, nhân viên dọn dẹp ngay khi khách ăn xong nên sạch sẽ.
Menu đa dạng các loại ốc, cá, ...giá rẻ, hải sản tươi ngon.Xem thêm",196
2187,Nguyên Huỳnh,3/12/2018 1:08,8.0,"Nằm ngay Hoàng Diệu gần giao với đường sát biển (Hạ Long hay Thùy Vân gì đấy mình không nhớ). Đường nhỏ nên dễ bỏ qua, nhưng rẽ đúng vào Hoàng Diệu thì đi 1 tí là tới. 

Hồi xưa xửa xừa xưa thì quán có tên Bệt vì ngồi vỉa hè bình dân. Giờ thì nâng cấp lên có bàn ghế, có wc đầy đủ, tính tiền qua máy... 

Giá cả dao động từ 30-40k. Cũng gọi là rẻ so với nhìn chung Vũng Tàu nha. Quan trọng hơn là các món ăn khá là chất lượng, sẽ ghé lại mỗi lần ghé VT. 

Chỗ để xe là vỉa hè đối diện quán.  Vỉa hè bên này thì để ngồi ăn, không nằm ở đường đông đúc nên khá yên bình và mát mẻ khi tối trời. Menu nhiều món không đếm nổi luôn...Các món mình thử qua:

- Càng cúm rang muối:  gọi là rang nhưng giống xào hơn vì nó không khô kiểu rang, nhưng vị cũng ổn, tuy là toàn vỏ rất ít thịt nhưng ăn chơi cũng được. Vỏ cứng nhưng không lo vì được đập ra sẵn rồi. 

- Ốc móng tay rau muống: khá ngon, thịt ốc khá nhiều, duyệt. Ở biển ăn rau muống cũng khá thú dzị :v

- Nghêu hấp sả: dồi ôi cứ nghêu hấp sả mà tới thôi vì dễ ăn, nhất là vào lúc trời lành lạnh. Nói chung duyệt.

- Sò huyết (rang tỏi hay bơ tỏi gì đó): nêm nếm vừa vị, không bị tanh, ngon, tuy cạy vỏ mệt xỉu, mà thứ mình thích ở loài sò quỷ yêu này là vì vỏ đóng nên gia vị không thể thấm vào trong. 

- Sò mỡ hành: sò chín kĩ, nước mắm chấm ngon. Duyệt.

- Bạch tuột nướng satế: cũng tạm ổn. Duyệt luôn.

Tổng 6 món + 1 khăn có 291k thôi. Tính ra mỗi người khoảng 60k.
Vì không thể thử hết menu nên mình dừng tại đây :))))Xem thêm",196
2188,Lê Thiên Trang,28/3/2018 12:40,8.8,"Chỉ có hai người mà ăn gần hết món ngon của quán
Hải sản  đây rất tươi, nêm nếm gia vị vừa miệng, nấu nhanh.
Giá cả lại cực kỳ hợp lý.👍👍👍 Ăn chắc phải 6 món mà chỉ có tầm 300k.
Muốn xuống VT để được ăn ốc ở đây nữa.
Ấn tượng cả gia đình chủ quán kute nữa.Xem thêm",196
2189,QL,30/11/2017 13:49,6.4,"🍒Đặc sản ở đây là ngồi bệt nha. Hồi xưa còn ko có bàn nhựa đâu chỉ có mấy tấm gỗ thôi
🍒Quán vỉa hè trong đường nhỏ nên cũng ko được sáng sủa, vậy mà buổi tối đông lắm nè. 

🍒Giá 20k dĩa hấp 30k dĩa xào
Giá này ăn cũng ok chứ ko quá rẻ

🍒Gia vị nêm nếm bình thường thôi
Ốc cũng tươi ngon tại cô bán ngày nào hết ngày đóXem thêm",196
2190,Thảo Phạm,11/2/2017 11:38,7.0,"Tổng cộng mình đến quán tận 2 lần luôn, lần đầu đi ăn mình gọi 3 món 3 ly Pepsi nhâm nhi đến gần cả tiếng cùng hai người bạn, bạn đến thử quán mình nghĩ là vì không gian, nó ngay biển, không khí rất mát mẻ, kiểu ngồi bệt bệt lề đường cũng vui, bệt là biệt thiệc nha, cái ghế chỉ cao có 20cm thôi, chống chỉ định các bạn nữ mặc váy ngắn, nhận xét thôi hihi:
- Món ăn: mình thấy ốc ở đây không ngon lắm, chưa đủ chất gây nghiện, kiểu ngon vừa vừa thôi phần ngon nhất lại thuộc về hệ thống Ốc Tụ Nhiên rồi.
- Ăn ở quán các bạn không phải đợi dài cổ, à mà quán ko có cơm chiên nên ăn chỉ là ăn dặm thôi nha (y)Xem thêm",196
2191,Mr Cat,25/11/2015 17:26,7.0,"Quán ốc nhỏ ven đường nổi tiếng là khá rẻ. Trước đây mình cũng hay ăn nhưng dạo này ít. Quán cũng khá đông chắc bởi vậy nên chất lượng ngày càng giảm không ngon như trước nữa theo mình là vậy.

Những bạn nào đi du lịch ở khách sạn Rex hay Sông Hồng có thể hỏi đi bộ ra ăn vào buổi tối cũng hợp lý 😁Xem thêm",196
2192,eatwtea 💋,19/10/2015 16:58,6.0,"Quán nằm gần biển, cũng có lượng khách ổn định. Giá mềm từ 30-50k/1 dĩa. Có đa số các loại ốc phổ biến. Chế biến đơn giản không cầu kì, không có hương vị riêng. Được cái ốc ngày nào bán ngày đó nên khá tươi. Nước chấm ốc không được ngon, chủ yếu là muối tiêu chanh và nước mắm pha bình thường.

Gọi là ốc bệt nên ngồi bàn thấp, tối nên hơi muỗi. Có bán nước ngọt, bia các loại.Xem thêm",196
2193,Tiên Trần,13/7/2015 11:34,6.2,"Mới vừa ăn hum 11/7 , quán dọn hàng ra lúc 6h , mình đến thì thấy một số người đến ăn rùi. Kêu 3 dĩa, móng tay xào mỡ hành, ốc mỡ xào bơ tỏi với càng cúm xào me. Nói về cách chế biến thì chỉ có xào bơ tỏi là thấy thơm thơm ,mặn mặn. Nước mắm ở đây pha cực lạt. Ốc móng tay con bé xíu nhỏ hơn đốt tay,có vài con thúi thúi. Càng cúm sốt me thì sốt me ăn vào như bột me ấy nhiều lắm ,chẳng giống kiểu ở Sài Gòn. Tổng thiệt hại là 130k cho 3 đĩa. Ông xã nói ăn dzở quá, về thành phố mắc hơn tý nhưng lựa đại 1 quán còn ngon hơnXem thêm",196
2194,Phuoc Pham,26/12/2014 22:46,7.0,"Một quán ốc khá lạ và cực kỳ rẻ ở Vũng Tàu, quán này nằm trên lề đường của 1 con hẻm nhưng các loại ốc khá tươi. Menu của quán không nhiều món nhưng món nào ra món đó, 1 dĩa khá là nhiều. Tuy món nào ăn cũng cảm nhận được vị tươi nhưng cách chế biến hơi nhạt nhạt chứ không được chế biến lớp gia vị đậm đà như Sài Gòn. Ngồi ngoài đường cũng thấy hay hay, ngồi ăn tám chuyện mà giá lại rẻ qua chừng, ăn 4 -5 món mà có 190k thôi à, mà ăn thấy no luôn đó.Xem thêm",196
2195,foodee_ed7d2d04,7/3/2021 20:54,3.6,"Quán ồn ào, phục vụ chậm. Mình gọi 2 món sườn nướng kiểu Nga + salad ăn kèm + bồ câu roti. Tổng đơn 600k mà chờ tận 1 tiếng vẫn chưa được ăn dù đã đặt bàn trước :) Sườn nướng tạm, món kia thì tệ mà chờ lâu :) Không quay lại lần 2 :)))Xem thêm",197
2196,Sao Mai Phương,11/4/2020 16:46,1.0,"Món ăn bình thường. Salad Nga ăn được.
Chồng của chủ quán chửi khách, rất mất dạy. Lần cuối cùng trong đời đến đây.
Trừ hết tất cả điểm cộng.Xem thêm",197
2197,Thắm Nguyễn Thị Mỹ,30/3/2019 20:15,6.8,"Chẳng có gì đặc biệt, sườn mềm, hơi hôi mùi khói, không thấm vị, nhưng giá ổn. Có bill trong hình. Dĩa rau trộn quá mắcXem thêm",197
2198,Thanh Thanh,24/3/2018 19:47,7.4,"Lần đầu ghé lại Vườn Bàng sau thời gian quán chuyển qua chỗ mới. Quán không rộng như chỗ cũ, ở đây gần đài liệt sĩ nên cũng dễ tìm, nhưng nằm sát bên quán Bò Tơ nên nếu chạy nhanh sẽ rất khó nhận ra. Thịt nướng và sườn nướng rất ngon và vừa miệng, ăn kèm bánh mì,salad và bơ ( tất cả đều tính riêng). Mình có gọi thêm miến xào cua, ăn cũng rất vừa miệng. Món ăn làm nhanh. Phục vụ nhiệt tình,chu đáo. Không gian không rộng như nhà hàng cũ. Giữ xe miễn phí.Xem thêm",197
2199,Tu Le,31/8/2017 15:11,7.0,"Lần đầu ăn lại nhà hàng này từ lúc chuyển qua đây. Lúc vào nói thật là mất hết phong cách ngày trc của quán. Chấp nhận là chỗ này sẽ khác chỗ trc nhưng không gian và cách phục vụ cứ sao sao ấy, khó tả lắm.
Đồ ăn vẫn khá ngon. Thịt nướng xiên ngon ướp gia vị thấm đều nhưng hơi mặn. Miến xào cua vẫn ngon như ngày nào. Salad nga ngon, ă nhiều thì ngấy như k ăn lại nghiền. Sườn nướng ướp gia vị như thịt xiên, nhưng do lát thịt mỏng hơn nên ăn k bị mặn như thịt xiên. Lẩu thập cẩm ăn tạm đc, k ngon cho mấy.Xem thêm",197
2200,Trang Kute,2/8/2017 16:35,7.6,"Đi ăn từ tháng 5/2017 giờ mới viết review. Quán ruột của gia đình từ khi còn ở địa chỉ cũ. Sang địa điểm mới, ko biết có đổi chủ không nhưng nhìn quán ko còn được sang như trước. Bàn ghế gỗ được thay bằng ghế nhựa. Tuy nhiên món ăn vẫn ngon như trước. Mình đi 3 người ăn thoải mái, nhất là gọi nhiều thịt xiên nướng kiểu Nga mà ra bill có hơn 500k. Có dịp sẽ quay lại quán tiếpXem thêm",197
2201,Lực Nguyen,20/4/2015 11:11,6.8,"Quán chuyên món Nga theo phong cách Việt. Địa chỉ hơi khó tìm do đánh số không đồng nhất.
Heo xiên nướng + sườn cừa nga: Ướp ít, thịt thơm. Nạc mỡ vừa, ăn không khô và không ngán
Ếch làm hơi nhạt, thịt chắc.
Những món an kèm như bánh mì, salad, khoai tây tự đem ra nhưng lại tính tiền riêng. Nhân viên cũng có cảnh báo sơ sơ nhưng không rõ ràng. Mọi người đến thì hỏi kỹ kẻo lại mắc bực mình.
Không gian rộng rãi, nhân viên nhanh nhẹn.Xem thêm",197
2202,Thảo Ngọc Linh,17/12/2014 20:32,8.2,"nhà hàng ăn ngon
đùi gà góc tư nướng
mực chiên giòn
thịt heo xiên nướng kiểu nga
giá cả tương đối
không gian rộng
view đẹp, thoải mái
nhân viên dễ thương, phục vụ okXem thêm",197
2203,Quang Vinh Đinh Hồ,11/11/2014 0:27,8.6,"Quán này có từ lâu đời lắm rồi, hồi trước tên quán là ""Cây Bàng"" nằm gần ngã năm, sau này chuyển về khu trung tâm thương mại đổi tên thành ""Vườn Bàng"". Chủ quán là ba chị em sinh ba rất nhiệt tình và vui tính.
- VỊ TRÍ: Đi Nguyễn Thái học hướng co-op mart về Lê Hồng Phong nhìn bên phải có biển hướng dẫn đề ""nhà hàng vườn bàng"" đi vô tầm 20m là tới.
- KHÔNG GIAN: rộng rãi thoáng mát, các ngày lễ và cuối tuần khách rất đông, nếu không đặt bàn trước thì khả năng cao là hết chỗ. Có 2 khu vực phòng máy lạnh và ở ngoài. Có chỗ đậu oto và bãi giữ xe máy miễn phí.
- CHẤT LƯỢNG: ở đây chuyên về các món đồ nướng than, ngon nhất là món thịt heo nướng xiên ăn kèm với bánh mì quệt bơ đường, món sườn nướng thì hơi dai nhưng tẩm ướp gia vị cực ngon.
- PHỤC VỤ: phong cách chuyên nghiệp, thân thiện, vui vẻ, nhiệt tình với khách hàng. 
- GIÁ CẢ: giá khá cao, nhưng bù lại món ăn rất ngon, xứng đáng với đồng tiền bỏ ra.Xem thêm",197
2204,Đô Ra Ê Ryn,28/10/2014 16:27,7.4,"Lần nào nhà mình đi vtau cũng ghé đây ăn hết :))
-vị trí: quẹo từ đường lớn vào cũng dễ tìm, đậu ô tô thoải mái :3
-không gian : quán cực kì rộng nhưng hay hết chỗ vào mấy ngày lễ, toàn khách du lịch, k có máy lạnh nhưng nhiều cửa sổ nên cũng k quá nóng
-phục vụ: tình trạng chung của tất cả các nhà hàng đông khách :v lên món nhanh nhưng nv rất là khó chịu :))
-đồ ăn: hợp khẩu vị mình nên rất ngon
   +Thịt heo xiên nướng kiểu nga (signature ở đây, nhất định phải thử): thịt k quá mềm, nêm nếm rất vừa miệng, 1 xiên 45k 4-5 cục thịt to tướng
   +sườn cọng nướng: mình k nhớ giá, thịt khá dai đc cái nêm nếm ngon
Đặc biệt ở đây bơ rất ngon, k qá béo nhưng có mùi vị rất đặc trưng, ăn 1 lần là muốn ăn qài luôn :3
Những món khác thì bình thường thôi à
Giá cả cũng k thuộc hàng rẻ vì cho khách du lịch
Nchung là đi w gia đình ra đây thì ghé ăn thử cho biết :))Xem thêm",197
2205,Quốc Bảo Mai Đăng,11/4/2022 14:46,5.4,Quán hiện tại đã bán lại chưa vậy ạXem thêm,198
2206,Khánh Huyền Huỳnh,3/3/2021 9:50,9.2,"Hay ghé chỗ này ăn trưa. Nhiều món để lựa chọn. Nêm nếm ngon, giá cả bình dân. Chưa có dấu hiệu ngán.Xem thêm",198
2207,Trang Lê,1/3/2021 10:00,8.4,"Nghe bạn đi vt về kể cũng ghé xem sao. Nhìn chung quán hơi chật vì đông, nằm ngay ngoài đường lớn nên khỏi đi tìm, đồ ăn vị ổn nhiều món, nhân viên nhiệt tình. Cảm nhận của mình là ổn. Ăn ngon và no xong đi chơi tiếp. Lần sau đi vt sẽ quay lại.Xem thêm",198
2208,Tang TaoWa,17/10/2019 12:21,7.4,"Dịp công tác thành phố Vũng Tàu. Mình có ăn trưa tại quán này.
Phục vụ không được vui vẻ cho lắm.
Đồ ăn ngon, gia vị đậm đà. Đặc biệt là món cá lăng kho tộ, ngon xuất sắc.
Quán rộng, thoáng mát và sạch sẽ.Xem thêm",198
2209,Nhung Lê Thị Hồng,30/6/2019 11:44,1.0,"Quá xá tệ...!!! Ko chấp nhận nổi!!!!Đoàn mình đi gần 30 người,gọi đặt trước 1 tháng,chủ nhận mình hỏi cần đặt món trước không,nói không vì ra nhanh...ra tới nới nhân viên nói không nghe j,”c đặt chỗ có đặt món chưa?chưa đặt món coi như chưa đặt chỗ?”....và ko đếm xỉa nguyên đoàn đứng nheo nhóc....ủa ủa....thái độ j vậy trời!!!!!Xem thêm",198
2210,Ngọc Hà,24/6/2019 14:50,4.0,"Mình  ghé  đây ăn  tuần  trước  lúc  1h quán  cũng  ko đông lắm ..mình  gọi  cá lóc  kho tộ màu  cá  chưa  keo  lại , canh chua cá  lóc còn  vẩy  mà  nước canh đục  ngầu,,  rau tập  tành  là  rau thập  cẩm  trộn  lai xào  len chứ  mình  tưởng  rau gì  đặc  biệt,  chỉ  có  trứng  chiên  hàu  an thấy  ngon... Noi chung la ko như  ý  xem view  thấy  OK ghé thì lại  ko ngon..Xem thêm",198
2211,Thuỳ  Vũ,23/6/2019 12:40,1.0,"Gọi đặt chỗ trước 1 ngày,11h hôm sau gọi Chủ đặt món,nhận xong tới nhân viên bảo ko biết gì,chủ quán nhận, ko có chỗ ngồi,quán coi lại cách làm việcXem thêm",198
2212,NT Lâm,21/4/2019 12:12,8.6,"Cơm ngon, thật sự ngon, anh phục vụ dễ thương, ăn xong tặng kèm 2 trái chuối tráng miệng, lần sau chắc chắn nhất định sẽ ghé tiếp 👏🏻Xem thêm",198
2213,ĐỨC THẮNG 1995,12/2/2019 0:19,10,Món ăn đây ngon giá ổn định phục vụ nhanh và ông chủ rất dt có dịp mình sẽ ghé típ 😘😘😘Xem thêm,198
2214,Quỳnh Nguyễn,7/2/2019 22:26,9.4,"Một buổi trưa nhẹ nhàng với cơm niêu

Điểm cộng: 
- Chất lượng món ăn tuyệt vời. Nhất là món canh chua cá dứa. Mình gọi tô lớn (70k), cá tươi ngon, vị chua vừa phải ăn rất bắt cơm. Món gà kho sả cũng ngon không kém nha. Một niêu chỉ 55k thôi nhưng khá nhiều. 
- Ngoài các món gọi thêm thì được free dưa chua + cà pháo mắm tôm.
- Giá cả phải chăng
- Không gian rộng rãi mát mẻ
- Các chị phục vụ nhanh nhẹn, nhiệt tình. 

Điểm trừ (bé xíu):
- Giá trong menu không đúng. Mình hỏi thì chị phục vụ bảo đã thay đổi nhưng chưa cập nhật. Tuy là giá cả phải chăng nhưng nếu ra bill không trùng khớp với giá trong menu sẽ dễ làm khách hiểu lầm lắm. 

Tóm lại là mình rất thích quán và nhất định sẽ quay lại <3Xem thêm",198
2215,Kua Đốm,22/12/2019 19:18,10,"Thức ăn ngon, giá cả hợp lí, không gian thoáng mát, nhân viên thân thiện, nhất định sẽ quay lạiXem thêm",199
2216,ngọc trần,18/11/2018 8:35,4.2,"Bánh khọt lần trc ăn ngon nhưng lần này quay lại chiên quá dầu, hành lại bị khét ăn đắngXem thêm",199
2217,Hạnh Nguyễn,24/9/2018 17:36,4.2,"Đồ ăn và nước dừa ở đây cũng ngon nhưng nói thật không biết các bạn du lịch thấy sao chứ mình dân Vũng Tàu thấy quá đắt luôn đó. Bánh khọt thì bé hơn các quán khác, nếu quán khác mình ăn đến no nê thì quán này ăn chỉ vừa đủ mà giá cũng ngang bằng. Nước dừa pha với nước đường mà tận 10 ngàn/ ly. Trong khi chỗ khác mình mua 13 ngàn 1 trái. Chỉ khác là nó k ướp lạnh và không có bàn ngồi như vậy thôi. Không biết bây giờ chỗ đó bán bao nhiêu 1 trái dừa nhưng lần cuối mình mua là 16 ngàn/ trái. Nếu các bạn du lịch muốn ăn uống có chỗ ngồi đàng hoàng thì chấp nhận chứ mình mua về hoặc ra ghế đá ngoài biển ăn giá đó là quá đắt!!!!! Trời ơi nước đường pha nước dừa bỏ đá vô nữa mà bán 10 ngàn/ ly.Xem thêm",199
2218,Thảo Nguyễn,11/2/2018 10:07,7.8,"Vừa đến  VT là mình cùng ox đến đây đầu tiên nè , bánh ngon lắm nha , mấy cô trong quán dễ thương lắmXem thêm",199
2219,Pun Tròn Tròn🍒,12/1/2018 23:56,9.0,Quán ăn cũng khá ngon và rẻ có 25k 1 phần thoii cô chủ quán cũng dễ thương. Có bán cả nước dừa tươi.Xem thêm,199
2220,Nhi Dương,7/12/2017 14:54,6.6,"Mình thấy chất lượng của quán cũng bình thường thôi không giống như review trên foody đâu. Bánh nhiều dầu nè, giòn thì có nhưng bột bánh mỏng quá, tôm thì hơi nhỏ, à nhớ nhắc cô chủ quán bỏ tôm chà lên nha. Nước chấm thì có vị của nước dừa hơi lạt lạt dễ ăn nhưng không được đậm đà lắm ăn cứ nhàn nhạt thế nào í. Rau thì cho nhiều nè không xin cũng cho, giá cả khá rẻ 25k/8cXem thêm",199
2221,Đạt Nguyễn Quốc,6/7/2017 17:01,7.4,"Quán nằm vị trí dễ tìm, món bánh khọt ăn khá ngon. Có nước dừa uống kèm. Giá cả cũng hợp lí!Xem thêm",199
2222,Dung Quach,31/5/2017 21:56,7.4,"Được bạn dắt ăn bánh khọt ở đay. Ăn một lần là ghiền. Tôm tươi ngọt lắm. Rau cũng sạch sẽ. Nước mắm nêm cũng vừa ăn nữa 
Nước dừa ở đây ngọt thơm 
Giá cả lại phải chăngXem thêm",199
2223,Thảo Phạm,8/11/2016 14:48,6.8,"Sáng mình cùng chị đi kiếm đồ ăn sáng kiêm luôn ăn trưa do dậy quá trễ. Mình thèm ăn rau sống nên hú đi ăn bánh khọt trời trưa nắng mà được ăn bánh khọt xong uống nước dừa xiêm luôn thì bá cháy luôn. Nhân xét thôi:
- Không gian: điểm đặc biệt của quán là chính giữa quán có nguyên một cây đa to đùng chắc nó còn lớn tuổi gấp mấy lần mình.
- Món ăn: Bánh khọt chỗ này ngon và giòn rụm luôn nha, rau thì được ăn thả cửa, 2 chị em mình quất liền 4 dĩa ăn no cành bụng luôn. Xong đó quất 2 trái dừa xiêm nữa. Vác bụng đi về và dự định là mình chuẩn bị mặp lên nữa rồiXem thêm",199
2224,Hà Leng,22/10/2016 15:27,7.0,"Mấy lần ra VT mình hay ghé đây ăn vặt buổi chiều, quán cũng nhỏ nhắn, khá ít chỗ ngồi. Gửi xe trước quán luôn nhé.
Ở đây có bán bánh khọt, gỏi khô bò, gỏi cuốn bì cuốn các kiểu 👌 à có nước dừa nữa.
Giá cả thì khá là rẻ cho tất cả các món
Về chất lượng món ăn thì mình thấy khá ok. Nêm nếm theo mình cũng được thôi chứ k ngon lắm, mà thật ra là quán ăn vặt nên mình k đòi hỏi gì nữa.
Một phần bánh khọt một ng ăn vừa đủ, nếu ăn mạnh thì 2 đĩa 😌Xem thêm",199
2225,Lê Ngọc Kha,22/4/2019 19:09,7.0,"Trời ơi, mình order về nhà mà thất vọng lắm luôn. Trước mình rất hay uống SQ nhưng ở TN cũ á
Nay thèm, mình Order bên chi nhánh này cho đỡ phí ship với cho lẹ :> Mình gọi trà sữa mật ong chúa :)) Add phô mai
Nhưng khi giao về là trân châu, với trà sữa ngọt siêu gắt luôn ạ còn trân châu ngon lắm 
Nên bh mình thi thoảng vẫn ghé SQ Thống Nhất, ổn hơn tí
Mong quán ghi nhận và khắc phục ạ. E cảm ơnXem thêm",200
2226,Trâm Lê,24/12/2017 10:59,8.2,Quán này thì ko phải bàn gì nhiều nữa vì nó là huyền thoại rồi. Trân châu ở đây vẫn luôn như vậy ko có thay đổi hay chạy theo mấy quán trà sữa bây giờ. Trà cũng vậy lun. Trà sữa vs trà mật ong x2 trân châu ngon số dách lun í. Ko gian thì bình thường thôi nhưng cũng thoải máiXem thêm,200
2227,Acalasca,19/11/2017 23:22,7.4,"Đồ uống quán ngon, nhất là trân trâu, nhai rất đã, phục vụ nhanh, nhưng mong quán chú ý tầng trên, sàn nhà rất dơ, mong quán để ý thường xuyên, chừng nào quán còn mở cửa sẽ còn ủng hộ quánXem thêm",200
2228,Trâm Lê,14/6/2017 18:54,7.2,Đây gọi là trà sữa tuổi thơ mới đúng vì đây là quán trà sữa cho từ bé cho các thế hệ 9x. Lâu lắm mình mới uống lại do bây giờ các quán trà sữa có thương hiệu mọc lên khá nhiều. Mình vẫn cứ trà sữa mật ong vị vẫn như thế và chỉ có 2 loại topping là thạch và trân châu. Thạch hơi to 1 xíu và trân châu khá sống. Chị pha chế cũng thân thiện giá cả thì phải chăng 15-20k thôi. Ít khi ngồi lại nhưng ở đây cũng bình thường ko có máy lạnhXem thêm,200
2229,Vân Thế,4/1/2017 13:06,8.2,"Trưa nóng ghé lại Sơn Quang ngồi tránh nắng, uống trà sữa vi vu hưởng quạt mát. Trà chanh thơm, thanh, giá thành rẻ. Chạy qua kế bên mua bánh tráng trộn xách vào ăn thì ngon thôi rồi. Nhưng buồn Sơn Quang dã man... Mãi không bắt wifi cho khách xài 😭😭😭Xem thêm",200
2230,Vân Thế,31/12/2016 23:32,7.2,"Sơn Quang nổi tiếng là trà sữa ngon giá thành rẻ hơn so vs chất lượng. Nhưng uống miết giờ mình thấy có trà chanh thơm, khoai môn khá ngọt (2 loại mình hay uống nhất) còn lại mấy loại kia mình không thích lắm! Trân châu dai dai nhai đã miệng, trà thơm, chỗ ngồi thoáng mát. Hầu hết khách toàn lên lầu ngồi uống kèm tặng free ngắm trọn view bút xóa và những nét vẽ thần thánh chằng chịt trên tường vs bàn trên đó. Kế bên quán có xe bán bánh tráng trộn khá ngon (có thể mua rồi xách vào quán ăn), uống kèm trà sữa nữa thì còn gì tuyệt hơn.
###Quán không có wifi 😂😂😂Xem thêm",200
2231,Ocean,13/11/2016 9:56,7.6,"Nắng quá, đến Vũng Tàu là phải tìm nơi trú ẩn luôn và ngay trước khi bị cháy khét 😂 
Quán nằm ngay đầu đường Nguyễn Văn Cừ, ko để ý là bị lố luôn.
Bị choáng vì menu đồ uống rẻ bất ngờ mà chất lượng cũng tàm tạm.
Phục vụ rất nhanh chóng, mặc dù mấy người ở đây nhìn ko thân thiện lắm 😂
Có 1 điều hơi bất cập 1 xíu là ống hút nhỏ quá, trong khi trân châu lại hơi to, toàn bị tắc ống :)))
Quán gồm 2 tầng, tầng 1 chủ yếu là mấy bàn để khách mua mang về ngồi đợi. Khách ở lại hầu hết lên tầng trên, ngồi bệt, rất thoải mái. Có ổ điện cho các bạn sạc pin điện thoại hoặc laptop. 
Ở đây còn có treo mấy cái lồng chim, ngồi thưởng trà lại đc nghe chim hót, vui tai lắm :)))Xem thêm",200
2232,Bích Liên,6/6/2016 10:10,7.8,"Mình đã khám phá rất nhiều quán, nhưng vẫn thích lưu tới chỗ này thường mặc dù không gian quán bình thường, ko được đẹp như nhiều quán khác. Giá ở đây vừa mềm mà nước cũng ngon đậm đà, mình thích uống hồng trà chân trâu ở đây, uống vẫn còn vị hơi hơi đắng thơm thơm của trà (trà sữa thì mình thua, pha loãng qá). Pha thì cực nhanh, vừa ngồi xuống ghế, nước uống đã ra.
Đồ ăn vặt thì menu rất phong phú, chờ hơi lâu nhưng mà ăn khá ngon (uống tầm nửa ly hồng trà đồ ăn mới xuất hiện). 
Mình thích món khoai tây chiên ở đây, chưa thấy chỗ nào bán đồ ăn vặt vượt qa đc, nước chấm là tương ớt và mayonaise trộn chung lại chấm ngon cực, khoai chiên giòn bên ngoài, trong còn nhiều thịt khoai ăn khá chất. có 10k/phần :)))
Tokboki ở đây cũng rất ổn.nêm nếm đậm đà, đem ra ăn nóng sốt, vừa thổi vừa ăn. Cân đối giữa bánh gạo, topping và bắp cải (những chỗ khác thì bắp cải nhiều hơn bánh gạo !). Độ cay gia giảm theo yêu cầu nha. 1 phần như vầy 2 người ăn mới hết! 25-35k/ phần
Giá cả ở đây mình thấy món nào cũng mềm, ăn được nhiều, no, mà share tiền ra chẳng bao nhiêu cả. ;)Xem thêm",200
2233,Chan Su,1/5/2016 21:26,6.8,"Ngày lễ xuống vũng tàu chơi được bạn là dân vũng tàu dẫn đi uống nước. 2 đứa, 1 đứa gọi trà sữa thái xanh, 1 đứa gọi trà chanh. Mình uống thấy bình thường, không ngon không dở, giá cả cũng tạm. Quán này nghe cũng cũ rồi, từ cái thời bạn mình học c2 (giờ là đại học năm 3) nên vô quán thấy bàn ghế, tường đầy vết bút xóa, chữ bla bla viết từ thời trẻ trâu giống như hồi xưa nên thấy cũng vui vui, coi như là nét đặc sắc của quán.Xem thêm",200
2234,Đức Nguyễn,3/4/2016 20:46,8.4,"Quán này gần trường học nên chiều chiều là học sinh ngồi kín luôn hết chổ. Đồ uống ở đây giá rẻ, phù hợp với học sinh, sinh viên.Xem thêm",200
2235,Eldest Aries,2/11/2020 13:22,1.0,"Một lần rãnh rỗi ra VT chơi nghe nói trà sữa Sơn Quang best nhất nên cũng tìm mua uống thử, thế là bị thuốcXem thêm",200
2236,LVH Hanh,20/5/2019 15:08,8.0,"Gọi Sơn Quang là trà sữa tuổi thơ thì khỏi phải bàn cãi rồi đúng hem quý dị, e uống từ hồi học cấp 1 đến bây giờ sắp bị đá đít ra khỏi trường ĐH vẫn uống :))) Tuy nhiên sau này trà sữa pha có phần xuống tay vì có hôm hơi nhạt có hôm lại hơi ngọt quá ( chi nhánh nào cũng thế mới đau T.T ). Bù lại hồng trà chanh trân châu vẫn luôn là besttttt, đúng thật trân châu có 102 - to như cái bánh xe bò luôn :)) Thiệt may là quán đã đổi ống hút to hơn để hút trân châu và ko còn hiện tượng hút lòi mỏ mà trân châu ko lên nữa ❤️ 
Trời nóng thế này thì chỉ cần 1 ly hồng trà chanh size lớn thêm trân châu ít ngọt nhiều chua thôiiiii 🤤🤤🤤Xem thêm",200
2237,QL,26/1/2019 13:23,7.2,"🍒Đặt bánh bông lan ăn mà ko có trà uống thì khô họng quá, nên phải chạy qua mua ngay ly lục trà chanh trân châu :)))
🍒Mình dặn làm đậm đà nên rất ngon, trân châu nấu cũng dai nữa nói chung là okXem thêm",200
2238,QL,17/1/2019 20:37,7.4,"🍒Dù bao nhiêu năm trôi qua có kinh qua bao nhiêu brand trà sữa từ lớn đến nhỏ thì cứ về vt là ít nhất 1 ly sơn quang :))))
Uống từ thời nó 2k mà bây giờ nó 20k size ly vẫn ko đổi
🍒Điểm đặc biệt: sữa là dùng sữa tươi vinamilk ko phải dùng bột béo. 
Trân châu ở đây là độc nhất vì dùng loại trân châu to như bánh xe bò😂 ống hút cũng bự chảng mới hút được

🍒Hồi đó cũng thích uống trà sữa lắm nhưng sữa tươi vinamilk ngày càng dở nên bỏ luôn
Giờ mình chỉ uống trà chanh hoặc cacao thôi. 
Lâu lâu ngán hồng trà thì đổi qua trà lài cũng ngon lắm nheXem thêm",200
2239,Duy Phát Lê,22/10/2018 12:30,7.0,"Uống nhiều lần rồi. Giá càng ngày càng cao
Trà tắc 18k còn trà sữa 20k
Mà nên uống trà tắc thôi chứ trà sữa pha ko được đậm đà
Trân châu ở đây hột to. Có bữa nấu dai có bữa bị nhãoXem thêm",200
2240,Oanh Phạm,7/8/2018 19:35,9.4,Dù có rất nhiều thương hiệu tsua mới nhưng Sơn Quang vẫn là nơi mình thích. Mùi vị nhẹ nhẹ của sữa tươi chứ k ngọt đậm như các loại tsua dùng sữa bột như bh.Xem thêm,200
2241,Mều Vũ,20/5/2018 14:53,9.4,"Dù các quán trà sữa thương hiệu có đổ bộ vào vũng tàu ào ào
Thì vẫn không có nơi nào cạnh tranh được với trân châu sơn quang ♡Xem thêm",200
2242,QL,29/4/2018 14:27,6.8,"🍒Gần nhà nên mỗi lần về nhà là mẹ mình hay mua cho uống :))
🍒Nếu ai thích uống đậm đà thì khi mua trà chanh hay trà sữa nhớ dặn mấy em bán hàng nha
Nếu ko dặn mấy bạn pha bình thường thì mình nói thật là lạt lắm ít tắc ít đường
Hôm mình mua ly sữa khoai môn trân châu 19k mà ta nói nó dở ẹc :)) lạt lẽo
🍒Chỉ nên uống trà chanh thôi mà nhớ dặn pha đậm đà!Xem thêm",200
2243,QL,15/2/2018 11:43,6.8,"🍒Trà sữa gần nhà uống từ hồi lớp 5 lớp 6, từ lúc còn 2k/ly hồng trà trân châu :)))
🍒Bây giờ thì mình ko uống trà chanh hay hồng trà nữa vì pha lạt lẽo lắm. Lâu lâu qua mua ly cacao sữa uống thì ok
Ngày Tết mới lên giá 2k/ly thành ra ly này 17k sz nhỏ huhu say goodbyeXem thêm",200
2244,An Ni Bảo Bối,26/4/2017 22:48,8.0,"Hồng trà chanh trân châu thần thánh trên đường Thống Nhất cũ. Giống như quay về thời cấp 2 lần đầu biết đến trà sữa, hồng trà... mua 4 li mà đâu chưa tới 60k trời nóng uống đã lắm

Foody chỉ đường định vị vị trí quán này sai rồi nha. Đi theo bản đồ foody lạc xa lắc luôn. Thống nhất mới là đường bự thiệt bự còn thống nhất cũ là cắt đường lê lai á. Mấy bạn xem bản đồ kĩ nha.Xem thêm",200
2245,Kimngan12.3,13/8/2019 18:12,10,Lần nào đến cũng mua vài hộp về ăn.  Cực kỳ ngonXem thêm,201
2246,Zu Trần,14/1/2018 18:48,7.6,"Mình đi VT toàn mua bánh ở đây thôi, quán kế bên bánh khọt gốc vú sữa nha. Tới là được ăn thử bánh free à với anh chủ nhiệt tình dễ thương nữa. Bánh mới nướng xong thơm phức nóng hổi ăn bao đã luôn. 1 hộp được 10 cái ko phô mai thì 25k và để được tầm 4,5 ngày. Có phô mai thì 30k và chỉ để được 2 ngày thôi nhé. Mà nói chứ phô mai ăn nóng thì ngon chứ để qua 1 ngày là nó hơi bii cứng ăn ko ngon lắm. Mua bánh trên 2 hộp là được giao tận nơi trong tp nhé ko tính ship. Làm vậy cũng tiện khỏi đợi lâu . 😁Xem thêm",201
2247,Thu Thủy Tô,14/11/2017 15:03,3.6,"Bánh lẫn nhiều cát, ăn có sạn, mua 4 hộp chủ nhật vừa rồi đều bị, thất vọng.Xem thêm",201
2248,Minh Nhựt Tiêu,9/9/2017 20:40,6.0,Ăn lúc nóng thì ngon nhưng khi nguội thì bánh ko còn ngon như lúc nóng.Xem thêm,201
2249,Hải Linh Nguyễn Vũ,7/8/2017 16:31,9.2,"- Vi trí: kế bên bánh khót Gốc vú sữa, với đối diện bánh bông lan gốc cột điện. -_-
- Không gian: Nhỏ bé, hàng bán bánh ở trước nhà, làm bánh ở phía trong
- Chất lượng: Ăn cực ngon, không bị khô quá, ăn một cách không ngừng nghỉ, không ngán :))
- Phục vụ:  Được ăn thử trước khi mua, lúc mình đến cô đó có mời ăn thử mà mình không ăn :)) Vì ăn nhiều rồi nên biết vị bánh ở đây, sau đó cô lại lấy bánh bông lan có pm mời mình và cũng như thế :)) Hiểu là nhân viên nhiệt tình rồi nha <3 
- Gía: 25k/ hộp bánh trứng muối+chà bông
30k/ hộp bánh đb gồm bánh trứng muối+chà bông+pmXem thêm",201
2250,út bi,23/5/2017 14:01,8.0,"Cảm nhận đầu tiên khi đến tiệm là người bán vô cùng vui vẻ, hòa nhã chào đón khách, đon đả mời khách dùng thử bánh, không ngại cho khách thử nhiều, mình lỡ làm rớt cái bánh đag thử thì ng bán nói không sao, để ảnh đền cho. Chứ không như bên tiệm Gốc cột điện cho một cái và bảo 2 người cắn đôi ra :))).
Nói về chất lượng bánh thì không biết nói sao luôn. Đủ vị béo mặn ngọt lại rất thơm và mềm, ăn một hồi lâu vẫn còn đọng lại vị trong miệng.
Giá bánh rẻ lại có khuyến mãi. Mua 10h tặng 1 hộp đầy đủ 30k. Rất đáng tiền!Xem thêm",201
2251,Hải Linh Nguyễn Vũ,26/3/2017 20:52,9.0,"Hôm nay đi VT chơi nên gđ ghé Thọ VT mua :)) Do lần đầu ăn bánh ở chỗ ấy thấy ngon nên mua về ăn cái mình ghiền :)) Lâu lâu mới có dịp nên quất luôn 28h vừa ăn vừa làm quà :) Mà được tặng hai hộp có pm 😍 Bánh bông lan ăn không hề ngán hay khô :)) Bánh mềm, có độ ẩm và rất nhiều topping :)) ❤️ Nói chung là mê lắm 😘💐Xem thêm",201
2252,Diệu Linh Nguyễn,9/2/2017 10:28,8.0,Nghe bảo bánh bông lan trứng muối ở đây siêu ngon nên mình và bạn mình mua về làm quà mà mua nhiều lại còn được tặng thêm nữa chứ. Chị chủ quán có cho ăn thử bánh. Bánh rất ngon và ai cũng khen. Có dịp ghé Vũng Tàu chắc chắn sẽ quay lại đây mua nhiều bánh hơn nữa :DXem thêm,201
2253,Nguyễn Hoài Phương,26/10/2016 15:34,7.4,"Quán ngay cạnh bánh khọt vú sữa và đối diện bánh bông lan gốc cột điện. Lúc đầu mình định mua bên gốc cột điện cơ nhưng đứa em mình ăn thử bánh bên này thấy ngon nên bọn mình lại mua bên này. Bánh bông lan trứng muối chà bông 25k/h. Bánh bông lan trứng muối phô mai thêm chà bông là 30k/h. Bánh mềm không bị khô. Trứng muối mặn mặn, thêm chà bông và phô mai béo béo nhưng ăn k bị ngán. Chị chủ bán hàng nhiệt tình. Cho thử thoải mái. Lúc thấy mình định chụp hình thì còn bảo bé nhân viên đang làm bánh mở nắp ra cho mình chụp. Mua 5h tặng 1h nhỏ. Mua 10h tặng 1h toXem thêm",201
2254,Hải Linh Nguyễn Vũ,19/7/2016 22:57,8.6,"Dì và mình có đi mua bánh khọt GVS gần tiệm bánh, lúc đó ko để ý tiệm gần, đi ngang qua thì dc chị kia phát 1c bánh ăn thử, ăn thử thì theo cãm nhận của mình thì bánh rất ngon, cảm giác là ko ngán, vị lạ, ngọt ngọt xen vào vị mặn của trứng muối và chà bông, 1 chút béo của pmai. Dì mình mua 6 hộp có pmai, giá 1 hộp là 30k hình như gồm 10 cái bánh xinh xinh 😂😝  Lúc đó nghe chú chủ quán là mua 6h tặng 1/2h là 5c 🤗💋 Nói chung bánh ngon lắm, giá cả hợp lí, mn có ra VT nên mua thử bánh ăn, lưu ý là xung quanh đó có nhiều chỗ bán bánh lắm nha bạn, coi chừng lẫn lộn nha 😉 Chắc chắn sẽ mua ăn nữa 🙃Xem thêm",201
2255,Le Ngoc,28/6/2020 12:43,8.0,Chè ngũ quả + thảo mộc đặc biệt: 110kXem thêm,202
2256,hannguyen176,5/1/2020 10:43,7.6,"Không gian dễ thương, thích hợp cho nhóm bạn 4-6 người. Menu có nhiều món đa dạng và vị ổn.
Các bạn phục vụ sẵn sàng hỗ trợ. Ủng hộ quán.Xem thêm",202
2257,Nguyễn Quốc Long,27/7/2019 16:00,8.0,"🌤 Hôm nay mình và bạn có định đi ăn chè, nhưng lại muốn không gian nào đó yên tĩnh có thể nghỉ ngơi được. Tình cờ mình tìm thấy Ơ Bai, review các thứ khá tốt, và cũng gần chỗ mình nên quyết định đi luôn.

🍹 Ơ Pai ngoài các loại chè thì còn có cà phê, softdrinks, soda,... với mức giá từ 20-50k tuỳ món. Mình và bạn có gọi Chè Thái 30k và Singapore Chocolate 30k.

🍸 Chè Thái theo mình thấy thì khá thiếu và ít, chỉ có thạch dẻo, quả nhãn, sầu riêng, hạt đác, nấm tuyết, nước dừa. Vẫn còn thiếu khá nhiều nguyên liệu khác, lúc mang chè ra thì phần sầu riêng vẫn đang bị đông đá, mình phải tách nhỏ và khuấy một lúc mới tan hết ra. Vị thì khá, mỗi tội hơi ít thui hix 😭

🍮 Singapore Chocolate thì khá giống Pudding, ăn kèm với đậu đen, thạch dẻo. Vị thì bình thường :)))

🙋🏽‍♂️ Lần sau nếu có thèm chè, hoặc muốn không gian nào đó ấm cúng nhẹ nhàng, mình vẫn sẽ quay lại để thử các loại chè khác nhé!Xem thêm",202
2258,Đông Pham,14/7/2019 13:33,6.6,"Lần đầu đến Vũng Tàu, lần đầu vào quán ấn tượng đầu tiên là:
quán sạch sẽ, không gian ấm cung, bày trí đẹp, giá cả phải chăng. 
Về đồ ăn: chè ngon, không ngọt quá( phù hợp với các bạn gốc bắc). Nhân viên mặt hơi nặng chút. 
Lần thứ hai vào quán thì mình order hồng trà dưa lưới và trà đafo kiwi. 
Thật sự món trà này không thể nào uống nổi, ngọt hắc đến nhức đầu, không có vị trà, không có vị dưa lưới hay kiwi gì hết. Chỉ ngọt như pha nước đường. Nhạc quán mở hơi to quá. 
Bạn nào có ý định ăn chè thì ok nhé, còn đồ uống thì please stay away!Xem thêm",202
2259,Sơn Nguyễn Minh Quân,28/5/2018 22:20,7.0,"❤️ Mình đang đi kiếm 1 quán trà sữa nào ở gần Thành Đoàn để tiện cho 1 việc học thì kiếm được quán này. Nhìn tên quán là lạ rồi, vào trong có máy lạnh và nhạc đầy đủ. Phục vụ nhiều món nước.
❤️ Nước ở đây khá ngon và nhiều loại nước khác nhau như soda, yogurt, sữa tươi, chè, hồng trà, trà sữa, ...
Tổng thể thì ở đây nước làm ngon và trình bày công phu nhưng loại soda của mình rất gắt, hơi khó uống
❤️ Nhân viên ở đây không mấy thân thiện, quên trước quên sau, vụng về.Xem thêm",202
2260,Thùy Anh Hà,22/3/2018 16:17,8.6,Nội dung như trên ))Xem thêm,202
2261,QL,20/11/2017 15:26,7.0,"🍒Chi nhánh đầu tiên của quán. Gần chỗ mình hồi xưa nên hay hẹn bạn ra đây
🍒Bình thường hay ăn chè mà nay nổi hứng gọi soda uống cũng ngon lắm
Ly mình xanh lè xanh lét luôn, rất đẹp
Có nhiều là bạc hà nên dậy mùi thơm
🍒Nói chung quán làm hình thức ly này thấy ưng nèXem thêm",202
2262,Hà Minh Nguyệt,11/3/2017 22:20,7.2,"Check in bữa giờ mà giờ mới có thời gian review. :))) máu lười lên não.

Quán Ơ Bai, cái tên khá lạ, cũng vẫn chưa hiểu lý do vì sao quán tên như vậy nữa. Nếu đi từ Quàng Qua Thám, không để ý sẽ ko thấy được quán, vì phía mặt tiền bên Quàng Qua Thám là bán hàng lưu niệm cơ, góc bên Nguyễn Bỉnh Khiêm mới biết là quán nước, thổ địa ko dắt đi chắc tụi mình ko biết luôn.

Quán khá vắng, có sách, có truyện để đọc nữa. Quán trang trí theo đúng chất biển, vỏ ốc treo lủng lẳng. Mình ko có ấn tượng lắm với cách trang trí của quán vì nó ko có theo 1 tông nào nhất định. 

Tụi mình đi 3 người, gọi 1 chè thái, 1 sữa chua nếp cẩm và 1 yagurt, giá nước ở mức trung bình, sữa chua nếp cẩm quán làm thơm nếp lắm, ăn béo béo của nếp, chua chua sữa chua, ăn quài được luôn. :)) rất tiếc mình ko phải người gọi món này nên ăn xong vài miếng mà vẫn thòm thèm. Chè thái mình gọi thì hơi ngọt và ít sầu riêng. Ăn tạm được. 

Quán mô hình gia đình nên có 2 cô chú chắc là chủ quán phục vụ luôn, gu nhạc ổn, nhẹ nhàng, ko giật giật ầm ầm. 

Nếu có hẹn thì mình sẽ quay lại đây, còn ko chắc khó, vì quán ko giáp biển, ko có cảnh ngắm, lại ko có chỗ nghỉ lưng nữa. :)Xem thêm",202
2263,Thanh Mai,31/5/2016 11:40,7.0,"Nước và chè ở đây khá ngon, nhưng mà không nhiều loại nước lắm. Giá cả hợp lý k đắt.
Không gian ấm áp, dễ thương, trang trí đẹp.Xem thêm",202
2264,William Võ,23/5/2016 18:31,7.6,"Vì nằm ngay ngã tư nên quán được lợi thế là 2 mặt tiền, không gian quán rất yên tĩnh phù hợp cho tất cả mọi người , quan thiết kế theo phong cách hoài cổ nên càng ngắm càng thấy mê mẫn lòng người, nhân viên thì cũng không khó chịu cho lắm, nhiệt tình và vui vẽ , giá thành ở đây cũng tạm ổn tuy không rẽ nhưng cũng không đến nổi đắt tiền, ngoài khách địa phương ra thỉnh thoảng mình vô uống nước thấy có 1 vài người nước ngoài hay đến, pha chế cũng khá ngon, rất phù hợp với khẩu vị của mình.Xem thêm",202
2265,Ngoc Nguyen Jessica,8/7/2019 8:41,2.6,"Chủ quán du côn.
Được người nhà giới thiệu ra quán Đất Việt. Gia đình mình gồm 10 người gồm 3 em bé. 
Đến quán mình thấy có 2 bàn đang ăn mình chọn góc view đẹp vừa ngồi thì cô nhân viên chạy ra bảo bàn đã được đặt.
Mình chuyển vào góc ngồi nhưng góc đó có em bé nhỏ nên ko xoay xở được rất bất tiện. Gia đình mình chuyển qua bàn kế bên.
Nhưng thằng cha chủ quán chay ra bảo có người đặt, nên nhân viên chỉ ngồi 1 góc khác mình Oki. Một lúc sau thằng cha chủ quán lại chạy ra bảo gia đình mình vào góc lúc nãy ngồi vì bàn đã đặt. 
Mình không ngại di chuyển qua bàn khác và cũng ko muốn ảnh hưởng đến các bé nhưng từ đầu thái độ của thằng chủ quán rất LÁO như kiểu ko cần khách. Ra nói chuyện vs chồng mình mà nó cứ nghênh nghênh như kiểu du côn và lời nói vs cử chỉ như muốn nhảy bổ vào ăn thua với khách:
Chủ quán: Mọi người dời vào bàn này (bàn góc) vì bàn này đặt rồi.
Chồng mình : Em đã chuyển lần thứ 3 rồi đấy. Bàn đó góc chật nên rất khó xoay xở nếu bế em bé. Bên đó dãy gồm 4 5 bàn thì Anh cho khách 20 30 người bên đó. Bàn này có 2 bàn vừa đủ 10 người nhà em.
Chủ quán : Không được phải dời đi.
(Lúc này chủ quán trợn mặt rồi hất cằm rất bố tướng)
Chồng mình: Bọn em đã ngồi được 1 lúc rồi order rồi. Bây giờ dọn dẹp đồ cho các bé rồi dời nữa rất mệt. 
Chủ quán: Không dời ko được
(Lúc này mình để ý nhân viên xung quanh cũng ngao ngán lắc đầu với cách hành xử cùa thằng cha này).
Chồng mình: Nếu anh nói vậy thì bọn em dời đi không dùng nữa.
Chủ quán: Đi thì đi
(Lúc gia đinh mình dời đi mình quay còn thấy hắn cười khẩy kiểu gia đình mình ko biết điều)
Rồi mình qua quán cơm Huế Xưa ăn. Bên đó khách cũng đông, chờ món cũng lâu nhưng nhân viên nhiệt tình dễ thương.
Nói về nhân viên Đất Việt. Họ cũng dễ thương kể cả nhân viên giữ xe. Họ cũng tỏ vẽ rất ngán ngẩm cách hành xử của thằng chủ quán. Nhưng riêng thằng chủ mình khẳng định 1 điều nó rất láo. Có lẽ nó sẵn sàng ăn thua đủ với khách dù chỉ mới là 1 chuyện cỏn con. Chưa biết ngon thế nào nhưng đã ăn ngay cục ức.Xem thêm",203
2266,Anh Minh,20/5/2019 12:35,7.0,"Cơm ăn gần ngon. Các món lượng vừa đủ. Giá ok
Mực không ngon, có cảm giác đồ nấu từ khuya hôm trước.
Nhưng tổng quan gia đình hay đoàn ăn vẫn okXem thêm",203
2267,Lê Phương,14/4/2019 13:25,8.8,"Đồ ăn vừa miệng, phần ăn khá nhiều, phục vụ dễ thương, nhanh nhiệt tình.
Có một điểm trừ nóng nếu ăn buổi trưaXem thêm",203
2268,Phương Trương,19/11/2018 10:48,6.6,"- Vị trí: Quán nằm ở mặt đường Ngô Đức Kế, khá dễ tìm.
- Không gian: Quán này cũng giống mấy quán cơm niêu khác ở Vũng Tàu, có bàn ghế gỗ nhìn khá đẹp mắt. 
- Đồ ăn: Mình đi 2 người, gọi cá kèo kho tộ và canh gà lá giang. Cá ăn không có gì đặc biệt, ông đi cùng mình còn bảo thua cá em nấu. Canh gà lá giang thì hơi ngọt, có thể do mình người miền trung, k quen ăn ngọt như trong này. Quán  có thêm cà pháo và dưa muối ăn kèm (free). Tóm lại là đồ ăn k có gì đặc biệt. À có thêm điểm trừ nho nhỏ: đó là bát bị sứt, và k sạch, như kiểu bị đồ ăn bám vào, rửa k kĩ, mình phải đổi bát nhưng cái mới cũng k khả quan hơn mấy :(
- Giá cả: Chỗ trong ảnh với 2 ly trà đá ~ 100k cho 2 người ănXem thêm",203
2269,Phương Trần,19/10/2018 21:31,8.0,"Có ai chưa ghé quán này mỗi khi ghé Vũng Tàu không ạ? Mình hơi bất ngờ vì mỗi chuyến công tác ra đây ở mỗi khách sạn khác nhau mà khách sạn nào cũng giới thiệu quán cơm niêu Đất Việt này đây. Không gian quán rất rộng nhưng bàn ghế chất gần nhau thành một dãy dài, mình cảm thấy hơi bất tiện cho việc tới lui tí xíu. Về món ăn thì đa dạng lắm, cơm niêu là món đặc trưng nhé, thơm và dẻo lắm, mình ăn kèm cùng với mực xào chua ngọt, ở đây xào cực kì ngon luôn nhưng rau củ nhiều chứ mực thì rất ít.Xem thêm",203
2270,Phương Trần,17/8/2018 11:11,7.2,"Ra Vũng Tàu chắc chắn bạn sẽ được mọi người giới thiệu quán ăn này nếu hỏi ăn ở đâu ngon. Đoạn đường mình tìm đến quán khá xa và khó tìm vì mình không phải người ở đây. Ấn tượng đầu tiên về quán là rất rộng rãi, trang trí theo phong cách cổ xưa nên nhìn rất đẹp. Nhân viên phục vụ của quán đông nên phục vụ cũng nhanh dù khách đông nườm nượp luôn, mình vô ăn phải chờ mới có bàn, nhưng thiết nghĩ đông chắc ngon nên chờ mà vẫn thấy vui. Món ăn ở quán rất đa dạng, hầu như cái gì cũng có, mình gọi mấy món cơm bình thường thôi, cơm niêu nồi đất nè, cá thu nhật chiên nước mắm, ốc xào chuối... Xét về độ ngon thì mình thấy bình thường hà, không đặc biệt lắm.Xem thêm",203
2271,Phương Trần,16/7/2018 0:43,8.4,"Lần đầu mình ra Vũng Tàu mà được người quen giới thiệu về quán cơm niêu Đất Việt này. Chỗ khách sạn mình ở cũng khá xa quán nhưng vẫn quyết tâm tới cho bằng được. Rất may là đến quán thì nhóm tụi mình là những vị khách cuối cùng luôn. Có nhiều món ăn đặc sản ở đây hết rồi nên tụi mình phải ăn những món bình thường thôi. Nhưng quả thật rất ngon, các món được quán làm nhanh, nêm nếm vừa miệng lắm, món đơn giản là rau luộc chấm khô quẹt mà cũng ngon nức lòng. Có dịp đi tiếp ra Vũng Tàu chắc chắn mình phải quay lại và thưởng thức nhiều món ngon nữa.Xem thêm",203
2272,Yến Nguyễn,4/7/2018 14:53,3.0,"Trưa nay ăn món “cá bạc má chiên”, phát hiện nguyên 1 con gián trong 1 con cá. Cạch mặt không bao giờ quay lại mặc dù đã từng ăn ở đây nhiều lần! Chủ quán giải thích: “cá chiên buổi sáng rồi gián chui vô thì sao bên anh biết mà gỡ ra.” Dễ thương quá...! Mình đành cạch tiệm này ra vĩnh viễn!Xem thêm",203
2273,liên Bùi,4/5/2018 15:42,3.6,"Mình dùng dv now (ship tận nơi) phải nói bạn ship rất nhiệt tình. Mình gọi cơm, thịt kho, cá kho, rau cải xào và canh cua. Cơm thì dẻo ngon; thịt và cá theo khẩu vị của mình thì không ngon, ko đậm đà; canh cua thì ko thấy cua vị cũng tạm; cải xào tỏi thơm và vừa ănXem thêm",203
2274,Bích Ngọc Bùi Thị,13/1/2018 13:29,9.0,"Cơm niêu vừa đủ ăn no
Món ăn ngon, nêm nếm vừa ăn
Phục vụ nhanh nhẹn, vui vẻ
Giá cả hợp lý.
Một không gian thích hợp cho bữa cơm gia đìnhXem thêm",203
2275,Hong Bui,14/2/2021 13:55,9.0,"Trà sữa đậm, béo, thơm ngon, bánh bông lan vị ngọt vừa, béo thơm của trứng và bông lan, ăn ko bị ngán, rất vừa miệng, có thể ăn nhiều 1 lúc, rất hợp với trà vì trà ngọt hơn. Thạch phô mai mình rất thích vì quán làm nhiều vị nên đổi vị rất thích, chất lượng vì cục phô mai quá bự. Nói chung team thích trà sữa ko sợ mập thì trà ở đây quá okXem thêm",204
2276,Mạc Đình Đông,2/7/2020 17:46,10,"Được ủ từ trà đen của Phúc Long kết hợp với sữa tạo ra hương vị thơm nồng của trà, ngọt dịu & béo sữa. Sự khác biệt của ly trà sữa Phúc Long là nó đậm trà béo sữa. 
Tiệm cam kết dùng nguyên liệu chính hãng của Trà Phúc Long để pha chế ra 1 ly trà sữa Phúc Long thơm ngon phục vụ khách thưởng thức Trà sành điệu.Xem thêm",204
2277,Mạc Đình Đông,23/6/2020 19:45,10,Bạn đã dùng thử chưa? thật tuyệt vời với trà sửa ô long rất ngon và đậm đà.Xem thêm,204
2278,eatwtea 💋,18/12/2019 19:34,7.4,"Đi Vũng Tàu chơi mà vẫn thèm trà sữa nên lên now search kiếm uống nè. Thấy rv khá tốt và được nhận xét là vị trà đậm nên mình thử liền. 

Order 1 ly trà sữa trà đen phúc long (30k) thêm thạch trà xanh (5k) giòn giòn ngon lắm nè. Vị trà khá đậm ưng cái bụng ghê. Trà sữa tuy đã được pha đường sẵn ko điều chỉnh được đường đá nhưng uống vừa miệng lắm nè, mình là team uống ít đường mà thấy vị ngọt vẫn vừa. 

Thấy quán có bán bánh bông lan trứng muối nữa, lần sau có dịp sẽ ghé ăn thử.Xem thêm",204
2279,QL,10/2/2019 12:52,7.2,"🍒Tết về lại thèm trà đen sữa nên lại order
Gọi luôn ly lớn uống cho đã. Thêm trân châu trắng hay thạch lục trà là 5k/phần 
Ly nhỏ 25k ly lớn 30k
🍒Quán nằm ngay khu chợ xóm lưới cũng dễ kiếm lắmXem thêm",204
2280,QL,18/1/2019 21:01,7.2,"🍒Ly nhỏ lên 25k hết rồi. So với mặt bằng chung thì cũng ko rẻ hen nhưng nếu về vt mà thèm ts đậm đà thì mình cũng sẽ ghé mua
Trân châu thêm là 5k. Ko có trân châu đen chỉ có trân châu trắng 3q giòn thôi nhé
🍒Mình thì thấy uống ts trà đen là vừa rồi còn e mình nó uống ts phúc long đậm trà hơn nữa
🍒Chịu khó làm package đẹp so với 1 xe trà sữa nhỏ
Bánh thì chưa ăn nên ko nhận xétXem thêm",204
2281,Lê Chi,28/10/2018 10:21,9.2,Bánh bông lan trứng muối ngon. Lần sau sẽ ghé quán thử trà sữaXem thêm,204
2282,QL,23/6/2018 10:58,7.0,"🍒Hình này uống cũng lâu rồi. Bây giờ quán có ly kiểu mới kute hơn
Trà sữa Phúc Long của quân thì đậm trà nhưng quán pha kiểu ngọt và béo nhiều nên uống trà đẬm nó kỳ. Do đó mình hay uống trà sữa truyền thống nó hài hoà hơn

🍒Ly nhỏ 20k thêm trân châu trắng thành 25k giá khá cao so với mặt bằng chungXem thêm",204
2283,Thyle Le,17/6/2018 10:03,3.6,"Muốn khám phá trà sữa Vũng Tàu lên foody đọc review thấy ok nên uống thử. Đậm vị trà, sữa béo k ngọt lắm. Mình thì không thích vì khá là ngán. Nó sao sao. Chắc không hợp khẩu vị 
Vào mua 1 ly trà sữa phúc long mà làm luôn ly lớn cho mình 30k. Thêm thạch 5k mà giống để qua ngày mềm nhũn k dai nữa. BuồnXem thêm",204
2284,huynh tuyen,6/6/2018 15:36,8.0,"Chỗ này lần nào đi VT cũng ghé uống cho dc, trà sữa ở đây khá ngon, có thạch trân châu trắng nữa. Mình nhớ không lầm thì lúc ở sg vẫn chưa có rộ lên vụ trân châu trắng mà chỗ này đã có rồi. Thích ly ở đây lắm, do nó dc in tùy theo thời điểm.Xem thêm",204
2285,Hà  Linh,17/7/2018 14:18,8.0,Trà sữa phô mai đặc biệt full toppingXem thêm,205
2286,QL,12/4/2018 2:06,6.8,"🍒Thèm trà sữa kêu nhỏ em đi mua gì cũng được. Nó quất về cho ly này dù ấn tượng lần đầu đã ko mấy tốt đẹp. Thế mà dòng đời đưa đẩy vẫn gặp nhau :))
So với lần đầu mình uống thì hương vị cải thiện khá nhiều
🍒Trà đậm hơn chứ ko còn toàn mùi bột sữa như trước nữa nhưng vẫn chưa đến mức mình mong đợi
Ly to hơn và giá cũng tăng nhiều so với trướcXem thêm",205
2287,Munie.Tr,9/4/2017 0:48,6.8,"Ở nhà làm biếng ra đường, lại thèm trà sữa thì bạn phải làm sao? Đã có trà sữa ship lo rồi 😂😂
Điểm cộng: giao hàng nhanh, tiện lợi
Về đồ uống mình gọi soda kiwi và hồng trà size M, trà sữa size L nhé. Uống ngán luôn nè :)))Xem thêm",205
2288,Lin NH,11/2/2017 23:06,4.0,"Mình ăn ở đây được 3 lần, 2 lần đi buổi trưa đợi đồ ăn lâu kinh khủng. Cỡ cả tiếng lận trong khi các bàn khác đã có đồ ăn và thậm chí ăn xong rồi :) đến lúc tính tiền bill đòi bỏ 1 món ra mới đem ra.Xem thêm",205
2289,Minh Trang,8/12/2016 13:33,7.4,"Dò thì ko thấy địa chỉ quán, mà chỉ thấy quán này cũng tên ship, ko bít có fk .__. Mình mua trên đường ba cu, thấy mới khai trương đc hơn 2 tuần à, ăn sáng xong thấy nên ghé mua về luôn. 
Không gian quán cũng khá rộng, menu nhiều món ăn vặt, đồ uống chủ yếu là trà sữa thôi. Mình order 1 ts dưa lưới thạch cf, 1 hồng trà macchiato. Theo cảm nhận thì ts hơi ngọt, để tan đá 1 lúc ms uống mà vẫn ngọt "". Hồng trà uống quá bt, mình k cảm nhận đc vị của lớp milk foam ở trên ntn nữa,  ko béo mà nhạt nhạt, nói chung ko ngon như tưởng tượng. Sẽ ghé lại để thử món khácXem thêm",205
2290,Mr Cat,29/8/2016 1:01,7.8,"Dạo này nhiều chỗ vật giá leo cao quá thế là quyết định chọn chỗ này là một trong những chỗ giải khát mỗi khi ăn xong của mình. Trà sữa đúng với tên quán là từ 3 ly trở lên sẽ ship nha mấy chế. Ly trà ở đây cũng to lắm,mua 2 ly trà sữa trân châu thêm thạch trà xanh thì khoảng 35k. Trà sữa uống thơm có vị riêng của quán khó lẫn được với chỗ khác. Không gian quán không được rộng lắm có thể để bàn ra ngoài sân ngồi thoáng mát. Chế nào chưa uống bữa nào ghé thử nhé 😉Xem thêm",205
2291,eatwtea 💋,22/8/2016 17:54,7.8,"Lâu rồi mới uống lại trà sữa ở đây. Bình thường hay kêu quán ship tới nhà nhưng mỗi lần vậy lại phải chờ lâu nên mình đến quán mua luôn cho nhanh. Quán mới thêm vào menu món thạch trà xanh ưa thích của mình nên chắc sắp tới sẽ còn ghé dài dài. 

Giá cả ở đây so với nhiều quán trà sữa khác rẻ hơn nhiều. Giá khá bình dân, ly lại to oạch mình uống ít khi hết được. Mình kêu ly trà sữa trân châu + thạch trà xanh chỉ 18k nhé. Nếu ko uống thạch thì chỉ 15k thôi nha.Xem thêm",205
2292,Thiên Ngân,12/7/2016 15:20,6.0,Ship siêu ngon luôn trà sữa thì hỏi chê r 😚😚😚 thạch nhiều ngon vs rẻ nữa 😍😍😍 buooir trưa nắng nóng aloo là đc nhận ngay r mặc dù rep vs ship hơi lâu nhưng bõ công chờ đợi chị chủ quán dễ thương nhiệt tình 😚😚😚Xem thêm,205
2293,Pa Nee,27/6/2016 20:05,8.0,"Lúc còn làm ở chỗ làm cũ toàn mấy đứa bằng tuổi mình nên mê trà sữa lắm. Thích lắm nên lâu lâu vẫn trốn đi mua cho được hoặc kêu quán ship tới. Có vài lần rảnh rỗi nên kéo nhau ra quán ngồi vừa uống trà sữa vừa kêu đồ ăn vặt ở đây luôn. Quán chỉ chế biến vài món ăn vặt đơn giản như cá viên chiên, bắp xào, khoai tây chiên, bánh tráng trộn.... Trà sữa giá khá bình dân nhưng cho đá hơi nhiều. Vừa uống thì ngon chứ để 1 chút đa tan lạt nhách. Ai mê trà sữa mà lười đi mua cứ order quán ship tận nơi luôn.Xem thêm",205
2294,Bottle s Galaxy,23/5/2016 15:53,2.0,"Mình đặt món, nhắn đến mỏi tay mà chả thấy quán trả lời chỉ thấy ""đã xem"" mình bực quá tính đóng cửa đi ngủ luôn thì thấy ship đến mới ra lấy trà sữa .Trà sữa mà nếm thử chả thấy có miếng sữa nào cả bực cái mình tốn đến 47k lận mà uống thì dở kinh khủng ! Mình chỉ nhắc nhở vậy thôi bánh tráng có vẻ khô và không được ngon cho lắm .Xem thêm",205
2295,lephamtuuyen18022002,3/9/2022 21:59,10,Quán sắp sẻ mở cửa vài ngày nào? Thời gian làm việc của quánXem thêm,206
2296,Hàn Thiên Thiên,27/6/2022 21:27,8.8,"Đồ ăn cũng tạm được, giá cả bình dân, cứ nghĩ hàu bỏ trong vỏ luôn nhưng lại để trên cái chén . quán đông nhưng lên món khá nhanhXem thêm",206
2297,Rubyway 2016,10/6/2020 22:22,1.2,"Hôm nay ghé quán ăn, vì quá đói nên gọi 6-7 món, bản thân mình không ưng ý một món nào cả! đáng kể đến nhất là việc gọi sò điệp mà quán đem lên một dĩa sò dẹo, mình hỏi thì được giải thích là vì con sò điệp không có vỏ nên dùng vỏ sò dẹo để bỏ vào nướng, ngon dở là cảm nhận của từng người nhưng dùng con sò điệp không vỏ để chế biến thì theo mình nghĩ chỉ có dùng sò trong gói đông lạnh mới là loại không vỏ thôi.
Điểm thứ 2 muốn cho các bạn thấy là hình con hào, mình có chụp chung với đầu đũa để các bạn dễ so sánh lớn bé!!!Xem thêm",206
2298,NP Pham,12/5/2020 14:56,7.8,"Mình đi vũng tàu tối h.trươc ăn ở quán trong hẻm toàn ôc chỗ bãi thùy vân ấy, đắt mà dở
h.sau quyết tâm tìm được quán ốc ngon ăn trước khi về
tìm được quán này đồ ăn ngon, giá cũng khá okXem thêm",206
2299,Pooh Luv Food,25/2/2020 14:40,7.4,"Quán này nằm ngay đầu đường, vừa rộng rãi vừa thoáng mát. Mình đã đến thử vài lần cùng bạn và lần nào ăn cũng cảm thấy vừa ý. Chất lượng món ăn ở đây đồng đều và rất hợp lý so với giá tiền. Mấy món hải sản rất tươi, hàu pho mai béo ngon cực, lẩu đậm đà, thịt bò mềm không bị dai. Thích nhất là món ốc sốt trứng muối. Sốt trứng muối bùi bùi ngậy ngậy ăn mê lắm. Mình đi lần nào cũng gặp mấy bạn nhân viên rất nhiệt tình vui vẻ.Xem thêm",206
2300,Zọt Zinh,30/12/2019 19:40,8.6,"Thêm một địa điểm ăn hải sản ngon - bổ - rẻ nhé các bạn. Mặc dù nêm hơi ngọt xíu nhưng mà vẫn ngon xuất sắc. Bạn mình kén ăn còn khen ngon nữa đó. 2 đứa gọi tôm tít trứng muối, sò huyết nướng mỡ hành, 4 con hàu sữa phô mai với 1 nồi lẩu cá bớp, vị chi hết 351k mà no cành hông luôn. Có dịp ra vũng tàu thì chỗ này vẫn là lựa chọn số 1 của mình!Xem thêm",206
2301,tpd12,2/5/2019 0:03,8.0,"Vi vu trên đường ra biển thì bắt gặp quán Ốc 9, mình tấp vô ăn thử và trở thành khách thường kì từ hồi quán mới khai trương đến giờ luôn 🤗

✅Mình đã ăn rất nhiều món, cả đồ xào, nướng và lẩu (móng tay, ốc bưu, sườn, cá, tôm, trứng gà non, cơm, lẩu...) nhìn chung hải sản tươi, nêm nếm gia vị đậm đà, có nước mắm mặn ngọt, nước tương và nước chấm hải sản rất bắt vị luôn. Nhưng ấn tượng khó phai thì chỉ một số món thuii: 
📌Trứng gà non cháy tỏi: rất rất ngon. Trứng mềm vừa phải quyện cùng nước sốt mặn ngọt sau đó được phủ tỏi giòn và tóp mỡ xung quanh. Xuất sắc cực kì mà chỉ có 40k thui. Những nơi mình ăn toàn >90k nhưng lớp tỏi không đỉnh cao bằng ở đây đâu ấy!!!
📌Sụn gà cháy tỏi: vẫn ngon xuất sắc nhờ lớp gia vị và tỏi, sụn nhiều, nhai sần sật rất vui miệngg😆
📌Tôm nướng: Tôm tươi, nước sốt quết nướng ngon cực luôn. Trình độ nướng của quán của rất xuất sắc nên tôm chín vừa tới, không bị cháy mà vẫn thấm vị!
📌Sườn nướng: Vẫn là gia vị nướng huyền thoại, ngon không bàn cãi. 
📌Lẩu thái: Đồ ăn đa dạng (bò, cá, mực, tôm, rau..), so với giá 160k mình thấy khá rẻ. Duy chỉ có nước lẩu hơi hao hao lẩu cá đuối, chưa chua cay ra lẩu thái lắm!
📌Các món nướng mỡ hành (sò vẹo, hàu, cá sòng): Hải sản tươi, nướng vừa chín tới còn mỡ hành được nêm mặn ngọt nên cũng rất ngon!! hí hí 

❎Còn một số món mình nghĩ có thể ăn thử để biết đó biết đây: 
➖Vú heo: không phải né như chị nhân viên nói mà là xào ấy, mà lúc đầu bưng ra còn chưa chín lắm, phải nhờ xào lại huhu 😭nêm cũng chưa ngon, mình không có ý định ăn lại lần 2.
➖Gỏi xoài tôm khô: gia vị vừa nhưng tôm khô cứng và mặn quá huhu. 
➖Ốc bưu hấp tiêu: ốc bưu nấu kiểu luộc trong thố chứ không phải hấp nên lạt lắm ấy. mình không thấy có gì đặc sắc! 
➖Cà ri mực: mình không thích ăn cari nên thấy không ưng nhưng mực tươi. Bạn nào thích ăn cari có thể thử!!

✅Ngoài ra tôm chiên bột, cơm cá mặn cũng ngon nhưng hao hao các quán khác, cơm chiên có thêm trứng!!

🆘Điểm trừ cực bự là lần nào mình đến ăn cũng bị tính sai bill, có lần còn không biết lẻ 500 đồng ở đâu ra :))). Mình nhìn thấy cô tính tiền hơi lớn tuổi chắc cũng có thể sai sót nên các bạn nhớ kiểm kĩ và cộng lại bill cho chắc nhen. Bù lại nhân viên nam thân thiện và nhiệt tình ý kiến sẽ được khắc phục ngay. 
🆘 Điểm trừ thêm nữa là khi quán đông rất khó ăn được đồ nướng, mình gọi từ đầu nhưng ra món xào ăn hết tầm 45 phút rồi mà vẫn chưa thấy đồ nướng, hỏi thì toàn thấy nói đang nướng. Không biết là quán quên hay nướng theo lượt nên lâu nữa. Chứ thường mình đi sớm vắng khách ra món rất nhanh luôn 😅

Túm lại, với giả cả phải chăng và chất lượng đồ ăn tươi ngon, mình và bạn chắc chắn sẽ quay lại khi muốn ăn hải sản😻Xem thêm",206
2302,Rosie Rosie,14/4/2019 23:04,8.2,"Đi kiếm quán hàu nướng ăn Tam Nguyên, tưởng nướng  lò than ai ngờ là  lò vi sóng nên ko thích ăn. Phát hiện quán ốc kế bên nên tấp zô ăn đại nhưng kết quả lại rất hài lòng luôn. 

Quán đặt lò than nướng ngay bên ngoài. Đồ ăn chất lượng, mặc dù giá rẻ tầm 40k/món thôi nhưng đồ ăn nhiều và nếm gia vị vừa phải. Phục vụ lại chu đáo nữa. Hàu nướng phô mai ở đây là hàu chảy như SG nè, không phải phô mai con bò cười nên đã ơi là đã. 1 con chỉ 5k mình kêu hẳn 10 con vừa mỡ hành vừa phô mai luôn. Hàu rất ngọt, mình ko thích ăn hàu cho lắm nhưng cũng mê hàu chỗ này. Đúng là trời thương cho gặp quán kế bên, hehe. Tôm nướng mọi 1 phần 40k mà 7 con tươi rói. Nghêu hấp thái cay cay, mực nướng 40k - 50k gì đó, gỏi sứa thì ko được ngon cho lắm. Giá cả khá là sinh viên luôn, full bàn mình ăn hình như là 376k. Sau quán ốc Tự Nhiên, Thiên Nhiên đông đúc thì ""Must Try"" chỗ này nha. 

Nhìn chung nên cho quán này vào danh sách các quán ốc ngon giá rẻ tại VT nè, mình ăn địa chỉ số 4A Hoàng Diệu, nghe anh chủ nói sắp dời địa điểm. Ai muốn tới ăn thì nhớ check địa chỉ nha. Và đừng quên cứ ăn hải sản hay ốc thì cứ gọi 7Up mà uống nha, mồi ngon có thêm thức uống hợp vị hải sản thì chất miễn bàn.Xem thêm",206
2303,Nhi Đặng,2/4/2019 23:18,8.4,Hôm vừa rồi minh đi Vũng Tàu thì phát hiện quán này. Đồ ăn giá cả vừa phải 2 đứa ăn 200k mà no bể bụng. Phục vụ tận tình. Lần sau sẽ ghé lại.Xem thêm,206
2304,Ngọc Nguyễn Vũ Bảo,7/3/2019 19:34,8.4,"Tính lại quán cô Nên ăn mà đến nơi đông quá, còn ngồi vỉa hè đầy ngoài đường nên ngán, ghé thử quán này thì mình cực thích. Quán sạch sẽ, nhìn sang choảnh nhưng giá cực bình dân. Hàu chỉ 5k/con thích lắm. Món nào nêm cũng có tâm đậm đà nữa. Vị trí dễ đi nữa.Xem thêm",206
2305,Nganle1308 Lê,12/8/2020 19:11,10,Hôm nay đi ăn thấy đồ ăn rất ok hương vị giống như bò nướng bơ trên Sài Gòn mình đã ăn mọi người có thể đến ủng hộ quán đông khách nhé cho 10 điểm phục vụ luôn nhé ❤️❤️❤️Xem thêm,207
2306,Ng T Linh,17/6/2018 0:51,7.8,"Có lẽ là duy nhất ở VT luôn. Chất lượng tuyệt vời, rất rất là tuyệt vời, kể cả đồ chua ăn kèm mà cũng ngon nữa. Cái này chiều chiều ghé vào ăn vặt hợp lí lắm mấy bạn. Có thể dùng làm ăn no được luôn nha. 
À cái hình là mới gọi trước như vậy thôi, tí sau gọi thêm nữa ăn hàm hồ ăn bất chấp nên không chụp :))))Xem thêm",207
2307,Homaithuylinh Hồ,30/5/2018 12:31,7.8,Quán này mình ăn thì thấy cũng tạm ý. Bánh mì 1 ổ là sẽ đc 4 miếng như hình ý. Khá vừa ăn. Thịt xiên bò với heo thì mình thấy nó hơi kiểu k đc nóng ý nên thấy hem đc ngon cho lắm. Trà tắc thì cũng ok. K ngọt lắm. Mình thích có vị đắng đắng của tắc thì thấy ở đây ok ý. Mà quán hơi nóng vs nhỏ. Nói chung mình thấy quán này khá ổn 😍😍Xem thêm,207
2308,Chii Chii,18/1/2018 10:56,7.8,"Quán nằm trong 1 con hẻm đường Ba Cu, không khó kiếm. Không gian hơi nhỏ, có thể ngồi ở trong nhà lẫn vỉa hè. 
Mình gọi 2 ổ, 3 xiên heo và 3 xiên bò tổng chỉ có 55k mà 2 đứa ăn đã thấy no no. Bánh mì nướng giòn, bơ thơm. 
Xiên heo lẫn xiên bò đều thấm vị rất ngon. Riêng mình thấy bò ngon hơn, tuy nhiên cũng vẫn còn hơi dai 1 chút. 
Trà đào ở đây lại chua hơn trà tắc TT.TT, k hợp ý mình lắm. 
Nhìn chung khá ổn, bạn chủ thân thiện, giá cả cũng phải chằnXem thêm",207
2309,Hanna Lai,5/9/2017 0:39,7.6,"Mình nghe review dữ quá chạy đi mua thử. Nằm trong hẻm 121 mà đầu hẻm để biển đường Bà Triệu nên dễ gây bối rối khi tìm đường 😂 😂 😂 Quán nhỏ nhỏ, lúc mình đến thì không có khách. Mình mua về, gọi 2 ổ bánh 5k 1 ổ, 2 xiên heo với 2 xiên bò thì hết 40k thôi. Anh chủ đứng nướng thịt trên bếp than tại chỗ. Thịt thì cũng tàm tạm, không nghe được mùi thơm, ăn hơi dai dù thịt khá mỏng. Bánh mì nướng cùng với bơ mà bơ khá ngọt nên ăn chung với thịt hơi kì kì. Nhà mình chỉ cách quán có khoảng 100m thôi mà mang về thì thịt nguội hết rồi. Nói chung là tạm đượcXem thêm",207
2310,Cathrine Quach,14/7/2017 19:18,10,"Cô chủ ở đây bán dễ thương lắm nha,ngoài ra cô chủ trẻ còn bán thêm đồ ăn vặt cực kỳ ngon...Ai về Vũng tàu nên ghé thử ăn là ghiền, mà lúc ngoài biển thèm đồ ăn vặt alo là cô chủ giao tận tay...Xem thêm",207
2311,Quang Lê,28/6/2017 23:53,8.2,"22/06/17, chiều 17:15. Quán nhỏ, trong hẻm nhỏ, nhưng sạch sẽ gọn gàng. Ổ bánh mì cắt dọc ngang thành 4 miếng, phết bơ rắc tí đường đem nướng vàng cho bơ chảy ra thấm vào bánh, giá 5k. Xiên thịt heo nướng 5k, thịt bò 10k, đu đủ bào chan tương ớt kèm theo. Phục vụ khá tốt. Thức ăn ngon, bổ, rẻ, chất lượng xứng đáng. Hai người 2 bánh mì, 4 xiên heo, 2 xiên bò  50k, no ứ hự. Chống chỉ định đối với bạn nào béo phì hoặc đang ăn kiêng giảm cân.Xem thêm",207
2312,Trần Thụy  Kim Ngân,19/6/2017 0:46,9.0,"Lần đầu ăn món này <3 
Xiên nướng thịt heo 5.000
Xiên nướng thịt bò 10.000
Bánh mì 5.000/ ổ
Giá ổn quá quất 5 xiên bò 5 xiên heo và 4 ổ bánh mì được xử láng trong vòng 1 phút 30 giây :))) Nước uống có trà chanh, trà đào, trà đá, nước ngọt tùy chọn nha.Xem thêm",207
2313,Lê Thảo,28/5/2017 13:02,7.4,"Thấy foody quảng cáo nên ăn thử. Quán nhiệt tình. 
- Món bò ướp vị lạ
- Bánh mì thơm nhưng ăn nửa ổ là đã rất ngán rồi
- Các món nước dở nhưng pha trà nestle vậy á
- Không gian nhỏ, ngồi vỉa hè 
Nếu đến chỉ mua mang về, mà mang về thì bánh mì nguội không ngon nữa.
- Giá cũng ổn!Xem thêm",207
2314,Huy Anh,30/4/2017 21:07,7.2,Nhân viên nhiệt tình nhưng không gian quán khá chật. Bánh mỳ và thịt nướng ngon nhưng mỗi người nên ăn 1 ổ thôi chứ không mau ớn. Vào hẻm 121 rồi quẹo bên phải là thấy quán liền. Giá cả rẻ.Xem thêm,207
2315,Nguyệt Nguyễn Thị Ánh,9/5/2020 13:47,1.6,"Ý kiến riêng là rất ko hài lòng từ thái độ phục vụ đến chất lượng món ăn...
Sashimi ngon hơn là nhờ nước chấm, mà ở đây ko dùng tương chuyên để ăn sashimi...các bạn cứ test thử sẽ hiểu...Xem thêm",208
2316,Lee Nguyễn,9/5/2020 13:39,1.8,"Sushi dở ẹt, đó h chưa bh ăn sushi nào như chỗ này, ngay cả khi ăn sushi lề đường còn ngon và dịch vụ tốt, nhân cơm cuộn ăn chẳg biết là cái gì trong cơm, sashimi thì nó mỏng như miếng thịt ăn hủ tiếu gõ 80k-85k 1 phần không đáng tiền chút nào, gừng chua cho như bố thí má nhìn chán luôn, đó h đi ăn ít bình luận khen chê lắm mà hôm nay tức phải lên ghi cho mấy bạn nào có ý định tới thì suy nghĩ cân nhắc nha.
Sashimi ăn với nước tương tam thái tử nha chứ không phải nc tương của nhật nha mấy bạn. Dịch vụ như qq ăn nói trống không đi ăn bỏ tiền chứ không đi xin. Thôi dẹp luôn đi.Xem thêm",208
2317,NiLo,9/5/2020 1:26,2.2,"Chẳng biết nói sao, hnay 2 vợ chồg xuống VT lúc tối, cũng thèm sushi nên cũng lên foody kiếm thấy quán này, lúc trước ăn bên sushi Bụi cũng ngon nên ngĩ sushi chắc cũng giốg nhau.. thất vọng từ dịch vụ đến món ăn, chạy tới quán thì không chào hỏi hay hỏi ăn ở đây hay mang về, vô hỏi menu thì có thanh niên khó ở nc thì cọc lóc là ko muốn mua rồi 😞, phong cách ng Nhật đâu có zậy, còn đồ ăn thì thôi luôn chán chẳg muốn nói cơm cuộn gấp cái vỡ ăn vào ko cảm nhận đc nhân nào luôn 😩, sashimi thì lắc đầu luôn mỏng thôi rồi nói thiệt là chán luôn so vs giá 😔 còn về gừng chua thì ít nhiều j mình cũng biết sẽ ít mà ko ngờ ở đây ít thiệt hên cũg dự trù lịch sự hỏi mua 2 hủ 20k trên sg mấy qán mình ăn đều free..mà cái hài nhất là nc chấm là nc tương bình thường ko phải loại ăn sushi  má ơi ăn đúng kì, ăn đồ ăn ngon thì ko tiếc tiền nhưng phải bỏ ra để mua dịch vụ ko tốt và đồ ăn qá tệ thì ko đáng..mình thấy nhiều bình luận khen lắm nhưng ko hiểu mấy bạn ăn sushi vs nc chấm như zậy mà k biết à.Xem thêm",208
2318,Ng T Linh,8/11/2018 23:12,8.8,"Sushi ở đây ăn ngon nè. Mình gọi món gì mà có tôm chiên bột bên trong rồi bên ngoài có lớp bơ ý (avocado not butter), cá ngừ cá hồi cua xay phô mai và 1 thố mì udon hải sản. 2 món sushi kia ăn ngon, có kimchi ăn kèm. Món mà có tôm chiên ăn ngon lắm, ăn kèm với kimchi của quán best luôn. Món còn lại ăn cũng ổn, có phô mai nên đối vs mình hơi ngán, cuộn to đầy đặn. Mì udon ko đc ngon cho lắm, nước dùng tạm thui. Có 1 con tôm, 1 thanh cua và 1 miếng chả cá thêm vài miếng rong biển. Mình có gọi thêm 1 phần sushi cá ngừ mang về. 2 người ăn 3 món kèm nước no căng luôn, mà tổng 4 món chỉ có 180k hoi ❤ 
Mng nên ghé thử nhaaaaaXem thêm",208
2319,🐸 🐸,11/5/2018 23:28,5.6,"Giá cả cũng trung bình, chất lượng cũng tạm ổn, nói chung là không chê cũng không khen 😶 
Cá nhân mình thấy chỗ này chưa ngon xuất sắc, ăn cho vui thì đượcXem thêm",208
2320,Vân Anh,9/11/2017 21:23,8.6,"Đi miết ở vt không biết đi đâu nữa. Nay tìm đc quán này thấy cũng dễ thương vừa hay mình cũng thích ăn nên đi thử. Vừa vào được a chủ say ""hello"" là thấy thích rồi. Mình gọi combo sushi 1, mì udon, cá ngừ tiêu đen, xà lách. Sushi ăn ngon, vừa miệng, không bị ngán gì cả. Đi lại chắc chắn sẽ gọi mấy món trg combo này mà ăn tiếp. Nước mì thơm, vị mì vừa ăn, topping cũng nhiều nà. Giá cả cũng rất ok so với các nhà hàng sushi khác nhưng ăn thấy khá ổn. Quán được cái là khách order mới làm nên mà chỉ có anh chủ và 1 anh nv. Thiết nghĩ nếu đông chắc sẽ wait lâu í. A chủ còn tranh thủ câu like nữa 🤣 cảm giác ở quán này chính là phong cách rất hiện đạiXem thêm",208
2321,13LG DH,3/11/2017 22:32,9.0,"Quán nằm trên con đường nổi tiếng về ăn uống
giá cả vừa  phải rẻ hơn sakura shushi , tokyo sushi
quán có mở cả buổi trưa nếu bạn nào trưa muốn ăn shu shi nên đến quán này
quán thích hợp để đi ăn với gia đình bạn bè
từ anh chủ đến nhân viên đều ân  cần niềm nở thân thiện với khách
nguyên liệu làm sushi tươi ngon và ăn rất đã miệng , k ngánXem thêm",208
2322,Đỗ Đỗ,31/10/2017 16:05,8.4,"Quán này mới chuyển qua địa chỉ mới nè. Sushi ở đây khá ngon, chuẩn nhà hàng mà giá hạt dẻ lắm, chỉ từ 35k thôi, menu quá trời món cho bạn lựa luôn. thích nhất là ăn đồ cuộn ở đây, khá vừa ăn không bị ngán. Sashimi cũng ngon nữa. Nói chung giá rẻ mà được đồ ăn ngon thì thích quá rồi.Xem thêm",208
2323,Lê Vi,13/8/2016 22:43,7.2,Nhân viên phục vụ rất nhiệt tình và niềm nở nhé. Sushi thì ăn rất vừa miệng giá cả thì hợp lý mình rất thíchXem thêm,208
2324,Thanh Mai,23/7/2016 21:29,8.4,"Quán sushi ngon mà giá rẻ nhất mình từng ăn. Từ sushi đến sốt chấm ở đây đều ngon cực, nguyên liệu tươi, sạch sẽ. Cách trang trí món ăn cũng rất sạch sẽ, gọn và đẹp.
Ở đây mới có thêm món mì Udon thố, ăn ngon, tôm, mực, rong biển, nghêu, kim chi,đạu hũ,.... ngon và rất nhiều, 1 thố ăn 2 cũng được. 
Giá các món sushi ở đây chỉ từ 35k. 
Không gian quán sáng sủa, sạch sẽ, máy lạnh mát rượi, wifi vù vù. nhân viên cũng thân thiện, nhiệt tình nữa. 
Ai cũng ăn sushi ngon, chất lượng mà rẻ thì cứ đến đây nha, đảm bato ngon và sạch sẽ không kém mấy quán lớn mắc tiền đâuXem thêm",208
2325,Trường Đ Nguyễn,9/1/2021 11:33,9.0,"Mình ăn ở đây cũng lâu rồi nhưng giờ mới có bài review :3 Mình đã ăn bún bò và bún mắm ở đây thì theo đánh giá của mình thì bún bò chỉ ăn ở mức tạm được, không có gì đặc sắc lưu luyến ấn tượng lại. Nhưng bún mắm ở đây thì khác, nước dùng được nêm nếm lại cho đỡ hắc mùi dễ ăn hơn, tiêu biểu có miếng chả cá kẹp ngay quả ớt trông sến ghê kk 😂😂 1 tô vậy chỉ có 35k thôi có đầy đủ tôm, mực,cà tím, heo quay + rau đắng, rau muống giá > hết sức okie rồiXem thêm",209
2326,Tia Mong Manh,31/12/2019 18:13,1.0,Hôm nay đặt 1 tô bún đùi gà. Quán niêm yết 25k. Ship alo tăng 5k là 30k mình cũng oki. Mọi ngày luôn là 1 cái đùi tỏi. Lần này giao là tô thường ko phải đùi gà mà lấy tiền tô đùi gà. Được 2 lát gà chặt mỏng lét như hình. Này do ship nói tăng giá nhưng chỉ mua tô thường hay là do quán làm saiXem thêm,209
2327,foodee_ef6651ca,20/4/2019 15:29,8.6,"Nghe danh đã lâu nên ghé vô ăn. Ngon cực kì. Vị mắm cũng không giống tiệm nào. Mằn mặn, ngọt ngọt. Nói chung là hết xảyXem thêm",209
2328,Thuận Phú,16/2/2019 12:51,8.6,"Sáng hôm nay thèm bún mắm nên search trên foody xem có chỗ nào vừa ý không. Nơi bọn mình định tới đóng cửa nên tìm đến chỗ này. Và phải cảm ơn nhiều vì chỗ kia đã đóng :))) Mình dùng bún mắm còn bạn mình dùng bún măng gà. Cả hai đều rất ngon. Nước dùng nấu ngọt và vừa miệng, hải sản thì tươi ngon, gà vườn nên rất mềm. Quàn còn bán thêm nước mía và nước sâm. Giá cả bình dân, không gian thoáng đãng. Điểm 10 cho chất lượng và giá cả. Chắc chắn sẽ quay lại.Xem thêm",209
2329,Trâm Lê,11/2/2018 19:46,7.6,Chiều thèm bún mắm ghé qua đây ăn. Ở đây đa dạng có bún gà nữa. Đồ ăn lên nhanh mấy chị bán cũng khá thân thiện. Bún mắm siêu ngon đa phần là heo quay mà lần này ngon hơn trước rất nhiều ko gây ngán. Có hải sản mực tôm vs chả cá mà ko được tươi lắm. Không gian thoải mái thoáng đãng giá cũng vừa phải 35kXem thêm,209
2330,Miihaa,7/1/2018 0:14,8.6,"Mình có cô trên foody thấy tiệm này khá lâu nhưng nay mới có dịp thử. Quán nằm trong khu khá tấp nập về ăn uống của vũng tàu nên cũng dễ dàng để tìm ra. Mình gọi 2 phần bún mắm. Đó là 2 phần bình thường mà mình tưởng mang nhầm phần đặc biệt không ấy. Phần này 30k 1 tô, rất đáng tiền, khá nhiều đồ ăn. Có tôm, thịt heo quay, ớt nhồi chả, mực. Phục vụ nhanh gọn chưa tới 5p đã có đồ ăn rồi. Nhìn 2 tô chất lượng quá trời. Do mình ăn khá yếu nên thấy no căng luôn. Nước nêm cũng đậm đà. Mình thấy chất lượng xứng đáng với giá tiền. Mình sẽ quay lại ủng hộ quán.Xem thêm",209
2331,Mai Nguyen,22/10/2017 17:34,7.4,"Tối đi loanh quanh khu ăn uống của Vũng Tàu nè, thấy quán này hơi bị đông khách ăn nên ghé vô. Giá cũng bình dân, tô 25k bình thường và có giò là 30k. Tô khá nhiều í, thêm rau nữa là no. Vị bò khá rõ nhưng chung quy lại ko rõ vị bún bò huế. Ăn 1 tô là no nê đó nha, nhưng mà không biết do bụng sao mà ăn xong căng cứng bụng hơi khó chịu, chưa rõ nguyên nhân nên chưa vội kết luận (có bạn nào ăn đây cùng triệu chứng thì nói xem phải do đồ ăn ko nha). Ly sâm 5k uống cũng được.Xem thêm",209
2332,Nhi Huỳnh,8/9/2017 15:26,7.2,"- Mình tra foody tìm mấy quán ăn ngon ở Vũng Tàu thì ra quán này, đúng bữa thèm bún gà nên đi ăn thử luôn. 

- Vị trí quán nằm trong khu ăn uống của đườnh Bà Huyện Thanh Quan luôn, khá đa dạng quán ăn.

- Không gian quán rộng rãi, nhiều bàn ghế, có cả ghế cao và ghế thấp. 

- Mình gọi 2 tô bún lòng gà. Khi bưng ra thì giật mình vì lòng quá chừng luôn. Cho cả muối để chấm nữa. Vị vừa ăn, lòng quá ngon rồi, có điều hơi ít măng tí. Ăn 1 tô chất lượng vậy có 25k thôi mà no căng.Xem thêm",209
2333,Châu Nguyễn Hạnh Dung,26/12/2016 13:20,8.4,"Ra Vũng Tàu 3 lần. Lần đầu không biết nên không ghé ăn. Lần 2 ăn xong chính thức ghiền cái món này. Ra nói ngon lắm. Ăn 1 tô đặc biệt cho nó đã ghiền các chế ạ. Mực ngọt mà tươi giòn lắm, tôm cũng ngon, thịt heo quay bỏ nhiều ụ ăn muốn xỉu luôn. Có cái chả cá dồn trong trái ớt cũng ngon nữa. Nước dùng thì khỏi chê, mình thích bún mắm đó giờ nên gặp đúng quán ngon là như bị bỏ bùa vậy. Cứ gần đi Vũng Tàu là hóng ra đây ăn. Gấu mình cũng mê theo. Lần trước không quen đường nên kiếm hơi lâu. Lần này chạy ù cái tới rồi. Quán đông lắm. À nước mía vs sâm mía lao cũng ngon quá trời.Xem thêm",209
2334,Thảo Phạm,22/10/2016 19:16,6.6,"Sau khi đi công việc dòng dòng ngoài đường thì trưa đến tình trạng ngán cơm thèm phở sẽ xuất hiện. Bắt đầu đi lang thang và chiêm nghiệm các quán ăn nước trong đầu mở bán lúc 12h trưa và bắt đầu test quán mình chưa ăn. Nhận xét:
- Không gian: Sạch sẽ, thoáng mát, có thể đi gia đình, nguyên quán chắc chứa cùng lúc 30-40 khách
- Nhân viên: Nhanh nhẹn, vui tính, lịch sự
- Món ăn: Quán có 2 món mình gọi luôn 2 món. Bún mắm thì theo nhận xét nó ngon nhưng không đậm đà lắm theo khẩu vị của các bạn ăn thanh đạm thì bún mắm đây okay phết. Bún măng gà thì thấy nước lèo ngon, măng cũng nhiều gà cũng nhiều được 2 miếng ức to đùng khi gọi cánh hè hè chắc do đông nên thông cảm được.Xem thêm",209
2335,Hoangntk,25/7/2018 14:10,8.4,"Vỏ bánh thơm ,nhân không quá ngọt .Nói chung lần sau ủng hộ tiếp,fb với bảng giá bánh cho ai cần (thêm phần rau câu hết ý)Xem thêm",210
2336,Oanh,22/7/2018 7:12,9.2,"Nghe giới thiệu ngon nên đặt về ,chỗ này có bán rau câu,chè bưởi ,bánh trung thu. Nay sap zô mùa nên mình thấy chị này bán bánh nhiều .Bánh đẹp,thơm hợp vệ sinh nhân bánh vỏ bánh nhiêu mùi vị lắm,bánh không gắt dầu như bạn mua ngoài cửa hàng.Bạn nào order ăn thử nhé hộp 4 bánh 100gram 1 trứng 120k, hộp 4 bánh 150gram 1 trứng 300k (loai này ngon lắm) ngoài ra muốn bánh hình nào cute cũng có.
Sdt chị bán 0909 372 353Xem thêm",210
2337,Mykhanh,7/3/2018 16:14,9.2,"Chỗ này bán chè bưởi,rau câu mấy thứ ăn vặt linh tinh. Thấy bluan ngon nên gọi ,chị bán online nên mọi người gọi order trước khi qua.
Mình đặt 2 phần chè bưởi , chè thơm, ngọt tự nhiên không quá gắt như mấy chỗ khác ,vote ngay điểm này
Rau câu thì giòn giòn, ăn bị ghiền lun , giá bán cũng bình dân .Chè bưởi 12k/ly, rau câu 40k ( cái này tùy loại nha moi người , mình thấy hơn nhau 10k thôi).Xem thêm",210
2338,Thân Uyên Yến Thy,1/2/2018 11:46,8.0,"Chỗ này mình chạy thẳng nam kì chay xuong ng bỉnh khiêm nhé mọi người, mình order chị chủ rồi qua lấy , có chè bưởi, rau câu, chè môn dừa.
Rau câu giòn rất ngon, giá rẽ lun (mình lấy rau câu flan 50k, rau câu giòn thì 30k thoi). Hi ngoài ra mình thấy có bán bánh ống đủ loại nhân .Có gì hỏi chị shop nha.Xem thêm",210
2339,Trâm Anh™,31/1/2018 9:39,9.0,"Rau câu dai giòn ăn không ngán, màu tự nhiên thơm, có rau câu flan nữa . Shop Bán online nên mình phải gọi order trước
Giá từ 30k-50k tùy loại. Lần sau sẽ ghé ủng hộXem thêm",210
2340,Tùng Đá,30/1/2018 21:47,8.2,"Chỗ này làm khá ngon giá cũng mềm .đặt 1 phần rau câu dai với 1 phần chè môn dừa, khá là ngon, cô bán nhiệt tình và vui vẻ .Xem thêm",210
2341,Hoàng Ngọc Minh Vy,30/1/2018 15:15,9.0,"Nghe mấy bạn comment nói ngon , nên gọi đặt ăn thử chè ngọt vừa, không gắt như mấy chỗ khác , giá cũng rẽ, hình như có bán chè bưởi với rau câu nữa .Xem thêm",210
2342,An Nhiên Quách,29/1/2018 7:31,8.2,"Tình cờ lướt  fb chị kia bán rau câu ,gần nhà nên order ăn thử .Có cả chè bưởi, chè môn dừa, rau câu giòn, rau câu flan nhé... Mình thích rau câu giòn thôi nên order phần , ah nè ai muốn ăn thì inbox chị bán trước nha, tại bán nh hết với lại chị bán tới đâu làm tới đó, chứ không đỗ sẵn trước nhiều.
Rau câu giòn thơm mùi lá dứa, béo của dừa và sữa , phần trên hình 30k đó.Xem thêm",210
2343,Phúc Còi,28/1/2018 7:17,7.8,"Chè môn dừa xuất sắc chị ơi, chụp được cái menu cho mấy bạn xem nakk, giá mềm . Có rau câu nữa nhưng mình thích chè, để lần sau order xem ntnXem thêm",210
2344,®™pPhuong®™√@Tung@@√®,27/1/2018 23:34,9.6,"Thấy lượt đánh giá cao nên đặt ăn thử, nói chung đồ ăn ngon, chất lượng hợp vệ sinh. Rau câu dai giòn , đặc biệt flan cheese, mình mua 2 ly chè bưởi và khoai môn , phải nói giống vị nhà nấu. Có cả phá lấu nữa ai ăn thì đặt bạn trước nha, bán online hk shop đâu. Ai ăn thì nhắn tin fb bạn.Xem thêm",210
2345,Meo Cú,29/7/2020 3:17,7.8,"• Vị trí: nằm trên mặt tiền đường TP, tuy xa trung tâm nhưng lại là vị trí đắc địa khi nằm sát biển và có thể quan sát được eo biển.

• Không gian: rộng rãi, thoáng mát. Ở đây còn có hẳn 1 sân golf mini cho đám trẻ có thứ để chơi và 1 khu vực hải sản tươi sống riêng để khách hàng có thể thoải mái lựa chọn. Bàn ghế sắp xếp hợp lý, không tạo cảm giác ngột ngạt, gò bó.

• Menu đa dạng. Giá cả dao động trên 100k. Một số loại hải sản sẽ được nhà hàng tính theo thời giá. Mình đi 8 người, gọi cũng khá nhiều món. Nhìn chung hương vị cũng ổn chứ không có gì đặc sắc. Tổng bill 4tr5.

• Quản lý, nhân viên, bảo vệ lịch sự, thân thiện, nhiệt tình.

• Toạ lạc ở vị trí đẹp nên sẽ quay lại vì view chứ không phải vì các món ăn.Xem thêm",211
2346,foodee_c4003223,13/7/2019 21:44,10,"Mình đi ăn gành hào nhưng đông quá ko vào đc nên qua Eo Biển Xanh ăn gia đình 16 người. Không gian rộng rãi , gió mát ngắn biển tuyệt đẹp Phải nói cực kỳ ngon gỏi sứa gòn ngon cực kỳ ghẹ đầy gach cực kỳ, cá bớt , hào pho mai to đầy pho mai . Mực cũng ngon phải nói ngon hơn nhiều mấy quán hải sản mình đã ănXem thêm",211
2347,wild,18/6/2019 11:09,6.4,"Nhà hàng không gian đẹp, thoáng mát, thái độ phục vụ tốt, lên đồ hơi chậm, không theo thứ tự gì, ai đời món khai vị lên cuối@@! món ăn không xuất sắc lắm nhưng cũng khá ổnXem thêm",211
2348,Quốc Hưng Lý,19/9/2018 8:29,8.8,"Cảm thấy hài lòng cả về chất lượng, giá cả, không gian và phục vụ. 
Các món ăn mình gọi đều rất ngon, trình bày đẹp.!
Vừa ăn vừa ngắm biển rất thích. Nếu có dịp sẽ quay lại..Xem thêm",211
2349,Tìm Kiếm Quán Ngon Foody,19/9/2018 8:00,8.6,"Nhà hàng hải sản tươi sống, không gian biển thoáng mát, sang trọng, giá hợp lý. Sẽ mời gia đình và bạn bè ghé thường xuyên.Xem thêm",211
2350,Khanh Van,8/9/2018 18:11,9.0,"Gia đình thuê khách sạn gần Nhà hàng nên buổi trưa vô ăn thử, thấy chưa có review về quán nên cũng lo lo. Nhưng ăn xong thì rất thích, tôm tích cháy tỏi vừa miệng, mực hấp gừng ngon, 1 đĩa đầy mực tươi ngọt thịt, cơm chiên cũng chuẩn. Giá cả rẻ, hợp lý, phục vụ nhiệt tình. Cả nhà quá hài lòng, chắc chắn sẽ quay lại.Xem thêm",211
2351,Phạm Thị Ý Như,4/1/2019 10:31,3.8,"Hôm qua có tới ăn thử, quán sạch sẽ, khách đông. Có cái là quán trong hẻm nhỏ, khó tìm, không thích trong nước dùng có tỏi phi thôi. Ăn nhiều quán bún riêu cua rồi nhưng mình vẫn thấy bún riêu cua ngã năm ngon nhất.Xem thêm",212
2352,Mều Vũ,10/6/2018 23:18,9.2,"Quán bún riêu nằm bên phía Đồ Chiểu khúc Hải Hoàng
Các bạn nhìn đường vắng vẻ vậy thôi, nhưng đi sâu vô bên trong là một thiên đường bún riêu nhé ]]]]]
Có nước sâm 7k/1 chai, 5k 1ly; nha đam đường phèn nước mía
Tô khô giò là 23k, có giò là 32k chia ra là giò móng hay giò nạc nha
Gì chứ không có nơi bún riêu nào có thể thay thế bún riêu Đồ Chiểu trong lòng mình được nhaXem thêm",212
2353,Hoàng Huy,17/5/2018 19:21,8.0,"Quán bún riêu cua này khá là nổi tiếng nhưng chắc do khẩu vị của mình với ở đây khá là khác nhau nên thấy cũng không được vừa miệng cho lắm, mùi vị nó cứ nhạt nhạt thế nào ấy, quán này vào hẻm hơi sâu nhưng mà cực kỳ đông khách luôn nhe, mình thấy ngồi đâu gần kín bàn luôn ấy chứ, giá cả cũng không quá là cao nên dân người ta đến ăn nhiều lắm luôn ấy, mà tô bún bưng ra cũng bắt mắt vì nhiều và đồ ăn rau cải kèm theo nhìn hấp dẫn lắmXem thêm",212
2354,Vy,15/5/2018 17:30,7.8,"Bún riêu núp hẻm siêu ngon. Buổi trưa thì quán bán trong nhà, chiều tối trời mát thì bày thêm vài bộ bàn ghế ở ngoài nữa. Cô bán vui vẻ nhiệt tình lắm. Mình kêu 2 tô thường 1 tô có giò. Cô còn lựa cho cục giò to gặm đãaa. 1 tô khá bự đầy ụ đồ ăn luôn: chả cá, huyết, chả, đậu hũ, riêu cua, cà chua giá 23k. Tô có giò 32k. Ăn kèm có bắp cải bào, rau muống bào, rau thơm giá. Nước lèo đậm đà nhưng ai thích ăn chua chua thì chan thêm miếng nước me. Nói chung ăn xong 1 tô no không thở nỗi mình phải đưa bạn ăn dùm 1 miếng, haha.Xem thêm",212
2355,Viet Nguyen,31/3/2017 11:49,8.0,"Được mấy đứa bạn giới thiệu bún riêu ở đây ngon lắm nên ghé ăn thử xem sao. :) Bún riêu ở đây phải nói là siêu ngon luôn các mẹ ơi. Nước lèo đậm đà. Đặc biệt ở đây có chả cá và chả lụa nha, chả cá dai dai. Huyết với tàu hủ cục bự lắm. Tô bún có giò nữa. 
Cô bán quán nói chuyện dễ thương, siêu nhiệt tình. 
Giá mỗi tô tầm từ 20k-30kXem thêm",212
2356,Thảo Phạm,11/2/2017 11:30,6.2,"Gần sát bên chỗ mình ở luôn, đi lang thang thì thấy quán nên vào ăn, tự nhiên đã thấy quán trên Foody rồi nên hơi bất ngờ luôn. Quán có hai loại là có giò và không giò giá 30k và 20k. Mình ăn tô không giò 20k thôi bụng mình đã no căng rồi. Nhận xét thôi:
- Không gian: quán nhỏ, nhưng không gian vẫn sạch sẽ và vệ sinh
- Món ăn: Bún riêu tô bự chảng luôn, đồ ăn cũng nhiều nữa, gia vị nêm nếm của quán là siêu nhiều, đặc biệt mắm tôm ở quán là khác biệt hoàn toàn với các quán mình đã từng ăn, ngonXem thêm",212
2357,Khánh Khánh,24/8/2016 10:46,7.2,"Mấy năm ăn lại quán này vẫn ngon như xưa.nước lèo đậm đà ngon lắm, có chả riêu tàu hủ nhìu ơi là nhìu. một tô bình thường thì 20k, có chân giò thì 30k nè. hbua ăn tô chân giò được cô chủ cho nguyên cục giò tổ chảng ăn mún xỉu luôn. hihi 
Quán này quán ruột mình luôn òi, nên sẽ ghé lại nhìu nhìuXem thêm",212
2358,Thái Thảo,28/6/2015 18:29,7.6,"Quán nằm cuối đường Đồ Chiểu,gọi là đường nhưng thực ra giống hẻm hơn,và rất dễ bỏ qua vì đang chạy tự nhiên mất tiêu cái đường,nhà cửa san sát lại. Hôm mình và bạn tìm đến cứ ngỡ chạy vô đường cùng,ai ngờ quán nằm cùng đường thiệt :p

+ Tô bún k giò giá siêu rẻ,chỉ 20k mà chất lượng và sạch sẽ lắm nha. Có chả chiên nè,đậu hũ,huyết,chả lụa... Cắn vào miếng tàu hũ là biết chất lượng rồi: béo và đặc ruột lắm,k có bủn và ứ nước đâu. Chả chiên thì vị vừa ăn, chả lụa đc 2 miếng. Nước lèo nói chung đậm đà, ngon. Quán có bún giò nữa,mà mình ăn ít nên k gọi giò
+ Đó giờ sợ mấy món canh bún,bún riêu vì khá mất vệ sinh và đồ ăn kèm thì dở; vậy mà ghé quán này ưng ghê. Quán có chỗ ngồi trong nhà và ngoài đường, khách địa phương mua đông lắm, khách vãng lai chắc toàn nhờ foody nên mới biết mà tới, như mình :D. Hôm mình đến,có mấy cô khách du lịch mà làm như ăn nhiều quá hoá quen. Đến là chủ quán nhắc liền
+ nói chung đến VT nên tìm mấy quán ngon bổ rẻ,hẻm hóc như vầy ăn, vừa no cái bụng vừa khám phá 1 nét khác của VT: hiền hoà,giản dị,cuộc sống nhẹ nhàng
+ gọi 2 tô,2 ly trà đá có 42k. No căng bụng lunXem thêm",212
2359,Quang Nguyễn Thanh,22/5/2015 23:17,7.4,"Vị trí trong hẻm, nhưng rộng và mát lắm, các bác phục vụ niềm nở, mình lỡ tay bỏ chìa khoá vào cốp rồi đóng lại :v thì bác gái ra ngoài kêu giùm mình ông sửa khoá vào :((( 20k bay :(((
Bún ăn được 20k tô đủ chả cá, riêu cua, huyết to, bạn gái mình ăn không hết
28k có thêm cục heo to to :3, ăn ngon ngon không lo đau bụng :v
Có thêm nước mía uống mát
Srr vì không chụp hìnhXem thêm",212
2360,QL,15/4/2015 11:44,7.0,"Bún riêu ở đây vừa rẻ vừa ngon. 2 năm trước mình ăn là 23k/tô giờ chắc lên rồi. 

Dù quán nằm trong hẻm sâu cuối đường Đồ Chiểu nhưng vẫn rất là đông khách tìm đến ăn nhé.

Quán có khu vực trong nhà và ngoài trời. có bán nước mía, nước ngọt kèm

! tô đầy đủ chả, riêu, huyết, đậu, giò. Nấu kiểu người nam nên nước hơi ngọt ai ăn quen thì ok nhaXem thêm",212
2361,Hiếu,14/11/2020 15:52,9.0,Cô bán bao năm qua rồi mà vẫn bền vững chính vì ngon mà giá rất ok. Lần nào có mặt ở VT cũng phải ghé.Xem thêm,213
2362,Jane Tran,4/3/2019 16:57,10,Ngon rẻ nè hình như cô bán cả ngày. Ăn nhẹ nhàng thoải mái chỉ có 15k 1 dĩa à. Nước mắm rất đúng chuẩn.Xem thêm,213
2363,Ng T Linh,11/6/2018 21:45,7.6,One word: ngon ^^Xem thêm,213
2364,chi,9/6/2018 0:49,8.4,"Bánh bèo, nước mắm, topping ngon, rất vừa ăn, giá thì quá rẻ luôn. Đĩa 15k ăn no luôn. Tuy nhiên cô cho mỡ hành hơi nhiều nên ăn bị ngán nếu ăn thường xuyên như mình chẳng hạn. Chắc lần sau nói cô cho ít mỡ lại. Không gian hẹp, đa số mua về nhiềuXem thêm",213
2365,thanhnhan,1/5/2018 0:57,8.0,"Sáng ra lọ mọ không biết ăn gì, xem trên foody thấy có món bánh bèo, thế là đi luôn. Bánh bèo ra nhanh, nhiều lắm luôn, bột bánh dai ngon, nước mắm đậm đà ngon lắm ( chứ ko ngọt với nhạt như ở sg), bị cái là quán ít chỗ ngồi, lúc mình đến bên trong đã hết chỗ nên phải ra vỉa hè ngồi hứng nắng :)) 2 cô bán nhanh, vui vẻ. Hình như mình thấy có cả bánh xèo vỏ nữa. Bên cạnh quán có chua bán nước đậu nành đậu xanh, vừa ăn vừa uống là ngon.Xem thêm",213
2366,Katherine  Phanhuynh,31/1/2018 10:24,6.0,"Ăn thử bánh bèo nơi quê ng . 
Phần này 15k nhen , nhiều kinh khủng . 3 ng tụm lại ăn muốn xỉu . Bột bánh mềm , topping nhiều . 
Nhưng ăn chừng 2 cái bự là no ngang hông rồi .
Chỗ ngồi hơi hẹp nhen .Xem thêm",213
2367,QL,30/11/2017 1:01,6.6,"🍒Dân vt mà nhờ nhỏ em chỉ mới biết quán này chứ ko là ko biết luôn :))
Đó giờ mình hay ăn bánh bèo miền nam kiểu miếng tròn tròn dẹt mới ăn kiểu này nên thấy cũng lạ lạ

🍒Bánh bèo 17k/dĩa

🍒Bánh bèo ko nhân nên ăn xong 1 dĩa hơi ngán. Topping sắn xào. Nước mắm vừa ănXem thêm",213
2368,Ngọc Lưu,27/7/2017 21:08,8.0,"Sau món bánh canh là phảu đi ăn ngay món bánh bèo. Tính ra cũng phải mười mấy năm rồi mình mới được ăn lại món bánh bèo kiểu miền trung miền nam này 😭. Được anh chủ quán bánh cnah giới thiệu hàng này mới là hàng ngon nên cũng đến ăn luôn. 
💋 Vị trí: Quán nằm ngay đầu đoạn ngã ba Phan Chu Trinh. 
💋 Món ăn và giá cả: 1 đĩa này có 17k thôi í. Bình thường k no chắc phải 1 đĩa 1 người cũng vẫn thèm. Nhưng vừa ăn bánh canh nên 2 ngừoi ăn 1 đĩa là no mà vẫn thòm thèm vì ngon quá. Bánh bèo dẻo mà k dính, miếng nào ra miếng đấy, nhìn giống miếng thịt mực ghê 😂. Kiểu ăn ngòn ngọt và cảm nhận vị sắn nữa nhưng ăn hay lắm luôn. Vị k chê vào đâu được nhé. 
💋 Không gian: Quán bé bé thôi. Mình thấy dân ở đây chủ yếu mua mang về. 
💋 Cô bán hàng nhìn thì khó tính nhưng cũng tốt lắm.Xem thêm",213
2369,Mai Vũ,16/2/2017 14:03,6.6,"Quán này bình dân và xụp xệ hơn bên Tuyết Mai. Nên ai mún vệ sinh, k gian thoáng mát thì đừng qua đây. Bánh bèo hôm nay 17k mỗi dĩa. Nhân toàn là củ sắn nên hơi ngọt. Bánh bèo có 2 loại: loại to dẹt như ở miền trug và loại dày nhỏ như kiểu miền tây. Loại nhỏ thì béo ngọt hơn xíu. Cá nhân mình thấy k ngon mà lại ngán nữa. Thêm nữa ngồi rất chật và bí. Chỗ chế biến cũng hơi bẩn. Nhưng bạn nào thik kiểu bình dân địa phương chắc hợpXem thêm",213
2370,Thế Huy Nguyễn,13/2/2016 16:46,6.2,"Mới ăn thử hồi sáng thấy ăn cũng Ok. Nhưng chắc tại mình không hợp với món bánh bèo, bánh xèo miền Trung này cho lắm. Bánh bèo thì làm trong cái chung nên bánh dày, nhiều bột, ban đầu ăn ngon nhưng siêu nhanh ngán. Bánh xèo thì ăn ko có nhân nên cũng nhanh ngán. À bánh ở đâu thấy món nào cũng rưới nhiều dầu lên hết, ăn khá là ngán và khó tiêu. Không gian quán vỉa hè nên khá chật chội. Bù lại quá có giá khá Ok, hợp túi tiền. Chủ quán cũng khá vui, thân thiện.Xem thêm",213
2371,Le Tu,10/8/2020 17:47,4.6,"Đi ăn nhiều lần đây rồi , hnay mua về nhà ăn ,mình đến tại tiệm gọi 1 con gà tiềm vs 1 trứng giá 65 nghìn . Về nhà mở ra ăn thì chỉ có gà mà k có trứng , ng thì mệt k muốn đi ra để nói vs tiệm , nhưng mình nghĩ đã oder để lm và nhận tiền đúng giá thì pải kiểm tra cho khách chứ hoặc pải hỏi lại khách là có oder như thế k trước lúc giao !Xem thêm",214
2372,Hải,31/5/2019 13:33,3.2,"Gà ăn tạm đc, quán mát mẻ. Mọi người nên cẩn thận vs các món gọi thêm ko có trong menu (2ng vào ăn 2 combo gà tiềm - rau - trà đá 65k và mua thêm 1 suất mang về nhưng chỉ mang ra 1 đĩa rau, gọi thêm thì mang ra vài lá diếp cá, ít hành chẻ và vài cọng rau răm tính 10k) thật sự là hơi bất ngờ.!Xem thêm",214
2373,bungri,13/1/2019 22:26,7.0,"Không gian sạch sẽ, lịch sự. Nhân viên ok. Món bò lá lốt vừa miệng, nước chấm rất ngon, có nhiều loại rau đi cùng nên ăn k ngán. Món gà thuốc bắc ok. Gà thấm, mềm, nước súp okXem thêm",214
2374,foodee_47ab62e9,11/1/2019 16:22,7.0,"Mình order qua foody. Sản phẩm ngon, giá cả phù hợp. Có lúc phục vụ còn hơi chậm, tuy nhiên, chất lượng ưng ý. Hy vọng shop duy trì chất lượng, sẽ ủng hộ lâu dài!Xem thêm",214
2375,Phương Trương,19/11/2018 11:01,8.0,"- Không gian: Quán sạch sẽ, bàn ghế gỗ nhìn trang trọng và sach sẽ.
- Đồ ăn: Mình đi 2 người, gọi 1 gà ác tiềm thuốc bắc và 1 bò cuốn lá lốt. Gà mềm, thơm mùi thuốc bắc và ngải cứu, ăn ngon. Còn bò lá lốt theo cảm nhận của mình là hơi mặn, cuốn cùng rau và đồ ăn kèm, nước chấm cũng mặn, nên chỉ dám chấm nhẹ tay thôi.
- Chi phí: 2 món trên hình ~ 100k.
High recommend món gà ác tiềm thuốc bắc cho những bạn nào bị cảm, ăn vào đảm bảo đỡ ngayXem thêm",214
2376,nghi le,14/11/2018 18:44,4.8,"Lần đầu ăn quán này, mùi vị cũng được mà quán hơi chật, đợi mấy phút mới có chỗ ngồi, hic hic 😂😂Xem thêm",214
2377,Anh Đào Vũ Nguyễn Ngọc,31/10/2018 19:03,9.0,"Gà ngải cứu vừa miệng, bò lá lốt ình thường, đặt qua now nhưng vẫn nóng và gói đồ rất cẩn thận.Xem thêm",214
2378,thuvan85,16/10/2018 12:50,4.4,"Hôm qua order gà ác và chân gà sả tắc với nước tắc. Điểm cộng là giao hành nhanh, cẩn thận. Tuy nhiên gà và chân gà ăn không ngấm vị lắm (bị nhạt). Nước hầm gà ác hơi ngọt quá. Đánh giá chung là tạm được so với giá tiền.Xem thêm",214
2379,Trần Tuấn,4/10/2018 8:17,10,"- quán Gà Tần ngon nhất ở vũng tàu ! 
Tớ thương xuyên ăn và dẫn bạn bè đến đây . Có nhiều món để lựa chọn 
Đặc biệt mấy chị trong quán phục vụ rất dễ thương .  
Mọi người nên đến thương thứcXem thêm",214
2380,NhiFiona,11/7/2018 19:17,8.0,"Đến Vũng Tàu trong thời tiết se lạnh và mưa lất phất như Đà Lạt ! Đi đường dài và mình bị cảm cúm , anh người yêu dắt đến quán này bồi bổ liền ^^ ! Thật hết ý vì gà tiềm rất ngon , bạn nào ăn được ngải cứu thì ăn xong là thấy khoẻ liền luôn nha 😍😍😍 ! 
    Chỉ 50k là được 1 phần ăn hết sức bổ 
Ngoài ra mình còn ăn nem nướng và bò lá lốt ngon lắm luôn ấy ! 
    Chấm 8 điểm cho quán nhéXem thêm",214
2381,Anh Duy,11/5/2019 18:30,10,Đầu tuần có đi xuống VT thì nhớ món cháo ghé ngang xem thử thì vẫn còn bán bình thường vị cũng như củ thôi k gì bàn cải lòng ngon phèo k đắng béo rất chuẩn . Mắm tôm pha thì rất ngon hủ pha sẳn chắm lòng k còn gì bằng gốc hành nữa thơm ngon rất OK. Tô hào thì nhiều nhưng lần này hơi nhỏ nhưng vẫn múp tròn no nưỡng lên. Ăn vẫn muốn ăn thêm tô nữa luôn vì quá ngon mà 🙂Xem thêm,215
2382,Anh Duy,8/11/2018 21:00,10,"Cháo hợp vị của mình. Lần nào đi Vũng Tàu tối phải ra đây ăn tô cháo quá  hiều hào múp mập lắm nhe, hào nhiều nữa SG tìm k đc quán nào ưng như ngoài đây, nước chấm mắm tôm pha ngon .Xem thêm",215
2383,vũ quang,8/11/2018 4:49,8.6,"Mới chỉ ăn cháo hào chưa ăn cháo lòng, phải nói là rất ngon

Chủ quán nên hỏi thực khách ăn phần bao nhiêu để làm cho vừa, ghé ăn phần 25k mà vẫn muốn ăn thêm phần nữaXem thêm",215
2384,Duy Nguyen,4/3/2018 7:39,7.8,"Tối qua mình vừa đi ăn ở quán này xong, quán nhỏ nhưng đồ ăn hợp khẩu vị của mình. Cháo hàu vị vừa ăn, k mặn, k ngọt và đặc biệt là hàu nhiều. Mình có gọi thêm dĩa lòng thêm, ăn chấm với mắm ruốc nên mình không thích lắm, nếu quán có mắm thường thì ngon hơn. Giá của hai tô cháo + dĩa lòng là 80kXem thêm",215
2385,Ngọc Thiện Nè,10/2/2018 21:40,9.4,"Cháo hào ở đây nêm nếm không nhiều gia vị, vị lợ lợ ai thích ăn mặn thì thêm nước mắm nhưng đối với mình như vậy là quá ưng rồi. 1 tô cháo hào chỉ 25k thôi mà múc muỗng nào muỗng nấy hào không à, quá rẻ luôn lại còn ngon nữa, thêm giá, hành phi, hành lá thơm phức. Hào không hề nhỏ, thấy quán bình dân sợ bị chém nhưng lúc tính tiền cứ hỏi đi hỏi lại mãi, nghe nói dân địa phương ăn ở đây là nhiều
Quán còn có cháo lòng nữa, thấy chế biến và bảo quản trong tủ cũng khá sạch. Quán bán tới 9pm là hếtXem thêm",215
2386,Thiên Thư,15/10/2017 7:11,8.0,Cháo rất ngon. Giá 25k nhưng rất nhiều hào. Nêm nếm phải nói là rất ngon. Sẽ quay lạiXem thêm,215
2387,Gia Lai Quán,31/7/2017 14:22,8.8,"Phải nói là rất ngon, cháo hào không cần phải lặn tìm mỏi mệt mà chỉ cần múc muỗng nào đầy hự muỗng nấy. Đã vậy cháo lòng ở đây ăn cảm thấy rất yên tâm vì nhìn sạch sẽ, đảm bảo vệ sinh. Chắc do chủ quán có tâm.Xem thêm",215
2388,Phương Anh,30/7/2017 10:04,9.4,"Lần nào mình đi VT tối thèm ăn cháo cũng ghé quán này ăn hết. Quán này đa số dân địa phương ăn nhiều nên cũng ko đông lắm và cực kì chất lượng nha. Mình thường kêu cháo hào , cho nhiều hào nhưng vẫn 25k/tô ko tính thêm tiền đâu nha. Nhiều hào lắm luôn , ăn đã. Con hào siêu múp , cắn vô là nghe tê tái tâm hồn luôn . Vị hào ngọt ơi là ngọt. Thích ghê. Cháo thì gạo rang lên thơm thơm . Tổng thể là siêu thích. À ở đây bán cả cháo lòng , cháo sườn luôn nha. Bán tới 9h tối là hết. Nên bạn nào có ý định ăn thì đi trước 9h nha.Xem thêm",215
2389,Thảo Phạm,8/11/2016 15:26,6.0,"Hôm bữa đang dạo dạo trên Foody thì thấy có bạn viết bình luận cho quán cháo Hào này, mình cũng muốn đi test liền tại vì ngoài cháo vịt, cháo lòng, cháo dinh dưỡng ra thì mình muốn ăn cháo cũng không biết đi đâu ăn nữa. Nhận xét thôi:
- Không gian: quán là dạng quán gia đình bán  nên cũng chỉ có bàn ghế khách ngồi và quầy bán cháo thôi không có trang trí gì đặc biệt.
- Món ăn: theo như bạn mình nói là cháo Hào cũng okay thôi chứ không đến mức ngon lắm chắc do nó khó tính chớ mình thấy cũng ngon ngon chớ bộ.
- Nhân viên: nhiệt tình tại kiêm chủ luôn mà :)Xem thêm",215
2390,Việt,27/10/2016 22:27,8.2,"Cháo hào ngon, rất nhiều hào. Ngoàn ra có cháp huyết & cháo sườn. Lúc 9g tối mình ghé vẫn còn bán. Trời tối mưa lất phất làm tô cháo quá tuyệt.Xem thêm",215
2391,foodee_4963261c,4/7/2020 18:33,5.0,"Món chén trứng chả có gì ngon, sơ sài
Tobokki mà vị me ????? Phải nói là siêu dở
Món bánh tráng nướng là đỡ nhất, ít nhất có được vị béo nhưng mà ăn không có vị gì hết :))) nó chán lắm mn
Mình kêu trà chanh thì đúng là làm từ chanh nha, chua lè :)))
Túm cái quần lại là không nên đến đây ăn vặt nha mnXem thêm",216
2392,Tú Nguyệt,8/4/2019 11:19,8.0,"Quán ăn dễ tìm, menu khá đa dạng. Phục vụ nhanh nhẹn và thân thiện. Mình đi hai người ăn hết 235k khá no. Món ăn đa số đồng giá 40k/ phần, loại nào đắt thì trông ít một xíu nhưng đồ ăn chất lượng. Mình gọi 3 chén hàu, dimsum mix vị, càng cúm rang me, ốc móng tay xào mỡ hành, bạch tuộc nướng. Xứng đáng nha, nhưng mỗi càng cúm ăn hơi cực vì có bấm vỏ sẵn nhưng vẫn phải cắn. 
 Nước uống tầm 20-30k tùy loại. Ly trà vải của mình 25k hơi ngọt nhưng ổn. Anh nhân viên tư vấn có món nước dâu tằm nhưng mình không thích nên không thử, nhưng nhìn bàn bên gọi thấy đẹp mắt và thèm. Bọn mình ăn không nhiều nên bao nhiêu đây là no rồi, chưa thử mấy món khác, có dịp sẽ ghé lại. 😊Xem thêm",216
2393,junjun,31/8/2018 19:06,9.0,"Quán dễ tìm, không gian thoải mái.
Nhân viên dễ thương, phục vụ nhanh.
Nhiều món đa dạng, mỗi dĩa chỉ khoảng 40k, vừa ăn.
Mình gọi trứng cút đút than, càng cúm xào me, sò nước nướng mỡ hành, mỳ bay thập cẩm, trà sữa.
2 người ăn tùm lum món, no cành bụng mà có 190k.
Mỗi món có nước chấm riêng, gia vị rất ngon và vừa miệng.
Điểm cộng của quán là cho thêm ca nước đá, khăn giấy khô và cả khăn giấy ướt free.
Hiếm có quán nào đc mình đánh giá 9đ. Chắc chắn sẽ quay lại ủng hộ.Xem thêm",216
2394,Tuấn Hyuga,31/8/2018 19:00,9.2,"Quán bán nhiều món, an vặt hay nhậu đều dc, có cả hải sản, giá thì rẻ rất nhiều có 40k 1 phần mà đồ ăn nhiều, chế biến mình thấy ngon hơn cả ốc tự nhiên hay các quán ốc ven biển.  2 người ăn chưa hết 200k no cành bụng. Lần đầu ghé cho quán 9đXem thêm",216
2395,Cà Ori,5/6/2018 17:08,7.6,"Quán này menu có đủ cả các món từ hải sản, mì cay tới các món chiên nướng. Lần nào tới đây cũng ăn chén trứng nươnga hết, mà chỉ nên ăn một chén thôi rồi để bụng ăn các món khác nha chứ thêm chén thứ 2 là hơi ớn, trứng nướng cùng phô mai phủ sốt chua ngọt ăn béo ngậy thơm phomai thích lắm. Hàu nướng 12 vị ngon, hàu tươi, mì cay thì khá bình thường, quán buổi tối đông khách nên đôi khi phải chờ hơi lâu nhưng nhân viên nhanh nhẹn nhiệt tìnhXem thêm",216
2396,Đại sứ   Hòa Bình,6/2/2018 15:02,8.0,"Vô tình được bạn dắt đi ăn quán này. Ở đây có quá trời món ngon cho bạn lựa chọn luôn nhé. trứng cút, trà sữa, mỳ cay...nhưng món hào né phô mai là xức sắc nhất á. Những chú hào béo mọng, được phủ một lớp phô mai lên rồi vừa ăn vừa kéo đã tay luôn. Nhìn thôi đã kích thích rồi.Xem thêm",216
2397,Anh Đong,26/10/2016 11:13,7.0,"Chài ai thiệt thích hà. Mỳ bay có ở Ann coffee rồi, Từ giờ tha hồ ăn khỏi cần lên Sài Gòn nữa. Mỳ nhìn quá độc luôn nha. Cọng mỳ ăn dai dai ngon lắm, thêm nước sốt trộn mỳ cũng ok nữa. Ngoài ra có gà ăn giòn giòn ok lắm nè. Mỗi tô mỳ 40k nha. Theo mình giá hợp lý vì đồ ăn nhìu ăn no nê luônXem thêm",216
2398,Thảo Phạm,24/10/2016 7:42,6.6,"Ở đây là nguyên cụm đồ ăn vặt luôn nên mình đi hay đi ăn vặt bên quán này lắm. Cùng là 1 tiệm mà có 3 món hít lận nhé. Mỳ cay 7 cấp độ, chén trứng cút nướng than, mỳ bay, trái cây tô tự chọn. Nói chung địa điểm để ăn nùi thứ. Nhận xét thôi:
- Không gian: Trang trí quán không có gì đặc sắc được cái quán lúc nào cũng đông nên thấy quán nhộn nhịp lắm
- Nhân viên: Ở đây người ta vừa là nhân viên vừa làm chủ nên rất nhiệt tình nhé
- Đồ ăn: tính ra cả ba món đều okay hết nhé, đa dạng sự lựa chọn nên bạn tha hồ bị cháy túi. Giá cả không quá mắc lắm đâu, chỉ là nhiều nên thấy gì cũng thèm ăn.Xem thêm",216
2399,Thư Văn,5/9/2016 23:39,8.8,Thấy mọi người nói món trứng cút đút than ở quán ngon nên đi ăn thử..và thật sự rất rất ngon..chị chủ quá thì cực kì thân thiện với khách..nhân viên thì phục vụ rất ok..vị trí quán cũng rất dễ tìm cho 1 đứa từ BR qua như mìnhXem thêm,216
2400,Anh Đong,15/8/2016 11:20,7.0,"Thấy trên page Vũng tàu food đăng hình xong mới kím quán này di ăn cho bằng dc nà. hjihii công nhận ngon bá cháy luôn. chén trứng béo ngậy hết sảy luôn nha. ăn xong mới phát hiện quên chụp hình :((((((((
nên lấy hình minh họa trên page vung tàu food vs mem khác cho mí chế xem nà, hấp dẫn chưa. hí híXem thêm",216
2401,Kim Loan,4/10/2021 12:01,8.0,Các món có sẵn rồiXem thêm,217
2402,Kim Loan,2/10/2021 12:05,8.0,Hôm nay các món ăn vặt có sẵn hết rồiXem thêm,217
2403,Ăn vặt kim loan .,8/6/2021 15:20,9.0,"Hôm nay quán có món mới 
Chả giò cá trích chỉ có 40k đầy đủXem thêm",217
2404,Kim Loan,19/3/2020 14:22,8.0,Hai món có sẵnXem thêm,217
2405,Kim Loan,4/2/2020 11:04,8.0,Đồ ăn ngon bổ rẻXem thêm,217
2406,Kim Loan,3/2/2020 12:36,8.0,Lau rồi khách còn nhớ hai món này nữa koXem thêm,217
2407,Ăn vặt kim loan .,16/1/2020 14:23,8.0,Hom nay ăn giXem thêm,217
2408,Ăn vặt kim loan .,6/1/2020 13:07,8.0,Lau rồi quên úp hai em nàyXem thêm,217
2409,Ăn vặt kim loan .,7/12/2019 12:58,8.0,Hai món có sẵn rồi kháchXem thêm,217
2410,Ivy Nguyen,30/9/2016 0:49,9.0,"Hồi chiều đám tụi mình đi ăn ở Thành phát quá no nên tới gan 10 giờ mới thấy hơi đói bụng. Định ghé gành hào mà tớii đó không còn nhận khách nữa nên taxi giới thiệu quán này. Mình cũng còn không đói lăm nên kêu món hơi ít. Lẩu cá mú tươi nấu kiểu canh chua nên ăn ngon miệng. Mình thấy có hình hào nướng phô mai. Thấy cũng nhiều phô mai nên cung kêu 4 con ăn thử. Công nhận là ngon à. Phô mai có trộn với trứng nên ăn béo béo thơm thơm. Mà có một con bị hư, mình nói với em phục vụ, em đó vô nói bếp làm cho mình con khác liền. Mình khá hài lòng với đò ăn ở đây, cach phục vụ cũng tốt. Lại mê ăn nên quên chụp mấy con hào rồi ;))Xem thêm",218
2411,kalan,22/10/2017 23:07,9.0,"Ngày cuối tuần trọn vẹn với cái bụng căng đầy. Xem ra ngày giảm cân còn xa lắm. Tội nghiệp, mắt với bụng tranh nhau làm tố trưởng.Xem thêm",218
2412,Huệ Nguyễn,21/2/2016 23:22,6.6,"Cuối tuần đi VT chơi, muốn ăn hải sản nên đo lòng vòng tìm quán. Ngang thấy Mười Đức rộng rãi và cũng đông khách nên ghé vào ăn.
Không gian rộng rãi thoáng đãng,  nhìn ra biển dc luôn.
Quán có 1 gian hải sản tươi sống cho khách chọn... Niêm yết giá đầy đủ
Mình gọi vài món thôi
Hàu tươi ngon, sò chén cũng vậy
Nghêu thì thôi... Thua 
Mì xào hảo sản ăn chống đói... Cũng xin miễn bình luận @@
Ốc hương rang muối ăn cũng ok.
Giá hơi chát.
Được cái phục vun món nhanh, nhân viên lanh lẹ.Xem thêm",218
2413,Ti Phạm,30/4/2018 15:44,1.0,"Khuyên mọi người ai tới vũng tàu nên né quán  này ra .  Menu 1 đằng tính tiền 1 nẻo , chặt chém, phục vụ chậm chạp , gd mình tới vào hôm t7 , có kiu nửa kí bạch tuột nướng thì hỏi chọn loại nào mình chọn loại 490k , loại tươi sống , chờ hơn 1 tiếng mới có , đem dĩa bạch tuột ra nhìn chưa tới 1 lạng , hỏi lại nhân viên thì dc báo là do bạch tuột ngậm nước nhiều nướng lên teo lại còn nhiu đó , câu tl nhảm nhí hết sức 0.5 kg nướng lên teo còn chưa đầy 0,1 kg
. Mà ngon thì mình ko nói đi vô bếp thấy bạch tuọt họ dsax luộc sẵn ai gọi món thì mới bắt đầu nướng , nướng quá lửa bạch tuột vừa khét vừa cứng , bực quá nhà mình kiu tính tiền thì lại tính 300k cho dĩa bạch tuột . 
Lời khuyên chân thành mng nên cạch mặt quán này mất tiền mà còn mang cục tức trg chuyến đi chơiXem thêm",218
2414,ninahunh,14/4/2018 22:39,5.0,"Quán khá lớn nhưng rất tệ
Đồ ăn lên rất lâu, nhạt nhẽo.
Lên món chậm còn thiếu đủ thứ như nước chấm, muỗng,.....
Menu thì nhiều mà cái gì cũng không có đa số toà những món bình thường lại không ngon
Hải sản tươi bán theo kí khá mắc. 
Nói chung rất tệ vì hôm nay cô Nên hết bàn nên mình ghé thử nhưng thất vọng vô cùng. Nếu lần sau có ai rủ cũng không dám đi một lần nữa�����Xem thêm",218
2415,Duy Nguyễn,21/3/2018 18:26,2.2,"Em tính đi quán cônên,ốc tự nhiên cho phù hợp gia đình,nhưng đông quá,hết bàn nên đành vào quán “mười đức vũng tàu” gần đó

Em vào quán gọi ốc móng tay (100k), lẩu hải sản (300k),cơm hải sản (85k),1kg ghẹ rang me (635)

Nhưng đợi 30p không có món,còn bàn kế bên thì có 3 món,dù đến sau bàn mình. Do đi xa và đói,mệt nên cả nhà kêu tính tiền và đi quán khác
Nv đem ghẹ rang muối và nhà e từ chối 3 lần , ngay sau đó “thằng quản lý” ra và đòi mình phải tính hết tiền tất cả,do mình đã order rồi (nhưng lúc đó không có bất kì món nào trên bàn,vậy mới hài ))). )

Sau đó “thằng quản lý” nạt thẳng vào mặt gia đình mình,còn nói phải thanh toán hết mới được ra về,rồi kêu nv đem ghẹ rang muối sốt me,nói lớn để thách thức

Em không biết lịch sử quán này như thế nào nhưng thật sự thất vọng khi lỗi của quán,mình mất 40p để “ăn chửi” và ôm cục tức về nhà 😃😃  hải sản vừa hôi vừa bở )))Xem thêm",218
2416,Trần Bảo Quyên,20/3/2018 19:02,2.6,"[REVIEW]
Chả là hôm trc em đi Vũng Tàu, do có hẹn đột xuất với Anh bạn của ck đi ăn tối, nên ỷ y k đặt bàn trước...
Đến quán Gành Hào, Cô Nên gì đều full hết, thôi thì thấy quán kế bên cũng đông khách mà còn chỗ nên vào đại, vì nào bầu bì em nhỏ nên k có lựa chọn...
Xác định tư tưởng là đông phải chờ lâu, chồng gọi 4-5 món với mấy chai bia chờ đồ ăn, hỏi có mấy cái đậu phộng hay bánh trái gì ngồi nhâm nhi để chờ cũng k có...
Mấy em dọn dc chén đũa với nước ún mà ko cho LY... cứ 5p mình nhắc nhẹ nhàng vẫn k ai cho LY... ơ thế ún bằng gì... LY là lun dọn cùng chén đũa cơ mà...
Hơn 30p cũng ko có LY, đồ ăn cũng chưa ra.... mà thấy bàn bên cạnh thấy làm căng lắm, hỏi ra mới bít nhà này cũng đợi hơn 30p cũng k có, kiu tính tiền thì cho ngồi chờ 1 hồi đem ra cái bill dài dằn dặt kèm theo 1 nùi hộp đồ ăn, kiu làm xong r 😰😰😰
Nên nhà này cũng đành lấy ra ăn, gọi món cua sốt me, nhà hàng làm cua rang muối, bảo làm cái khác nó vô lấy mớ đó đổ mớ me vô làm xong...  ôi thôi rồi
Thấy k hay nên mình kiu thui tính tiền giúp chị (lúc đó mới khui 2 lon nước ngọt vì khát quá 😒😒)
Dc 10p đem ra dc 1 dĩa rồi 1 em gái báo là hết Sò chén, kiu ừ vậy khỏi làm tính tiền giúp [lúc này vẫn chưa có LY lun nha]
Lúc này đồ ăn dc dọn từ từ (uh thì đông mà, chịu thôi), cũng báo tính tiền cho nhanh... món thứ 4 lên tới thì em kia mới đem cho cái LY... nuốt k trôi, k bia bọt gì nỗi nên kiu thui đem xuống đi em, kiu tính tiền rồi... đợi vẫn chưa thấy bill 😓😓😓
Rồi cũng em gái báo hết sò thì lúc này em mới đem 3 con sò lên... ơ em báo hết thì c kiu khỏi làm nữa r mà, đem chi nữa, tính bill r em... kiểu như ép ăn,đôi co 1 hùi mới chịu đem xuống...
Bill ra mới vui, 3 ng mà nó tính 4 con sò, trong khi đã trả lại, nói 1 hùi mới trừ bill..
Thiệt chứ quán đông mình biết nhưng phục vụ kiểu này oải quá, hỏi sao quán ngta đông càng đông hơn dù phải chờ, còn quán này 1 đi ko trở lại... vùng biển mà ăn hải sản kém tươi hơn cả SG, ly k đem mà nước chấm thì cứ phải xin mới cho 🤦‍♀️🤦‍♀️🤦‍♀️
Đi ăn mà chuốc cái bực vô ng hà.... vì k có LY nên chồng em bảo lần đâu tiên gặp bạn cũ mà k xỉn 😁😁😁
Ôi thôi thì ai chứ nhà em là cạch quán này ra, anh chị em fb có đi VT cũng chừa quán này ra nghen 😏😏😏😏Xem thêm",218
2417,My Anh Vũ,2/2/2018 11:08,3.4,"Giá cả khá OK, đồ ăn tươi, vị cũng tạm, chỉ có phục vụ quá kém.
Thứ nhất là thái độ phục vụ khó chịu
thứ 2, mình gọi cháo hải sản thì mang cháo hàu, mình cũng OK. Mình gọi mục chiên giòn. Xong bưng ra dĩa mực chiên nước mắm trộn hành tây sống, bảo là order nhầm, mình có giải thích là mình không ăn nước mắm, cũng không ăn được hành sống, nhờ chiên lại giúp mình, thì 3 lần mang đi rồi lại mang lại nhờ ăn giúp. mình bảo nếu chị ăn được chị sẽ ăn giúp em, nhưng thật sự chị không ăn nước mắm mà còn trộn hành tây sống vào, chỉ ăn chiên giòn thôi, thì mãi mới chịu mang vào chiên lại ( kiểu rửa cái nước mắm đi và chiên lại ấy). Xong rồi mang dĩa mới chiên ra, mặt rất thái độ và khó chịu, y như mình mắc nợ vậy. Mình đi lúc 3h trưa, lúc đó chỉ có 2 đứa ăn, nên không thể biện hộ quán đông mà order nhầm 2 món như vậy được. ( mình gọi 4 món thôi). Cua hấp mang ra cũng là cua có 1 càng, không đủ 2 càngXem thêm",218
2418,Duc Leminh,7/1/2018 18:01,6.8,Không gian trước biển gió rất mát mẻ. Được Ngắm biển đẹp. Giá cả bình dân. Các món ăn hải sản tươi sống đảm bảo an toàn thực phẩm. Có cơm lẫu thơm ngon và các món nướng.Xem thêm,218
2419,Hải Trân,15/7/2017 0:11,5.0,"Nhân Viên : phục vụ chậm , ăn nói thô lỗ sao ấy . 
Chất Lượng : ghẹ bị ốp nhưng mình nghĩ nếu kêu ra đổi thì ảnh hưởng đến công việc quán thôi thì đành luôn vậy , hàu phô mai do kh nướng phô mai khô lại thêm 1 tí nên cứ chảy chảy ngán chết được , mực sữa hấp hành con mực nhỏ hơn 1 đốt ngón út mình nữa , nhìn thì xinh nhưng ăn kh đc ngon miệng , hơn nữa nêm nếm kh ngon , tôm rang mặn ăn với cơm ổn , canh chua cá dứa toàn bạc hà , kh tí đậu bắp hay thơm nữa :( ngán . Xin nước rửa tay sau khi ăn hải sản , tô nước rữa tay mỗi 2 cộng rau râm và 2 lát chanh cho 4 người rửa ??? Tiết kiệm những cái không đáng :( 
Không Gian : ở dưới thì hơi nhỏ , quán đi vào đường lên vệ sinh nhìn dơ dơ 
Vị Trí : được mỗi vị trí nhìn đối diện là biển nên thích 
Giá Cả : hải sản thì tuỳ mùa tuỳ giá nên kh đánh giá đc mắc hay rẻ , nhưng tương đối bằng cây bàng , gành hào . 
Ăn thì tạm chấp nhận kh tệ nhưng hài lòng thì chưa hài lòng .Xem thêm",218
2420,Bảo Trinh,1/6/2019 0:28,9.0,"Mình từng ăn ở bên Hoàng hoa thám cũng ngon mà đắt quá 50k. Ăn ở miền đông thì rẻ mà k ngon. Nên muốn tìm 1 chỗ rẻ mà ngon cực khó. Mò trên foody lại tìm đc quán này, nhưng dời về 41 thống nhất rồi. Bánh khọt mình nhờ làm giòn, ăn siêu ngon, mà cái bột bánh nó mềm mà thơm lắm, hình như cho nước cốt dừa. Quán đa số toàn dân địa phương tới ăn nên phục vụ nhanh lắm. Nói chung đây là quán bánh khọt ưng nhất ở VT đối vs mình (bánh khọt ngon số 1 là quán phượng ở Bà Rịa ^^). Chắc chắn khi đến VT mình sẽ trung thành vs quán này, 1 phần có 30k thôi nên 2ng ăn quất 3 đĩa. bạn trai mình cũng nói đây là quán bánh khọt ngon nhất ảnh từng ăn.Xem thêm",219
2421,QL,10/2/2019 13:02,7.6,"🍒Lại ăn :))
Bánh khọt ngon lắm nhá. Rau rá đồ chua nhìn đã dễ sợ
Cô chú và mấy bé bán bánh cũng dễ thương nhiệt tình
Chỗ ngồi hơi ít, nếu đông thì đợi hơi lâu vì phải chờ bánh giòn
🍒Ở đây ko chiên như những chỗ khác nên bánh ngon hơn hẳn👌
Nước mắm ngon
🍒Nhà mình gần nên toàn gọi bưng tận nhà ko àXem thêm",219
2422,QL,22/1/2019 3:05,7.6,"🍒Bánh ngon nhưng ko nhiều người biết như mấy chỗ nổi tiếng nên có nhiều hôm cũng vắng khách lắm. Có hôm thì đông do dân địa phương biết nên ăn nhiều
🍒Bánh đổ rất giòn. Mà mình thì siêu thích kiểu giòn như vầy luôn. Có điều để đổ giòn thì đợi lâu lắm nha. Vắng còn đỡ chứ đông thì xác định đợi mòn mỏi :)))
Nên dù mình rất muốn cô chú có thêm thu nhập nhưng đông mức độ vừa phải còn ăn được, đông quá là nghỉ ăn luôn :))
🍒Bánh 30k/ dĩa 9 cái giá bình dân học vụ
Rau rá đu đủ cho nhiều
Nước mắm ngon ko cần mô tả. Đừng chen chúc vô mấy quán nổi tiếng ăn chi cho khổ thân xác ra😂Xem thêm",219
2423,Hoài Nguyễn,18/10/2018 12:14,8.4,"Đi ngang bn lần mà hem biết quán cô, cứ đâm đầu dô gốc vú sữa, bk 14, cô ba các thứ chờ lâu dễ sợ :v, bánh ở đây giòn đúng ý của mình, cũng ngon ko kém ở mấy chỗ nổi tiếng đâu, chỉ là ko gian hơi nhỏ, lúc mình đi là giữa tuần k đông khách lắm, ko biết cuối tuần có đông ko có chỗ ngồi hem nữa 😂 
Nhưng mờ cô nc rất thân thiện ^^ đặc biệt là rẻ hơn mấy chỗ kia nhìu 😬😬 biết chỗ rồi lần sau ghé chỉ ăn ở đây thôiii 😌Xem thêm",219
2424,QL,22/8/2018 23:27,7.0,"🍒Gần nhà nên ăn hoài
Đa phần là mình ăn ngon nhưng có mấy bữa ko ổn định lắm
Ở đây đổ bánh kỹ nên khá là giòn. Ai thích ăn mềm thì dặn
Nước mắm ngon. Rau rá đồ chua cho nhiều

🍒1 dĩa có tôm chà 35kXem thêm",219
2425,QL,23/6/2018 11:03,7.8,"🍒Quán mới chuyển về gần nhà nên mình cũng hay gọi về nhà ăn
1 dĩa 30k 9c tính ra là rẻ vì nhiều chỗ bán 25k có 7 cái
Rau ra đồ chua cho nhiều. Xin thêm thoải mái
Phục vụ nhiệt tình niềm nở dễ thương

🍒Nếu muốn ăn giòn thì dặn quán làm giòn sẽ hơi lâu 1 chút nhưng ăn đảm bảo ngon mà ko ngán
Tôm cũng to
Nói chung giờ mình chỉ ăn bánh khọt ở đâyXem thêm",219
2426,Bin Bin,8/5/2018 9:26,8.0,"Do mãi mê ăn nên mình quên mất chụp hình, lần đầu sau bao nhiêu năm ăn lại bánh khọt Vũng Tàu... Vô tình đi ngang thấy quán bánh khọt này của cô, chạy 1 vòng quyết định ghé ăn thử tưởng mắc ai ngờ chỉ có 30k/9 cái so ra rẻ hơn những quán khác, vị thì bánh bên ngoài giòn giòn, bên trong mềm và có vị béo nữa cắn 1 phát ta nói lâu rùi mới ăn lại bánh khọt non như vậy. Có dịp sẽ quay lại quán này ah mà do cô lớn tuổi nên chỗ bán sẽ không ổn định do điều kiện từ phía chủ thuê nhà nên mọi người có thể gọi đt cho cô hỏi địa chỉ trước cũng được nha. Quán này cô nói lúc trước có bán kế bên lẩu cá đuối Trương Công Định sau đó đổi mấy chỗ và bây giờ về chỗ này.Xem thêm",219
2427,Út Haha,25/8/2017 21:42,7.0,"Vị trí: góc ngã 4 luôn
Giá cả: khá bình dân nhưng thắc mắc tại sao 1 đĩa lại có 9 cái,  và giá là là 30k :)) 
Làm lâu lắm,  chờ mak cảm giác có thể ăm dc cả vũ trụ :))  (trong khi khách có 2 bàn ah). Chắc phải tìm cách tăng hiệu suất thôi. 
Không gian quán: bé bé, hơi bí, chưa tận dụng dc hết vì khoảng trống còn khá nhiều. 
Phục vụ: bác gái và anh trai đều rất cởi mở, thân thiện và nhiệt tìnhXem thêm",219
2428,Fy Dood,22/4/2016 20:51,7.8,"Bữa giờ bún riết cũng ngán nên hôm nay đổi món qua bánh khọt. Quán này mình biết lâu rồi trước bán gần nhà mình do giải toả đất nên mới chuyển qua đây. Đối với bánh khọt thì mình chỉ thích ăn khuôn đất thôi nhưng giờ Vũng Tàu không còn nữa nên đành phải ăn. Được cái bánh ở đây chiên giòn,thơm mà ít dầu hơn mấy quán khác nên lâu lâu mình hay ghé quán ăn. Không gian quán không được rộng cho lắm,có bàn ngoài sân. Rổ giá cũng vừa phải. Bạn nào du lịch muốn ăn bánh khọt ngon rẻ thì có gì ghé quán thử nhé 😏Xem thêm",219
2429,Na Ng,16/4/2016 13:48,8.2,"Lâu lắm rồi ko ăn bánh khọt chiều qua rủ thêm nhỏ bạn đến bánh khọt 368 ăn. Đến quán lúc tầm 4 rưỡi chiều vừa thấy mấy bàn khách du lịch đi ra. Có bàn bên ngoài nhưng sát đường nên mình và bạn vào nhà ngồi. Kêu trước 2 dĩa bánh ko bột tôm. Quán bưng ra rổ rau nhìn là thích ngay, rau nhiều, sạch và tươi. Cá nhân mình thấy nước mắm hơi nhạt nhưng cũng vẫn rất ngon. Bánh khọt vừa mềm vừa giòn, tôm to, mùi bánh thơm lừng. Sau mình gọi thêm nửa dĩa bánh ăn là no ứ hự tính tiền chỉ hết 75k. Mình gọi thêm rau thả ga ko tính tiền thêm và có trà đá free nữa nha.Xem thêm",219
2430,Thái Linh,6/5/2019 0:49,9.4,"Mình đã báo cáo Foody rồi mà vẫn chả chịu cập nhật địa chỉ và cả menu lên cho ngta gì cả. Làm như không trả tiền quảng cáo cho Foody nên mới vậy hay sao á??? Bực mình mấy lần đặt now lần nào cũng phải dặn riêng anh tài xế. Lần đầu không biết đặt cái anh tài xế đi theo địa chỉ ghi đi sai, chờ mòn mỏi. Mấy lần sau lần nào cũng phải rút kinh nghiệm dặn riêng. May sau này cũng nhiều anh biết. Chưa kể quán ngta giờ có cả nui chiên, có thêm nước uống. Mình rất thích nước sâm mà không hề cập nhật menu cho ngta. Khách báo lỗi cũng không cập nhật. Cả giờ giấc nữa. Mà chả biết làm ăn sao, địa chỉ cũ của người ta là 19 Lý Thường Kiệt và địa chỉ mới là 91 Lê Lai. Làm ăn ghi kiểu nửa vời. Chán Foody 😤😤😤
Còn quán thì ngon miễn bàn. Ở Vũng Tàu mình chỉ thích ăn ở quán này thôi. Cô chú làm có tâm, bột giòn rụm, mà sau này mình chuyển qua ghiền nui rồi. Ghiền thêm cả nước sâmXem thêm",220
2431,Thái Linh,30/4/2019 23:21,9.0,"Bột chiên ở đây của cô chú đối với mình là ngon nhất Vũng Tàu luôn. Hồi đó cô chú bán ở Lý Thường Kiệt, đối diện nhà sách Đông Hải là mình ăn hoài mà cũng rất đông khách. Mà tội cô chú không có mặt bằng bị người ta đuổi phải dời đi dời lại tùm lum chỗ. Cô chú cũng hiền, không biết xài đồ công nghệ để quảng cáo thương hiệu gì cả, nên khi dời để lại mấy tấm bảng giấy rồi bị người ta bỏ, người ta vứt, thành ra nhiều người không biết chỗ cô chú. Nên nay mình lên đây, nhắn vô đây để mọi người biết qua ghé qua ăn và qua bên Bột chiên Sài Gòn đánh giá lại giúp cô chú, chia sẻ cho nhiều người biết đến cô chú nha ^^ Nghe cô kể mà thấy thương cô quá. Nhà có mỗi cô chú lớn tuổi rồi ( U50 rồi á mấy bạn, là cỡ ba má mình) mà mỗi ngày đều phải buôn bán lo cho 3 đứa nhỏ ăn học. Mà món này để phục vụ các bạn ăn ngon phải chiên cho giòn. Cô cho mình coi tay cô phỏng hết cả, nhìn thấy cũng xót. Mà nhiều bạn khó chịu, mới vào đã hối làm nhanh, ăn liền. Đồ ăn chiên chứ đâu phải cháo hay gì có sẵn đâu. Nên mấy bạn đi ăn cũng thông cảm cho cô chú nha. Cảm ơn các bạn đã đọc review của mình ^^Xem thêm",220
2432,Vy Thảo,15/6/2018 2:39,9.4,"Rất ngon nha, bột chiên giòn vàng, nước tương vừa ăn, cho nhiều đu đủ, trứng đập rất đều. 
Giá cả thì không phải lo lắng, rất hợp túi tiền mình nhớ k lầm là 20k một phần thôi, ăn no đến chết 😂
Đây là chỗ bột chiên ngon nhất mà trước h mình ăn kể cả ở Vũng Tàu hay Sài Gòn.
Cô chú bán rất thân thiện, đồ ăn lên cũng khá nhanh không phải đợi lâu.
Không gian thì hơi bé có thể khi ngồi ăn sẽ bị dính mùi dầu mỡ lên quần áo hay tóc nhưng tắm cái là sạch ấy mà kaka...
Mấy bạn có thể mua về rồi đem ra biển ngồi cũng đc lắm ý! ✌🏿🙈😘Xem thêm",220
2433,Minh Nguyen,4/9/2017 21:50,8.4,"Bột chiên ở đây ngon tuyệt , con ngon hon nhiều chỗ trên Sài Gòn 👌🏼👍🏼 Mình ""ghiền"" ăn món bột chien 30 năm nay nên khi ra Vũng Tàu kiếm được chỗ ngon và 2 anh chị bán hàng dễ thưong này mình thích vô cùng ! Vậy mà đi xa VT có vài tháng khi về họ dọn đi mất là sao 😭😭😭 làm ơn có ai biết anh chị ấy dọn đi đâu vui lòng đăng lên đây để mình và mọi người yêu thích món bột chiên có thể ghé ăn được ko ạ? Xin đa tạ 🙏🏼Xem thêm",220
2434,Yumi Tran,5/12/2016 19:41,8.8,"Ắt hẳn ai trong chúng ta cũng từng thưởng thức qua món Bột Chiên đúng không nào?
Nhất là các bạn teen có cùng sở thích ăn vặt giống như mình.
Ở Vũng tàu này thì khá là nhiều chỗ bán bột chiên nhưng  mình vẫn ưng ý nhất là ở đây.
Bột giòn giòn dai dai đặc biệt là ở đây cho nhiều trứng hơn các chỗ khác mà mình thì lại thích trứng lắm. Vì là  khách quen nên cô cho mình khá nhiều đu đủ bào.
Tuy là quán vỉa hè nhưng lúc nào không gian cũng sạch sẽ rất ít khi có giấy dưới nền đất. 
Cô nhiệt tình nửa nên mình thích cách cô buôn bán lắm. Lúc nào cũng cười.
Các bạn nào là tín đồ của bột chiên thì ghé ủng hộ cô chú nha. Chỉ 20k/dĩa thôi vừa rẻ mà lại vừa ngon nửa.
Quán năm ngay ngã tư đối diện nha khoa Vạn Hạnh và Nhà sách Đông Hải.
Mọi người hãy ghé ủng hộ quán nhéXem thêm",220
2435,Vân Thế,14/11/2016 23:09,7.4,"Quán nhỏ nằm ngay ngã 4 Lý Thường Kiệt vs Lý Tự Trọng luôn (đối diện nhà sách Đông Hải). Tuy nhỏ nhưng có võ đó nha! Bột chiên giòn chứ không nhão như 1 số quán, 1 đĩa có 2 quả trứng luôn. Vì quán rất đông mọi người phải chờ dài cổ mới có phần của mình. Đặc biệt bột chiên ở đây có cả nấm xé nhỏ nữa, ăn lạ lạ mà ngon. Kế bên quán có xe nước mía, vừa ăn bột chiên vừa làm 1 ly nước mía thì còn gì bằng. Có điều mình không thích ở quán cho lắm! Nhiều người mua mang về thì có trước, tụi mình ngồi chờ mãi chưa thấy đâu (tụi mình đến trước) nhiều lúc phát bực. Mong rằng cô chú rút kinh nghiệm, đừng để hiện tượng như vậy xảy ra nữa.Xem thêm",220
2436,Quỳnh Trang Nguyễn Thị,12/9/2016 20:46,7.6,"Mình ăn ở đây lần đầu tiên là năm lớp 10. Giờ học đại học lâu lâu mới được về thưởng thức lại! Quán vẫn ngon như ngày nào. Miếng bột chiên ngoài thì giòn trong thì dẻo cắn 1 phát phê tới chân răng! Trứng thì nhiều, đu đủ thì hơi thiếu chua 1 tý. Nước tương thì hơi ngọt hợp khẩu vị với mình. 
Chủ quán siêu siêu dễ thương! Mình chạy con xe hơi to, để hơi xéo qua tiệm cháo hột zịt, bà bên kia hơi khó chịu cằn nhằn mình mãi! Mình thì đẩy không nổi! Thế là chú chủ quán chạy ra giúp mình đẩy xe ngay lập tức! Còn chọc kêu mình giống con chú, chỉ biết chạy xe không biết dắt😄😄😄
Ăn chú còn nói chuyện vui vẻ với mình! Làm mình ăn thấy thoải mái lắm
Một phần ăn là 20k, giá rất phải chăngXem thêm",220
2437,eatwtea 💋,19/8/2016 17:49,8.0,"Tối đến đi làm về mà ngán cơm thì chỉ nghĩ ngay đến bột chiên. Dù biết các món chiên xào ăn khó tiêu lại dễ mập nhưng vẫn ko kiềm lòng được. Hôm nào ko đói lắm thì kêu dĩa nhỏ 15k ăn là vừa. Chỉ khi đói lắm mới ăn hết dĩa lớn thôi. 

Bột chiên ở đây rất ngon và khác những quán khác ở chỗ có cải xào thêm vào ăn rất hợp vị. Tuy ko biết cải đó quán làm như thế nào nhưng cho vào ăn lại thấy ngon và hấp dẫn hơn. Nước tương ăn kèm ở đây cũng đậm đà hơn nhiều chỗ khác. Do vậy nên quán rất được lòng khách, chỉ bán từ 4-5h chiều đến 10-11h là hết sạch.Xem thêm",220
2438,Mr Cat,27/7/2016 2:32,8.0,"Dạo này có hứng thú với bột chiên ở đây hơn ở bên quán đường Nguyễn văn trỗi. Cảm giác ăn hoài cũng không ngán. Bột chiên ở đây làm kiểu sài thành mình thấy ghi như thế.
Mỗi lần minh ra đây là quất hẳn một dĩa hai trứng ăn xong vẫn có cảm giác muốn ăn tiếp mà không hiểu tại sao,chắc có thuốc phiện 😸. Bột giòn trứng thơm cộng với dưa món chiên lên hết sảy. Chỗ ngồi không được rộng cho lắm nhưng có trà đá free là ok. Giá chỉ 20k/1 hộp gái nào chưa ăn bữa nào ghé thử nhé 😏Xem thêm",220
2439,Na Ng,23/7/2016 12:40,8.0,"Quán bột chiên này gần nhà mình nên những lúc đói bụng mà lười đi xa thì chạy ngay ra đây khỏi đắn đo suy nghĩ. Ở đây bán có 2 mức giá, dĩa nhỏ 15k, dĩa lớn 2 trứng thì 20k. Nếu vào kêu 2 dĩa bình thường quán sẽ làm dĩa 20k nhé. Tuy vậy dĩa lớn cũng nhiều bột hơn, ăn no lắm. Quán kê vài bàn nhựa trên vỉa hè, có mái hiên ko sợ mua nhé, đến kêu cô chủ mới bắt đầu chiên nên lúc nào dĩa bột cũng nóng hổi, bột giòn giòn bên trong mềm nói chung ăn rất ngon. Vào giờ cao điểm cô chú chủ quán làm liên tục mà ko kịp khách vẫn ghé và chờ.Xem thêm",220
2440,Trinh Loan,12/9/2022 22:02,5.4,Ngày mai con toi lấy tiền luong nha ông bà chủ quánXem thêm,221
2441,Trinh Loan,12/9/2022 21:02,5.2,Mai e sẽ ko lm nx mai e sẽ lấy tiền luong luônXem thêm,221
2442,Trinh Loan,12/9/2022 18:33,5.6,Em tên là trịnh thị mỹ loan là nguoi rua ly hiện tại đang phụ quán kem hiện nay nên là e mún xin nghỉ làm luôn á . e muốn xin nghỉ làm luôn mọi nguoi cú tính tiền luong đi r có gì tối nay hoạc ngày mai e qua lấy tiền luongXem thêm,221
2443,Chris Oven,8/6/2020 23:45,5.8,"Mình được bạn gthieu cho quán này và mình cũng ko đọc review trước
Quán nhỏ bình thường thôi, kiểu như quán gia đình 
Sau khi ngồi vào bàn là sẽ có bánh su kem và bánh bông lan để sẵn
Mình gọi 1 viên kem sầu riêng, 1 viên kem dừa, 1 yaourt và 1 flan
Thật sự mọi thứ ăn rất bình thường, mùi vị như kem ký trên sg bán, hơn được 1 chỗ là kem mịn hơn
Yaourt thì ăn bt, còn flan thì tệ nha. 
Flan ko có kèm cà phê hay sữa đặc hay đá nhuyễn như trên sg nha. Chỉ flan và caremel vậy thôi. Flan khá cứng và rổ, thua cả ở nhà tự làm ăn :(( thất vọng
Nhược điểm nữa là nv phục vụ hơi thái độ, mặt ko cười dc 1 cái nữa
Và cái bất ngờ là về giá cả. Phải nói đây là quán kem nhìn kiểu bình thường mà giá lại ko bình thường nha.
Tính ra thì khoảng 30-35k/viên kem. Flan thì 18k/ cái
Giá này so với không gian quán thì hơi đắtXem thêm",221
2444,trangle8125,19/5/2019 6:31,2.4,"Đến ăn vì được recommend trên travel blog nhưng khi đến nơi thì khá thất vọng. Menu kem từ 30k đến 5 mấy k nhưng chỉ có 1 viên kem nhỏ như trái bóng bàn. Giá ngang như baskin nhưng chất lượng k tương đương nên khá chát. bạn mình gọi kem ba màu là 3 viên nhưng lại đem ra nhưn3 viên nhỏ hơn, thành ra 45k k đáng một chút nào. wifi lại chẳng có nên chỉ ngồi ăn đc tầm 10’ là đứng dậy về. Tuy nhiên quán lại đông và hầu như là gđ cơ con nhỏ đến ăn, k recommend cho các bạn trẻ vì ăn chán lại còn chẳng ngồi lâu. > mình chắc chắn k quay lại.Xem thêm",221
2445,tran thủy,10/12/2018 20:09,8.4,Kem ngon và hơi đắt. 1 viên kem dừa 28. 1 viêm kem dừa chan cacao lên 29. Bánh su quên giá. Sẽ quay lại.Xem thêm,221
2446,Ngân Nguyễn,28/7/2018 22:40,5.6,"Đi hụt mấy lần luôn mới ăn được á 😂😂 quán mở kusc 15h chiều nên chứ ghé trưa trưa là đóng cửa à. 

Về không gian: 
Quán hơi nhỏ, kiểu bình dân

Về chất lượng: 
Khi vào nhân viên sẽ đem 2 dĩa bánh như ảnh nè. Bánh bông lan 3k 1 cái ăn ngon nè 👍. Bánh su 7k nhưng mình thấy hông ngon như sg nha.
Kem dừa khá ngon, không đậm vị dừa cho lắm nhưng cốt kem dẻo đặc ngon lắm nha. Mùi vị cũng thơm nữa
Kem nước thì kiểu giống siro đá bài ý, dầm ra thơm vị trái cây lắm nhaa. Ăn ngọt ngọt lạ miệng vô cùng

Sẽ ghé lại khi xuống VTXem thêm",221
2447,Quỳnh Như,23/4/2018 21:59,7.2,"Quán dễ tìm, khá nhỏ. Trang trí bình thường. Phục vụ ổn.

Mình ở saigon vào nên kh biết khẩu vị có khác kh, thấy kem ngon nhưng cũng kh ph quá xuất sắc với giá 28k/viên thì hơi chát )) cô mình khen kem chanh dây ngon. Món cafe kem là cafe đắng với kem dừa. À dù có kêu món gì thì quán luôn mang dĩa bánh su và bánh bông lan cho mỗi bàn, bánh su ăn đc hơn.Xem thêm",221
2448,Châu,22/4/2018 16:18,7.4,Kem cam và ca cao ngon ngoài ra có bánh su cũng ok 7k/ 1 eXem thêm,221
2449,QL,15/10/2017 1:24,6.4,"Kem này lâu đời rồi. Homemade ngon lắm
Mình hay ăn kem nước. Có 1 viên kem vani, đá và nước sốt hồng hồng ăn lạ lạ hay hay
Giá cao. Hồi lâu rồi mình ăn đã 40k/ly rồi. Giờ ko biết nhiêuXem thêm",221
2450,Meo Cú,17/6/2020 9:25,8.6,"• Nằm gỏn gọn 1 góc kế bên 1 tiệm cơm khá lớn làm mình suýt nữa bỏ qua luôn

• Mình gọi 1 phần hình như 22k, khá ngon, giá cả xứng đáng mà chén phá lấu cũng đầy ú nụ. Ở đây cũng có bán nước sâm, nước mía, 5k thôi mà ngon lắm, nước sâm mát cực.

• Không gian nhỏ, chắc được cỡ 5 bàn, nhiều khi đông là phải chờ à nha.

• Đứng quán là 1 bạn nam chắc tầm 15 16 tuổi và 1 bé trai cũng khoảng 9 10 tuổi thôi. 2 bạn rất nhanh nhẹn. Lúc mình ăn xong bạn 16 còn cúi đầu cảm ơn mình rõ to làm mình vừa bất ngờ vừa xúc động, vì chưa bao giờ đi ăn mà lại được cảm ơn nhiệt tình như vậy.

• Ấn tượng rất tốt, chắc chắn sẽ quay lại.Xem thêm",222
2451,Kate Ng,1/9/2018 18:54,7.6,"Nói đến bánh mì phá lấu ở VT thì phá lấu Mai Ka is the best. Ăn bao nhiêu tiệm mình chỉ thích ăn mỗi tiệm này. Phá lấu vẫn có mùi đặc trưng nhưng ko bị hôi, nước chấm thơm và có vị hơi béo. Đặc biệt là có thêm nước tắc để chấm kèm ăn rất lạ miệng. Ngoài bánh mì để ăn kèm ra quán còn có thêm mì gói, quán cũng có bán thêm cơm cháy chà bông nữa. Hai bà bán phá lấu thì vui tính, dễ thương. Nói chung ăn ở đâu thì ăn mình vẫn thích ăn ở đây nhất 😍Xem thêm",222
2452,Quỳnh Trang Nguyễn Thị,8/3/2017 17:11,7.0,"Ôi nồi phá lấu tuổi thơ! Ăn đây từ năm lớp 8, giờ đi học mỗi năm về nhà đều phải check lịch ghé đây ăn!😄😄😄
Về chất lượng: với giá 18k/phần không đổi theo thồ gian thì lượng thịt trong phần ăn phải giảm😆 nhưng chất lượng thì không bao giờ đổi! Lol. Nước phá lấu béo béo đậm đà, phần phèo phổi bla bla không hề bị hôi. 1 phần + 1 ổ bánh mì 2k là đủ no căng 1 bữa. Và đặc biệt xin thêm nước phá lấu không mất tiền! Hahaha
Bác bán rất đễ thuơng. Lúc nào cũng bonus thêm rau với dưa leo cho mình nếu thấy mình ăn hết trước khi đồ ăn ra!))))
Vị trí ngay góc đường và ở vỉa hè nên rất dễ bị dân phòng hốt! Thỉnh thoảng sẽ phải cầm đĩa chạy nên hơi bất tiện týXem thêm",222
2453,Châu Linh Trần Hoàng,17/10/2016 23:11,7.6,"Ăn tạm được, không hợp khẩu vị mình lắm. Tuy nhiên với giá 18k một phần thì chấp nhận đượcXem thêm",222
2454,Mr Cat,27/7/2016 14:09,8.0,"Trong khu Bà huyện thanh quan mình chỉ thích ăn bánh mì phá lấu ở đây thôi chứ không thích bên chỗ bé boi bé bủng gì đó.
Cô này trước bán gần gần bé boi nhưng bị chủ nhà đòi lại không cho mướn nên dời về ngay góc ngã tư. 
Dù vậy nhưng đồ ăn làm vẫn ngon, nước dùng phá lấu,thịt dày với cả nước tắc chấm cái nào cũng ngon. Ở đây tuy chỗ ngồi hơi hạn chế nhưng cũng thoải mái lắm,có cả nước sâm mía lau nữa nha mấy chế 😉Xem thêm",222
2455,Na Ng,23/7/2016 0:05,8.0,"Bạn nào là dân Vũng Tàu chánh gốc và thích món phá lấu thì chắc chắn biết quán phá lấu Maika trong khu bà huyện thanh quan này. Trước đây trong khu ăn uống này chỉ có 1 mình chỗ này bán phá lấu nên ko có tên. Sau này do có quán gần đó mở ra nữa nên quán phải đặt tên là khách lạ phân biệt được, riêng mình và 1 số khách quen thì nhìn là phân biệt được ngay. 2 quán tuy gần nhau nhưng hương vị khác xa nhau. Mình thích ăn vị béo béo nên quán này vẫn luôn là lựa chọn đầu tiên của mình. Dù đến đúng ngày quán ko bán mình cũng chờ hôm sau ăn chứ ko ăn quán khác.Xem thêm",222
2456,eatwtea 💋,26/5/2016 4:51,8.4,"Ở Vũng Tàu bạn nào thích ăn phá lấu thì nhất định phải đến thử quán này nhé. Quán bán từ rất lâu rồi, lần đầu mình ăn ở đây cũng phải được 7 năm rồi đấy. Tuy nhiên chất lượng ngày đó và bây giờ vẫn ko thay đổi. Phần phá lấu giờ đã là 20k kèm bánh mì. Đặc biệt nhất vẫn là nước chấm bánh mì có vị riêng, ko chỗ nào bắt chước được. Nhiều khi ghé ăn cũng do thèm nước tắc chấm phá lấu ở đây. Vị rất thanh, hơi sệt, chua ngọt vừa ăn, khử được mùi của phá lấu nên rất ngon đấy ạ. 

Nếu ko thích ăn phần chấm bánh mì có thể kêu bánh mì ổ kẹp nhân luôn cũng được nha. Tuy nhiên mình thấy ăn chấm thú vị hơn và ngon hơn.Xem thêm",222
2457,Na Ng,30/4/2016 21:07,8.0,"Đa số ngày nào cũng đi ăn xế chiều, cứ đến giấc này là đói. Chạy vào khu bà huyện thanh quan, đang phân vân ko biết ăn gì thì thấy quán phá lấu hôm nay đông quá, chạy gần tới mùi cũng khá hấp dẫn nên tấp vào luôn. 

Được cái cô chủ ở đây rất nhớ khách nên mình vào khỏi kêu cô chủ cũng biết ăn như nào mặc dù lâu lâu mình mới ghé. Quán nằm ven vỉa hè nhỏ, nhiều bàn ghế thấp, đa số chỉ có khách quen ghé thôi, khách lạ vào nhiều lúc cũng ko biết mà ghé ăn. Phần phá lấu bữa nay lên giá thành 20k cả bánh mì luôn, nhích hơn giá cũ 2k thôi. Kêu thêm ly sâm ăn xong uống tráng miệng là hết xẩy con bà bảy hehee sâm giá vẫn 5k uống ngon và thơm. Ai thích món phá lấu này ghé thử nhé, mình là fan ở đây cũng được 6,7 năm rồi á.Xem thêm",222
2458,Mr Cat,27/3/2016 0:21,7.4,"Nằm trong khu ăn vặt bà huyện thanh quan nhưng giờ quán đã dời qua ngay góc ngã tư gần đó thành xe phá lấu rùi nha. 
Nhưng tuy vậy nhưng đồ ăn vẫn ngon nha,nước chấm cũng vậy. Mình thích ăn ở đây hơn phá lấu bé boy. Bạn nào chưa biết có gì ghé thử xem sao nha ^^Xem thêm",222
2459,eatwtea 💋,4/11/2015 16:52,8.2,"Đây là xe phá lấu đầu tiên trong khu ăn vặt này. Cũng có 1 số chỗ mở sau nhưng ko ngon bằng đâu. Ở đây nước chấm phá lấu thơm và béo, nấu từ nước dừa và sữa ấy. Nước tắc chấm phá lấu thì khỏi chê, pha đậm đà vừa miệng chua chua ngọt ngọt. 

Bác chủ quán tuy lớn tuổi nhưng bán hàng niềm nở dễ thương lắm. Bác bán giá cả bình dân 18k/1 phần gồm 1 dĩa phá lấu + 1 ổ bánh mì, có rau thơm và dưa leo ăn kèm. À bác có bán nước sâm, mía lau tự nấu chỉ 5k/1 ly mà ngon lắm đó. 

Xe phá lấu của bác nằm ngay ngã tư Bà Huyện Thanh Quan và Tú Xương nha, ai muốn ăn thì ghé ủng hộ bác nhé, đảm bảo ko thất vọng.Xem thêm",222
2460,Nguyen Quynh chi,17/9/2024 13:15,5.0,"Cafe ở đây rất ngon và hấp dẫn, cảnh đẹp lại có cơ hội chụp ảnh.nhất định lần sau sẽ ghéXem thêm",223
2461,Vân Nguyễn,14/3/2020 8:58,6.6,View đẹp nhưng mà giá mắc hơn bthXem thêm,223
2462,Phú Bùi,8/8/2019 16:21,10,"Thức ăn ngon, view biển rất đẹp. Thích hợp cho tổ chức tiệc cưới, liên hoan , sinh nhật. Giá phòng hợp lý .Xem thêm",223
2463,bryant le,1/5/2019 11:49,1.0,"Mọi người vô ăn uống ngủ nghỉ nhớ nhìn menu nước trước khi gọi đồ. 
Một trái dừa 173,000. 
Một ly sinh tố bơ 196,000. 
Một cafe sữa đá gần 100,000. 
Tổng cộng bill nước cho 2 người là gần 500k
Hi vọng quán tiếp tục kinh doanh kiểu này.... cho đến khi không ai tới nữaXem thêm",223
2464,Pham Thao,11/3/2019 14:22,1.8,"Khách đi đông ngồi 2 bàn thì lại đòi khách TRẢ BÀN để khách khác ngồi trong khi quán vắng trống nhiều bàn, không ghé lại lần 2!!! Giá thì cao mà không đáp ứng được chất lượng.Xem thêm",223
2465,Alice Nguyễn,21/12/2018 1:24,1.6,"Chỗ này nổi tiếng vì có cái chỗ chụp hình sống ảo đẹp - view hồ bơi biển đó. Nhưng hôm chủ nhật 16/12 mình xuống thì cấm luôn không cho xuống khu hồ bơi chụp hình vì là khu vực dành riêng cho khách lưu trú
Thà là cái hồ bơi sạch đẹp cho người ta bơi thì dành riêng đã đành, đằng này cái hồ bơi dơ ơi dơ ai đâu thèm xuống
Ngoài chụp hình ra thì chẳng làm được gì khác
Thái độ phục vụ và chất lượng đồ ăn thức uống thì thôi không bàn tới vì chỉ có nhạt và dở 
Hôm mình đi hầu như tất cả khách đến cf đều bức xúc
Mình hay đi đây nhưng cũng xin tạm biệt luôn. Lần cuối rồiXem thêm",223
2466,Ngọc Chi,20/11/2018 18:26,7.2,"Muốn chụp hình cho nên tìm tới chỗ này. Và đúng là ngoài cảnh đẹp ra thì không có chỗ nào để khen. Từ bảo vệ tới phục vụ lạnh nhạt đều. Nước thì bình thường thôi, cái này mình cũng đoán đươc. Giá rẻ nhất là 45k. Vô kêu đại 1 ly để ngồi hóng gió chứ không thưởng thức nổi. 
Ở đây phong cách cổ kính, mặc áo dài đầm váy vô thì ăn ảnh. Gió mát rượi, ngắm biển được luôn. Hơi buồn là chỉ được đi vòng vòng phía trên khu cafe thôi không được bước xuống hồ bơi chụp hìnhXem thêm",223
2467,Tuấn Anh Lê,4/11/2018 10:46,3.2,"Nước thì bình thường, phục vụ quá chán. Order nước thì ra nhanh. Order đồ ăn ngồi 30p chưa thấy gì, nhân viên hỏi 4 5 lần order món gì. Chẳng hiểu nhà hàng resort đang làm gì nữa. Mình đi nhóm khoảng 12 người mà nhà hàng cũng đang vắng. Sure ko lại lần dauXem thêm",223
2468,hanie99,16/7/2018 16:27,2.4,"Nghe nói view đẹp nên mình vào uống cafe, hôm mình đi thì mưa vừa tạnh, khi vào tới quán thì thấy nhân viên khá tệ ko ai tiếp đón, và đặc biệt là đồ uống, mình kêu trà lài, sau đó mang ra là 1 ly trà đá ko hơn ko kém với giá 35k :)) view nhìn ra biển thì nước dơ+đục. Thật sự thất vọngXem thêm",223
2469,Hang Luu,23/4/2018 22:58,7.2,"Quán cafe bên trong resort cực kì yên tĩnh
Không gian đầy cây cỏ, hoa lá vô cùng thơ mộng
View biển siêu lang  mạn, có hẳn hồ bơi tràn bờ nữa nè
Giá cafe cao nhưng vẫn chấp nhận đượcXem thêm",223
2470,Hoang Ngao Dao,20/5/2021 17:48,8.8,Đồ ăn ngon giá cả rẻ so với nhiều chỗ tuy nhiên có món gà phô mai gà hơi bở sốt hơi nhạt ăn không ngon lắm ( góp ý) tạo cảm giác ngấyXem thêm,224
2471,Anh Phuong,23/12/2020 15:50,8.4,"Quán mới nên phục vụ còn lọng cọng, khách hỏi nhiều lúc cứ ngơ ngác. Mình xin thêm sốt gochuchang ko biết là cái gì. Mua về thì chờ lâu và thiếu đồ. Bù lại món ăn ngon và đúng vị Hàn, đồ ăn tươi. Hy vọng quán cải thiện thêm cho tốt hơn. Thank you👍👍Xem thêm",224
2472,Mỹ Anh Nguyễn Thị,16/5/2020 16:14,6.2,"Thường thì những quán đồ Hàn khác sẽ cho mình thêm kimchi ăn kèm. Nhưnh chỗ này thì ko có cho. Mình ord 2 phần: kimbap truyền thống 29k với Tokkboki truyền thống 29k. Chất lượng ko được như mình mong đợi. Kimbap thì có thanh cua, dưa leo, cà rốt, trứng, xúc xích. Ko hiểu sao dưa leo cà rốt lại độn nhiều vậy??? kimbap cắt khoanh hơi to, mình cảm giác độn cho hơi nhiều cơm thì phải. Còn phần tokk thì chỉ có mỗi Tok và rau, cà rốt, kimchi. Đúng nhiêu đó. Ko có chả cá hay trứng cút gì cả nhé, bánh gạo cho cũng ko được mềm cho lắm, ăn ngán do ko có chả cá hay gì ăn kèm cảXem thêm",224
2473,Nguyen Hoang,24/3/2020 20:07,10,Đồ ăn ngon giá cả okkkXem thêm,224
2474,Bùi Như Yến Nhi,24/3/2020 20:07,10,Đồ ăn siu ngonnnnXem thêm,224
2475,Nhi Bùi,22/3/2020 19:58,9.8,Aww trà sữa cực ngon nhân viên nhiệt tình đáng iuu.  Ngồi ún trà sữa mà đồ ăn hàn thơm hổng chịu nổi lun á. Tiếc là lỡ ăn tối trước mất rùi. Hứa hẹn sẽ ghé lại ăn 1 ngày hông xa 🥰🥰🥰Xem thêm,224
2476,Ngọc Bảo,22/3/2020 18:01,9.2,"Đã đến ăn thử quán. View đẹp, dễ thương, đồ ăn ngon 🤤👍👍Xem thêm",224
2477,Mai  Thy,22/3/2020 11:11,9.8,"Món ăn hấp dẫn mà lại đẹp nữa, chụp sống ảo là số dzáchhh 😋 giá cả rất rẻ nha. Mọi người nên thử, mình rất là hài lòng. Nếu đến trực tiếp quán, view còn dễ thương nhìu nữa, hoàng hôn gần biển là đẹp mê ly lun 👍🏻👍🏻👍🏻Xem thêm",224
2478,Hạo  Du,22/3/2020 11:03,10,"Quán đầu tư trang trí đẹp, mình đi cùng bạn đến đây thấy rất ấn tượng, đồ ăn lại rẻ với học sinh như mình. Mọi thứ rất là oke 💪🏻Xem thêm",224
2479,Min Min,22/3/2020 10:46,9.8,"Mình có đặt món qua Now, giá khá rẻ, khi mình nhận thì đồ ăn vẫn còn nóng và rất ngon. Mình rất thích, nhất định sẽ ủng hộ quán dài dài 👍🏻Xem thêm",224
2480,Bond Le,21/7/2018 14:47,7.8,"Lần nào đi Vũng Tàu thì mình đều ghé nơi này, quán nay đổi thành Bánh khọt cô 9 và vẫn chủ cũ
Nay mình đi sớm tí nên kêu được bánh khọt mực sữa. Bánh giòn và xốp , mực sữa tưoi nguyên con rất ngọt. Nước chấm đậm đà và rau tươi ngon, xin thêm không tốn tiền và vui vẻ phục vụ
Bánh khọt 50k , nước cam ép 10k , nói chung mình rất hài lòng 
Tất nhiên là mình sẽ tiếp tục ghé vào những lần sauXem thêm",225
2481,Kỳ Duyên,15/7/2018 10:25,2.2,"Chưa bao giờ đánh giá tiệm nào trên foody. Bthg đi ăn quán bánh khọt miền đông mà đọc review thấy qán đc review tốt nên ghé qa thử. Còn ko đông bằng bánh khọt miền đông mà phục vụ tệ thật sự. Ko biết ngon dở thế nào, giá chênh hơn nhiều so với quán khác rồi. Quán chừng chục khách thôi mà để khách đợi hơn 1 tiếng. Ko biết là làm cái gì, nước uống chén dĩa cũng ko mang lên. Nhóm khách dô sau mình mà đợi ko nỗi còn bỏ về. Mình cũng ráng đợi rồi mà 2 khách bàn sau, 2 khách bàn trước dô trước mình thì lại mang bánh ra trước. Đi ăn trả tiền mà như đi ăn xin ngồi chực chờ đợi. Thề ko bao giờ qay lại qán này. Qa bánh khọt miền đông tuy cũng đợi nhưng người ta biết cách sắp xếp đồ ăn cho từng bàn. :)Xem thêm",225
2482,caocaocute,9/4/2018 12:04,7.4,"Mình ghé quán ăn vào buổi sáng. Lúc đó không đông khách lắm nên chờ 5p là có liền, hôm đó có mỗi bánh tôm. Bánh ở đây không to, ăn rất vừa miệng và đổ bánh rất gọn gàng, bột không bị lan ra như mấy chỗ khác (thích hợp cho mấy bạn không thích ăn bột dư như minh). Mình đi 2 người gọi 2 phần tôm. Rau sạch, tươi, ăn rất no nê nha. Nước làm cũng nhanh nữa. 2 phần tôm mỗi phần 45k. Nói chung rất ngon, hợp lí.Xem thêm",225
2483,Thuỳ Trangg,25/3/2018 22:26,8.0,"Hôm nay đi ăn với bạn mình ăn khá trễ nhưng thấy quán vẫn đông. Quán mặt tiền nên dễ tìm. Phục vụ cũng khá nhanh.
Mình ăn 3 phần. Tổng tiền là 135k, tính ra một phần 45k. 
 Bánh vừa làm ra ăn liền nên giòn và ngon. Vị nước chấm ở đây đậm đà hơn ở mấy chỗ mình ăn trên thành phố một xíu. Rau cũng tươi. Ăn hết thì có thể gọi xin thêm không tốn tiền. Bên cạnh còn có quán nước mía kết hợp, vừa ăn bánh khọt vừa uống nước mía thiệt là đã.Xem thêm",225
2484,Myo Nguyen,24/11/2016 13:42,7.0,"Bánh nhìn chung là ngon, 40k/phần 8 cái. 2 người ăn 1 phần thì hơi ít mà 1 người 1 phần khì khá no. Có nước cam ép khá ngon. Bánh khọt nóng hổi, đế bánh giòn tan, phần bánh phía trên thì mềm, mịn và thơm. Tôm to, chắc thit, giòn ngọt và rất tươi. Nước mắm ngọt không ớt, có thể cho thêm ớt tùy khẩu vị từng người. Đồ chua giòn ngọt, ngon và nhiều, tha hồ ăn. Rau sống ăn kèm vừa đủ, sạch và xanh.
Ý kiến cá nhân: bánh tạm được vì mình ko thích nhiều dầu mỡ.Xem thêm",225
2485,Khang Lùn,10/10/2016 23:13,8.8,"Lần đầu mình ăn bánh khọt ở vt nên ko biết mặt bằng chung thế nào. Riêng qán này thì ăn cũng ok. 1 dĩa 8 cái 40k, qán chỉ bán bánh khọt tôm thì phải.Xem thêm",225
2486,Vicky Le,15/9/2016 10:28,8.6,"Bánh khọt ở đây rất ngon. Có thể nói là ngon nhất trong các quán mình đã từng ăn. Bánh giòn tan, thơm lừng, bột bánh giòn nhưng rất xốp chứ ko cứng như mấy chỗ khác. Do bánh được chiên đúng kiểu truyền thống nên bánh giòn hơi chậm nhưng bù lại rất ít dầu mỡ, ăn ko bị ngán như quán bánh khọt nổi tiếng phải xếp hàng mà bánh được chiên ngập trong chảo dầu như chiên bánh tiêu, nhìn chảo dầu thôi đã thấy ngán rồi, mà dầu còn được dùng chiên đi chiên lại nhiều lần nữa. 
Bánh giòn chấm nước mắm pha rất vừa ăn, đu đủ chua chua ngọt ngọt kèm với rau sống thì phải nói là tuyệt. Nước mắm, đu đủ, rau sống ăn thoải mái, xin thêm phục vụ rất vui vẻ bưng ra. Quán khá đông vào cuối tuần. Nhưng chờ lâu mà được thưởng thức món bánh khọt ngon như vậy mình thấy cũng xứng đáng.Xem thêm",225
2487,Hoàng Minh,9/8/2016 16:18,8.4,"Quán chỉ bán buổi sáng, mình đi sớm nên khá vắng. Quán không lớn lắm nhưng bàn ghế thoải mái, khá thoáng mát. Con đường nhỏ vắng vẻ nên rất dễ chịu. Bánh khọt 40k/phần 8 cái, mình không có hỏi có mấy loại nên cuối cùng chỉ mua bánh khọt tôm. Tôm tươi, ngọt, 1 cái bánh là 1 con tôm chắc thịt vừa ăn. Rìa bánh giòn, mình mua mang về khách sạn để hơn 1 tiếng vẫn còn giòn, bột thơm, trên mặt có tôm chấy và hành lá rất hấp dẫn. Rau cải, đu đủ bào đều cho rất nhiều, ăn không hết luôn. Cô chú chủ quán đều rất vui vẻ. Các bạn ở bãi trước gần công viên quẹo vào đường Trương Công Định, đi tầm 800m quẹo phải sang đường Trần Đồng, quán nằm bên tay phải luôn. Sau này có dịp ra VT sẽ ghé lại.Xem thêm",225
2488,Hoàng Năng Trung,17/4/2016 10:33,7.8,Cá nhân là người Vũng Tàu. Công nhận chỗ này ngon hơn nhiều chỗ khác. Ngon nhất hay chưa thì chưa biết. Nhưng mà so vs gốc cột điện thì khuyến khích ăn ở đây hơn. Đi vào ban sáng là ăn thoai mái nhấtXem thêm,225
2489,Ngoc Chau,1/12/2015 6:22,6.8,"Bánh khọt giòn, thơm, mực sữa và tôm tươi ngon. Rau và đồ chua ok. Phục vụ thì thấy bình thường, không thích lắm. Bánh nhỏ nên ai sức ăn khỏe ăn 1 dĩa cũng không no. Giá 40k 1 dĩa 8 cái, tính ra không rẻ.Xem thêm",225
2490,Gigi mm,2/3/2021 11:22,1.8,"Đi 4 người, mang ra 4 tô tính tiền giống nhau. Mà 2 tô có huyết, 2 tô không có?!
Bàn 4 người mang ra đúng 1 dĩa ra chút xíu, phải xin thêm. Thái độ phục vụ của nhân viên thì khỏi nói, vẫn tệ như ngày nào...Xem thêm",226
2491,Gigi mm,27/6/2020 23:04,1.6,"Hôm nay, mình có đi ăn với gia đình. Rõ ràng là gia đình mình đến trước và ngồi vào bàn trước, nhưng chị phục vụ lại đến hỏi ở bàn đến sau, mình cũng ko chấp nhưng có lẽ chị phục vụ ngó lơ bàn của gia đình mình. Mong chủ quán làm việc lại với nhân viên.Xem thêm",226
2492,jabanan,23/9/2018 10:30,3.2,"Lên foody tìm thấy quán này, ghé ăn thử. Thật sự là đồ ăn quá tệ so với quảng cáo. Giò heo thì lông còn dài hơn tóc mình. Nước lèo không có sự đậm đà hương vị của bún bò huế, lỏng bỏng nhạt toẹt mặc dù đã thêm nước mắm. Bàn ghế thì không lau dọn, mặc dù giờ mình đi ăn là 10h sáng và quán không có khách. Ko dám ghé lần nửaXem thêm",226
2493,Thyle Le,6/9/2018 6:43,7.0,"Quán sạch sẽ, vệ sinh. Nước lèo nêm kiểu vị huế hơi mặn. K có hơi ngọt giống trong nam bán. Thịt tươi ngonXem thêm",226
2494,Thiên Phú,3/7/2018 21:47,4.4,Quá dở. chưa bao giờ ăn bún bò chỗ nào mà dở như chỗ này... bỏ hết nửa tô. ko bao giờ quay lại lần 2Xem thêm,226
2495,hiền đỗ,26/5/2018 19:32,7.0,"Lần đầu đi ăn ấn tượng quán tốt. Vệ sinh, nhìn sạch sẽ, phục vụ nhanh (có thể lúc đó mình đói ăn thấy ngon)
Nhưng từ các lần sau chịu khó ra, thấy k ưng nữa. Nước dùng bưng ra có cảm giác nguội nguội, không đậm đà lắm, k biết có phải chả tôm không, miếng chả vàng vàng, nhưng ngọt quá, ăn một miếng mà k ăn miếng thứ 2 được. Sau khoảng ba lần ăn thì mình sẽ k đến thêm nữa.
có lần đi ăn có tô em bé mà tính tiền tô người lớnXem thêm",226
2496,DThoang,7/1/2018 16:12,8.6,"Kêu tô lớn nhìn cục giò là thấy mê rồi. Ngoài bún bò quán còn có bánh bột lọc rất ngon. Bột dai, nhân tômXem thêm",226
2497,Trâm Lê,8/7/2017 12:49,8.2,"Hôm nay mình được chị dắt đi ăn quán này và cũng là lần đầu tiên mình tới quán luôn
_ Điểm đặc biệt ở quán khiến mình ấn tượng nhất đó là mang lại cảm giác sạch sẽ cho người ăn. Đũa và muỗng được ngâm trong nước nóng để khử trùng nói thật là ít quán chú trọng điểm này lắm
_ Nhân viên thân thiện ko có kiểu gào thét hay chạy 1 cách xô bồ dù quán đông
_ Không gian ko rộng lớn tuy nhiên bạn sẽ ko phải ngồi ngay gần chỗ chế biến hoặc chỗ rửa chén cảm giác rất khó chịu
_ Bún khá ổn so vs khẩu vị của mình. Bò nhạt huyết lại rất mặn đặc biệt ở đây có chả cua rất ngon nước lèo tạm ko ấn tượng 
_ Giá 30k/tô thương còn 40k thì có thêm giò. Giá này là quá ok cho mặt bằng TCĐXem thêm",226
2498,Mai Luong,19/4/2017 19:38,8.2,"Bún khá ngon, đặc biệt là chả cua. Quán thoáng mát, sạch sẽ, phục vụ nhanh, nhân viên dễ chịu. Sẽ quay lại :))Xem thêm",226
2499,Viet Nguyen,27/1/2017 11:05,7.2,"Nghe nói quán này nổi tiếng ở Vũng Tàu lắm nên kiu thằng bạn dắt đi ăn thử xem có như lời đồn ko )) 
Quán rộng rãi nhìn sạch sẽ lắm nha. Mình gọi tô lớn ăn cho đã nè. Hình như 40k thì phải. Nước lèo đậm đà. chỉ cần bỏ xíu mắm và ớt sate là chuẩn luôn. Rau sống nhìn tươi ngon.
Chả và thịt khá nhiều nè.
chắc chắn sẽ ghé đây ăn lại nếu có dịp đến Vũng Tàu chơi nữaXem thêm",226
2500,Tina 88,26/7/2020 14:48,6.8,"Cháo đầu đủ rất nhiều thịt nha, 1 phần ăn no nóc. Cháo cực kì nóng ăn vào toát mồ hôi hột nên quán có tên Cháo Cảm là đúng rùi. Thấy dân địa phương ăn ở đây đông hơn là khách du lịchXem thêm",227
2501,che144,30/9/2018 19:05,5.0,"Cháo bình thường ko có j đặt biệt, giá hơi đắtXem thêm",227
2502,hồng ngọc nguyễn,25/4/2018 15:21,8.0,"quán cháo này mình đã ăn trước đây mấy năm rồi, là quán lâu năm, mở từ năm 1968, đã qua 3 đời bán, theo khẩu vị thì mình thấy nguyên liệu ở đây tươi, ăn giòn giòn, khi nào người ta gọi mới cho vào nấu, cháo hơi lỏng quá, tô cháo thập cẩm có dạ dày, gan, cật thịt xíu mại, cục thịt xíu mại hơi nhỏ, nhưng tất cả đều rất tưii, khi nào bị cảm ăn món này là thấy thoải mái nhấtXem thêm",227
2503,Leo Ng,7/7/2017 11:58,6.0,"Cháo ngon, nguyên liệu tươi. Có thịt viên, cật, tim, gan và bao tử. Vị cháo ngon. Người bán thì không dễ thương lắm. Mua về quên bỏ tiêu. Bệnh ăn vô thấy đỡ hẳn.Xem thêm",227
2504,Mều Na,2/7/2017 7:48,7.2,"Lâu rồi không ghé ăn cháo vẫn tròn vị như ngày nào luôn
Thái độ phục vụ thì có vẻ càng ngày càng đi lên nên cũng khá hài lòng
Mà mình lúc khoẻ chẳng bao giờ ghé đây đâu, chỉ có lúc sụt sịt, mệt mỏi, người khó chịu muốn cảm thì mới ghé làm bát đầy gừng với tiêu cho đỡ mệt thôi
Bọn mình đi 5 đứa mà mỗi đứa kêu 1 loại hơi bị nhức đầu, được cái thái độ phục vụ như đã nhắc ở trên nên khá thoải mái keke!! 
Ai ghé VT mà người khó chịu muốn bệnh thì nên ghé thử 1 lần cho biết nha, quán này lâu năm lắm rồi nên tay nghề bán cháo cũng ổn lắm á :))Xem thêm",227
2505,Ji Ji,31/5/2017 12:57,7.4,"Đi loanh quanh tình cờ thấy cái tên hay hay nên sẵn ghé vào ăn chiều cho nhẹ bụng.  Cháo cảm thơm ngon, hương vị nhẹ nhàng lắm. Không chanh không giá, nếu bạn tính hỏi xin 😊 30-40k VND/ tô thập cẩm (gan, cật, tim, thịt viên như xíu mại), và có trứng (tô trong hình kế bên nha). Không trứng thì giá thấp hơn xíu nha. 
Cá nhân mình cảm thấy chất lượng rất đáng giá tiền vì cảm nhận nguyên liệu đều tươi và vị cháo rất dễ ăn.
Cháo nóng sốt, khách gọi thì quán mới bắt đầu dùng một nồi nhỏ hơn để nấu nguyên liệu và cháo cho vừa một tô. Chị ấy nấu rất nhanh nên dù đông khách cũng không lo phải chờ đợi lâu nha. Nếu bạn không ngại một quán bình dân trên lề đường và thích món ấm nóng thì hãy thử nếu có dịp nha. A must-try dish if you visit Vungtau but have no fancy for seafood ;) 🏠: on the pavement, at the corner of Ba Cu and Ly Thuong Kiet St. Vung Tau City

Sau này nếu đi VT là mình sẽ lại ghé vào một chiều nhiều mây như ngày hôm đó... Hi vọng lần sau đi lại tình cờ gặp những quán hợp với mình mà mình chưa biết trước qua foody. Mình thích những sự tình cờ.Xem thêm",227
2506,Minh Nguyễn Duy,23/3/2017 19:14,5.6,Cháo cũng được nhưng hơi đắt với giá 35k/bát. Gần đó thì cũng nhiều quán bán cháo cùng giá mà nhiều hơn như ở Đồ Chiểu.Xem thêm,227
2507,eatwtea 💋,18/6/2016 23:45,8.4,"Trời bắt đầu vào mùa mưa mưa nắng thất thường nên dễ bệnh ngay. Bản thân mình ko thích cháo nhưng lần nào bệnh cũng chỉ ăn được cháo ở mỗi chỗ này. Ai đang cảm ăn giải cảm rất tốt nha. Mình hay ăn tô nhỏ, thịt bằm và tim chỉ 30k, giò cháo quẩy tính riêng. Trà đá và khăn cũng tính riêng nốt. 

Lần nào ăn cháo ở đây cũng ko quên kêu thêm vài cái gỏi cuốn kế bên. Giá 5k 1 cuốn hơi chát nhưng cuốn to, thịt và tôm cũng nhiều, đặc biệt là tương khá ngon.Xem thêm",227
2508,William Võ,21/5/2016 22:53,7.8,"Bửa giờ trời nóng quá nên phát sốt luôn, hôm nay cảm thấy bệnh trong người nên ra quán cháo cảm làm 1 tô cho lấy lại sức hi, quán nằm ngay góc đường Ba Cu với Lý Thường Kiệt nên luôn tấp nập người vô quán. Đặt biệt quán bán cháo dành cho người bệnh ăn một tô vào là cảm thấy khỏe người hơn vì cháo bỏ đồ lòng dành cho người bị suy nhược, nếu ăn nhanh quá có thể bị phỏng miệng, nhưng được cái cháo náuăn rất ngon, chị chủ quán thì nhiệt tình nhanh nhẹn nên cũng không cho khách đợi lâu. Bình quân 1 tô cháo giá 27k nếu gọi thêm phần đặt biệt giá nhít hơn vài ngàn.Xem thêm",227
2509,Hoàng Yến,22/11/2015 22:29,7.6,"Cháo ngon cực kì. Bệnh mà ra làm 1 tô là quá đã luôn. Hình như ở vt chỉ có mình chỗ này là bán cháo cảm thì phải, bán từ rất lâu rồi luôn íXem thêm",227
2510,Axin,12/2/2017 14:42,8.6,"Được bạn giới thiệu dưới VT có quán này ngon nên hôm tết ghé. Quán có khá nhiều loại matcha, houjicha. Hơi nhỏ nhưng decor dễ thương, có góc ngồi ở cửa sổ yêu lắm 
Mình gọi soda chanh dây, ngon, thơm lắm. Rất đáng để thử nhé :)Xem thêm",228
2511,Tiến Minh Lương,9/12/2016 10:53,9.2,"""Bữa cuối tuần mình với bạn đi hello weekend trên Sài Gòn thì thấy matcha plus có event nên ham hố vào uống thử luôn. Mình uống matcha latte, còn bạn mình uống houjicha latte nhé. Hơi bất ngờ vì vị 2 món ngon hơn mình tưởng nhiều, đúng mùi đúng vị matcha và houjicha của nhật luôn đó, có vị chát nhẹ uống chất lắm, ít đá nữa. Có điều hơi cho nhiều đường xíu, nếu bớt ngọt lại chắc sẽ ngon hơn rất nhiều hén. Nhân viên cũng nhiệt tình thân thiện nữa. Vì thích nên chắc sẽ quay lại để uống nữa.""
NPlus đã trở lại thành phố biển tại 🎏 255 Lê Hồng Phong P8 TP.Vũng Tàu. ( Đối diện đài liệt sỹ/ Kế khách sạn Kiều Anh) đó, thấy không gian mới nhỏ nhưng mà ấm cúng  <3Xem thêm",228
2512,Như Quỳnh Dương,19/11/2016 19:35,8.4,"Sau bao ngày mong chờ, một thời gian vắng bóng , hôm nay mới lại được uống matcha ""chất"" mà giá cả luôn luôn hạt dẻ, không gian mới bên trong cực kỳ ấm cúng mới với bàn ngồi bệt, ngồi bên ngoài thì bao mát mẻ luôn. Thích không gian mới ghê luôn :)

Sẽ ủng hộ dài dài @@.Xem thêm",228
2513,Nguyệt Ánh,1/1/2016 13:49,2.8,"Uống mattcha ở đây chán kinh dị , toàn mùi đậu xanh , mình k nuốt nổi -.- ăn hết phần kem rồi để đó :))) quá thất vọng , phòng ngồi chán như nhà kho , sáp nến rớt lung tug , nói chung là chán nhue cái phòng trọ rồi ho bàn ghế ngồi ở đó -.-Xem thêm",228
2514,aniti nguyen,21/11/2015 9:52,8.4,"Tối qua mới ghé uống thử Matcha ở quán. Thấy nhiều bạn bè uống rồi về khen matcha ở quán pha ngon mà còn là trà matcha Nhật thật. Tò mò ghé uống thử thì thấy đúng là matcha NPlus ngon thật, đậm chất trà Nhật. Uống cùng kem mền mịn và thạch dai dai. Nói chung chất lượng ok mà giá lại phải chăng so với các quán ở VT. Khá là hài lòng. Chắc chằn sẽ ủng hộ dài dài :)Xem thêm",228
2515,dian,19/11/2015 9:49,7.8,"Nhớ lại hồi đầu khi Nplus chưa có Houjicha, mình suốt ngày cứ đè matcha ra uống miết.Vẫn cứ tưởng một người nghiện matcha như mình chắc k bao giờ uống thêm đc loại trà nào khác,nhưng bất ngờ gì đâu Houjicha lại làm mình thay đổi suy nghĩ cùng với hương vị béo béo bùi bùi lại thơm khét nhẹ của trà xanh rang và cũng k quá đắng đậm như Matcha.Vị trà kết hợp với bánh mochi vừa dẻo,vừa ngon khiến mình k thể rời Nplus đc luôn á.V là từ nay mình lại có thêm lựa chọn mới khi uống ở Nplus r :''>Xem thêm",228
2516,Ngân Hà,12/8/2015 18:19,7.6,"Đồ uống ngon, giá cả rẻ so với những quán ở VT
Điểm trừ: quá nóng, hi vọng quán sớm khắc phụcXem thêm",228
2517,Katy Huynh,9/7/2015 12:45,9.0,"Mình đã từng uống matcha đá xay khá nhiều nơi ở SG và cả VT và vì yêu thích món này nên có tìm hiểu về matcha Nhật Bản và bột trà xanh Đài Loan. Matcha đá xay ở quán này không có mùi thơm nồng như bột trà xanh Đài Loan nhưng đậm vị chát chát của  trà Nhật Bản. Kem phủ tơi béo khá là ngon kết hợp với Matcha rất là vừa miệng. Nếu bạn nào yêu thích Matcha như mình thì nên uống thử và uống đúng Matcha Nhật Bản vì sức khỏe lâu dài nhé :)
Tuy nhiên không gian khá bé, nhưng gần gủi và mang 1 style riêng mà ít quán ở VT có được. 
Bất ngờ, vì chất lượng khá ổn mà giá rẻ đến bất ngờ. Mình uống Matcha ở những quán khác phải từ 40k trở lên có chỗ ở SG đến 65k/ly mà tính tiền 1 ly Matcha ở đây có 24k (surprise!!!) 
Khi nào thèm Matcha sẽ chỉ uống ở đây thui! :)Xem thêm",228
2518,Tiến Trần Mạnh,5/5/2015 16:08,9.8,Mình và bạn bè ghé đây nhiều lần rồi. Rất ghiền món Matcha trà xanh. Buổi tối rủ bạn bè ra đây ngồi uống và tám là hợp lý.  Thoáng mát lại trung tâm TP Vũng Tàu.Xem thêm,228
2519,callmekhanh,6/6/2020 14:35,9.2,"Bánh cuốn rất ngon, thực đơn đa dạng, mình ăn món bánh cuốn đặc biệt giá 40k rất đáng tiền, vừa có bánh cuốn trứng, rong biển và bánh cuốn thanh long, mọi người nên thử. Đặc biệt anh chủ siêu đáng iu. Cho 10 sao luôn ạXem thêm",229
2520,thutrinh,21/3/2020 13:14,9.4,"Đĩa bánh nhiều màu sắc. Chất lượng phù hợp giá tiền. 
Bánh ngon lắm luôn. Cho quán 5 saoXem thêm",229
2521,Tia Mong Manh,20/2/2020 8:35,3.2,Order 1 hộp bánh đặc biệt phần lớn. Mà ship như phần nhỏ. Vài miếng bánh cuốn và 3 lát chả chiên bé tí. Ko có giò lụa. Ko có rau thơm. Hộp thì ít và vơi. Nước chấm ko ngonXem thêm,229
2522,Thu Hiền,30/4/2019 15:11,9.0,"Bình thường ko thích bánh cuốn, cũng chẳng yêu rong biển, nhưng ko ngờ món bánh cuốn cuộn rong biển lại ngon như vậy. Vote 5 sao!Xem thêm",229
2523,Giang Tùng,6/1/2019 10:32,9.2,"Hôm nay, thưởng thức được 1 món bánh quá tuyệt tại tiệm bánh Cô Lan.

Quán có 1 món mới tuy đơn giản nhưng mà mình nghĩ  ở Vũng Tàu chưa quán nào có. Thậm chí ở Việt Nam cũng chưa nghe.

Vị của nó ăn vào cực kì tinh tế, càng ăn càng ghiền không thể ngừng. 

BÁNH CUỐN RONG BIỂN!!

Vị mặn dịu dàng của rong biển tan trong chất bánh cực ghiền của bánh cuốn Cô Lan tạo ra 1 cảm xúc ko gì sánh được. Dù mình đã đi khắp các tiệm bánh cuốn nổi tiếng và đông khách nhất ở Vũng Tàu, thì đây vẫn  chắc chắn là loại bánh cuốn ngon nhất mà mình từng ăn. Cảm giác ăn xong mà vẫn còn nhung nhớ, no mà vẫn thèm nhỏ dãi. Chỉ có thể nói là cực phẩm!!!

Trước giờ mình đã từng ăn cơm cuộn Hàn Quốc, Sushi Nhật với cơm cuốn rong biển... nhưng mình chưa bao giờ thấy rong biển có gì đặc biệt. Hôm nay ăn với bánh cuốn tiệm Cô Lan thì thấy tuyệt kinh khủng. Chắc do chất bột của cô Lan đã nghiên cứu 25 năm trong nghề nên mới làm ra được chiếc bánh ngon như vậy. Thêm vào là bánh tráng cực khéo nên rất mỏng, tuy mỏng nhưng vẫn giữ được độ mềm, dai...ko bị khô cứng như những chỗ khác.
Quán này ông chủ trẻ nên rất hay nghiên cứu những món ăn mới lạ.
Để ko bỏ lỡ món hot vừa ra lò, Bạn có thể ghé vào fanpage của quán để xem và cập nhật thêm các món mới liên tục. Key tìm trên face: Bánh Cuốn Cô Lan, Vũng Tàu.Xem thêm",229
2524,Truong,31/12/2018 10:03,9.6,"Bánh cuốn mềm mịn,dai,  có nhiều loại, ngon nhất là bánh cuốn tôm.Xem thêm",229
2525,thuy hien dang,16/11/2018 10:33,9.2,"Hôm trước mình có ghé quán này. Bánh mềm, nước chấm ngon rất vừa miệng. Thấy quán có nhiều món lạ như bánh cuốn trứng, tôm. Mình gọi dĩa đặc biệt: Trứng, tôm thịt, giò chả đầy đủ. Ăn thật sự rất ngon.Xem thêm",229
2526,Roll  Nguyễn,12/11/2018 9:13,9.4,"Trở lại quán Cô Lan 1 lần nữa.
Ăn thử món mới với bánh cuốn Trứng lòng đào. Vị béo ngọt của trứng ăn kèm nước tương đem lại cảm giác cực ngon và thú vị, lạ lẫm.
- Không còn đơn thuần là bánh cuốn truyền thống. Hôm nay tại bánh cuốn Cô Lan, món ăn này đã đem lại 1 trải nghiệm hoàn toàn mới mẻ.
Với giá tiền 12k, đĩa bánh này hoàn toàn thuyết phục được tôi từ chất lượng tới hình thức. Trong đĩa bánh đã thể hiện được tâm tư của người tráng bánh trẻ tuổi : luôn muốn phát triển, làm mới những món ăn truyền thống để giúp người ăn có những trải nghiệm thú vị hơn.Xem thêm",229
2527,Roll  Nguyễn,28/10/2018 17:18,9.2,"Bánh ăn rất ngon.
Nhân chất lượng, tôm tươi, nguyên con ăn rất đã.
Nước chấm chua ngọt ăn kèm tắc rất khó quên.
Rau thơm tinh tế, sạch.
Dưa leo, giá, hành... đầy đủ.
Quán sạch sẽ.
Đặc biệt là anh chủ quán trẻ và rất vui tính. Nói được giọng TVB. ^.^.Xem thêm",229
2528,Adrien Nguyen,23/10/2018 7:36,8.6,"Quán bánh cuốn Nam Định, bột bánh ngon, dẻo vừa ăn. Nhân bánh nêm vừa miệng. Nước chấm ngon, có thêm quả hạnh cho ai thích vị chua sẽ thêm vào
Bánh cuốn đa dạng có nhiều sự lựa chọn: 
Bánh cuốn trẻ em: 12,000
Bánh cuốn người lớn: 20,000
Bánh cuốn trứng: 25,000
Bánh cuốn tôm: 35,000
Ông chủ quán và nhân viên thân thiện lắm nha.
Chắc chắn sẽ quay lại nhiều lần nữaXem thêm",229
2529,Nhi,11/5/2021 21:40,10,Tuyệt vờiXem thêm,230
2530,foodee_aiamdid0,6/4/2021 13:54,3.6,"Món ăn bình thường, ít, chủ quán chảnh ko thân thiện!Xem thêm",230
2531,Linh Miu,15/3/2021 11:21,9.6,"Mình gọi mì quảng gà chọi. Gà ngon mềm. Thích nước dùng, vị ngọt thanh.
Quán phục vụ món nhanh, chu đáo.
Không gian thoáng mát, sạch sẽ.Xem thêm",230
2532,foodee_93b32341,4/3/2021 9:18,10,Mì ngon đậm đà . Đúng hương vị mì quảng!Xem thêm,230
2533,Pham Ngoc Tu,27/2/2021 15:50,10,"Quán ăn ngon, khách nước ngoài cũng ghé ăn nhiềuXem thêm",230
2534,foodee_zrzr66mj,25/2/2021 9:06,10,Mì quảng và bún chả cá ngon tuyệtXem thêm,230
2535,Sinh tố Nắng,24/2/2021 12:16,10,"Ăn liền lúc 2 tô cho đã cái nư thèm mì Quảng
Chỗ này vị chuẩn hợp với mìnhXem thêm",230
2536,Harry Pham,24/2/2021 11:24,10,"Món ăn ở đây thật tuyệt
Mì quảng gà chọi
Mì quảng thập cẩm
Bún chả cá nha trangXem thêm",230
2537,Thành Công,24/2/2021 9:58,9.8,"Quán này rất ngon,sạch sẽ,giá cả hợp lý,nhân viên đẹp trai  phục vụ chuyên nghiệp...mọi người nên  đến trải nghiệm.Xem thêm",230
2538,Pham Ngoc Tu,24/2/2021 9:50,10,"We travel Danang and Quang nam already, so now we can enjoy Mi Quang in Vung tau at Son thuy Quan. It's so delicious, we will come back Son Thuy Quan for enjoy Mi Quang everydayXem thêm",230
2539,Quỳnh Phạm,27/3/2019 23:16,9.0,"Ngoài món hủ tiếu khô thần thánh thì ở đây có món bún bò, nước đậm đà, miếng thịt thì dày cui, thêm cái điểm cộng là được free trà đá nữaXem thêm",231
2540,Lotus,3/3/2019 9:17,8.0,Ngon lắm đấy!Xem thêm,231
2541,Yến,5/9/2018 16:18,9.8,"Lại ghé ăn sáng 1 lần nữa 👍🏻
Hủ tiếu khô ở đây thật sự xuất sắc, đến nỗi lần nào đi Vũng Tàu cũng chỉ ghé đây ăn sáng thôi
Bún trộn nước sốt siêu siêu ngon siêu vừa miệng ăn không biết ngán luôn 👍🏻 đồ ăn cũng nhiều, kèm 1 chén nước lèo và trà đá
Giá thì lại hạt dẻ
Các cô ở đây nhiệt tình, dễ chịu và vui vẻ lắm
Vị trí quán rất dễ tìm nhưng tiếc là nằm trong hẻm
Không hề có điểm trừ nào luôn 😂 lần sau vẫn sẽ tiếp tục đến đây 😂Xem thêm",231
2542,Yến,3/6/2018 13:01,9.4,"Mình đã đến đây 2 lần và lần nào cũng xuất sắc 👍
Mình đi cùng bạn, tính ra tụi mình đã thử hầu hết các món ăn sáng ở đây và đều ngon nhe. Với cái dạ dày của con trai thì bạn mình còn ăn đến tô thứ 2. Chứng tỏ là rất ngon 😂
👉 Hủ tiêu khô khá lạ với hủ tiếu mình từng ăn nhưng mà cực kì ngon cực kì vừa miệng luôn. Giá cả sinh viên thôi nhưng lại lấp no căng cái bụng đói 👍
Vẫn sẽ quay lại tiếp nhe 👍Xem thêm",231
2543,Quang Lê,28/6/2017 15:51,8.0,"Quán trong hẻm nhỏ, chuyên ăn sáng. Bún bò, bún mọc, hủ tiếu NV... 
Ngon, sạch sẽ, giá cả tuyệt vời, 25~30k/tô, ly trà đá miễn phí.Xem thêm",231
2544,Thị Thành Nguyễn,18/6/2017 22:34,7.2,"Quán nằm trong hẻm nhỏ nhưng nhìn lịch sự, sạch sẽ. Có nhiều lực chọn cho buổi sáng: bún bò, bún mọc, hủ tiếu,... Buổi sáng Chủ nhật đông khách nhưng phần lóbư là khách du lịch. Vị nên nếm ổn, chủ quán dễ thương. Có trà đá hoặc nóng miễn phí cho mọi người.Xem thêm",231
2545,Thanh Trúc,15/4/2017 16:30,7.8,"Lần đầu ăn tiên ghé quán mà ta nói khỏi chê luôn..!!! 
Đồ ăn rất ngon + chủ quán nhiệt tình lắm!! Giá cả ok nữa chứ 😍 ăn một tô là no chiều 😘Xem thêm",231
2546,Lehangpmc Lê,6/4/2017 10:14,8.6,"Hôm trước có thấy trên Foody, nay có dịp về VT ghé ăn thử.
Đúng là ngon, rẻ. Bún bò đậm đà mà chỉ có 25k. Lần sau sẽ quay lại.Xem thêm",231
2547,Thịnh Đức,25/2/2017 14:05,8.0,"Mỗi lần đi Vũng Tàu là ghé mặc dù trong hẻm.
Món ruột là bún mọc giò.
Mọc không quá dai, dễ ăn.
Hành phi, tỏi phi tự làm, được xin thêm.
Trung bình 25k/ngườiXem thêm",231
2548,Trang Nguyễn,24/2/2017 13:01,7.2,"Hôm về Vũng Tàu nghỉ ở nhà nghỉ Gia Hân thì gần quán này nên ghé ăn thử.
2 đứa gọi 1 bún mọc, 1 bún bò, trà đá miễn phí, hết 50k. Chỗ sạch sẽ, bán tại nhà, nhìn ớt là thấy hấp dẫn.
Sẽ quay lại!Xem thêm",231
2549,QL,30/1/2019 14:31,7.0,"🍒Bánh cuốn ở đây mình ăn cũng được lâu rồi
1 hộp 25k có 3 miếng chả. Bánh vừa đủ no. Nước mắm chấm pha khá vừa miệng
Rau rá cho cũng nhiều
🍒Mấy anh chị bán cũng nhanh tới là có liềnXem thêm",232
2550,Thao Trinh,30/10/2018 17:44,6.4,"Mình thì lại không thích bán cuốn ở đây, bánh khá dai vì nhiều bột năng quá, bánh cuốn thì mình thích bột gạo nhiều hơn cơ. Mình rất thích bán cuốn và muốn ăn thử ở Vũng Tàu như thế nào mà hụt hẫng quá 🤣🤣🤣
Được cái trông quán sạch sẽ, chả ăn kèm cũng ổn, nước mắm được chỉ có bánh là không ngon theo ý một tín đồ mê bánh cuốn như mình.Xem thêm",232
2551,Minh Như,11/7/2018 9:20,9.6,"Bánh cuốn bình dân giá cả ok nhưng lại ngon
Rất dễ kiếm, đối diện Vinmart trên đường đồ chiểu 
Có bán phở miến với bún nữaXem thêm",232
2552,eatwtea 💋,19/6/2016 0:58,8.2,"Tối đến ngán ăn các món nước thì lại đổi món ăn bánh cuốn. Vừa nhẹ bụng giá cả lại phải chăng. Quán này tuy đổi chủ nhưng chất lượng vẫn ok lắm. Mình và bạn  ăn yếu nên kêu dĩa nhỏ chỉ 20k, bánh vẫn khá nhiều, 2 miếng chả cũng lớn và dày. Dĩa lớn cũng chỉ 25k giá rất bình dân. Cô chủ niềm nở và vui vẻ, bánh ra bàn lúc nào cũng nóng hổi. Mình ghé ăn hơi trễ nên lượng khách cũng ko đông lắm, tuy nhiên khách mua về nhiều hơn. Quán có bán cả sáng và tối nha.Xem thêm",232
2553,Thịnh Thịnh,24/5/2016 23:38,5.0,"Quán nằm trên đường Đồ Chiểu gần bãi trước, chỉ bán buổi sáng nên mọi người hay ghé đây ăn và mua đi rất đông. Thường thì lại ăn mình phải đợi 1 lúc. Do quán chỉ có mình chị chủ bán nên xoay sở không kịp. Bánh vừa làm vừa bán nên nóng mềm ăn rất ngon. Đặt bjet chả mềm không có hàng the. Nước mắm pha không quá mặn nên rất phù hợp với mình. Thường thì đi làm mình hay ghé đây ăn . Giá bình quân mỗi dĩa là 20k phù hợp cho mọi người có bửa ăn sáng ngon miệng lại ngon mà không quá đắt tiền hj.Xem thêm",232
2554,Pa Nee,9/4/2016 19:18,7.8,"Lâu lắm rồi mới ăn bánh cuốn luôn. Vì món này cũng ko phải món tủ nên nhiều khi ko nhớ tới, chỉ khi nào muốn đổi món thì mới ăn thôi. Lâu lâu ăn lại giá vẫn ko đổi, bánh hơi ít nhân, bột nhiều, miếng chả cũng nhỏ hơn. Giá vẫn bình dân 25k nhưng ai ăn khỏe nên kêu thêm bánh. 

Được cái không gian thoáng đãng, có bàn ngoài trời ngồi mát mẻ. Mình ghé mua về quán làm khá nhanh mình ko phải đợi lâu. Nằm ngay khu ăn uống buổi tối nên khá nhộn nhịp và đông đúc. Ăn bánh cuốn xong có thể ghé quán sinh tố hoặc trà sữa gần đó uống nước cũng thú vị. ko thích ăn bánh cuốn có thể ăn cơm, phở, hủ tiếu, xung quanh khu này thì ko thiếu món ăn.Xem thêm",232
2555,Mr Cat,26/1/2016 1:13,7.4,Bất cứ giờ nào mà thèm bánh cuốn thì cứ chạy đến quán nhé đừng lo không mở vì quá khuya hoặc quá sớm. Bánh ở đây cũng chất lượng miếng chả to nữa chứ. À các bạn nhớ để ý biển hiệu (chủ cũ) mà quán lớn nhaXem thêm,232
2556,eatwtea 💋,27/12/2015 1:00,8.0,"Bữa đi đà lạt về tầm 3h đêm đói bụng quá vừa về là chạy ra khu đồ chiểu kêu ngay dĩa bánh cuốn. Buổi đêm lạnh làm dĩa bánh cuốn nóng thì còn gì bằng. Chỉ 25k mà chất lượng vượt trội. Ai ăn nhớ ghé quán cũ nhé, có quán mới kế bên nhưng ko ngon bằng, quán này  mình ăn lúc còn nhỏ xíu luôn.Xem thêm",232
2557,Na Ng,30/11/2015 18:17,7.8,Buổi tối thường ghé quán này mua bánh cuốn về ăn. 25k 1 hộp có chả lụa và chả giò. Bột bánh cuộn là bột lọc nhân thịt và nấm mèo khá ngon. Nước mắm cũng vừa ăn ko bị lạt và mặn. Ai thích ăn bánh cóng có thể kêu thêm.Xem thêm,232
2558,eatwtea 💋,14/10/2015 0:03,7.2,"Bánh cuốn lâu đời ở Vũng Tàu. Đã chuyển qua nhiều địa điểm trong khu Đồ Chiểu nhưng chất lượng vẫn không đổi. Cuốn to, thịt nhiều, chả cắt hơi mỏng. Có cả chả chiên và chả lụa. Phần bình thường 25k, đầy đủ 35k có thêm nem, bánh cóng. Ai ăn khoẻ nên kêu thêm bánh nhé. 

Mặt bằng rộng, ngồi thoải mái, mát mẻ. Ngay trong khu ăn uống đêm rất dễ tìm.Xem thêm",232
2559,Minh Hoang,21/4/2021 16:21,5.4,"***ngay lễ trong năm co bán ko ( giỗ tổ , 30/4-1/5, quoc khanh 2/9....) Và có tăng phí gi ko adXem thêm",233
2560,Kua Đốm,21/7/2020 14:49,7.6,"Với giá 169k/ người thì tạm ổn
Mình tới lúc trưa mà quán chưa có ai hết nên chứ chạy băng chuyền, nước lẩu thái hơi chua nên xin thêm chén đường nêm lại cho vừa ăn. Món Ăn có tép, nghêu, mực, thịt bò, cá, rau, mì , nấm, gà,... nhưng chạy trên line thì rau nhiều hơn thịt, lâu lÂu mới có 1 dĩa thịt xẹt ngang. Nước chấm hơi chua.
Không gian thoáng mát
Nước sâm và kem rất là ngon
Nhân viên hơi lạnh lùngXem thêm",233
2561,Tra Hanh,15/2/2019 21:48,1.0,"Phải nói thức ăn hải sản ở đây như là ướp đông từ mấy năm rồi đem ra ăn, ăn vô là nghe mùi tanh muốn ói, món bò thì thôi rồi không thể nào ăn được, không biết chủ quán làm mấy món này nhưng chắc chả bao giờ ăn thì phải, đồ ăn nướng thì ít, nước chấm lỏng la lỏng lẹt đã vậy nhìn còn dơ dơ, đồ ăn nhìn như mấy con cá chết, mực chết, nên xem xét lại thực phẩm, mở quán mà như vậy chắc nhiều người sẽ bị ngộ độc thực phẩm vì ăn phải bò ngâm thuốc hải sản ngâm thuốc để được tươiXem thêm",233
2562,Dũng Nguyễn,15/2/2019 20:17,1.0,"phải nói lần đầu tiên mình ăn cái quán vừa mới cắn miếng mực vô là muốn ói, còn thịt bò hình như họ ngâm thuốc gì cho tươi ăn rất ngáy muốn ói lên ói xuống, không có gì tươi hết, nhìn là muốn nôn mửa, tào tháo dí, nhân viên thì thể hiện thái độ nhanh lên không hướng dẫn từ từ không tận tâm gì hết, mình ăn phần combo lẩu và nướng 209k, nhưng nướng mới ăn con mực mình bỏ hết, sang phần lẩu thì ôi thôi không thể nói hết, đây là lần đầu cũng là lần cuối tới quán kinh tởm này, mong ai đừng đến vừa uổng tiền ăn không tâm trạng cũng không vui nữaXem thêm",233
2563,Anh Nguyen Ngoc,5/1/2018 7:54,6.6,"Mình đến lúc 4h chiều, quán vắng khách. 1 phần 149K. Đồ ăn khá đa dạng, phong phú. Chắc là lúc đó vắng khách. Thái độ nhân viên thờ ơ, không nhiệt tình. Bếp nấu mãi mới sôi, đến cùng vài ng thì họ ăn lâu rồi nước trong nồi của mình mới sôi. Thức ăn khá ổn, k quá tệ. Chắc là lần đầu và lần cuối mình tới quánXem thêm",233
2564,Vân Thế,4/1/2017 13:20,7.4,"Lẩu Fuki là lẩu cay nhất ở đây, cũng là lẩu mình thích ăn nhất (còn không thì ăn lẩu cua cũng được). Quán ồn ào, đông, nhiều khi hết bàn luôn vào giờ cao điểm. Không gian nhỏ, nóng (dù có máy lạnh và quạt chạy phà phà). Giá thành rẻ hơn so vs Kichi, chất lượng cũng kém hơn tý nhưng ăn được, no bụng, vừa miệng. Nhân viên vui vẻ, nhanh nhẹn.
###Hình như quán mở rộng kiêm luôn quán lẩu cá sấu kế bên thì phải 😌😌😝Xem thêm",233
2565,Na Ng,26/11/2015 14:14,7.0,"VT chỉ có 1 chỗ lẩu băng chuyền nên muốn ăn đều phải ghé đây. Vì đã ăn ở SG nhiều lần ở những thương hiệu có tên tuổi hơn nên khi ghé đây ăn thấy thật bình thường. Đồ ăn ít, món ko phong phú, có những thứ rất thường như cá viên chiên. Đường băng dài tốc độ đường băng chậm. Số lượng rau và mì thì quá nhiều chẳng thấy các món chính như thịt bò, heo, cá hồi.... đâu. Chán ăn 1 lần cũng chẳng muốn ghé tới. Được cái nước lẩu cũng vừa ăn, thái độ nhân viên cũng niềm nở chứ nếu ko chác mình sẽ suy nghĩ về việc quay lại đây.Xem thêm",233
2566,Mr Cat,13/11/2015 20:20,5.6,"Haizzz tốn tiền mà ăn chẳng no. Đồ ăn cho mỗi dĩa lèo tèo, bếp phục vụ chậm chạp. Đường băng chuyền dài mà đồ ăn thì ít toàn rau và mì là nhiều. 130k/1 người nghe thì rẻ nhưng vào ăn mới thấy chưa được nửa tiền. Chắc sẽ ko quay lại đây nữa.Xem thêm",233
2567,eatwtea 💋,20/10/2015 0:47,4.2,"Ăn đây được đúng 1 lần và chắc cũng không có lần thứ 2. Đã từng ăn dạng này trên sài gòn và hài lòng vô cùng. Quán phục vụ quá kém, đồ ăn ít và không chất lượng. Có nhiều thứ không tươi. 

Thích nhất ăn thịt bò mà đợi mòn mỏi bếp mới cho ra được vài dĩa mặc dù lúc đó chưa đến giờ đóng cửa. Khách vẫn ngồi chờ mà băng chuyền chỉ còn rau và mì là nhiều trong khi các thức ăn chính thì hết từ lâu. Nói chung là bếp không biết quan sát. 

1 người 130k nhưng ăn không thấy đáng 50k nữa nên 1 lần và mãi mãi. Nếu thèm sẽ lên tp ăn chứ ko ghé lại nữa.Xem thêm",233
2568,QL,10/7/2015 17:16,6.8,"Đợt đó về vt mình dẫn 2 đứa em ra đây ăn lẩu.

Quán này là 1 trong những quán lẩu băng chuyền đầu tiên ở vt.

Mình tới lúc 8h quán cũng ko đông khách lắm. 

Mình gọi lẩu fuki, e mình gọi lẩu thái và lẩu nấm. Ăn cũng tạm được nhưng nước lẩu càng về sau càng nhanh mặn.

Đồ ăn ít, ko tươi. thầm chí 1 số đồ ko có nắp đậy chạy lâu quá trên băng thành ra khô, mất màu luôn. Bò thì lâu lâu mới ra 1 lần. 1 lần ra dc tầm 10 dĩa, khách ăn hết chờ 15p chưa ra tiếp lại phải gọi nv order. Trong khi chị bếp chạy ra ngoài chơi.

Khách chưa ăn xong đã muốn dừng pv rồi.

Nói chung là chất lượng trung bình mà phục vụ kém quá.

Giá chỉ 140k/người ok so với mặt bằng chung, nhưng chất lượng thì ko đáng.Xem thêm",233
2569,Thị Linh,31/3/2018 0:17,5.8,"Mọi thứ đều ở mức trung bình, trừ giá tiền. Giá hơi cao so với lượng đồ ăn, đặc biệt là cơm chiên hải sản ;___; mình không biết số hải sản được cắt siêu nhỏ đó được 1 còn mực và một con tôm không...
Ăn xong cũng ko no, không đã gì hết
Tất nhiên sẽ không quay lại. Cảm thấy sai lầm nhẹ khi ghé quán.Xem thêm",234
2570,eatwtea 💋,26/5/2016 14:05,8.6,"Đi chơi đêm về muộn đói bụng muốn nhậu thì mình và đám bạn sẽ kéo nhau ra đây. Gọi 1 dĩa cơm chiên trứng tỏi, dĩa cơm ở đây rất nhiều và chất lượng, phải 3-4 người ăn mới hết. Chứ ko như nhiều chỗ xới ra cũng ko được 2 chén cơm đầy. 

Ở đây có món đậu hũ nướng giấy bạc ăn khá ngon, ăn khuya khá thích hợp. Món này cũng ít chỗ có. Gọi là đậu hũ nướng giấy bạc nhưng bên trong còn có thêm hải sản và rau củ, chỉ nướng phần giấy bạc bên ngoài, giữ nóng cực lâu và bên trong vẫn sệt nước rất ngon. So với các quán nhậu thì giá cả ở đây cũng rất ok, có giá niêm yết trong menu ko chặt chém.Xem thêm",234
2571,eatwtea 💋,27/3/2016 17:12,8.6,"Mỗi lần đến quán này nhậu hay ăn tối thì lúc nào trên bàn cũng có món đậu hũ nướng giấy bạc. Bưng ra khi còn nóng sôi xèo xèo, sau đó xẻ lớp giấy bạc ra rồi thưởng thức. Bên trong là hải sản tôm, mực, đậu hũ non và 1 ít rau củ. Có nước sốt nữa nên ăn chung với cơm chiên rất ngon. Ăn ko cũng vừa miệng. Nếu đi nhậu thì nen kêu món đậu hũ lướt ván chấm tương ớt, món này bình dân nhưng ngon, lại dễ ăn nữa. 

Ngoài ra các món ốc và lẩu ở đây chế biến cũng rất được. Nhân viên nam phục vụ nhanh nhẹn. Quán có không gian lề đường rộng, ngồi mát mẻ, đèn sáng trưng ko tối tăm nhé. Quán cũng bán khá khuya nên mỗi lần đi beer club về khuya mình và đám bạn cũng hay ghé ăn.Xem thêm",234
2572,Na Ng,2/3/2016 0:08,8.0,"Đi ăn ốc gái vào 1 ngày xuân, quán đông phải biết. Trời càng khuya khách lại càng đông. Không gian thoáng mát, vỉa hè rộng, đậu xe hay ngồi ăn uống nhậu nhẹt đều vô cùng thoải mái. 

Chất lượng đồ ăn ngày càng được cải thiện, ngon hơn rất nhiều. Menu cũng phong phú, ngoài các món ốc là chủ yếu quán còn chế biến các món nhậu làm đồ nhắm rất ngon. Các món xào me hay xào sa tế, bơ cay đậm đà, thơm nức mũi. 

Quán toàn nhân viên nam nên phục vụ nhanh, lại rất nhiệt tình nữa. Chế biến món ăn nhanh, dù khách đông vẫn ko phải đợi lâu. Có cả bàn trong nhà và ngoài trời. Phù hợp tổ chức tiệc sinh nhật, giao lưu...Xem thêm",234
2573,Mr Cat,24/1/2016 21:59,7.8,"Cuối tuần rủ thêm vài đứa bạn đến quán nhậu cũng ok. Không gian quán khá rộng rãi thoáng mát,ngồi trong nhà lẫn ngoài sân. Đồ ăn ở đây làm vị đậm đà ngon nhé. Nhân viên phục vụ nhiệt tình. Ngồi nhậu khuya có khi thanh niên FA được ngắm hot girl hehe 😍Xem thêm",234
2574,Na Ng,30/11/2015 18:05,8.2,"Ốc gái dạo này chất lượng hơn trước nhiều. Làm món nào ăn cũng vừa miệng. Đến nhậu nên kêu món đậu hũ giấy bạc nướng ăn cho ấm bụng. Món này rất ngon, đậu hũ non ăn béo, có nấm và hải sản như tôm, mực nên khá ngọt nước và giữ nóng lâu. Có món đậu hũ lướt ván cũng ngon nè, làm mồi nhậu thì khỏi chê. Giá bình dân, không gian rộng, nhiêu bàn, bàn ngoài trời ngồi thoáng và thoải mái. Nhân viên đa số là nam nên chạy bàn rất nhanh và cũng rất nhiệt tình.Xem thêm",234
2575,Mr Cat,9/10/2015 23:25,7.0,"Đang loanh quanh lòng vòng thành phố kiếm món ăn, trời mưa nên mình và mấy đứa bạn tấp đại vào quán này. Chẳng biết ăn gì kêu đại 3 món ngồi nhâm nhi. Bất ngờ là đồ ăn quán làm cũng đậm đà khá hợp khẩu vị mình

Mình kêu cơm chiên trứng,1 dĩa nhiều hạt cơm giòn ăn vui miệng. Kêu thêm tim gà xào mướp ăn cùng cơm ngon bất ngờ luôn. Ko biết gọi thêm gì quán giới thiệu món đậu hũ nuong giấy bạc. Trời mưa ăn món này hợp lí luôn. Đậu hũ non cùng tôm mực và rau củ. 

Quán khá vừa ý mình và mấy đứa bạn nên hứa hẹn sẽ còn ghé lại nhiều lần.Xem thêm",234
2576,eatwtea 💋,7/10/2015 16:46,7.0,"Có 1 món mà mỗi lần ghé đây mình đều phải ăn dù no hay đói là Tim gà xào mướp. Thường các quán hay bán lòng gà hoặc mề xào mướp chứ ko có tim gà. Món này bình dân kêu ra nhậu hoặc ăn với cơm chiên cũng ngon lắm. 

Quán bây giờ không còn bàn gỗ, chỗ ngồi rộng, đậu xe máy hay xe hơi đều thoải mái. Thích cái là menu quán phong phú từ món nhậu, hải sản, hay các món lẩu. Có nhận đặt tiệc sinh nhật, liên hoan.... Nhân viên nam nhanh nhẹn, hoạt bát. Quán đã thay đổi tốt hơn nhiều so với thời gian trước. 

Mình sẽ ghé lại để thử thêm nhiều món khác ^^Xem thêm",234
2577,Anne Trang,10/7/2014 10:22,8.0,"Đây là lần đầu mình ngồi tại quán ăn, bình thường là chỉ mua về ăn thoii. Hiện quán mở rộng thêm mặt bằng và mặt bằng mới thiết kế bang ghế gỗ nhìn vui mắt lắm. Hồi trước mình hay ăn bạch tuột nướng ở đây vì ngon nhưng hôm nay mình ăn thấy không ngon nữa, vì hình như quán không phải nướng bằng than như trước vì ngửi có mùi kỳ kỳ hơi khó chịu, giống mùi của gas nên mình ăn có 1 miếng là không ăn được nữa. Nhưng bù lại mình thích món cháo ở đây, có nhiều loại cháo như cháo sò huyết, nghêu, ... Nồi cháo đúng to luôn, bên trong có nấm rơm nữa, và còn có mấy cục xương nữa chứ, ăn kèm với ít giá và gừng, thêm tí tiêu nữa ăn vào lúc trời mưa thế này thì còn gì bằng.Xem thêm",234
2578,nnbuyen,18/8/2019 9:17,7.0,"Donut ở đây ngon, giá cả hợp lí, mình hay canh cô vừa mở cửa vào mua luôn để bánh nóng ăn giòn ngon hơn, vỏ bánh giòn bên trong dai ăn ngon lắm, mình thích vị chocolate nhất, cô còn nói Tviet dth lắm :)) giá lại hssv nữa
Điểm trừ: chưa ráo dầu cho lắmXem thêm",235
2579,tran thủy,10/12/2018 20:05,8.2,"Mình thích ăn vị dâu ở đây. Có người mua cho ăn
 Nhưng khi bốc bánh quá nóng, muốn bỏng tay. Mình thích điều này. Khi ăn nguội cũng rất thích. Ruột bánh đặc và dai ngon. Ăn 1 cái là ko đủ với mình. Nhất định sẽ quay lại.Xem thêm",235
2580,Mỹ An,26/7/2018 10:12,8.4,"Thấy m.n bảo ngon nên lân la mua thử. *Hình này chụp lúc mình phóng xe về nhà rồi, nên nó ko còn xinh đẹp như lúc mới ra lò nữa :< huhu
   ¤ Cô bán rất thân thiện, lúc mình đến là ngta cũng mới mở thôi nên ko phải xếp hàng *hên quá*. Cô gắp đúng từ từ chậm rãi luôn, với cả tính tiền cũng nhanh. 
   ¤ Bánh thơm ngon, ăn nóng hổi lúc mới chiên xong nó cực kì phê pha. Vị dâu thơm nức nhưng vì thích ăn chocolate nên vẫn thích chocolate hơn xíu *hehe*. Điểm 10 cho chất lượng. 
   ¤ Giá cả như vậy là hạt dẻ rồi. Không gian cũng vừa đủ để vừa chiên bánh nóng bên trong vừa bán bên ngoài. Chưa thấy cảnh xếp hàng thì sẽ dài tới đâu, nhưng mong ko bị xếp :>>>Xem thêm",235
2581,Công Danh Nguyễn,4/7/2018 9:40,8.0,"Bữa có dịp ra Vũng Tàu, thấy nhiều người khen nên quyết định đến đây ăn thử. Quán bán từ 15h-18h thứ 2-6, thứ 7- CN nghỉ bán nha mọi người, quán của hai anh chị người Nga bán luôn thì phải :)))) thấy nói tiếng Nga với cô kia như gió ý :))) Bánh ở đây có 3 vị : đường (3k/1c), chocolate (4k/1c), strawberry (5k/1c), do đông người mua và thường mua vs số lượng nhiều nên bánh lúc nào cũng trong tình trạng mới ra lò nóng hổi nhé các bạn. Cá nhân mình thì mình thích ăn vị đường nhất, bánh hơi nóng thêm chút ngọt của đường ăn cực kì ngon ;) vị strawberry và chocolate do lúc mình mua nóng quá nên chưa kịp khô trông k đệp lắm nên mình k chụp ảnh :)))) chắc tại mình ăn lúc nóng nên mình thấy vị Strawberry hơi gắt xíu, vị chocolate ăn khá ổn, nhưng nếu bạn để cho lớp chocolate đông lại (khi bánh nguội hơn) chắc ăn sẽ ngon hơn. Địa chỉ quán là : 130A Phan Chu Trinh, chỉ mua mang về nhé !Xem thêm",235
2582,Homaithuylinh Hồ,29/5/2018 22:32,8.4,Bánh donut ở đây best lắm luôn. Nhỏ mà có võ 👍👍. Thích ăn nhất là vị socola 👍👍. Ngon ơi là ngon. Bánh này ăn nóng là rất ngon luôn. Chứ mà để tủ lạnh qua đêm là hớt ngonn. Mà ăn cỡ 2 3 cái là no 😂. Điểm trừ đó là nếu mua số lượng lớn thì nên tính tiền ở ngoài trc. Chứ kiểu cái cô bán chắc do là người nước ngoài ý nên tính nhẩm nhiều lúc sơ sót. Tính trc ở ngoài xong nếu nta nói cao hơn thì đứng tính lại. Nói chung cô bán dễ thương lém nên khem sao cả ❤️❤️Xem thêm,235
2583,Linh Mai,9/5/2018 21:58,9.0,"Thấy mọi người khen nhiều nên ăn thử. Cảm nhận đầu tiên là bánh nóng nên ăn ngay thì rất ngon. Để hết nóng chắc có lẽ sẽ không thơm vị bột mì của bánh nữa, dễ bị ngán.

Giá thành khá rẻ cho một chiếc bánh chất lượng như vậy. Đáng ăn. Đặt hàng qua deliverynow nên đỡ phải xếp hàng. Nhanh chóng và tiện lợi

Vị dâu ngon, thơm. Socola cũng ok.Xem thêm",235
2584,Lê Nguyên Hoàng,6/5/2018 1:12,8.8,"Bánh siêu ngon, ăn 1 mình mấy cái cx ko ngán do bánh cỡ vừa và ngọt vừa phải. Rất thơm. Vợ chồng người Nga làm nha. Cô chủ hơi bị dễ thương, khá thân thiện và nói luôn tiếng việt lúc tính tiền nhé. Dù nhà xa vẫn cố đạp xuống ăn. Đảm bảo thèm mà đi đc là phải điXem thêm",235
2585,Ngọc Trần,17/4/2018 10:17,9.0,"Biết danh chỗ này lâu rồi, nhưng giờ mở cửa hơi trái ngang, nên đến tận gần đây mới được thưởng thức. Bánh donut thường 3k, socola 4k, dâu 5k, gọi luôn 1 phần 9 cái ăn cho đã. Bánh được chiên tại chỗ nên còn nóng hổi luôn. Size bánh nhỏ nên dễ ăn. Bánh thường rắc đường bột, đơn giản mà ăn ngon cực kỳ luôn. 

Chỗ này có tiếng nên khá đông, phải chịu khó xếp hàng. Hai vợ chồng chủ quán là người Nga, nhưng cô chủ có thể nói giá tiền bằng tiếng Việt được. Mà cô chủ rất từ tốn luôn )) Mặc kệ có ai hối không, cứ từ từ gắp bánh cho vào hộp, xếp ngay ngắn, từ từ rắc đường lên banh, rất từ tốn luôn ))

Bao ngon, siêu rẻ, chắc chắn sẽ ăn thường xuyên. Giờ còn có giao hàng tận nhà của Foody nữa thì chắc ngày nào cũng ăn quá ))Xem thêm",235
2586,Văn Phạm,21/2/2018 19:13,8.6,"Không biết có phải do mình hiếm ăn Donut hay không mà mua ở đây ăn thấy ngon quá. Cô chủ người Nga, có nói tiếng Anh nha mọi người (Còn khi tính tiền thì nói số bằng tiếng Việt :-P ). Tiệm bánh cũng dễ tìm, nhưng chạy xe nhanh qua thì hơi khuất tầm nhìn (Phải để ý kỹ số nhà 128 nhé mấy bạn)
Tiệm mới đổi giờ bán thì phải, trên bảng mình thấy ghi mở cửa từ 15h30 -18hXem thêm",235
2587,Khánh Khánh,9/6/2017 10:33,8.2,"Vừa rồi chìu thèm đồ ngọt nên mình và nhỏ bạn ghé đây mua bánh vì nghe đồn ngon lắm, do chính tay chủ Tây làm nha. Chỉ bán có 2 tiếng thui hà các me @@ cũng may mình đi 5h nên còn bánh nha. Bánh chỉ có 3k siêu rẻ luôn. Bánh chiên giòn giòn ăn vừa miệng, nhân socola hơi đắng đắng ngon hơn hẳn cái bình thường nha,
Bánh nhỏ nên ăn không bị ngán.Xem thêm",235
2588,Nam Trương,2/3/2018 20:21,6.4,"Không gian quán rộng, gần công viên nên thoáng, thức uống đa dạng, cà phê có vị mặn mặn, đậm nhưng không ngon lắm.Xem thêm",236
2589,QL,18/12/2017 22:22,6.6,"🍒Chỗ tụ tập năm xưa của cả nhóm. 
Cũng 3-4 năm rồi mình ko ghé quán này nhưng nhiều lần đi ngang thì thấy quán vẫn vậy ko thay đổi nhiều
🍒Buổi sáng lúc nào cũng có khách
Trái cây dĩa ở đây rất ngonXem thêm",236
2590,QL,1/12/2017 18:22,6.6,"🍒Đã uống n lần vì quá gần nhà. Cách nhà mình 30s đi xe thôi

🍒Nước uống thì bình thường, nhiều loại đa dạng
Có cả trái cây dĩa

🍒Ko gian rộng, nhiều tầng
Có bên ngoài và cả phòng lạnh
Hôm nào đông thì hơi ồnXem thêm",236
2591,Mều Na,6/7/2017 11:54,7.0,"Quán có khu vực bên trong ngồi máy lạnh riêng, và bên ngoài cho những người hút thuốc. Vào bên trong máy lạnh mát rượi luôn
Wc ok nha, sạch sẽ 
Đồ uống thì bọn mình cũng không uống gì phức tạp quá ngoài dừa lạnh với ép trái cây nên không bàn gì về chất lượng. 
Nhân viên thì có vẻ không đủ so với số lượng khách đâu, nên có vẻ hơi thiếu nhanh nhẹn
Giữ xe miễn phí
Giá cả cũng bình dân, ok, hôm nào mất điện nhà nào có con nít dắt ra đây lăn lê ké cẩm máy lạnh cả ngày chắc người ta lỗ sặc máu chết mất :))
Quán nằm ngay sau lưng nhà thờ lớn VT nên cũng khá dễ kiếm ^^Xem thêm",236
2592,Frank Sissi,10/6/2017 11:25,1.0,Gọi 2 latte nóng đem ra 2 latte đá. Mình khiếu nại thì  nói tại anh chị kêu nhầm. Thái độ quá tệ. Không bao giờ ghé nữa.Xem thêm,236
2593,Ming,6/2/2016 1:01,1.0,"Quán quá bẩn, uống hết nước ngồi gần cả ngày trời không thèm dọn ly, để đồ ăn với ly trên bàn cả đống đó trà đá cũng cạn không ai đi chắt, ngồi để ý coi mấy nhân viên có thèm để ý tới bàn mình không rốt cuộc cũng không, chỉ thấy ngồi đó mà bấm điện thoại làm việc riêng, nhân viên phục vụ quá ư là tệ, ngồi phòng lạnh mà máy lạnh mở ki bo, 10h đuổi khách về, quá kém cõi, quán tệ nhất tôi từng vào!Xem thêm",236
2594,Mều Na,27/10/2015 18:45,7.2,"Quán sáng cuối tuần đông nghẹt khách, không gian rộng rãi, thoáng mát, có khu vực riêng bên ngoài và phòng lạnh. 
Nước uống pha khá ngon, nhân viên cũng ok
Nằm ngay phía sau nhà thờ lớn Vũng Tàu. 
Giá cả cũng khá hợp lý :)Xem thêm",236
2595,Trung Lê,3/10/2015 20:27,6.8,"View đẹp, mất me, nước uống bình thương giá cũng đươc.thích hợp tư tập ban be, tam tẹt ga.Xem thêm",236
2596,QL,10/10/2014 22:52,7.0,"Quán này mới dc sửa lại đẹp hơn trước nhiều lắm. Mình thường hay lên tầng 3 phòng lạnh ngồi cho mát
Đồ uống ở đây bthg ko có gì đặc biệt. Wifi khá chậm. Dc cái gần nhà nên mỗi lần về vt thường hay ghé đây tránh nắng ^^Xem thêm",236
2597,QL,8/7/2014 21:14,7.0,"Quán cafe 3 tầng, có cả phòng chơi cho trẻ em, ngoài trời và máy lạnh, giá cả khá bình dân. ngồi đây có thể ngắm đường phố, ngắm nhà thờ cổ Vũng Tàu. nhưng có 1 điểm mình ko thích đó là trong phòng lạnh ko cấm hút thuốc nên ngửi mùi thuốc rất khó chịu.
Phục vụ bình thường.Xem thêm",236
2598,Mẹ Cún,29/12/2019 20:45,5.0,"Đồ ăn ngon, phục vụ dễ thương, tôm tươi, bò thơm mềm.
Điểm trừ là đợi đồ ăn quá lâu, mặc dù quán chỉ có 1-2 bàn.
Thức uống dở.Xem thêm",237
2599,Tuyết Trinh Lâm,5/11/2018 12:20,8.8,"Mình hay xuống vũng tàu chơi lắm luôn nên ăn hải sản cũng nhiều rồi. Hum nay ngồi nghịch foody thì thấy Vt có quán Steak mới nên rủ rê any qua test thử
Mà phải nói à đồ ăn quán ngon thật sự. Ông ny mình ăn hẳn đia bò luôn. Chỉ mong ổng tháng nào cũng chở mình xuống để được thử các món khácXem thêm",237
2600,Quỳnh Phạm,27/10/2018 19:27,4.8,"Mình đến quán được 2 lần từ lúc quán mới mở nhưng không quay lại vì món ăn tệ quá. Lúc đó mình cũng có góp ý với chủ quán để cải thiện. Hôm nay, sau vài tháng, mình quyết định quay lại để thử menu mới cũng như xem chất lượng thức ăn có tiến bộ hơn không. Tuy nhiên mình nhận về nhiều sự thất vọng.
Burger: Thịt bò khô, cứng, dai và hôi. Hầu như chỉ nêm muối chứ không thấy mùi của các gia vị khác hay hành tây,... Phô mai khá mặn nên ăn cùng nhân không hợp. 
Salad trộn sẵn nhưng trộn không đều, có chỗ rất ngọt có chỗ rất chua. 
Phần ăn hơi ít.
Đồ uống mắc nhưng không có gì đặc biệt.
Giá cả bỏ ra không xứng đáng với chất lượng. Nhân viên phục vụ khá cứng nhắc và thiếu niềm nở.Xem thêm",237
2601,Thanh Nhàn,19/10/2018 18:46,8.8,"Mình với bạn mình đi ăn ở đây lần thứ 2 rồi. Tụi mình khá ưng chỗ này luôn. Steak sốt BBQ vừa miệng, mỳ ý sốt kem hơi béo hơi nhạt ( theo khẩu vị mình nha) lần trước mình có ăn tôm cuộn khoai tây siêu ngon. Nhân viên phục vụ nhiệt tình dễ thương. Giá cả cũng ok, có view trên lầu mà mình chưa có dịp lên :<Xem thêm",237
2602,AD Nguyen,30/9/2018 9:22,10,Hài lòng về chất lượng món ăn và thái độ phục vụ nhân viên cũng rất dễ thương nhanh gọnXem thêm,237
2603,Nguyen Dung,18/9/2018 15:08,9.4,"Tối qua mới đi thử xong, không gian quán khá yên tĩnh, đẹp. Nhân viên lịch sự, nhiệt tình. Salad cá ngừ rau hơi đắng và ít sốt. Ghiền nhất món mỳ Ý sốt kemmm với chảo bò ^^Xem thêm",237
2604,Doremi Vt,9/9/2018 17:45,4.8,"Tụi mình đi 2 người gọi phần chảo thịt bò,khoai tây cuộn và salad cá ngừ.Chảo thịt bò: phần bò dc có chút xíu chỉ chiếm 20% của chảo còn lại la trứng,xúc xích,bắp,pate.Ăn cũng bình thường,hơi khô.Salad cá ngừ phần nước sốt trộn chưa được đều,đường con chưa tan trong nước sốt đã đem trộn nên lúc ăn vẫn còn nhai đường rộp rộp..:3,Khoai tây cuộn la ổn nhất.Phục vụ nhiệt tình,dễ mến.Xem thêm",237
2605,Nick,26/8/2018 14:29,3.2,I ordered the Pasta Carbonara with vegetarian salad.  Service was almost non-existent despite an empty restaurant.  He seemed consumed by his cell phone (probably posting a review for his own restaurant).  Menu is small.  Inside is clean.  Comfortable booths.  Salad was not so fresh.  Sweet flavored dressing.  Pasta was okay.  Could use more bacon or some flavoring.  Seemed bland.  Not sure how this place got such a high rating...  I won't be returning.Xem thêm,237
2606,Rê Mon Đô,15/7/2018 0:02,9.0,"Quán có món chảo đặc trưng ăn ok! Mình thích nhất món pasta và tôm cuộn khoai tây, dễ ăn. View của lounge trên lầu đẹp, thoáng mát, cocktail pha chế ngon, nhân viên pha chế dễ thương!Mình sẽ rủ thêm bạn bè tới thưởng thức!Xem thêm",237
2607,Thảo Hân Hoàng,14/7/2018 17:39,9.2,"Mình đã đến quán ăn cùng bố và sẽ quay trở lại đây. Quán có hai tầng, tầng 1 là nhà hàng có phong cách ấm áp cùng các hình vẽ trên màu nóng dịu êm cho các cặp đôi và gia đình đến thưởng thức và thư giãn; tầng 2 là lounge với những bức tường rất ngầu, hợp cho các bạn trẻ với phong cách bui bặm đường phố chụp ảnh và thưởng thức các loại signature cocktail ở đây. Nói về các món ăn thì rất vừa miệng, hợp khẩu vị với dân Việt Nam ta. Mình đặc biệt thích phần Australia beefsteak sốt vang và tôm cuộn khoai tây. Phần bò được ăn kèm với bắp non và khoai tây chiên mà chỉ có 109,000k. Bạn nào muốn ăn kèm nhiều thứ thì có thể thử phần chảo với nhiều món ăn kèm, bố mình cực kì thích chảo bò ở đây. Nói chung thì với một quán mới thì đây là một nơi đáng đến để thưởng thức và cảm nhận.Xem thêm",237
2608,Huệ,8/5/2022 9:41,6.4,"Bánh ướt ổn, topping đầy đủ bộ lòng gà, sạch sẽ, hôm nay quán hết trứng non nên cô chủ thay bằng miếng chả, chủ quán thân thiện, 1 dĩa đầy đủ 30kXem thêm",238
2609,Thắng Trần Đăng Minh,2/9/2019 23:39,8.0,"Nhìn thấy ngon, ăn vô còn thơm ngon hơn nữa. Bữa sáng v là ok cái bụng rồi.Xem thêm",238
2610,Vanille CS,21/4/2019 0:03,8.6,"Nghe đến quán đã lâu nhưng đây là lần đầu mình ghé. 
Bánh ướt lúc nào cũng còn nóng nha mọi người.
Nước mắm mặn ngọt vừa ăn, nguyên bộ lòng gà đầy đủ bộ phận 😚 
Dĩa có 2 trái trứng non như của mình 25k, có phần đặc biệt 30k nữa.
Quán hơi nhỏ, nhưng dễ tìm, khá là đắt khách. Bà cụ với chị bán lúc nào cũng nhiệt tình, vui vẻ. 
Tuy mình không phải tín đồ của mấy món lòng nhưng khách quan mà nói thì nó ngon thực sự. Nhất định sẽ giới thiệu tới gia đình, bạn bè.Xem thêm",238
2611,Bảo Thuận Phan,17/2/2019 9:00,10,Rất ngon và mát mẻXem thêm,238
2612,Dạ Thảo,16/2/2019 12:54,8.0,"Địa chỉ dễ tìm, nằm ở hẻm bên hông c2 vt. Quán bé chỉ có 4 bàn thui mà thoáng mát sạch sẽ. Mình hay đi ăn muộn nhưng bánh ướt vẫn còn nóng hổi ngon lắm. Lòng mề gan gà nhiều, mỗi phần có kèm quả trứng non nữa. Nước mắm mặn ngọt, có màu vàng vàng như mỡ gà ăn kèm rau răm, hành tây. Mỗi đĩa đầy đủ chỉ 25k kèm theo ly trà đá free rất hợp lý. Chị chủ với bác bán hàng dth lắm ^^Xem thêm",238
2613,chichi_1304,15/10/2018 8:57,10,"Bánh ướt ngon không gây ngán,nước chấm lạ lạ có màu vàng của nghệ.Lần sau ra vũng tàu sẽ lại ăn tiếp❣️❣️❣️Xem thêm",238
2614,Thanh Hằng Võ,5/10/2018 9:16,8.6,Bình thường đi ĐL chỉ được ăn bánh ướt lòng heo và thịt gà. Bữa nay ghé xuống VT thì lại được ăn lòng gà thật sự. Nước mắm rất vừa miệng. Bánh mềm ko quá dai lòng và trứng gà non thì khỏi bàn rồi. Quán hơi nhỏ nhưng sáng sớm ngồi đối diện bên kia đường khúc công viên cũng thoáng mát dễ chịu lắm. 1 dĩa như hình chỉ có 25 ngàn mà còn free 1 ly trà đá nữa. Nói tóm lại là ngon.Xem thêm,238
2615,Nuoc Dua Them,3/10/2018 9:41,9.2,"Cả VT chỉ có 1 quán duy nhất và rất ngon, trứng non luộc vừa chín tới, nước mắm rất vừa ăn..Xem thêm",238
2616,Le Khai Chuong,1/10/2018 19:52,4.8,"25k/dĩa thấp hơn đà lạt nhưng chất lượng thì thấp hơn nhiều, bánh ướt dính cục nhiều, nứơc chấm tạm được. Nên cải thiện hơn.Xem thêm",238
2617,Kate Ng,4/9/2018 14:17,5.0,"Sáng nay mình có ghé ăn ở đây, có một chuyện buồn là hôm nay hết trứng non huhu. Chỉ còn mỗi lòng gà. Bánh ướt lòng gà ở đây ăn ngon, vừa miệng, nước mắm ngon nhưng nếu đậm đà một xíu nữa thì tuyệt vời ạh. Lòng gà luộc vừa ăn, ko bị dai hay quá mềm. Trà tắc làm mình hơi thất vọng vì chua quá, nhưng tắc lại còn có vị hơi cũ kiểu như tắc vắt sẵn hay có mùi như v, quán nên rút kinh nghiệm ko nên vắt sẵn tắc nv đâu ạh, sẽ làm mất vị ngon của trà. Chung quy thì mọi thứ đều ổn. Mn nhớ ghé ăn thử ủng hộ ạh ❤️Xem thêm",238
2618,Pun Tròn Tròn🍒,25/6/2022 21:23,10,"Mình với ny mình cực thích ăn quán này chỉ dân địa phương ăn thoi. Nấu kiểu miền trung, nước mắm nhìn đã cho mắtXem thêm",239
2619,Tuấn Bảo,19/8/2019 15:34,7.8,"Đọc trên mạng thấy quán này hấp dẫn nên đi ăn thử công nhận ngon thiệt...nước lèo sền sệt, cọng bánh canh bột gạo mềm mềm trắng đục, chả cá chiên dai dai, có nhiều tiêu nên 0 bị tanh, gia vị ướp vừa miệngXem thêm",239
2620,ThảoMi Lê,18/8/2018 15:09,3.6,"đợt mình ghé đã hơn 1thang trc. k biết sau đó quán có khắc phục đc ko, chứ lần đầu tiên đến thỳ có ấn tượng ko tốt gi lắm.
mình phượt VũngTau, mà dân phượt thỳ chỉ mún tìm mấy món đặc sản và ăn ngon là chính, chứ cũg ko quan tâm lắm bình dân hay soang chảnh. Quán này là 1trong những địa điểm đc PR nhìu, mình cũg nghe nói chả cá thu ngon nên quyết định ""lặn lội"" tìm đến ăn thử. 
Nhóm mình đến 9h hơn, khách cũng đông, còn bàn ngoài nhà thoi. Bán mỗi 1 loại là bánh canh chả cá thu thoi nha, k có bún hay gi khác đâu.
Lúc mới bưng ra nhìn hấp dẫn lắm, ngồi múc 1 2 muỗng đầu tiên xog tự nhien thấy có vấn đề: KIẾN, qtqd kiến trong tô bánh canh. Dường như 10 muỗng là đã vớt 12 lần kiến. Có 1 cô bưng bê dọn dẹp đi ra, nhìn nhìn tô tụi mình, bảo:""sao sáng h ai ăn có nói gi đâu. Tới tụi con sao kỳ vậy""😲😬 gia đình ngồi cạnh cũng nói là vớt kiến nãy h quá trời mà ko nói nè. Cô ấy tiếp:""kiến thỳ vớt ra đi"" 😱😡 thật là biết cách cư xử với khách, ko 1tieng xin lỗi.
Chỗ này nấu sẵn 1 nồi bánh canh, có chả cá vào trc r, khách đến múc ra là xong (do mình tận mắt thấy) nên k biet là do lỗi của ng bán hay ng chùi rửa. 
Trc khi về có nhắn lại với 1 cô dọn dẹp khác là mốt nấu nhớ xem cẩn thận nha cô.
Ở đây đc cái là chả cá thu thật🖒, nhiều tiêu. 25k/tô. đi xung quanh còn nhìu quán có bán nhéXem thêm",239
2621,Pun Tròn Tròn🍒,17/4/2018 11:41,9.0,Có lẽ với nhiều người cảm thấy không ngon như kiểu ăn không hợp vị.nhưng với mình và bạn trai mình thì thấy rất ngon vì mình với anh là người gốc miền Trung thích ăn bánh canh như vậy. Mỗi lần xuống là 2 đứa phải ăn 1 tô và 1 to chả cá thêm. Chả cá ở đây ngon. Bánh canh gạo xắt nữa. Có chén mắm ớt chan vô hết sẩy 😃😃 1 tô 30k nhaXem thêm,239
2622,bắp bắp,24/9/2017 15:22,6.4,"Bánh canh chả cá theo kiểu miền trung.vị theo miền trung và phog cách cũng chân quê giống vậy luôn. Nó sẽ hơi lạ và có phần không ngon với các bạn đã ăn quen theo kiểu miền Nam và miền Tây.  Chủ yếu là chả cá tươi và dai, giữu nguyên vj ngọt của cá. Cọng bánh canh rất lạ so với bình thường. 25k/1 tô không quá đắt để có thể thưởng thức hương vị quê hương ở giữa thành phố nhộn nhịp đúng không!Xem thêm",239
2623,Le Hanh,10/7/2017 14:13,2.6,"Tô bánh canh ở đây không có gì đặc biệt chỉ bằng một tô bánh canh 12k tại sài gòn . Tô bánh canh này có giá 25k ăn xong có cảm giác như chưa ăn gì cả. Bạn nào muốn ăn bánh canh thì né cửa hàng này ra nhé.""chuột bạch""Xem thêm",239
2624,Fy Dood,27/7/2016 0:16,8.0,"Lúc nhỏ xíu chưa chuyển nhà sáng nào trước khi đi học mẹ cũng qua mua về hoặc dắt qua kêu cho 1 tô để ăn. Hồi đó nhờ có món này mà ngày nào đi học cũng hăng hái hơn, nên riêng món này đối với mình như món ăn tuổi thơ vậy. Cảm thấy rất vui khi đến tận bây giờ quán vẫn còn bán. 1 tuần 7 ngày hết 5 ngày mình đến đây ăn rồi. Ăn hoài vẫn ko thấy ngán. Đặc biệt chả cá ở đây rất ngon, dai dai, thơm thơm. Bánh canh nấu từ bột gạo nên vị rất đặc biệt. Quán nằm trong hẻm nhưng rất có tiếng với khách du lịch nha.Xem thêm",239
2625,Pa Nee,25/6/2016 3:27,7.8,"Hưởng ứng mùa Euro nên đêm nào coi đá banh xong cũng thức đợi trời vừa sáng là mò đi làm tô bánh canh xong mới về ngủ. Bánh canh giờ đã lên 25k/1 tô giá tạm chấp nhận được chứ ko rẻ. Ăn bánh canh này chủ yếu ăn chả cá và phải ăn được cay. Ai ko ăn cay được thì ăn món này chắc cảm thấy như tra tấn. Vì nói thật sợi bánh canh làm từ bột gạo nên mềm chứ ko dai như bánh canh bột lọc. Nước lèo cũng nhạt nhạt thôi, ngoài chả cá ra thì ko có đồ ăn j ăn kèm nữa. Quán này chỉ có dân địa phương và một số khách du lịch đã ăn thì biết thôi. Còn lại khách lạ rất ít luôn.Xem thêm",239
2626,eatwtea 💋,25/5/2016 15:17,8.2,"Bị ghiền chả cá nên thấy cái gì có liên quan đến chả cá là phải thử ngay. Bánh canh bột gạo như kiểu quán này thì mình cũng đã ăn nhiều lần rồi. Tuy nhiên khẩu vị vẫn ko giống như quán này. Ăn ở đây nhất định phải cho ớt vào, ai ăn cay được thì càng nhiều càng tốt, vậy mới ngon. Chứ để tô ăn ko vậy là hỏng hết. Điểm cộng cho quán là chả cá rất dai và tươi. Ăn món này thì chủ yếu vẫn là chả cá ngon là được. Thấy nhiều người kêu thêm bánh đa bẻ ra chấm nước mắm hoặc bẻ nhỏ cho vào tô ăn như giò cháo quẩy, thấy cũng lạ nên chắc lần sau sẽ thử ăn vậy xem sao.Xem thêm",239
2627,Na Ng,24/5/2016 1:22,9.0,"Trời phải mất 1 thời gian dài mới tìm lại được món ăn tuổi thơ này. Lúc trước có 1 gánh bán ngay sát lề trên đường Phan Bội Châu khu xóm lưới, sáng nào cũng phải ăn 1 tô. Rồi bẵng 1 thời gian ko thấy đâu, mình cũng chạy tìm lòng vòng xung quanh nhưng vẫn ko thấy bóng dáng gánh bánh canh này. 

Hôm nay vô tình được 1 chị quen chỉ cho, hỏi dò la mãi mới tìm được quán. Thì ra gánh hàng nhỏ ngày nào giờ đã thành quán có bàn ghế đầy đủ. Chất lượng vẫn như xưa nhưng giá có chút thay đổi 30k/1 tô. Tuy nhiên tô to hơn và cũng nhiều đồ ăn hơn. Ko biết thì thôi chứ biết rồi chắc từ giờ ngày nào cũng ăn đến lúc ngán thì thôi.Xem thêm",239
2628,Vân Nguyễn,22/2/2020 22:28,10,"Lần nào đi Vũng Tàu mình cũng tới đây ăn và thích nhất là uống Teh tarik á
Do mình sống ở Malay một thời gian nên rất thích trà sữa Malay và vị ở đây rất ngon 
#recommendtehtarikXem thêm",240
2629,no no,25/4/2019 12:38,1.0,"mình đi du lịch VT, tắm xong mệt nên lên grab order mang về phần vịt quay bánh bao giá 150k! grab mang về thì đếm được mấy cục “xương và mỡ” kèm với mấy lát dưa leo, mùi “cá kho” tanh thôi rồi...
gọi đt thì lí do đông khách, đông nên pv như vậy đc sao?Xem thêm",240
2630,Linh Mai,25/11/2018 14:44,9.2,"Lần này có dịp nên trực tiếp đến quán luôn chứ ko đặt mang về. Chất lượng vẫn đảm bảo như vậy. Không có sự khác biệt nào giữa ở quán và mua mang đi. Ăn trực tiếp thì nóng nên sẽ ngon hơn xíu. Chất lượng quá ok so với giá thành nhưng ko phải nhiều người ai cũng biết.
Không gian sang trọng, nhân viên phục vụ tận tìnhXem thêm",240
2631,Linh Mai,25/11/2018 14:40,7.8,"Giao mang về cũng rất tuyệt. Một nhà hàng nằm trong khách sạn Petro House. Ở đây là ẩm thực Malaysia, nổi tiếng nhất là món mì vịt tiềm. Nhân dịp quán đang chạy code nên ord thử. Vị khá ok
Giá cả sau khi giảm + free ship airpay thì còn rất rẻ.
Một nơi đáng để thửXem thêm",240
2632,Mỹ Hậu Nguyễn Lâm,23/4/2018 19:04,7.8,"Cuối tuần đến Vũng Tàu có chạy ngang quán này thấy kiến trúc hơi bị đẹp nên định ghé vào uống nước, không ngờ lại có đồ ăn mà trời cũng trưa rồi nên bọn mình sẵn ăn và uống luôn.
Nghe nói món ăn ở đây chế biến kiểu Malay, món nào cũng lạ lạ, giá hơi cao tí nhưng bù lại vị ngon và phần ăn thì nhiều do để phù hợp với khẩu phần người nước ngoài.
Đặc biệt mình rất thích cách phục vụ ở đây nha, lịch sự và rất nhiệt tình, niềm nở vừa đủ và tạo cảm giác cho khách hàng rất thoải mái.Xem thêm",240
2633,Nhàn Ng,30/9/2017 22:02,9.0,"Cafe hạt rang xay mang đi chỉ có 12.000₫/ly thôi, quá rẻ so với chất lượng và dịch vụ của nhà hàng ks 3 sao. Các món uống khác từ cafe, nước ép cũng khá ngon và đa dạng, đặc biệt trà sữa kéo Malaysia duy nhất tại Vũng Tàu, nghe đồn sắp tới sẽ được Việt hoá với món trà sữa Teh Tarik jelly với thạch phô mai nhà hàng tự làm nữa 🤓🤓🤓Xem thêm",240
2634,Linh Phạm,30/5/2017 15:47,7.6,"Mình ở khách sạn petro nên ân luôn ở đây cho tiện vì trong cùng hệ thống. Giá k rẻ lắm nhưng chấp nhận được, trên dưới 50k/ món đồ. M có thử ép cà rốt và sữa chua xoài. Ly to và vừa miệng cực.
Món ăn thì thích mấy món tàu vì có sợi mì tươi. gà với vịt ở đây ăn k ổn lắm đâu. Đồ malay lạ khá giống bên malay nhưng m thích vị ngọt nhiều hơn ở cơm nasilamak.
Thích nón tôn trứng muối và mấy món canh đậu rồi cả hải sản ở đây. Nói chung là giá ổn sp với chất lượng mà rất da dạng. Món tây, tàu việt đủ hếttt. Phục vụ nice nữa.Xem thêm",240
2635,Khoa Tô,23/5/2017 10:30,9.0,"Nhân dịp công tác ở Vũng Tàu mình có được thưởng thức một số món ăn ở đây. Ấn tượng nhất đối với mình là món Tôm xào trứng muối, tôm rất tươi ngon ăn rất vừa miệng. Nếu đến đây lần nữa mình vẫn sẽ ăn tiếp món này. 
Ngoài ra còn những món khác cũng đặc sắc không kém là đậu hũ hải sản tay cầm, salad nga, mì vịt quay.Xem thêm",240
2636,Nhàn Ng,18/2/2017 14:33,9.0,"Nhà hàng nằm trong khuôn viên khách sạn Petro House, khách có thể ngồi ngoài sảnh cafe nằm ngay mặt đường góc Trần Hưng Đạo và Bacu khá mát mẻ hoặc bên trong nhà hàng cũng đều phục vụ khách ngoài vào ăn với đa dạng các món Hoa và món Việt, đặc biệt món mì vịt quay và gà quay xá xíu rất ngon. Thịt đậm đà thấm gia vị, vắt mì tươi trộn sốt tỏi thơm ngon, có cả mì khô và mì nước. Giá ko quá cao so với chất lượng nhà hàng, phục vụ tận tình vui vẻ. Thích hợp đi gia đình hoặc gặp đối tác làm việc vì không gian khá yên tĩnh.Xem thêm",240
