UserID,User,Review Time,Rating (10),Comment,RestaurantID
1,ĐứccườngĐn Dr.,30/12/2021 10:24,1.0,"Đặt mua trên app, 77k về được lèo tèo vài miếng thịt . Nước dở như bánh canh vỉa hè. Mọi người ai mua qua app tránh quán này ra nhé. 1 lần và mãi mãi tạm biệtXem thêm",1
2,quynhtran.o,4/8/2019 12:56,1.0,"1 lần và mãi mãi cạch mặt nha. Đi gần 20 người mà quán k thèm bán cho ăn. Nvien lại lau bàn thì chửi đỏng ""Ngồi v rồi sao dọn? Dọn kiểu gì đc?"" Lại nhắc 5,7 lần thì k thèm trả lời, cho mình ngồi 30 phút không bưng ra được 1 tô nào. Mình đi luôn và vote 1 điểm cho quán không cần khách nhé!Xem thêm",1
3,Quynhdo5825,21/4/2019 17:58,7.4,"1 tô to đoàng nhé mọi người, ăn ngon ... gần đó còn có cô bán bánh khoai sầu riêng nướng và chuối nướng khá ngonXem thêm",1
4,Ben Ben,20/2/2018 18:42,7.6,"Lâu rồi mới ghé lại bánh canh Long Hương ăn thấy cũng ổn. 
Quán lúc nào cũng đông nghẹt người. Mùa Tết càng đông nữa. 
Tô bánh canh thịt bự chảng ăn no nê. 
Nước lèo tạm ổn chứ không đậm đà lắm. 
Nhân viên phục vụ nhanh lẹ.Xem thêm",1
5,Ú Nù  Sư Muội,1/2/2018 21:51,7.2,"Lâu rồi mới ăn lại nè, phải nói là ngon kinh khủng😻 gọi thêm bánh quẩy chấm nữa, nước mắm cũng vừa ăn ko quá mặn. Nói chung là ngon đó, chắc lúc trên đường về cũng phải ghé lần nữa quá😂 45k/tô, quẩy 8k, trà đá 2k/ly.Xem thêm",1
6,Quang Nguyen,10/1/2018 13:33,8.2,"Lần nào ngang vũng tàu hồ cốc hay bình thuận mình điều ghé quán này 
Tại đây có 3 quán bánh canh long hương mà mình thấy quán này okie nhất giá 1 tô khá mềm 45k rất to ăn no căng bụng cục xương to đùng toàn thịt thôi 
Phục vụ cực nhanh k lề mề như quán khách đặt đít xuống 5p là có ngay , cho nhiều loại rau , nước chấm 
Không gian khá thoáng rộng rãi có phòng vs lớn 
Mịnh nghĩ bạn nào đi ngabg nên ăn thử 1 lầnXem thêm",1
7,Nhi Dương,7/12/2017 14:59,7.4,"Mình được bạn dắt đi ăn ở đây, bước vào quán thì thấy không gian sạch sẽ rộng rãi nè, nhà vệ sinh cũng sạch lắm nha. Một tô vầy 45k mà chất lượng lắm, nhiều bánh, nhiều thịt cộng với 1 cục xương to đùng ăn ngán luôn :)) nước dùng cực kì ngon luônXem thêm",1
8,Pi  Péo,4/12/2017 23:34,6.6,"Nghe một bạn ở Vũng Tàu nói mình mới biết chỗ này vì nào giờ nghĩ bánh canh Long Hương là ngay cổng chào. Quán này phải quẹo vô cổng chào luôn nhé. Nước bánh canh ngon, vừa ăn.Xem thêm",1
9,Hà Nguyễn,24/10/2017 19:02,7.2,"Bánh canh ở đây nổi tiếng ai cũng biết rồi. 
Đợt rồi có dịp đi Vũng Tàu chơi nên mình có ghé ăn bánh canh ở đây. Quán nằm ngay cổng chào bà rịa luôn. Đông kinh khủng. Tô bánh canh nhìn cục thịt bự chảng đã cả mắt luôn nha. Ăn cục thịt thôi đủ no rồi chứ nói gì ăn thêm bánh canh nữa ))
Nước lèo hơi nhạt, không hợp khẩu vị mình lắm. Phải cho thêm nước mắm mới đậm đà. 
Ăn thử cho biết thôi chứ mình không hài lòng lắm.Xem thêm",1
10,Trang Còi,12/8/2017 6:04,4.0,"Bánh canh thì ăn tạm . Cơ mà cách phục vụ của nhân viên quá ư là tê. Khách hàng là thượng đế mà vô đó mình gọi món mà cái mặt chị ấy cứ vênh vênh lên . Order sai món cho khách mà khi nói đổi lại thì cái cái giọng "" ta đây giống chủ quán chẳng nể ai"", còn quay qua cãi nói "" ai kiu nói không rõ làm gi"".Xem thêm",1
11,hip96,7/11/2023 13:17,5.0,Điểm cộng cho quánXem thêm,2
12,Thùy Dung,6/11/2023 19:46,5.0,Điểm cộng cho quánXem thêm,2
13,Lê Thị Duyên,6/11/2023 19:32,5.2,Điểm cộng cho quánXem thêm,2
14,Lê Thị Bích Ngọc,6/11/2023 18:57,7.0,Điểm cộng cho quánXem thêm,2
15,bùi thị lan,6/11/2023 18:52,9.6,Điểm cộng cho quánXem thêm,2
16,ha thu,6/11/2023 18:22,5.0,Điểm cộng cho quánXem thêm,2
17,Hồng Nguyễn,6/11/2023 18:16,5.0,Điểm cộng cho quánXem thêm,2
18,foodee_7yvtb4vs,6/11/2023 18:11,5.0,Điểm cộng cho quánXem thêm,2
19,Hai Ngoc,6/11/2023 18:08,9.0,Điểm cộng cho quánXem thêm,2
20,Uyen123,6/11/2023 18:06,10,Điểm cộng cho quán )Xem thêm,2
21,foodee_ciua1ta1,1/5/2023 17:46,4.4,Đồ ăn ngon nhưng chất lượng phục vụ rất kémXem thêm,3
22,Thao Trinh,29/7/2018 21:25,7.2,"Sau bao ngày mong mỏi cuối cùng cũng có người quen mua bánh hỏi mang lên cho ăn. Bánh hỏi được gói trong lá chuối, nhìn là thấy thích rồi. Bánh hỏi cọng to, khô chứ không ướt ướt ướt mịn mịn như ở Sài Gòn là kiểu bánh hỏi mình thích.
Ở công ty nên không xử lý cho ngon như ở nhà vì thiếu công cụ dụng cụ nên mặc dù được ăn bánh hỏi yêu thích nhưng không được ngon lắm hihihi. Nhưng bánh hỏi này nếu mà ăn ngay tại chỗ hoặc mua về ăn liền sẽ ngon lắm luôn á.
Nước mắm, mỡ hành ăn kèm ngon.Xem thêm",3
23,Mai  Lannn,2/6/2018 7:42,7.4,"Mình đi ăn trưa gữa tuần nên có vẻ không đông lắm, đến cái là đồ ăn dọn ra ngay. 
Mình là đứa không thích ăn bánh hỏi nhưng cũng cuốn đươc 4 cái cuốn ăn đủ no. Bánh hỏi cuốn rau sống bánh tráng, chả giò + nem nướng. Bánh tráng cứng quá, khó cuốn. Chả giò - nem ăn ok. 
Có xe nước mía uống kèm quá đã khát.
Nhà vệ sinh cũng sạch sẽ, thấy có cô kia lớn tuổi chà rửa liên tục. 
Bàn ghế ngồi nhiều, bãi đậu xe oto đối diện + bên cạnh quán thoải mái luôn.Xem thêm",3
24,Hàn Thiên Thiên,5/5/2018 20:50,8.4,"Được các chị làm chung dẫn đi ăn no bể bụng luôn, ngon ơi là ngonXem thêm",3
25,Nganle1308 Lê,4/3/2018 21:21,9.8,"Hôm rồi thèm ăn bánh hỏi nên cùng gia đình lặn lội tới bánh hỏi An Nhứt này ăn thử vì khá nổi tiếng. 
Bánh hỏi ngon, nem nướng rất ngon và vừa miệng, chả giò thì chắc chiên lâu rồi hay sao mà ăn khá cứng chứ ko giòn.
Nhân viên phục vụ bình thường, chắc tại quán hơi đông.
Vị trí quán thì khá dễ tìm, các bạn cứ google map rồi đi theo thôi. Giá cả hợp lý, bình dân. Nhà mình đi 4 người mà ăn hết có hơn 200k thôi ăn no bể bụng.
Sẽ còn ghé lại.Xem thêm",3
26,Thảo Phạm,17/11/2017 19:16,7.0,"Đứa bạn thân đi nước ngoài về đòi đi ăn, nên cả đám dẫn bạn đi ăn Bánh Hỏi An Nhứt, vào quán thì thấy quán đông lắm, nhiều khách nữa nên là mình nghĩ ngon lắm cơ. Gọi 4 phần bánh hỏi thịt nướng, chả giò đầy đủ thì được một mâm ở trên. Đồ ăn ít lắm, rau cũng ít nữa, bánh hỏi cũng được 3 lớp mỏng, rau sống chỏ được một rổ nhỏ nhỏ, một dĩa dưa leo sắc lát, một tô nước mắm, một dĩa đu đủ bảo nhỏ, một sấp bánh tráng mỏng, 4 ly nước mía, sau đó vì ít bánh hỏi quá mình gọi thêm 4 dĩa nữa, tính tiền là một khoảng trời choáng ngợp.
Quán có không gian sạch sẽ, nhân viên cũng nhiệt tình, mình chỉ ăn cho biết thôi chứ ăn nhiều lần thì chắc là hông dám, đặc sản mà.Xem thêm",3
27,Vân Ái,30/9/2017 15:27,1.0,"Mình đi từ Phan Thiết về Vũng Tàu. Ghé quán ăn. Có 1 xe tới sau mình tầm 5ph. Mình ngồi đợi mãi phục vụ mới mang rau với 2 cái chén. 5ph mang thêm bánh tráng, thịt với chả giò. Lần nào mang đồ ăn ra cũng cau có, xán mạnh như thể mình đi xin ăn họ vậy. Mình ngồi chờ mãi k thấy bánh hỏi. Nhìn sang bàn tới sau mình đã có đầy đủ rồi. Mình mới hỏi nhân viên. Rồi lại đợi thêm 1 lúc nữa mới có bánh. Mình nói với phục vụ "" Chị ơi, sao bàn e tới trước mà lại có sau? E thấy bàn nào tới trước thì nên có trước chứ, e đợi nãy h lâu lắm rồi"" . Chị ấy chỉ nhìn mình bằng ánh mắt lạnh tanh, trả lời ""Có đều mà"" rồi bỏ đi luôn. Chả lẽ mình đổ oan cho họ làm gì chứ. Mình đi mệt, vô đợi 30ph mới có đồ ăn và đáp lại là thái độ phục vụ chả đâu có. Sau đó mình gọi thêm 1 phần mang về và nhờ gói lại giùm đồ ăn trên bàn. Thì chỉ nhân viên chỉ mang 1 cái hộp và 1 cái túi nilon ra quẳng lên bàn. Phục vụ tệ quá tệ.
Về chất lượng đồ ăn. Nếu như đồ ăn ngon thì tạm chấp nhận thái độ đó. Ở đây bánh hỏi thì chua, để nguyên cả miếng to. Thịt nướng cháy, nguội ngắt. Chả giò chiên thấy toàn bánh tráng, ở trong chả có gì. Nước mắm nhạt. Rau thì cho loe ngoe vài cọng, k gọn gàng như kiểu lấy rau thừa của bàn khác mang ra. Bánh tráng thì mau khô, giòn, rách. 
Thật sự mình là dân Vũng Tàu nhưng cảm thấy quá ngại đối với khách du lịch ghé quán. Mình khuyên các bạn nên đến bánh hỏi Hiếu. Nhà mình xưa h ăn ở đó. Chất lượng bánh rất tốt, phục vụ tốt lắm. 
Lâu lắm mới ghé An Nhứt mà thất vọng quá.Xem thêm",3
28,Nga Thiên,16/8/2017 16:31,1.8,"Ở đây bán thương hiệu của ngày xưa chứ chất lượng không còn như xưa nữa.
nhóm bạn vượt đường xa đến đây vì thương hiệu nức tiếng đất BRVT nhưng thật sự thất vọng:

- địa thế tốt nhưng không gian quán không được rộng lắm, có phần xô bồ và phong cách thường thường nhưng tốt hơn quán bình dân 1 chút.
- món ăn:(1) bánh hỏi không mềm như xưa, có phần hơi chua.(2) thịt thì tạm được nhưng hơi nguội. (3) chả giò quá khô cứng,ăn muốn rách miệng .(4)rau vàng, dĩa đựng rau không đủ cho số lượng rau nên nhìn như 1 đống bùi nhùi.(5) nước mắm quá nhạt, không 1 chút đậm đà.
- phục vụ: phục vụ nhanh nhưng thái độ nhân viên chưa tốt, mỗi lần cần gì nhờ phục vụ lấy dùm là nhận ngay 1 ánh mắt hình tên lửa, mang đồ ra kiểu dằn mâm xán chén. hỏi nhân viên ngoài nước mắm có mắm nêm như lúc trước không thì nhận được 1 chai nước mắm mặn ( dằn mạnh trên bàn) và câu nói lạnh lùng : "" chỉ có cái này thôi, ăn không được nước mắm ngọt thì ăn nước mắm ngọt đi  kiểu như bất cần khách lắm :(:((  quá khổ )
-giá cả: giá được 70k/1 phần.

những điểm khác có thể cho là tiểu tiết, có thể bỏ qua nhưng khi lựa chọn món ăn và k ngại xa xôi đến quán thưởng thức thì chất lượng món ăn là quan trọng nhất, mà chất lượng bánh hỏi An Nhứt không ngon như mong đợi thậm chí thất vọng ( nước mắm k đậm đà bằng chị tư xe đẩy đầu ngõ)nên mình cho 1 sao trên 5. mình và các bạn cùng nhóm hy vọng hôm đó là 1 ngày k đẹp trời, cô đầu bếp không vui nên bữa ăn k ngon, hy vọng những ngày khác phục vụ cho thực khách sẽ tốt hơn. nhưng tụi mình nhất quyết sẽ k quay lại nữa .
cảm ơn.Xem thêm",3
29,Thị Thành Nguyễn,19/7/2017 9:28,6.2,"Quán ăn đồ ăn làm sẵn nên có vẻ nhanh, nhưng không được nóng cho lắm. Vào quán là hỏi mấy người rồi mang ra bấy nhiêu phần luôn. Thịt nướng và chả giò có vẻ hơi cháy. Nước mắm theo mình thấy chưa đậm đà lắm. Ở đây thịt nướng là thịt nạc nhưng mềm. 55k/phần.Xem thêm",3
30,Bảo Hoàng,3/7/2017 17:16,1.0,"Vô không hỏi khách ăn mấy phần, cứ thấy mấy người là dọn ra. Khách ăn ko hết xin bỏ hộp cũng ko bỏ giúp, đem đúng 1 hộp ra quăng lên bàn để tự bỏ, bánh hỏi bao nhiu phần khách tự nhét vào 1 cái hộp. Nhân viên cư xử quá kém, kiểu như ko cần kháchXem thêm",3
31,Trang Võ,20/7/2019 18:05,9.8,"Mình đã ăn kem ở cả Up 1 và 2, cảm giác kem không bị ngọt quá, nếp cẩm và xôi đậu biếc rất mềm, nhân viên nhẹ nhàng và chu đáo, mình yêu những thứ gần gũi, thân thương nên sẽ thường xuyên quay lại UpXem thêm",4
32,Thành Đỗ,26/6/2019 8:46,8.0,"Đã đến quán, không gian yên tĩnh, mở nhạc nhẹ du dương, rất thích và đồ ăn uống đa dạng, ngon, giá cả hợp lý, đặc biệt có các món thiên về sản phẩm hữu cơ rất tốt cho sức khoẻ. Ok nhé các bạnXem thêm",4
33,hoàng my,10/7/2018 23:03,8.2,"Mình rất hay đến Up vào buổi sáng để cafe cùng bạn bè. Đồ ăn và thức uống của Up vị ổn và giá không quá đắt so với dân BR. 
Quán nằm ở vị trí dễ tìm, đường vào trung tâm anh ngữ E4U, khá nổi tiếng với teen và người BR
Không gian quán theo mình phù hợp để đi cafe sáng hoặc chiều tầm 4-6g vì buổi tối quán nhìn âm u và hơi muỗi mặc dù có đốt nhang. 
Phù hợp để sống ảo, thay đổi cách trang trí theo mùa. 
Thích nhất sữa hạt sen ở Up vì dùng hạt không biến đổi gen  và vị rất ngon, không quá ngọt. 
Phục vụ tốt, view đẹp.Xem thêm",4
34,Ben Ben,20/2/2018 18:53,8.0,"Rất thích không gian ở Up.
Decor kiểu sân vườn mát mẻ. Menu đa dạng các loại thức uống và đồ ăn nha. Mình gọi sữa chua nếp cẩm ăn rất ngon. Vị sữa chua béo béo hòa quyện cùng nếp cẩm thơm bùi rất tuyệt. 
Nhân viên phục vụ rất nhiệt tình. 
Quán cafe iu thích mỗi khi về Bà Rịa chơiXem thêm",4
35,Bi Nhỏ's,10/1/2018 23:10,8.2,"Mấy món ăn nhanh của Up món nào cũng ngon hết á. Mỗi phần không được nhiều, nhưng ăn cực kỳ đã, ăn đến đâu là nhớ luôn đến đó nha.
Chả cá có độ dai giòn vừa phải và cảm nhận rất rõ vị cá chứ không phải toàn bột như mấy hàng cá viên chiên đâu, cũng được nêm nếm rất là vừa miệng nữa. Khoai tây chiên thì thấy hình như cũng giống như những quán khác thôi, mà không hiểu sao ăn vào thích cực, rất là ghiền luôn á, và đây cũng là lần đầu tiên mình cảm thấy thích món khoai tây chiên luôn á. Riêng 2 cái món này thì ăn rồi cứ muốn ăn mãi 😆
Trà sữa của quán thì hơi bị thường tí, không hẳn là béo vị sữa, cũng chẳng thơm mùi trà, bánh plan thì hơi bị nát quá nên ăn cũng mất ngon, hịhị...
À cái chị nhân viên tóc ngắn ngắn á, nhiệt tình mà dễ thương cực luôn 😆Xem thêm",4
36,Bi Nhỏ's,10/1/2018 23:05,8.0,"Không gian quán cứ phải gọi là xanh mướt luôn. Thích cực luôn á nha. Trời mát mát như vầy mà thả hồn vào Up thì hết xảy 😆
Quán không phải lúc nào cũng đông, nhưng chính sự yên tĩnh đó là cái ghi điểm đó nha. 
Đa phần đồ của quán nghe nói là homemade nên giá có nhỉnh hơn xíu so với mặt bằng chung, cơ mà rất là đáng đồng tiền bát gạo luôn.
team sống ảo mà chui được vô đây là hết bài, góc nào cũng xinh, khung ảnh nào cũng đẹp. Hết xảy! 😆
Cũng chính vì vậy mà mình sẽ còn ủng hộ Up dài dài nè ;)
Chỉ bị cái quán nằm trong hẻm nên ai mà chưa biết chỗ thì đi tìm hơi mệt xíu hôi. Mình đi tìm tới 4 lần mới ra đó :vXem thêm",4
37,Khánh Khánh,19/9/2017 15:38,8.0,"Quán gì mà đẹp dữ thần luôn các me. Cuối tuần rồi mới ghé cùng đám bạn cái mê luôn nha. 
Không gian nhỏ nhỏ dễ thương lắm, kiểu có sân vườn đồ này kia á, trang trí kiểu hơi bánh bèo nên các nàng chắc thích lắm. 
Giá nước cũng ok không quá mắc đâu. 
Nhân viên phục vụ nhiệt tình dễ thươngXem thêm",4
38,Hoàng Hà,30/8/2017 23:03,5.4,"Giá nước hơi cao. Trang trí rất đẹp nhưng nước hơi ít và đồ ăn cũng ko có bao nhiêu món. 
Lâu lâu dẫn bạn bè nơi khác đến sống ảo thì cdcXem thêm",4
39,trantran_24,28/2/2017 12:07,2.8,"Không gian đẹp, tha hồ chụp hình sống ảo
Nước ko ngon, đồ ăn ko ngon giá lại quá cao 
Đc cái nhân viên dễ thương, nhiệt tình nên chắc sẽ quay lạiXem thêm",4
40,Winnie Nguyễn,31/1/2017 16:51,7.4,"Tết quán vẫn mở nên ghé thưởng thức không gian lãng mạn xí. Tết nên quán trang trí nhiều đèn lung linh nha. Nước uống cũng ngon nữa. Có nhiều góc chụp hình ảo tung chảo luôn. 
Mỗi lần đến up lúc nào cũng cảm thấy được bình yên bởi không gian khá yên tĩnh.Xem thêm",4
41,Vy Lê,31/5/2023 15:35,2.6,"Lần đầu tiên ghé quán và rất thất vọng, giá cả đắt đỏ 65k/ tô, ko có gì nhiều trong tô bánh canh, ko ngon như quán 30-35k, nhân viên phục vụ như mẹ thiên hạ, chửi bới khách hàng. Nói chung cảm giác rất tệ, khuyên mọi ng chân thành là ko nên ghé quánXem thêm",5
42,Thái Hà,21/6/2020 16:32,1.0,"Nghĩ sao tô bánh canh 60k mà chả có gì gọi là ngon, kêu thêm giò tính 45k/cục, bán như cắt cổ ngta, đc cái nước lèo tạm ổn thôi, thua tô bánh canh 30k ở Sg nữa, bọn mình ghé ăn thử do thấy nhiều review tốt ai ngờ... Thái độ mấy cô nhân viên cũng rất khó chịu, như k cần khách, khuyên chân thành ai đi vt KHÔNG nên ghé đây ăn kẻo phí tiền.Xem thêm",5
43,Quynh Le,22/5/2020 14:01,6.8,"Nhà chồng mình ở BR nên lần nào về đây cũng ăn bánh canh long hương
Ba Chồng mình bảo ở đây lâu đời lắm rồi
60k một tô. xe du lịch vô tấp nập luôn í. phục vụ gọn gàng nhanh lẹ lắm , không gian thoáng đãngXem thêm",5
44,Mỹ Anh Nguyễn Thị,17/5/2020 16:20,8.0,"Đợt nào đi Vũng Tàu cũng ghé chỗ này ăn bánh canh. Quán nổi tiếng mà ngon nữa. Dạo này thấy quán phục vụ chu đáo lắm. Gọi món xong làm đúng nhanh luôn. Một tô là 60k, ngon lắm mọi người. Nước dùng ngọt, thêm hành phi nữa thơm lắm. Bánh canh thì ngon, mềm chứ ko bị nhão đâu nha
Yên tâm là không gian siêu rộng nên ko lo bị hết chỗ, chỉ sợ nóng thôi )))) Ăn tô bánh canh nóng hổi vã cả mồ hôi màXem thêm",5
45,Hằng Nguyễn,9/7/2019 16:50,4.0,"Thứ 7 ngày 6/7. Nhóm mình 18 người đi team building tại Vũng tàu về ghé ngang qua ăn. Về 6 người bị ngộ độc tiêu chảy. Mình phải đi viện chuyền nước 3 ngày. Đề nghị quán làm ăn có tâm, vệ sinh an toàn thực phẩm để k ai như nhóm mình vừa qua. 
Tức sôi máuXem thêm",5
46,Hiệp Huỳnh,13/3/2019 19:46,6.4,"Hôm bữa m có ghé dùng bánh canh, 45k 1 tô lớn, đợt này theo cảm nghĩ của m thì k ngon như những lần trước m ăn. Nước lèo thì nguội, không đậm đà và ngọt như những lần trước. Không gian quán rộng, nhưng đông lắm.Xem thêm",5
47,Thư Nguyễn,8/2/2019 14:28,2.8,"Không biết phải do hôm nay xui ghé dịp tết hay không, quán quá đông nhân viên thì phục vụ thật sự tệ, vô ngồi rất lâu bàn rất dơ cũng không ai dọn, cũng không có ai đến hỏi ăn gì, nói nhân viên đi qua đi lại để gọi món rất nhiều lần mới có ăn,  lúc có món gọi thêm nước uống kêu chị kia đứng ngay quầy nghe rồi kêu rồi còn hỏi lại e lấy pepsi phải k? Mà rồi chỉ cũng đứng đó không lấy cũng không nói ai lấy dùm, quán đông mà chỉ đứng rảnh rỗi đợi mỗi mâm để bưng mà rất lâu còn đứng ngáp ngắn ngáp dài, kêu chỉ lấy dùm thêm lần nữa cái chỉ nhìn xong chỉ lơ luôn rồi lại đứng hồi lâu nữa dù tất cả những nhân viên khác vác giò chạy ngược xuôi, tất cả đều chậm chạp lề mề và đối xử với khách rất tệ, vô quán ăn trả tiền để ăn mà như đi xin vậy, chỉ có tính tiền là thực sự nhanh thôiXem thêm",5
48,foodee_956f0d5e,30/12/2018 20:40,1.4,"Hôm nay có dịp ghé Vũng Tàu. Khi đến cổng chào Bà Rịa thì quán Long Hương khá đông và bản thân mình biết quán này đã không còn ngon như trước,từ giá cả đến thái độ phục vụ và nước canh luôn nguội lạnh nên xe nhà mình tấp vào quán gần đó để ăn sáng.Khi đi ngang Long Hương thì bảo vệ đã chỉ chỏ vào xe mình và nói gì đó vì xe không chịu ghé quán.Sau khi ăn sáng xong,xe mình vào ngã 3,chạy khoảng 300m,ngay khu lốc nhà đang xây bên tay trái thì nghe tiếng va đập rớt lớn,khiến cho kính chắn gió ngay góc tài xế bị vỡ ra và văng kiếng vào làm xước cả da khách bên trong .(Thời điểm đó không có xe lưu thông ngược chiều nên không thể nào có đá bắn vào,nếu có thì cũng không đủ lực để phá vỡ kính xe vì kính khá dày:lớp kính ngoài,lớp keo giữa và kính bên trong- Chỉ có lực đủ lớn như ná bắn hay súng hơi thì mới có đủ lực làm vỡ cả lớp kính trong). Qua hỏi thăm thì được biết có 1 vài xe du lịch bị như vậy vì Quán Bánh Canh Long Hương đã cạnh tranh 1 cách thiếu đạo đức nên đã cho người dằn mặt tài xế. Chính vì thói côn đồ này vô tình hại cho cánh tài xế,những người kiếm cơm nhưng thấp thỏm mỗi khi không ghé Long Hương.Xem thêm",5
49,Đường Phượng Thư,12/12/2018 22:31,6.2,"Mình không hiểu sao lúc nào đi Vũng Tàu mọi người cũng hay rủ nhau ghé bánh canh Long Hương ngay vòng xoay cổng chào của ngã ba Vũng Tàu. Mình thấy tô bánh canh rất đơn giản chỉ có bánh canh, vài lát thịt xắt và giò hoặc xương, giá 45k/ tô là khá mắc cho một phần bánh canh không có gì đặc biệt, nhưng quán luôn đông chật kín bàn, phục vụ cũng khá nhanh, nhóm mình đi gần 20 người nhưng chờ ko lâu đã có đủ phần ăn, vì đi chung nên ghé chứ bản thân mình ko thích lắm.Xem thêm",5
50,Phương Trương,20/11/2018 10:44,7.6,"Ở đây có nhiều loại bánh canh như bánh canh giò heo, tôm, chả,...Mình thích sợi bánh béo béo, dai dai, nước dùng vừa miệng, thêm miếng giò heo to oạch luôn
Mình k nhớ rõ giá là bao nhiêu, đâu đó tầm 45-55k cho 1 bát như hìnhXem thêm",5
51,Pé Cáo,27/3/2018 19:20,7.8,"Vào quán vì bảng hiệu của quán gây tò mò.  Không gian rộng thoáng,  nước uống ngon, giá cả dĩ nhiên sẽ rẻ hơn nếu bạn đến một mô hình quán thế này ở SG.Xem thêm",6
52,Viet Nguyen,22/2/2018 10:27,8.0,"Hình lâu rồi giờ mới review ))) Cafe nhỏ là một trong những quán cafe mình yêu thích nhất ở bà rịa nè. Không gian dễ thương lắm nha. Có chút không khí sân vườn thiên nhiên mát mẻ. Lâu lâu có ca nhac buổi tối nữa. Ngồi góc nào ở nhỏ cũng thích hết á. 
Nước uống khá ổn.Xem thêm",6
53,Trương Nguyễn Minh Tâm,13/11/2016 19:31,7.0,Wán phong cách vintage dễ thương. Rất nhiều góc có thể sống ảo đc. Mình thường tới buổi trưa nên wán vắng khá yên tĩnhXem thêm,6
54,Thư Văn,13/9/2016 0:25,7.2,Quán nằm trong đường nhỏ nhưng rất dễ tìm..không gian quán đẹp lại rất yên tĩnh..mình rất thích ngồi trên lầu vì rất thoáng mát..nước thì nói chung cũng ngon..giá cả hợp lí..nhân viên phục vụ thì ok..lâu lâu vào thì lấy có đàn hát cũng vui vuiXem thêm,6
55,Annie Mine,22/7/2016 15:21,8.2,"Có dịp đi chơi Bà Rịa, được dẫn đến Nhỏ 2 lần. 
Công nhận cái tên nghe mến ghê. Dù ít khi cà phê hay trà sữa la cà, nhưng phải nói ở đây từ không gian đến thức uống hay nhân viên đều nhẹ nhàng. 
Điểm cộng: 
Không gian thoáng mát, tự nhiên, trang trí nhẹ nhàng dễ mến như tên gọi. 
Thức uống tạm ổn, trà đào thấy ngon hơn mấy quán Trà sữa ở BR 
Giá cũng ổn, ok. 
Nhân viên k đến nỗi khó chịu hay gì cả. Xin gác chân lên ghế, nv vẫn cho và nói ""Dạ được!""
Tuy nhiên lúc đông nv ít nên tính tiền hơi lâu. :))Xem thêm",6
56,Amanda Vũ,15/7/2016 16:36,4.0,"Nước uống tạm được, ko có j đặc biệt! Không gian có các góc đẹp! 
Nhân viên phục vụ tệ, gọi chị ơi tự nhiên lắc đầu ôm cái rổ ly đi luôn! Có mẹ ở đó nên bực quá bỏ về! Ghét nhất là dàn nhạc buổi tối, nhạc êm cho ng ngồi nghe vừa nc, ngc lại lấy trống đánh ùm ùm ồn ào quá mức! Thôi bye lun từ đâyXem thêm",6
57,Khánh Khánh,7/7/2016 10:31,7.8,"Đi 2 lần quán này giờ review luôn một thể hihi. Đầu tiên bước vào quán thích nhất là không gian đậm chất vintage luôn nè, màu sắc trang trí nhẹ nhàng. Mỗi bàn đều có bình hoa khô nhỏ nhỏ xinh ơi là xinh luôn nha. Bữa đó mình đi vào thứ 7 nên được nghe các bạn ở quán chơi nhạc nữa. Uống lipton chanh nóng trời mưa nge nhạc là hết xảy lun í, Phải nói là anh chơi gi-ta hơi bị dễ thương nha, hát hay nữa. Giá nước ở quán thuộc tầm trung vs những quán khác, mình uống lipton 22k, nhỏ bạn uống matcha đá xay 39k vs mấy ly cafe nữa. Bữa sau phải canh t5 hoặc t7 để dc nge nhạc hihiXem thêm",6
58,Nhung Hồng,6/7/2016 21:38,6.0,"Hôm trước nhỏ bạn chỉ cho em quán này.  Em tới khoảng 4 5h chìêu gì đó,  lúc bước vô quán thì thấy khá yên tĩnh,  view đẹp khỏi bàn.  Nước uống ngon lắm ~~ Nhưng em không thích cách phục vụ của nhân viên quán cho lắm,  lúc mới vào thì cái bàn ở ngoài hơi dơ,  nhưng chị nv vẫn im lặng không nói một lời thay vì bảo em vào trong quán,  lúc gọi nước uống chị ấy cũng chỉ đưa menu ra ghi nưóc rồi vô,  hay lúc đưa nước ra cũng vậy.  Thật ra không nói cũng được ít nhất chị ý cũng nên nở nụ cười chứ ạ 😭😭 Được lúc tính tiền anh kia nch cute hơn nhiều 😂Xem thêm",6
59,an di,20/6/2016 22:17,6.8,"thời gian trước rất hay ghé quán, hầu như tuần nào cũng đến. Quán mang hướng vintage trông rất thích, trên lầu và bên ngoài thoáng, khu bên trong có máy lạnh phà phà luôn. nhân viên phục vụ nhiệt tình (à cái này hình như gần đây chất lượng phục vụ của quán giảm đi rõ rệt, khoảng tầm 2-3 tháng trước do mình ko có thời gian nên không ghé quán, gần đây ghé lại thì có thay đổi về nhân viên của quán, phục vụ không còn nhiệt tình như trước nữa, thành ra mình cũng ko còn đến quán nhiều). Khách quan thì đồ uống ngon, giá cả ok, quán có nhiều view đẹp, là 1 trong số những quán nên đến ở Bà Rịa. Thích hợp cho mấy bạn muốn đi tìm view đẹp để chụp hình ))) Mình đặc biệt thích cách quán trang trí/ quà tặng kèm cho những ngày lễ với logo của quán, thêm cái nữa là quán mở nhạc hay.Xem thêm",6
60,Shin Ji,26/2/2016 14:44,7.4,"Thích cái logo của quán dễ sợ! 
Tình cờ bạn bè dẫn tới quán thôi, nhưng tình cờ ngay tối thứ 5 nên 8h trên lầu đã không còn bàn trống.
Nhưng không gian lầu ưu điểm thoáng, nhưng nhược điểm loãng âm và ban nhạc chơi chưa nổi bật lắm...
Các bạn cố gắng tạo không khí thêm nữa nha!
Đồ uống cũng ngon, theo 1 ""chuyên gia đi cafe"" ở Bà Rịa thì bạn mình đánh giá ngon hơn 1 số quán mới nổi ở Bà Rịa...
Đi nhiều mà ít chụp hình lại, vì chưa thấy gì thực sự là và thu hút...
Nên ko có hình chia sẻ nhé!!!Xem thêm",6
61,Khắc Nghĩa,11/3/2020 13:01,1.0,"3 lầu mở 1 cái wifi kiểu như cho nhân viên sài không cho khách sài hay sao ấy. Vô quán thì kín mít 4g chịu còn không nổi mà quán tiết kiệm quá. Nhân viên dưới quán thì hát hò lầu 3 còn nghe được, khó chịu vô cùngXem thêm",7
62,Thao Trinh,18/10/2019 23:26,7.2,"Theo mình biết thì đây là trà sữa thương hiệu Việt không biết đúng không tuy nhiên thấy không gian quán, thiết kế bao bì và chất lượng trà sữa rất ổn.
Ủng hộXem thêm",7
63,Hy Ju,22/6/2018 14:04,9.0,Mình thích uống trà sứa socola ở đây.Mỗi tội mấy lần mưa muốn được now ship tận nhà mà k đc hỗ trợ ở bà rịa.Xem thêm,7
64,Ben Ben,20/2/2018 19:14,7.6,"Bà rịa giờ có nhiều quán trà sữa quá nè. Bobapop mở trên đường Nguyễn Tất Thành rộng đẹp lắm.
Mình thấy uống khá ổn đó, mùi vị thấy cũng giống như trên Sài Gòn mình hay uống. 
Trà thơm, mình chọn mức đường ít nhất thấy uống hợp khẩu vị rồi 
Các bạn nhân viên phục nhiệt tình thân thiệnXem thêm",7
65,Quyên Đỗ,16/2/2018 17:00,10,"Ở SG hay uống BOBAPOP. Về Bà Rịa thấy quá trời quán trà sữa mà không muốn uống. Lướt foody thấy Bobapop là bay đi mua liền :))))
Vị không bị thay đổi. 
Mà buồn ghê mùng 2 về rồi mà mùng 1 quán nghỉ phải nhịn :(
Chắn chắn hè về sẽ uống nữa.Xem thêm",7
66,Vân  Lê,30/12/2017 13:03,9.6,"Chi nhánh mới mở được 1 thời gian. Không gian rộng rãi, view đẹp . Order được nhân viên mang nước lên rất nhanh. Trông giữ xe rất nhiệt tình, dắt hộ xe cho khách nữa . Nước thì khá ổn, riêng trà sữa hơi nhạt một chút nhưng vị trà rất thơm, trân châu ngon.Xem thêm",7
67,Phan Thảo,22/9/2017 13:41,5.8,"Mình cảm thấy rõ mùi bột sữa, không biết giống công thức bbp SG không nhưng trên SG uống không có CN nào có vị nv.Xem thêm",7
68,Mỹ Dung,28/8/2017 12:30,7.6,"Hôm nay đi chơi về thèm trà sữa, nghe nói bobabop mới mở chi nhánh ở bà rịa nên cũng đi chạy vòng vòng tìm uống. Mình vs bạn oder 1 ly trà xanh sủi bọt và 1 ly trà sữa trân châu. Mọi lần đi mấy chi nhánh khác đều bị hết trân châu nhưng lần này may mắn trân châu vẫn còn. Oder nước rồi lân lầu ngồi đợi, nhân viên mang nước lên khá nhanh. Trà thơm, béo vừa, trân châu dai ngon. Cầu thang đi lên tầng khá nhỏ. Có máy lạnh nhưng ko có phòng khép kín nên ko đc mát lắm.Xem thêm",7
69,cua Nguyễn,17/7/2017 10:34,7.4,"Hihi từ hồi bobapop mở ở Bà Rịa cái là hú hí đi miết luôn 😂👏😍😍😍 trà sữa ngon, giá không quá cao, cũng ổn, khoái nhất món matchese với cả matlatte luôn, ngon ứ chịu được 😘 nhân viên toàn dàn trai xinh gái đẹp, dễ thương, phục vụ khá tốt, lịch sự, tận tình, tuy nhiêN việc dọn dẹp sau khi khách về thì còn hơi chậm, hôm nọ mình vào mà thấy bàn kế bên người đã về nhưng ly giấy vẫn còn trên bàn, nước chảy ra nữa, v mà k ai dọn cho đến khi có khách mới vô ngồi mới lon ton đi dọn. Trừ việc đó ra thì tất cả đều tốt hihi👏👏Xem thêm",7
70,Đỗ Gia Kiệt,7/7/2017 19:47,7.0,"Hôm nay, mình đi uống bobapop với bạn. Tụi mình order Trà Sủi Bọt Lá Cây và Trà Mật Ong Nha Đam. Cả 2 món này rất ngon. Nhân vân phục vụ nhiệt tình,vui vẻXem thêm",7
71,Trần Hạnh,19/1/2021 14:20,7.0,OkXem thêm,8
72,Long Nguyen,23/6/2019 1:13,4.4,"Hiếm khi ở lại Bà rịa,search phát kiếm gì ngon thì thấy quán này nên lao vào. Mình đến hơi trể tầm 20h45 thứ 6 21/6, lúc này quán vắng rồi nhìn ở ngoài tầm 4-5 bàn thui. 
Mình và 1 ng bạn mình bước vào gặp 2 bạn nữ mang áo dài đang ngồi ngay bàn đặt ở lối vào đang nói chuyện say sưa quay lưng ra khách, mình dừng lại nhìn thấy họ không nói gì ( không chắc có phải nhân viên đón khách không? ) nên mình đi thẳng vào luôn. 
Vô trong thấy nhân viên mang đồng phục trắng qua lại khá đông, mình đang phân vân tìm chổ thích hợp và không ai hỏi nên mình cũng chả muốn gọi ai để tự chọn vậy. 2 ng ngồi trước trống quá nên mình dắt bạn mình ra phía sau vườn xem có gì hay. Lúc này lạ quán nên mình bắt đầu cần nhân viên giúp đỡ, gọi 1 bạn nam lại hỏi và được bạn ấy nói: dạ a muốn ngồi đâu thì ngồi ạ. Mình nghỉ Thôi thì trể rồi, ngồi ngay chòi đầu tiên đi cho gần bếp đỡ bưng bê đợi lâu nè.
- lúc này 1 bạn nữ đến chăm sóc đá và hỏi nước trước để e mang lên  rất chu đáo.
Đến phần gọi món, menu quán nhậu có cả bán cơm trưa hay sao ấy nên menu rối quá, mình liếc sơ rồi xếp lại hỏi thẳng bạn nhân viên: em ơi quán mình món gì ngon khách hay ăn nhìu nhất? Bạn ấy giơi thiệu: sườn nướng, miếng cua và xôi gì đó. 
- E lấy 3 món này cho a trước nhé mấy món này ai cũng kêu.
Nghe 3 món mình hỏi kỉ lại: 3 món lun hả e? Nó là 3 món riêng hay chung 1 phần? Nếu là riêng Làm sao 2 ng ăn hết a cần ăn thêm hải sản nữa e. 
Lúc này như có ai gọi bạn nhân viên đi thẳng vô trong rồi đi luôn đâu đó, mình lại lấy menu lên xem cho đỡ quê, nhưng trong đầu xác định là chờ gọi thêm hải sản thôi. Tầm 5 phút không thấy quay lại, mình gọi lần lượt 2 bạn nữa: em ơi cho a gọi món, tất cả đều nhận được sự im lặng.  Gọi đến bạn nữ bưng nước lúc nãy thì bạn ấy mới đứng ra kêu khách cần gọi món kìa. Lại đợi thêm vài phút, bực mình thật nhưng không muốn nói gì đợi bạn ấy ra xem thế nào. Bạn đó vừa ra không nói gì cầm bút lên như chuẩn bị ghi tiếp tỉnh bơ. mình hỏi thẳng a muốn ăn tôm càng, hào ( tất cả đều đc báo hết)
- Ốc hương thì sao em? ( dạ có nhưng ốc hương quán giá cao lắm nha a ,tầm 1tr/kg)  -mình gọi 0,5 kg
- quán mình có cá gì còn sống em? Bạn ấy trả lời: - cá không được, cá toàn trên 1kg2 không ah ăn không hết đâu.
- còn cua thì sao e?
Bạn ấy trả lời: - cua quán e có cua gạch nhưng giá cũng cao lắm tầm 1tr hay 1tr1 gì đó e không rõ, 2 anh ăn chắc 1 con to là được rồi.
Mình hỏi thêm món ăn no thì được bạn mình nhắc là nãy có 3 món lúc đầu rồi nên thôi.
Phần lên món tạm ổn,  ốc hương lên, rồi miếng cua , sườn cây, món xôi gì đó đc báo là hết.Món sườn cây nướng và miếng cua bình thường lắm, chỉ là nhạt nhạt vừa ăn chẳng có gì đặc biệt mà giới thiệu là đặc sản quán em. đói bụng nên 2 đứa cũng ăn hết món và  được 1/2 đĩa miếng cua. 
-Ngồi ăn  mà mấy bạn nhân viên nam nữ đứng kế bên đùa giỡn chửi tục chửi thề luôn mình và bạn mình chỉ biết lắc đầu. Thấy nhân viên có vẻ rảnh nên mình hỏi bạn nam khác ngay đó:-  e ơi a còn món cua nữa lâu quá e? 
Bạn ấy trả lời: dạ đang làm anh ơi.
Mình mới quay qua nói với người bạn: - Nó đứng đó giỡn nãy giờ mà biết quán đang làm sắp xong luôn mới ghê! Bạn mình trả lời: quán này nhân viên có camera xem trực tiếp dưới bếp. 
Đợi lâu quá Mình Hỏi thêm 2 ng nữa thì được báo tin buồn là kua hết.
Mình tính tiền ra về, nhưng không quên chụp tấm hình để lên đây phàn nàn.
Quán cần chấn chỉnh lại đội ngủ nhân viên và đặc biệt là quản lý ( nếu có) quản lý nhân viên quá tệ, tôi không biết mấy ngày cuối tuần khách đông các bạn bán thế nào?Xem thêm",8
73,Phương Thảo,12/7/2018 17:33,5.2,"Đi 5 người gọi 4 món ăn vừa no vừa ngon. Bill tầm hơn 900k (cũng lâu nên không nhớ chính xác). Thức ăn ngon, quán đẹp thích hợp tiếp khách. Lúc nào đi qua cũng thấy đông, chắc vì vậy mà thấy phục vụ chậm. Có một điểm trừ là khăn trải bàn. Quán nhìn sang trọng vậy mà khăn trải bàn lủng lỗ, 2 cái bị rách luôn chứ không phải một. Lúc xếp đồ ăn lên bị che mất nên không có chụp được chỗ rách. Còn về món ăn thì không có gì để chê. Theo thứ tự hình là các món: miến cua (mà toàn ghẹ chứ không có cua, nên đổi tên), bò nhúng mẻ, cơm gà tay cầm, sườn heo nướng với bánh bao chiên và xôi phồng (sườn nướng Hồng Kông hay gì á mình quên tên rồi).Xem thêm",8
74,Phượng Huỳnh,14/5/2018 12:00,1.0,"Món ăn thì bình thường, giá cả cũng ko phải là rẻ nhưng thái độ của nhân viên thì chả chấp nhận nổi. Nhân viên phục vụ bưng đồ ăn lên làm đổ ly nước cam vào người chồng mình mà ko có một lời xin lỗi, cứ trơ cái mặt ra, như ko có gì. Quản lý thì cũng chẳng hơnXem thêm",8
75,Phan Khương,14/5/2018 11:55,1.0,Thấy khách đi xe máy có thái độ khinh khỉnh không thèm tiếp. Ăn 1 lần tởn tới già. Không bao giờ ghé lần nữaXem thêm,8
76,Thảo Phạm,31/7/2017 15:17,6.8,"Có dịp nên mình được đi ăn quán Sài Gòn OK, nhóm mình đi 8 người nên vào 1 chòi phía sau hồ nước để dùng bữa.
Bên minh ăn mấy món mà mình thấy nhân viên bảo là ngon, đặc sản như là Gỏi tôm gà ngó sen, Sườn nướng xôi phồng, lẩu nấm, cá kèo nướng muối ớt. Món nào ăn cũng ngon hết á cộng với cái không gian khá riêng tư nên mình thấy ok lắm
Nhân viên: nhân viên phục vụ khá là nhiệt tình, tiếp nước, bia khá nhanh
Không gian: quán nằm mặt tiền đường nên khá dễ kiếm và quán cũng rất rộng nhéXem thêm",8
77,Vân Vũ,18/2/2017 18:04,7.6,"Mình với gia đình cps dịp ghé nhà hàng vào dịp Tết! Không gian ở quán rất tuyệt. Phía trước là các bán gần nhau, đi ra phía sau thì như sân vườn với các chòi (gọi là chòi chứ được xây tường gạch đàng hoàng), tạo ra không gian riêng cho từng gia đình hay các buổi hội họp. Không gian phía sau thực sự rất đẹp, cảm giác tự nhiên thoáng đạt

Menu của quán rất đa dạng, mình thấy quán gợi ý mó gà nướng và chả cá thác lác. Và thực sự hai món ăn rất ngon. Ngoài ra nhà mình còn gọi thêm hai món phụ là đậu hủ và bò lúc lắc. Món đậu hủ cũng không có gì đặc biệt, bò thì rất mềm và sốt rất ngon!

Nếu ai trên đương từ thành phố về vũng tàu nên ghé qua. Quán cũng có rất nhiều món hải sảnXem thêm",8
78,Khánh Khánh,23/9/2016 10:11,7.2,"Mình có ghé nhà hàng này ăn vài lần rồi, thấy lần nào cũng ngon hết. Món ăn đa dạng, mặc dù đi ăn nhiều lần nhưng lần nào cũng order cá kèo nướng và sườn. Siêu ngon các mẹ ạ, cá kèo béo lắm luôn, chấm muối ớt xanh chài ai chịu ko nổi hà. Sườn nướng cục bự bự gặm siêu thích, có mấy cục sụn sụn ăn ngon nè. Ngoài ra cari ấn cũng ngon. Có mỗi cơm rang mình thấy hơi khô :(((( 
Nhân viên phục vụ nhanh, vui vẻ.Xem thêm",8
79,Shin Ji,4/1/2016 9:52,5.2,"Trưa chủ nhật mình gọi món cho gia đình 4 người, thời gian đã check trước với nhân viên là khoảng 20 phút vì có món nướng, nhưng tới 45 phút sau đồ ăn chưa ra được món nào... Nhà hàng trưa chủ nhật chỉ có 1 bàn khu phía trước và 2 group ngồi phía trong, mình cũng nghe khách hàng ngồi chòi bên cạnh nói về đồ ăn đợi quá lâu.

Khi mình lại quầy thanh toán nhìn được vào góc ra món của Bếp để hỏi nhân viên thì được biết đa phần nhân viên đang chạy tiệc cưới bên ngoài nên thiếu người, nhưng mình đếm  qua thì cũng gần 10 người cả phục vụ và bếp, mà lại là chủ nhật nữa.

Hy vọng nhà hàng cải thiện hơn và tập trung vào những ngày cuối tuần như thế này, ít nhất cũng để nhân viên nói với khách 1 tiếng khi phải đợi lâu như vậy trong khi quán ko quá đông khách.Xem thêm",8
80,thu259,31/7/2015 22:33,5.0,Thức ăn ngon..phục vụ tốt..mỗi tội ngồi trong chòi nhìn chuột chạy qua chạy lại sợ qá !! 😖Xem thêm,8
81,Yến Nhi Nguyễn Từ,11/1/2017 11:17,9.0,"Quán mới có món nước ép bưởi, có 30k thui mà 1 chai bự dã man luôn. Các món nước khác cũng rất là rẻ luôn đó mà chất lượng cực kì nha.Xem thêm",9
82,Ngọc Ngọc,11/1/2016 18:08,8.6,"Qua nhà bạn ở Bà rịa chơi được dẫn đến quán nay đúng sở thích của mình luôn, không gian quán rất đẹp nhìn rất là ấm cúng và sang trọng, cách bày trí bàn ghế, không gian quán rất hợp lí. Mình không rành đường Bà Rịa chỉ biết nó nằm gần vòng xoay Xóm Cát thôi nghe bạn mình nói vậy :D

Menu rất nhiều thức uống có tên lạ và hấp dẫn, cách trình bày một món thức uống cũng đủ làm mình muốn ngắm chứ không muốn uống vì rất đẹp mà giá rất là rẻ nhé

Thích cái cách phục vụ của nhân viên ở quán khá là nhiệt tình trong việc hướng dẫn khách order về nước uống, và cả cái cách tận tình của các bạn phục vụ ở đây

Vì ở Vũng Tàu chạy sang và còn công việc  nên mình không thể ngồi lâu ở quán nên hưởng thụ được, sẽ có dịp mình sẽ quay lại và khám phá quán cũng như thêm các món nước uống ở đây ^^Xem thêm",9
83,Nguyenxuan,3/1/2016 7:15,8.6,"Quán cafe phù hợp cho đối tượng các bạn trẻ yêu thích ca hát và nghe nhạc. Hát với nhau diễn ra vào thứ 5 và 7 hàng tuần. Quán có không gian thoáng mát, đơn giản nhưng rất dễ thương. Nhân viên nhiệt tình, quán sạch sẽ, nước uống ngon giá ok . Mỗi lần có dịp là mình ghé qua đây nghe các bạn hát khá là hayXem thêm",9
84,Tang Du,31/12/2015 13:16,8.8,"Ba điều mình thích nhất ở A1:
Sinh tố dâu-bạc hà
Không gian thoáng, thoải mái
Nhạc Acoustic :)) đúng gu của mình luôn...
Cơ mà chắc do số mình không được may cho lắm, dạo này đi ngang qua toàn vào thời điểm không có nhạc acoustic, thấy trong quán cũng khá đông và hơi ồn (chắc do nhạc) nên toàn là đi thẳng luôn :'(
Vì sao lại ít acoustic đến vậy~~~ ahiuhiu~~~ :'(Xem thêm",9
85,Py Thảo,27/12/2015 21:06,8.2,"Được bữa có công việc phải lặn lội từ Vũng Tàu qua Bà Rịa, vô tình đưa đẩy tui đi đường bùng binh xóm cát rồi thấy cái quán Cafe ảo diệu nên quẹo gấp vô luôn nè. Đập vô mặt là cái không gian quá đẹp, đèn lung linh tứ phía nha.
Nhìn menu cái gì cũng muốn uống vì giá bao rẻ  luôn. Trong hình là tui uống 3 ly mà có 48k à, mà ngon lắm. Tui kết nhất là nước dâu chanh dây á khuyến khích mọi người dùng thử nhé. Nghe đồn ở đây vào tối thứ 5,7 là có nhạc acoustic nữa, có cả nhận đặt tiệc sinh nhật giá cũng rẻ thôi tùy tiệc nhé.
Nói chung là tui thíc cái quán này, thích cái không gian và đồ uống bao rẻ  hí hí ^^
Cafea1 khonggiandep Nuocuongre thichthuXem thêm",9
86,Lưu Thị Quỳnh  Như,29/11/2015 11:04,8.8,"Ấn tượng với cafe từ buổi tối dạo xe qua mà trễ nên sáng nay quay lại. Nằm gần ngay vòng xoay bên tay phải là Cafe A1. 
Quán trong lành mát mẻ thoải mái dễ sợ. Uống 2 ly sinh tố dừa và cafe sữa đá chỉ có 30k. 
Nghe nói tối thứ 5 và thứ 7 có nhạc Acoutis từ 8-10pm. Sẽ ghé thử rồi review tiếp 
Quán buổi tối lên đèn rất đẹp. 
Thích quán cafe này lắm luôn.Xem thêm",9
87,Bé Mặp,10/10/2015 22:32,8.8,"Cũng không phải đứa hay đi cafe các kỉu, nhưngphải nói là rất rất ưng qán nàyyyyy
View đẹp, nước uống cũng khá ưng, giá tiền lại hợp với hssv nữa.
Qan trọg nhất là phần acostic vào 8h tối thứ 5 với thứ 7. Nhạc đánh rất ưng, mấy anh đàn với qản lý nc rất dễ thươg.
Sẽ ghé qán thườg xuyênnnnnnXem thêm",9
88,Sue Lai,10/10/2015 21:15,8.6,"Về bà rịa hoài mà k tìm được qán nào có acoustics, nhờ con e kiếm mãi mới ra được 1 qán, qán có chương trình chơi nhạc tối t5 & t7, nhạc chơi ok, mấy bạn chơi nhạc cũng dth nữa cơ, haha, giá nước thì qá hợp với hssv, cũng k phụ thu thêm nếu lên hát hò w band,...
- sẽ ghé qán dài dài khi về br hehe haha hohoXem thêm",9
89,Viet Nguyen,22/2/2018 10:34,8.0,"Bún măng thịt nướng ở đây ngon bá cháy. Đi ăn hôm Tết quán đông lắm nha. 30k/tô chất lượng, ăn no nê luôn. Thịt nướng ướp đậm đà vừa miệng, nước lèo nêm đậm đà. ăn kèm rau sống, rau thơm nha. 
Sáng sớm quất tô này là no đến trưa ))Xem thêm",10
90,Luận Danh,30/1/2017 22:42,8.6,"Đi ăn sáng tình cờ ghé quán này, Chội ôi thích gì đâu, thịt nhiều mà vị rất ngon đã vậy còn làm nước mắm ăn kèm ngon bá cháy luôn. Ăn 1 lần là nhớ quài luôn. Quá không tới sớm là đông lắm nha. Giá cả hợp lý, tuy quán nhỏ nhưng mà chất lượng lắm.Xem thêm",10
91,Đức Huy Nguyễn,28/12/2016 17:22,7.6,"Quán này nghe nói cũng nổi, nằm gần trung tâm thành phố Bà Rịa. Tình cờ đi chơi được người quen dẫn đi thôi chứ cũng không biết. Chỉ bán có buổi sáng thôi mà cũng đông lắm. Quán bán bún thịt nướng và bún măng là chủ yếu. 1 tô 25k cũng tạm, bún ngon, nún măng nhìn lạ lạ. Quán ăn sáng là số 1. Không gian vỉa hè thoải mái, người bán nhanh nhẹn, không chờ quá lâu.Xem thêm",10
92,Hà Nguyễn,3/12/2016 15:27,5.0,"Vừa ăn xong, mình đến trễ, chỉ còn bún khô- là bún thịt nướng đó. Thịt ướp ngon, nước mắm ngon.
Khuyên chân thành là các bạn muốn ăn nên mua mang về. Vì ở đây k được vệ sinh cho lắm. Cả hộp đũa toàn bị mốc, mùi rất ghê!!!Xem thêm",10
93,Nước Tràn Bờ,27/10/2016 22:57,7.6,"Được thổ địa dẫn vô quán này ăn thử, quán bình dân thôi mà buổi sáng đông lắm. Nghe tên quan đã lạ rồi, trên sài gòn ko thấy có bán món này đâu nha. Ở đây có món bún măng thịt nướng ăn ngon lắm. Bún thịt nướng kết hợp với nước măng ăn lạ mà ngon, vị nêm vừa tới. Ai có xuống Bà Rịa chơi thì ghé vô đây ăn thử nha.Xem thêm",10
94,Sara Nhon,29/9/2016 15:32,7.8,"Quán có món bún măng thịt nướng ăn khá lạ miệng và ngon, món bún thịt nướng cũng ngon ko kém nha, chỗ này ướp thịt phải nói là đậm đà lắm, ăn vào miệng nghe thấm thía gia vị luôn, nước mắm pha cũng ngon, nói chung ăn 1 tô bún thịt nướng tương đối bự so với mình mà thấy ngon lành ko bị ngán, thậm chí ăn thêm tô nữa vẫn được, cho khá nhiều thịt và rau, nghe thiên hạ đồn quán này khá nổi tiếng ở khu vực bà rịa, bữa nay được ăn thử phải nói là chắc đúng vậy rồi ^^Xem thêm",10
95,Man Vo,31/7/2016 22:37,7.4,"Được Sếp giới thiệu là món ở đây ngon với lạ nên ghé ăn thử . Quả thiệt ngon khỏi phải chê luôn nha . Bước tới gần mùi thịt thơm là thấy hấp dẫn rồi . Món ăn có bún nước với khô , bún nước bỏ thịt nướng với măng vô là lạ mà ăn ngon lắm . Không gian rộng rãi . Nhân viên bình thường . Quán khá dễ tìm .Xem thêm",10
96,Sara Nhon,27/7/2016 17:08,7.6,"Đó giờ ăn bún măng giò heo hay gà đồ thì bình thường rồi há, bữa nay được giới thiệu ăn bún măng thịt nướng, nghe lạ lạ mà cũng khoái nên đi ăn thử, chời ơi nó ngon quá chừng luôn, chỗ này nấu ăn vừa miệng, thịt nướng ăn ngon lắm, phải nói ăn chung với bún măng chuẩn, 1 tô giá tầm 20 hay 25k thôi mà ăn no, nhiều thịt
Quán buổi sáng khá đông nha, phục vụ nhiệt tình, vui vẻ, có bàn trong nhà và ngoài đường luôn, ngồi bên ngoài thì thoải mái hơn, đợt này đi phát hiện được nhiều chỗ ăn ngon quá, khoái!Xem thêm",10
97,Khánh Hằng,30/6/2016 23:36,7.0,"Quán này mình được một anh ở Bìa Rịa dẫn đi, nghe ảnh bảo là có món bún măng thịt nướng ngon lắm, nghe là lạ mà cũng hấp dẫn nên cả đám kéo nhau ăn
Hôm đó đám mình ăn hai món bún thịt nướng và bún măng thịt nướng. thịt nướng của quán rất ngon, thơm ơi là thơm, thịt mềm vừa không bị dai, nước mắm ăn kmè cũng rất ngon. Bún măng thịt nướng thì bao gồm thịt nướng, cá viên (?!?), măng khô, thịt xương. Nước lèo là nước măng, cũng không có gì lạ nhưng quán nấu khá ngon, lại kết hợp với thịt nướng nên món này khá lạ miệng. Nhắc tới là thèm huhu. À quên một tô giá cỡ 25kXem thêm",10
98,Ms Cám,1/4/2015 14:15,8.0,"Quán này nổi tiếng nè. Buổi sáng đông lắm, đến trễ trễ xíu là hết. Quán có bán bún măng với thịt nướng, bún thịt nướng, bún măng, nem nướng.
Mình ăn cả 3 loại thì thấy bún măng thịt nướng là ngon nhất. Nước lèo ngọt, ăn với thịt thơm. Hôm chụp hình đến trễ chỉ còn bún thịt nướng.
Có bán luôn giải khát các loại..v.v.. Sâm lạnh, nha đam. Chỉ bán buổi sáng thôi nha. Giũ xe free. Lên món nhanh.
Phục vụ gọn lẹ, nhiệt tình. Gần khu vực nhà tròn Bà Rịa.Xem thêm",10
99,Trucvu79 Vũ,11/1/2022 15:20,4.2,Đặt giao hàng nhưng không hiểu sao quán tự huỷ đơn của khách mà không báo lại một tiếng??? Sẽ không có lần sauXem thêm,11
100,Meo Cú,19/6/2020 21:54,6.0,"• Nằm ở vị trí đắc địa và rất dễ thấy

• Không gian rộng, bàn ghế được sắp xếp hợp lí

• Menu không có gì khác so với các chi nhánh còn lại. Mình thử burger gà và khoai môn phô mai, nhìn hơi kém mỹ quan nhưng hương vị cũng không quá tệ.

• Nhân viên lịch sự thôi chứ không nhiệt tình

• Không quay lại.Xem thêm",11
101,Tina2203,4/6/2017 12:37,6.2,Chỗ này ngon ới là ngon nhg thất vọng vì làm lâu quá😞😞😞😭😭Xem thêm,11
102,minhtam151097,2/6/2017 19:13,4.0,"Mình khá thất vọng với thái độ phục vụ của nhân viên ở đây. Mình order đồ ăn và 2 cây kem. Nếu chưa có kem thỳ nói với khách, chứ chờ 2 que kem hơn 1 tiếng thì hỏi xem có bực mình không. Mình đi ăn ở rất nhiều cửa hàng lotteria khác rồi, không có nơi nào phục vụ tệ như ở đây. Bạn nhân viên order cho mình tên là Ngọc Giàu. Vãi. Thái độ với khách hàng quá tệ.Xem thêm",11
103,May Kiss,3/5/2017 16:42,4.2,"Đồ ăn ok, gà HS hơi đậm vị một tí nhưng ko sao. Điều quan trọng đây là nơi có nhân viên phục vụ tệ nhất trog tất cả các chuỗi hệ thống gà mình từng ăn. Ko thân thiện, ko nhiệt tình mà khách ở đó cũng ko đông đến nỗi để cảm thấy mệt mõi mà ko nhiệt tình kiểu đó.Xem thêm",11
104,Thảo Nguyên,6/2/2017 12:34,6.6,"🏡 Vị trí: Gần coopmart Bà Rịa, dễ tìm, nên lúc nào cũng đông khách.
🎶 Không gian: Rộng rãi, có lầu, thoáng.
🍗 Món ăn: Trong hình là combo 6 miếng gà H&S và 2 ly pepsi thanh toán hết 223000 đồng. Mình ăn ở chuỗi hệ thống các cửa hàng Loteria thì cảm thấy chất lượng đều như nhau. 
👦👧 Nhân viên: Không thân thiện.Xem thêm",11
105,Thảo Phạm,3/10/2016 21:36,4.8,"Trên đường về thấy Lotte Bà Rịa có banner treo khuyến mãi Burger Bulogi khuyến mãi chỉ còn 20K một bánh thôi. Trời mình nghiền em này lắm phi vào mua lúc 3 ổ mua về cho 3 chị em gặm nhấm ngay và luôn, lúc ngồi đợi chụp choẹt mấy tấm hình để có bài về đăng. Nhân viên thì Lotte nào cũng nhiệt tình năng nổ rồi không khen nữa, đến lượt chê. Burger đúng chất khuyến mãi luôn, thôi vậy thà đừng khuyến mãi, lúc mua về mở burger cho sốt vào mình thất vọng tràn trề Burger có cái bánh + miếng thịt nhỏ tí thêm lát xà lách HẾT đã thế bánh cũng nhỏ lại hay sao á cầm không chắc tay luôn. Buồn.Xem thêm",11
106,Nhỏ Em,30/5/2016 7:31,3.6,Tầng 3 là nhà vệ sinh. Mới đứng ngay cầu thang mà đã nghe mùi hôi nồng nặc. Bước tới cái lavabo để rửa mặt thôi mà ruột gan lộn cả lên. Lần đầu tiên gặp cái wc tệ mà thúi nhất trong đời. Kinh dị. Về mảng đó ko biết có an toàn thực phẩm ko.Xem thêm,11
107,Tuấn Lucky,28/8/2014 21:46,7.4,"Ăn trưa bên CoopMart hoài cũng ngán nên mình ghé qua Lotteria bên kia đường đổi gió cho đời thêm tươi

Đối diện với CoopMart Bà Rịa nên Lotteria chỗ này luôn đông khách, đang có chương trình bữa trưa 35k bao gồm: 1 hamburger + 1 khoai tây vừa + 1 nước coca vừa.

1 lần ăn với nhóm bạn vào buổi tối kêu phần gà 9 miếng 270K ăn + nước mà vẫn không no :)

Hôm sau ăn trưa thì có vẻ ngon hơn và thấy ok hơn, đặc biệt kem 3k ăn khá ngon

Nhân viên được huấn luyện nên phục vụ khá tốtXem thêm",11
108,Phạm Nguyễn Hạnh,8/2/2019 19:54,4.2,"Mình đã ăn nhiều lần nhưng lần gần nhất đã xãy ra sự cố như sau:
Mình vào gọi món, trong lúc chờ đợi tụi mình có lấy bài ra chơi, (lúc đó chị nhân viên bàn care bàn mình thấy rõ nhưng K nhắc nhở gì) sau khi ăn xong tụi mình đặt thêm 1 phần mang về nhưng lúc đó khách rất đoong nên bên mình chờ lâu, trong lúc chờ cũng lấy bài ra làm vài ván... lúc đó nhân viên đi ra đi vô dọn bàn nhiều lần nhưng tuyệt nhiên k ai nhắc nhở. Đang chơi thì có 1 chị nhân viên (cũng là ng nhân viên care bàn mình lúc đầu) nhắc nhở là K được chơi bài. Tụi mình xin lỗi và dẹp liền bộ bài, trong lúc dọn ( từ lúc nhắc nhở đến lúc dọn chưa đầy 2 phút) thì ng chủ hàn quốc đi ra và thái độ khó chịu chửi bọn mình xối xã và cầm bộ bài quăng lên bàn, tụi mình tất cả đều ngẫn ngơ... và xin nói thiệt, lúc đó mình K biết để mặt mặt đi đâu vs ngta. Ng chủ đó lại K biết tiếng Việt để bên mình giải thích, chị Nhân viên care bàn lại bỏ đi đâu, lúc tính tiền chị ta cũng K dám quay lại để tụi mình nói rõ vấn đề. 
Mình xin nói thêm là tụi mình chơi trong im lặng và K làm phiền ai, bởi vì số ván chơi K nhiều và cắt quãng giữa bữa ăn.
Pizza kim tính ra là 1 nhà hàng pizza trung bình, nhưng cách xử lý vấn đề lại K ra gì!Xem thêm",12
109,Gio Dong,24/12/2018 21:16,1.0,"Được ngày Noel dẫn mấy mẹ con đi ăn Pizza Kim ở phường Phước Nguyên mà cụt hứng. Hai đứa nhóc không ăn được mang có mỗi ổ bánh mì vào để cho bé ăn. Đồng ý là có quy định không cho mang đồ ăn vào. Mình bảo là cũng linh động 1 chút, cũng tùy loại đồ ăn không lẽ để bé nhịn đói. Không lẽ đi ăn chỗ khác ? Thì phản hồi từ chị cao cao ( hơi mập ) là anh muốn đi đâu ăn thì ăn ( sau có 1 chị hay em gì đó nhỏ nhỏ người, hình như là chủ. Cũng tỏ thái độ đồng quan điểm là muốn ăn đâu thì ăn quán không cần ). Nghĩ lại cái văn hóa buôn bán của dân ta trước giờ, khi mới mở thì niềm nở lôi kéo khách, khi làm ăn được 1 chút. Có tí khách thì tỏ thái độ này kia kiểu không cần. Sau mình kêu tính tiền thì mang ra quăng chỗ bàn rồi quay bỏ đi. Khi ra về thì cũng bé nhỏ nhỏ người lúc đầu thấy vợ mình quen và biết khách quen mới xin lỗi rối rít ( ơ thế khách lạ chắc không cần nhỉ ! ). Thôi từ nay xin bye bye.Xem thêm",12
110,Phương Thảo,12/7/2018 17:05,5.4,"Mình đi Kim Pizza cũng nhiều lần rồi, mà ít chụp hình lắm ;__; (tại lo ăn không á). Trong hình là pizza bò phô mai á. Đế vừa phải, ăn hơi mềm không được giòn; nhân cũng bình thường, giá thì hơi mắc. Ngoài pizza bò phô mai ra mình cũng từng thử thêm 2 loại nữa là pizza phô mai với pizza bò vàng thấy cũng không có gì đặc sắc. Nói chung là pizza tạm ổn chứ không ngon, không bằng với số tiền bỏ ra.Xem thêm",12
111,Sowon,26/2/2018 12:35,4.2,"Rất là lâu rồi mới ăn lại từ khi quán chuyển chỗ. Mà ăn lại cảm giác thất vọng tràn trề luôn. Bánh quá dở, phô mai mặn mặn sao ấy lại không béo thơm. Pasta sợi mì bở, ăn không thấm vị gì, không trang trí đẹp mắt gì cả. Lần đầu tiên đi ăn mà nhóm tụi mình bỏ mứa quá trời. Trong đầu chỉ hiện lên tiếc tiền vì giá cả quá mắc, ngang ngửa với mấy quán dành cho người nước ngoài trên Sài Gòn mà không xứng đáng chút nào. Lúc quán còn chỗ cũ ăn cũng được. Được cái quán sạch sẽ, nhân viên ăn mặc gọn gàng, phục vụ ổn.Xem thêm",12
112,Kenlee,21/9/2017 16:08,4.8,Quán nhìn chung không gian dễ chịu. Món ăn không có gì đặc biệt hơn những nơi khác. Giá hơi cao.Xem thêm,12
113,Hòa Phạm,31/3/2017 19:36,5.4,"Không gian thì rất đẹp nhưng chất lượng pizza mình thấy không ổn. Ăn cứ như đang ăn bột không vậy, nhão nhão béo béo, mùi vị không đặc sắc. Món mì ý thì cũng tạm nhưng giá cả thì hơi cao.Xem thêm",12
114,Đôrêmông Nguyễn,26/2/2017 20:49,7.4,"Pizza này khá nổi tiếng ở Bà Rịa, bọn mình chạy theo anh chị từ Long Hải lên chắc tầm 30-45p. Thoạt nhìn chạy vô khu khá sầm uất và sáng sủa với nhiều quán cf. Pizza nhìn cũng hơi khó tìm tí kiểu lâu lâu mới đi. Quán có mặt tiền sáng sủa và hiện đại, không gian khá rộng và xinh xắn. Pizza menu khá đa dạng, mix lạ nhưng ko thấy chọn đế, chỉ có size M hoặc L thôi. Đi 4 người + em bé nên 4 người ăn là chính. Gọi 1 cái thịt xông khói phomai size L, 1 phần teok, 1 mì Ý bò bằm & 1 khoai tây. Thêm 3 lon nc ngọt. Pizza rất ngon, ko thua gì Pizza Hut, và đặc biệt kiểu chế biến của nó hơi lạ, đế thuộc dạng đế mỏng, nhân ngoài phomai dai dai và đế nóng giòn, thịt xông khói rõ vị thì còn có khoai gì đấy và sát mép viền hình như là đậu xanh nên thơm lắm. Teok có bánh gạo, bánh cá và trứng, vị cũng bình thường, giống hay ăn ở SG. Mì bò bằm ăn cũng okie, nhưng 4 ng ăn thì hơi ít, ăn món sub thì đc :)) Khoai tây đặc biệt ngon, ko phải dạng cắt sợi cọng cọng mà cọng to, giòn nên mình thích. Ăn xong anh rể trả nên mình cũng ko biết nhiêu, chắc tầm 400-500 gì đó do thấy ăn cũng nhiều. Menu đẹp, trang trí đẹp chụp hình lung linh luôn. Phục vụ nhanh nhẹn. Pass wifi: ngược lại của tên quán hay tên quán gì đó 😂😂😂Xem thêm",12
115,Bảo Ngân,19/1/2017 20:05,7.8,"Quán mới. Đồ ăn ngon. Thích ăn pizza hải sản vàng với gà gia vị ngon. Nhiêu đây 4 người ăn no với nước nữa mà chưa tới 500k
Quán dễ tìm mấy bạn tha hồ sống ảo luôn hihiXem thêm",12
116,Ngọc Trân Nguyễn,5/1/2017 17:32,7.2,"Quán rộng rãi thoáng mát. Nhân viên nhiệt tình, phục vụ chu đáo. Món ăn rất ngon, đa dạng từ món Ý như pizza, mì Ý, salad,..  tới món Hàn như toppokki với các loại gà rán sốt ngon lắm. Mình thấy l2 quán mix giữa món Ý với Hàn luôn :)) hơi lạ nhưng cũng có nhiều lựa chọn. Đồ ăn thì nêm vừa miệng, pizza giòn ngon, phô mai nhiều. Mấy món Hàn thì không quá cay. Giá cả thì cũng khá cao từ 150-200k/pizza nhưng mà với không gian phục vụ thì cũng đáng. Kiểu lâu lau để dành hay tự thưởng cho bản thân cuối tuần hoặc dắt gấu đi hẹn hò cũng đc lắm. Hoặc dắt gia đình hay mở tiệc cũng hợp nữa.Xem thêm",12
117,Khánh Khánh,17/8/2016 15:14,7.4,"Tối tuấn trc đi ăn tiệm này ngồi đợi quá chừng luôn. khách đông kinh khủng. mình phải đợi có bàn kia đứng lên mới có chổ ngồi luôn. Pizza hải sản vs phomai ở đây hơi bị ngon luôn, lớp phô mai béo béo mặn mặn nè, hải sản zòn và ngọt lắm. Tụi mình có kiu thêm salat và mực chiên, khoai tây chiên nữa. cũng bình thường chứ ko quá xuất sắc. Nhưng mình vẫn thích ăn ở đây vì nhân viên rất thân thiện và dễ thương luôn.Xem thêm",12
118,Hải Đăng,23/9/2021 17:32,9.0,Quán mở chưa ạXem thêm,13
119,foodee_0ff2cd59,26/8/2019 20:48,9.6,"Mi cay ngon nhất mà tôi đã từng ăn , hải sải tươi , nước sup đậm đà , nói chung la tuyệt đỉnh !!!Xem thêm",13
120,Quang pham,26/8/2019 20:33,8.6,"Mì cay ngon ăn là riêng , đặt biệt hải sản lúc nào củng tươi 
Nhân viên phục vụ dễ thương !!!Xem thêm",13
121,Vân Ngân,21/12/2018 20:05,4.2,"Alo!! Chào quán!!
Mình rất thích khẩu vị quán bạn, thực đơn rất ok nhưng nếu thái độ các bạn nhân viên nhiệt tình xíu thì mình hy vọng sẽ ghé ủng hộ lần sau.
Tuy một khách hàng như mình không là gì nhưng ít nhất đã là quán ăn thì mình nghĩ thái độ nhân viên là trên hết. Mình đi ăn thì không suy nghĩ là bỏ tiền ra để nầy nọ với quán nên mình nghĩ mình xứng đáng nhận lại 1 thái độ nhân viên ok với mình.
Nhân viên gì đâu thấy kình ngồi chờ thì quay sang hỏi”vào lâu chưa”???? Câu này nghĩa là sao?? Các bạn có thể đưa thức đơn mình chọn trước rồi lên đơn sau được mà.??? Cần hỏi câu thiếu tôn trọng vậy không???
Sau đó lại đưa thức đơn cho mình gọi món còn hối, kèm theo những câu cộc lốc như” thêm gì nữa không”? “ gì nữa không?””.... ủa các bạn k biết xưng hô chủ ngữ vị ngữ sao??? Mình đi ăn chứ đâu đi xin mà lại nhận lại thái độ thiếu lịch sự như vậy???
Chưa bao giừo mình lại thấy thái độ nhân viên khó chấp nhận như vậy??? Cảm thấy như đi ăn ké của các bạn!!!
Nhắc lại là mình rất văn hoá khi đi ăn nhá, không hề có thái độ ta đây bỏ tiền ra mà yêu cầu phục vụ quá đáng nhá.
MONG AD ĐỌC GÓP Ý CỦA MÌNH VÀ CÓ THỂ CẢI THIỆN TRONG THỜI GIAN TỚI!!!
CHÚA QUÁN LUÔN ĐẮT KHÁCH VỚI THÁI ĐỘ NHÂN VIÊN OK👍👍👍👍Xem thêm",13
122,Sowon,17/7/2018 20:19,3.6,"Về quê nên tranh thủ kiếm quán mì cay ăn thử. Đầu tiên nhận xét thì địa điểm dễ tìm, ngay mặt tiền. Không gian quán cũng không có gì nổi bật. Điểm cộng là gọi nhanh ra món, không phải chờ lâu. Điểm không hài lòng khi mới nhận được món ăn là nhìn không có kim chi :)) mì cay mà không có kim chi sao ăn. Mì cay mà ăn như lẩu thái, sợi mì sượng không dai, nước mì chua. Được cái có bắp cải tím và miếng bắp nên khác lạ tí xíu. Và ly nước uống hơi dơ nữa.Xem thêm",13
123,Panda Phương,30/5/2018 15:27,7.8,"mình hay đi ăn ở quán này nhưng hôm nay đi có 2 người gọi thì bị làm lộn độ cay giữa các tô. nhưng  giá cả của quán tương đối không cao lắm. không gian quán rộng rãi, thoáng mát. Nhân viên phục vụ cũng nhiệt tình, nhanh có món.Xem thêm",13
124,ngan2011,8/4/2018 0:02,4.2,"Mình cực thích mì cay tại đây. Nước dùng ngon và độ cay vừa phải. Thế mà 1-2 năm trở lại đây, quán làm k còn giữ đc vị ngon nữa. Nguyên liệu thì ít đi, trà sữa thì cũng chẳng còn ngon nữa, quá ngọt và nhiều bột béo k hề nghe mùi trà. Lúc trc nghe mùi trà và sữa hoà quyện với nhau ngon cực. Ăn mì uống trà sữa là số zách thế mà bây giờ cái gì cũng ít và dở. Mình góp ý mục đích để quán đọc và điều chỉnh, chứ mình k hề nói xấu. Mình nói ra trên cương vị của 1 người khách rất thích ăn mì cay tại quán. Mong rằng thời gian sắp tới mình sẽ đc thưởng thức lại vị của ngày xưaXem thêm",13
125,Viet Nguyen,22/2/2018 15:41,7.0,"Ngán cơm hủ tiếu các thử nên đi ăn mì cay đổi khẩu vị. Mình khá thích ăn mì cay ở lắm. Nước lèo đậm đà hợp khẩu vị mình. Mì hải sản có tôm, cá viên ăn ok nha. 
Có thêm bắp cải tím và bắp nữaXem thêm",13
126,Nhung,12/7/2017 17:16,3.8,"Mình đã đến yagami rất nhiều lần. Nhưng hôm nay cảm thấy khá ko hài lòng, mình đến trước nhưng nhân viên lại đi qua, và nhận order của người đến sau! Phải chờ 1 lúc khoảng 15' nhân viên mới nhận order của mình! Nhưng dù sao mình vẫn rất thích mỳ ở đây! 🍜🍜🍜Xem thêm",13
127,Nhung,19/6/2017 17:11,8.0,"Mình đến đây rất nhiều lần. Và lần nào cũng thấy ngon hết. Nước mỳ khá ngon, đồ ăn ngon. Mình rất thích mỳ ở yagamiXem thêm",13
128,Beo Beo,1/5/2020 11:54,1.0,Nhìn cái lẩu 150 mà oảiXem thêm,14
129,Thu Tâm,12/5/2018 18:21,6.8,"Quán nằm trong hẻm nhỏ, bảng hiệu cũng nhỏ. Nhưng vô trong thì đông ơi là đông. 
Món nổi tiếng là lẩu măng chua và cút chiên bơ nha. Lẩu măng chọn ăn với cá đuối, ếch, cá bớt hay cá gì cũng được. 
Nước lẩu ngon xuất sắc nha. Ngon đến ngỡ ngàng là thiệt đó. 
Mình ăn lẩu cá đuối 200k, 3 trai 1 gái ăn xĩu. Cá nhiều lắm. Lại biết chế biến ngon lắm. Mình sợ tanh mà ko hề nha. 
Chắc chắn mỗi lần đi Bà Rịa Vũng Tàu là phải ghé. Ko ghé buồn lớm. HicXem thêm",14
130,Ben Ben,20/2/2018 19:20,8.0,"Lẩu cá dứa ở Khánh Hà ngon lắm. Nước lèo nêm nếm đậm đà, cá quá chừng luôn. Cá cắt khúc bự bự ăn đã lắm. Cá tươi và béo ngậy. nước lèo cay cay chua chua hết sảy, Tụi mình gọi thêm dĩa nghêu xào nữa là no nê.Xem thêm",14
131,Tiên Vita,7/7/2017 18:56,6.2,"Chưa ăn lẩu cá đuối bao giờ nên nhỏ bạn rủ lên Bà Rịa ăn thử... Ghé quán này vào 1 buổi chiều mưa lúc 4h quán chả có ma nào chỉ có 2 đứa... Gọi 1 lẩu cá đuối, 1 nghêu xào, 4 con cút nướng. Nghêu nêm vừa ăn, cút ngon bá cháy luôn, lẩu thì phải nói là ok, nước lẩu chua vừa, đó giờ không thích ăn măng chua mà giờ phải nói là ngon luôn đó, giá cả thì cũng tạm được, về dịch vụ thì không biết tại mình nghĩ nhiều hay sao nhưng mà nói chung ai cũng lạnh lùng!Xem thêm",14
132,Vicky Le,20/12/2016 13:44,6.6,"Mình đến buổi trưa trời mưa lâm râm, có khách nv mới dọn bàn ghế ra. Mình kêu cút và lẩu ếch. Cút ngon, thơm, ướp vừa ăn. Lẩu ếch chua ngọt, ngon, thêm nước thoải mái nhưng ko thích mấy loại rau đó lắm.Xem thêm",14
133,Huyền Như,17/2/2016 17:37,7.0,"Quán này nổi tiếng về món lẩu măng chua. Mình thấy cũng nhiều món ăn đó. lẩu măng ngon, vị chua thanh và các đồ topping kèm theo cung tươi ngon nữa. Quán còn có món cút nướng cũng ok. ngoài ra thì các món hải sản nhẹ nhẹ ăn cũng ok. QUán này các dân nhậu hay kéo tới. Giá cả bình dânXem thêm",14
134,Phước Liêm Nguyễn,16/2/2016 18:32,5.0,"Ngoài lẩu ra còn có nghêu và cút làm rất ngon
Hợp vị mà lại vừa túi tiền
Like
Có điều ở trong hẻm nên ít i để ýXem thêm",14
135,trang,25/10/2015 15:10,6.2,"Nghêu xào ngon. Lẩu ăn được, nhiều cá. Nhưng không phải cá dứa như họ nói. Mình gọi lẩu cá dứa, nhưng lúc họ mang ra ăn thì lại là cá basa. Hai loại cá này khá giống nhau. Nhưng cá basa thì chất lượng và giá rẻ hơn cá dứa nhiều. Do vậy nên chắc lẩu chỉ 100k. Rau khá già và ít. Bàn ghế cóc quá nhỏ, không đặt hết được món ăn.Xem thêm",14
136,Lưu Thị Quỳnh  Như,13/10/2014 18:52,7.6,Quán ăn gia đình sân vườn ngonXem thêm,14
137,hàn,21/9/2014 17:15,6.6,Giá cả vs món ăn tạm ỗnXem thêm,14
138,Shuay Lin,4/7/2016 12:42,6.4,"Mình cũng gọi là đến quá này khá nhiều lần. Nước ngon, thạch nhiều, không gian rộng rãi, có máy lạnh. Tính ra đối với người chỉ ra quán câu wifi ôm laptop như mình thì khá tốt. Tuy nhiên mình không đánh giá cao nhân viên của quán, đôi lúc khách vào nhưng vẫn tụ một chỗ, hay cười đùa giỡn hơi thái quá (ý mình là ồn, thật ra có thể bỏ qua, cũng có thể do mình tính trầm quá). À, có một điều là hôm trước mình ra lấy xe, bác bảo vệ với 2 cậu nhận viên cứ ngồi đấy không thèm đứng lên phụ mình luôn. Vì mình là con gái, đi thêm em nhỏ, đối với việc này nên đứng lên giúp, ít nhất cũng là trách nhiệm. Nhưng không, nên mình không có hảo cảm, chắc là sẽ qua thời gian dài mới quay lại.Xem thêm",15
139,Sociu's Anh,7/6/2016 21:20,5.6,"Lần đầu tiên mình tới quán là ngày hôm qa, thứ 2/6/6/2016, mình nge bạn bè giới thiệu về quán này cũng nhiều, các bạn trẻ cũng thịnh quán này lắm nên ngày đó mình quyết định cùng với ny đến quán xem sao (ôm ấp suy ngĩ đó lâu rồi)  có dự tính với anh ấy là nếu quán có bánh ngọt hay quán tráng miệng thì ngồi lại thưởng thức vs đồ uống lun, còn nếu chỉ có đồ uống thì mua qua loa 2 món uống rẻ thôi vì bước vào rồi ko mua cũng kì lắm vả lại tiền đi chơi của tụi mình cũng ko đủ nhiều (nhà ko điều kiện mà :))) đến quán thì rộng rãi thoáng mát, khung cảnh đẹp, sạch sẽ nhưng mình rất cực kì không hài lòng với thái độ tiếp khách của nhân viên nơi đây, chuyện là như sau: theo dự tính là đây ko có món tráng miệng và bánh ngọt nên tụi mình mua qa loa 2 li trà sữa rẻ nhất -18k  1 li ạ, khi nghe mình nói 2 li trà sữa mang về, chị nhân viên có hỏi là trà sữa MM? mình nghĩ là nó nên ""dạ chị"", chị ấy bảo ""50k""...mình giật mình- any mình có đính chính vào tờ menu mà tụi mình xem khi nãy giờ ""chị ơi là loại này, loại 18k ấy ạ"", vậy thôi các bạn ạ :))) các bạn biết điều gì tiếp theo rồi chứ? khoảng 3 giây sau đó chị ấy nhìn các chị kế bên cười khinh bọn mình, ôi lạy!! bọn mình hiền chứ gặp đứa khác thì chửi ngay vào mặt rồi đấy ạ, đó là phép lịch sự tối thiểu đấy ạ, e biết tụi e nghèo không đủ điều kiện nhưng chị à...tụi e vẫn là khách, vẫn bỏ tiền túi ra mà mua trà sữa nhé chị, thái độ khinh thường đó qá mất lịch sự ạ, vì any bên cạnh nên e ko nói mà tụi e im lặng cầm 2 li trà sữa ra về, haizz thật ko thể tin nổi...thật sự phải kiềm nén lắm ạ :))) nếu chị đó biết được e cũng nói luôn: phép lịch sự đó là tốt cho chị chứ không lợi ích gì cho e đấy ạ, về sau chị sẽ thấy, 1 hđ nhỏ thôi cũng đủ nói lên nhân cách của chị, đã vậy người VN với nhau nữa chứ :)) đừng vội nhìn người khác bằng nửa con mắt chị ạ, ai cũng từ bàn tay trắng mà thành đấy :))) tổng thống obama cũng thế thôi :)) vậy thôi ạ, e ko mong các chị sẽ bị gì sau ch này nhưng chủ yếu e muốn chị tìm thấy và đọc và...e tìm được sự đồng cảm ạ, cảm ơn mn đã đọc ạ ::)))Xem thêm",15
140,Mr Cat,28/3/2016 0:11,8.4,"Mỗi lần đi công chuyện qua bà rịa là lúc về lúc nào cũng phải cống nặp 1 ly trà sữa cho người yêu. Vũng tàu trà sữa đầy quán mà ko uống cứ thích uống bên đây mới chịu. Chỉ ghé quán mua về nhưng bất ngờ vì lượng khách đông, ngay giờ tan học nên học sinh sinh viên nhiều. Nhìn sơ qua thấy không gian khá rộng và thoáng. Giá cả ko rẻ cũng ko quá mặc, vẫn là giá dao động chung so với các quán khác.Xem thêm",15
141,Huệ Linh,1/1/2016 16:43,8.6,"Mùng 1 phóng lên br đi quán này vì nghe nói view đẹp
Ấn tượng đầu tiên là RẤT RỘNGGGG
Mình uống ts bạc hà và matcha. Cũng đc ko đặc sắc lắm. Giá ổn oke. Cỡ từ 22-35k (y)
Bên trong rộng lắm. Thiết kế theo kiểu nhà ms xây xog v đó. Nền còn nguyên trát xi măng. Nhìn khá tao nhã và lịch sự. Dưới lầu hay trên lầu đều đc. Nhưng mình thấy lên lầu nó đẹp hơn nhìu đó :3
Nchung là khá ổn. Rộng. Phù hợp hội nhóm, sinh nhật tiệc các thứ
Còn 1 điều là ko biết có đúng ko. Nhưng địa chỉ chỗ mình đang uống là 156 Bạch ĐằngXem thêm",15
142,Mr Cat,6/12/2015 0:30,7.4,"Đi công chuyện tiện ghé vào uống nước nghỉ ngơi rồi về lại Vt. Trà sữa uống được, ko quá xuất sắc. Toppinh cực nhiều. Thích hợp với các bạn mê trà sữa. Không gian cũng thoáng, ngồi trên lầu, bàn bệt nên cũng thoải mái.Xem thêm",15
143,eatwtea 💋,3/12/2015 15:27,7.6,"Được tình yêu mua cho ly trà sữa ở mãi xa về gần tan hết đá. Phải cho đá mới vô uống nhờ vậy uống được nhiều ghê heheee biết mình là fan trà sữa nên đi đâu thấy là mua, ko dặn cũng mua. Trà sữa ở đây uống ổn, uống ngay thì ngon để lâu đá tan hơi nhạt. Trân châu nấu dai dai size vừa miệng, ly to uống đã đời. Nói chung là ổn có dịp sẽ thử nhiều vị khác xem sao.Xem thêm",15
144,Na Ng,29/11/2015 2:56,8.0,"Dạo này uống trà sữa miết luôn, ko có ngày nào là ko uống. Uống chán chê ở VT rồi lê la qua đây uống. VT mà có chi nhánh quán này thì mỗi ngày ko cần phải uống nhiều lần vì ly trà sữa ở đây to quá chừng to, mỗi người uống hết 1 ly là no ứ hự. Quán có phòng máy lạnh, có wifi bàn ngồi bệt cũng khá sạch và tiện nghi. Giá rất ư là tốt luôn, trà sữa trân châu chưa tới 20k giá trung bình cũng chỉ từ 15-30k thôi à mà được ngồi máy lạnh tính ra cũng ko mắc đâu.Xem thêm",15
145,Linda Nguyen,12/2/2015 7:28,6.6,"Vừa tới cổng chào vô tp Bà Rịa chạy thẳng vô qua khỏi cầu thì sẽ thấy quán trà sữa nho nhỏ này nằm bên tay phải. Mình với đám bạn muốn dừng chân nghỉ ngơi nên liền tấp vô đây luôn
*SPACE/ATMOSPHERE: quán khá nhỏ nhưng được cái có chiều dài và phòng trên lầu có máy lạnh. Không gian yên tĩnh và sạch sẽ, chắc là do mình ghé tới vào buổi trưa.
*SERVICE: nhân viên ở những dạng quán này thì cũng không đòi hỏi gì cao nhưng mặt hơi thờ ơ với khách, nước lên nhanh.
*FOOD/DRINKs: ly nước ở đây phải nói là loại ly cỡ bự ở Sài Gòn, uống vô no ứ hự luôn. Mình thì chọn hồng trà cho bớt ngọt thì thấy vẫn còn ngọt lắm và hơi ít vị chát của trà. Nói chung thì quán này làm điểm dừng chân để chơi và tám thì cũng khá ổn, vừa có wifi vừa có máy lạnh.
*PRICE: quá ok luôn, giá một ly không thêm hạt gì hết thì tầm dưới 20k thêm các loại topping rồi thì giá cũng chỉ dao động trên dưới 20k thôi.Xem thêm",15
146,Ms Cám,24/9/2014 17:48,7.0,"Gần ngay nhà tròn, đi hướng cầu Long Hương qua nhà tròn là quán nằm ngay bên tay phải. Nhìn phía dưới ko biết là quán đâu, nhìn như nhà bt nhé ! Chạy xe thẳng zô nhà, mà cái dốc khá là cao, hơi nguy hiểm do sàn nhà bên trong hơi trơn.
Đứng phía dưới order rùi trả ziền, đi lên lầu và đợi. Tí nữa sẽ có người mang lên. 
Thức uống ko có gì gọi là ngon, toàn mùi phẩm màu.
Không gian với mình là một sự tra tấn zã man. Chắc do mình qua cái tuổi xì tin đó roài.
Tường bị vẽ tơi bời nhìn dơ bẩn, bàn ghế thì tán loạn.
Nhạc thì ầm ầm, lớp nào là khách đánh bài la ó ôm xồm, lớp nhạc kính thưa các thể loại hip hop!

- Frink : Thôi rồi, cái ly của mình là dưa lưới, hạt lô hội. Đến lúc zìa còn y nguyên..ko thể ún nổi như nước đường, có mùi sữa, thêm hạt. Hết. Ngọt lịm.
Trà đá phải xin mới có, mà cho nước trà ko, không có viên đá. Giữa trưa zô đây muốn điên cái đầu. Lần cuối nhé..cũng vì chìu nhỏ em mới vào !Xem thêm",15
147,Tuấn Nguyễn,14/3/2019 16:29,8.2,"Quán view đẹp , không gian rộng thoải mái  , đồ uống ngon + giá cả hợp lí 
Nhân viên phục vụ cũng tốt nữa ✨Xem thêm",15
148,Phương Thảo,9/7/2018 17:04,5.2,"Không gian đẹp, rộng rãi thoáng mát, vị trí dễ tìm. Đó là những lý do mà đi với bạn hoặc họp lớp đều đến mm. Nhưng nước thì uống thấy không ngon. Giá tiền thì rẻ nhưng so với chất lượng nước thì mắc. Chưa bao giờ đến vì nước uống, chủ yếu là không gian thôi. Nhớ có lần uống ly trà đen phô mai hay gì gì đó (lâu quá rồi không nhớ tên) ở dưới là trà đen (y như nước đường mùi trà rất ít), trên là lớp kem béo (mặn ngọt, béo đến ngấy luôn). Kiểu kem béo thực vật ý, uống nó cứ nhờn nhợn không trôi kiểu gì ấy.Xem thêm",15
149,Vân  Lê,30/12/2017 11:38,9.2,"Mm nổi có tiếng ở bà rịa rồi :))) view đẹp, nước ổn, giá cả học sinh tầm 20k-30k. Đông khách, đi cũng hay full bàn.Xem thêm",15
150,QL,30/11/2017 0:30,7.0,"🍒Quán này khá là nổi tiếng bên Bà Rịa nha. Bữa qua nhà bà con bên Bà rịa chơi nhỏ em nó dắt đi quán này

🍒Trà sữa uống cũng ok
Có trà cream, soda này kia nữa
Giá 20-30k đúng kiểu học sinh sinh viên luôn nên toàn học sinh uống (con em mình cũng học sinh:))) nó bảo bạn nó toàn tụ tập quán này😌

🍒Ko gian cũng rộng rãi
Lúc về vt còn mua 1 ly đem lên xe uống nữa :)))Xem thêm",15
151,Phan Thảo,22/9/2017 13:51,7.4,"Trà sữa pha chế tạm, vị trí đẹp, quán rộng rãi, nhân viên khá nhiệt tình, đồ uống rẻ từ 20-30k thôi.Xem thêm",15
152,Ngân Ngân,18/8/2017 14:28,9.0,"trà sữa mm mình nghe danh khá lâu trước khi quyết định vào quán uống thử, quán nằm ngay trung tâm thành phố bà rịa, gần siêu thị nên khá dễ tìm. quán khá to, cách trang trí quán khá đẹp và dễ thương, mang lại cảm giác thoải mái và dễ chịu cho khách tới quán. trà sữa uống rất thơm và béo, vị khá vừa miệng, không ngọt gắt cổ như chỗ khác. nhân viên quán cũng nhiệt tình và chu đáo, từ bảo vệ tới nhân viên order ai cũng dễ thương. đây sẽ là địa điểm lí tưởng để dừng chân nhé ❤️Xem thêm",15
153,Winnie Nguyễn,28/2/2017 13:48,8.0,"Trà sữa MM lúc nào cũng ngon nà. Không quá ngọt, có vị béo của sữa và vị thơm đặc trưng của trà.Mình rất thích uống thạch trái cây luôn. 
Quán có không gian rộng rãi, thoáng mát lắm nè. Cuối tuần đi với bạn bè siêu đã. Tha hồ ngồi 8
Giá nước cũng không quá mắc. Từ 20k-30k tùy loại, hợp với sinh viên nhaXem thêm",15
154,Đôrêmông Nguyễn,26/2/2017 20:55,7.6,"Mình đi cùng bạn, anh chị & đứa cháu nên anh chị rủ đi quán này, nghe bảo xinh với tầng trên ngồi bệt thả cho em bé chơi cho tiện. Gọi 4 ly trà sữa, lúc tính tiền có 120k hay 102k gì đó nên thấy rẻ quá, tại mình gọi trà kem phomai đồ có thạch nữa. Quán thiết kế ngoài nhìn vào sáng sủa & hiện đại nên khá xinh xắn, lên tán gẫu cũng đc tầm tiếng, tiếng rưỡi gì đó. Nhân viên nhanh nhẹn, ko lên làm phiền khách nhiều mà rộng nữa nên thoải mái. Sàn trên lầu ốp gỗ hay gạch giả gỗ gì đó, cưa làm kính khung đen, lan can kiên cố nhìn thấy đèn chùm và khu vực phía dưới. Tường decor đơn giản, có góc nhiều khung hình dễ sống ảo và góc có bậc thang gỗ + đèn chùm. Wc sạch sẽ, nam nữ riêng, đi ra khu tách biệt ngoài ở tầng trên luôn nên yên tĩnh và sạch, có dép đi riêng luôn. Giữ xe miễn phí. Ra còn phát hiện thêm nhiều góc ngồi khác nữa, nói chung khá okie.
P/s: trà ô long kem phomai thêm thạch sương sáo khá nhiều, ngon & chất lượng.Xem thêm",15
155,Amanda Vũ,6/12/2016 1:09,6.8,"so với các nơi khác ở ba rịa thì giá trà sữa hơi cao, không gian rộng nhưng ồn, máy lạnh hoạt động yếu hay do ít quá nên dễ nóng.
ở đây thích nhất là bọt kem sữa và trân châu
các loại trà ko dc giảm độ ngọt nên ko thích lắm.Xem thêm",15
156,Khánh Khánh,18/8/2016 9:54,7.0,"Mình uống trà sữa ở đây chắc hơn chục lần rồi vẫn thấy ngon nè, trà sữa không quá ngọt và gắt, có lớp cream ở trên béo béo uống đã lun. Nhân viên phục vụ nhiệt tình dễ thương nữa. Nhưng nhìu bữa đi đông quá hết bàn lại đi về hic. cuối tuần muốn uống phải đi thiệt sớm mới có chổ ngồi á. 
Giá rẻ chứ ko hề mắc nhé. từ 20k trở lên nè.Xem thêm",15
157,Hàn Thiên Thiên,5/5/2018 20:34,8.0,"Cùng team đến đây uống, cũng ngon lắm, quán trang trí cũng đượcXem thêm",15
158,Bi Nhỏ's,20/2/2018 0:54,7.4,"Giờ Bà Tô cũng có M&M như ai rồi :)
Quán nhỏ xíu à, mà đông lắm. Chất lượng thì mình thấy cũng OK, khá là tương đồng với ba chi nhánh ở trên Bà Rịa chứ không có chênh lệch gì nhiều đâu, có điều mấy bạn nhân viên còn non quá, cần trau dồi thêm kinh nghiệm :DXem thêm",15
159,Hòa Khánh,26/5/2019 10:14,6.0,View đẹp... Quán ăn khá ngon. Đây là mình chọn suất 80k nhìn không được to cho lắm nhưng được cái rất ngon lại không quá ngọt như mình nghĩXem thêm,16
160,Ben Ben,20/2/2018 19:05,8.0,"Trời tối nóng nực rủ rê mấy nhỏ bạn đi ăn bingsu cho đã :)) 
Mình thích bingsu ở tiệm này lắm nè. Menu nhiều loại, giá cũng ok chứ không hề mắc ngen. 
Đang nóng mà được ăn tô bingsu trái cây là hết í luôn. mát lạnh tê tê cực đã. 
Nhân viên phục vụ nhiệt tình dễ thươngXem thêm",16
161,Bi Nhỏ's,10/1/2018 23:24,7.8,"Sáng trưa chiều tối đông hè nóng lạnh gì mình cũng ăn bingsu được á :v bị cuồng quá đi mà 😆
Không gian quán được trang trí khá là bắt mắt với tone màu chủ đạo là trắng và xanh da trời cho nên là nhìn mát cực, lên hình cũng ảo không kém 😂 
Món trà đá ở quán bây giờ chuyển sang chơi matcha luôn rồi, chứ không còn là loại trà truyền thống như trong hình nữa đâu, chẳng qua hôm bữa đó quán chưa kịp pha matcha mà mình đang bị khát nước nên xin luôn ly trà đá uống đó :v
Nhìn chung thì ở phân khúc bingsu mà giá cả như vậy là rẻ rồi ạ. Mọi người cứ tích cực ủng hộ anh chủ quán nha :vXem thêm",16
162,Bi Nhỏ's,10/1/2018 23:20,7.8,"bingsu của quán vẫn chưa phải là ngon, nhưng mà gần như là độc quyền ở khu vực BR rồi nên là cứ ghi điểm rần rần thôi :v Nhìn chung thì giá cả thuộc dạng là rẻ ở phân khúc bingsu, tuy nhiên những ai không hay ăn bingsu sẽ cảm thấy nó bị mắc nên có lẽ là vì thế mà quán khá là vắng, chưa lần nào tới mà thấy quán thật sự đông hết trơn, mặc dù bingsu đáng lẽ là phải đắt khách lắm :v
Thôi, vì là hàng độc quyền mà, cứ ủng hộ quán dài dài thôi 😆Xem thêm",16
163,Anh Thy Nguyễn Huỳnh,10/1/2018 22:18,9.6,Quán cực xinh nè. Chụp hình đẹp. Nhân viên toàn trai xinh gái đẹp. Bingsu thì ngon cực. Giá lại rẻ nữa. Mình đj ăn 2 lần òi.Xem thêm,16
164,miaht,7/9/2017 23:03,8.4,"Quán quá được luôn. Ai có ghé đến gần đây thì nên thử. Không gian thoáng mát. Nhiều view đẹp để chụp hình sống ảo. Bingsu ngon, giá cả hợp lí. Anh chủ thân thiện, nhiệt tình. Nói chung nên thử !Xem thêm",16
165,Thư Văn,18/7/2017 23:38,8.0,"Quán khá dễ tìm, không gian quán trang trí dễ thương, phong cách nhẹ nhàng. Nhân viên phục vụ thì rất thân thiện với khách, bingsu thì ngọt thanh chứ không quá ngọt, giá khá là hợp lí với mọi lứa tuổiXem thêm",16
166,hoàng my,12/7/2018 20:05,7.0,"Quán nước quen thuộc của hoc sinh, sinh viên BR. Yên tĩnh, thích hợp để làm việc, học bài
Blacktea Machiato ở đây ngon và rẻ, chỉ 30k
Phục vụ nhiệt tình, chu đáo. 
Các món khác của quán cũng bình thường.Xem thêm",17
167,QL,22/1/2018 3:43,7.2,"🍒Ko gian quán cực rộng và đẹp luôn
Giá cũng khá ok từ 25k trở lên
Mình hay uống trà đào 25k
🍒Ly màu đỏ rất xinh luôn
Sẽ ghé lại khi sang bà rịaXem thêm",17
168,Munie.Tr,7/3/2017 1:27,8.2,"Hay đi quán này, yên tĩnh, view đơn giản mà vô hình deep cực ;)))
Oder đồ uống tại quầy, giá tầm 15-40k tuỳ loại nước
Đồ uống cũng được nè, tuy nhiên hôm đó đứa bạn gọi machiato thì hơi nhạt ấy ;)))
Giữ xe free nhaaaXem thêm",17
169,Khánh Khánh,30/1/2017 8:48,6.6,"Lý tưởng để hội họp bạn bè, không gian rộng và khá đẹp, anh em nhân viên dễ thương, đồ uống khá ổn nhưng có vài điều nhỏ nhỏ nhưng ảnh hưởng khá lớn :
. ""Hết bàn rồi!"", (mặc dù chưa biết mình đã có bạn trong đó hay chưa) Là câu mình được chào đón mỗi tối đến với BRis- khá mất cảm tình.
. ""No camera"" - ko cho chụp ảnh bằng máy ảnh, mặc dù họp nhóm đi chăng nữa, có 1 lần hỏi xin chị chủ, mà chị ấy cũng say No. 
Chỉ có 2 vấn đề trên làm mình khó chịu thôi, nhưng cũng gần như mất hết cảm xúc, ngoài cái đó ra thì quán rất ok.Xem thêm",17
170,Amanda Vũ,6/1/2017 20:26,6.8,"Trà sữa Baris và trà đào dc xem là 2 món must-drink khi đến đây. mùi khá giống Phúc Long. 
Trà sữa 25k và lần nào đến cũng gọi duy nhất món đó. Các món frappu khác cũng ngon ko kémXem thêm",17
171,linh tran,19/8/2016 10:39,4.8,"Ôi lạy trời quán gì mà nước nhạt thấy sợ soda chẳng biết hương gì luôn , cafe thì lạy trời cứ như 100g pha với 1,5l nước á . Nhân viên thì chảnh thấy ghê . Vậy mà mấy đứa bạn cứ thích vô đây . Chắc chủ yếu là chụp hình chứ uống nước gì đâu tại thấy tụi nó toàn bỏ chứ đâu uống hết. Mong quán khắc phục sớm nhéXem thêm",17
172,Lyn Foku,4/8/2016 11:54,7.0,"This is the second time I've been here. View is exellent for taking photos as usual. Anyway, the first time I came, I orderred blueberry cookies which was delicious. However, it was not totally a good idea to drink coffee for the second time :( It gave me the bad feeling when I tasted.Xem thêm",17
173,Lê Nguyễn Hữu Phước,5/10/2015 21:36,7.4,"Quán thiết kế khá đẹp mắt ,không gian ấm cúng ,nhẹ nhàng kiểu thiết kế như bên Urban Station .về phần thức uống còn hơi nhạt nhẽo .k có mùi vị lắm .uống hơi lạ và k ngon lắm .quán cần khắc phục điểm nàyXem thêm",17
174,Khanh Phạm,3/3/2015 10:11,3.6,"Có một ví trí tốt. Thức uống thì rất tệ khá nhạt và không có mùi vị gì hết: mình uống Matcha đá xay mà không cảm nhận được gì về trà xanh trong đó, whipping cream không béo và không hòa tan vào nước uống được; uống trà dâu mà không biết là mình đang uống là nước gì nữa; soda đại dương thì mình cảm thấy nó còn tệ hơn cả vitamin C hòa tan nữa. Chất lượng phục vụ cũng không tốt như thờ ơ với khac1hkhi gọi nước, rất lâu sau đó mới có nước uống( mình gọi 6 ly mà tận 20 phút sau mới có trong khi lúc đó quán vắng khách).Xem thêm",17
175,Linh Sam,25/2/2015 13:56,4.2,"Thiết kế: dạng giống bên quán urban station
Giá: tương đối mềm
Phục vụ: bình thường
Thức uống: đã thử trà đào và vanilla coffee. cực dở. trà thì hok ngọt, hok chát hay chua gì hết, kiểu cứ lợ lợ chắc do mình uống bên Phúc Long quen rồi. cà phê vị cũng lợ lợ, mà hok hiểu sao mình nó đặc lắm, hok phải vì đá, có cảm giác bột bột.
Nói chung tiền nào cuả nấy. Mình thì chắc hok quay lại. Mà hok hiêủ sao quán đông dã man. Chắc là lạ khẩu vị vs mấy em teen ở đây. mà vào đây toàn thấy ""nam thanh nữ tú"", ai cũng chu mỏ phồng má trợn mắt hết.
Chắc do đã đi nhiều quán kiểu thiếu kế như vậy nên thấy cũng bt.Xem thêm",17
176,Hùng Uri,31/8/2020 9:04,6.0,"Không gian rộng, thoáng mát, phong cách hợp với giới trẻ. Không khí tương đổi ổn. 
Mình ngồi 2-3 lần nước cũng tàm tạm thôi. 
Lần gần đây nhất mình đến vào buổi sáng đầu tuần ngồi thư giãn tí nhưng mà gặp mấy bạn nhân viên ai cũng giống kiểu vừa mất đồ, bị qoau hay sao í. Gọi nước hay đưa lại đều mặt như đưa đám, thái độ 🙂
Giống kiểu vô xin quán nước uống free ấy, mất hết cảm hứng 🤨Xem thêm",17
177,Sowon,22/2/2018 13:16,7.6,"Baris có 2 chi nhánh. Nhưng quán trên đường Trần Hưng Đạo này có view đẹp hơn, rộng hơn, ngồi bên ngoài rất thoáng mát ngay cả vào buổi trưa. Bên trong quán thiết kế đẹp, hiện đại. Đồ uống cũng rất ngon, trang trí đẹp mắt, đa dạng đồ uống. Điểm cộng là quán có món trà thanh nhiệt rất thơm, mát mà đa số các quán cafe không có. Sinh tố việt quất rất xứng đáng để thử. Cookie đá xay cũng rất ngon. Một nơi lý tưởng để họp mặt nhóm bạn nhưng để thư thả thì khó vì bàn sát nhau khá ồn ào. Chỉ có điểm trừ là chỗ để xe chật ních, khó dắt xe ra.Xem thêm",17
178,Ben Ben,20/2/2018 18:49,8.0,"Baris ở Trần Hưng Đạo có không gian rộng và khá đẹp. Có khu phòng lạnh và ngoài trời gió mát nha. Menu nước nhiều loại để lựa chọn. Nhân viên ở chi nhánh này nhiệt tình lắm, mình rất hài lòng. Vừa rồi uống trà đào cam sả cũng ngon đó. Trà thơm, không quá ngọt. Đào cắt miếng bự ăn giòn ngọt. 
Rất vừa ýXem thêm",17
179,Thư Văn,18/7/2017 23:47,9.4,"Quán khá là dễ tìm vì gần ngay trung tâm, không gian quán đẹp, thoải mái. Nhân viên thì thân thiện với khách hàng, nước uống ngon mà giá lại rất hợp lí với mọi lứa tuổiXem thêm",17
180,Khủng Long,9/2/2017 21:30,8.0,"Nhân viên phục vụ rất nhiệt tình.
Không gian thoáng mát, view rất đẹp để sống ảo ))
Giá cả vừa phải
WC rất sạch sẽ.Xem thêm",17
181,Bùi Tấn,11/5/2020 14:08,4.2,Đầu giờ chiều tuy không đông khách nhưng nhân viên chờ gom đủ 6-7 ly rồi mang ra cho khách một thể nên khách vào trước phải chờ lâu. CARAMEL MACCHIATO để lâu đá tan gần hết nên uống nhạtXem thêm,18
182,Trang Võ,20/7/2019 18:08,8.8,"Đồ uống ngon, thích nhất là trà đen macchiato 🥰
Các loại đồ uống khác cũng rất ok
Không gian phù hợp cho mọi lứa tuổi, điểm cộng là sạch sẽ và nhân viên thân thiệnXem thêm",18
183,Đức Huy Nguyễn,10/12/2018 14:59,8.0,"Quán nằm gần khu trung tâm Bà Rịa, có mặt tiền lớn, dễ nhìn thấy. Không gian bên trong rộng rãi, mát mẻ với cây xanh, thiết kế đẹp. Menu của quán cũng giống nhiều quán The Coffee House khác, đa dạng và phong phú. Nhân viên nhiệt tình, phục vụ nhanh nhẹn và lễ phép. Thích nhất món trà đào ở đây, ngon và có mấy miếng đào to, nhìn hấp dẫn.Xem thêm",18
184,Hiệp Hoàng,4/8/2018 19:02,7.6,"The Coffee House -Baria, Vị trí, thiết kế đẹpXem thêm",18
185,Ngọc Ịn,14/7/2018 15:47,7.6,"Không gian quán hiện đại, mới mẻ so với những quán cafe khác ở Bà Rịa. Trang trí đẹp mắt.
Lúc mình vào quán là 3h, khá là đông, có vẻ là do quán vừa mới mở, sáng chưa chiều đều đông.
Nước uống cũng được. So với giá thì chưa vừa phải.
Nhân viên xinh gái, thân thiện <3
Những ai thích nơi đông người, hiện đại nên tới chỗ này.Xem thêm",18
186,Hy Ju,11/7/2018 22:39,9.6,Mình hay đi uống mocha ở tch. Bà rịa mới có TCH nên ghé check in liền luôn. Không gian quá tuyệt. Đẹp.Xem thêm,18
187,hoàng my,10/7/2018 22:26,7.0,"Cũng giống như những hệ thống khác của coffe house đồ uống khá bình thường. 
*Không gian lí tưởng, địa điểm dễ tìm, thiết kế thoáng hơn các chi nhánh ở thủ đức nhưng nhà vệ sinh hơi nhỏ
* Bánh chà bông gà và phô mai vị tạm được giống như các chi nhánh khác. Bánh tiramisu vị hơi nhạt, nên bớt cacao và thêm rượu rum. 
*Tuy nhiên nhân viên phục vụ không được tốt lắm, quên phục vụ nước lọc, nhóm mình sơ ý làm đổ nước có gọi tạp vụ đến dọn nhưng đợi cả 15ph vẫn chưa thấy, phải gọi 2 lần.Xem thêm",18
188,Lego Tang,22/8/2018 20:13,9.8,Tuyệt vời!Xem thêm,19
189,food vn,15/8/2018 9:03,9.6,Tasty!Xem thêm,19
190,thuy vu,14/8/2018 17:23,9.6,Ngon đấy!Xem thêm,19
191,Anh Thy Nguyễn,22/10/2017 12:39,9.4,"Bánh hỏi chỗ này khỏi chê , ngon cực kì
Quán bán có tiếng hơn chục năm, ai đi bà rịa nhất định phải thử chỗ này
Bánh hỏi nóng, thịt nướng vừa tới không khét , ướp rất ngon luôn còn cộng thêm mỡ hành nữa.
Giá cả rất mềm , phù hợp với gia đình .
Ủng hộ quán dài dàiXem thêm",19
192,Lego Tang,19/10/2017 14:53,9.4,Bún thịt nướng cực ngon.!Xem thêm,19
193,Lộc Lê Hữu,15/10/2017 16:13,8.4,"Bánh hỏi Như Ý thì nổi tiếng hai mươi mấy năm nay, nằm ngay trung tâm thành phố Bà Rịa, Tĩnh Bà Rịa Vũng Tàu. Cho đến giờ theo mình biết thì hình như còn có 1 mình quán này là lâu năm nhất tại khu vực này thôi. đường từ Sài Gòn về TP Bà Rịa hay đi Biển Long Hải hoặc Vũng Tàu hay đi về quê lâu lâu cũng ghé ăn.Xem thêm",19
194,Viet Nguyen,22/2/2018 16:50,8.0,"Quán này nhìn nhỏ nhỏ nhưng decor khá dễ thương. Mỗi lần thèm trà sữa là rủ rê đám bạn đến đây uống liền. Trà sữa béo béo ngọt ngọt siêu thích. Ngoài ra có bán mấy món ăn vặt nhâm nhi vui miệng như khoai sấy, bánh tráng đồ á. 
Menu đa dạng nhiều món. Giá hạt dẻ hợp túi tiền sinh viên nè. 
Nhất định sẽ quay lạiXem thêm",20
195,Apple Chau,29/4/2017 13:23,7.2,"Vị trí quán khá dễ tìm. Để xe ngay trước quán, nhân viên giữ xe cũng rất tích cực, dắt xe cho khách. 
Không gian quán khá rộng rãi và trang trí bắt mắt. Tầng trệt và 1 lầu. Trên lầu có chia ra 1 phòng máy lạnh, và không gian bên ngoài để hít khí trời nữa ;3 Bọn mình gọi Xoài macchiato, Chanh dây macchiato, Sober Việt quất. Xoài macchiato ko rõ hương vị lắm, mà có cho vào mấy miếng xoài cắt hạt lựu, cũng hay ;3 Chanh dây thì ngon. Lớp bọt sữa hơi ít, uống chưa đã mà hết mất tiêu, có vẻ hơi ngọt, ko phải vị mặn đặc trưng của bọt kem sữa, cũng ko được béo lắm. Chắc do là món mới. Kem đá việt quất thì ngon nè. Rõ mùi vị, cũng ko quá ngọt. Lạnh lạnh thơm thơm. Kết list nhạc ở đây ))) mà ngồi phòng máy lạnh, nhạc nghe ko rõ lắm 
))) 
Nhân viên khá nhanh nhẹn, cũng tích cực. Cơ mà mình chỉ góp ý nhỏ chút là, khi khách ra về, nên có lời cảm ơn. Cái này theo ý kiến của mình thôi.
Có cơ hội sẽ quay lại thử lại món macchiato :)Xem thêm",20
196,Phạm Đăng Duy Anh,13/10/2016 14:50,8.2,"Thức uống quán ngon nhưng quán cần chú ý hơn thái độ nhân viên, và nên cho nhân viên khi đi làm mang giầy thể thao để tạo thiện cảm hơnXem thêm",20
197,Thảo Phạm,21/9/2016 19:08,6.4,"Cuối tuần về nhà được em nó dẫn đi test quán mới. Phong cách Hola Milk Tea khá dễ thương đó là cảm nhận đầu tiên, tiếp theo đó là khung cảnh đẹp, sạch sẽ, lịch sự và thoáng có lầu trên nữa. Bàn ghế có phong cách hơn so với mặt bằng chung của các quán trà sữa tại Bà Rịa. Giá cả đồ ăn và trà sữa khá phù hợp với teen nhà mình chất lượng vẫn rất đảm bảo nhé. Hôm đó mình gọi Trà sữa Matcha và Trà chanh uống cũng khá. Nhân viên cũng nhiệt tình, điểm cộng cho quán mới mở.Xem thêm",20
198,Khánh Khánh,12/9/2016 13:00,7.6,"Quán nằm trên đường Huỳnh Tấn Phát , Phường Phước Hiệp TP Bà Rịa . Được biết là quán chỉ mới mở đây thôi , hôm trước về nhà thì bạn cấp ba rủ đi uống nước đi ngang qua thấy quán mới nên vào thử xem sao . Vừ bước vào quán , điều đầu tiên mình ấn tươjng đó là view đẹp , sạch sẽ , rộng rãi và thoáng mát . Nước uống ngon giá cả cũng hợp lý cho tuổi teen ahihiXem thêm",20
199,Mây Cỏ,24/2/2020 20:33,2.6,"Vào quán Phở, thấy bảng giá  ""Bún Bò 50K"" nghi sẻ ngon nên giá thành cao.... hỡi ôi, nước ngọt ngắt dộng ngay cổ họng làm cảm giác ngấy, thịt thi khô nhai nhu nhai bã trầu, rau ăn kèm thì sơ xài, nguyen tô bún chỉ thấy dc cộng bún là ok... khuyên chân thành mắc mà ngon ko tiếc nhung  ""Mắc mà dỡ ẹc"" tiếc lắm.Xem thêm",21
200,foodee_3c5dee54,1/6/2019 12:44,4.4,"Phở hơi đắt, thịt bò ít mà 50k/1tô.nước phở bỏ quá nhiều bột ngọt ăn vào 5p sau tê liệt cả người...ôi sợ quá.Xem thêm",21
201,Quang Anh Nguyen Trong,7/7/2018 7:25,9.2,"Phở ngon, nước phở đậm đà
Tuy nhiên giá hơi đắt, k có nước suối cho khách uống sau khi ăn.Xem thêm",21
202,Vũ Nguyễn,13/9/2015 13:14,2.8,"Mỗi lần đi ngang đều ghé đây. Nhưng hn khá bực. Mình tới trc, mà cứ làm cho người tới sau. Thậm chí tới lúc người mới vào đã có. Mà mình vẫn chưa có. Như người vô hình. Mình hỏi vài lần thì kêu đang làm. Luc mình bỏ đi còn k nhận dc lời xl. Mà con mẹ phục vụ còn kêu ngồi đó đi. Mang ra giờ nè. Rồi cái thằng thu tiền. Có ve con chủ quán. Thì nói ng ta về rồi. Khỏi làm. HaizzzXem thêm",21
203,Trà My,10/9/2015 20:10,5.8,"Quán không gian rộng, sạch sẽ ngay tuyến đường chính nên rất dễ tìm. Giá bán khá đắt nhưng mình cảm thấy k còn thấy ngon như trước. Thực đơn quán phong phú: hủ tiếu, bún, phở, bò kho...nhưng mình thấy ăn ngon nhất là phở; một tô đồ ăn nhiều, mình kêu 1 tô thập cẩm mà thịt phong phú lắm :3Xem thêm",21
204,Thị Bé Phạm,26/12/2014 12:09,5.0,"Phở Lan ăn ngon nhất ở Bà Rịa cách đây > 10 năm, còn bây giờ thì ko có mùi vị phở j cảXem thêm",21
205,Mũm mĩm Minh,8/8/2014 11:39,6.6,"Vị trí trên tuyến đường lớn nên sẽ trở thành địa điểm quen thuộc cho các đoàn du lịch, hay các nhóm phượt.
Không gian cũng tương đối thoáng, có chỗ đỗ xe ô tô, cũng hơi gần chợ (đi du lịch ai lại đi chợ, nhưng có cái, trong đoàn mình có 2 em nhỏ bị say xe, dừng lại đó ăn, có chợ gần đó để mua thuốc cũng là một lợi thế về vị trí).
Giá thì mình thấy hơi cao, cơm thì nhiều ngon thật, nhưng hủ tiếu thì hơi quá đáng. 2 em nhỏ say xe hok ăn được gì hết, kêu tô nhỏ, mà cũng 20k rồi. 
Lúc mình vào quán thì cũng hơi vắng, nên thức ăn được dọn lên nhanh, không phải đợi lâu. Gần đó cũng có nhiều quán khác. Và điều mình thất nhất là, vừa ăn vừa ngồi nhìn đường, lâu lâu có anh Tây đi ngang :vXem thêm",21
206,Hoàng Đức Minh,29/6/2014 20:54,6.6,"nuoc lèo như nước mì gói. Hoàn toàn thất vọng với chất lượng nc lèo ở đây. Thịt nhiều,giá ok; csvc khang trang.Xem thêm",21
207,Trương Thanh Thanh,7/8/2013 10:05,8.0,"Trên đường đi từ SG-Phan Thiết theo hướng Cát Lái (để ngắm cảnh tuy hơi xa^^) bọn mình có ghé Phở Lan để ăn sáng. Hôm đó trời mưa rả rích, rất lạnh nên ăn phở là một lựa chọn cực kỳ hợp lý.
Quán phở này có 2 mặt tiền kế cận nhau khá hoành tráng, khách ra vào khá đông đúc, phục vụ cực nhanh luôn. Vừa yên vị gọi món, chưa lau xong đũa muỗng là phở được mang lên rồi ^^
Mình ăn phở thập cẩm, vị khá là ngon, 9 đứa còn lại cũng xì xà xì xụp gắp gắp húp húp có vẻ ngon miệng lắm :P Thịt nhiều, nước phở đậm đà. Cũng có thể do trời lạnh vs đông người nên cảm thấy ngon miệng hơn hẳn.
Tổng thiệt hại là 392k/10 người (cả trà đá, khăn lạnh) cũng không rẻ nhưng mà đi chơi nên cứ xõa thôi ))
Giữ xe free nhưng rất nhiệt tình và vui vẻ ^^Xem thêm",21
208,foodee_9om946rj,25/7/2020 17:33,5.0,"Ăn no, giá cả hợp lí, quán sau coopmart dễ kiếm,..
Gọi phần đặc biệt ăn được 4 người.Xem thêm",22
209,Ling,28/6/2020 21:26,4.6,"ăn ở đây thấy cũng được,được cái nữa mặt nhân viên như muốn đuổi khách về vậy,tưoi tỉnh lên tí chết ai đâu trời,phần bún đậu 45-85k hơn nhau được có tẹo ăn 2p là hết.Mình mua một hộp về mà chả có mắm tôm gì,kh lẽ ăn với nước mắm hả má,đã vậy ớt tưoi bỏ tùm lum tùm la trong bịch nhìn chả muốn ăn.Xem thêm",22
210,Vy Shi,1/3/2018 3:45,6.0,"Một suất ML 35k như vầy là ổn mình thấy không quá mắc, có mỗi cái hồi xưa chả cốm ngon lắm mà giờ đỡ nhiều rồi :))Xem thêm",22
211,Bi Nhỏ's,10/1/2018 23:42,7.6,"Chả hiểu sao mình thấy mắc vãi ra mà vẫn cứ đâm đầu vào ăn đều đều 😂 
Bún ép khá chặt, thịt thì bấy nhầy không phải thịt bắp nhưng ăn đỡ cũng được, đậu thì lúc nào cũng chiên nóng giòn ăn đã lắm, chả cốm thì cũng tạm ổn. Mặc dù lúc nào cũng kêu phần thập cẩm cơ mà mình không ăn lòng, toàn gắp cho ngta ăn không à, bù lại cướp bún cuả ngta ăn :v Mà có điều thèm thèm thì bu tới ăn chơi thôi chứ cỡ mình ăn bún đậu chả bao giờ no cả 😂
Quán nằm ở vỉa hè nên cũng khá là mát mẻ. Mà mưa tới thì ăn cho đủ :3 Rau thì rửa rối lắm, chưa lần nào ăn mà mình thấy rau sạch cả, nên hầu như là mình không ăn rau, mà như vậy lại mất ngon cả món bún đậu :|
À quán còn có mắm nêm với nước mắm cho ai không ăn mắm tôm đó nghe. Ăn xong có ly trà đá súc miệng với thêm cục kẹo ngậm cho đỡ thối mòm nữa luôn :3Xem thêm",22
212,Phan Thảo,22/9/2017 13:47,6.6,"Bún ép chặt. Chả cốm hơi mặn. Phục vụ khá tốt. Có simgum chống thối mồm. :)
 Điểm trừ không có nhà vệ sinh.Xem thêm",22
213,Mỹ Dung,28/8/2017 12:53,7.0,"Lâu ko ăn bún đậu mắm tôm nên thèm, rủ nhỏ bạn đi ăn cùng. Quán này tối đông khách quá chừng luôn. Vô ngồi 5 phút mới có nhân viên lại hỏi. Gọi 1 phần bún đậu cho 2 người giá 65k gồm có bún, rau, đậu hũ, thịt heo, lòng heo, sụn và chả cốm. Đậu béo nhưng ko được giòn, mắm tôm nêm thêm chút đường, nặn 1 trái tắc vô là ngon. Trà đá miễn phí, hai đứa thuộc loại ốm nhom, ăn ít nên ăn xong phần đó cả 2 no luôn. Đi nhầm ngày Miu lê khai trương nhà hàng hải sản kế bên nên mở nhạc nghe khá ồn ào.Xem thêm",22
214,Quỳnh Phạm,29/4/2016 17:15,7.8,Không gian vỉa hè rộng rải thoáng mát. Địa chỉ dễ tìm đối diện nên cạnh hông coopmart. Giá ổn. 2 người ăn no tầm 8-90k gọi thêm bún và đậu hủ gồm trà tắc. Ăn theo phần bth thì k đủ gọi thêm thì dư. Có mắm thuờng cho bạn nào k biết ăn mắm tôm. Mẹc to ngonXem thêm,22
215,Nam Phan,30/12/2021 21:29,1.0,"Đi mua xếp hàng 15p k thấy nhân viên nào hỏi, còn bị chen hàng . Vô sau phục vụ trước. Rõ chán, k ghé nữa bước. Quá tệ.Xem thêm",23
216,Ben Ben,20/2/2018 19:09,8.0,"Lâu lâu ngán đồ ăn nhà nên ra kfc ăn gà rán. Ở ngoài Coopmart Bà Rịa đông kinh luôn. Gà chiên giòn rụm nhưng nhiều dầu quá. :(( Khoai chiên giòn chấm tương ớt ngon. 
Nhân viên phục vụ nhiệt tình thân thiệnXem thêm",23
217,Bảo Ngân,25/1/2017 16:26,7.4,"Lúc nào đi siêu thọ nghe mùi cũng thèm. Hôm nay quyết định ăn một bữa cho đã.
Mình gọi combo 86k với 1 bánh trứng them 1 miếng gà cay 41k nữa hai người ăn no lắm nha. Còn đưoc tặng 5 bao lì xì dễ thương với 1 phiếu rút thăm heheXem thêm",23
218,Na Ng,10/1/2016 3:09,8.2,Nói đến gà rán thì kfc vẫn là lựa chọn đầu tiên của mình cũng như của gia đình. Đội ngũ nhân viên của kfc lại thân thiện và nhiệt tình nên vào bất cứ chi nhánh kfc nào mình cũng thấy thoải mái và vui vẻ. Ngoài gà rán thì bánh trứng là món mình hay ăn nhất. Cứ kêu 3c là lại được tặng 1c quá đã luôn. Tuy bây giờ bệnh phải kiêng nhiều thứ nhưng lâu lâu vẫn ráng nài nỉ người thân cho ra ăn cho thoả cơn thèm hì hìXem thêm,23
219,Thảo Nguyễn,9/1/2016 12:45,8.2,"Chưa thấy kfc chỗ nào đông như chỗ này. Nhìn ko khí nhộn nhịp hẳn hơn so với các chỗ khác nhiều. Gà ngon như những quán kfc khác, đang bị ghiền món gà tiêu chanh, thơm mùi chanh, chua nhẹ, vị mặn mặn, ăn thậm chí ko cần chấm thêm tươngXem thêm",23
220,JoJo Ari,10/12/2015 19:50,7.0,"Trưa ghé ăn cơm, mình ăn cơm gà phi lê, thịt gà mềm 
Bạn mình ăn món mới gà chiên giòn sốt tiêu chanh, chỉ là tiêu nhưng cay lắm nha kèm theo viên mast potato nữa, cái này thì không ngon chút nào và kết hợp với món này cũng không hợp luôn. 
Tổng thiệt hại 120 nghìn 
Nhân viên nhanh, lịch sự nhưng không niềm nở cho lắmXem thêm",23
221,eatwtea 💋,19/11/2015 23:03,8.4,"Kfc vẫn giữ được chất lượng khá tốt dù là ở đâu. Đi siêu thị thấy có khuyến mãi 99k/5 miếng gà nên nhào vô ăn liền hehee kêu thêm 2 ly pepsi vừa và 1 phần khoai tây chiên lớn mà ăn ko hết luôn. No quá trời no, chưa lần nào ăn đã miệng như hôm nay. Chắc vài bữa nữa lại ăn tiếp.Xem thêm",23
222,iuiu,13/11/2013 13:12,5.2,Có thể nói tôi là một khách hàng thân quen của kfc . Tôi rât thích món ăn này. Bơi ở đó hợp vơi khẩu vị của tôi và hơn hết nhân viên phục vụ rât nhiệt tình tạo cho tôi một cảm giác thoải mái khi ăn uống tại đó . Nhưng lần này tôi thật sự rât thất vọng vê cách nc của nhân viên Yến Nhung tại kfc ở Bà Rịa. Cách nói chuyện thiêu tế nhị và thiếu lịch sự đó. Tôi đi ăn chứ đau phải đi xin đau. Khách hàng thắc mắc đau phải trả lơi kiểu thiếu ăn học đó. Trưa nắng nóng đói bụng mà gặp như vây thât là hêt muốn ăn. Tôi chọn 1 phần cơm 29k với súp và nước và môt phân cho bạn tôi. Tôi mơi nói chị ơi lấy cho e má đùi nha. Cô nhân viên mơi trả lơi kiêu thiếu học đó : phần chị ko lây đc má đùi. Tôi mơi hỏi sao vây. e thây trog hình vây mà. Cô ấy lại trả lơi kiêu trống không chị nhìn sao mà giốg vơi phần 63k. Nhưng ý của tôi nói nó giống cái má đùu gà cây. Thiếu gì cách nói mà phải nói kiêu mât lịch sự đó .   Thât sự mà nói tôi rât bực tức và khó chịu. Tôi đã ăn rât nhiêu cửa hàng kfc khác nhau. Nhưg chưa bao giờ gặp phải như vậy . Ở SG chẳg bao giờ gặp phải như vây. Nói ra để lần sau nhưng khách hàng khác khôg gặp phải như tôi. Mât một bữa ăn trưa ngon. Xin chân thành cảm ơn Công TyXem thêm,23
223,Tran Gia Han,31/1/2020 14:23,3.4,"Gà quá dở, đặt qua app now gọi gà cay thì giao đến không cay. Đợi 40 phút và 90k cho 2 miếng gà siêu nguội như để cả ngày không hâm, gọi gà giòn cay nhưng nhận được miếng gà không cay, mềm, bở, nguội nên siêu tanh mùi thịt. Không ăn nổi phải bỏ luôn miếng còn lại. Không bao giờ gọi đồ KFC nữa quá thất vọng về chất lượng.Xem thêm",23
224,foodee_9338de25,9/9/2018 19:11,3.4,Đặt hàng qua Now. Đặt combo B thì giao tới combo A. Gọi đt mấy cuộc không ai bắt máy.Xem thêm,23
225,Mỹ An,26/5/2018 11:38,8.8,"Thường thì mình hay đi ăn KFC-Lotte Mart hơn, cơ mà vì lần đó Lotte đông quá nên chạy qua Coopmart. Gà vẫn ngon :v mình đi 2 đứa nên hay gọi combo 180K, miếng gà siêu to, thêm cả phần gà chip và khoai tây chiên nữa, daebakk ♡ Thứ mình đặc biệt thích ở KFC mà các tiệm gà khác ko có chính là ""bắp cải trộn"". Nước sốt bắp cải trộn có độ béo vừa phải, thanh thanh bùi bùi, ăn kèm với gà vừa ko ngấy vừa thơm. Ketchup thì của Heinz nên cực ngon luôn ♡ Nhân viên thì cũng khá thân thiện, dọn dẹp sạch sẽ và chu đáo :vXem thêm",23
226,Cong Tien Tran,1/3/2018 21:01,9.2,"KFC ở đây cũng bình thường như mấy chỗ khác. Gà xiên que được tẩm ướp vừa ăn, thơm mùi gừng nhưng thịt gà hơi khô và cứng. Gà giòn thì tất nhiên là luôn ngon, thịt mềm mại, đậm đà, giòn rụm. Cơm trắng ở đây nấu không bị quá khô và cứng, hạt cơm ăn rất bùi và ngon. Quán mới có mớn kacchiato red velvet, uống không đặc sắc mấy, khá dở. Trà bị ngọt gắt, thêm kem milk foam vào nên đã ngọt lại càng ngọt. Tuy mình thích uống ngọt nhưng ngọt đến như vậy thì vừa ngán lại vừa ngấy. Nếu thay trà màu hồng bên dưới bằng trà đen như cũ hoặc 1 loại trà ít ngọt và béo thì mình nghĩ khi kết hợp với milk foam sẽ ngon hơn nhiều.
Không gian quán tương đối rộng, thoáng mát, sạch sẽ. Nhân viên phục vụ tận tình, chuyên nghiệp. Menu của quán để hẳn lên màn hình bên trên, không còn để menu giấy dưới bàn nữa.Xem thêm",23
227,QL,27/11/2017 21:32,7.4,"🍒Mình thề là bánh tart trứng KfC nó quá là ngon đi
Lâu lâu thèm muốn chết luôn là lết xác ra ăn sẵn tiện đi siêu thị luôn
Nằm ngay tầng trệt Coopmart nha

🍒Nhân viên phục vụ bình thường
🍒Tart 45k/4 cái nóng hổi ăn nhoè hịhiXem thêm",23
228,Thảo Phạm,13/1/2017 22:23,7.0,"Biết KFC đang có chương trình giảm giá 10% khi có thẻ VIP card của KFC, 3 đứa mình vào và goib suất lớn 299K hay nhiêu đó mình không nhớ rõ lúc đó mình đang cặm cụi lấy tương cà rồi, mình có cái khẩu vị lạ lắm mình thấy tương cà trong KFC nó nhon như thế nào á, ngon hơn cả loại mẹ đang dùng. Nhận xét thôi:
- Không gian: vị trí cực dễ thấy, cực đẹp nên mình kiếm cái rụp là thấy.
- Món ăn: trong hình là suất giành cho 3 người ăn ngập họng luôn á (y)Xem thêm",23
229,Vân Thế,31/12/2016 0:16,7.8,"Nằm ngay trong siêu thị CoopMart Nguyễn Thái Học luôn nên khá ồn ào (hầu hết là các bậc phụ huynh dẫn con em đi ăn). Quán chuyên về gà mà mình không thấy gà ngon 1 tẹo nào, kem bị chua (hình như bị khách hàng phản ánh nhiều quá giờ thấy đỡ hơn nhiều rồi). Đồ ăn bình thường, lâu lắm rồi cũng không ra món mới.Xem thêm",23
230,Yến Nhi Nguyễn Hoàng,16/7/2016 11:21,6.6,"Mình ghé đây vào buổi tối trời mưa. Mình ghé ăn sẵn trú mưa ấy mà. Ban đêm không gian khá là đẹp. Tuy nhiên trước giờ mình ăn già KFC thì cảm thấy không hợp khẩu vị bằng những nhãn hàng gà rán khác. Với lại KFC giá còn cao hơn những chỗ khác nữa. Nhân viên bình thường, không có gì đặc biệt. Gà bở hơn, khoai cũng không ngon bằng, lại không có gà sốt. Thương hiệu có tiếng lâu năm mà lại không có nhiều cải tiếng. Nói chung mình chỉ ghé đây nhân dịp trời mưa thôi. Sau này chắc sẽ hạn chế hơn.Xem thêm",23
231,Na Ng,24/11/2015 12:44,8.6,"Cuối tuần đi siêu thị tạt ngang kêu 3 bánh trứng, bánh trứng là phải ăn tại chỗ mới ngon, mua về phải ăn liền ko thôi bánh hết giòn là ko ngon nữa, ăn ngán lắm. Kêu thêm mấy miếng gà về cho con nít ăn cơm. Chất lượng vẫn ngon, phong cách phục vụ nhiệt tình, nhanh nhẹn. Bánh trứng chỉ 15k nha mua 3 tặng 1 đó. Còn gà đang có rất nhiều chương trình khuyến mãi hấp dẫn nhé.Xem thêm",23
232,eatwtea 💋,18/10/2015 16:18,7.0,"Hôm nay đi siêu thị tiện ghé qua ăn kfc. Lâu rồi ko ăn thấy ngon, chất lượng vẫn ko đổi. Đã thê đang có chương trình mua 1 tặng 1 vào thứ 6 hàng tuần, mua 1 bánh trứng tặng 1 pepsi vừa. Quá đã luôn, ăn gà xong còn có bánh trứng nóng giòn, thơm thơm tráng miệng còn j bằng heheXem thêm",23
233,Thư Nguyễnn,26/2/2022 13:45,1.0,"Rất là tệ. Gđ mình đặt phần ăn như trên . bill cũng ko nhỏ và mình biết các chi nhánh kfc cho rát ít tương chấm nên đã dặn đi dặn lại cho thêm nhiều tương ớt . vậy mà khi bé e mình nhận hàng  kiểm tra thì chỉ có 4 gói tương . bé xin thêm thì đc thêm 2 gói nữa là tc 6 gói tương ( 4 tương cà , 2 tương ớt ) . lên tới ks mình mở ra coi thì rất là bực và gọi cho bên KFC thì nói để kiểm tra lại và gọi lại cho mình nhưng chờ hoen 10p ko thấy gọi lại mình mới gọi lại 2 số đt trên thì đt đó nhân viên gác máy và ko bắt máy . rất là mất dạy . thử hỏi order để đc ăn ngon chứ  ko phải để rước bực mình vào ng . mình mong ng quản lý cửa hàng kfc này xem xét lại cách nhân viên tiếp nhận và phục vụ kháchXem thêm",23
234,Thành Đạt,11/6/2021 10:32,1.0,ăn gì kì cục vậy ? Tôi có đặt phần 5 cánh gà với phần khoai tây chiên tôi đã thanh toán qua ngân hàng mà mãi tới bây giờ vẫn chưa thấy giao là sao ?Xem thêm,23
235,Phụ Tùng Suzuki Tín,4/4/2019 18:12,1.0,Tai sao gọi món thấy để trong mà ko bưng ra. Oder có cơm them tinh tiền ko có. Xong  gọi thêm cho đứng từ nãy giờXem thêm,23
236,Mỹ An,21/7/2018 23:02,8.4,"Cuộc đời ăn gà của mình xoay quanh KFC có lẽ ko phải nói ngoa :> ăn quá nhiều quá nhiều gà ở đây rồi ấy )))
   ¤ Mình đi thứ 5 nên áp dụng giá 55K/3 miếng (2 đùi 1 ức). Gọi thêm bắp cải trộn, với khoai tây chiên. Bắp cải trộn ở đây là one of a kind luôn ấy. Nhìn có vẻ đơn giản nhưng khi ăn là thấy nước sốt của nó rất khác so với pha chế ở nhà. Lần này tẩm ướp hơi mặn, nên ko chấm nhiều tương được, hơi tiếc vì cực thích tương ở KFC (vì là Heinz mà :v)
   ¤ Nhân viên thân thiện, còn hỏi mình có ăn được bắp cải trộn ko vì nước sốt có thể ko hợp với nhiều người. Dù mình ăn được vì là món khoái khẩu nhưng thật sự rất thích sự quan tâm đầy chuyên nghiệp này.
   ¤ Không gian ở KFC Lotte thoáng hơn vì rộng và thiết kế cũng ổn. Phòng sofa bên trong nóng hơn so với ở ngoài.Xem thêm",23
237,Ng T Linh,14/6/2018 22:22,6.8,"Lâu rồi mới ăn lại KFC. Gia đình mình đi Lotte mart sẵn ghé vào đây ăn trưa luôn. 
Cơm gà giòn cay: gà quá ư là NHỎ. Hic lúc trước 1 phần cơm như vậy gà nó to lắm, 1 mình mình ăn ko hết mà giờ quay lại cái gà nó bị biến hình nhỏ xíu ăn chả bõ dính răng. Vị cũng không cay lắm, ăn như gà giòn bình thường.
Mì Ý gà: không ngon -.- 1 phần gà rất ít, như cho em bé ăn vậy. 
Cơm gà xào sốt Nhật: khá nhạt, vị bình thường, như gà xào VN, không biết Nhật nằm ở chỗ nào.

Tóm lại, hơi thất vọng về bữa ăn ngày hôm đó. Tổng thiệt hại là gần 200k cho 4 người, nhưng tí sau phải lên quầy ăn uống của Lotte mart mua thêm bánh ngọt ăn cho no bụng.Xem thêm",23
238,Hàn Thiên Thiên,5/5/2018 20:57,8.6,1 cảm giác rất yomust ^^Xem thêm,23
239,Trâm Lê,10/2/2018 11:24,8.0,Long time no KFC. Mỗi tuần vào thứ 4 có khuyến mãi miếng gà 19kXem thêm,23
240,Thảo Ngân,1/1/2018 19:55,3.4,"Đến bàn gọi món, mà mới hỏi giá các loại cánh với đùi mà thái độ nhân viên gắt gỏng và nhăn nhó khó chịu, còn liếc mẹ mình nữa. Mình sẽ không bao giờ đến đây ăn nữa.Xem thêm",23
241,QL,19/11/2017 15:52,7.6,"🍒Thèm tart trứng nen bữa về vt đi lotte mua ngay hộp 4 cái về xử liền tại chỗ😂
🍒Ko gì ngon bằng bánh mới ra lò nghen
Tart kfc lúc nào nướng cũng khéo. Bên ngoài giòn rụm, bên trong nhân mềm thơm béo ngậy nóng hổi

🍒Hộp 4c 45k. Mua lẻ 15k/cái ngheXem thêm",23
242,Nhỏ Em,2/10/2017 15:20,7.0,"Kfc VT nhân viên nhiệt tình, chuyên nghiệp. Gà rán ngon, ko có cảm giác cũ như ở 1 số chi nhánh khác. Không gian thì ko phải bàn. Lotte VT chỗ nào cũng mới và đẹpXem thêm",23
243,Phút Phát Luân,19/2/2020 21:26,5.0,"Hôm bữa dẫn mấy đứa cháu qua ăn, thái độ phục vụ của nhân viên rất tệ, đi ăn mà làm như đi xin vậy, không thèm ngó tới kêu mấy lần thì ngó tới nghinh mặt lên nhìn rồi bỏ đi không thèm trả lời 1 tiếng, nhân viên làm việc quá sức là tệXem thêm",23
244,Bibo Nguyen,25/12/2019 7:01,3.6,"Ghé mấy lần đưa con đi ăn rồi, nhưng hôm qua ngày 24.12.2019 ghé lúc 19h00 nhân viên rất tệ, nhìn quanh rất ít khách, nhưng tôi mua xong phần ăn đứng tới 20p mà không có đồ ăn mang ra, nhân viên thì làm việc nhìn rối tinh rối mù,sẽ không bao giờ ghé ăn ở đây nữaXem thêm",23
245,Ngọc Anh,18/3/2019 16:45,4.2,"đồ ăn thì ngon đó, mà thái độ nhân viên thì ngon đến mấy cũng ko nuốt nổi
tăng số lượng bán ra thì nói mẹ đi, nói với khách là ko đổi đc trong khi chưa thanh toán
mặt trời chiếu thẳng vô mặt khách thì kéo hết rèm lên
khách đến có 2 nhân viên nhưng ko ra tiếp, đùn đẩy qua lại làm khách phải chờXem thêm",23
246,Uyên Thư,2/3/2019 20:07,9.4,"Rất hài lòng về thức ăn ở đây! Gà giòn, thịt mềm! Nói chung là rất ngon! Luôn ủng hộ quánXem thêm",23
247,Chi Nguyễn,10/4/2023 19:24,10,"Hihglands Coffee ưu đãi mua 2 tặng 1, nhấn vào link để nhận ngay ưu đãi: https://shorten.asia/2KUEeFgXXem thêm",24
248,Pun Tròn Tròn🍒,25/6/2022 21:21,10,Chân ái của mình là đây ạXem thêm,24
249,Pun Tròn Tròn🍒,4/4/2021 21:06,9.2,Ở đây thì vị nó y chang nhau rồi ko j bàn cãiXem thêm,24
250,hungtram152,7/2/2019 10:11,5.8,Đã phản ánh với nhân viên quản lý highlands Coffee Trần Hưng Đạo mùi cống từ toà nhà Kim Minh rất hôi thối. Không hiểu tại sao lại không giải quyết triệt để vấn đề này?Xem thêm,24
251,Nguyễn Tân,23/11/2018 18:03,8.8,"Quán nằm ở vị trí khá đắc địa ở góc Trần Hưng Đạo với nhà thờ Vũng Tàu. Gần khu vực các ngân hàng, trường học nên buổi sáng thường rất đông khách. Quán mở cửa từ sáng cho đến tối. Bán cà phê pha máy các loại, matcha đá xay, trà trái cây và có bán cả bánh ngọt. Cà phê ở đây tạm được chứ k ngon xuất sắc lắm, matcha đá xay có hôm uống hơi ngọt quá, đổi lại bánh ngọt thì ngon và trà đào thì ok hơn những chỗ khác. 
Điểm cộng là thái độ các bạn nhân viên phục vụ ở đây rất thân thiện và nhiệt tình dù cho quán hầu hết full khách vào giờ cao điểm các buổi sáng.Xem thêm",24
252,Trâm Lê,11/11/2018 14:06,8.0,Sáng thứ 2 mà đông khủng khiếp. Dạo này dân vũng tàu cũng có nhiều thời gian đi cafe ghê luôn ấy. Nhân viên thân thiện. Matcha freeze mình đã gọi ko đường vẫn thấy khá ngọt còn của bạn mình là siêu ngọt luônXem thêm,24
253,Kiều  Trần,7/7/2018 20:58,8.0,Highland thì chất lượng khổ phải bàn r... bánh ngon nước ngon.. phục vụ lịch sự nhiệt tình.. không gian rộngXem thêm,24
254,lenhancvt,22/6/2018 13:25,8.2,"Một nơi mà bạn nên đi thử ít nhất một lần trong đời. Không gian sang trọng - đặt ngay trung tâm tp Vũng Tàu . Decor phương tây - chất lượng khá - nhân viên tươi cười.  Rất thích hợp cho nơi hẹn hò - ký hợp đồng - gặp gỡ khách hàng - mạng khá mạnh .
Mình uống thử  trà xanh đá xay - Giá cả ở mức trung bình khá : Mức giá chung cho toàn bộ hệ thống và highlands định giá thương hiệu ở mức cao cấp nên đa số khách hàng vào đây là khách hàng từ mức thu nhập khá trở lên. Địa điểm đáng check in .Xem thêm",24
255,Ng T Linh,11/6/2018 22:17,7.6,Hic ở Highlands mình chỉ thấy freeze trà xanh này là ngon :(Xem thêm,24
256,Ng T Linh,11/6/2018 21:49,7.6,"Matcha latte với bánh chuối gì ấy ... matcha ngon và béo, còn bánh chuối không ngon lắm -.-
Nhân viên lịch sự, chu đáo. Quán rộng rãi xinh xắn.Xem thêm",24
257,Hoa Vũ Thanh,25/9/2022 18:19,4.2,"Sáng nay 25-9-22 khoảng 8h30 ra Highlands số 6***TP. Vũng Tàu uống cafe với bạn, mình ít order nên không rành lắm, hỏi tư vấn mấy cháu bán hàng , cháu bán hàng hơi mập trả lời hỗn hào rồi quay qua cười khinh thường với cô bạn cùng*** thái độ trịch thượng vô lễ với người lớn tuổi. May mà mình là nhà báo, mình là bà nhà quê vùng sâu vùng xa thì còn khinh khách cỡ nào. Nếu mình là sếp thì cho mấy bạn này nghỉ việc vì làm dịch vụ như thế ảnh hưởng đến bộ mặt thương hiệu.Xem thêm",24
258,Meo Cú,18/7/2020 2:17,7.0,"• Nằm trên đường NTH, khá dễ tìm đối với khách du lịch

• Menu giống với các chi nhánh khác, mình thử Chocolate đá viên và Mousse Cacao. Nói chung hương vị cũng được. Tổng bill 88k.

• Không gian rộng, mình ngồi trên lầu nên nhìn thẳng ra đường NTH, vị trí rất đẹp. Không những vậy, dù đi ngày thứ 7 nhưng quán lại khá vắng và yên tĩnh, rất thích.

• Nhân viên lịch sự chứ không nhiệt tình lắm.***bảo vệ vui vẻ.

• Thử cho biết, nếu có nhu cầu mới quay lại.Xem thêm",24
259,Trường Đ Nguyễn,18/2/2020 18:22,9.2,Chất lượng + không gian ở Highland Coffe luôn làm mình hài lòng . Nước ngon + bánh ăn rất vừa vịXem thêm,24
260,Yul Chon,24/2/2019 8:57,9.2,Bánh ngon :3 không gian thoải mái lắm :3Xem thêm,24
261,Hoàng Dũng Lê,30/11/2018 15:44,8.0,"Bữa nay 30/11/2018 mình uống ly đá xay ! phần kem làm nhảo quá ! kiểu như không lắc lên vậy !!!!!
Còn ổ bánh mỳ ta nói nó cưng ngang khúc củi luôn ( khả năng cao là bánh mì củ ) 
Highlands có thương hiệu VẬY NÊN MONG RẰNG HÃY GIỮ GÌN CHẤT LƯỢNG !!!!!!!Xem thêm",24
262,nghi le,14/11/2018 18:52,6.6,"Đồ uống ngon, đa dạng, không gian rộng rãi thoải mái dễ chịu mà giá hơi cao chút.Xem thêm",24
263,Hoàng Huy,17/5/2018 18:34,8.0,"Tiệm highlands này nằm ngay cung đường chính gần với chổ mình ở nên cũng hay ghé qua quán để uống cà phê lắm nhe, gọi 1 ly sữa đá size vừa và 1 ly americano size vừa để uống, theo mình cảm nhận thì cà phê pha cũng ổn hương vị khá là thơm cà phê sữa có độ beo béo thơm thơm vừa miệng, vị cà phê đậm đà, không gian ở đây thấy khá là thoáng và rộng rãi có lầu nữa nhe, nhân viên phục vụ ở quán thân thiện và cũng vui vẻ lắm luôn ấyXem thêm",24
264,Hoàng Huy,17/4/2018 18:45,8.0,"Hôm rồi có dịp đến quán này để uống nước phải nói là do là hệ thống nên nước có giá cả và chất lượng cũng khá là xem xem nhau rồi, nhưng hương vị ở đây mình thấy có gì đó không được đậm đà như ở trong thành phố mình hay uống cho lắm ấy, gọi 2 ly trà đào để uống thấy hương vị cũng khá là ổn mùi vị trà đào vừa miệng à nhưng không được đậm đà hương trà cho lắm, nhân viên quán nhanh nhẹn và chu đáo, không gian quán có lầu nữa khá là rộngXem thêm",24
265,QL,19/11/2017 3:08,7.0,"🍒Highland chi nhánh này không gian đẹp, sáng sủa, thoáng lắm
🍒Trà táo uống ok, có lát táo tươi trong ly nữa

🍒Giá cao so với mặt bằng vũng tàu nhưng cũng ok
🍒Nhân viên phục vụ thân thiệnXem thêm",24
266,Trâm,12/7/2017 0:08,7.0,"Highlands góc đường này mình thấy view rất đẹp luôn. Buổi sáng ngồi cửa kính tưởng nắng nhưng ko hắt chút nào, thiết kế rất hợp lý. Có chú giữ xe nhưng ko có thẻ xe (!?). Thiết kế bên trong quán tương tự như HL khác nhưng trên lầu có bức tường mô phỏng cảnh VT rất tịn tế. Anh order cho mình rất dễ thương, đang có chtrinh mua 1 ly trà đc tặng 1 dấu để nhận quà, mà mình quên mang phiếu nên anh cắt dấu cho mang về dán. Mỗi tội đợi lâu, rõ ràng đi qua quầy mình thấy order của m làm xong rồi mà k thấy báo, ngồi đợi mãi xuống hỏi thì lạo đưa order khác. Thế là NV phải làm lại ly khác. 
Trà táo xanh có mấy miếng 🍏 cắt mỏng, bên dưới có nha đam cắt nhỏ. Miếng đầu tiên thì quá chua tuy nhiên trà ít đá nhiều nên lúc sau ko còn mùi vị gì. Size vừa 49k
Ly trà đào cũng tương tự, ko thơm, có 3 miếng đào. Size lớn 55k hay sao ý.
Quán tự phục vụ nhưng 1 số khách đứng lên còn bày bừa ra bàn trong hơi mất thẩm mỹ. 
Chương trình kmai trà hè có trà táo, trà dâu, trà tắc, trà chanh dây (ko có thạch)Xem thêm",24
267,Phạm Hà,26/7/2019 14:38,4.2,"Giao hàng quên mang ống hút. Bảo khách đợi 5 phút mang ống hút lại. Lúc sau quay lại gọi mình xuống lấy. Lúc mình xuống thì không thấy đâu, gọi thì không nghe máy. Chất lượng phục vụ quá kém.Xem thêm",24
268,Quang Trung Nguyễn,24/8/2018 16:49,7.0,"Vào dịp cuối tuần mình hay đi ún cafe với bạn để xả xì chét và để chém gió với bạn bè. cũng hay vào đây để uống, thức uống khá ngon, thích nhất là món sen vàng :DXem thêm",24
269,Hàn Thiên Thiên,22/7/2018 21:46,8.6,"Dịp tết mình có ghé quán 1 lần. Vị trí dễ tìm, phục vụ hơi lâu,  đồ uống khá ngon, có không gian ngoài trời ngồi khá mát mẻXem thêm",24
270,Ngô Cẩm Tú,25/6/2018 10:41,9.4,"Là địa điểm đầu tiền mình nghĩ đến khi muốn cà phê với bạn bè. Không có nhiều sự lừa chọn về nước uống nhưng chất lương, nước nào cũng thấy ngon và uống hoài không chán. Không gian thích hợp để ngồi tám chuyện không quá ồn ào nhưng cũng không quá yên tĩnh.Buổi sáng trời nóng có thể ngồi trong nhà, buổi tối mát lại ngồi bên ngoài ngắm phố phường.
Nói chung là rất thích.Xem thêm",24
271,Tấn Thành Nguyễn,22/2/2018 18:38,8.0,"Quán rộng dễ tìm. Nằm ngay gần chợ Bà Rịa nha. Có không gian ngoài trời và phòng lạnh để khách ngồi. 
Mình khá thích Freeza trà xanh. Có vị matcha thơm nhẹ hòa quyện vị sữa béo béo. Ở trong còn có mấy miếng giống sương sa ăn dai dai.Xem thêm",24
272,Viet Nguyen,22/2/2018 18:29,8.0,"Tết vừa rồi Highlands Bà Rịa đông lắm. Quán này được không gian rộng mát mẻ và vị trí ngay trung tâm nên được nhiều bạn trẻ lui tới. 
Nhân viên phục vụ nhiệt tình
Nước uống cũng tạm ổn nha. 
Chắc chắn sẽ quay lạiXem thêm",24
273,Ngọc Diệp,13/1/2018 10:30,5.6,". Quán ở vị trí đẹp, view tốt, quán cũng trang trí đẹp nói chung là theo kiểu cách như mọi Highlands khác.
. Mình có thử qua 2 loại thức uống mới là Freeze matcha và Freeze Cacao. Cacao thì ngon đầm đà trong khi matcha mình thấy hơi nhạt. 
. Thái độ của nhân viên là mình không ấn tượng lắm thái độ không nhiệt tình, khách gọi bánh mì mang về thì lại mang cho bánh mì để ở đĩa, mình mang lại quầy để xinh túi giấy mang về thì nhân viên lại tỏ vẻ khó chịu ???Xem thêm",24
274,Vân  Lê,30/12/2017 11:58,9.6,"Rất thích freeze trà xanh ở đây. Vị trí dễ tìm. Quán rộng rãi, view đẹp, order khá nhanh. Chỗ giữ xe cũng ok. Có bàn ở bên ngoài và bên trong quán, quán khá đông . Giá cả cũng ổn so với chất lượng 👍🏻👍🏻Xem thêm",24
275,Khải Nguyễn,30/12/2017 9:32,6.8,"Không gian ở đây có thể nói là rộng, kê được nhiều bàn ghế, nói thật không gian này đẹp và rộng hơn nhiều so với không gian của các highlands khác ở sài gòn :) 1 + . Đồ uống khỏi bàn cãi, highlands nào cũng giống highlands nào :D Nhân viên theo mình thấy không niềm nở cho lắm nhưng cũng không thái độ, chắc mệt nên kiểu vậy :))) về phần bảo vệ thấy nhiều bạn phàn nàn chuyện không dắt xe cho khách, để khách tự dắt thì mình chưa thấy. Có điều khi mình vào thì ông bảo vệ có vẻ lơ lơ sao á, đứng tám chuyện làm mình phải ngoắc lại ghi thẻ :)Xem thêm",24
276,QL,20/11/2017 13:05,7.0,"🍒Đi công chuyện tạt ngang mua ly nứớc uống rồi về
🍒Matcha ở đây xay cũng ổn. Vừa uống
Nhân viên bình thường

🍒Ko gian mới mở nên cuối tuần đông khủng khiếp
Ko có bàn ngồi nên phải mua đi luôn
Làm nước cũng nhanh lẹ ko chờ lâuXem thêm",24
277,Chi Nguyễn,10/4/2023 19:24,10,"Hihglands Coffee ưu đãi mua 2 tặng 1, nhấn vào link để nhận ngay ưu đãi: https://shorten.asia/2KUEeFgXXem thêm",24
278,Pell Vanessa,17/1/2023 12:45,3.0,"nhân viên oder nước thái độ ko tốt với khách hàng, nói chung là kémXem thêm",24
279,Vân Nguyễn,22/2/2020 22:32,8.2,"Giống mọi chi nhành khác thôi***sạch
Quán nằm ngay góc đường ở giữa family mart và quán bún bò
Nói chung là okXem thêm",24
280,Elaine,14/7/2019 22:45,1.0,"Ghé vào thương hiệu cafe quen thuộc để tránh nắng nóng của Mùa hè sáng Chủ nhật, nhưng thật bi hài khi nhân viên báo nhà vệ sinh bị cúp nước khách không được sử dụng!!!!!! Mà hay ghê chỉ cúp mỗi toilet hà, khu ngoài pha chế sao vẫn có nước phục vụ pha chế rửa ly nhỉ 🤔Xem thêm",24
281,tracy to,14/7/2019 12:03,1.0,"Đã phụ vụ kém rồi mà còn cúp nước , nhà vệ sinh ko sử dụng được vì lý do cúp nước , nhưng trong khi đó quán lại có nước để sử dụng về việc buôn bán bình thường , chỉ là khu vệ sinh ko có nước và khoá cửa lại , theo mình nghỉ chỉ là ko muốn cho khách ở lại lâu mà với cái lý do ko thể sử dụng nhà vệ sinh.Xem thêm",24
282,ジュンタ アズマヤ,15/6/2019 21:51,3.6,Ngày 15/6 mình có ra VT và ghé đây. Lúc vào đông không có chỗ mình vẫn ráng đợi và cuối cùng khi ord xong thì đợi  tận 45p vì xót bill mình. Đã vậy gọi freeze mà không ly nào có thạch luôn :)Xem thêm,24
283,Linh,30/5/2019 16:56,4.2,Có dịp xg vũng tau và ghé vao đây uông. minh k thể tin vào mắt minh. Bạn nhân viên đã nhặt lại ly nuoc cua khách đã dùng roi va sử dụng cho nguoi order tiêp theo.Xem thêm,24
284,Cherry,14/3/2019 13:57,4.6,"Là khách qen của Highland và chỉ uống 1 món trà xanh đá xay.
Hnay thấy ly như này về hình thức thật sự ko chấp nhận dc. Bàn thì kk dọn, ... 
tuy nhiên bạn cashier có upsale ctrinh mới.Xem thêm",24
285,Khoa Vo,15/12/2018 12:30,5.0,"Quán ok, không gian ok, nhân viên ok, nước ok. CHỈ CÓ DUY NHẤT ÂM THANH NHƯ SH, lần đầu tiên thấy quán Highlands mở nhạc trẻ trâu thị trường kiểu châu chấn thương gì đấy, làm cho quán rẻ tiền hẳn. Nói chung nên xem lại cách làm âm thanh đi. Tệ vl!!Xem thêm",24
286,Panh Cao,12/11/2018 9:04,7.0,"Đi Vũng Tàu mà tự nhiên nổi hứng thèm Highlands nên ghé vào quán này uống thử.
Quán gần quảng trường, nằm ở góc đường cũng dễ tìm lắm. Quán sạch sẽ, khá vắng nên order xong không cần phải chờ lâu. Nhân viên ở đây không có thân thiện, mình chạy tới quán chú bảo vệ chỉ chỗ đó trống đậu vào, còn lúc về chú lại lấy thẻ xe rồi quay lưng đi không dẫn xe ra dùm tụi mình luôn. Mấy bạn nhân viên ở trong cũng không niềm nở.
Mình gọi 2 ly freezee trà xanh, vị vẫn giống mấy quán ở tphcm, không khác gì. Nói chung là nước uống okXem thêm",24
287,nnbuyen,23/8/2019 10:50,9.4,"Nước ở đây ngon thích nhất là tủ bánh ở đây, ngon nhất là bánh trà xanh và cheese cake chanh dây mấy bánh còn lại hơi ngọt nhưng vẫn ngon, không gian thoáng, nvien dthXem thêm",24
288,Nhạn Thục,26/5/2019 8:20,9.0,"Lần đầu tiên đến Vũng Tàu, vào ngay Highlands 💓
- Nhân viên : Thái độ tốt, thân thiện với khách .
- Thức uống : + Phin sữa đá size vừa 35k : Cà phê nguyên chất, thơm cực .
+ Trà thạch đào size nhỏ 35k : Thạch vừa ăn, trà đào hoà với sữa vị dịu, rất vừa miệng .
- Trang trí: quán trang trí dễ thương, tông màu vàng, nâu, ấm áp, có thể nhìn thẳng ra ngắm phố , sống ảo rất tốt 😂
- Không gian không quá ồn ào, thơm mùi cà phê
Nói chung , mọi thứ đều rất ổn, nhớ ghé thăm nha !Xem thêm",24
289,Chi,11/11/2018 14:21,7.6,Freeze Socola khá ngon 😍 anh chị nhân vieen dễ thương tận tình ❤Xem thêm,24
290,Sơn Nguyễn Minh Quân,20/5/2018 14:47,7.4,"❤️ Quán đẹp vì nằm ở giữa trung tâm thành phố Vũng Tàu nên về đêm có nhiều xe cộ qua lại nhìn đã mắt lắm. Còn buổi chiều thì có thề nhìn được mặt trời lặn nhìn thơ mộng và lãng mạn lắm 
❤️ Mình có gọi một ly matcha nóng và 2 ly cà phê sữa có thạch và 1 chiếc bách Mouse.
❤️ Mùi vị của bánh thì có phần hơi đắng nhưng tạm. Cà phê sữa thì có vị ngọt thanh và mùi thơm của cà phê xay, thạch to và nhiều. Matcha thì hơi lạc, uống nhiều thì hơi đắng vì khuấy chưa kĩ nhưng có hình ở trên đẹp lắm
❤️ Nhân viên nhiệt tình vui tánhXem thêm",24
291,QL,18/11/2017 16:39,7.2,"🍒Fan matcha về vt phải đi kiếm matcha uống :))
Mình gọi 3 ly matcha và 2 bánh, 1 bánh matcha 1 bánh chocolate

🍒Ly matcha của mình có thạch matcha xanh xanh giống jelly trong cafe ngon lắm
🍒Bánh matcha cũng ngon, mềm béo
Còn bánh choco mình ko thích nên ko ăn

🍒Highland này cũng đông
Nhân viên bình thườngXem thêm",24
292,foodee_z3j0fdzw,11/9/2020 14:25,4.2,"Không hài lòng với thái độ của nhân viên..vào 13h40f ngày 11/09/2020:
Bàn chúng tôi có 12 người vào quán HL KNG Phú Mỹ uống thì gặp phải trường hợp này lần đầu tiên.
Quán Cf là để ngồi trò chuyện vui vẻ vậy mà nhân viên với vẻ mặt khó chịu ra nói Kh nói chuyện và cười nhỏ thôi ảnh hưởng tới người khác nữa..chúng tôi nghĩ ra ngoài gặp mặt nc để thư giãn thoải mái vậy mà cười cũng bị nhắc nhở. Quán cf chứ đâu phải là thư viện sách đâu. Mình chưa uống ở quán HL nào mà nhân viên có thái độ như vậy. Đến khi về mà nhân viên vẫn còn nhăn mặt khó chịu. Bàn của mình có 12 người mà khi bị nhắc nhở ngồi nc và k dám cười ra tiếng luôn..nghĩ bụng đi uống cf mà phải như vậy có đáng k ạ.Xem thêm",24
293,Trường Đ Nguyễn,15/2/2021 17:22,8.6,Không gian rộng + giá nước cũng chấp nhận được. Chỉ có là buổi sáng các bạn nhân viên khó ở hay sao mà nhìn mặt căng thẳng quá :((Xem thêm,24
294,Baoart,30/9/2020 17:16,1.0,"chắc nhà thiếu máy lạnh lắm sao ra tới biển gặp quán nào cũng cafe hộp máy lạnh, ra biển mà hưởng khí trời chắc có 1-2 quáng sang tí thì có ngoài trời, hóng gió biểnXem thêm",24
295,Na Na,28/9/2020 13:33,10,"Highlands mới khai trương, nằm trên đường Hạ Long, ngay vị trí của Mr.Ket cũ, có cả khu máy lạnh và ngoài trời có mái che, tất cả đều hướng biển, view đỉnh cao luôn. Phía sau là đường lên Hải đăng, cây cối nhiều nên dù ngồi khu ngoài trời vẫn không nóng. Địa điểm cafe lý tưởng khi đến Vũng Tàu.Xem thêm",24
