UserID,User,Review Time,Rating (10),Comment,RestaurantID
1,Huyenhatron,9/8/2024 15:42,6.6,Món ăn o đây cũng rất ngon giá cả hợp lý.Xem thêm,1
2,Nguyễn Thảo,15/11/2023 10:16,9.2,Vừa miệngXem thêm,1
3,thuhuyen,15/11/2023 9:52,5.0,Vừa miệngXem thêm,1
4,Đinh Thị Thúy,14/11/2023 14:36,5.0,Vừa miệngXem thêm,1
5,foodee_ksnqz4pn,14/11/2023 13:28,5.0,Vừa miệngXem thêm,1
6,foodee_ksnqz4pn,14/11/2023 13:21,6.0,Vừa MiệngXem thêm,1
7,dieptran2002,13/11/2023 18:21,5.0,Vừa miệngXem thêm,1
8,Quý Nguyễn,13/11/2023 12:12,10,"Lịch sự , thân thiệnXem thêm",1
9,Lan Anh Nguyễn,13/11/2023 9:57,5.2,Vừa miệngXem thêm,1
10,Hồng Nguyễn,12/11/2023 16:47,10,Vừa miệngXem thêm,1
11,Mr Quí Food Travel,6/1/2021 16:40,9.0,Ngon và kiểu xưa xưa rất thích nha. A đến cần Thơ nhớ ghé quán này món ăn rất đa dạng. Nằm trên đường Đồng Văn Cống. Mình kêu 3 món 2 người ăn. Đặc biệt là món Cháo Gà Ri thơm và thịt gà rất chắc. Lần sau về là ghé ăn tiếp nhaXem thêm,2
12,Cường Huỳnh,4/10/2020 17:50,5.0,Thất vọng. Ko xứng đáng với số điểmXem thêm,2
13,Vy Tran,21/9/2020 18:01,8.4,Combo 675 món nào cũng ngon nhưng phục vụ không được nhanh nhạy lắm.Xem thêm,2
14,Huong Quach,23/2/2020 4:58,8.0,"Mình đến quán do được em HDV giới thiệu. Đầu tiên định chọn combo mà tiếc không được ăn mấy món mình thích nên chọn lẻ. 

Đồ ăn: Phải nói là mình kết nhất nồi lẩu hải sản ở đây. Mình là con nghiện lẩu nên thường cực kén nước lẩu. Vậy mà lần đầu tiên mình xơi hết ⅓ nồi (vốn 1 nồi giành cho 5 người). Nước vị chua chua ngọt ngọt hơu cay cay rất lạ, không giống tomyum hay cái nào mình ăn trước đó (nhắc lại thấy thèm). Đồ lẩu thì hơi hẻo nhưng nói chung 3 người lớn ăn no. Gà nia ăn tạm được (chồng mình khen). Cháo cối vị rất lạ, không nấu cháo sánh như thường mà hơi giống cơm cháo loãng, hơi có vị cà ri. 

Vị trí: Có vẻ hơi xa trung tâm nên đi taxi mất tầm 20’. Chỗ ngồi kiểu bình dân học vụ ngày xưa, bàn ghế gỗ kiểu các cụ ngồi. Bàn hơi khấp khểnh một tí. Đại loại nếu sống ảo kiểu bao cấp thì có thể làm vài kiểu. 

Nhân viên: Khá nhiệt tình và dễ thương. Rất chiều khách nữa. Mỗi tội ít nhân viên quá nên thấy em phục vụ bàn mình xoay mấy bàn chóng cả mặt. 

Giá cả: Khá ổn. Năm người lớn ăn hết hơn 700k một chút, bao gồm cả đồ uống. 

Rút kinh nghiệm là bếp nấu lẩu ở đây xài than nên khá lâu sôi. Bạn nào đặt lẩu thì bảo họ chuẩn bị ngay từ đầu để tới khi mình ăn xong mấy món phụ ban đầu thì lẩu cũng vừa kịp sôi. 

Nói chung rất ưng cái bụng. Có dịp quay lại Cần Thơ sẽ lại quay lại quán.Xem thêm",2
15,Trương Thì,26/12/2019 13:15,7.8,"Mình có nghe bạn bè giới thiệu nhiều về quán Cháo Cối MT68 đồ ăn ngon giá lại rẻ. Mình nghe tên quán Cháo Cối tưởng chỉ bán toàn cháo, ai ngờ quá chừng món luôn.Mình đi nhóm 6 người đc các bạn nv giới thiệu combo675 có 7món
- 1 con gà tiềm ớt hiểm
- 1 con cá lóc sốt me
- tép chiên bông điên điển
- da heo chiên giòn
- giò heo xóc thái
- ốc móng tay xào lá quế
- lòng gà xào
6 đứa ăn no căng bụng+10lon strongbow quên luôn lối về. Mình thích nhất món cá lóc sốt me của quán này, cá lóc cuốn rau chấm mắm nêm (bị nghiền mắm nêm của quán này luôn, trong khi bình thường k ăn đc mắm nêm.hihi) nghe nói quán này còn món gà nia gì cũng ngon lắm, mà no quá ăn k nổi nữa. Đành hẹn lần sau rủ đồng bọn lại càng quét tiếp vậy. không gian quán thì mát mẻ, trang trí theo kiểu quê, thích hợp hồi tưởng vê tuổi thơ.
Mê món cá lóc nên để hình cá lóc thôi.Xem thêm",2
16,Nguyễn Tuyền,15/9/2019 11:08,4.2,"Trải nghiệm thất vọng về Cháo Cối MT68
Là một người rất thích món ăn ở Cháo Cối MT68 và mình cũng thường đến đây cùng bạn bè, nhưng hôm qua là ngày mình cực kỳ thất vọng về cách phục vụ của quán.
Mình đã liên hệ đặt bàn và đặt món (1 nia gà) cho ngày Thứ 7 (14/09) lúc 18g30 tại quán, đây là những lý do cho việc mình viết review này:
- Thứ nhất: Mình vào quán đúng 18g30, khi mình thông báo đã đặt bàn thì một bạn nhân viên) đã dẫn đến bàn, và điều làm mình không hài lòng là dù bàn đã được đặt trước đó nhưng không có vẻ gì cho thấy bàn đang sẵn sàng cho khách do bàn đang được sử dụng cho việc để tạm đồ, món ăn của những bàn khác!? 
- Thứ hai: Sau khi mình nhắc mình đã đặt trước món, bạn nhân viên đi nhưng sau 15 phút thì mình vẫn chưa thấy nia gà được dọn lên. Tiếp tục hỏi bạn nhân viên thì mình nhận được sự không tôn trọng và chủ quan tuy dễ hiểu nhưng không chấp nhận được , sau khi được hỏi về món ăn nhân viên không những không liên hệ với bếp mà còn liên tục sử dụng điện thoại. Có thể bạn nhân viên cho rằng quán đông chỉ mới vào 15 phút đã hối thức ăn nhưng đây là mình đã đặt món từ trước chứ không phải đến nơi mới gọi, việc này kéo dài đến 30 phút sau khi mình vào quán món ăn vẫn chưa được đưa lên và bạn nhân viên kể trên dù được hỏi thêm 2-3 lần nữa vẫn không thấy dấu hiệu đã xuống trao đổi với bếp và tiếp tục sử dụng điện thoại. Đến khi mình hỏi một Cô trong quán và bạn nhân viên khác của quán thì lúc này mới có chút thay đổi, một lúc sau mình thấy 2 bạn nhân viên trao đổi với nhau mình đã đoán được đơn gọi món đã có vấn đề nhưng lúc này mình tự hỏi liệu các bạn có thấy qúa muộn để giải thích do quán đông nên đơn gọi món sai sót không!?
- Thứ ba: Sau 45 phút vẫn chưa có món và sẵn sàng ra về thì được một bạn nữ ra gặp và gửi kèm dĩa trái cây kèm theo lời xin lỗi giải thích do quán đông, nhiều đơn hàng đặt trước nên trễ món cho khách. Một đơn hàng đã đặt trước mất hơn 45 phút vẫn chưa có món mà các bạn vẫn gọi là quán đông nên sai sót và sau 45 phút mới có được một bạn giải thích chủ động và trực tiếp!? Mình đã từ chối việc nhận dĩa trái cây và từ chối cả đề nghị miễn phí chai nước suối gía 10k và là vật duy nhất mình nhận được trong 45 phút nhằm tránh ảnh hưởng đến tính khách quan trong bài đánh giá này
Đi cùng bạn bè đến ăn ở quán từ lúc quán chỉ vừa khai trương không lâu, từ khi quán vẫn mới với số lượng khách không nhiều nhưng đến thời điểm hiện tại, quán có thể đông nhưng cách phục vụ chủ quan đến mức không quan tâm thời gian khách ngồi bao lâu để nhận thấy có sai sót trong đơn đặt món khiến mình rất thất vọng về quán. Nếu việc giải thích đến ngay từ đầu, và nếu là quán không chủ động nhận đặt bàn và đặt món từ trước mà do mình tự liên hệ thì có thể mình đã không down mood như vậy, 
Mình rất tiếc tuy thức ăn của quán có ngon, không gian có đẹp nhưng không đáng thời gian 45 phút để mình ngồi chờ để được ăn. Hi vọng sau bài đánh gía này quán sẽ cải thiện chất lượng dịch vụ của mìnhXem thêm",2
17,Phi Phụng Phạm,7/9/2019 22:24,9.0,"Mình order 3 món:
- Ếch nấu mẻ
- Bò xào củ kiệu
- Gân bò xào sate
Đồ ăn vừa vị . Quán mới ra menu nhiều món ngon lắm luôn.Xem thêm",2
18,Phương Dung,17/8/2019 22:18,9.2,"Hôm nay hẹn bạn đi ăn cháo sợ kêu nhiều ăn ko hết nên gọi cháo cối nửa con gà ri thuiiiii , gà chắc thịt rất rất nggonnnnn , ếch cũng ngonnnnn
Mình gọi cả bàn bao gồm thêm món ốc luộc và 2 lon nước ngọt chỉ 233k thôi , lần sau qay lại sẽ ăn thêm nhiều món khác nữa 
Huhuhuhu cháo ngon thật lun í ♥️♥️♥️
Mình đi cuối tuần nên hơi đông , đợi hơi lâu chút đỉnh ạ !Xem thêm",2
19,veevenus,26/5/2019 8:40,8.2,Khi bước vào quán có cảm giác như thể là về nhà ngoại mình ngày đó ... ngày tuổi thơ đã qua lâu lắm rồi. Phong cách trang trí được đầu tư công phu... cả nhóm gọi 1 cái combo 9 món ăn vừa ngon vừa nhiều còn được tặng thêm dĩa ốc gạo ... ngon lắm mọi người ạ... phục vụ nhanh nữa ..vừa gọi là 5p có đồ ăn .. thích nhất là bông điên điển chiên giòn với tép... plus cháo gà ác đậu xanh nhiều gừng nghệ nhưng thơm mà mùi dịu nhẹ ấm lòng lắm ạ...☺☺☺Xem thêm,2
20,Ms Hân,13/12/2018 15:07,7.2,"Cháo gà có gà quá dai, ko thể cắn luôn, quán nên nấu lâu gà hơn
Bàn quá bẩn, nên lau sạch sẽXem thêm",2
21,Rachel Smith,26/8/2021 14:39,8.0,"Lần mình đi nguyên team mình đi ăn buffet, đồ ăn khá phong phú và vừa miệng...

Quán có bán ghẹ nữa, hôm mình đi ghẹ thì nhỏ xíu, nên mình hem có ăn ghẹ.

Các bạn nhân viên lịch sự.Xem thêm",3
22,An An,14/4/2019 21:43,1.0,"Thực tế đi 4 tính tiền 5( ngay lễ quán đông, vé 169k nhưng k đủ đồ ăn thì thôi còn gặp nv như thế này). Bạn mình đến trễ lúc đầu mình có báo sẽ có 5 ng nhưng sau đó bạn đó k đến được, có báo quản lý nhưng kêu k sửa được jh đó?
Ok thì k sửa được nhưng có cần thái độ dzị k? Bộ mình k có tiền trả bạn chắc?Có coi camera lại chưa mà thái độ như  chửi vào mặt thế? 
Vừa pải thui chứ tụi mình có ăn giựt quán đâu!Xem thêm",3
23,Hoài,23/12/2018 17:21,5.6,Đồ ăn ngon ! Phục vụ khá tệ :)Xem thêm,3
24,Phi Phụng Phạm,10/9/2018 0:22,8.4,Không cần nói nhiều. 1 tù ngon thôi mọi ng ạXem thêm,3
25,Thịnh Tống,31/8/2018 19:22,4.0,Mình vừa đi hôm trước vào quán được nhân viên hướng dẫn ăn phần 139 nghìn chỉ bao gồm đồ nướng và phần 169 nghìn thì sẽ có lẩu. Đầu tiên là đồ ăn nhiều nhưng loanh quanh chỉ có vài món. Ướp thịt cũng không đậm đà và quan trọng là thức ăn không tươi lắm. Mực khi nướng lên nước chảy ra nhiều và có mùi thum thủm. Nước uống là mình phải tự lấy ly tự lấy đá và kêu rất nhiều lần nhân viên mới mang nước lên. Vỉ cũng phải tự thay. Mình chỉ ăn đồ nướng và cảm thấy phần đồ ăn kh ngon nên kh ăn lẩu. Chắc sẽ không quay lạiXem thêm,3
26,Mie Tran,21/8/2018 10:01,1.0,"Mình nhiều lần tin tưởng chọn nơi này làm nơi liên hoan cửa hàng cũng như đi ăn cùng bạn bè khi có dịp. Những lần trước mình về có bị choáng mặt mài nhẹ, mình nghĩ do hít phải khói nên mình ngợp. Nhưng đến lần này thật sự không thể không nói, triệu chứng mình rất rõ ràng nhé : mình dùng bữa ở quán Kushin cách đây vài ngày, khi đi có 3 người, khi ăn có dùng nhiều hải sản, 1 ít thịt bò và heo. 

Khi ăn mình vẫn khoẻ mạnh bình thường, thể trạng mình cũng ko phải là yếu thế mà lúc gần ăn xong mình có hơi NGHÈN NGHẸN ở ngực kiểu như NHỜN NHỢN muốn nôn, sau đó mình ĐAU BỤNG kế tiếp nữa mình lên xe đi về ngay và mình CHOÁNG VÁNG kiểu như nói bông đùa như đang bị trúng phải THUỐC MÊ, mọi ng sẽ không thể nào hiểu được cái cảm giác TAY CHÂN BỦN RỦN, NGƯỜI TOÁT MỒ HÔI, KHÓ THỞ, CẢM GIÁC BUỒN NÔN TĂNG DẦN, CON MẮT LỜ ĐỜ DÍU DÍU lại  như bạn sắp gục ngã tới vậy đó. 

Mình gáng lết về tới nhà, mình nghĩ chỉ có 1 mình mình bị như thế nhưng không bạn mình ngay sau đó cũng có triệu chứng y như mình chỉ là hơi chậm hơn mình thôi, còn anh bạn còn lại mình còn nghĩ à chắc do tụi mình con gái nên yếu KHÔNG nha các bạn anh bạn mình nghĩ làm nửa buổi ngày hôm sau vì bị những triệu chứng y ran tụi mình. Mọi người thấy kinh khủng không chứ mình là thấy sợ lắm sợ rồi đó. Cũng không phải lần đầu mình bị triệu chứng như thế, cũng không thể nào cả 3 cùng bị như thế. 

Đây là tự cá nhân tụi mình lỡ tin tưởng nên tụi mình chịu chứ không mang ý đả kích tranh giành hay vì quyền lợi ở một nơi nào hết. Mọi người hãy quan tâm đến sức khoẻ của bản thân hơn khi chọn nơi tin tưởng để giao sức khoẻ cho họ.  Mình nói ra vì không muốn có thêm nhiều người rơi vào tình trạng giống như mình, thật sự rất ám ảnh, mình là xin cạch từ nay nhé !!!!Xem thêm",3
27,Bích Đặng,31/7/2018 15:54,5.4,"Quán nằm ở cách xa trung tâm, đường hơi vắng, phục vụ buffet với hai mức giá là 139k và 169k. Vé 169k khác vé 139k ỏ chỗ sẽ có thêm 1 phần bò, heo, mực (như ba cái dĩa mình chụp trên hình) và lẩu. Vì lần đầu đến quán ăn nên ham hố chọn vé 169k, chứ thật ra trên quầy đồ ăn có rất nhiều món nướng và tráng miệng rồi. Hai đứa chỉ ăn phần thịt nướng thôi là đã no cành hong. Ko ăn lẩu và tráng miệng nổi luôn.
Về phần đồ nướng thì rất đa dạng từ heo, bò gà tôm thẻ ếch bồ câu nghêu mực cá kèo lươn đến nấm đùi gà, mướp, đậu bắp khoai lang. Tráng miệng thì có rau câu, bánh lọt, kem tươi,... Tuy nhiên quán ướp thịt chưa đậm đà và nước chấm kèm theo chỉ có ớt xanh, muối ớt và nước chấm kiểu hàn quốc thì phải. Phần mực trong vé 169k ướp mặn quá. Huhu
Theo cảm nhận của mình thì món tươi ngon nhất là cá kèo. huhu
Nhìn chung không gian mái rộng rãi, thoải mái, món ăn đa dạng, thích hợp cho những bữa tiệc gia đình ấm cúng.Xem thêm",3
28,Hoang Phuong Do,16/7/2018 21:51,7.6,"Lâu rồi mới có dịp đi ăn xa trung tâm đến như thế.
- về không gian: quán rộng rãi, khá là sạch sẽ, hơi nóng một xíu, nhưng có quạt công suất lớn. Mà hơi bất tiện là khói quá xá, dô ăn thơm tho mà lúc đi ra người toàn mùi khói thôi, hơi khó chịu. Bãi xe tương đối rộng rãi. 
- về món ăn: các món để lựa chọn khá nhiều và đa dạng, đa phần là thịt heo và hải sản thôi, hơi ít thịt bò. Hải sản khá là tươi, tôm lớn, khá tươi thịt ngọt. Cá kèo hơi bở, không ngon lắm. Các món tráng miệng nhiều, có bánh lọt đường, kem, trái cây... rau ăn kèm tươi và nhiều loại.
- về phục vụ: không thích cách phục vụ ở đây lắm, nhân viên hơi cau có.Xem thêm",3
29,Hân Hân,15/7/2018 17:45,5.0,"Ghé quán nhiều lần rồi mới check in. Hôm nay quán khá đômg thức ăn lên liên tục, hải sản tươi, thịt tươi, rau cũ cũng tươi luôn. Nói chung là ngon, giá cả hợp lý vé buffet nướng 139k/ng và nướng với lẫu thì 169k. Quán đông quá nên nhân viên hơi chậm, đồ ăn ngon, ăn từ no tới ngán thôi. Kem miễn phí mà nên k ngon lắm. HiiXem thêm",3
30,Lê Thủy Tiên,22/6/2018 22:48,9.0,"Quán có không gian mở thoáng đãng, thích hợp cho các buổi tụ tập bạn bè hẹn hò vào cuối tuần. Mình đã đến nhiều lần, hầu như chất lượng không thay đổi mấy qua thời gian, so với lúc đầu quán đã có những cải thiện tích cực, menu phong phú hơn, chất lượng phục vụ cũng ok. Đồ ăn tươi sống hải sản có phần sốt nên đậm đà, các món khai vị ăn khá bắt, đồ ăn ra liên tục Có nhiều mức giá để lựa chọn nhưng theo mình so với mặt bằng chung quán khá ok từ không gian cho tới món ăn.Xem thêm",3
31,Tien Hua,13/11/2018 17:28,8.8,"Nhân dịp giảm 40% nên mình uống thử, nge danh ice summer lâu rồi mà nay mới có dịp thử. Ly sinh tố bơ nhận được bất ngờ thiệt, 25k mà có chút xíu à. Mà uống dô rồi mới thấy xứng đáng 25k luôn, như kem bơ luôn vậy đó, vừa mịn, thơm, béo hòa quyện lại chỉ muốn ăn 2-3 ly cho nó đã thôiXem thêm",4
32,Phan Thị Hồng Oanh,15/10/2018 16:43,8.0,"Biết quán từ khi quán còn ở nam kì khởi nghĩa. Nổi tiếng nhất là bánh flan bơ và sinh tố 2 tầng. Nhưng quán mất tích 1 thời gian dài. Sau tình cờ đi đường nguyễn thị minh khai tình cờ thấy quán. Vẫn món cũ, vẫn vị cũ, chất lượng vẫn như xưa. Flan thơm bơ và nước cốt dừa, ngọt nhẹ. Phần sữa kèm là sữa tươi + nước cốt dừa ngọt hơn bánh flan. Ăn kèm vị thanh và cảm giác mát lạnh. Nhưng cảm giác là quán vắng, rất vắng. C chủ nói chỉ bán vì muốn duy trì thương hiệu, vì thói quen. Quán không còn mở nguyên ngày mà chỉ mở sau giờ tan làm của chị chủ 17-22h thôiXem thêm",4
33,Phạm Trần Phương Trâm,8/5/2018 21:44,8.0,"- Vị trí: ice summer nằm trên đường Nguyễn Thị Minh Khai, hình như là mới khai trương lại nè :3 Vắng bóng bao lâu nay thèm trái cây, thèm bơ quá trời :3
- Không gian: quán bên này không rộng lắm, nên chắc bán mang về là nhiều :3
- Phục vụ: chị chủ nhiệt tình, vui vẻ với khách lắm :3
- Chất lượng: như hình là ly trái cây dằm, bên trong có đu đủ, dâu,... Còn có cả dằm với sữa tươi hoặc sữa chua nữa, tùy khẩu vị của mỗi người :3
- Giá cả: 15k thôi :3Xem thêm",4
34,Phạm Trần Phương Trâm,19/4/2018 23:00,8.0,"- Vị trí: ice summer dời địa điểm nhe :3 bên lý tự trọng đã trả mặt bằng rồi nên dời qua đường Nguyễn Thị Minh Khai, đối diện trung tâm chăm sóc thú cưng pet care :3
- Không gian: quán bên này nhỏ thôi. Nhưng cũng có đầu tư trang trí :3 mình thấy mua mang về thì hợp lí hơn :3
- Phục vụ: chị chủ nhiệt tình lịch sự vui vẻ lắm nhe :3
- Chất lượng: như hình là ly sinh tố bơ :3 bơ ngọt, béo lắm nhe :3
- Giá cả: 18k 1 ly như hình, nhưng mình ủng hộ đang giảm 50% nên chỉ 9k :3Xem thêm",4
35,Jo Jo,15/4/2018 20:59,6.6,"Tiệm mới khai trương lại bên đường Nguyễn thị minh khai, đi hướng đường Mậu thân chạy thẳng qua chợ Xuân Khánh quẹo trái qua cầu chạy một đoạn là tới, tiệm nằm bên tay phải. Thấy mọi người khen nhiều nên mình ghé  thử xem ngon không ai dè ngon không tưởng. Hihi. Theo cảm nhận của mình thì kem bơ ở đây ngon và béo hơn kem bơ ở Đà lạt, ly chỉ có 1 viên kem. So với giá 15k thì mình thấy hợp lý. Bánh flan bơ 10k có nước cốt dừa rất ngon. Tiệm còn có sinh tố, nước ép, đồ ăn vặt giá cả sinh viên. Chỉ bất tiện ở chỗ không gian tiệm khá nhỏ, chổ để xe hạn hẹp nên đi đông phải đi sớm mới có chỗ.Xem thêm",4
36,Huynh Phan,6/4/2018 14:44,8.0,"Quán này tuy bán bánh Flan và nước uống là chủ yếu nhưng chồng chị chủ quán kế bên có bán kim bắp chiên, chả chiên ăn mà nghiện. Ngày xưa quá ở ngang siêu thị co.op mart mình cũng hay ghé ăn bánh Flan. Đồ ăn và thức uống ở đây cũng khá ngon, vừa miệng. Giá cả phải chăng. Một phần chả chiên hoặc kim bắp chiên chỉ có 15k hoặc 20k. Chị chủ quán thân thiện, dễ thương, chồng chị cũng khá lịch sự. Tóm lại quán khá ổn. Mình sẽ ủng hộ quán thường xuyên hơn.Xem thêm",4
37,Thi Duong,13/12/2017 2:03,6.8,"Lâu rồi mới đi ăn ở quán này thì quán đổi vị trí, chuyển qua đường Lý Tự Trọng, khúc cuối công viên, cũng dễ tìm nhưng quán nhỏ thôi và nhận dạng bằng 1 xe đẩy nhé. Có 1 sự cố nho nhỏ là lúc mình đến vừa ngồi một lát thì quán cúp điện nhưng mà hong sao, vẫn vui.
Mình gọi flan bơ và sinh tố cà rốt.
Flan bơ của quán vẫn ngon như cũ, mịn màng beo béo và đăng đắng của bơ rất ngon, ít ngọt. 
Sinh tố cà rốt thì nhiều lắm uống no luôn á. Cũng khá béo. 
Quán hơi nhỏ. Nhân viên nhiệt tình.Xem thêm",4
38,Phạm Trần Phương Trâm,13/12/2017 1:43,8.0,"Thèm đồ chiên và nghĩ tới món chả cốm ở chỗ này vì đợt trước ăn ở đây khá ngon. Hình như chiếc xe đồ chiên này liên kết với ice summer nên cũng có trên menu của quán. Xe nằm trước hẻm gần ice summer nên cũng dễ tìm.
Chú bán khá vui vẻ, nói chuyện hòa nhã với khách hàng. Chú làm cũng khá nhanh tay, mình chỉ đợi khoảng 5-7p là có đồ ăn rồi.
Giá cả cũng bình dân chỉ 20k mà thôi. Chả thơm, ăn khá ngon, vị cũng khá vừa ăn.
Ngoài ra còn có cả kimbap chiên nữa.Xem thêm",4
39,Nguyễn  Ngọc,26/11/2017 15:19,8.0,Thấy mọi người khen bánh flan ở đây ngon mà mình lại siêu thích bánh flan nên phải đi đến đây ăn thử. Ngoài bánh flan bơ còn khá nhiều món khác như sinh tố nước ép còn có ít đồ ăn vặt. Không gian trong quán thì khá nhỏ nhưng ngồi vẫn thấy thoải mái. Mình gọi bánh flan bơ và 1 kimbap chiên 1 chả cốm chiên. Bánh flan mềm mịn mùi bơ rất thơm ăn kèm với sữa tóm lại là ăn ngon. Còn về kimbap chiên và chả cốm mình thấy ăn khá bình thường. Nhưng kimbap chiên rẻ lắm có 15k mà được 1 hộp khá nhiều.Xem thêm,4
40,I L,25/11/2017 19:59,7.4,"Tối tối thèm bánh flan thấy chỗ này lạ. Ban đầu tưởng kiểu flan bơ sữa, ai ngờ thì ra là vị trái bơ, béo béo bùi bùi . Trà đá cũng thơm nữa. Dù 10k/cái nhưng cũng khá đáng đồng tiền.Xem thêm",4
41,Trinh Châu,15/2/2019 18:31,3.6,"Ăn buffet ở đây giá 99k: ít món hơn buffet ngon ở đường 30/4 (cũng giá 99k). Trong phần buffet có lẩu mắm nên đi ăn thử.

Buffer bắt đầu từ 16h nhưng đến 17h35 mới có tôm càng sống, đến 17h45 mới lên đầy đủ món ăn. Lúc đó Anh phụ trách quay video mới quay rồi up lên facebook https://www.facebook.com/Buffet-Ca%CC%81t-Ti%C3%AAn-2-1217840878365479

Ông chủ không cho khách chụp Menu nói là ""không cho phép điều tra thị trường"" (trong menu thì chỉ có tên món ăn cùng giá tiền thôi, thì quán nào cũng như quán nào cả, tại sao phải giấu?)

Khách hàng chụp Menu là để dành xem hoặc up lên web, dù người ta đã nói như vậy thì cũng không cho chụp, còn lấy lại menu đem cất không cho xem. Thái độ nói chuyện và nhìn khách hàng của ông bà chủ như thể là phòng trộm cấp khiến người khác khó chịu vô cùng.Xem thêm",5
42,Dương Tử,8/11/2018 4:01,8.4,"Nồi lẩu nhỏ 250k nghĩ là 2 đứa ăn là chuẩn rùi ai ngờ bưng ra cái hết hồn chim én. Bự khủng khiếp, dĩa rau cũng khủng @@. Đồ ăn đủ 12 loại, đa số là cá tươi. Mà ăn thấy tội mấy em cá kèo, tụi nó còn sống nhăn và động đậy trong dĩa luôn trước khi bị nhúng nước sôi @@. Lẩu ngon và chất lượng cực kỳ nha. Mới đầu ham hố định kêu combo 5 món mà nhân viên can ngăn, thật may mắn, ko chắc phải nhờ gói về hết mấy món còn lại rùi. Tuy vậy nhưng vẫn bị con mắt to hơn cái bụng, kêu thêm bông bí nhồi cá thác lác lăn bột 80k dĩa to đùng, và 1 tô ba khía trộn... Trước giờ t rất thích thử món mới nhưng ôi cái ba khía... T đâu có ngờ là nó còn sống... Ko, là đâu có ngờ nó đc muối sống. Giống như cua đồng đang bò thì bị bỏ hũ cùng với muối... Để đó rồi đâm tỏi ớt chanh đường... Thật sự là t ko thể ăn nổi huhu. Như ăn zoombie muối mặn... Hèn gì mấy bạn nv đợi t nhắc 3 lần mới mang cho t ba khía, tại nhìn t là biết ko biết ăn rồi đó!!!. Mí bạn đợi cho t quên ẻm sau khi thấy nồi lẩu mà do t cứ đòi! Cho nên sau khi tàn cuộc ăn t đã lầy vì t ko ăn đc :))) T cho bọn ba khía vô nấu vì t cảm thấy rằng bọn nó cần đc nấu :v. Xong t bỏ thêm ớt vô... Và đi zìa... Vì nấu xong t vẫn ko ăn nổi. Huhu từ nay biết ba khía là cái gì rồi nhé....Xem thêm",5
43,Mỹ,30/10/2018 14:15,7.0,Nói chung ăn ổnXem thêm,5
44,Ron Swift,14/3/2018 19:58,6.8,"Được mấy đứa bạn rủ đi ăn lẩu mắm ở quán này, mình biết đến quán nhờ đi chung với tụi nó, lẩu mắm mình cũng ít đi ăn, ít biết chỗ nào bán ngon, ăn thử ở đây thấy cũng được nè. Thích hợp đặt tiệc, liên hoan, đi nhóm hoặc gia đình. Quán rất rộng rãi, bàn ghế gỗ, ngồi thoải mái. Nhân viên phục vụ tận tình, chu đáo. Nổi tiếng với lẩu mắm, hầu hết khách ghé đây đều thưởng thức món này, dĩa đồ ăn rất nhiều, rau cũng nhiều nữa. Chất lượng ổn, mình còn gọi thêm gỏi và mấy món ăn nhẹ khác, ăn no luôn, giá ổn.Xem thêm",5
45,Ron Swift,19/1/2018 23:39,7.6,"Quán này nằm hơi xa trung tâm, mà đợt coi clip của Foody hấp dẫn quá nên cũng ráng chạy lên ăn thử. Menu cũng tương đối đa dạng, chuyên lẩu mắm thôi nhưng cũng có nhiều món khác lắm, rồi nhiều combo cho khách lựa chọn nữa.
Đồ ăn lên cũng tương đối nhanh, phần đồ ăn nhiều, chất lượng cũng tương xứng với giá tiền.
Không gian kiểu không gian mở í, mình thấy cũng có nhiều nhóm đặt tiệc, hôm mình đi còn có bàn kia chừng 20 người tổ chức sinh nhật í, cũng khá vui.Xem thêm",5
46,Trần Anh,5/1/2018 11:28,7.6,"Quán nằm trên đường Võ Văn Kiệt, quán dạng như là quán ăn gia đình nên menu rất đa dạng và hấp dẫn. Mình đến quán lần đầu tiên, theo mình thấy thì quán rộng rãi thoáng mát lắm. Nên rất thích hợp cho những ngày cuối tuần rủ bạn bè lên đây.
Mình đi tổng cộng 6 người, kêu 4 5 món gì đó, mà đặc biệt quán có nhiều combo như các món nướng, món chiên, hay món xào hoặc lẩu gì đó. Nói chung nhiều món mà giá cả cũng hợp lý lắm.
Mình cũng khá thích món lẩu mắm ở đây, đồ ăn nhiều lắm, mà mắm cũng không quá nặng mùi nữa.
Về phục vụ thì mình thấy nhanh nhẹn với lại cũng tận tình lắm ^^Xem thêm",5
47,Hoàng Huy,27/12/2017 11:53,8.0,"Quán này có cũng lâu rồi mà mình ít hay có dịp ghé đến lắm vì 1 phần không có thích ăn mắm như mấy món lẩu khác lắm nhưng nay do nhà tổ chức nên cũng phải đi cùng, phải nói là quán này cực kỳ rộng rãi và thoáng lắm nhe, đồ ăn thì cũng đa dạng lắm mấy món này nhìn bắt mắt cực kỳ luôn ấy chứ, đồ ăn cực kỳ tươi ngon luôn nhe, lẩu mắm thấy hơi nhỏ chứ ăn mà no căng cái bụng vẫn chưa hết nữa, mắm cực đậm đà luôn rau cho vừa đủ ăn àXem thêm",5
48,Ku Bin,24/11/2017 11:36,7.8,"Quán này Cát Tiên 2 chứ cũng không biết Cát Tiên 1 ở đâu, quán nằm hơi xa khu trung tâm thật nhưng cũng là nơi lý tưởng để có thể họp mặt bạn bè đồ. Lần nào mình ghé quán cũng thấy khá là ok, quán thì có phục vụ rất nhiều món ăn, từ đố ăn chơi đến ăn no. Có cả các món xào, nướng, lẩu.. Mà giá khá là hấp dẫn nha, nếu đi đông tính ra rất là hời luôn ^^
Đồ ăn thì mình chấm lẩu nhất, vì nước lẩu của quán khá ngon, nhất là mình không ăn được mắm nhưng với quán này thì vẫn ăn được luôn lẩu mắm mà lại thấy ngon nữa ^^
Không gian thì khỏi chê rồi, rộng rãi, sạch sẽ, thoáng mát ^^Xem thêm",5
49,Hiếu Minh,6/11/2017 18:59,9.0,"Quán nằm ở Võ Văn Kiệt con đường chuyên về ẩm thực nên tiện thể dắt bạn bè đến đây ăn thử tại nghe đồn đại ngon lắm
Quả thực đến đây bất ngờ vì không gian quán rộng rãi, thoáng mát lắm lên đây là không sợ chen chút này kia
Đồ ăn thì làm ngon lắm lắm, dĩa đồ ăn cũng rất nhiều. Đi 4 đứa mà ăn cái lẩu là muốn no, nói chung đi 4 đứa kiu 4 món là bao căng bụng
Giá cả thì dễ chịu, quán này đôi khi có mấy chương trình khuyến mãi combo nếu canh được thời điểm này thì quá là xuất sắc . Mọi người nên lên đây để ăn thử và cảm nhận
Mình sẽ thường xuyên giới thiệu bạn bè đến đây ănXem thêm",5
50,Ku Bin,29/9/2017 21:34,7.6,"Hôm qua mấy đứa bạn cũ trong lớp mình rủ nhau đi họp lớp, xong rồi tìm quán ăn nào có không gian ok để ghé vào ăn uống. Thì mình dẫn mấy đứa lại quán này. 
Tuy quán nằm trên đường Võ Văn Kiệt hơi xa nội ô thật nhưng được cái quán rộng, thoải mái, lại mát mẻ nên cũng thấy hợp với không khí đi đông người hơn.
Tụi mình đi gồm gần 7 8 người, mà chỉ có kêu 1 cái lẩu, vài món ăn nhẹ vậy mà tính ra giá cũng không quá cao, lại có vừa uống bia, vừa uống nước ngọt luôn mà 1 người chưa tới 200k.
Quán có nhiều dạng combo khuyến mãi lắm, còn về đồ ăn thì mình thấy lẩu ăn cũng được, có điều do mình không thích mắm nên không ăn nhiều.
Có chỗ giữ xe rộng, có người giữ xe luôn ^^Xem thêm",5
51,Trúc Mai Dương,4/4/2019 7:07,9.0,- Bánh cuốn nóngXem thêm,6
52,Diễm Chi,2/12/2018 14:05,8.0,"Quán này mình thấy lâu ở Cần Thơ rồi đó mà giờ mới ăn, bữa order là một buổi trưa ở văn phòng, do now free-ship tất cả các quán bao gồm quán này, không có dấu tick xanh những vẫn được free hí hí. Đặt 3 phần, giá 22k một phần, lúc đầu đặt bánh cuốn mà hết bánh cuốn rùi ý. Bánh ngon và giao khá nhanh.
.
Một phần có chả lụa chả quế và một khúc thịt nướng, nhưng so với bên 119 thì mình thích bên 119 hơn. Do 119 chỉ bán từ 2h chiều nên thèm ăn trưa thì đành ăn bên dì ba nhe. Bạn mình nói quán có không gian ngồi lại nữa đó, chủ yếu bàn cao, mát mẻ, sạch sẽ. Có dịp sẽ ghé ăn tại quán luônXem thêm",6
53,Hoàng Huy,16/9/2018 15:40,8.0,"Cứ lâu lâu thì hay chạy qua quán này để ăn bánh cuốn lắm luôn nhe, bánh cuốn của quán bán khá là ngon ấy chứ, giá cả dạo này có phần hơi cao 1 tý nhưng cũng xứng đáng đồng tiền lắm luôn nhe, bánh cuốn đc 2 miếng chả và 1 phần tép chiên nữa chứ, không gian quán cũng vừa phải được cở 3 dãy bàn nhưng khá là sạch sẽ và thoáng nhe, đồ ăn có cực kỳ mau lẹ, tép chiên còn nóng hỏi luôn ấy ăn mà giòn giòn nhai đã cái miệng lắm nheXem thêm",6
54,Trang Ngọc,17/7/2018 22:28,8.2,"Hồi trước cứ thèm ăn bánh cuốn là ghé đây mua mang về, sau có quán cơm mở kế bên, đi ngang xớn xác tưởng quán bánh cuốn dẹp rồi nên tới giờ mới ghé ăn lại. Nay mình đi với mẹ, 2 mẹ con ăn mỗi người 1 dĩa, dĩa 25k ăn no tới trưa luôn. Đặc biệt có món tép chiên nữa. Bánh khá nhiều, có loại có nhân nữa, dĩa cũng nhóc đồ ăn nên giá dù cao hơn mấy chỗ khác chút tẹo cũng ok. Phục vụ ổn, làm đồ ăn nhanh, quán cũng thoáng, sạch sẽ.Xem thêm",6
55,Thuý Hoà,18/4/2018 11:27,8.0,"Không gian quán này chỉ là 1 quán ăn bình thường thôi nhe, quán có bán 2 buổi sáng và chiều à còn buổi trưa đi ngang thấy quán khép cửa chắc là chuẩn bị nguyên liệu cho buổi tối để bán ấy, đồ ăn của quán cũng ngon miệng lắm nhe, nếu mà muốn ăn nó chắc phải kêu 1 phần thêm chứ 1 phần bình thường ăn chỉ vừa đủ bụng thôi à nhe, nhân viên quán cũng nhanh nhẹn và vui vẻ lắm luôn nhe, quán có bán nước giải khát để uống kèm khi ăn nữa ấyXem thêm",6
56,Hoàng Huy,18/4/2018 11:25,8.0,"Cứ hôm nào mà thức dậy sớm là lại chạy qua quán này để ăn sáng à đồ ăn của quán này khá là ngon nhe, ở quán chỉ bán có 2 loại thôi à, 1 loại là bánh cuốn còn loại còn lại là bánh ướt thôi, nhưng 2 món này mình thấy điều ngon như nhau nhe, giá cả cũng không quá cao đâu, vì mình thấy được cả nguyên 1 phần tép chiên khá là to ấy chứ ăn cũng ngon miệng và xứng đáng cực kỳ luôn nhe, dạo này quán gắn thêm máy điều hòa nên cũng mát mẽ hẵn raXem thêm",6
57,Hoàng Huy,19/3/2018 16:15,8.0,"Đồ ăn của quán này ngon cực kỳ luôn ấy giá cả lại vừa phải lắm nên mình khá là hay ghé qua quán để ăn, phần bánh cuốn nhìn hấp dẫn lắm nhe bưng ra 1 dĩa như hình còn nóng hỏi luôn ấy chứ, mà dạo này giá hình như còn sống quá trời ăn không được ngon như lúc trước, nhớ lúc trước là giá trụng rồi hay sao á nên nó ngon và mềm hơn nhiều lắm luôn nhe, nhân viên quán nhanh nhẹn chu đáo, quán dạo này có bán thêm nước này nọ nữa nheXem thêm",6
58,Hiếu Minh,18/3/2018 14:47,7.0,"Đây là quán bánh cuốn nóng và bánh ước là hay nhất cần Thơ, đọc nhất cần Thơ. Mình nói vậy bởi vì đây là quán bánh ướt duy nhất có bỏ thêm miếng tôm chiên vào trong bánh. Miếng tôm chiên rất ngon, giòn và được chị ngay tại quán cho nên ăn rất nóng và ngon. Một dĩa chỉ có 25.000 thôi các bạn được ăn ngay một dĩa bánh ướt hoặc bánh cuốn nóng cực nhiều bao gồm một miếng tôm chiên và hai miếng chả. Quán có không gian rất sạch sẽ, rộng rãi và thoải mái, quán còn nhận đặt bánh theo yêu cầu nữaXem thêm",6
59,Hoàng Huy,4/2/2018 15:00,8.0,"Mấy nay thèm bánh cuốn lắm mà nay mới được ăn, do cuối tuần mình đến sớm mới còn chứ, bình thường quán hết món bánh cuốn này sớm lắm nhe, còn bánh ướt thì vẫn có bình thường, mình thích bánh cuốn vì bên trong có nhân nữa nên ăn sẽ ngon hơn bánh cuốn nhiều lắm, quán này được cái có tép chiên bột ăn kèm nữa nhe, nguyên miếng tép khá là to, mình với đứa bạn khoái đi ăn quán này là vì có tép chiên bột này ấy, ăn còn giòn giòn mà đã miệng lắm nheXem thêm",6
60,Quăn Quăn,10/1/2018 18:10,6.0,"Không gian: hơi nhỏ và cũng không sang trọng lắm, tầm 4 cái bàn cao à.
Thức ăn: bánh cuốn và bánh ướt ở đây bán đắt lắm, dân Cần Thơ rất chuộng với lại có bán buổi tối nữa, mà đừng lại trễ quá nha.
Menu: quán có bánh cuốn, bánh ướt
Nhân viên: phải nói là cực nhanh luôn, mình gọi 2 bánh ướt và bánh cuốn, chỉ đợi 1 xíu là có ngay rồi
Giá tiền: mình quên giá rồi.
Nhà vệ sinh: mình chưa vô, lần sau rv nha
Chỉ đường: gần cầu ba khía, đối diện quán mì Sơn CảoXem thêm",6
61,Yannie Tran,21/12/2017 19:17,7.4,"Trời se se lạnh, nhấm nháp tí beer và nhâm nhi phần steak theo chuẩn kiểu Mỹ, không gian thoáng và đồ ăn khá ngon 💜 sẽ quay lại nhiều lần nữa, vì ở CT mà nếu nói về steak ngon chắc chưa đầy 1 bàn tayXem thêm",7
62,Da  Beo,13/11/2017 8:09,7.0,"Quán dạo này đổi chủ, kinh doanh theo hướng mới mà mình thấy khá hay. Khách đến đây ăn thích rượu vang là có rượu vang, thích cocktail là cũng có luôn. Ví dụ như khách đãi tiệc sinh nhật đặt bàn trước là anh chủ tặng liền cho các bánh kem với bó hoa chất lượng, mà hoa vs bánh nhiều khi còn hơn tiền đặt tiệc í. Mình thấy vang ở đây ngon, đồ ăn ngon. Món tomyum tôm to với tươi quá chừng, nước tomyum vị nhẹ. Còn món bò thì thịt bò kiểu mềm tới từng thớ thịt luôn.Xem thêm",7
63,Tambourine Tim,11/11/2017 18:50,7.8,"Hổm cả đám được mời đến quán Bò Tùng Xẻo. Ban đầu nghe tên mình nghĩ quán chuyên về thịt bò, nhưng mà vô thì hơi bị ngạc nhiên luôn vì quán đa dạng các món, và chuyên về các món Âu. Vì anh chủ là từ Mỹ về mở quán. Quán có cả pub, ví dụ đi nhóm bạn vừa ăn vừa uống rượu trên pub là quán phục vụ sẵn sàng. Thức ăn rất ngon, từ rau và hải sản đều tươi chất lượng. Anh chủ rất hiếu khách, có nói với bọn mình là rau toàn nhập Metro về thôi.Xem thêm",7
64,Hiếu Minh,3/11/2017 14:11,9.6,"Lần thứ 3 đến đây, gọi các món khác của quán đúng là ngon nêm vừa miệng, cách trang trí và nước chấm rất lạ và ăn hợp món cực kì. Menu tuy chỉ 4 trang nhưng nếu muốn ăn món khác đều có hết :))) Đãi sinh nhật tại đây là đúng bài luôn. Có đầy đủ rượu và cocktail sang trọng lắm, beer cũng có luôn nhưng mình thích uống rựou và coocktail hơnXem thêm",7
65,Hiếu Minh,25/10/2017 21:52,9.6,"Hôm kia mình có ghé tổ chức sinh nhật cho chị bạn. Gọi 4 món mà ngon quá đặc biệt là món Bò Tùng Xẻo đặc sản của quán rất ngon thơm mùi sa tế rất ngon. Món kế là đầu tôm béo cực kì, gạch cực kì nhiều. Tôm nhún mù tạt ngon, tươi và khôbg tanh như nhà hàng Nhật làm luôn. Cuối cùng là tôn càng xào tỏi hết sẩy
Ông chủ rất dễ thương đối tiếp tận tình nên sẽ quay lại vì đồ ăn ngon và thái độ phục vụ tốtXem thêm",7
66,Saruchan Le,18/10/2017 14:03,8.2,"Hôm trước bạn mình đãi sinh nhật ở đây nên lần đầu tiên biết đến quán luôn. Do đi ăn sinh nhật nên cũng không nắm được giá chính xác ở đây, chỉ thấy là không gian quán khá rộng rãi, thoáng mát, nhân viên phục vụ cũng cực kì chu đáo, thường xuyên kiểm tra và chăm thêm nước cho khách. Thức ăn thì bàn mình ăn chắc tầm 6 món nhưng mình chỉ chụp được 2 món là lẩu tôm và cơm lá sen thôi. Cơm rang đó giờ mình ăn khá nhiều chỗ rồi và chỗ này là một trong số ít quán làm mình ăn đến chén thứ 2 :D Lẩu tôm nêm nếm khá ngon nhưng chất lượng Tôm chưa đồng đều lắm, có con ngon, có con hơi ốm, đầu bự nhưng mình nhỏ xíu. Còn bò xào lá lốt bánh đa, bò tùng xẻo cũng ngon nữa nhưng không chụp kịp. Hôm nào sẽ quay lại để thử thêm món.Xem thêm",7
67,Hoàng Huy,23/6/2017 16:44,8.0,"Hôm nay được dịp ghé quán do có ông anh ở quê lên cần thơ chơi nên dẫn ổng lại quán này
Mình đi nhóm 5 người gọi 1 phần cơm chiên lá sen, 1 phần thăn bò bằm xúc bánh đa, 1 phần khoai tây chiên giòn và 2 bình rượu nữ nhi hồng là món đặc trưng của quán
Theo mình cảm nhận thi rượu uống nồng, uống không quen rất dễ say, món ăn thì nêm nếm ướp khá là bừa miệng và đậm vị rất là ngon
Nhân viên phục vụ do quán đông nên phục vụ không kịp nên hơi chậm
Quán khá rộng rãi và thoángXem thêm",7
68,thao nguyen,21/3/2017 22:26,8.4,"Đã từng thưởng thức món bò tùng xẻo ở sài gòn nghe bò tùng xẻo có mặt ở cần thơ hôm nay mới có dịp ăn thử dúng thật rất ngon ,danh bất hư truyền.Xem thêm",7
69,Đoan  nguyễn,21/3/2017 22:03,8.6,"Lần thứ hai mình trở lại Bò tùng xẻo nữ nhi hồng,rất thích không gian quán và cách phục vụ ở đây ,nhân viên rất dễ thương và lịch sự ,món ăn thì vẫn như ngày đầu rất ngon,hy vọng quán sẽ tiếp tục phát huy như vậy ,sẽ ủng hộ lâu dài ,,,Xem thêm",7
70,thuy tran,21/3/2017 12:05,9.2,"Quán rất thoáng mát vá sạch sẽ ,thức ăn ngon ,rất thích món Vi bò nướng của quán ,nhân viên phục vụ rất ok ,cảm ơn màng bắn pháo hoa của quán ,sẽ tiếp tục ủng hộXem thêm",7
71,Thịnh NT Nguyễn,28/6/2019 0:16,8.8,Ngon nhé! Thích nhất là ăn lúc trời vừa tạnh mưa. Ấm áp biết bao cùng nữa kiaXem thêm,8
72,Phương Trần,19/10/2018 20:14,8.6,"Quán nằm ở đường Nguyễn Đệ, đoạn đường mới mở sau này nên rất dễ đi. Mấy hôm nay trời mưa to quá, cả đám bạn hẹn nhau đi ăn cháo gà thì còn gì bằng. Tụi mình hay ghé quán này, cháo gà Diễm, quán chỉ bán gà ta thôi nên rất ngon, cháo nấu không quá loãng cũng không quá đặc, rất vừa ăn, gỏi ở đây làm phải nói là rất ngon, rất thấm gia vị, chấm với nước mắm làm nữa, rất tuyệt vời luôn. À quán có không gian rộng rãi, thoải mái, thích hợp cho đi họp nhóm, họp lớp đông người.Xem thêm",8
73,Mỹ,28/9/2018 20:34,9.2,"Ăn ok, giá bình dân, phục vụ thì cũng đc ^^Xem thêm",8
74,Phương Trần,16/9/2018 22:09,8.8,"Các bạn của mình trong đoàn thanh niên cực kì thích quán cháo gà này nên mỗi lần đi đâu cùng nhau là tụi áo xanh lại rỉ tai nhau ghé cháo gà Diễm. Quán nằm ở đường Nguyễn Đệ, từ đường Võ Văn Kiệt quẹo vô chút xíu thì quán ở bên tay trái nhé. Không gian quán khá rộng, nhìn bình dân lắm, bàn ghế sạch sẽ, tươm tất lắm nhé. Nhóm mình đi 4 người gọi 1 cái lẩu cháo gà, gỏi ướp chua chua rất ngon, cháo nêm vừa miệng, đặc biệt nước chấm phải nói cực ngon, ăn là phải xin thêm mấy lần luôn đó.Xem thêm",8
75,Hoàng Huy,1/2/2018 18:21,8.0,"Nồi cháo và dĩa rau cộng thêm dĩa gỏi gà này ta nói thấy vậy mà ăn no cành hong luôn nhe, gà thì tính theo con có giá 240k, mình cảm thấy khá là vừa túi tiền ấy chứ, quán này cũng khá là thoáng mát nhe có điều quán có phần hơi xa tý nhưng mình thấy vẫn có nhiều người đến quán ăn lắm luôn ấy chứ, gà thì con khá là to lại thịt chắc lắm nên ăn cực kỳ sướng miệng, mà nồi cháo này mình thấy khá là to còn hơn mấy quán khác nữa ấy chứXem thêm",8
76,huynh,21/1/2018 20:22,8.0,"Quán ăn khá ngon. Gà ta dai ngon. Phần cháo 1/2 con gà 2 người ăn no. Nhân viên phục vụ nhiệt tình, vui vẻ. Quán ngồi thoáng mát!!!Xem thêm",8
77,Tấn Đạt Trần,15/1/2018 16:55,8.4,"Tình cờ được một người bạn giới thiệu địa điểm này. Chúng tôi đến nơi đây để thưởng thức món cháo gà của quán.
Quán có không gian khá thoáng và rộng rãi. Chất lượng món ăn thì cũng khá ổn. Cháo có vị vừa ăn không quá lỏng. Đặc biệt có nhiều hành và nấm rơm mình rất thích. Rau để ăn kèm là rau má và mướp. Về phần gỏi gà thì rất vừa miệng thịt gà rất tươi ngon. Quán có bán phần 1/2 con. Trong ảnh là phần 1/2 con rất nhiều. Thịt không quá dai cũng không quá mềm.Nước chấm thì có muối tiêu chanh và nước mắm chua ngọt. Quán có tặng kèm một dĩa mướp xào lòng.
Sẽ quay lại quán vào một dịp gần nhất. Nếu bạn nào cần hội họp bạn bè hay người thân thì quán này cũng sẽ là một sựa lựa chọn thích hợp đó.Xem thêm",8
78,Hoàng Huy,13/1/2018 12:08,7.6,"Quán có phần nằm hơi xa trung tâm tý nhưng được cái đồ ăn bao chất bao ngon bao thêm no luôn ấy chứ, mình đi đến quán với đám bạn gọi 1 phần gỏi gà và 1 phần cháo kèm theo dĩa rau để ăn cho nó nhiều, đi 6 đứa ăn có cái nồi cháo này thôi xong là sấp mặt luôn chả đi đứng gì nổi chứ, đồ ăn phải nói là quá trời nhiều luôn nhe mà lại ngon lắm luôn gà thì làm kỹ lắm nên ăn ngon miệng mà không có sợ, nhân viên thì vui vẻ và thân thiệnXem thêm",8
79,Mylinh Ngo Huang,10/9/2016 15:43,7.2,"I had the pleasure to eat here for lunch and was blow away at how tasty the my meal was. My group ordered chao ga lau, steamed chicken over a bed of herbed root salad, and winter melon stir fry with chicken instestines. Each dish was served fresh from the kitchen and tasted delicious. The lau was so flavorful that not once did I find myself needing to add sauce or salt. The steamed chicken came w/ 2 sauces: a ginger fish sauce and a lime w/salt and pepper sauce. The winter melon was already seasoned and ready to eat. This is a great place to go with a group and I highly recommend it.Xem thêm",8
80,Dung Nguyễn,28/3/2016 13:16,7.8,"Cảm cúm ăn cháo gà nói là giải cảm nha nhưng ho thì ho vẫn ăn quất liền 1 con gà.
   Gỏi rất là ngon, vừa ăn mà gà ta đàng hoàn, dai dai nhưng thịt rất thơm mà mềm. Ăn cái đùi ngon gì đâu á. Cháo nấu gạo rang thơ nên cháo nấu rất ngon hok bị nát, ăn vs gỏi chua cay mặn ngọt đủ cả, hết sẩy. Gỏi làm đúng điệu, ăn hoài hok chán z, gà có thể hok ăn chứ gỏi nhiu xử hết. 
    Quán ăn bình dân chứ đông lắm lun, từ lúc quán mở tới giờ đi đc 2 lần ăn xog là mún đi nữa chắc tới năm sau, nhìn ngía quán đông là ngại vô à. Ngoài ra còn mấy món chế biến khác như gà chiên hay gà hấp ăn cũng đc lắm
    Nói chung là cháo gỏi hay thịt gà đều ngon hết á. Mà giá bình dânXem thêm",8
81,Thuỷ,9/8/2020 13:32,5.0,Lẩu nấm 75k 👎👎👎👎Xem thêm,9
82,Trinh Châu,8/4/2020 10:47,8.0,"- Hoành thánh 30k+ Nghêu hấp sả 60k+Mã giảm 25k+phí ship>>>80k
Đặt hàng trên Shopee App lúc 9h44, giao hàng lúc 10h30
Hoành thánh 30k: 10 cái, nhân khoai cao ăn ngon
Nghêu hấp sả 60k: nấm bào ngư hấp sả ớt, phần lượng rất nhiều
-  Bánh khọt Việt Hòa 40k + E-voucher 30k+phí ship>>>35k
Đặt hàng trên Shopee App lúc 8h, giao hàng lúc 8h53
Bánh khọt Việt Hòa 40k: 6 cái, mình yêu cầu chỉ lấy rau xà lách và diếp cáXem thêm",9
83,Hoàng Huy,16/11/2018 16:12,8.0,"Lâu lâu đám bạn rũ rê đi ăn chay ở quán này đồ ăn của quán ngon cực kỳ luôn nghe mà lại chất lượng lắm luôn ấy, rau cải của quán này là quán tự trồng luôn nên mình ưng ý lắm luôn nhe, rau cực kỳ nhiều luôn ấy, quán này mình thấy ăn ngon miệng lắm nhe, thích món bánh khọt của quán lắm luôn ăn ngon mà không dễ bị ngán nữa chứ, lẩu ở quán này cũng được vài ba loại lẩu nên mình khoái lắm luôn nhe, mình sẽ ủng hộ quán dài dài :)))Xem thêm",9
84,Tanu Oh,15/11/2018 21:04,8.0,"Dạo này hay đổi gió thích ăn đồ chay mà được nghe mọi người giới thiệu lại chỗ lẫu chay rau sạch Minh Hòa này.
Tuy hơi khá xa trung tâm, nằm ở đường 91B, cũng phải hơn 10 phút từ bến xe 91B hướng vế An Giang nhưng đi là xứng đáng, không phí công bỏ ra đâu.
Do xa trung tâm nên quán được diện tích khá lớn, không gian quán cực rộng rãi luôn.
Quán hơi đông, nhân viên phục vụ max công suất luôn nhưng vẫn vui vẻ và niềm nở.
Các món giá khá phải chẳng, chỉ chưa đến 100 ngàn mà đã có một nồi lẫu to đùng rồi.
À, đúng như cái tên quán luôn nghe, rau nhiều, sạch và cực tươi luôn!Xem thêm",9
85,Phi Phụng Phạm,9/9/2018 23:58,7.8,Đi ăn ở đây vài lần. Mặc dù xa trung tâm đi ăn hơi ngại nhưng bù lại không gian thoải mái. Đồ ăn ngon và rau rất tươi luônXem thêm,9
86,Hoàng Huy,19/5/2018 9:52,8.0,"Có dịp thì cứ chạy qua quán này để ăn à, đồ ăn thì nhiều mà ngon lắm nhe, giá cả có phần hơi cao tý nhưng thấy cũng xứng đáng lắm luôn ấy nhe, rau cải của quán thì nhiều mà thơm ngon cực kỳ luôn nhe, rau cải thì tươi thôi rồi luôn ấy, do trồng thủy sinh kế bên nên khá là an tâm về chất lượng rau cải nhe, mà không gian nơi đây nhìn thoáng mát và thoải mái lắm luôn ấy, ở đây nghe đâu toàn dùng thực phẩm sạch này nọ nên yên tâm lắmXem thêm",9
87,Phương Trần,5/5/2018 23:15,8.4,"Khi mà vấn đề an toàn thực phẩm được quan tâm thì những quán như thế này rất được chú ý, chưa rõ như thế nào nhưng nghe tên rau sạch, rau tự trồng là thích lắm rồi và nhà mình cũng không ngoại lệ nhé. Ba mẹ mình vô đây là khoái luôn, vì rau trồng xong lấy ăn liền, cảm giác an tâm lắm. Nhà mình chọn lẩu để ăn, nước lẩu ngọt nhúng rau rất ngon, do rau trồng nên cũng chưa đa dạng lắm. Ăn tại chỗ thì thoải mái nhưng rau mua về thì khá mắc nhe các bạn.Xem thêm",9
88,Thuý Hoà,24/4/2018 13:27,8.0,"Tối hôm vừa rồi được đứa bạn rũ qua quán này để ăn tối, do là ăn chay nên lựa quán này cũng thấy khá là hợp lý ấy, vì đồ ăn của quán cũng khá là ngon được cái rau cải của quán là thuộc dạng rau sạch tự trồng nên ăn không lo sợ gì đâu nhe, ở quán còn có bán bánh xèo hay bánh khọt mình thấy cũng ngon lắm luôn ấy nhe, rau cải của quán cũng nhiều và đa dạng loại lắm ấy, quán khá là rộng lớn nên cũng dễ tìm chổ để ngồi nheXem thêm",9
89,Hoàng Huy,18/4/2018 21:16,8.0,"Quán này mình khá là ưng ý vì khi lấy toàn là rau sạch tự trồng kế bên luôn ấy nên mình thấy cực kỳ an tâm luôn nhe, ở đây có bán rau mang về nữa nhe mà toàn là rau thủy canh tự trồng không à nhìn cực kỳ hấp dẫn luôn ấy, không gian nơi này cực kỳ rộng rãi và thoáng mát luôn ấy, giá cả phần lẩu cũng khá là rẽ nhe, đồ ăn của quán cũng đa dạng hình như có bán bánh khọt hay bánh xèo nữa ấy
Nhân viên quán thân thiện và vui vẻ lắm nheXem thêm",9
90,Lbn,13/4/2018 7:20,6.2,"Ghé thử cảm giác ăn và thưởng thức rau sạch 1 chiều. Cảm nhận về không gian rất thoáng, rộng rãi và sạch sẽ. Bàn ngồi cũng khá lớn, thoải mái để đồ ăn. Mình đi 3 người, gọi phần lẩu nấm và 1 phần bánh khọt. Giá tiền đã lên 65k/người chứ k phải 55k như hình 1 số bạn đã đăng trước đó. Bánh khọt lạ, khá ngon miệng và bắt mắt. Lẩu nước dùng ngọt thanh, ăn nhúng rau rất tươi. Tuy nhiên, rau không đa dạng lắm vì chủ yếu chỉ có 4 loại rau xà lách và rau muống thôi. Rau sạch ăn không cần rửa nhưng nhìn thấy cục đất mình cũng hơi ớn ớn. Lâu lâu ăn để thanh đạm và bổ sung rau thì ok nhưng tính ra khá mắt so với đi ăn các nơi khác kể cả đồ mặn hay đồ chay vì nước lẩu thêm cũng tính tiền. Nhóm mình k ăn bún nên gọi mì thì mì gói cũng tính tiền. Nói chung không có nhiều lựa chọn lắm.Xem thêm",9
91,Phạm Trần Phương Trâm,14/3/2018 18:57,8.0,"Vị trí: quán hủ tiếu gõ 555 này nằm trên đường Trần Quang Diệu. Đối diện chỗ quân đội gì đó mình cũng không rõ lắm. Nhưng cứ chiều chiều là có tiếng tập bắn súng nghe ầm ầm :))
Không gian: quán hủ tiếu gõ thì cũng như các quán khác cùng loại thôi, chủ yếu là bán lề đường nhưng được cái mình thấy quán này sạch sẽ, thoáng mát. Phục vụ lại nhanh chóng, thân thiện
Chất lượng và giá cả: như hình là tô hủ tiếu mì gói khô, mình dặn để thịt không, chứ bình thường là có cả hoành thánh, bò viên hoặc trứng cút nữa.Xem thêm",10
92,Trang Ngọc,13/3/2018 14:58,8.4,"Hôm trước lâu lắm rồi mới ăn lại chỗ này, ăn xong cái bị ghiền, dù xa vẫn lên tận đây để ăn mì. Tô như hình 10k, khá nhiều thịt dù xắt mỏng. Chỗ này cũng là chỗ hiếm hoi bán hủ tiếu gõ mà mình thấy không gian thoáng mát và sạch sẽ, nhìn thôi đã thích mắt rồi. Nước dùng chỗ này nấu cũng ngon, không nghe mùi bột ngọt như mấy chỗ khác. Quán chủ yếu khách là học sinh bên mấy trường học, cũng có phụ huynh rước con ghé ăn, cũng khá đông vào tầm tan học.Xem thêm",10
93,Trang Ngọc,16/2/2018 16:20,8.6,"Lúc trước có dịp đi Hội chợ Xuân trên trường Lý Tự Trọng thì có dịp ghé đây một lần, chắc cũng mấy năm rồi mới ghé lại. Quán vẫn như xưa, giá rẻ mà đồ ăn nhiều nên cực kì đông khách mỗi tối tối. Hôm trước mình ghé tầm 4g mấy 5g chiều nên còn thưa khách. Tô như hình chỉ 10k thôi mà ngon lắm, nêm nếm vừa ăn, đồ ăn nhiều. Quán cũng có bán nui, bánh lọt các thứ nữa. Không gian ngoài đường nên khá thoáng, bàn ghế sạch sẽ, có chỗ đậu xe trên lề.Xem thêm",10
94,Phạm Trần Phương Trâm,17/1/2018 23:11,8.0,"Lâu lâu siêng năng chút là lấy xe chạy lên đây ăn à :3 Chứ lúc trước ăn là quen luôn ấy chứ. Quán nằm trên đường Trần Quang Diệu á, ngang khu tập bắn gì đó, lúc trước ngồi ăn nghe người ta bắn đùng đùng quài à, nghe đồn là tập trận :3 Quán tuy là hủ tiếu gõ lề đường nhưng sạch sẽ, thoáng mát, dễ chịu. Như hình là tô mì gói khô 2 gói giá 15k, chứ bình thường thì chỉ có 10k à. Trong một tô như vậy thì có thịt, hoành thánh, và trứng cút nữa. Bình thường thì có thêm da, nhưng mình dặn không để :3Xem thêm",10
95,Bùi Thế Trọng,18/9/2017 12:53,8.0,"Quán này lúc trước mình ăn thường xuyên, cứ chiều chiều hay tối tối mà đói bụng là chạy ra đây ăn. Quán là quán lề đường nhưng rất sạch sẽ, bàn ghê bày trí gọn gàng, chỗ ngồi cũng rộng rãi, thoáng, tạo cảm giác khá là dễ chịu :3 Như hình là tô bánh lọt bình thường. Nước súp cô chủ nấu ngọt, ngon lắm. Có thịt, hoành thánh, trứng cút, da heo, bò viên,... Cô phụ việc cũng nhiệt tình, chu đáo, vui vẻ :3 À mà cứ chạy thẳng đường Trần Quang Diệu là thấy liền nghe :3 dễ tìm lắm :3Xem thêm",10
96,Phạm Trần Phương Trâm,16/9/2017 23:27,8.0,"Ghé lại ủng hộ quán sau 1 khoảng thời gian :3 Lần này ghé quán kêu món mì gói khô :3 một tô vẫn vậy, 10k mà đầy đủ thịt, hoành thánh, trứng cút và bò viên. Nhưng thường thì mình dặn không da heo, không trứng cút :3 quán không lớn nhưng cũng không đến nổi quá nhỏ, vì là quán lề đường mà, bắt cũng được khoảng hơn 5 bàn :3 nước súp nấu cũng ngon, ngọt, nói chung là ăn ổn. Cô chủ bán cũng dễ thương, thân thiện, nhiệt tình và chu đáo lắm. Sẽ tiếp tục ủng hộ :3Xem thêm",10
97,Phạm Trần Phương Trâm,18/6/2017 0:10,8.0,"Tưởng sau khi tốt nghiệp khỏi trường thì sẽ ngại đường xa mà ít đến chỗ này ăn. Nhưng cuối cùng cũng chạy lên chỗ này ăn thường xuyên vì rất thích nước soup ở đây. Khác mấy chỗ khác nhiều lắm, không phải ngọt dạng bột ngọt. 1 tô thì chỉ 10k, như hình là 1 tô bánh lọt, 1 tô hủ tiếu khô để hoành thánh không. Không gian lề đường nhưng cũng khá rộng mà lại không lấn chiếm lòng lề đường :3 nên an tâm là không cần chạy :)) Chị chủ dễ thương, thân thiện :3Xem thêm",10
98,Bùi Thế Trọng,23/5/2017 19:01,8.0,"Lúc trước còn học ở Lý Tự Trọng, thường rủ rê bạn bè ra chỗ này ăn, chị chủ bán dễ chịu, thoải mái mà đồ ăn lại ngon nữa. Cách trường Lý Tự Trọng cũng khá xa nhưng mình thích chỗ này hơn những chỗ khác. Rộng rãi, thoáng mát, sạch sẽ. Lúc trước 8k 1 tô nhưng giờ thì là 10k nhưng chất lượng thì vẫn đảm bảo, bán đúng giá. Như hình là tô hủ tiếu khô 10k, không rau giá, để hoành thánh không. Được khoảng 5-6 viên hoành thánh, nhiều hủ tiếu, ăn no nóc luôn.Xem thêm",10
99,Phạm Trần Phương Trâm,15/5/2017 21:18,8.6,"Nay ghé lại quán để mua hủ tiếu gõ cho thằng em, nó không ăn rau giá gì trơn, chỉ ăn thịt với bò nên nhìn có vẻ hơi dìm hàng tô hủ tiếu :)) nhưng chất lượng thì khỏi nói luôn, thịt nhiều, được 2 viên bò, hủ tiếu cũng nhiều hơn những chỗ khác nữa. Không gian quán cũng sạch sẽ, thoáng mát lắm. Mình đặc biệt thích nước soup ở đây, ngon và ngọt hơn rất nhiều. Thích quán xong kéo luôn thằng em thích luôn :)) Chị chủ quán thì nhiệt tình vui vẻ hết biết luôn :3Xem thêm",10
100,Phạm Trần Phương Trâm,25/4/2017 21:27,7.2,"Nay trời mưa giữa mùa khô :v mưa thì lại thèm hủ tiếu gõ đường trần quang diệu, một quán mình cũng hay lại ủng hộ. Đoạn đường này cũng có nhiều tiệm hủ tiếu gõ nhưng chỗ này theo mình vẫn là chỗ ngon nhất trong ngầng ấy quán.
Quán có các món hủ tiếu và mì như các quán hủ tiếu gõ khác nhưng có vẻ nhiều hơn.
Nước dùng rất ngon, ngọt , đậm vị rất vừa miệng của mình.
Anh chị chủ quán rất dễ thương, thân thiện và nhanh nhẹn nữa.
Lần sau mình sẽ đến nữa.Xem thêm",10
101,Scarllee30,11/1/2020 12:34,7.8,"Đây là phần đặc biệt nè!
Nghe danh quán đã lâu giờ mới có dịp ăn thử.
Với giá 45k thì đồ ăn nhiêu đây cũng tạm ổn.
Đậu , chả cốm , chả SG ngon , giòn lắm. Mình rất thích chả SG của quán.
Thịt luộc thì mình thấy ngon hơn hẳn mấy quán trước đây mình thử qua . Miếng thịt trắng mềm nhìn cái muốn ăn :>! 
Điểm trừ :
-nước chấm ( mắm tôm ) hơi bị mặn , quán lại không gửi thêm đường và tắc nên cũng k hợp với những người khẩu vị vừa phải như mình. 
- Rau hơi ít 
- Không có bánh tráng :((((Xem thêm",11
102,Trần Thịnh,20/8/2019 12:10,8.6,Lần đầu tiên ghé quán vào 1 ngày mưa tầm tã và tự hứa sẽ ghé nhiều hơn trong thời gian sắp tới!Xem thêm,11
103,Hồng Phạm,30/5/2019 16:40,7.8,Nói chung là từ ngày biết tới quán là k đặt chân đến bún đậu quán nào nữa luôn! Chỉ có ao ước là quán sẽ mở chi nhánh 2 ở ninh kiều gần mình hơn! Hichic chứ lần nào đi ăn cug chạy cả nửa tiếng! Yêu nhất món dồi sụn! ❤️💪Xem thêm,11
104,Nguyễn Đức Thắng,4/5/2019 23:41,9.8,"Đợt vừa rồi du lịch sài gòn cần thơ nửa tháng, thèm bún đậu quá nên tìm ra quán này, quán rộng rãi sạch sẽ và thoáng mát cực kỳ!

Chủ quán là người Bắc, thân thiện dễ thương. Ở đây mình thích nhất dồi rán, bên ngoài hơi giòn giòn bên trong thì mềm và thơm bùi, mắm tôm mình thấy hơi mặn chút, có thể do mình ăn nhạt, pha thêm đường với quất vào thì ok luôn. Mọi người nhất định ghé qua nha!!Xem thêm",11
105,Mỹ,7/3/2019 21:49,7.4,"Nhìn chung thì ăn cũng đc, tuy nhiên nước chấm hơi mặn, giá thì cũng ổnXem thêm",11
106,Ăn Uống Thích,29/12/2018 18:39,1.8,"Lần đầu đến quán thấy không gian cũng thoáng, đồ ăn cũng nhiều. Điểm trừ ở đây là lúc gọi 2 phần đặc biệt 80k thôi, sau đó chị chủ hỏi em uống gì không? Rồi mới nói là em không kêu nước.
Tí có bạn nhân viên đem hai ly trà đá ra, hai đứa mới thầm nói là quán này được, có miễn phí trà đá, nhưng không ngờ là lúc ra tính tiền thì là 84k đó các bạn ạ. Làm mình hụt hẫng quá! Nhém tí không đem đủ tiền rồi. Lần sau mình lưu ý hơn, nhân viên đem nước ra thì để đó chứ ko uống. ))))Xem thêm",11
107,Thanh Tran,8/12/2018 17:38,7.2,"Bún đậu ở đây ăn ưng ý vãi, với đa dạng món mà có thêm lòng đôi nữa chứ, riêng lòng dồi đã rất rất ngon với cảm nhận của mình, đặc biệt là cái giòn giòn á! Quán tuy xa ngoại ô nhưng bán khá đắc khách!Xem thêm",11
108,Ngoc Thuy Ha Tran,7/12/2018 14:15,4.2,"Mình thấy k ngon, cho bánh tráng cuốn mà cắt đồ ăn miếng nào miếng nấy to, bún thi cắt ô vuông trong khi miếng bánh cắt đôi nhỏ xíu nên khó cuốn, chả giò chiên bị cháy, chả cốm mỗi phần dc có nửa miếng, gọi 2 phần mà cho ít rau quáXem thêm",11
109,Diễm Chi,5/12/2018 11:18,7.6,"🚩Nằm ở đường Đồng Văn Cống, hơi xa trung tâm
Đậu xe bên kia đường, đối diện với quán, có bạn nam trông coi.
🏠Quán đủ rộng rãi, trên tường trang trí mẹt bún nhìn xinh xinh.
Menu đa dạng các phần bún đậu với mức giá hợp lý.
〰️
🥢Trong hình là phần 3 người 120k, một mẹt bún rau, một mẹt đồ ăn. Ăn no căng bụng luôn nhe, đồ ăn ngon và lạ nhất là dồi sụn.
Mắm tôm pha chế xíu là vừa ăn, không mặn lắm.
Chỉ thiếu mỗi cà pháo, khóm và chuối thôi :3
〰️
Phục vụ toàn là người Bắc, nghe giọng là biết ngay, nhanh nhẹn, dễ chịu.
〰️Xem thêm",11
110,Hào Võ,16/11/2018 7:58,9.0,"Quán rộng rãi thoáng mát, được trang trí kháaaaaa là đẹp. Ngoài ra ra thì có ổ điện mỗi bàn, điều mà mình khá để ý tới luôn vì nhiều khi đi ăn đi chơi giữa chừng thì hết pin, khổ lắm ))) cuối cùng và quan trọng nhất là bún đậu. Bao ngon, khỏi bàn luôn cũng được. Phần trong hình là 40k cho 1 người ăn là vừa đó éc éc.Xem thêm",11
111,Thanh Tran,24/7/2017 0:35,7.2,"Có người thèm món Lẩu Dê ở quán Gà :))) nên đòi dắt đi ăn.
Một phần lẩu 100 mấy đó nhưng mình thấy ok, nhưng gấp thấy khoai siêu nhiều hơi fail, nhưng lẩu đậm đà và vẫn ngon. Nhân viên phục vụ chu đáo và rất tận tình. Vào quán thấy mỗi tụi mình là trẻ măng còn lại toàn là các anh các chú, có người ca hát nữa, cũng vui cũng lạ kkkk
Ngoài món lẩu này ra mình chưa ăn món gì ở đây hết, tại vì thấy những món khác phần chắc to lắm tại giá rõ cao.
Quán nằm trên đường Võ Văn Kiệt đi xa xa ra hướng về sân bay sẽ thấy nhé.Xem thêm",12
112,Thanh Di,24/6/2017 22:07,7.2,"Lâu lâu cả bọn xúng xính đi ăn lẩu, uống bia nhè nhẹ, mà ta nói lâu lắm mới được ăn lẩu dê ngon vậy nè, thịt nhiều nhưng kiểu thịt xương.
Còn kêu đĩa thịt thêm thì được thịt nạt ăn sướng miệng lắm. Đĩa thịt thêm 80k thì phải, đi ăn lâu rồi giờ review chỉ còn nhớ được cái vị là chính.
Nồi lẩu 150k,
Nhân viên thì nhiệt tình từ khâu gửi xe, quán nằm tận đường võ văn kiệt vô được quán rồi thấy 4 đứa là trẻ nhất quán còn lại khách toàn quý ông thôi, nhậu ca hát om tỏi.Xem thêm",12
113,Thanh Tran,27/5/2017 23:45,6.8,"Đi ăn được 2 lần ở quán rồi, mà giờ mới review, một lần là được voucher của foody, ăn lẩu dê, ăn xong thấy ngon giờ ghé ăn tiếp.
Không gian bình dân như những quán nhậu khác, nhưng tụi mình đi ăn thôi hổng có nhậu.
Lẩu dê ăn rất vừa miệng, có điều thịt nhiều mà xương cũng bự nữa ^^
Rau tươi, sạch sẽ, có kèm trứng vịt trứng gà mì tươi với hủ tiếu, tuỳ thực khách muốn dùng thì dùng không dùng quán sẽ không tính tiền.
Mình thích ăn kèm mình gói hơn, khá ổn.
Nhân viên tận tình lắm.Xem thêm",12
114,Huyền Nguyễn,24/5/2017 19:15,8.0,"Ăn lẩu dê có 1 lần à là muốn quay lại lần 2 để ăn tiếp vậy đóa
1 cái lẩu to đùng vậy nè mà có 120k 2 đứa ăn k có hết luôn á. Đậu hũ ky ăn kèm thì mình vẫn thích rồi nha.  Rau tươi ngon hết ý
Nhân viên vui vẻ lịch sự dễ thương
Không gian quá thoáng rồi k cầm bàn luôn nha.
Quán cũng gần nhà mình nên thích ăn là chạy lại đây để thưởng thức luôn à.
Và nhờ quán mình cũng thích ăn dê hihi
Sẽ quay lại nữaXem thêm",12
115,Chú mèo con,24/5/2017 0:09,7.6,"Quán này có lẩu dê ok lắm, tại mình đang bị nấm da, dị ứng với gà và hải sản nên đi ăn lẩu dê ấy.
Ở đây thịt mềm, tàu hủ ky ngon, đĩa thêm cũng 80k mà thịt nạt nhiều, rau tươi, kèm theo có hủ tiếu vắt với mì vắt, mình thì thích ăn mì gói hơn, và tụi mình cũng không ăn trứng lộn.
Khoai nhiều mà thịt nhiều, nước lẩu ngon, nước thêm cũng có lấy tiền thì phải mà rẻ lắm, nhân viên khá tận tình chu đáo, nhất là khâu giữ xe. Sẽ quay lại!Xem thêm",12
116,Linh Dang,30/4/2017 23:31,7.2,"Quán hơi xa trung tâm, nhưng mà phục vụ tận tình, lẩu cũng ngon nữa. Một nồi lẩu dê là 120k, thịt nhiều xương nhiều, có tàu hủ ki nữa. Quán mát mẻ đúng kiểu sân vườn bình dânXem thêm",12
117,Saruchan Le,25/4/2017 19:53,8.0,"Lần trước được voucher của foody đã vào chỗ này ăn và thấy rất ok nên nay ghé lại. Phải nói là quán làm món nào cũng ngon. Nay mình với bạn kêu vú dê và gà nướng, món nào cũng thấm vị, nướng vừa chín tới, không quá dai mà thơm, ngon lắm. Quán cũng nướng cho khách luôn nên không phải ngồi nướng từng chút một hôi khói. Không gian quán thì rộng rãi và thoải mái lắm, gió thổi mát nữa. Có cái hơi xa trung tâm nên chạy hơi xa. Phục vụ cũng nhiệt tình, nhất là mấy bạn nữ.Xem thêm",12
118,Trang Ngọc,16/4/2017 21:54,8.0,"Lần thứ hai lại quán và vẫn ghiền món lẩu gà sao chanh ớt :)) Nửa con gà giá 115k, thịt mềm, ngon, không giống gà công nghiệp. Nước lẩu đậm đà, ăn hết đồ ăn rồi húp nước thôi cũng thấy ngon. Lần đầu tiên ăn lẩu mà uống hết nước trong nồi. 2 người đi ăn chưa đến 150k mà ngon cực kì luôn, no bụng nữa. Không gian quán rộng rãi, thoáng đãng, có bãi giữ xe phía trước khá an toàn. Đồ ăn bưng ra cũng nhanh, không phải đợi lâu. Có điều nhân viên hôm bữa sao không vui vẻ lắm.Xem thêm",12
119,Tường Vi Phạm Nguyễn,9/4/2017 21:12,8.0,"Lẩu dê ngon đến nổi mình phải review để giới thiệu mọi người biết. Đợt có voucher 100k, mình và bạn ghé quán ăn thử lẩu dê, lẩu thơm mùi thuốc bắc nhưng không quá nồng, nước súp ngon, vừa miệng, vị rất đặc biệt húp 1 miếng là thấy hấp dẫn liền. Thịt dê cũng khá nhiều mà chỉ 120k lẩu. Ăn cùng mì vắt là hết ý. Ah ngon nhất là củ sen, củ sen bùi không chín quá, ăn ai cũng khen ngon. Có rau kèm, tàu hủ nữa. Không gian quán rộng rãi, mát mẻ. Nhân viên khá nhiệt tình.Xem thêm",12
120,Trân Phương,8/4/2017 16:16,7.6,"Nhỏ bạn có vc 100k nên ghé quán ăn thử. M ghé hơn 10h sáng mà quán bắt đầu mở cửa ak. Chủ quán là ng bắc, nói chuyện cũng nhiệt tình lắm. Không gian quán cũng khá rộng, đơn giản nhưng sạch sẽ. M kêu 1 phần cháo gỏi gà sao nửa con. Ở đây trộn gỏi ngon, gà sao k quá dai mà hơi bị ít thịt, vs giá 115k nên thêm thịt gà nhiều hơn chút. Thích ăn phần gà nhất, luộc vừa chín tới, ăn vs cháo còn nóng hổi là tuyệt vời k còn j để chê lunXem thêm",12
121,Tambourine Tim,12/12/2018 20:36,7.6,"Quán này đồ ăn vừa ngon, vừa nhiều, giá cả lại quá ổn mà thấy ko có nhiều người biết đến hơi tiếc nhờ. Có thể do vị trí cũng hơi xa trung tâm thành phố tí. Chịu khó chạy tí là có ăn ngon. Nếu mà ăn tiết kiệm thì combo 4 người sinh viên giá 189k là cũng no luôn. Mà bình thường đi gia đình 3-4 người gọi set gia đình 339k ăn no là giá này quá rẻ luôn ấy chứ. Thịt bò tươi và ướp vừa ăn, 1 phần rất nhiều miếng. Tính ra đủ cả rau cải, kim chi không thua gì oppa hay gogi.Xem thêm",13
122,Hoàng Huy,18/3/2018 13:00,8.0,"Menu của quán cực kỳ đa dạng luôn nhe, đồ ăn ngon giá cả lại ổn lắm luôn ấy, mình đi với bà chị mà gọi 1 phần combo sinh viên để ăn mà no muốn sấp mặt được luôn ấy, nhân viên của chổ này cũng chu đáo và nhiệt tình lắm nhe, đường vào và vị trí tìm của quán này hơi khó tìm và khá xa nên thấy cũng ít người đến lắm, thấy chủ yếu là dân của Phường An Thới mới ghé qua ăn là chủ yếu à
Bạn nhân viên setup món cực kỳ hấp dẫn luôn nheXem thêm",13
123,Thuý Hoà,18/3/2018 12:58,7.8,"Đồ ăn ngon giá cả tháy khá là sinh viên, nhưng hơi xa cũng làm biếng đi týXem thêm",13
124,Hoàng Huy,4/2/2018 15:08,8.0,"Từ hôm được bà chế giới thiệu cho quán này thì mình hay tới lui quán này lắm luôn nhe, đồ ăn thức uống của quán thì ngon thôi rồi mà giá cả cũng không quá là cao so với mặt bằng ở cần thơ nữa chứ, có điều là quán phải nói là hơi xa trung tâm thành phố tý nên cũng không được siêng mà chạy đi ăn thường cho lắm, mình với đứa bạn đi ăn phần đồ ăn theo dạng combo sinh viên ấy thấy ngợi lắm luôn nhe, đồ ăn thì nhiều mà lại ngon gì đâu áXem thêm",13
125,Hoàng Huy,15/1/2018 16:39,7.8,"Nay được hôm tối rãnh rỗi nên rũ con bạn đi đến quán này để mà ăn, mình gọi 1 phần combo giá sinh viên để dùng, theo mình cảm nhận thì đồ ăn của quán cực kỳ ngon miệng luôn đồ ăn món nào cũng tươi hết ấy chứ, rau cải cũng cho vừa đủ ăn, thích mấy quán đồ nướng mà như vậy lắm vì rau cải tươi ăn ngon miệng hơn hẵn, quán này khá là giống loại quán ăn gia đình nhiều hơn vì cách bài trí của quán khá là bình thường do nằm phía sau căn nhà nên hơi khó tìm đến quán týXem thêm",13
126,Ku Bin,19/12/2017 13:47,8.0,"Lâu lâu cũng đi ăn nhà hàng này nọ cho biết với người ta nói là nhà hàng chứ giá cả như mấy quán bình thường hà mà đồ ăn thì bao la luôn ấy chứ, có điều quán nằm hơi xa trung tâm thành phố 1 tý, nhưng được cái có đồ ăn ngon mà rẽ nữa nên chắc cũng sẽ lăn la tới quán thường xuyên hơn
Mình đi 2 người gọi 1 cái combo sinh viên ta nói thịt thà ứ hự luôn nhe ướp lại rất vừa miệng nữa chứ, có điều canh hơi nhạt tý mặn tý nữa là không còn gì chê luôn rồiXem thêm",13
127,Hoàng Huy,19/12/2017 13:43,8.0,"Bà chị nói quán này có mấy món nướng giá cả sinh viên lắm mà lại ngon thấy bả khen quá trời nên cũng bon chen đi cho biết xem ra sao, đúng là rẽ mà ngon thiệt đồ ăn ta nói quá trời luôn ấy chứ mà giá cả phần combo chưa tới 200k nữa chứ nên ngợi quá trời luôn nhe, đồ ăn ngon lắm thịt thà gì đâu mà tươi roi rói à ăn mà đã cái miệng lắm luôn nhe
Không gian quán giống với cái nhà có điều trên đầu không che mái nên gió thổi khá là mát nhe, mưa thì có bạt kéo qua che mưa rồi nên ok lắmXem thêm",13
128,Huyền Nguyễn,12/12/2017 21:41,8.6,"Thấy combo sinh viên 4 người mà có 189 thôi nha, nên mình lại luôn nè.
Hơi xa trung tâm xíu nhưng nhân viên vô cùng nhiệt tình dễ thương ý nha, miệng luôn tươi cười với khách và tư vấn thêm cho khách hang nè. Mình đi 2 người kêu combo 189k phải nói thịt được cắt dày cui luôn ấy, và rất nhiều, ăn 2 đứa no qua đi về không nổi luôn, còn thêm canh bò cay nữa khá lạ và mình thấy hơi nhạt, Đồ nướng thì ngon lắm, thấm vị, sẽ ghé quán lần sauXem thêm",13
129,Trinh Châu,15/4/2020 15:57,7.0,"Mình order lúc 14h thì cho biết là 1h sau mới có cá nướng
Đặt hàng trên Shopee App lúc 15h05, giao hàng lúc 15h15
Mình có yêu cầu chỉ lấy xà lách + diếp cá, không lấy bắp chuốiXem thêm",14
130,Thy Lý,26/7/2019 19:36,7.8,"Ốc hấp tiêu
Sò huyết rang meXem thêm",14
131,Nhẫn Nguyễn,10/2/2018 8:20,10,"Đồ ăn thì ngon, trang trí sinh nhật đã đẹp lại còn miễn phí, phục vụ cũng tốt luôn. Nhờ tất cả những điều này mà hôm qua nhóm mình đã có 1 bữa tiệc sinh nhật thật hoành tráng và vui vẻXem thêm",14
132,Trinh Châu,7/1/2018 19:00,7.6,"Hiện quán đang giảm giá 10% từ 4/1/2018 -> 13/1/2018.
Trứng gà non xào mướp (75k giảm còn 68k) > có nhiều trứng và nêm nếm vừa ăn.
Lần sau sẽ thử ếch chiên nước mắm và giò heo chiên giòn.Xem thêm",14
133,Huynh Van Thien,10/8/2017 15:23,8.0,"Ốc đêm 77 có mặt tiền khá rộng, có mái hiên di động, buổi tối trời ko mưa ngồi ăn hải sản ở đây rất mát mẻ. Không gian thoáng đãng, quán ko quá đông khách nên ko ồn ào. Ngồi thoải mái. 

Menu có rất nhiều món ăn luôn, ốc thì ko phong phú lắm, nhưng cũng vừa đủ đã. Vì ở đây chủ yếu là các món ăn đặc sản khác như trong menu mình đã chụp. Hầu như các món đc nêm nếm rất vừa ăn, ngon. 

Quán phục vụ nhanh. Giá cả hợp lýXem thêm",14
134,Nguyen Huong,22/2/2017 23:42,8.0,"Lâu lắm mới đi ăn chỗ này, vậy mà ăn lại vẫn thấy ok, menu nhiều món, đặc biệt mình thích mì xào giòn mà ở đây lại có bán. Mình thích cách phục vụ ở đây là khách không cần phải nướng, nhà bếp sẽ nướng cho. tại vì như vậy mình sẽ không phải ăn đồ ăn khét của mình nướng hehe. không gian quán ok, mát mẻ, sợ mưa hehe. giá cả cũng được, chỗ để xe cũng khá ok để xe tận trong nhà không sợ. quán cũng gần, dễ tìm. ở đây nhậu bao phê.Xem thêm",14
135,Quang Võ,27/11/2016 6:44,8.2,Đựơc bạn bè giới thiệu ở đây bán các món nhậu như óc sò ... Cũng rất là ngon và giá bình dân lắm ạ. Chưa bước vào quán đã thấy quán rất là đông khách vui vẻ và đông vui lắm ạ nên em cũng thích ghé vào ăn thử cho biết với người ta đồ. Do quán đông khách nên cũng có món ăn mình đặt hơi bị lâu chút nhưng phục vụ rất là chu đáo lắm ạ kêu khách ngồi đợi chút và ngồi ún nước đỡ thèm. Khi quán đem món ốc ra trời ơi ta nói nó thơm gì đâu á đưa vào miệng nó ngon không thể nào tả nổi luôn đúng là quán ốc ở đây ngon thiệt . Quán rất là rộng thoáng mát sạch sẽ và dễ chịu lắm ạ nên em rất là thích nơi đây lắm luôn lần sau sẽ ghé quán ủng hộ nữa ạ.Xem thêm,14
136,Tu Quyen Nguyen Thi,7/11/2016 13:25,7.2,"Quán rộng và đông khách, menu đa dạng, không gịan thoáng nhưng hơi bị thất vọng về lẩu gà chanh ớt 120k. Nước lẩu nhạt, chỉ có vị chua, mình phải cho thêm nhiều nước mắm mới tạm được. Thịt gà k phải công nghiệp nên khá ít. 
Phục vụ bình thường.Xem thêm",14
137,Tóc Tím,17/7/2016 20:04,6.8,"Lâu lâu ta mới nhậu một lần, quán này dạo gần đây đông kinh khủng có vẻ như mọi người đã biết đến 77 ở mậu thân rồi. Tối tối đi là đông vô cùng. Mà nhờ có 77 mà chỗ đường này vui hơn hẳn. Hồi đó cũng có quán cà phê mà đâu có được đông vui và sáng đèn như vậy.
Món bạch tuột ăn thì tạm được không phải hải sản tươi sống nên giá cũng rẻ, mà hơi ít.
Phục vụ cũng lẹ làng lắm. Mà khâu giới thiệu món hỏi thì nhân viên trả lời chưa được hấp dẫn.
Bữa giờ cũng mưa nên không gian này đôi khi cubgx bị ngại vì chèm nhẹp ướt nhẹp. Cũng đầu tư trang trí mà chưa tới đâu.Xem thêm",14
138,Tóc Tím,8/6/2016 9:22,7.2,"Lâu lâu đi nhậu với đồng bọn, ăn mừng đổi mode ghé đây ăn cũng gần, tiện đường, dười cầu rạch ngỗng, hướng về lottemart thì quán bên tay phải, xuống cầu là thấy à.
Quán có giá cả bình dân, nhiều món ăn nhẹ nên cũng dễ gọi.
Về chất lượng thì vị bình dân Việt Nam, nêm nếm cũng được, ăn bị mặn muối, còn mì xào thì cũng được à chứ không ngon.
Phục vụ cũng nhanh.
Không gian mới này có không gian hơn thôi, dễ ngồi hơn, nhưng không thấy đẹp.Xem thêm",14
139,Hoàng Huy,17/4/2018 18:25,8.0,"Quán này mình cực kỳ ưng ý luôn tuy có phần hơi xa trung tâm tý nhưng vẫn gán chạy qua quán này ăn với đám bạn nhe, mình ưng ý nhất là món gà nấu chanh ớt của quán này ấy cực kỳ ngon luôn món đó được nêm nếm cực kỳ vừa miệng và hợp khẩu vị của mình, rau cải cực kỳ nhiều luôn nhe và tụi mình còn kêu thêm món đồ nướng để ăn cùng chứ ăn lẩu không thì hơi chán miệng
Cô bán khá là thân thiện và nhiệt tình ấy, quán cũng có lượng khách ổn lắmXem thêm",15
140,Thuý Hoà,16/3/2018 13:14,8.0,"Đồ ăn ngon, giá khá ổn nhưng hơi xa trung tâm nên cũng ít đi đến lắm, có ai rũ mới qua ăn là nhiềuXem thêm",15
141,Hoàng Huy,16/3/2018 13:13,8.0,"Đồ ăn của quán này mình khá là ưng ý nên cứ có dịp rãnh là lại rũ mấy anh chị cùng công ty đi qua quán này để ăn à, dù có hơi xa tý nhưng vẫn thích do chất lượng của quán cực kỳ ổn luôn nên khá là ham nhe, mình gọi 1 cái lẩu gà ta để ăn và mấy món rau cải này nọ thêm đi có 4 người à mà ăn đứa nào nấy no muốn lết về luôn chứ đi không còn muốn nổi luôn ấy chứ, nước súp của quán khá là ngon nhe đậm đà lắm kìa mà khác khác với mấy quán khác nữa chứXem thêm",15
142,Hoàng Huy,4/2/2018 12:54,8.0,"Bởi ta nói ăn ở quán này riết mà bị nghiện hay sao ấy cứ lâu lâu hay được rãnh rỗi lại rũ rê mấy đứa bạn qua quán này để mà ăn cháo các kiểu cho bằng được à, đồ ăn của quán thì khỏi phải nói rồi cực kỳ nhiều luôn nhe, rau cải cho đâu cả rổ chứ không còn cho dĩa luôn ấy chứ, mình có gọi thêm phần nấm cho nhiều và ngọt nước, nước cháo ăn ngon lắm nhe, nêm nếm cực kỳ vừa miệng luôn á, thịt thà thịt nhiều lắm luôn, cô lại vui vẻ nhiệt tình nữa chứXem thêm",15
143,Hoàng Huy,17/1/2018 18:28,8.0,"Cứ đến quán này thì y như rằng chỉ có biết gọi 1 món để ăn thôi không bằng vậy đó, đó chính là món gà vườn nấu chanh ớt ăn ở đây biết bao nhiêu lần rồi mà vẫn cảm thấy ngon và vẫn còn muốn ăn dài dài, giá cả cực kỳ bình dân luôn, mà đồ ăn cực kỳ bao nhiều nên hay rũ hội bạn qua quán ăn cùng lắm luôn, rau cải cho thôi nhìn đã ứ hự trong người rồi nói chi tới nồi lẩu
Mà mình thấy phục vụ của quán khá là tốt nheXem thêm",15
144,Ku Bin,17/11/2017 16:31,7.6,"Nay sếp có rũ qua quán này mà ăn lẩu do sếp khá là thích ăn quán này nên cũng qua đây mà dùng, đồ ăn của quán đúng là vừa rẽ lại vừa ngon nữa chứ lâu lâu đến quán cũng cảm thấy cực kỳ xứng đáng mà, ở cần thơ thì được có vài quán bán lẩu gà nấu chanh ớt là ngon mà đây là 1 trong số quán đó nè, đồ ăn bao la ăn muốn không hết luôn nữa chứ, giá cả thì chỉ có 220k thôi không quá cao cho 1 nồi lẩu như vậy, ngoài bán gà nấu chanh ớt còn có gà hầm xả nữa nhaXem thêm",15
145,Hoàng Huy,17/11/2017 16:28,8.0,"Quán này mình thích đến ăn lắm luôn nha tuy có điều hơi xa 1 tý thôi nhưng đồ ăn bảo đảm là ngon luôn nha, mà cực kỳ vừa miệng nữa chứ, nên có dịp thì cứ qua quán này mà ăn hà, mình gọi 1 phần gà vườn nấu chanh ớt để ăn đi nhóm 4 đứa ăn nồi lẩu và phần rau thêm thôi muốn không hết luôn ấy chứ, nước lẩu ngon và ngọt lắm luôn nha làm mình cực kỳ ưng luôn đồ ăn lại nhiều nữa gà thì thịt săn lắm luôn ăn sướng cái miệng gì đâu ấyXem thêm",15
146,Hoàng Huy,7/8/2017 17:21,8.0,"Mỗi khi có dịp rãnh là cả đám bạn lại hay rũ đến quán này để mà ăn, tuy hơi xa tý nhưng đồ ăn ngon giá cả rẽ lắm luôn
Bọn mình đi 4 người gọi 1 phần lẩu gà nấu chanh ớt, theo mình cảm nhận thì lẩu cực kỳ ngon luôn, mỗi lần đến là chỉ biết ăn món này thôi chứ không muốn ăn món khác luôn ấy. Lẩu nước dùng ngon và vừa miệng vị chua chua cay cay vừa phải hà nên cực kỳ thích lắm, rau cải quán cho cực kỳ nhiều lắm luôn chứ, nấm cho cũng nhiều luônXem thêm",15
147,Ku Bin,23/7/2017 12:12,8.0,"Lâu lâu là được đứa bạn rũ đi quán này ăn vì quán đồ ăn ngon lại rẽ nữa chứ
Mình đi nhóm 3 người gọi 1 phần lẩu gà nấu chanh ớt, theo mình thấy thì nước soup của lẩu rất ư là ngon và vừa miệng luôn vị khá là đậm đà, thịt thà cũng nhiều lắm luôn ăn 3 đứa ăn có nầu lẩu thôi hà là căn cái bụng rồi, rau cải cũng nhiều lắm luôn kìa mà rau tươi lắm luôn nha
Nhân viên quán khá là thân thiện và nhanh nhẹn
Quán thoáng mát có trong nhà và lề đường nữaXem thêm",15
148,Thuý Hoà,16/7/2017 16:39,8.0,"Đường võ văn kiệt có khá nhiều quán gà mà mình vẫn thích ghé quán này và hay ghé đây nhất. Quán nằm bên tay trái hướng từ cần thơ về sân bay. Qua mobifone đến khoảng rẻ con lương kế tiếp là đến. Quán bán giá bình dân, nhân viên phục vụ nhiệt tình, nhanh nhẹn. Vị nước lẩu gà chanh ớt ở đây rất vừa ăn, chua chua ngọt ngọt ăn rất thích. Ngoài ra quán còn có những món gà khác nhưng mình vẫn hay gọi nhất chỉ có gà chanh ớt. 1 con gà 220k 4,5 người ăn no nêXem thêm",15
149,Diễm Chi,13/12/2018 18:01,7.0,"Hôm nay các chị em lại tiếp tục lên Now đặt bánh tráng nhi nhi vì đang giảm một số món xuống đồng giá 12k. Các bạn ấy vẫn chọn bánh tráng sate + khô gà, riêng mình thì chọn thử loại bánh tráng trộn tép + tỏi, hôm qua cho ít hạnh quá nên note lại cho mỗi bịch 2 trái. 

Bịch bánh tráng của mình to hơn, có vị mặn ngọt chua và không có sate nên thiếu vị cay. Do địa điểm của tiệm cũng khá xa nên mỗi lần đặt xong thì không biết đồ ăn đi tới đâu rồi.Xem thêm",16
150,Diễm Chi,12/12/2018 21:28,6.8,"Này sẽ chiều mấy chị em rủ nhau ăn vặt, tính ăn da heo cô Lan mà da heo cô Lan không áp dụng giảm giá trên nơ, nên đặt món ở Nhi Nhi House. Bịt bánh tráng này không xứng đáng giá 20k cho lắm, tại ít xịt và sốt cũng không quá đặc biệt, giá rẻ hơn chút thì ok nè. Về vị thì mình thấy tạm được, phù hợp nhâm nhi chiều về, trong bịt có hạnh, sốt, ruốc hành các kiểu. Quan trọng là mọi thứ đều đầu đủ, có đũa và khăn giấy, để túi zip tiện lợi. Có dịp mình sẽ mua thêm!Xem thêm",16
151,Phạm Trần Phương Trâm,10/12/2018 11:51,8.8,"Thấy quán có giảm giá trên Now nên mình cũng đặt ăn thử. Như hình là mình đặt phần bánh tráng trộn ngũ sắc (không có bì) bánh tráng là bánh tráng hình chữ nhật nên tính ra cũng dễ ăn lắm. Khô bò, hay nước sốt trộn bánh cũng rất vừa miệng, nhưng xoài để ít quá, không nổi bật cho lắm. Hộp bánh tráng là hộp nhựa, hình thức rất bắt mắt. Mình còn mua thêm bánh tráng trộn tỏi phi, trộn vào bánh tráng ngũ sắc ăn là bao ngon luôn :3 menu của quán cũng nhiều món, đáng để thửXem thêm",16
152,Thái Thi,28/11/2018 12:21,10,"Gỏi xoài vừa ăn, xoài giòn, chua chua, cay cay...Ăn bị mất ngây luôn dị đoá 😍😍😍😍Xem thêm",16
153,Mon,23/11/2018 21:28,8.0,"Thèm ăn vặt và được giới thiệu Nhi Nhi’s House...
Ngon + rẻ + đồ ăn chất lượng...
Mình đặt qua foody nên đang có chương trình giảm 40% phí ship.Xem thêm",16
154,Nguyễn Ngọc Vinh,12/11/2018 19:46,9.4,"Nghe nói quán mới ra món mới order liền một hộp ăn... 
Sự kết hợp tuyệt vời cho món ăn vặt nè..Xem thêm",16
155,Nguyễn Thị Thu Huyền,12/11/2018 14:23,8.0,"Đang có giờ vàng ăn vặt được giảm tận 50% nên order liền nè.
Hộp khô ú ụ luôn nha, nhiều topping rất ngon và nhiều, giá lại rẻ.
Được freeship Airpay nữa nè
Ủng hộ dài dài nèXem thêm",16
156,Quyên Nguyễn,23/5/2022 0:18,4.2,"Đã từng ăn đc, giới thiệu bạn lai ăn, món làm minh thất vọng. . .Xem thêm",17
157,Thanh Phương,25/7/2019 6:35,4.0,"quán này không gian ngồi hơi chật, đồ ăn chế biến khá nhiều dầu mỡ, nhân viên thì khá là tham vì có lần bạn mình làm rơi cái ví tiền dưới ghế Nhân viên quán nhặt được lấy hết tiền khi kêu trích xuất camera thì chủ quán bao che cho nhân viên.Xem thêm",17
158,Quang Nhật,23/11/2017 18:07,1.0,"Mình, bạn mình và vợ mình đi ăn về 2 người tiêu chảy, 1 người ói tới 4 lần trong 1 đêm. Mình chắc chắn là do đồ ăn ở đây tại vì trong buổi chiều đến tối tụi mình chỉ có đi ăn ở đây rồi vềXem thêm",17
159,Quang Nhật,22/11/2017 22:25,2.6,"Thức ăn không ngon. Cá kèo nướng muối ớt ướp không thấm gia vị, ko có vị mặn. Cá sòng không tươi. Nước chấm vị rất tệ, cá chạch chiên giòn ăn ko chấp nhận được. Quán rất tệXem thêm",17
160,Linh Dang,30/10/2016 12:59,7.0,"Có nhiều quán mình không đi thử thì không bao giờ biết là quán đó ăn cũng khá ngon, như quán này chẳng hạn. Gía cả ok lắm.Xem thêm",17
161,Tường Vi Phạm Nguyễn,26/10/2016 23:01,8.4,"Thấy quán lúc nào cũng đông nhưng chưa ghé bao giờ. Hôm trước được bạn dẫn đi mới hiểu tại sao quán lúc nào cũng đông hết. Mình kêu 1 tôm chay tỏi 100k, dĩa sò diệp 50k mà ta nói nó nhiều, nhiều hơn sức tuorng tưởng, Này ăn 3 4 ng còn được. Tôm đã nhiều mà còn to nữa, sò diệp thì tươi, không tanh. Nói chung ăn hải sản nhiều ăn đồ tươi hay không là biết liền. Nêm nếm lại vừa ăn, nhất là phần tỏi cháy sơ, vừa ăn vừa uống bia là hết sảy.Xem thêm",17
162,Đoan Võ,15/8/2016 0:35,7.8,"Nhân viên dễ thương, phục vụ nhanh nhẹn, lên đồ ăn cũng khá nhanh . Đồ ăn nêm nếm ngon, đồ ăn nhiều mà giá cũng ổn . Cơm hải sản mình xin góp ý là sau này đừng thêm trứng vào vì khiến cơm trở nên dễ ngán và cơm bị ướt :(Xem thêm",17
163,Trang Ngọc,11/7/2016 22:14,7.4,"Lần đầu ăn hải sản quán này. Lại khoảng 8g tối mà món nào muốn ăn cũng hết. Chọn tới chọn lui nhà mình kêu sò tộ nướng tiêu, sò dẹo nướng mỡ hành, cơm rang tỏi, ghẹ rang me với nghêu hấp thái. Món nào nêm nếm cũng khá ổn chỉ có ghẹ rang me hơn ngọt và cơm rang thì hơi nhạt. Không gian quán hơi dơ vì chiều trời mưa, chủ yếu là dân nhậu nên lúc đông thì khá phức tạp. Món ăn làm khá nhanh nhưng phục vụ thì chậm, phải nhắc nhiều lần mỗi lần cần lấy gì. Được cái giá cả rất phải chăng, ăn 4 người bill 287k khá no bụng. Nhìn lẩu bàn kế bên thấy cũng thơm lắm, chắc sẽ quay lại thử ^^Xem thêm",17
164,Ngọc Linh Nguyễn,12/12/2015 15:25,7.4,"Đi ăn Ba Cua cũng nhiều rồi nhưng đây là lần đầu đi ăn ở Ba Cua 2. Nói chung là cũng như vậy, hải sản tươi ngon và rất vừa ăn nhưng nói chung là ăn cũng có khác nhau vì khác người nấu mà.hj phục vụ nhanh nhẹn, lịch sự và rất nhiệt tình. Hôm nay ngay ngày xui hay sao đi ăn gần cái bàn nhậu mà nhảm, ta nói nói chuyện um xùm hết vậy. Lúc này bèn gọi nhân viên tới nói muốn đổi chỗ vậy là nhân viên cũng tìm bàn trống chuyển chỗ cho tụ mình, thiệt là dễ thương gì đâu. Nói chung cũng mới vô chút thôi nhưng cũng thấy phiền cho mấy bạn phục vụ.Xem thêm",17
165,Thùy Dương Đinh Vũ,8/11/2015 15:01,4.8,"Nhà mình gần quán, trước giờ hay ghé ăn suốt. Nhưng từ giờ về sau là cạch. Trước có mấy ng quen đi ăn, về bị ngộ độc, nhập viện, vẫn nghi, chắc ăn đủ thứ tùm lum nên mới bị. Đến lượt mình mới hốt. Bữa đó mua về ăn, tính mua cua rồi, lựa đc hai con nhưng thấy ít, bạn chủ gợi ý mua ghẹ. Hộp mấy con nhỏ nhỏ 150k. Hai đứa cũng ham hố, nhờ rang me luôn rồi mang về. Lúc ăn vì hơi nhiều nên bỏ mứa. (Thực ra là hên đó chứ k phải xui). Sau đó, sáng dậy là canh toilet liên tục, đi tòan nước, ói tới mật xanh. Phải mình mình bị, mình nói mình yếu, đây hai đứa cùng ăn bị, chắc ăn do ngộ độc. Sáng ra, nhập viện luôn. Cạch mãi mãi!Xem thêm",17
166,foodee_e0dbc440,1/6/2025 10:46,2.6,"Tôi lần đầu mua vịt quay ở đây. Vịt quay thì đen thui, còn lông, bánh mì nướng dính lọ đen giao cho khách được. Trải nghiệm quá thất vọng. Nên cân nhắc trước khi mua.Xem thêm",18
167,Trang Ngọc,11/12/2018 22:14,8.4,"Chỗ này gần chỗ làm mình nên rất hay ghé mua ăn sáng hay ăn chiều. Bánh mì lúc nào cũng nóng giòn, ngon từ bánh mì xá xíu đến bánh mì heo quay, giá cả cũng phải chăng, 10k/ổ mà thịt nhiều. Gần khu công nghiệp nữa nên đông khách đến mua lắm. Chị bán làm cũng nhanh tay, ít khi nào phải đợi lâu. Đồ ăn nhìn hấp dẫn lắm. Nhất là mấy con vịt quay. Chỗ này cũng có 1 chi nhánh gần đó nữa. Ngoài bánh mì thịt thì chỗ này cũng là lò bánh mì luôn, bánh mì luôn mới và nóng giòn.Xem thêm",18
168,Phương Trần,9/9/2018 23:40,8.2,"Ở Trà Nóc mình không rành hết các địa điểm ăn uống nhưng theo nhiều anh chị đồng nghiệp truyền tai nhau thì Tuấn Phát là tiệm bán bánh mì, bánh bao, thịt heo quay, vịt quay cực kì nổi tiếng và uy tín ở đây. Mình hay ghé đây mua bánh mì heo quay, hôm thì bánh bao, quả đúng là món nào cũng ngon mà giá cả rất hợp lý chỉ có 10k thôi. Ngoài các món ăn sáng như vậy thì Tuấn Phát còn có bán heo quay, vịt quay, công ty mình cũng hay ra đây mua lắm và nghe đồn cũng rất ngon.Xem thêm",18
169,Phương Trần,14/7/2018 10:05,8.6,"Mình đi làm trên khu công nghiệp Trà Nóc nên biết cũng không ít chỗ bán đồ ăn sáng ngon. Trong đó có Tuấn Phát, tiệm bán bánh mì và bánh bao nổi tiếng. Mình đặc biệt thích bánh bao ở đây, lúc nào mua cũng nóng hổi, để vô hộp nên nhìn rất sạch sẽ và lịch sự. Bột bánh bao mềm, thơm, nhân thịt cũng khá nhiêu nêm vừa miệng, có thêm trứng cút và trứng muối nữa nhưng giá cũng chỉ có 10k/cái thôi. Các bạn có đi ngang ghé mua ăn thử xem có ngon không nhé.Xem thêm",18
170,Phương Trần,15/5/2018 23:59,8.2,"Bánh mì Tuấn Phát nổi tiếng bánh mì trước giờ trên Trà Nóc rồi nhưng mà ai chưa ăn thử bánh bao thì nên thử nhé, cũng rất đặc biệt đấy. Tiệm nằm trên đường Lê Hồng Phong, qua khỏi đèn xanh đèn đỏ ngay trường Cao Đẳng Kinh tế đối ngoại xíu là tới. Buổi sáng rất đông khách, khách ghé mua bánh bao cũng nhiều, có người ghé mua lần 20 cái luôn. Bánh bao như hình mình ăn là 10k nhé, có trứng cút, trứng muối và thịt heo, vị vừa miệng lắm, buổi sáng chỉ bấy nhiêu đó thôi là đủ đầy năng lượng :)Xem thêm",18
171,Trang Ngọc,14/5/2018 22:26,8.4,"Đi làm trên này suốt mà lần đầu tiên ghé mua bánh mì ở chỗ này dù thấy nhiều lần lắm rồi. Đứng nhìn thôi là thấy hấp dẫn rồi, heo quay màu đẹp mà ăn cũng ngon nữa. Ổ 10k thịt nhiều, nêm nếm vừa ăn, bánh mì giòn rụm. Thịt heo thấm vị, da cũng giòn nữa. Chỗ này mình thấy còn có bán heo quay cho đám tiệc, bánh bao các thứ nữa. Hôm nào có dịp sẽ ghé mua bánh bao ăn thử. Giá cả thấy ok mà chất lượng nữa chắc còn ghé hoài hoài :DXem thêm",18
172,Phương Trần,31/3/2018 22:46,8.0,"Quán bánh mì nổi tiếng nhất Trà Nóc nè, sáng nào mua cũng rất đông khách không thua gì mấy xe bánh mì ở Cần Thơ đâu nha. Mì ăn bánh mì heo quay, bánh mì giòn rụm, thịt heo quay mềm, vừa thịt vừa nạt lại có thêm da nên ăn rất ngon mà không ngán. Do đông khách quá nên nhân viên hay quên, mình không ăn ớt mà tiệm cứ quên để ớt hoài, làm mình bị mất khẩu vị đi chút ít. Chỗ này ngon nhất là bánh mì heo quay nhưng ngoài ra còn bán bánh mì pate chả lụa, bánh bao nữa nha các bạn.Xem thêm",18
173,Phương Trần,14/3/2018 22:08,8.0,"Nhắc đến lò bánh mì nổi tiếng nhất khu vực Trà An, Trà Nóc thì không thể không kể đến lò bánh mì Tuấn Phát được. Bánh mì tự làm nên rất thơm và giòn, bánh lúc nào cũng mới nên ăn với thịt heo quay là tuyệt vời. Mình đi làm gần đây nên cứ mua hết bánh mì rồi lại đến bánh bao, bánh mì thì khỏi phải chê rồi, bánh bao cũng ngon không kém nhé, bột bánh thơm, nhân thịt vừa ăn, có kết hợp trứng cút và trứng vịt muốn nữa nên rất thơm và không bị ngán, một cái chỉ 10k thôi, vừa túi tiền cho một bữa sáng. Lần này mình có hình bánh bao thôi, lần sau mình ăn và sẽ chụp hình bánh mì cho các bạn nhé.Xem thêm",18
174,Dung Nguyễn,29/12/2015 10:19,7.8,"Đặt heo quay, vịt quay cho đám cưới, đám hỏi thôi nôi,.....chỗ này rất ngon mà giá cả cũng ok.
Tuy hơi xa tuốt trên bình thủy nhưng ngon nên chịu khó mua về
      Heo quay nguyên con khỏang từ 200-300-400k or hơn tùy con(kg) nhưng quay đảm bảo chín vàng đều mà da giòn xụ...khóai nhất ăn da. Còn mua lẻ theo kg thì đùi 170-180k/kg, ba rọi nhỉnh hơn xíu.....
      Vịt quay nguyên con vàng ngon mà rất thơm thịt vịt dai dai ăn nướng dùng tay ăn rất thích...kkkk
      Đây là lò bánh mì nên bánh mì nóng giòn ăn vs heo quay ăn sáng 10k-15k ổ đảm bảo kcalo để đi học, còn có nước sauce rưới vô nữa cực ngon.Xem thêm",18
175,Ngọc Như Huỳnh,31/7/2019 16:21,9.0,"Đây là lần thứ n mình uống trà sữa nướng kem trứng cháy của quán. Vì cũng hơi gần nhà nên chỉ việc đi bộ là tới quán. Quán chủ yếu là take away nên hơi nhỏ, nhân viên thì thân thiện. Trà sữa nướng thì ngon, mình thích nhất là lớp kem trứng, béo và ngọt vừa phải, trân châu thì hơi mềm nhưng bù lại nước rất ngon. Nói chung là quán rất ưng ý mình, mai mốt thèm trà sữa chỉ việc qua bên đây mua thôi.Xem thêm",19
176,Thư Lê Ngọc,8/6/2019 20:24,9.8,"Nghe nói Cần Thơ có món lạ nên đến quán thử, kết quả là nghiện luôn món này, lớp kem cực kì thơm, trà sữa ngon béo, lạ mà ngon , nhân viên cũng khá thân thiện 😘Xem thêm",19
177,Rin Trương,3/6/2019 20:43,4.6,Chỉ có mỗi kem là ngon thôi con lại trà sữa thì lạt trân châu quá mềmXem thêm,19
178,yanbbbbbbbbbb,10/3/2019 14:00,9.6,"Hôm nay mình chọn ord TRÀ BƯỞI HỒNG HOÀNG KIM ở quán để uống tránh nóng. Trước tiên là mặt hình thức, màu sắc khá hấp dẫn, có kèm tép bưởi rắc trên. Còn về vị trà thì quá OK luônn, ngọt vừa phải, không quá gắt, lại còn thơm đậm mùi trà nữa chứ, các bạn có thể để đá tan ra một tí rồi uống thì vẫn vừa uống nhaaa, best giải khát lại vừa healthy nữa.
Quán có chổ ngồi nhưng có vẻ bán takeaway là chủ yếu, nhân viên nhiệt tình thân thiện, chủ quán dễ thươnggg :)) Sẽ ủng hộ quán lâu dài 😌😌Xem thêm",19
179,Ngoc Thu Le,10/2/2019 18:01,9.4,"Thấy quán đông nên tấp vào mua thử, mình chọn trà ô long upsize thêm 1 phần trân châu trắng và thạch sương sáo. Nhân viên vui vẻ, nhiệt tình. Menu đa dạng. Trà thơm và không ngọt gắt. Sẽ tiếp tục ủng hộ quán dài dài. ❤️❤️❤️Xem thêm",19
180,Chi Yên,2/2/2019 16:36,8.2,"Thấy quán trên foody cũng khá gần nhà nên tìm đến thử xem sao, như hình là trà hoa quả đặc biệt up size 31K. Nói đặc biệt z chứ đc có 2 lát dâu, 1 lát cam & 1 lát chanh )), chủ yếu uống trà thoi, vị cũng tạm đc, nhân viên rất vui vẻ lịch sự. Quán có chỗ ngồi, không gian đẹp, thích hợp tụ tập. À ngoài ra còn thấy menu ăn vặt cũng hấp dẫn lắm^^Xem thêm",19
181,Phạm Trần Phương Trâm,12/12/2018 21:31,8.8,"Bữa thấy quán này lạ quá với lại có khuyến mãi trên foody nên mình đã vào đặt luôn. Quán nằm trên đường Cách Mạng Tháng 8 đối diện với đường Trần Quang Diệu luôn nên dễ tìm lắm. Quán lấy màu sắc chủ đạo là màu xanh lá cây, trang trí cũng khá đẹp và bắt mắt. Như hình là ly trà sữa truyền thống của quán, thêm một lớp kem cheese ở trên nữa. Trà sữa uống cũng tạm ổn, đậm vị trà. Lớp kem cheese có vị béo ngậy và vị mặn nữa. Ly như hình có giá 25k á :3Xem thêm",19
182,Nghi Tăng,27/6/2017 23:46,7.0,"Vang danh lâu đời, Bánh xèo Mười Xiềm ở đây rất nổi tiếng, mà đường đi thì hơi xa, khó tìm... Tụi mình đi tìm lâu lắm luôn vì nghe danh Bà lâu lắm. Đến nơi thì mình rất thích không gian ở đây, đúng chất miền quê, cô chú rất dễ thương, gần gũi... Lúc mình đến thì quán vắng...????
Ở đây bánh xèo thịt vịt ngon lắm, mình nghe đồn. Mà tiếc là đến khi dùng thử thì ko như những gì mình suy nghĩ, bánh thì giòn, nước chấm thì nhạt mà vị mặn,rau thì siêu sạch... 
Nói chung bánh ko có gì đặc biệt như mọi người đồn... Ăn cũng bình thường. Chắc do thời gian...!!!Xem thêm",20
183,Seven Ghi,7/2/2017 11:14,7.0,"Lặn lội đường xa từ sài gòn xuống cần thơ để thưởng thức món bánh bánh xèo nổi tiếng. Bà Mười Xiềm là nghệ nhân dân gian về ẩm thực Việt Nam ,đã từng ra nước ngoài để thi đấu. Ở sài gòn bà chỉ nhượng quyền thương hiệu nên không ngon bằng chính gốc ở đây!Xem thêm",20
184,Ánh Tài Nguyễn,29/10/2016 16:17,8.8,"Không gian: cổ kính, nhà lá đậm chất Nam Bộ
Món ăn: bánh xèo và bánh khọt, ngon lắm, vỏ bánh ăn ngon cực kỳ, nhân thì thịt với tôm đầy đủ
Nhân viên: cô chú phục vụ cũng tốt lắm
Giá cả: không quá mắc khi đến tận nơi
Điểm cộng: Ngon, rau sạch và nước mắm cực ngon
Điểm trừ: Xa quá xa, đi tới lui buồn ngủ muốn chớt ^^Xem thêm",20
185,Liêm Ngô,20/1/2016 8:47,5.2,"Bây giờ nó ko có ngon như danh vang vọng của nó đâu! Bị biến chất rồi, mình là hdv có lần dẫn khách vào đó ăn, rồi mình tận mắt thấy các khâu làm bánh ở đây, rất bình thường ko thể hiện được ""bí quyết"" gì ở đây! Ngon khi ăn ở đây chỉ là ""ngon danh"" thôi!Xem thêm",20
186,Thi Duong,22/8/2015 2:02,7.2,"Bánh xèo Mười Xiềm, nghe danh đã lâu! Ăn cho biết để không bị lúa hihi

Bánh xèo cái nào cái nấy rất là to tướng nha, bằng cái mâm vậy rồi gấp làm đôi. Vỏ bánh mỏng, vàng ươm và giòn rụm luôn. Nhân thì có loại tôm thịt truyền thống, củ hủ dừa, các loại nấm. Mình thấy nhân nào cũng ngon hết á. Bánh được phục vụ kèm rau tươi và nước chấm cũng ok nữa.

Cá lóc nướng, gà nướng, mực nướng ở đây cũng ngon.

Nhìn nghệ nhân đổ bánh điêu luyện mới thích lắm đó! Nên xem thử cho biết, chứ không biết chừng nào mình mới được trình độ như họ :D

Giá cả khá đắt :3Xem thêm",20
187,Trang Ngọc,19/11/2018 23:17,9.2,"Thấy giao hàng trên foody chạy chương trình cho quán hỉn cafe gần nhà mình nên mình cũng đặt thử uống xem như thế nào. Ly của mình là ly trà sữa truyền thống, giá là 20k được ly 500ml mà là ly nắp trái tim nhe, thấy hình thức ly là khoái rồi đó. Ly 500ml nhưng đầy đủ topping, trà sữa pha vị uống cũng được, không quá ngọt. Quán cũng có nhiều món như sữa tươi trân châu đường đen nữa, chắc lần sau sẽ thử món này. À mà quán có thêm bánh để nhâm nhi với trà sữa và các loại cafe nữa nhe :3Xem thêm",21
188,Phạm Trần Phương Trâm,19/11/2018 12:01,8.4,"Đúng ngay dịp foody giảm giá các loại cafe sáng với mã TINHTAO giảm 40% cho các quán cafe thì mình cũng đặt thử ly trà sữa chocolate của quán Hỉn Cafe. Tên quán khá là đặc biệt mà cách trang trí của quán cũng khá là bắt mắt nữa. Đặc biệt mấy anh chị pha chế cực kì thân thiện luôn. Hình thức ly đẹp, ly này cỡ 500ml, giá gốc là 25k, full topping luôn. Trân châu trắng ăn giòn, ngon, mình ấn tượng với món này nhất :3 giao hàng tinh ý, để đá riêng, nên mình để tới chiều uống vẫn còn ngon, và đậm vị chocolate :3Xem thêm",21
189,Hoàng Huy,13/11/2018 12:23,8.0,"Hôm nay thấy quán này đang có chương trình khuyến mãi 50% lận nên mình có đặt 2 ly nước để uống, mình gọi 2 ly sữa tươi matcha đường đen của quán để uống, theo mình cảm nhận thì sữa tươi cũng ổn lắm nhe, nhưng mà hình như quán quên để đường hay sao ấy, uống vị khá là nhạt nên mình phải bỏ đường thêm để uống cho có mùi vị ấy @@ ly nước nhìn khá là bắt mắt nhe, mùi vị khá là thơm, trân châu dai dai ăn đã miệng lắm kìa, nhân viên giao hàng khá là nhanhXem thêm",21
190,Trang Ngọc,19/9/2018 12:49,8.0,"Bữa được nhỏ em rủ nên đã đến đây để trải nghiệm quán thử :3. Quán nằm trên đường Phan Đăng Lưu, kế bên cà phê HDland nên dễ tìm lắm. Không gian quán cũng khá rộng gồm một trệt, một lầu, được trang tí khá đẹp và bắt mắt :3. Như hình là ly cà phê espresso của quán, cà phê khá thơm, đậm đà, có vị đắng không quá ngọt nên mình thấy cũng tạm ổn. Hôm đó đi được quán tặng bánh dùng thử, ăn cũng khá ngon, bánh mịn và thơm :3. Nếu có dịp sẽ ghé quán để thưởng thức tiếp nhiều món nữa.Xem thêm",21
191,Phạm Trần Phương Trâm,9/9/2018 22:46,8.6,"Hỉn cafe nằm trên đường Phan Đăng Lưu, con đường bên hông vincom hùng vương, rất dễ tìm. Quán nằm kế bên HD cafe luôn. Chỗ này menu rất đa dạng mang giá cả phải chăng. Không gian chỗ này yên tĩnh, có bàn cho cả 2 người và bàn cho cả nhóm luôn nữa. Ngồi bệt ngồi bàn gì đều có hết. Như hình là nhóm mình gọi 2 ly cappuccino đá, có lớp kem bên trên ăn rất béo, ngọt. Ly còn lại là latte đá, giống giống cafe sữa tươi, uống thanh thanh rất ngon. Hôm đó mình đi còn được quán tặng bánh ăn thử nữa, đủ bộ đủ ngon :))Xem thêm",21
192,TM Nguyễn,2/9/2018 15:57,7.2,"Hỉn ở đường Phan Đăng Lưu (cạnh hong Vincom Hùng Vương), Hỉn ngoài mặt tiền, có biển hiệu lớn nên rất dễ tìm ra^^!

Hỉn bán tại chỗ và mang đi. Không gian Hỉn chuộng chiều dài, decor khá đơn giản, Hỉn có treo đèn vàng vàng ở trên cũng bắt mắt ^^phía cuối tường có tranh hoạ tiết. Hỉn hổng xài máy lạnh, chỉ xài quạt máy thôi, nhưng cũng đủ làm mát ời! 

Menu Hỉn quá trời món, từ cafe đến các loại trà, soda... giá hơi nhỉnh một xíu. Trong hình là trà hoa đậu biếc chanh dây việt quất 35k, ly nước phân tầng bắt mắt, có vị chua ngọt nhưng hậu hơi gắt (để đá tan ra là uống vừa), ly uống giữa cái nóng hiện nay quả là rất mát, rất đã!

Anh chị buôn bán vui vẻ, nhiệt tình tư vấn món cho mình ^^! Hỉn là nơi đáng để bạn ghé thử!Xem thêm",21
193,Trang Huỳnh,22/7/2018 19:07,8.4,"View quá trời đẹp luôn
...Xem thêm",21
194,Phương Trần,17/9/2018 22:53,8.2,"Nếu bạn làm việc ở khu công nghiệp mà chưa biết qua món bánh xèo của cửa hàng của công ty bột mì Đại Phong thì hơi thiếu xót nhé. Cửa hàng nằm trong khu công nghiệp luôn, ở đường số 3 nhé. Không gian cửa hàng rộng rãi, thoáng mát vô cùng. Bình thường hay bán bánh mì, trưa thì cơm cho nhân viên. Đặc biệt thứ 7 thì bán bánh xèo, bánh khọt rất được lòng nhiều vị khách do bánh làm liền, mới ngon, nước mắm ngon, rau ăn thoải mái. Giá cũng rất hợp lý nữa, ai chưa thử thì thứ 7 hàng tuần ghé thử nhé.Xem thêm",22
195,Phương Trần,15/8/2018 17:15,8.8,"Đại Phong thì chắc mọi người biết đến nhiều rồi, Công ty nổi tiếng về sản xuất và kinh doanh các loại bột nhưng không phải ai cũng biết thứ 7 là ở đây có bán bánh xèo rất ngon, ăn là ghiền nhé. Không gian của cửa tiệm rất rộng, chỗ này vừa bán bánh mì ngọt vừa bán bánh xèo, bánh khọt nữa, mọi người muốn ăn phải đi sớm và dặn bánh chứ trễ quá là hết vì mỗi tuần có một lần thôi nên rất đông khách. Nhân viên ở quán làm bánh thấy khá điêu luyện, nhìn cũng sạch sẽ và hấp dẫn lắm. Bánh xèo, bánh khọt làm liền, nóng hổi nên ăn rất ngon, rau nhiều, nước chấm ngon và kêu thêm thoải mái luôn, trà đá miễn phí nữa chớ. Nhớ thứ 7 ghé ăn nha mọi người.Xem thêm",22
196,Trang Ngọc,19/6/2018 23:42,8.4,"Tháng nào cũng mon men qua đây ăn bánh xèo bánh khọt 2-3 lần. Chỗ này gần chỗ mình làm trên Khu công nghiệp, làm bánh xèo và bánh khọt bán mỗi thứ 7 hàng tuần. Buổi trưa khá nhiều khách, nhất là công nhân. Bên này là nhà ăn của công ty Bột mì Đại Phong, bàn ghế sạch sẽ và khá thoáng mát, so với mặt bằng chung mấy nhà ăn công ty khác thì phải nói là đẹp. Đồ ăn ngon nhưng giá cả cũng tầm trung, không phải rẻ lắm. Phần bánh khọt 4 cái là 19k, ăn cực ngon nhưng hơi ngán xíu.Xem thêm",22
197,Phương Trần,6/6/2018 11:29,8.6,"Cứ mỗi trưa thứ 7 thì mình hay cùng với mấy anh chị trong công ty trốn cơm qua đây ăn bánh xèo, bánh khọt. Cửa hàng chỉ bán mỗi thứ 7 thôi nên rất đông khách, đặc biệt là buổi trưa. Có khi bạn phải qua sớm để đặt trước chứ không thì lâu lắm. Không gian của cửa hàng rộng rãi, thoáng mát và sạch sẽ, nhân viên phục vụ ở đây cũng khá chuyên nghiệp, vui vẻ, nhiệt tình. Món bánh khọt làm thơm và béo lắm, rau với nước chấm là ăn thoải mái luôn. Một phần như hình là 30k nhé.Xem thêm",22
198,Trang Ngọc,14/5/2018 23:46,8.4,"Đó giờ ghé đây cũng vài lần rồi nhưng toàn mua bánh ngọt đem đi, chưa có dịp dùng thử bánh xèo với bánh khọt ở đây dù nghe mọi người khen là ngon lắm. Hôm trước thứ 7 có qua ăn thử thì thấy đúng như mọi người khen luôn. Dĩa bánh khọt 4 cái hình như 19k thì phải nhưng chất lượng lắm, con tôm to đùng luôn, bột thơm, ngon. Bánh xèo thì 1 dĩa 30k, cái to đùng, 1 người ăn là đủ no. Do chỗ này nổi tiếng với bột bánh xèo Hương xưa nên làm bánh ngon thật sự. Có dịp sẽ ghé nữa.Xem thêm",22
199,Phương Trần,20/4/2018 21:05,8.4,"Mình làm việc ở Khu Công nghiệp Trà Nóc, nghe mọi người rủ nhau thứ 7 là sang cửa hàng Mikko ăn bánh xèo mà mình chưa đi lần nào hết. Và đây là lần đầu tiên mình được một người chị rủ đi ăn. Mình bất ngờ với lượng khách luôn, quá trời đông, phải đi thiệt sớm đặt bánh thì mới có ăn chứ không thì ngồi đợi đói meo luôn hihi. Một cái bánh như hình là 30k, có vỏ bánh làm rất dày, bột thơm, nước chấm thoải mái luôn, rau cũng nhiều nữa. Một người ăn một cái là no tới chiều luôn đó nên rất xứng đáng đồng tiền. Các bạn thử ghé ăn xem sao nhé.Xem thêm",22
200,Trang Ngọc,21/3/2018 12:28,8.2,"Tình cờ có việc lên khu công nghiệp Trà Nóc nên lượn vài vòng thăm quan và bắt gặp chỗ này. Trong khu công nghiệp thì phần lớn là nhà ăn của các công ty chứ ít có chỗ bày biện bán như chỗ này. Ở đây cũng trực thuộc công ty bột mì Đại Phong (thương hiệu Mikko), có bột bánh xèo Hương Xưa mà cả nhà mình rất thích. Bánh ở đây khá đang dạng, nằm trong khu của công nhân nên giá cũng bình dân. Mình mua bánh bông lan mặn giá 10k ăn ngon lắm, bánh mềm, đồ ăn cũng nhiều, nhân viên bán vui vẻ.Xem thêm",22
201,Siêu Cấp BT,4/11/2020 1:00,8.6,"- Món mới ốc nhồi ống tre. Thịt ốc ăn tạm được. Chén muối chấm thì rất ngon. Món này ngon nhờ chén muối chấm :))) giá không quá cao, nên ăn thử vì muối chấm món này ăn lạ miệng mà ngon lắm.
- Gỏi cá trích sống. Ngta sẽ hỏi ăn cay được nhiều hay ít để còn biết mà làm. Gỏi mang ra chụp choẹt xong thì nhân viên sẽ trộn hết lên cho mình, vắt một đống chanh lên và trộn trộn nữa trộn mãi, cuối cùng cũng xong :)))
Ăn cuốn với rau sống, bún và chấm nước tương. Nước tương chấm ngon á nha, cá trích hơi cay. Món này gỏi sống nha, nhưng do có ớt và chanh nên ăn tái tái là vừa ngon. 
Mỗi tội trộn với hành tay hơi nhiều :)) gắp được miếng cá phải tìm hơi cực :))) có thể nhờ mấy bạn nhân viên lấy bớt hành ra.
- Gà đốt Campuchia. Món này làm mất khoảng 45p - 1 tiếng lận. Nhưng đợi món này xứng đáng lắm luôn.
Gà ướp vỏ ngoài rất ngon, nướng kèm sả thơm. Thịt gà ui còn mọng nước, mềm và thơm cực kì. Nhờ bạn nhân viên xé thịt ra sẵn rồi ăn nha. Nhất định phải thử gà đốt cho đáng đồng tiền bát gạo.
Phục vụ kèm rau muống. 
- Bọn mình có gọi cái lẩu nhỏ nữa mà lo ăn quên chụp. Lẩu thì ăn thấy bình thường, có thể gọi hoặc không tuỳ vào sức ăn. 

Nhân viên ở đây phục vụ chu đáo và dễ thương lắm. Hỏi gì cũng trả lời kĩ càng, lại giúp bọn mình trộn với xé các kiểu. Cực kì hài lòng với chất lượng phục vụ nha.
Quán đông khách. Ăn 3 người thiệt hại hết 800k, no cành hông phải gói mang về :))) 
Quán rộng rãi thoáng mát. Ngồi gió mát lồng lộng.Xem thêm",23
202,Winter Phan,3/12/2019 14:25,9.8,"Hai món cơ bản mình khuyên mọi người đã đến Mẹ Miên là phải ăn 1 lần cho biết là:
- Gà đút lò 
- Gỏi đu đủ ba khía siêu cay
Còn gia đình mình thì cứ đến đây là cứ phải kêu trước 2 món đấy chứ chẳng phải nghĩ ngợi gì nhiều. Hihi 
Mình thích ăn cay nên gỏi đu đủ trộn ba khía ở đây cực kì hài lòng mình luôn. Lại thích ăn rau nên gà đút lò kèm cả mớ rau muống ăn đã đời 😝
Gần đây nhất gđ mình có oder thêm món Dế Chiên. Cách chế biến không mấy lạ, ăn như snack thôi, hơi dầu mỡ 1 xí.
Nhân viên quá rất dễ thương, nhanh lẹ.
Kinh nghiệm là bạn nên đặt bàn trước khi đến 30ph sẽ được phục vụ tốt hơn. Chứ không thì ngồi đợi dài cổ vì món nào làm cũng cần thời gian đó nha!Xem thêm",23
203,h30bonnie,2/11/2019 0:35,6.0,"Món ăn khá ngon mình thích rất nhiều món ở đây.. mọi người lưu ý thưởng thức món gà đốt đặc biệt của quán nên đặt trước vì món làm mất rất nhiều thời gian, phong cách phục vụ tận tình, ko gian sạch, mát mẻ.Xem thêm",23
204,Mỹ,17/2/2019 14:49,7.0,"Tết nên phục vụ hơi lâu, món tàu hủ thì mình rất thích, chủ yếu đi là muốn ăn cơm cháy mà không có -.-Xem thêm",23
205,Ron Swift,28/10/2018 15:39,7.4,"Hồi dịp lễ 2/9 mình được ông anh dẫn đi ăn quán này, tới giờ mới nhớ ra mà review nè. Quán nằm xa trung tâm lắm, hình như chung chủ với ốc tùm lum luôn í, lúc mình bước vào thấy có chữ Ốc Tùm Lum mé bên tay phải. Không gian quán cũng rộng rãi, chia ra thành nhiều chòi mỗi nhóm ngồi một chòi riêng biệt. Bọn mình ăn đu đủ đâm, gà đốt campuchia với cái bò leo núi. Con gà nhỏ là 240k, da giòn, thịt bên trong ngọt lịm, còn lòng thì xào với rau muống. Cái lẩu ăn không đặc biệt lắm, lợ lợ, thịt thì khó nướng do cái này không bằng phẳng.Xem thêm",23
206,Michio Ngân,29/5/2018 14:12,10,"Vừa xem trên fb là chấm ngay địa điểm này để tụ họp bạn bè đi lai rai, điều đặc biệt đầu tiên là quán view rất đẹp đúng kiểu Campuchia, nhạc cũng Campuchia luôn ạ 😂 có nhiều nơi để chụp hình sống ảo lắm nhe các bạn 😍 các món ăn đặc sản như gà đốt Campuchia, gỏi đu đủ đâm, gỏi cá trích,..món nào cũng hấp dẫn mà giá lại phải chăng, cả dĩa gỏi đầy ấp chỉ có 120k thôi nè 😃 đáng để thử lắm nhen, lần sau nhất định sẽ quay lại.Xem thêm",23
207,Tanu Oh,11/5/2018 22:01,8.0,"Cũng lại nơi này được mấy lần. Thấy cũng khá ok, khá ưng ý, nhưng xa quá.
Mình ở khu Ninh Kiều nên mỗi lần bàn tính lại đi thì ai cũng bàn ra vì xa quá xa. Mà thêm nữa là mình thường rãnh vào cuối tuần, nếu không đến sớm hoặc đặt chổ thì lại hết tum để ngồi ăn nữa. Lần đầu mình đến không có kinh nghiệm gì, đến lúc khoảng 10h, đợi cũng cả buổi mà không có tum nào trống cả nên đành bỏ về đi chổ khác.
Không gian ở đây khá mát mẻ, ngồi ở đây mà gió cứ thổi suốt. À, có thể câu cá nữa nhé. Câu dính con nào lên chế biến ngay con đó cho nóng hổi. Còn nếu ""nặng"" quá, không câu được con nào như mình thì câu giải trí chơi thôi, chủ yếu vẫn gọi món của nhà hàng. Chứ thấy nhiều người câu cả bàn tiệc mà thấy ham.
Nhân viên phục vụ tốt, nhanh và khá lịch sự!Xem thêm",24
208,Hoang Phuong Do,28/6/2016 23:31,7.8,"Mình tút trên này xuống đây ăn đúng xa luôn....nhưng từ hướg sân bay thì gần hơn
Quán phục vụ rất tốt, thấy trong nhà chính ko có ai mà phục vụ tận tình vậy là khoái lắm luôn.....
Menu cũng nhiều món vô cùng.....song đầu bếp nấu ko hợp lắm...mấy món kho hơi mặn
Trang trí đẹp mắt với làm đồ ăn cũng rất nhanh.
Ở đây phục vụ tốt bù qua cái xa với vị nấu nên bỏ qua....
Ai có sử dụng galaxy app lại đc giảm giá nên thích hơn nữa ))Xem thêm",24
209,Ngọc Linh Nguyễn,18/1/2016 19:01,8.2,"Không gian của Thủy Mộc là đúng như tên luôn. Mình thích cái hồ cá nhất luôn, cá bơi lội thấy cưng gì đâu vậy hà. Ngồi nhìn cá bơi lội, nghe nhạc rồi nham nhi ly nước thì đúng là tuyệt vời. Nhân viên cũng vui vẻ và nhanh nữa. Bây giờ cafe máy lạnh nhiều rồi nhưng mình vẫn thích kiểu không gian thoáng mát như vầy hơn. Trưa nắng chạy lại đây ngồi cho thoải mái và luyện phim thì còn gì tuyệt vời hơn nữa.Xem thêm",24
210,Dung Nguyễn,9/12/2015 22:02,8.2,"Xanh xanh xanh hòa mình giữ thiên nhiên lun. Điểm đến lý tưởng cuối tuần đó, vừa có không khí trong lành, giúp thư giãn đầu óc, mà còn khá đẹp nữa. Ai có sở thích câu cá thì chỗ này là good choice lun. Có nguyên một hồ câu cá bự tha hồ giải trí. 
        Ở đây vừa phục vụ cafe mà còn có điểm tâm cũng ổn, một dạng quán ăn lun nên nơi này còn có dịch vụ tổ chức event, tiệc, sinh nhật......
       Vô đây là selfie, chụp chộp đủ kiểu, có điều hơi bị nắng nên cb kem chống nắng nha
Check list chỗ này nhe.....khá thú vị á!Xem thêm",24
211,Diễm Chi,18/6/2018 17:11,7.2,"Đây là tiệm bán online, khá xa nhà nhưng may có trên Now nên mình đặt ăn thử vì đọc review của các bạn đã ăn rồi thấy các bạn cũng khen ngon, trình bày đẹp mắt, hộp đựng tiện lợi, sạch sẽ hợp môi trường.

Mì sốt thịt bằm kiểu Âu: sợi mì Ý nhỏ, thịt bằm đầy vun, vị vừa ăn, cà chua tươi.
Cơm ức gà sốt Teriyaki: thịt vị nó hơi mặn, nhưng kếu hợp với cơm trắng vậy cũng vừa ăn, hộp giấy sẽ xanh sạch môi trường nữa, quán còn có bỏ thêm nước tương cho khách luôn.Xem thêm",25
212,Thanh Tran,14/6/2018 15:11,7.0,"Mình chưa uống các món trà nhưng logo nhìn thấy cưng đó, cơm ngon, hộp giấy hơi lạ nhưng có vẻ xanh sạch cho môi trường, thịt gà hơi mặn xíu.Xem thêm",25
213,Thuý Hoà,24/4/2018 13:13,7.8,"Quán Enjoy này mình thấy cũng mới nổi gần đây à do thấy vài bạn khen trên foody nên cũng đặt món ăn thử xem sao, mua 1 phần mì sốt thịt bầm kiểu Âu và nui sốt thịt bầm kiểu Âu để ăn, công nhận đồ ăn của quán khá là vừa miệng ấy, hộp đựng là hộp giấy nhưng nhìn khá là chắc chắn nhe, với lại có lớp màng bên trong nữa, có thể hâm lại cũng dễ dàng nữa, chứ để hộp nhựa chắc hơi bị khó, đồ ăn của quán có món thịt khá là ngon ướp vừa miệng lắm có gì đó nó thơm thơm thích lắm nheXem thêm",25
214,Hoàng Huy,19/4/2018 12:40,8.0,"Hôm rồi lướt thấy quán này mới có trên hệ thống Deli nên cũng bon chen đi đặt món để ăn sáng thử, quán nằm trên khúc Bình Thủy có vẻ hơi xa nhưng được cái mình ship tới nhà được giảm giá nên thấy khá là ngợi nhe mình đặt 2 hộp mì sốt thịt bầm kiểu Âu để ăn, cảm nhận rằng đồ ăn của quán khá là ngon và vừa miệng nhe, thấy hương vị khá là thơm ấy, vỏ hộp bằng giấy nhưng bên trong có tráng giấy kiến mỏng nên không sợ bị chảy nước ra ngoài nữaXem thêm",25
215,nguyen,18/4/2018 17:49,8.8,"Đã thử gà và nước ở quán.
Rất ok
Giao hàng thì nhanh
Ad nch rất đáng yêu
Sẽ ũng hộ...
...Mì là của mình... hihiXem thêm",25
216,Nga Đào,18/4/2018 14:48,7.0,"Quán bán online mới lên sóng trên Delivery Now nên mua ăn thử. Ấn tượng đầu tiên khi nhận hàng là hộp đựng thức ăn và muỗng, nĩa, khăn giấy kèm theo. Hộp thức ăn bằng giấy vuông vức và là loại chuyên đựng thức ăn mang đi. Theo quan sát trên nắp hộp thì loại này có thể sử dụng hâm nóng trong lò vi sóng rất tiện lợi và thân thiện với môi trường. Có cảm tình rồi nha. Mình gọi 1 phần nui sốt thịt bằm kiểu âu. Sốt thịt bằm có thịt, nấm, cà rốt. Phần thức ăn hợp lí với mức giá 35k/phần. Món kiểu Âu đa phần nêm khá nhạt và ngán. Khi ăn thêm tương ớt sẽ ngon hơn và đỡ ngán. Trà chanh có trân châu kèm theo nữa. Vị vừa uống.Xem thêm",25
217,Nguyễn  Thị Phương Dung,19/10/2016 10:25,7.8,"Hủ tiếu kho Ngọc Lan cũng không kém cạnh hủ tiếu súp bình thường đâu cảm thấy rất chất lượng nhất là đồ ăn có tôm, gan, thịt, trứng cút và cả thịt viên bự nữa. kèm theo chén súp thanh ngọt ăn rất ngon hok chê vào đâu được
   Hủ tiếu chụng chín vừa ăn hok dai hay quá cứng. giá cũng được chụng lun. Tô hủ tiếu đã có xì dầu nên đem ra chỉ cần cầm đũa trộn là là đc. Nêm cũng khá vừa miệng nếu ăn cho thêm nước tương hoặc ớt tùy sở thích thui. Ứng ý nhất là bưng ra chỉ cần ăn không phải bóc vỏ tôm vì tôm đã được lột sạch đầu vỏ rùi
   Quán cũng rất sạch sẻ, nhân viên cũng ok. Với giá cả cũng xứng đáng với chất lượng nên vẫn mún ghé ăn mặc dù hơi xa là ngay chợ ở Bình Thủy lậnXem thêm",26
218,Nguyễn  Thị Phương Dung,25/4/2016 10:28,7.8,"Hủ tiếu Ngọc Lan có danh có tiếng nên ăn khá là ngon,  khỏi chê không cần quảng cáo quán vẫn đông nha.  Chất lượng đồ ăn nhiều, hủ tiếu khô ngon hok dai mà có tôm, thịt, gan, mà hoành thánh cũng chất lượng nữa
Có điều nhân viên phục vụ tốt á, nhưng chỗ để xe lúc sáng khi đông thì phải tự dắt xe.
Quán sạch sẽ nhưng không có wifi hơi thiếu thiếu á nha.
Một tô bt ăn là 35k, đối diện chợ An Thới, Bình Thuỷ kế kế Ngân Hàng.....hok nhớ tênXem thêm",26
219,Dung Nguyễn,4/3/2016 13:08,7.6,"Quán ăn rất ok về cả món ăn lẫn phục vụ lun. 
        Quán với món hủ tiếu gà ta nói ngon hết sức, ăn ngon mà chất lượng 35k/tô xứng đáng, no lun. 
      Hủ tiếu dạng lọai ngon, chụng hok bở, chín tới nhưng mềm. Nước súp ngon ngọt, đảm bảo hầm từ xương ra lun. Nước trong, chan vs hủ tiếu ăn khá thanh đậm đà....
     Nói là hủ tiếu gà chứ vẫn có thịt nè, xương bự có thụt lun, rùi gan, rau, giá đc rửa sạch....rất là ngon.
      Mẹ đi dạy hay ăn ở đây, dẫn ăn 1 lần ghiền lun.
     Với lại không gian quán mát mẻ, sạch sẽ, thóang ăn gia đình buổi sáng rất tuyệt.....Xem thêm",26
220,Thùy Dương Đinh Vũ,30/10/2015 10:41,8.6,"Nhà mình gần quán, nên ăn suốt. Quán có thâm niên lâu lắm rồi, mình bắt đầu ăn từ lúc 18k một tô đến giờ là 35k một tô thập cẩm. Ăn riết chị chủ nhớ mặt luôn. Nước dùng rất ngọt, thanh, ngọt xương k phải bột ngọt. Đồ ăn siêu nhiều luôn, ăn tại chỗ thì cảm thấy vừa, nhưng mà mua về là ăn k hết. K bít tại sao, có lẽ tại quen nên đc bonus chăng? Không gian quán siêu sạch sẽ, có vòi nc rửa tay cho khách. Ở đó có nhìu loại mhư xương, gà, hải sản... Cái làm nên sự khác biệt theo mình ở cái tương chan vào tô hủ tiếu. K có tương đó rất lạt lẽo, nhưng có lẽ bí quýêt riêng nên mình đóan mãi cũng k ra làm ntn.Xem thêm",26
221,TandA H,6/8/2015 14:52,7.8,"Quán sạch sẽ thoáng mát, hủ tíu ngon, có cà phê và sữa đậu nành giải khát. Gần địa điểm tham quan Đình Bình Thủy và nhà cổ Bình ThủyXem thêm",26
222,Kaola kaola,29/6/2015 20:50,8.4,"Hủ tiếu vừa dai vừa ngon, vị đậm đà, cự chất ko lẫn vào đâu được
Ăn là ghiền :)))Xem thêm",26
223,Lý Minh,26/6/2015 21:11,8.4,"Hủ tiếu bao ngon, một tô bự ""chà bá"" ăn no bể bụng
Có nhiều sự lựa chọn cho thực khách: hải sản, xương thịt, thập cẩm, gà,...hương vị thơm ngon đậm đà. Mình thì hay ăn hủ tiếu hải sản: con tôm bự chà bá vừa dai vừa giòn, tươi mát, vị ngọt tự nhiên, mực cũng vậy, còn rất tươi
Cọng hủ tiếu dai dai, giòn giòn giống hủ tiếu Sa Đéc, đảm bảo Cần Thơ ko quán nào sánh kịp
Vị trí quán ngay mặt tiền đường CMT8 nên cũng dễ tìm (xéo xéo, đối diện chợ An Thới)
Cô bán hàng rất thân thiện, vui vẻ
Nói chung ăn 1 tô hủ tiếu rất xứng đáng đồng tiền
ngoclanXem thêm",26
224,Trần Phan,24/7/2013 7:54,7.0,"Tuần rồi mới cùng bx ghé ăn, dù hơi xa trung tâm thành phố một tí (khoảng 4km tính từ Đại lộ Hòa Bình, thuộc quận Bình Thủy, giáp ranh quận Ninh Kiều) nằm trên đường Cách Mạng Tháng 8, ngang chợ An Thới. Quán này có tuổi đời hơi bị lâu đời, khoảng 45 năm. Ngọc Lan 2 và Ngọc Lan 1 (đường Lê Hồng Phong, Q. Bình Thủy) là cùng một hệ thống, còn Tân Ngọc Lan ở đường Đinh Tiên Hoàng thì không rõ lắm, nghe nói cũng là chi nhánh luôn.
Quán chủ lực là hủ tiếu heo gà, cứ gọi 1 tô hủ tiếu khô là có đầy đủ heo gà trong đó thui, hủ tiếu miền Tây sợi trong và dai, gần giống miến nhưng không dai bằng và mềm hơn, điểm này đặc trưng so với hủ tiếu miệt Sài Gòn trở ra (hủ tiếu trắng đục). Tô hủ tiếu có thịt, gan, tim heo luộc mềm, không cứng, mấy lát thịt gà vàng ươm với cả 1 viên xíu mại thịt viên và trứng cút nữa... Ăn hơi bị đã, nước soup vừa ăn. 30k một tô, miễn phí trà đá.Xem thêm",26
225,Quang Võ,28/3/2017 7:01,8.2,"- Rất ngon, đúng vị, đậm đà, đồ tươi roi rói, ăn ko ngại miệng, kể cả rau, và rau nhiều, đủ loại
- Quán thoáng đản, không gian rộng, bàn ghế, đồ đạt sạch sẽ, nhân viên khá thân thiện, nhà vệ sinh và bồn rữa tay tương đối sạch sẽ, có nhiều quạt, chổ để xe chuẩn
Kế bờ sông nữa nha 
- Đối với mình gần như ăn ở đây là Vô Đối  thà ăn 1 lần đúng ngon hơn ăn 2 lần dỡ, ko như ý 
+NHƯỢC ĐIỂM :
- hơi xa trung tâm 

Quán Alô 100 nằm gần chợ An Thới đoạn giữa cách mạng tháng tám nhé , có 1 cái bảng to trước chợ dễ tìm lắm . 
* GIÁ CẢ : có 2 loại To 300K và Nhỏ 200Xem thêm",27
226,Hang Thu,23/8/2016 17:08,8.0,"Điểm cộng: Qúan sân vườn rộng rãi thoáng mát, gần sông, có khoảng sân bóng và banh nhựa mini cho em bé chơi, có trưng bày nhiều co cá độc đáo để luôn, thức ăn khá ngon luôn nóng hổi
Điểm trừ to nhất là bún của qúan chua ý là mình ăn vào lúc sáng sớm của quán, cọng bún trắng sáng ghê. Nhân viên thì cũng tùy người thôi. Qúan nuôi gà mong quán kiểm soát mấy em gà hay đi lung tungXem thêm",27
227,HƯỜNG HUỲNH,6/6/2015 11:39,6.6,"Đã dời về gần chợ An Thới.
Kế đó có 1 cái hẻm. Chạy cuối hẻm là đến quán. Quán sát bờ sông nên mát mẻ.
Các món nhậu thì mình mới chỉ ăn vài món nên chưa thể nhận xét.
Sáng có bán bún cá đại dương ăn khá ngon.
Bún được đựng trong nồi đất nên nóng hổi.
Giá 20 ngàn/ phần.Xem thêm",27
228,Nguyễn Lucas,8/8/2013 14:44,6.2,"Diện tích khuôn viên khá rộng rãi, nhưng sắp xếp các bàn tương đối sát nên thích hợp cho buổi tiệc dưới 10 người. Trên 10 người thì hơi ảnh hưởng các bàn khác, hoặc mất không gian chung

Thực đơn rất đa dạng, số món trên thực đơn hiện nay là nhiều nhất so với các quán khác ở Cần Thơ. Nhưng chưa có được món ăn đặc trưng của quán.Xem thêm",27
229,Thanh Tran,27/8/2016 21:43,7.4,"Đặt deli của quán chị này ăn thử, rất là ngon luôn đặc biệt là có mỡ hành, mình thích, để mỡ hành qua ngày hôm sau ăn vẫn ngon. Thật thì món khô gà hơn, cay, ngon, dai. Vừa ăn vừa nhâm nhi trà đào, xem phim là miễn chê.
Có da heo giòn khấu, nhai nó hơi bị ồn ào mất nết xíu :v
Nhưng suy cho cũng chấp nhận được.
Một gói 45k, hai gói là 90k, tiền ship 10k là 100k chẵn, shipper chạy từ quận cái răng chạy đến quận bình thủy giao cho mình tại văn phòng, nên cảm giác rẻ lắm, tiền ship rẻ ấy!Xem thêm",28
230,Lê Lưu Lam Linh,30/7/2016 8:36,7.2,"Có voucher giảm giâ của foody nên ăn thử, tuy hơi xa chỗ mình nên cũng ráng chạy xuống cái răng lấy 2bịch 35k/1b để đổi voucher.
Màu sắc khô gà có vẻ hấp dẫn, đẹp mắt, chưa có mùi hương thơm khi mở túi ra. Đặt trong túi zíp, tiền lợi khí ăn một ít rồi cất lần sau ăn, nhìn sạch sẽ vệ sinh. 
Nói khô gà cay nhưng minh k thấy cay lắm, có cải mấy trái ớt sây đi kem, chỉ có ăn khô vs ớt z mớ cay thôi. Mình thì muốn thật cay ở thịt luôn, vì ăn ớt sây lâu lâu lại thấy đắng đắng, mà cay k bao nhiêu. Nhăm nhi khô gà mà hít hà vậy mới vui. Mình cũng thây khô cũng hơi ngọt hay kà tại mình ăn hơi lạt. 
Nếu có dịp sẽ mua ăn nữa, nhưnh tại hơi xa mình wa mà shíp thì cũng nhiều tiền nữaXem thêm",28
231,Thuý Hoà,30/6/2016 13:54,8.0,"Khô gà cay cay, giòn giòn, dai dai ăn thật ghiền. Ăn không hay kèm với cơm hoặc cháo cũng rất ngon. Ăn rồi lại cứ ăn k ngừng. Món này dùng để ăn vặt là tuyệt nhất. Cứ buồn buồn miệng là lại nhai nhai )))Xem thêm",28
232,Kiều Anh,29/6/2016 16:53,7.6,"Chỗ này chủ yếu bán online nhưng bạn nào muốn ghé mua cũng được nha, call trước để gia chủ chuẩn bị 😝, ếy mà mua tận nơi còn được giảm 10% E-card nữa. Đi qua cầu Đầu Sấu có đường bên tay phải là Trần Vĩnh Kiết chạy vô 200m nhìn trái là thấy, gần cái chùa bự bự. Khô gà cay cay ăn là mắc ghiền, làm tại nhà nên đảm bảo chất lượng về sinh lắm, có order giao hàng online trên Delivery của Foody nữa 😍Xem thêm",28
233,Linh Lê,23/6/2016 16:59,8.8,"Khô gà rất ngon, mở bọc ra là thấy thơm phưng phức, ăn một miếg là phải ăn miếng nữa, ăn hồi hết bọc gà nào k hay. Nhai hoài nhai mãi vẫn ngon. 
Món này lúc nào cũg có trong cặp để dành chống đói, chống buồn .Xem thêm",28
234,Bánh Ú Bánh Tét,21/12/2018 6:15,8.2,"Mình ghiền bánh đậu xanh chỗ dì này bán lắm nè. Ngọt vừa phải, thơm béo đậu xanh. Mỗi lần mình mua là phải ít nhất 4 miếng tại bị đem lên cơ quan thế nào cũng bị chụp giựt. Các loại bánh khác chưa thử vì mình thích ăn gì là ăn hoài loại đó thôi. Hôm nào có dịp sẽ ăn thêm các bánh khác xem saoXem thêm",29
235,Mỹ Dung,22/7/2017 19:08,8.8,"Hôm nay đi chơi về ngang qua đèn xanh đèn đỏ chỗ đường cách mạng tháng 8 và đường Nguyễn Việt Dũng nhìn thấy tủ bánh của cô nên ghé mua ăn thử. Lần đầu ăn nên mình mua có 1 miếng bánh gan nhỏ xíu giá 5k à. Mấy chỗ khác bán bánh toàn bỏ vô bao nilon thôi à, còn ở đây miếng bánh nhỏ cô cũng cẩn thận bỏ hộp xốp cho mình. Cô chủ quán rất thân thiện, vừa gặp mình là cô đã cười trước nên mình rất có cảm tình với cô. Bánh gan khá ngon, béo và thơm mùi nước dừa. Lần sau nhất định sẽ ghé lại để thử những loại bánh khác.Xem thêm",29
236,Duy @khoa,26/2/2017 22:55,7.6,"📍 vị trí của quán nằm trên đường cách mạng tháng 8 gần trường cấp 3 lý tự trọng ngay trước đèn xanh đỏ đến trường
🏡 không gian vỉa hè đơn giản với cái tủ bánh thôi nên chỉ bán mua mang về thôi à nha
📝 menu chỗ này đa dạng bánh, có pateso bánh gan rồi bánh khoai mì ...
🍽🍧mình thì chỉ thấy thích bánh gan ở đây thôi. Bánh mềm mà thơm nữa ăn ngon cực kỳ luôn. Lớp giữa béo béo thích lắm
💰 giá cả một cái trước giờ không hay thay đổi là 5k một cái
🕴 bác chủ bán vui vẻ lắmXem thêm",29
237,Ron Swift,27/3/2016 18:22,7.8,"Lâu lâu đi ngang nên mới có dịp ghé lại mua bánh gan ở đây. Mình là tín đồ của bánh gan và đã thử nhiều quán nhưng vẫn chỉ thích ở đây nhưng vì khá xa nên không mua thường xuyên được. Bánh mềm mịn lắm, vị ngọt lại thơm nữa chứ. Cô chủ vui vẻ lắm mà lại bán bánh khá rẻ, một miếng to như hình mà chỉ có 5k hà. Ngoài bánh gan ra thì ở đây rau câu khá ngon, nhất là rau câu dừa, ngọt thanh dai dai tuyệt lắm. Nếu có dịp đi ngang thì ghé thử đi, bao ngon luônXem thêm",29
238,Ron Swift,15/1/2016 6:25,8.0,"Chỗ đèn xanh đèn đỏ cách mạng tháng 8 với trần quang diệu, chỉ cần dừng xe lại nhìn bên phía tay phải là thấy ngay. Tủ bánh của cô này bán phong phú lắm nhưng đáng nói nhất là bánh gan, bán rất mau hết mà ngon với rẻ nữa. Mở từ lúc 3h chiều mà có khi 5h30 ghé là hết bánh gan rồi. Bánh gan ngọt, mịn và béo nhưng không ngấy, phần bánh gan lại to hơn nhiều so với những nơi khác mà mình từng ăn. Giá cả thì lại chỉ có 5k/1 bánh. Ở đây còn bán rất nhiều loại bánh khác nữa, pateso, bánh khoai mì, râu câu thường, râu câu dừa... cái nào cũng ngon cả nên lâu lâu thèm là chạy xuống bình thủy mua ngay dù xa thế nào. Bạn cũng nên đến thử 1 lần cho biết.Xem thêm",29
239,Hoàng Huy,16/5/2018 17:52,8.0,"Quán này được dịp ghé qua lần 2 phải nói là đồ ăn vẫn ngon như kỳ rồi ấy chứ, giá cả cũng khá là rẽ nhe, 1 phần lẩu dê ăn no muốn xỉu luôn ấy, thịt thà này nọ của quán cho cực kỳ nhiều luôn nhe ăn mà sướng cái miệng gì đâu á, có phần quán này nằm hơi xa trung tâm nên cũng ít đi hơn mấy quán lẩu dê khác ấy, rau cải của quán cho cũng nhiều và ngon lắm luôn nhe, đồ ăn thì theo phần nên muốn ăn nhiều thì tính nhiêuXem thêm",30
240,Thuý Hoà,24/4/2018 13:11,7.8,"Từ đường Cách Mạng Tháng 8 quẹo qua đường Nguyễn Thông và chạy vào khoảng 300m. Quán nằm bên tay phải, ngay khúc đó có 3 quán gần nhau nhưng quán này lại ăn ngon mà rẽ nhất luôn ấy, thấy quán này cũng là quán mà đông khách nhất luôn nhe, không gian quán thoáng mát và cũng rộng rãi lắm luôn ấy, đồ ăn của quán cũng khá là nhiều loại và đa dạng lắm luôn nhe, nên cũng dễ dàng lựa món, quán nổi tiếng với món lẩu dê nên cứ đến là nên kêu 1 phần lẩu dê trước rồi tính gì tínhXem thêm",30
241,Hoàng Huy,19/4/2018 21:25,8.0,"Quán lẩu này có phần hơi xa so với trung tâm thành phố nhe nhưng những người bên khúc bình thủy lại cực kỳ chuộng luôn ấy do quán có đồ ăn cực kỳ ngon miệng mà giá cả lại không quá cao nữa chứ, menu của quán mình thấy cũng đa dang lắm luôn nhe, mình được dịp ghé quán với nhóm bạn thấy ăn cũng ngon lắm luôn ấy, đồ ăn thì nhiều cực kỳ ăn mà sướng cái miệng lắm kìa đi nhóm 6 đứa mà gọi 2 món ăn thôi hé ăn xong đứa nào nấy lăn về áXem thêm",30
242,Minh Trần Ngọc,16/9/2017 21:48,7.8,"Quán của cô mở bán từ rất lâu rồi, cả gia đình mình ăn ở chỗ cô từ lúc cô mới bán
Quán nho nhỏ thôi mở tại gia đình như cũng thoáng
Nhận xét về lẩu nha có hai loại lẩu dê và bao tử nấu tiêu. Mình hay ăn lẩu dê vì thịt dê cô nấu mềm mại dai vừa phải ko bị cứng ăn da dê dẻo dẻo rất ngon. Nước lẩu nêm rất vừa ăn luôn. Bao tử nấu tiêu ăn cũng khá ngon nhưng mình chuộng lẩu dê hơn vì thích
Giá khá bình dân nha 150-200k một lẩu ăn 3 người 150k là no cành hông chưa tính mì hay món phụ nha.
Này là mình mua mang về và cho ra nồi rồiXem thêm",30
243,Minh Trần Ngọc,30/5/2017 16:08,7.0,"Quán nhỏ thôi quán nhậu bình dân mà không nhậu chỉ đi ăn tại quán nằm ở khúc Bình Thuỷ nên chỉ có người ở Bình Thuỷ thì rành nhất là mấy ông nhậu 
Quán này mình ăn từ bé lận đổi chỗ bán và vẫn theo bà chủ bán nước lẩu ngon đậm đà dê dai dai giòn giòn bao tử nấu tiêu cũng ngon nhưng lẩu dê là món chuộng nhất 
Lẩu chỉ có 150k à ăn ba người là ăn no ấy tuỳ theo sức ăn há
Phục vụ thì ôi thôi chị con bà chủ da trắng dáng đẹp nhìn đã mà cũng nhoi lắmXem thêm",30
244,Lê Lưu Lam Linh,20/9/2016 20:17,8.2,"Quán quen ciả mình đây. 1lẩu 2ng ăn chỉ 100k ăn bao no, 1điã nấm thêm thì 5k, mì cũng 5k/g lun, trà đá rau thêm thì miễn phí nha
Quán có nhiều món trâu bò, nhưng nổi  tiếng là lẩu trâu luộc mẽ, khách vào k cân kêu cũng đ lẩu ra sẵn. Diã thịt gồm thịt bắp  và lòng trâu, chấm vs mắm tôm và mẻ trộn sã bằm, mìn thích chấm mẻ hơn vì chua chua ăn vs thịt rất ngon 
Lẩu mẻ chua chua lại thơm tỏi sấy, ăn buổi tối njất là trời se lạnh như vậy rất ngon, lại còn tốt cho sức khoe nữa, ăn là đảm bảo bao ghiền nhaXem thêm",31
245,Phương Bảo,29/4/2015 21:32,7.8,"Về quê chơi, tìm được chỗ này để ăn tối ^^ thấy chỗ này cũng được á
- Vị trí: nằm ngoài mặt tiền nên dễ tìm. Cơ mà hình như chỗ này khá xa trung tâm thành phố
- Không gian: thoáng mát. Cơ mà chỗ ngồi ngoài sân không được sạch sẽ vì rác dưới chân chưa được dọn dẹp
- Phục vụ: tốt, nhanh
- Thức ăn và giá cả: thịt ngon, miếng thịt không bị mỏng dính :)) nước chấm cũng ngon, mà rau không đa dạng lắm (chỉ thấy có 2 loại nấm, rau muống, rau cần với chuối gì đó thôi). Lúc ngồi chờ có cả món đậu luộc mình thích ^^ giá cả cũng ổn, không có kiểu chặt chémXem thêm",31
246,Zi Mai,31/8/2014 17:59,8.4,"Quán bình dân, đồ ăn ngon, nhân viên phục vụ thân thiện. Có dịp đến Cần Thơ mình sẽ ghé lại lần sau. :)Xem thêm",31
247,Trần Phan,17/11/2013 9:38,7.0,"- Lâu quá không đi ăn trâu nên bữa nay (16-11-2013) quyết tâm đi ăn review cho Foodee xa gần biết món đặc sản dân dã này. Quán này nằm trên đường Cách Mạng Tháng 8 thuộc quận Bình Thủy, cách trung tâm thành phố khoảng 4 - 5 km, ở đây có tới 2,3 quán liên hoàn kế nhau. Theo tui nghĩ nên ăn quán 85 vì quán 85 cơ sở vật chất tốt hơn một chút, ngoài ra thì chất lượng giá cả xem xem nhau hết (có khi chủ mấy quán là bà con nhau hok chừng).
- Vô chủ đề chính, Món thịt trâu chỉ có 2 món chính, một là trâu luộc mẻ, hai là trâu hấp xả. Trâu luộc mẻ thì dĩa đồ ăn thường là lòng và thịt trâu (ít hơn lòng), còn trâu hấp xả thì toàn thịt thui, nếu nhức mình thì nên ăn trâu hấp xả, giảm đau nhức hay lắm, ông anh mình mỏi mệt gân cốt toàn ăn cái nì mà ngủ giấc dậy phẻ như.. trâu. (^_^). 
- Nhân tiện dẫn trích ít kiến thức Đông y: thịt trâu ngọt, tính bình, mát, không độc, ích khí, dưỡng tì vị, mạnh gân xương, bổ cơ thể, tiêu thũng, món ăn từ thịt trâu giúp bổ khí huyết, mạnh gân xương, so với thịt bò, thịt trâu ít cholesterol và giàu chất sắt hơn nên bổ hơn thịt bò.
- Ngay khi vào quán, tự nhiên nhân viên sẽ cho bạn 1 nồi trâu luộc mẻ, khỏi kêu gì cả cũng đc (ah, kêu bia thui). Nồi lẩu trâu này ăn với nấm, và cơm mẻ, cơm mẻ được lên men có vị chua đặc trưng, cho vào nồi lẩu khuấy lên, nếu không đủ chua có thể kêu thêm 1 chén mẻ nữa, mẻ chua dịa khác hẳn lẩu chua thông thường nhé. Sau khi nồi mẻ sôi thì cho nấm + dĩa lòng + thịt trâu vào (dĩa thịt này đã được trụng sơ rồi). Tiếp theo đó là rau, rau ăn với lẩu mẻ ngon nhất là mùng tơi, tần ô, rau muống, có thêm ít chuối chát + khế chua nữa. Món này ăn với mì gói ----> ngon. (ko có bún đâu)
- Phần nồi lẩu thế là ổn, phần đặc biệt ở đây xuất hiện nè, lẩu mẻ thì ăn với.. mắm tôm (kiểu như thịt chó mắm tôm vậy). Mắm tôm được khuấy với chanh, sôi bọt trắng xóa, béo béo, thúi thúi (^_^) mà .. hấp dẫn. Ai ăn không được thì ăn nước mắm ớt hoặc mắm xả cũng được. 
- Dĩa thịt trâu khá nhiều có lá mía, phèo, tổ ong, thịt trâu, ăn khá đã, về ""hương"" thịt trâu không có mùi đặc trưng như bò (đó giờ chỉ có trâu giả bò, làm gì có bò giả trâu mà lầm), về vị thì khá giống thịt bò nhưng vẫn có nét riêng không thể tả được luôn (tại 2 con cùng ăn cỏ nên cũng tương đối giống nhau)
- Tiếp theo là giá nè: 1 nổi lẩu 2 mạng ăn + 2 mì gói + 1 chai bia sài gòn 2 cái tẩy  130k, rẻ pà cố mà no cành hông nhé. Nếu đi vào buổi chiều hên hên còn được coi Sơn Đông Mãi Võ tận bàn luôn. End.Xem thêm",31
248,Danh Nguyễn,12/5/2017 10:39,7.6,"Chả biết ăn món này ở đâu thấy có chỗ nỳ mà tít tận trên BT nên cũng đành phải lết lên tiện ăn cho sấp mặt cái khu ẩm thực ở đây luôn vì nghe đồn nhiều quán rẻ mà ngon cực kỳ.
1 phần cơm cháy như hình giá chỉ 25k thôi. Ăn giòn rụm quẹt quẹt ăn cũng đã lắm. Mà phần quẹt hơi mặn khi nguội lại rồi lại quẹo quẹo hơi cứng. Mỡ hành bao nhiều luôn, ăn đã miệng lắm luôn. Kêu thêm 1 phần cơm cháy không những 15k lận tại cái chảo ăn ko có hết do mặn một phần đó.
Không gian rộng rãi, bàn ghế ngăn nắp, đợi hơi lâu do phải chiên cơm, phục vụ ổn. Trời mưa thì chạy té đ*i luôn.Xem thêm",32
249,Hoang Phuong Do,8/5/2017 23:29,7.8,"Do nằm trong khoảng sân của chợ An Thới nên rất dễ tìm ra quán. Quán mở vào buổi chiều tối thôi, xung quanh khá đông vui như một hình thức nhóm chợ đêm vậy. Tuy nhiên hơi bất tiện do không có chổ gửi xe. Cơm cháy ở đây khá rẻ, nhưng rất ngon, cơm không quá khô, giòn tan ăn cùng kho quẹt ngọt ngọt, mặn mặn của tôm khô, thơm phức thì còn gì bằng. Cò thể kêu thêm cơm cháy không cũng đc. Mấy anh chị ở đây khá thân thiện và nhiệt tình, vui tánh lắm cơ. Trái cây xô cũng khá là ngon và nhiều, xô to ụ 2 người ăn hông hết.Xem thêm",32
250,Lee Le,17/4/2017 10:17,8.2,"Hôm qua ghé ăn, gọi thêm món khoai lắc 10k quá ngon luôn, khoai vừa ăn rất thơm và giòn luôn. Dĩa cái cây 15k vẫn đầy ấp như ngày nào. Mình rất mê những món ăn vặt ở đây, nên hể thèm là chạy ra đây quất một bụng hà. Mà giá lại sinh viên nữa chứ !Xem thêm",32
251,Lee Le,15/4/2017 21:31,8.4,"Địa điểm: nằm ngay chợ An Thới, rất dễ thấy
Món ăn: cơm cháy kho quẹt, cơm cháy giòn thơm, đặc biệt là kho quẹt rất ngon, 1 phần cơm cháy kho quẹt có thể ăn được 2 người. Giá bình dân. Có đồ uống giá rất rẻ luôn nhé, dĩa cái cây chà bá chỉ có 15k thui !! 
Không gian: quán thuộc dạng quán ăn vĩa hè nên rất thoáng mát nhéXem thêm",32
252,Lee Le,29/12/2016 19:35,8.2,"Quán rất dễ tìm, nằm ngay chợ an thới (cổng bển phải). Quán đông khách ghê gớm luôn, mỗi lần lại ăn đều phải đợi ít nhất 10'. Cơm cháy rất thơm, đủ nóng, đủ giòn và kho quẹt cũng thơm không kém !! Kho quẹt ở đây rất vừa miệng, có ớt, có tiêu xanh, hành phi, ... và đặc biệt là có tướp mở rất thơm ngon luôn nhé các bạn. Một phần cơm cháy kho quẹt có giá 25k, hôm mình đi 2 người, gọi 1 phần cơm cháy kho quẹt với một phần trái cây dĩa 15k ăn no nê luôn !!Xem thêm",32
253,Duy @khoa,16/12/2016 5:40,7.6,"📍 vị trí của quán nằm trong khu ăn uống về đêm ở chợ an thới, đường cách mạng tháng 8. Quán ăn nằm phía bên tay phải từ ngoài nhìn vào
🏡 không gian quán vỉa hè nên rộng rãi và thoáng mát
📝 menu có hai món là cơm cháy kho quẹt với cơm cháy chà bông
🍽🍧mình đến đây chỉ mới ăn cơm cháy kho quẹt thôi thấy ăn cũng ok, cơm cháy vừa đem ra còn nóng hổi giòn giòn ăn chung kho quẹt thì ngon
💰 giá cả một phần là 25k. 
🕴 phục vụ vui vẻ lịch sựXem thêm",32
254,foodee_496e7e03,5/10/2022 13:48,10,Ho cau tom con mo cua ko akXem thêm,33
255,Hân Bá,4/2/2018 21:09,8.0,"Hôm nay gia đình mình có đến. Đường cũng khá dễ tìm , ngay trong phi trường 31 . Bên trong có 2 hồ 1 là cá và 1 là tôm . Không gian rất rộng rãi và thoáng mát . Theo mình nhớ hình như là câu tính theo giờ và theo cần , khoảng 3 tiếng thì được 1 kg tôm và vài con cá , mua thêm 1 kg nữa . Tổng tất tần tật là khoảng 950k bao gồm luôn coca , nước này nọ . Chỉ câu về nhà chế biến nên chưa biết quán làm có ok không . Đi vào cuối tuần nên cũng khá đông . Thích hợp cho giải trí này nọ .Xem thêm",33
256,Phạm Trần Phương Trâm,22/1/2017 19:36,8.2,"Nhà mình ở gần khu này nên cuối tuần hay theo ba mẹ ra đây câu tôm câu cá rồi ăn trưa luôn. Chỗ này không nhiều người biết đến nên hơi vắng, chỉ toàn khách quen. Cái bánh xèo trong hình 25k, nhiều đồ ăn, bưng ra nóng hổi, thơm giòn. Không gian ngoài trời nên gió thổi lồng lộng, khá mát mẻ. Mấy lần lại đây thấy mọi người hay ăn cháo cá hoặc lẩu gà nhưng nhà mình vẫn trung thành với món bánh xèo ngon, rẻ, chất lượng này. Có dịp sẽ rủ bạn bè đến ăn thử.Xem thêm",33
257,Saruchan Le,18/1/2017 11:22,8.2,"Chỗ này gần trường mẹ mình dạy nên lâu lâu trưa lên rước mẹ 2 mẹ con với mấy dì làm chung hay kéo nhau lên đây ăn. Trên này là hồ câu tôm câu cá nên cuối tuần cũng khá nhộn nhịp. Nồi cháo to đùng này ăn khá là ngon, nguyên con cá lóc to thiệt to luôn. Mình không trả tiền nên cũng quên hỏi giá, nhưng nghe nói khá rẻ. Rau với nước mắm ăn kèm cũng ngon nữa. Nói chung nồi cháo cực kì chất lượng luôn. Phục vụ thân thiện hỏi han giới thiệu món ăn. Không gian thì mát mẻ lắm.Xem thêm",33
258,Khang Trần,12/12/2016 23:39,8.4,Lẩu dê ở đây có lẽ rẻ nhất Cần Thơ chỉ từ 120k - 150k đã khá nhiều hơn 150k - 200k ở những quán khác. Nước lẩu ngon nhưng phần dầu sa tế hơi nhiều phải vớt bỏ bớt.Xem thêm,34
259,Saimon Tobi,22/6/2016 21:50,7.0,"Quán này mình ăn hồi từ năm lớp 7 ấy, tới giờ còn bán nữa. Hồi xưa thấy ăn ngon lắm mà giờ bớt ngon rồi nhưng cũng tạm chấp nhận được. Ở đây không có giá, muốn ăn nhiêu kêu nhiêu, 120k 150k... Gia đình mình kêu một lẩu dê, một dê thêm, nước, bia, sò huyết rang muối, dê xào lăn ăn với bánh mì, mực nướng sa tế. Ăn no kinh luôn mà chỉ có 681k. Tính ra cũng rẻ. Không gián quán hơi chật, không có wifi, có chỗ để xe đàng hoàngXem thêm",34
260,lam tran,16/10/2015 19:27,7.4,"Lẩu dê thấy nấu đúng vị hơn so với tất cả các quán lẩu dê khác ở cần thơ. Nước lẩu thanh, không quá ngọt, có bắp non ăn sần sật, bỏ thêm mướp cho ngọt nước. Dĩa rau bình thường. Thịt dê mềm, da dê dai dai, giòn giòn, cảm nhận được vị thịt dê chứ không phải gia vị, khoai mềm, đậu hủ tươi ko hôi như chỗ khác. Thêm trứng vịt lộn là bá cháy kkkk. Lẩu 4 ng  ngồi nhậu vs rượu là hết sảy ngày mưa...Xem thêm",34
261,Da  Beo,14/10/2015 9:13,7.6,"Chiều mưa bất chợt thèm lẩu dê đội mưa chạy tới chỗ này mua vì nghe nói đây bán lẩu dê có tiếng đó giờ. Mua cái lẩu 150k thêm tàu hủ trắng với tàu hủ ki nữa 170k, có giá 120k nữa, 3 người ăn vừa đủ no luôn. Thịt dê mềm, rau sống tươi, tàu hủ ngon nhưng theo khẩu vị mình thì nước lẩu nêm hơi mặn, ăn không cần chấm chao mà vẫn thấy vậy rồi.
Mấy chị tiếp viên xinh đẹp nói chuyện rất dễ thương, còn mấy anh phục vụ cũng vui vẻ nhiệt tình với khách lắm.Xem thêm",34
262,Nguyễn Ngọc Lam Vy,18/8/2015 12:43,7.0,"Quán rộng rải, dễ tìm. Mình thích nhất là Menu cực kỳ đa dạng, có hầu hết các món mình thích. Chỗ để xe có người giữ chu đáo, dễ lấy xe ra. Mình với mấy đứa bạn đi ăn lẩu dê thì 4 người kêu thêm này nọ thì khoảng 250 nghìn thôi mà ăn cũng êm lắm.Xem thêm",34
263,Trương Thanh Thanh,20/5/2013 20:57,7.6,Mình vừa có 1 chuyến du lịch ngắn ngày đến Cần Thơ. Nhỏ em mình ở Cần Thơ bảo lẩu dê Thiết Giáp rất ngon và rủ mình đi ăn. Lẩu dê 100k rất nhiều và ngon. Chủ quán thân thiện và rất vui vẻ. Ăn xong chú chủ quán còn hỏi cảm nghĩ nữa :)) giới thiệu lần sau vào ăn thử món Đà Điểu nướng^^ Không gian quán bình dân như mấy quán nhậu trên này í. Phục vụ nhanh nhưng hok có niềm nở như chủ quán :(Xem thêm,34
264,Tóc Tím,9/4/2016 9:33,8.0,"Quán cà phê này nổi tiếng khắp đường Bùi hữu Nghĩa rồi, nói chớ quán này lâu năm rồi nên ai cũng biết quán hết á, bạn chạy đến chợ Bình thủy vừa qua khỏi chợ 1 chút là thấy liền, ai cũng biết, vì quán này rộng và gần chợ nhất, lại có không gian, nên gia đình hay đến đây uống cà phê mỗi sáng, thành phần người già dẫn thanh niên, thanh niên thì dẫn trẻ nhỏ, chung qui là ai cũng có thể đến đây uống hết, mình thấy ở đây thường là gia đình rủ nhau đi, như một cái gì rất truyền thống. Giờ này mà trên biển hiệu của quán vấn cứ để chữ ""đa tạ"" quý khách, là hiểu rồi he. không quá cầu kì về khâu trang trí, bởi ở đây có kiến trúc pháp sẵn rồi. cổ không phải vì trang trí cổ mà cổ thiệt, (Y) 
Giá cả bình dân thôi à. Ai cũng đến được mà.Xem thêm",35
265,Ron Swift,4/3/2016 11:18,7.8,"Ăn sáng trong chợ xong mà còn sớm nên quyết định đi cafe với bạn luôn, ghé phố xưa cafe đó luôn cho gần. Không gian quán vẫn vậy mà vẫn full bàn, bước vô quán là thấy chỉ còn 1 bàn duy nhất thôi ( lần nào cũng vậy) cứ thấy đông đúc nhộn nhịp lắm, khách đa phần là người lớn tuổi hay đi cả gia đình nên thấy mấy đứa tuổi nhỏ như mình đi riêng với bạn thì mọi người đều nhìn tỏ ra làm lạ lắm ]]]. Cafe sữa ở đây ngon lắm, vị đắng đắng lần chút ngọt ngọt. Chị chủ quán bưng bê mau lẹ, ở đây tên xưa mà cũng có wifi nữa nhé nhưng hầu như không có ai dùng cả. Lần sau sẽ ghé lại nữa.Xem thêm",35
266,Ron Swift,23/2/2016 17:59,8.4,"Lâu lâu muốn tìm về cái cổ xưa để xem nó như thế nào. Đây là quán cafe nhỏ nằm trong đường bùi hữu nghĩa nhưng quán rất rất là được nhiều người dân ưa thích. Đây là lần đầu mình đến quán, thực chất là không phải để thưởng thức cafe mà muốn cảm nhận cái không gian nơi đây quả thật xưa cũ, tuy vậy nhưng rất ấm cúng rất đậm đà tình người, đa phần khách đến quán là người già hay đại gia đình đi với nhau, ngồi thật lâu trong quán mới biết được rằng thì ra quán rất đông khách, bàn nào cũng full vì có người ra là có người vào, cứ ngồi 15- 20 phút là xoay qua bàn bên cạnh lại là những người mới toanh. Bác chủ quán rất vui vẻ, cafe pha cũng rất ngon. Giá lại rất rẻ chỉ 10k/ 1 ly. Nếu có dịp sẽ ghé lạiXem thêm",35
267,Nguyen Huong,23/2/2016 17:31,7.8,"Địa điểm này làm mình tự tin là người Cần Thơ ghê, (PR bản thân hí hí) quán cà phê cổ, của cổ luôn, vị trí gần chợ Bình Thủy, từ đình bình thủy hướng về đường võ văn kiệt, bên tay phải.
Giá cả hợp lý tầm 10k à, kiểu toàn thức uống thân quan, cà phê, cà phê sữa, rau má... đồ
chất lượng đi theo giá tiền, cà phê sữa nhiều sữa, theo như mình hay uống cà phê thì mình sẽ phải gọi cà phê sữa ít sữa.
Phục vụ nhanh nhẹn không lâu lắc, vì mình thấy quán cà phê này có điểm đặc biệt là luôn luôn full bàn, đi uống buổi sáng, cứ có người ra thì có người vô, nhưng không hề có ai phải ngồi đợi hay đứng đợi, mà nhịp nhàng vô ra, làm mình thấy không khí ở đây đi uống cà phê như chất vậy đó. trên bảng hiệu vẫn còn từ ""đa tạ quý khách"" từ rất lâu rồi
Không gian cổ, bàn vuông rộng để được 4 cái laptop vẫn đủ.Xem thêm",35
268,Phương Trần,19/6/2018 21:46,8.2,"Quán nằm trên đường Lê Hồng Phong, đoạn đường vô khu công nghiệp, mình ăn ở đây thường xuyên lắm, một tuần chắc phải ăn ở đây 4 ngày rồi. Không gian quán cũng sạch sẽ lắm, khách ghé vô ăn cũng đông, mua rồi vô công ty ăn như mình cũng đông nhưng làm nhanh lắm, mua ở đây không sợ bị trễ giờ làm hihi. Cô bán tô bún bình thường là 13k mà nhiều lắm mình ăn không hết nên chỉ mua 10k thôi nhưng cô vẫn rất vui vẻ, thoải mái. Nước dùng cô nêm nếm không quá xuất sắc nhưng với 10k mình thấy ok lắm rồi.Xem thêm",36
269,Trang Ngọc,19/4/2018 22:31,8.2,"Quán này ở gần công ty mình, khúc trên gần khu công nghiệp Trà Nóc. Quán bán khá nhiều món, có thể lựa chọn hủ tiếu mì, bánh lọt, nuôi hay bún riêu. Cô bán giá cũng mềm, tầm 10-15k tùy mình kêu thôi à. Nước dùng nêm nếm vừa ăn lắm, không phải chỉ toàn bột ngọt như nhiều chỗ. Cô bán cũng vui vẻ lắm. Quán nhìn cũng tương đối sạch sẽ, có bàn ngồi lại nữa nhưng mình hay mua đem vô công ty ăn cho kịp giờ làm. Tô như hình là kiểu mix cả bánh lọt với nui :))Xem thêm",36
270,Phương Trần,29/3/2018 21:56,8.4,"Ngày nào đi làm mình cũng ghé mua đồ ăn sáng ở quán cô, bữa thì bánh lọt, bữa nui, bữa bún xào và hôm nay là bún riêu cua. Vẫn như thường lệ mình kêu bọc nhỏ chỉ có 10k như hình mình chụp thôi mà đổ ra một tô thiệt là đầy. Bún riêu nêm vừa ăn, cua nhà làm nên thơm và mềm lắm, giống như ở nhà nấu chứ không có trộn thêm gì, 2 miếng huyết, 2,3 miếng thịt, chỉ vậy thôi là đủ một buổi sáng ngon bổ rẻ cho nhân viên tụi mình rồi. Có dịp đi ngang bạn hãy ghé thử xem nhé.Xem thêm",36
271,Phương Trần,12/3/2018 20:45,8.4,"Ở gần khu công nghiệp mình ghé cũng rất nhiều quán bán điểm tâm sáng rồi, từ lúc ghé quán này là mình chỉ ghé đây thôi. Một tô bình thường là 13k nhưng mình ăn không hết, đổ ra tô là đầy tràn luôn nên lần này ghé mình nói cô làm ít thôi, thế là cô lấy có 10k hà nhưng cô vui vẻ lắm. Bánh lọt với nui rất ngon nhé, nước súp vừa miệng, tô 10k mà hai miếng thịt dày, 2 cục huyết rồi có gan nữa, ăn no luôn đấy. Có dịp các bạn đi Trà Nóc ghé ủng hộ cô nhé, qua khỏi trường tiểu học Trà An chút là thấy quán thôi.Xem thêm",36
