UserID,User,Review Time,Rating (10),Comment,RestaurantID
1,lê thị thảo,4/9/2024 8:33,5.0,nhân viên phục vụ quá chu đáoXem thêm,1
2,tướng thị Ly,30/8/2024 16:53,10,"Điểm đến tuyệt vời nhân viên phục vụ quá chu đáo, tôi rất hài lòngXem thêm",1
3,foodee_tco0xoci,25/8/2024 17:53,7.0,nhân vien nhiệt tình chu đaoXem thêm,1
4,Nguyễn Hương,18/8/2024 9:33,8.0,Đồ ăn ngon và đẹp mắt quáXem thêm,1
5,Phuong Thao,17/8/2024 15:13,5.0,Nhân viên phục vụ quá chu đáoXem thêm,1
6,Oanh Trần,17/8/2024 13:51,5.0,Nhân viên phục vụ chu đáo quá.Xem thêm,1
7,bebong,16/8/2024 18:42,9.8,Nhan vien phuc vu chu daoXem thêm,1
8,Tranthinga,15/8/2024 9:26,5.0,Phục vụ quá chu đáoXem thêm,1
9,thì công phạm,14/8/2024 17:11,5.0,Nhân viên phục vụ quá chu đáoXem thêm,1
10,Thị Nguyên Hoàng,14/8/2024 15:34,6.0,",Xem thêm",1
11,Văn Nguyễn,31/8/2018 10:14,3.2,"Đã từng ăn pizza hủ tíu và hủ tíu thường ở đây, rraast bình thường má giá thì cao.
Được cái các loại bánh bán kèm thì khá ngon, ví dụ như bánh da lợn.Xem thêm",2
12,Công Duy,8/8/2018 8:59,2.4,"Pizza hủ tiếu mà cứ tưởng mì xào giòn, có thể có chút lạ miệng nhưng với cái giá 50k thì mắc, không ngon và không có gì đặc biệt. Nếu có cơ hội cũng sẽ ko ghé laịXem thêm",2
13,Ngoc Le,5/7/2018 10:10,3.6,"Đã từng ăn 1 lần, Pizza hủ tiếu nói chung được cái lạ miệng thôi, theo mình đánh giá chỉ ăn 1 lần cho biết chứ không khiến bạn ghiền và muốn quay lại, Giá thành đắt 50k/ phần. Cái nước gì hình như là nước sake kêu thử uống bị cũ và có mùi hôi rồi. Nói chung sẽ không quay lại.Xem thêm",2
14,Nước Tràn Bờ,3/4/2018 21:00,6.6,"Đi chợ nổi xong thì ghe chở vô đây tham quan, chổ náy cũng ko rộng lắm, vô tham quan cách làm hủ tiếu, ai có muốn mua đồ lưu niệm thí cũng có luôn.Xem thêm",2
15,huynhanh11247,31/3/2018 13:42,7.0,"Hôm nay đi Chợ Nổi Cái Răng nên có dịp vào đây ăn thử pizza hủ tiếu - một đặc sản của cần thơ
Giá 50 ngàn. Mình thấy đĩa cũng to và rất ngon, lạ miệng, hủ tiếu chiên giòn với 1 lớp trứng phía trên và nhiều topping khác. Nhưng vẫn thấy hơi đắt xíu ak.
Ngoài ra mình còn uống nước mía lau 10k
Đến đây các bạn còn được thử trán bánh hủ tiếu, không biết phải gọi là gì nhưng dạng làm bánh trán 😇
Không gian bình thường, chỉ được cái pizza hủ tiếu nó lạ nên cũng thu hút khách. Có nhiều người nước ngoài đến đây tham quan, nhưng ăn thì thấy người Việt ăn nhiều 😁
Ngoài ra, tại đây cũng có bán nhiều món cho mình mua mang về, mình mua 1 ký hủ tiếu rau củ giá là 30k.Xem thêm",2
16,huy tran,25/3/2018 10:28,6.2,"Dân Cần Thơ mà lần đầu đi chỗ này, do có bạn ở Sg xuống nên dẫn nó đi sẵn đi luôn.

Theo mình thì khá là ok nếu đi cho biết cách làm hủ tiếu. Thấy mọi người chê chứ mình thấy pizza hủ tiếu ăn khá lạ miệng, và cũng ngon hehe. 50k thì thấy hơi cao so với mặt bằng chung CT thiệt, nhưng mà du lịch mà, đâu thể so với mấy quán bình thường. Thôi, cũng cỡ ly trÀ sữa thôi mà.

Nói chứ mình cũng sẽ không trả 50k để ăn một tô hủ tiếu nước bình thường, chứ để ăn pizza hủ tiếu thì ok.

Recommended!Xem thêm",2
17,Thảo Mai,24/3/2018 20:51,2.2,"1 dĩa vậy là 50k..quá đắt vì rất đơn giản chỉ có hủ tiếu chiên và 1 lớp trứng cực mỏng phía trên, kèm theo lai rai giá xà lách, 1 ít nước sốt, ko thấy gì thêm nữa cả :((
Quán ko để bảng giá. Khách đi team đông thì vui chào, khách đi 2-3 người thì mặt chầm dầm, nói chuyện ko thân thiện. Không gian thì thoáng mát có chỗ đậu xe rộng rãi nhưng trên bàn ăn thì không sạch sẽ vệ sinh dơ, rác từ khách đi trước còn cả đống ko dọn.Xem thêm",2
18,Thao Quyen,11/2/2018 10:07,2.8,"Do quán ở vị trí hơi xa nên mình không thường ghé quán, tuy nhiên mỗi khi có dịp đi ngang gia đình mình đều ghé ăn, thường thì cũng đc 1 lần 1 tháng. 
Hôm qua mình dẫn bạn đến giới thiệu cho bạn nào là món đặc sản, khách du lịch ai cũng ghé, quán đông lắm, đi trễ k có chỗ ngồi.....
Nhưng bạn mình ăn xong nói k ghé nữa đâu vì ăn xong cái pizza hủ tíu thấy k có j đặc sắc. Giống mỳ chiên giòn, chiên thêm cái trứng để trên mặt. Vệ sinh quán cũng k tốt. Giá tiền k xứng với chất lượng món ăn và dịch vụ. 
Hôm qua chủ quán tính tụi mình 50k/phần nói là giá tết. Mình nói giờ mà tính giá tết hả chị?
Nếu có 1 quán cũng kinh doanh món tương tự mình nghĩ quán sẽ khó giữ được khách.Xem thêm",2
19,Nguyễn  Thị Phương Dung,19/1/2018 2:25,7.4,"Ai mà đi chợ nổi Cái Răng thì địa điểm kế tiếp trong tour đi nếu chưa ăn sáng là chính là lò hủ tiếu Sáu Hoài này. 
   Địa điểm cũng khá nổi tiếng và trên tàu ta đi lại thẳng đây có bến lun.  Ngoài việc được ăn hủ tiếu người ta làm tại đây mà còn được nhìn thấy và chính tay làm hủ tiếu tươi. Đây vừa là dạng homestay có vườn trái cây, vừa là điểm dùng chân nghỉ ngơi ăn sáng. 
   Có bán hủ tiếu nước và pizza hủ tiếu. Mà hủ tiếu nước khách du lịch hay ăn. Mà tô hủ tiếu 50k ăn mún chết chưa hết. Ăn lại ngán vì hủ tiếu nhiều và nước soup cũng chưa hẳn là ngonXem thêm",2
20,Linh Dang,25/12/2017 9:34,7.0,"Cuối cùng cũng được quay lại đây để thưởng thức pizza hủ tiếu, vào không đúng mùa du lịch nên hơi vắng. Một phần 40k mà nhìn trên hình bé chứ bê ra to đùng luôn ^^.Xem thêm",2
21,foodee_713723cd,11/6/2022 21:54,6.4,Đi lúc 8h40 mua kem sl nhiều mà lúc đó kem chưa đông nv hẹn 20p nữa ngồi đợi ròng 20p đi vô nv bảo ngưng bán rồi hẹn mai ủa v hứa 20p chi cho ngồi chờ????Xem thêm,3
22,Khang Nguyễn,21/3/2021 12:08,2.6,Mình là khách thường xuyên đến kfc nhưng hôm nay mình đến ordel món lúc 11h43p đợi đến 12h vẫn chưa nhận được món trong khi khách vào sau lại được ưu tiên làm món trước. Còn rất nhiều khách phía sau đến trước nhưng k đc ỏdel. Mình chưa đánh gía món ăn ngon thế nào nhưng mình thấy thái độ phục vụ như vậy làm mình rất không hài lòng. Mình hi vọng sẽ k gặp lại tình trạng thế này nữaXem thêm,3
23,Trang Ngọc,19/8/2018 22:07,8.0,"Bữa đi siêu thị đi ngang chỗ này thèm gà quá nên ghé vào ăn luôn. Quán nằm trong siêu thịt Big C, đối diện với cà phê Trung Nguyên Legend. Không gian quán khá rộng và có cả view để có thể nhìn được ra bên ngoài nữa. Như hình là một miếng gà của quán, hình như là phần ức gà thì phải. Mình ưng nhất là lớp bột bên ngoài của quán, ăn giòn tan luôn. Gà bên trong là gà không tẩm ướt gia vị vì vậy cần chấm một loại tương ớt hay tương cà gì đó mùi vị sẽ ngon hơn và đỡ ngán.Xem thêm",3
24,Ron Swift,17/8/2018 22:53,7.8,"Đối với món gà rán thì KFC luôn là lựa chọn số 1 của mình, trừ khi các brand khác như Lotteria có khuyến mãi khủng hay giảm giá,…vị của miếng gà và loại bột áo bên ngoài của KFC làm mình rất thích, có vị vừa ăn. Mình thích nhất là gà giòn cay, vị cay cay ăn không ngán. Mình ăn một miếng là no luôn, thường hay gọi ức, cánh với đùi thì hơi ít thịt. Không gian ở KFC BigC thì to, với cả có view nhìn ra ngoài nên vui hơn bên Vin mart, tiện mua sắm.Xem thêm",3
25,dorii,27/6/2018 18:29,1.0,"Đặt combo 3 đùi gà với 3 cánh mà chỉ có 2 đùi+ ứt và 3 phần cánh gà thì chỉ được 1/2 cánh... 
> tệ. :(Xem thêm",3
26,Thái Nghiêm,18/6/2018 13:55,1.0,Đã có địa chỉ nhưng vẫn không biết đường và tự ý hủy đơn hàngXem thêm,3
27,Phạm Trần Phương Trâm,16/6/2018 4:02,8.0,"Bữa thèm gà quá sẵn đi siêu thị big C nên đã ghé quán để dùng bữa luôn. Quán này nằm bên trong siêu thị dễ tìm lắm. Không gian cũng khá rộng, trang trí cũng giống các cửa hàng khác của nhãn hàng KFC. Như hình là 2 miếng gà chiên của quán, ấn tượng đầu tiên của mình là mặc dù mình đi mua đồ, quay trở lại thì miếng gà vẫn nóng :3, gà cắn vào giòn tan, ăn ngon lắm á. Mình ăn 2 phần là no luôn nhưng chỉ tiêu tốn 70k mà thôi :3. Phục vụ thì khá tận tình và chuyên nghiệp.Xem thêm",3
28,Truchuynh,8/6/2018 20:44,5.0,Gà k. NóngXem thêm,3
29,Rachel Smith,23/5/2018 16:26,7.0,"Đi siêu thị nên sẵn mình ghé mua KFC về cho mấy đứa nhỏ nhà mình lun. 
Phần mình mua là 239k. Gồm 5 miếng gà vảy bắp, ăn cũng khá là miệng, thơm mùi phô mai xíu.
Khoai tây không biết là do mang về hay sao mà k đc giòn cho lắm, mình thấy khá là mềm.
Pepsi của KFC uống khá là ngon lun ^^
Combo này bao gồm 5 miếng gà vảy bắp, 1 khoai jumbo, 3 pepsi.Xem thêm",3
30,Hoàng Huy,19/5/2018 13:39,8.0,"Mỗi lần đi siêu thị ra thì hay qua đây để ăn lắm luôn, tuy quán hơi vắng nhưng vẫn ok nhe, đồ ăn ở đây thì chất lượng nào giờ rồi đi với đứa bạn gọi có 2 món à mà theo dạng combo nên nhiều lắm luôn ăn mà no muốn sấp mặt ấy, giá cả có phần hơi cao so với mấy quán gà rán khác nhe vì chất lượng ở đây cũng được đảm bảo và đồ ăn cũng ngon hơn nên cũng thấy xứng đáng, nhân viên phục vụ chu đáo và thân thiện lắm nheXem thêm",3
31,Kim Ngân,16/1/2020 23:06,3.8,"Lotteria chỉ có mỳ ý là ăn được còn gà thì thua xa mấy chỗ khác, 36k miếng gà bé tí tẹo toàn xương. Gà bé mà cái dĩa đựng to đùng. Ăn bình thường mà lại đắt hơn jolliebe. Thất vọngXem thêm",4
32,Nguyễn  Thị Phương Dung,19/11/2018 22:35,7.8,"Còn trong tháng 11 nên còn combo Hot gà và spaghetti nè cộng thêm 1 ly pepsi nhỏ nữa là tốn 40k thui mà no say lun. 
   Mua gà rán thì tặng thêm phần mì ý or là hamburger á này trong chương trình khuyến mãi nên có gì order hỏi nhân viên họ sẽ chỉ tuy nhiên trên tinh thần mình đã biết nhé chứ ko biết nhân viên họ cũng ko hề nhắc gì đến đâu 😁. Thêm nữa là combo gà +mì ý or hamburger sẽ tốn 35k và sẽ tốn thêm 5k cho ly nước size S nhưng nhân viên sẽ ko nhắc bạn đc size S mà sẽ hỏi bạn mún up size M hay L là vừa hay lớn thì bạn sẽ bị tốn 10k thức là thành 45k thay vì 35k. Mà theo mình thì lấy ky nước vừa là quá nhiều nên size nhỏ đã đủ uống rồi. Tốt nhất là vô cứ như chương trình bạn đã đọc đã nghe chứ đừng suy nghĩ thêm khi nhân viên hỏi.... Như gài hàng zXem thêm",4
33,Hoàng Huy,17/11/2018 15:03,8.0,"Hôm nay mình có đi siêu thị bên big c sẵn tiện mình có ghé qua quán này để ăn, mình mua 1 phần combo burger + khoai tây lắc xí muội + nước ngọt để uống, theo mình cảm nhận thì burger của quán khá là ngon nhe, mình gọi 1 là burger cá phi lê để ăn, vị khá là ngon ấy, cá phi lê nên không có tý xương ăn ngon cực kỳ luôn nhe, khoai tây lắc thì nhiều lắm nhe, ăn 1 phần combo như vậy xong ta nói no căng cái bụng luôn ấy chứXem thêm",4
34,Hoàng Huy,16/9/2018 15:35,8.0,"Trưa cuối tuần có dịp đi siêu thị nên sẵn tiện ghé qua quán này để ăn trưa luôn, mình có gọi 1 phần hamburger để ăn, ta nói vị khá là ngon và vừa miệng nhe, thịt thà cũng ok lắm luôn ấy, vỏ bánh mềm và ngon lắm nhe, quán đi dịp cuối tuần nên cũng khá là đông khách ấy chứ, không gian quán cũng rộng rãi và thoáng mát lắm luôn nhe, nhân viên quán khá là lịch sự, phục vụ cũng nhanh lẹ lắm luôn ấy chứ, nên mình cũng ưng ý quán này lắm luôn ấyXem thêm",4
35,Trần Anh,14/8/2018 11:56,7.8,"Thường mỗi cuối tuần mình cũng hay dẫn cháu đi siêu thị Big C chơi, mà hễ ghé ngang qua đây là 2 bé ấy lại đòi ăn kem cho bằng được. Thật thì mình thấy trong các hãng như Lotteria, KFC, Jollibee thì mình thấy kem ở Lotteria là ngon nhất, với lại có giá cũng ok nhất luôn đó.
Mình hay mua vào dịp kem cây chỉ có giá 3k 1 cây với kem vani, và 5k 1 cây với kem socola mà thường thì kem socola của Lotteria chỉ có rắc sốt socola lên trên bề mặt kem thôi chứ không có nhúng cả cây kem vào socola như nhiều chỗ khác. Kem vani ngon, vị kem ngọt vừa mà kem không lỏng, với lại bánh của kem cũng không quá cứng, mềm mềm nên con nít sẽ thích ăn hơn.
Ngoài món kem thì các món như gà rán hay là khoai tây chiên cũng ổn lắm ^^Xem thêm",4
36,Hoang Phuong Do,15/6/2018 22:42,8.4,"Lần nào đi siêu thị mà đi ngang chổ này là chịu hỗng có nổi, ứ ứ nhắc tới lại thèm cái món gà phô mai rồi.
- về không gian: không gian rộng rãi, mát mẻ. Cách trang trí cũng khá hợp mắt, tuy nhiên lại không thích đèn màu vàng lắm.
- về món ăn: hầu như các món ở đây đều hợp khẩu vị, thích nhất là món gà phô mai. Lớp bột bên ngoài giòn tan, miếng gà nóng hổi lại thơm nức mũi, kết hợp thêm lớp cheese béo béo bùi bùi, hời ơi ngon dựt nách luôn.
- về phục vụ: nhân viên vui tính, mà hầu như tự phục vụ là chính.Xem thêm",4
37,Da  Beo,5/6/2018 15:07,7.2,"Lâu rồi mình mới trở lại chi nhánh ở đây ăn gà rán đó. Vì nằm ở big C xa quá nên thỉnh thoảng có dịp đi siêu thị mới ghé đây ăn. Mình và đứa bạn kêu gà phô mai gì đó quên rồi nhưng ăn thấy đậm đà và khá ổn. Vị phô mai làm cho thịt gà trở nên béo và thơm hơn hẳn, nêm nếm miếng gà cũng vừa miệng khỏi cần chấm thêm sốt tương gì cả. Hai đứa ăn gà no nốc luôn mà chỉ tốn có hơn 100k thôi thấy cũng hài lòng.Xem thêm",4
38,Hoàng Huy,19/5/2018 13:21,8.0,"Đi siêu thị ra sớm nên có dịp tấp vào quán này để ăn cái burger thấy đồ ăn ngon giá cả cũng vừa phải lắm nhe, vỏ bánh burger phải nói là cực kỳ mềm mịn luôn ấy ăn mà sướng cái miệng lắm luôn kìa, mình thích burger cá của quán lắm luôn vị ngon mà ăn đỡ ngán hơn mấy loại burger kia nữa nhe, tương ớt ở quán này mình thấy vị the và cay nhất trong mấy loại cửa hàng fast food mình từng được ăn rồi ấy, quán hơi vắng nên phục vụ cũng có phần nhanh hơnXem thêm",4
39,Rachel Smith,15/4/2018 15:19,7.0,"Thật sự đã rất lâu rồi mình mới đến lotteria. Dạo này cũng có khá nhiều món mới.
Mình gọi 1 cơm heo phô mai, 1 gà lắc, 1 khoai lắc. Ăn cũng khá ổn. Cơm đối vs mình thì hơi khô 😁😁😁Xem thêm",4
40,Haku Yen,29/3/2018 22:37,8.0,Mặc dù là phần ăn khuyến mãi nhưng vẫn chất lượng như phần ăn bình thường. Không gian rộng rãi thoải mái và phục vụ cũng ok. Chịu.Xem thêm,4
41,vu.huong89,15/7/2024 15:13,10,"Nhà hàng có vị trí đẹp 10 điểm, món ăn ngon 10 điểm,  phục vụ nhiệt tình 10 điểm, nói chung là Ok giá cả phải chăng. Không gian đẹp 10 điểm.Xem thêm",5
42,Thu Nguyen,24/2/2020 10:38,8.2,Mjk cũng khá thích pizza nên hay mua ăn và cảm thấy pizza hut ngon hơn so với những chổ khác. Bánh nóng và mềm. Đế ko dày ko mỏng vị phù hợp với mjk. Nếu chưa thử các bạn có thể thử xem vì ko phí tiền đâu.Xem thêm,5
43,Nguyễn Nguyễn,15/10/2019 22:26,8.2,"Mình đi ăn sinh nhật ở quán. Quán trang trí đẹp và thoải mái, có đều quán nhỏ thật. Mình gọi 1 pizza mặt trời. Pizza ngon, vừa đem ra ăn là thích nhất. Nhân viên dễ thương lắm 😘. Tại mình có đem bánh kem theo nên phải mượn dĩa của quán, mà mấy bạn nhân viên vẫn vui vẻ nhiệt tình.Xem thêm",5
44,Xuyen Bảo,8/12/2018 13:12,8.6,"Mình bị nghiện pizza ở đây, khuyến mãi mua 1 tặng 1 nên tinhd ra giá cũng khá rẻXem thêm",5
45,Thy Lý,6/10/2018 9:07,7.6,😍Xem thêm,5
46,Quăn Quăn,19/9/2018 23:29,8.0,"Ói đến Pizza Hut thì khỏi phải bàn cải rồi. Hình như là thương hiệu chuổi Pizza đầu tiên ở Cần Thơ, nằm ở tầng 1 Big C. Tới giờ, Cần Thơ đã có nhiều hiệu bánh Pizaa khác từ chuỗi thương hiệu đến những hiệu bánh riêng ở Cần Thơ nhưng Hut vẫn có 1 lượng khách riêng, 1 phần vì bánh và 1 phần chắc do lượng khách đi Big C.
Cơ sở vật chất ở đây không còn mới nữa nhưng nhìn chung vẫn chấp nhận được, sạch sẽ. Nhân viên phục vụ tốt, chuyên nghiệp. nhưng lần này mình đến đây thấy nhân viên thì ít, kiểu nhưu quán sắp đóng cửa, không có tinh thần luônXem thêm",5
47,Tambourine Tim,19/8/2018 21:39,7.6,"Salad cá ngừ của Pizza Hut là món đáng để thử lắm, kết hợp của rất nhiều loại rau củ thêm phần sốt vừa ăn, bổ dưỡng và đẹp da. Cái này gọi combo sẽ có và giá cũng mềm hơn. Pizza hải sản hình hoa là pizza ngon nhất rồi. Chọn đế dày để tạo cảm giác bánh béo và mềm hơn. Pizza xúc xích nướng với phần đế mỏng ăn ngon nhưng chỉ có 1 nguyên liệu chính là xúc xích thôi nên ko quá đặc sắc, món này có thể là gu củ mấy bạn mê fast food và ko thích rau.Xem thêm",5
48,Truong Tang,17/7/2018 21:28,7.8,Pizza phô mai béo và bánh phô mai cuộn cho khẩu vị lạ miệng hơn. Chesse mềm và thơmXem thêm,5
49,Mai Trần,17/7/2018 16:16,7.4,"Mình đã ăn pizza hut bao nhiêu lần rồi nhưng lần này thì quá thất vọng, hay mình xui hay sao. Mình đặt hàng qua delivery thì giao tới cho mình là hai cái bánh đen thui, khẹt nghẹt, mình nhìn mình chả muốn ăn luôn. Ăn bao nhiêu lần pizza hut rồi thấy ngon nên mới ăn, lâu lâu vẫn gặp khét hay đen đen tí thui, nhưng mình cũng tạm chấp nhận được nhưng lần này mình rất bực bội mong mấy bạn làm bếp xem lại nếu có lỡ làm ra cái bánh như vậy thì cũng xem xét làm lại cái khác chứ như vậy mà đem cho khách ăn sao.Xem thêm",5
50,Hoàng Huy,16/7/2018 15:31,8.0,"Hôm nay mình có đặt bánh pizza qua Now.vn, mình gọi 1 phần bánh nhỏ để ăn, theo mình cảm nhận thì bánh giao tới nơi còn nóng hỏi luôn ấy, hương vị và nhân bánh cũng khá là đa dạng lắm luôn nhe, mình thấy ở đây hay có mấy chương trình khuyến mãi lắm, vỏ bánh pizza không quá dày hay quá khô ăn rất là vừa miệng không có dễ ngán như phần bánh đế dày, lớp phô mai cũng nhiều lắm nên nhìn khá là hấp dẫn lắm luôn ấy, nhân viên giao hàng nhanh nhẹn và thân thiện lắmXem thêm",5
51,Hồng Thanh Nguyễn,21/7/2021 11:24,6.0,Co bán ko quánXem thêm,6
52,Boo Natsume,26/11/2019 22:38,1.0,Hôm nay t đi ăn 2 người. Nhưng t lỡ tay làm đổ 1 chén  mắm tôm vào người. Ừa thì t biết lỗi t t không nói đi. Cái nói ở đây là thái độ nhân viên kiểu xì xầm cười ha há hô hố. Không chạy lại phụ lau còn kiểu tụm đứng thù lù 1 đống. T cũng ráng chạy vào nhà vệ sinh để rửa sơ áo. Nhưng đến trước mặt nhân viên thì nó đưa 1 bịch khăn giấy chưa bóc tem luôn. Trong khi tay t dính đầy mắm tôm. Vậy thử hỏi t lấy khăn giấy ra bằng cách nào. Đứng im 1 hồi mới có người khác lấy ra giùm 1 sấp khăn. Chưa kể lúc t rửa áo tay chân xong ngồi lại bàn tụi nhân viên vẫn đứng nhìn t như thú lạ.nhìn chăm chăm nổi điên không.  Chén mắm tôm bị đổ cũng làm biếng thay chén khác để vậy luôn. Tức quá mà nên t có nói móc với người thân kiểu nội bị nhìn không cũng nuốt hết nổi.  Cái thái độ phục vụ khi khách gặp rắc rối xử lý quá tệ. Nói thẳng ra còn thua phục vụ vỉa hè lề đường. Nhân viên mà còn thua nhân viên. Cũng dân sinh viên ăn học. Nhắm phục vụ tốt hãy đi làm. Toàn phục vụ những người lớn tuổi hơn mà thái độ thụ động ù lỳ . đi mà học hỏi nhân viên mọi nơi khác hé.  Khách hàng là thượng đế. đi ra đời ai cũng ngang hàng bình đẳng. Nhưng đã làm nghề phục vụ thì làm ơn làm trọn vẹn. T là mối ruột quán từ lúc khai trương tới giờ. Nhưng t không bao giờ quay lại nữa. Nhìn cảnh tượng ráng nuốt trôi không thôi phí tiền. Nuốt cục tức. 😡😡😡 . Rồi t chả biết khi t về tụi nó còn nói tụm năm tụm ba gì sau lưng không. Chắc là có đó vì t tỏ thái độ rõ rệt không hài lòng.  Thử đặt trường hợp là mình bị đổ như vậy không ai ra phụ mà còn đứng đó cười rồi ù lỳ coi cảm giác ra sao. Đã lựa nghề làm thêm thì chấp nhận khách hàng là thượng đế rồi vậy mà cũng không làm được. Thôi thì ở nhà luôn cho rồi hé.Xem thêm,6
53,Ngọc Ngân,29/8/2019 17:27,6.0,"Bún đậu rất ngon, nhân viên dễ thương. Tất cả đều ổn trừ thái độ của bảo vệ. Không thèm dắt xe cho khách, liếc khách một cách khinh thường. Thật sự thất vọng, sẽ không ghé lại nữa.Xem thêm",6
54,Winter Phan,11/7/2019 19:52,10,"Ngon bổ rẻ là đây 😆
Mình là con tôn thờ món Bún đậu này luôn í, tuần nào cũng phải ăn 2-3 lần. Phải nói ăn siêu nhiều nơi. Thưởng thức nhiều thương hiệu tại Cần thơ rùi.
Ở Bảo Ngọc ưu điểm là cách pha nước chấm đúng vị miền Tây, hảo ngọt, thơm thoang thoảng mùi mắm tôm thôi, ko quá đậm mùi mắm và mặn như đúng gốc món bún đậu miền Bắc, vì nếu đúng vị chắc là mình ăn không nổi đâu 🤧 
Cho rau nhiều lắm nhé, với người ăn rau cực nhiều như mình thì dù có mua rau thêm thì ở đây bán cũng rẻ luôn, chỉ 3k thôi.
Phần bún đặc biệt có rất nhiều topping 😀 “Dòi” là món Bảo Ngọc làm khéo nhất, rất vừa ăn, dai vừa phải. Dùng Thịt bắp giò chứ không dùng ba rọi như vài nơi, ăn không bị ngán. 
Tóm lại khoản nào cũng ưng. 10 điểm nếu bạn đòi hỏi 1 mâm bún đậu chuẩn vị miền Tây. 👏🏼
Góp ý 1 xíu: mình đã có nhiều nơi áp dụng dùng hộp nhựa cứng an toàn hơn dùng hộp xốp, Bảo Ngọc rất nên cải tiến phần đấy nhé!Xem thêm",6
55,Trinh Châu,5/3/2019 13:46,7.2,"Đi từ hường trường Đại Học Cần Thơ (đường 3/2) rẽ phải vào hẻm 51 -> rẽ trái chỗ ngã ba -> thấy quán nằm tay phải (ngay góc đường)
Quán mở cửa lúc 10h, nhưng do mới mở nên phải chờ 20p mới có ăn. Tốt nhất nên đến sau 10h45 thì chỉ cần chờ 10p thôi.
Phần đặc biệt 1 người 45k: Có dồi trường chiên (3 khoanh), lòng heo chiên (4 cái, hơi đắng), 1 nem chiên, 1 chả chiên, 4 lát giò heo, tàu hủ chiên.....
Đặc biệt nước chấm (mắm tôm) đã được pha sẵn rất vừa ăn.
Đối với quán có không gian nhỏ thì xem như đông khách: phía trước mình đã có 5 người chờ và sau mình thêm 4 người nữa.Xem thêm",6
56,Hùng Đỗ,13/1/2019 18:16,8.8,Đậm chất bắc ...Xem thêm,6
57,Phan Thị Hồng Oanh,10/12/2018 14:25,8.0,"Quán đầu tiên chọn đến khi muốn ăn dồi, phèo chiên. Chỉ có mỗi cần thơ thấy nơi đây cho phèo nên cực thích. Dòn ngon nhưng bù lại thời gian làm quá lâu và không gian quán bị nóng. Thích hợp mua mang vềXem thêm",6
58,Giang Hà,13/11/2018 11:32,10,Ngon :3Xem thêm,6
59,Hùng Đỗ,7/11/2018 3:06,9.0,Chuẩn bún đậu...Xem thêm,6
60,Hùng Đỗ,14/8/2018 13:37,9.0,"Hẻm 51 đường 3/2, vị trí cũng dễ tìm, từ đầu hẻm vô tới ngã ba là thấy liền.Xem thêm",6
61,Quăn Quăn,16/2/2018 11:08,5.6,"Không gian: rộng rãi, sạch sẽ và rất đẹp nữa, không gian mới rồi nha, đổi phong cách rồi, giờ để bàn ghế như quán ở shophouse vậy đó
Nước uống vẫn vậy thôi, nhưng mà giờ muốn uống thì tự lại quầy order và trả tiền chứ không ai lại hỏi nữa. Cà phê các bạn uống số càng nhỏ thì càng rẻ, còn uống cà phê sữa thì nên uống số lớn xíu vì nó thơm hơn.
Menu: vẫn là các thức uống cà phê, đá xay.
Giá tiền: nhưng giá tiền đã tăng lên rất nhiều rồi.
Nhà vệ sinh: không có nhà vệ sinh mà các bạn phải đi nhà vệ sinh của siêu thị bigc.Xem thêm",7
62,Diễm Chi,6/2/2018 9:17,8.4,"Chiều nhẹ ghé đây uống bạc xỉu đá nè.
Không gian đẹp thoáng và chọn ngay 1 góc đọc mấy cuốn sách để đời cũng ổn lắm nha, Nước lọc cung tự phục vụ nha nhưng không biết hỏi bạn nhân viên thì bạn ấy lấy dùm mình nữa, thích ghê á, Bàn ghế nhiều góc bạn có thể chọn và ngồi. Bạc xỉu phân tầng đẹp mắt cà uống khá là ngon luôn nha.
hông gian tuyệt cho việc đọc sách hoặc hưởng nắng mỗi ngày ấy nha, sách được đọc miễn phí nữa nha.
Sẽ quay lại nữa nhaXem thêm",7
63,Huyền Nguyễn,3/11/2017 12:22,6.8,Gần chiều nắng nhẹ nhàng đi siêu thị và ghé đây uống nước luôn nè. Mình ghé mà không uống cafe nghe lạ lạ mà tánh thích đi thôi chứ hiếm khi uống cafe. Mình kêu 1 ly ép thơm. Khá hấp dẫn và giá chát ngầm hơn 40k. So deep bao ảo luôn rồi. Nước ép thanh mát mà giá hơi cao xíu. Nhân viên khá ok mà theo phong cách tự phục vụ mà ngta k biết chỗ lấy sau ngta tự phục vụ được nhỉ. Nhiều khi thắc mắc mà hỏi là phải nhìn vô nói. Nhân viên cần quan tâm KH hơnXem thêm,7
64,Huyền Nguyễn,14/10/2017 8:06,7.0,"Ghé trung nguyên uống bạc xỉu nè.
Thấy coa bán thêm bánh ngọt ăn kèm mà tận 4× nên không đụng vào ẻm luôn. Giá quá nhẹ nhàng mà. Bạc xỉu quyện được sữa béo béo thơm thơm hấp dẫn. Decor bạc xỉu tầg luôn nên bắt mắt ngồi vào đầu giờ chiều thì khá nóng và nắng nếu cuối giờ chiều sẽ mát mẻ hơn nhiều nha. Coa bán kèm thêm cafe nữa nha. Nên ai có nhu cầu coa thể mua trực tiếp tại đây luôn mà không lo hàng không chất lượng nha. Hẹn sẽ quay lạiXem thêm",7
65,Huyền Nguyễn,13/9/2017 15:37,6.8,Vào trung nguyên uống dừa nghe vẻ lầy nhỉ mà khổ cái k quen nên chấp nhận. Mai mốt gắng tập thưởng thức tinh túy này xem ntn. Bigc vào chiều chỗ này mát mẻ lắm à nha. Nhân viên thấy cũng ok mà chờ khách chọn món k đc. Kêu khách lát lại bàn gọi đi. Không hiểu là sao lại vậy luôn nhể. Bàn ghế sắp xếp gọn gàng. Đẹp. Thoáng. Mát. Dừa lạnh tươi. Ngồi khá thoải mái nha. Sẽ quay lại nhưng mong thái độ nhân viên tốt hơn này nhé chứ k lẽ v mà mất điểm thì kìXem thêm,7
66,Duy @khoa,26/2/2017 22:27,7.4,"📍 vị trí của quán nằm trong siêu thị big c ở tầng trệt
🏡 không gian tương đối thôi nhưng ngồi ở đây cũng thoải mái
📝 menu cũng có nhiều món nhưng chủ yếu ở đây là cafe. Bạn nào mà là dân sành cafe hay dân ghiền cafe thì đây cũng là một trong những chọn lựa.
🍽🍧cafe thơm lắm, để trong ly sứ màu trắng trang trí đơn giản thôi nhưng mà cũng thấy khá là đẹp. Cafe ở đây chất lượng nè
💰 giá cả thì hơi đắt nhé
🕴 phục vụ lịch sự vui vẻXem thêm",7
67,Tóc Tím,22/2/2017 13:44,7.6,"Lâu lâu lại ghé bigc mua đồ, thì sẵn tiện ghé trung nguyên uống cà phê như mọi khi luôn, đi đông ở đây, phải ghép bàn, khổ thật, mình chọn ca cao nóng vì ở đây mình biết gọi cacao sữa nóng sẽ được vẽ hình, lần này được cái hoa cũng khá xinh. phục vụ ở đây tệ hơn ở Trung Nguyên 30-4 nhân viên và không gian uống tách biệt 1 lối đi, thế là nhân viên ở quầy, muốn gì cũng khó kêu, và nhân viên thì không chú ý khách. ở đây cũng có bán cà phê như bên 30-4 nếu thích bạn có thể mua mang về.Xem thêm",7
68,Nhẫn Nguyễn,12/2/2017 2:42,8.2,"Thích nhất là mấy loại nước có trang trí vẽ hình ở trên đồ ấy trông đẹp và rất thích, chủ yếu là được checkin cho đẹp mắt. Không gian rộng rãi thoáng mát nhưng thích ở ngoài hơn vì chụp hình là bao đẹp. Giá cả hơi chát nhưng hài lòng vì chất lượng. Đến ly trà cũng là thảo mộc vị lạ chứ không vừa. Khăn lạnh thì cũng tính tiền thêm luôn nha. Nói chung lâu lâu có tiền rủng rỉnh thì vào 1 lần thôi. Còn câu slogan trên bảng kẹp hoá đơn nghe có vẻ hơi phân biệtXem thêm",7
69,Tường Vi Phạm Nguyễn,27/11/2016 22:32,7.4,"Vào Trung Nguyên uống cafe là đúng chất rồi. Từ vị cafe nguyên chất đến trang trí trên tách cafe đều hoàn hảo. Không gian cũng rất đẹp, phù hopej cho việc tiếp khách, ngồi làm việc. Nhưng có 2 điều mình không thích tại Trung Nguyên là nước trà đậu uống tráng miệng, độc lạ quá nên mình cũng không uống được luôn, chỉ ngửi mùi thui là đã muốn bỏ. Nhân viên thì không quan tâm đến khách hàng, lo làm việc riêng không. Mình vào ngồi gần 1 tiếng mới có nhân viên đến hỏi uống gì đến khi thanh toán cũng không ai thèm đếm xỉa. Nói chung nhân viên phục vụ quá tệXem thêm",7
70,Long Thần Bạo,29/7/2016 12:17,7.0,"Mấy chế đẹp làm chung nghe mình nói đi ăn đồ Gia Lai là cười cười phán liền : "" ra Trung Nguyên nữa chứ đâu ??? Mà làm gì ra đó suốt thế gái, ra quán cafe toàn để ăn là chính, Cần Thơ thiếu gì món ngon- quán đẹp e ??? "".  Hé hé ! Biết nàm sao bi chừ ??  Ng ta nói "" đi ăn quán giống như đi coi mắt chồng tươi lai vậy á"" ! 😊 ! Đổ rồi thì có ở giữa 1000 ng vẫn chọn đúng 1 ng đó thôi không ai tốt hơn đc nữa !! 
- Phở khô Gia Lai vẫn ngon như bên 30/4 không có gì để phàn nàn ( 1 tô lớn đựng phở và 1 chén nhỏ súp thịt bò , 1 dĩa nhỏ tương xay) . Vị vừa có mặn của tương , ngọt của thịt , chua của chanh , béo của dầu , lạc lạc của phở , cay của ớt và vị chan chát của rau tươi ! 
- Nước hôm nay vẫn là nước ép trái cây nhưng là chanh dây !
- Background : vẫn là 1 kiểu không gian nhưng giờ ăn trưa muộn khách ở Big C và cả TN khá thưa - yên tĩnh ( thích quá đi mất ! Chả lẽ ngồi ở đấy luôn chứ !😚)Xem thêm",7
71,Rachel Smith,17/8/2021 21:08,8.4,"Ở đây đặc sản là món má heo nướng, quán sẽ xem bạn đi bao nhiêu ng và bán dĩa má heo theo giá tiền phù hợp với số lượng thực khách.

Ngoài món má heo vedette ra còn có các món nhậu khác từ nướng, xào, lẩu cho bạn lựa chọnXem thêm",8
72,Phương Dung,17/8/2019 22:30,9.4,"Má heo và sườn nướng siêu ngon
Chỉ nên kêu phần 120k hết thì gọi thêm , đừng gọi qá nhiều cô ướp hơi ngọt lắm ạ 
Họi phần 120k cô nêm vừa tay ăn sẽ cảm thấy rất ngon đó ạXem thêm",8
73,Hoang Phuong Do,4/10/2018 22:24,7.8,"* biết bao lâu rồi mới quay lại đây ăn, vẫn cái hương vị ngon khó cưỡng không thể nào quên được.
- về không gian: quán rộng rãi, sạch sẽ. Bãi xe trong quán luôn nên khỏi sợ nắng mưa, cơ mà ngồi kế lò nướng nên nóng muốn xỉu hà.
- về món ăn: hai người ăn thì tầm 100 nghìn thôi, khá là rẻ nha, hai ngưòi ăn no bể bụng luôn. ai muốn ăn bò mỹ bò pháp bò nhật các thứ thì có thể mua chỗ khác đem đến nướng chung. Rau ăn kèm thì hơi kém đa dạng.
- về phục vụ: nhiệt tình và vui vẻXem thêm",8
74,RachelT,30/7/2018 23:02,9.8,"Mình rất thích quán này , chủ quán dễ thương và nhiệt tình , sạch sẽ. Ngoài ra đồ ăn rất ngon , má heo ăn thấm gia vị . Cái má heo 2 người ăn có 100k nhưng rất nhiều . Sẽ thường xuyên đến đây 😍😍😍Xem thêm",8
75,Phương Trần,3/5/2018 21:53,9.0,"Quán hơi khó tìm chút xíu nhưng do ngon nên khó đến đâu các bạn trẻ cũng sẽ tìm đến nhé. Quán cũng khá xa nhà mình nhưng muốn ăn đồ nướng là mình tới quán thôi. Không gian quán khá đơn giản như những quán nhậu nhỏ nhỏ vậy đó. Nhân viên cũng dễ thương, phục vụ nhanh. Phần như bạn thấy trong hình là 2 người ăn thoải mái nhé, thịt tươi ngon, ướp rất vừa miệng và có cái đặc trưng riêng nữa, ít chỗ nào làm giống lắm. Ở quán có má heo nướng với các loại lẩu nữa, nghe đâu cũng ngon lắm, hôm nào mình tới ăn mới được.Xem thêm",8
76,Phương Trần,26/3/2018 22:24,8.4,"Lâu ngày gặp lại, đám bạn tôi quyết định tiến thẳng đến con  đường Hàng Xoài, nơi có quán má heo nướng nổi tiếng. Quán còn nhiều món khác như lẩu vịt nấu chao, các món trâu, bò hầm nhưng để ý thấy hầu như ai cũng ưa dùng má heo nướng cả. Phần thịt ướp nước sốt vừa phải, chỉ có nước chao chấm pha hơi ngọt quá thành thử mình ăn được một lúc thì không chấm nữa, chuyển qua chấm muối tiêu chanh. Về người phục vụ thì mình thấy chú trông xe khá dễ thương, hướng dẫn mình sử dụng bình xịt nước xịt lên than khi lửa to, còn các cô phục vụ thì nhìn có vẻ không hào hứng lắm, nghe bạn mình nói nó thấy việc này như cơm bữa nên thôi, bọn mình thấy vui và ăn ngon là được.Xem thêm",8
77,Hoang Phuong Do,11/10/2017 21:28,7.6,"Lần trở lại với quán này vì nơi đây vừa ngon lại vừa rẻ nữa.
Mang tiếng là quán nhậu nhưng đến đây chủ yếu để ăn thôi.
Chị chủ quán ờ đây phục vụ nhiệt tình phải biết. Mình đi hai người, vừa ngồi xuống là chị đon đả ra tư vấn nhiệt tình là ăn bao nhiêu là đủ, gọi hông hề dư luôn nhé.
Mình gọi một phần má heo nướng, thịt không à, đã lắm, mới nhìn lã đã thấy ngon mắt rồi. Được ướp đậm đà và vừa ăn lắm nhe.
Dĩa rau ăn kèm hơi ít, nhưng không sao cả. 
Giá rẻ bèo à.Xem thêm",8
78,Thanh Tran,19/9/2017 23:08,7.2,"Bà chị về thăm đám trẻ, đám trẻ dắt đi ăn quán này, thịt ướp siêu ngon, ăn siêu đã miệng, xương nhiều nhưng ăn vẫn sướng, quán bán theo đầu người, vì là một quán bình dân nên không có sự rõ ràng lắm, đó là nhược điểm.
Nhưng bạn cũng yên tâm vì giá hợp lý phải chăng nên mình cũng không đáng bận tâm, 1 dĩa hình như 80k hoặc 100k, mình đi lâu rồi ko biết giờ có lên giá ko.
Ngoài ra menu còn nhiều món khác nữa á, mà công nhận ngồi ăn thịt không mà no thì chỉ có 351 hénXem thêm",8
79,Hoang Phuong Do,5/9/2017 21:48,8.0,"Mặc dù đây là một quán nhậu nhưng đa phần đến đây chỉ ắn mà thôi.
Không gian quán lớn mà thoáng mát lắm nhe.
Mình cực thích đồ nướng ở đây nhe. Một dĩa to đùng 2 người ăn hông hết luôn mà hình như chỉ 100 mấy á hông nhớ nữa, thịt được ướp vừa ăn, thịt tươi lắm nhe.
Mỳ xào cũng ngon nữa, một dĩa là ăn no ứ hự luôn. 
Tiết một điều là hông có kèm rau ăn chung với thịt nướng thôi hihihi
Chị chủ quán max nhiệt tình luôn, tư vấn thiệt kỹ xem ăn bao nhiêu là đủ, hông sợ bỏ lại đâuXem thêm",8
80,Danh Nguyễn,27/8/2017 17:14,8.2,"Được dắt đi ăn, ở lần đầu nhìn chung là ấn tượng rất tốt về quán.
Vào ăn má heo là chính nhưng ngoài má heo còn có bán rất rất nhiều món khác mà dân nhậu rất thích luôn. Giá cả cực kỳ bình dân, tính theo đầu người nên chỉ cần 40k/người là có ngay 1 cái bếp nướng ăn chất lừ mà no bụng đi về. 40k trên chỉ bao gồm thịt và dĩa rau thôi, khát nước kêu riêng, không có bún hay mì ăn kèm, mì thì có mì xào giá cả cũng phải chăng nên yên tâm, kêu ra ăn là ứ hự đấy. 
Cô chủ ra kêu món không biết gì cứ hỏi, chỉ nhiệt tình cực kỳ luôn, bao kêu dùm nước ở mấy hộ bên cạnh. Không gian quán rộng rãi, chỗ để xe cũng thoáng mà tự dẫn là chính. Nêm nếm chuẩn vị hợp ý mình :) 
Ở Cái Răng thì chắc là thấy gần chứ Ninh Kiều mà ngay trung tâm thì ngán ngược khi chạy vào ăn.Xem thêm",8
81,Trinh Châu,3/3/2019 19:05,5.4,"Đi từ hướng siêu thị Big C lên cầu Quang Trung thì quán nằm bên phải.
Không biết những giờ khác ra sao chứ từ 17h-17h30 chỉ có 1 khách hàng là mình thôi.
Muốn ăn cháo nghêu và soup nghêu nhưng quán đã không làm nghêu lâu rồi.
Quán chỉ có: 
- Cháo: hào, sò điệp, ghẹ, thịt bằm, bắc thảo, thập cẩm, sò trai.
- Soup: hào, ghẹ, sò diệp.
Mình gọi cháo ghẹ (35k): Có thịt bằm, nấm kim châm, thịt ghẹ rất nhuyễn, đang ăn còn mắc công nhả bỏ xác vỏ ghẹ.
Hỏi chủ quán thịt ghẹ 100gr/? vnđ thì bà chủ nói là mua loại bịch cả kg thịt ghẹ người ta đã bóc sẵn.Xem thêm",9
82,BuBu BiBo,16/12/2018 16:04,4.0,Muốn order món mà liên lạc sdt toàn tắt máy.. quán xá gì chán vãiXem thêm,9
83,Hoàng Huy,13/11/2018 12:19,8.0,"Hôm nay thấy quán đang có chương trình khuyến mãi khi đặt hàng qua NOW nên cũng bon chen rũ đám bạn ăn ở quán này, nguyên đám mình gọi 4 phần súp mực gừng để ăn, theo mình cảm nhận thì, súp mực gừng của quán khá là ngon lại nhiều lắm luôn nhe, mua phần súp rồi về để thêm gói mì vào ăn nữa thì thôi xác định no căng cái bụng luôn nhe, mực thì miếng khá là to lại dày lắm luôn ấy, nước súp của quán cũng nhiều lắm nhe, ăn vị khá là vừa miệngXem thêm",9
84,Nhã Thanh ⚛,16/10/2018 8:58,7.0,"Phần cháo hào sữa thập cẩm 50k, hơi ít đồ ăn. Lúc mình nhận đồ ăn là cháo riêng, hải sản riêng, thành ra cháo không đậm đà mùi hải sản.Xem thêm",9
85,Phương Trần,12/10/2018 15:54,8.2,"Cũng khá lâu rồi mới quay trở lại quán Bình Hào, vẫn không gian cũ tuy hơi nhỏ nhưng ấm cúng, mình thích ngồi bên ngoài cho thoải mái và nhìn các quán xá gần bên cũng thấy đông vui nữa. Quán ở gần chân cầu Quang Trung, mua này nước ngập đi hơi khó chút xíu nhưng rất vui. Về món cháo thì đem ra nóng hổi luôn, mình khoái rau nên để vô ăn kèm, hàu rất thơm, nhiều và tươi. Quán có cho thêm ly trà đá uống thơm lắm và đậu ngồi ăn giải trí nữa, về khâu chăm sóc khách hàng thì tuyệt vời nhé.Xem thêm",9
86,Thịnh NT Nguyễn,11/10/2018 20:24,9.6,"Hương vị đặc trưng, khó có thể tìm được ở nơi khácXem thêm",9
87,fieldthaonguyen22,7/10/2018 11:06,10,"Nói thật là từ trước đến giờ mình không thích ăn cháo. Nhưng đây là quán cháo hào sữa đầu tiên tại Cần Thơ làm mình phải nhớ đến mùi vị, và trở thành khách hàng trung thành của quán 3 năm nay.
Nói về chất lượng thì khỏi bàn nhé, tô cháo tại đây có đầy đủ chất dinh dưỡng , màu sắc hài hòa, mùi vị thơm ngon, hải sản tươi sống...
Không gian quán sạch sẽ, thoải mái, đặc biệt là mình rất thích nhạc tại đây....
Phục vụ nơi đây rất là chuyên nghiệp, tận tình và dễ thương.
Nói chung là sẽ ghé dài dài.Hy vọng quán sẽ luôn đông khách và vững trên thị trường.Xem thêm",9
88,Huỳnh Như,4/10/2018 18:25,9.6,"Cháo rất ngon, đậm đà vừa vị, hải sản tươi ngọt. Phải nói là perfect👍🏻👍🏻🌻 và anh phục vụ phải nói là chuyên nghiệp, tạo cho mình cảm giác như đi ăn nhà hàng 5* vậy đó :)))). Nói chung là ai fan cháo thì nhất định phải đi ăn qán này nhất định nhất định😤😤Xem thêm",9
89,Trần Anh,10/8/2018 12:16,8.0,"Đi vài lần đến quán nên thấy quán cũng dễ tìm hơn so với trước đây, mà mỗi lần thèm muốn ăn nhiều khi đi ngang thấy quán đóng cửa mất tiu, mấy bữa trời mưa là cứ thèm cháo hay soup ở đây hà. Quán thường chỉ bán chiều tối thành ra nếu muốn ăn sáng thì cũng phải gáng nhịn đợi tối đi ăn, cháo ở đây có nhiều vị hải sản ngon lắm, mình thấy đặc biệt cháo chỗ này có mùi thơm nhưng không phải của lá dứa, cũng không biết mùi thơm gì mà cháo vừa ăn không bị loãng, nêm nếm rất vừa ăn ok lắm!
Ngoài ra quán có món soup hào với soup mực gừng rất ngon, nói chung tiền nào của nấy, tuy giá có trên 30k 1 tô nhưng mình thấy chất lượng tuyệt vời hơn nhiều quán khác, hải sản tươi ngon hơn cả ở biển, với lại quán luôn lịch sự, khách hàng cũng không đợi quá lâu, mà quán vô cùng sạch sẽ nữa ^^Xem thêm",9
90,Phương Trần,16/7/2018 23:54,7.6,"Bản thân mình trước giờ không khoái ăn hào lắm nhưng hôm nay được người bạn rủ đi ăn cháo hào, bạn ấy nói ngon và bổ lắm nên mình cũng theo bạn đi ăn thử. Quán Bình Hào ở bên cầu Quang Trung, đi xuống hướng dạ cầu, quán hơi nhỏ nên khó nhìn thấy. Mình vô gọi món súp hào, ấn tượng ban đầu là nhìn tô sụp nóng hổi, màu sắc của rau củ nhìn rất bắt mắt. Khi ăn vào đúng là khá ngon, súp nêm vừa miệng, ngọt nước từ hào, hào cũng nhiều lắm luôn, nhưng cảm nhận riêng của mình là vẫn còn hơi tanh nên mình xin rau để vô ăn cùng, vị tanh này nóng ăn liền được chứ để nguội sẽ khó ăn.Xem thêm",9
91,Annie  Nguyễn,30/12/2018 9:39,10,"Ngon lắm nhe!!
Giá ok, 15-25k. Không gian thì rất thoáng mát, yên tĩnh, thoải mái.
Trong hình là kem dừa, kem trái dừa và cái gì mà pataya á uống cũng ok (vị ngọt khá giống nước dừa thường) 
recommend không gọi trà lan hồ điệp mình thấy không ngon lắm. 
Cô chủ cũng rất nhiệt tình, dễ thương. 
Kem thì béo thơm vị dừa và không quá ngọt nên ăn không ngán, topping cũng xịn luôn
But địa điểm giờ đổi là đối diện trường THPT Trần Đại Nghĩa gần Big C rồi nhé!Xem thêm",10
92,Hoang Phuong Do,9/9/2018 21:50,7.6,"Phải chi quán mà có cấp thẻ vip chắc tui cũng có lâu rồi há.
- về không gian: quán rộng rãi, thoáng mát. Bàn ghế lại ngồi thoải mái nữa chứ, có cả ghế sô pha, nằm được luôn. Máy lạnh thì chạy rì rà nên chẳng lo nóng gì cả.
- về thức uống: ở đây hầu như món  nào cũng là dừa cả, từ kem cho đến nước uống luôn. Món nào ở đây cũng ngon cả, giá lại hợp lý luôn, rẻ bèo cho một ly nước to thế này đây. Điểm đặc biệt là có thêm một ly nước đậu cho khách. Khá lạ miệng.Xem thêm",10
93,Hoang Phuong Do,9/8/2018 22:24,8.2,"Đây là một trong số nhưng quán mà theo mình đánh giá khá tốt đó, từ khong gian cho đến đồ uống hay giá cả đều tốt cả.
- về không gian: quán rộng rãi, mát mẻ lắm nha, lại sạch sẽ, cách bày trí bắt mắt nữa. Ngồi ghế sô pha êm ái, quán đôi lúc hơi vắng nên nằm thoải mái luôn.
- về thức uống: các món ở đây hầu như xuất phát từ dừa thôi, ngoài các món truyền thống như nước dừa tươi thì còn có biến tấu khác: dừa xí muội, pattaya....... kem dừa ở đây khá là ngon nha, kem béo thơm, không bị ngấy, có bắp và mứt dừa ăn kèm. Giá khá rẻ.Xem thêm",10
94,Hoang Phuong Do,7/7/2018 21:35,7.8,"Chổ này là đi trú nóng hay muốn kiếm chổ yên tĩnh là số dách nà.
- về không gian: quán rộng rãi, thoáng mát mà nhiều khi là lạnh luôn í, cách trang trí của quán khá đẹp và hợp thẩm mỹ, nói quán yên tính quá cũng không đúng, một khi khách mà đông là thả thêm con vịt dô nữa là ồn như cái chợ luôn
- về thức uống: hầu như các món ở đây đều là dừa, từ nước dừa, kem cũng là dừa, kiếm hông ra món khác đâu. Mà tuyệt lắm nhe, mỗi món đều mang một hương vị đặc biệt và ngon lắm. Giá thì tầm 10 mấy nghìn đổ lên xíu thôi, hợp lý quá luôn.Xem thêm",10
95,kim phượng Nguyễn,17/6/2018 19:26,9.2,"Lần đầu ghé quán luôn, mình bước vào quán không thấy ai luôn cơ, kêu réo 1 hồi thì có A phục vụ đi ra mời mình vô ngồi. 
Lướt qua menu thấy giá cả quán rẻ 18-25k cho một món thôi. 
Mình gọi kem dừa 20k vs panna cotta 18k. Kem dừa vị ngon lắm béo ngọt vừa phải, có rắc dừa khô, đậi phộng, sợi dài dài đó hình như là bí đỏ.  Panna cotta thì ưng khỏi nói luôn, chua chua thơm thơm của chanh dây hòa quyện vs vị beo béo. Ngon nhưng không ngán xíu nàoXem thêm",10
96,Hoang Phuong Do,14/6/2018 22:35,10,"Thiệt là hông biết tại sao cái quán đẹp như vầy, đồ uống ngon như vầy mà mỗi lần đi là cảm thấy quán sao ế ẩm quá. 
- về không gian: quán đẹp từ trong ra ngoài luôn, sáng sủa, bên phòng lạnh thì có sô pha ngồi nằm thoải mái. Trang trí thì đẹp luôn. Bãi xe hơi nhỏ mà có nhân viên phụ dẫn.
- về đồ uống: ở đây chuyên bán về dừa, từ kem đến nước uống hoàn toàn từ dừa. Phải nói là ngon tuyệt cú mèo, các món kem thì béo ngậy, nước uống được biến tấu theo nhiều vị khác nhau. Giá thì hợp lý luôn, có 10 mấy ngàn một ly à.Xem thêm",10
97,Mỹ,22/5/2018 16:11,10,"Kem dừa ngon, thơm. Panna Cotta béo béo ngọt ngọt, đựng trong hủ nhỏ dễ thương. Nước ngon. Giá ổn. Thứ 5 hàng tuần được giảm giá nữa.
Mấy anh chị phục vụ chu đáo, ly nước gần hết là đổi liền, có bữa đổi tận 4 làn mà không có tỏ thái độ. Ra về còn dắt xe ra ngoài cho mình.
Quán rộng, background đẹp, yên tĩnh (chắc tại quán hơi khuất). Mình hay học nhóm ở đây, thích quán lắm.Xem thêm",10
98,Nguyễn  Thị Phương Dung,19/5/2018 1:22,7.6,"Nếu ko phải lúc trước đc mời ghé đây thì cũng ko hay biết có quán ở khúc này. Quán bán món kem dừa thái lan đó lúc đi Thái thấy nhiều chỗ bán tùy cách làm nhưng kem rất béo và ngon. Đây cũng vậy một viên kem to bự, chắc kem, béo, thơm. Nghe cô chủ chia sẻ là làm kem, nước, mấy món ở đây đa số từ dừa hết. Như kem nếu ăn sẽ đc làm từ một trái dừa để đụng k có cơm, đậu phộng, xôi... cùng ăn lun. Sẽ đem ra một my nước dừa từ trái dừa ấy đó. Thêm là trà sữa cũng ngon topping nhiều lắm mà béo lắm lunXem thêm",10
99,Hoang Phuong Do,17/5/2018 20:04,7.8,"Hời ơi, thiên đường của dừa đây rồi, nơi đây hội tụ những món toàn là dừa thôi, từ nước ép đến kem cũng là dừa.
- về không gian: quán rộng rãi, thoáng mát, bên trong mát mẻ do bật đièu hòa suốt, bên ngoài hơi nóng. Cơ mà quán nămg khuất bên trong quá nên cũng hơi khó tìm, chắc vì thế mà quán hơi vắng, chổ để xe hẹp.
- về món ăn: cơ bản phải đánh giá ngon và lạ miệng, các món về nước dừa ngoài loại nguyên chất thì có mix thêm những món khác như xí muội,... kem dừa vị ngon và lạ miệng, ít béo. Giá cả phải chăng tầm 10 mấy nghìn thôi à.
- về phục vụ: vui vẻ và nhiệt tìnhXem thêm",10
100,Minh Ngọc,9/5/2018 19:31,10,"Kem dừa nói chung là rất ngon, đặc biệt là kem vị dừa và vị matcha...Nước uống khá đẹp mắt, không gian thoải mái, phục vụ rất OKXem thêm",10
101,Hoang Phuong Do,16/9/2018 20:29,7.4,"Bữa nào đi siêu thị là cũng phải ghé lại đây, thứ nhất là ngồi nghỉ mệt, thứ hai là nhai nhai món gì đó cho đỡ đói lấy sức lát đi tiếp 
Không gian thì cũng tương đối rộng rãi nhưng với số lượng khách đông thế thì thiếu chổ ngồi là điều hiển nhiên thôi. Nhân viên khá ít nên việc tính tiền và dọn dẹp có đôi phần chậm trễ nhưng có thể thông cảm được.
Thức ăn thì tùy người và tùy buổi sẽ có món ngon nha. Muốn ăn cơn chiên thì nên đi buổi chiều sẽ ngon hơn buổi sáng, còn đồ món thì buổi sáng lại ngon hơn buổi chiều.Xem thêm",11
102,Phạm Trần Phương Trâm,7/4/2018 11:55,8.6,"Đi big C là ghé chỗ này nhiều nhất luôn. 
Chỗ này nằm bên trái khu mua sắm tầng 1 của siêu thị nhìn vào sẽ thấy ngay. 
Đây cũng là nơi hấp dẫn nhất siêu thị với nhiều loại đồ ăn và thức uống khác nhau. 
Như quầy đồ chiên, quầy bánh ngọt, quầy bánh kem,  quầy thịt đã được sơ chế và cả quầy đồ ăn sẵn nữa. 
Bánh mì ở đây giòn, thơm, mình cũng hay ăn bánh su ở đây lắm. 
Đặc biệt là mỗi buổi tối điều có giảm giá các loại bánh và đồ ăn chế biên sẵn.Xem thêm",11
103,Phạm Trần Phương Trâm,17/3/2018 21:39,8.0,"Vị trí: siêu thị big C có vị trí khá là xa trung tâm. Phải chạy qua cầu Quang Trung và chạy thêm một đoạn nữa mới thấy siêu thị :3 
Không gian: đây là siêu thị lớn nên cũng dễ tìm lắm. Không gian bên trong có 2 tầng lầu, bên dưới là của các nhãn hàng mướn mặt bằng, lầu trên là của siêu thị hàng hóa. 
Chất lượng và giá cả: như hình là mình mua một bánh mì đường, ổ bánh mì có giá gốc chỉ 20k mà nay còn được giảm giá 10k à :3Xem thêm",11
104,Phạm Trần Phương Trâm,17/2/2018 10:26,8.0,"Siêu thị Big C là siêu thị quen thuộc với mình nhất. Hễ muốn mua món gì là ghé Big C đầu tiên. Không thì cứ rảnh rảnh cũng có thể vô siêu thị đi vòng vòng chơi được nữa :)) lần này mình có ghé siêu thị mua bánh bông lan như trong hình. Hình là bánh bông lan cacao. Hôm mình mua là có giá khuyến mãi, một ổ bánh mì vậy chỉ có 2x thôi à. Bánh mềm, vỏ bánh thơm cacao, có vị đắng nhẹ, bên trong là kem, béo, ngọt. Để tủ lạnh ăn dần dần cũng quá ok luôn :3Xem thêm",11
105,Hoang Phuong Do,16/2/2018 22:05,7.6,"Khu sandwich land bên ngoài dời dô đây nên cũng tiện. Muốn mua gì trong siêu thị rồi ngồi ăn luôn cũng đỡ, có quầy tính tiền nên không phải xếp hàng lâu như khi đem ra ngoài.
Được cái không gian cũng rộng rãi, tối tối chờ giảm giảm vào đây ăn là hết xẩy con bà bảy..
Đồ ăn BigC thì khỏi nói rồi, ăn được chứ không ngon lành gì, được cái bánh ngọt thì đa dạng và làm cũng ngon nên ăn bánh ngọt cho đỡ chột bụng như đồ ăn nấu sẵn. Muốn ăn đồ ăn nóng thì ra chỗ sandwich land mua qua ngồi cũng được.Xem thêm",11
106,Phạm Trần Phương Trâm,17/1/2018 20:24,8.0,"Cứ cuối tuần rảnh rảnh là lầy ở siêu thị này. Big C thì cách trung tâm thành phố khá là xa nên lâu lâu siêng năng lắm mới ghé siêu thị dạo vòng vòng chơi. Nhưng bù lại chất lượng, giá cả thì ở đây mình để ý thấy có vài món rẻ hơn các siêu thị khác. Đặc biệt cứ 8h30 hoặc trễ nhất là gần 9h siêu thị sẽ giảm giá. Có phần cơm 20x mà giảm thì chỉ có còn 10k, hoặc 15k à. Nhưng nay vô trễ quá nên không lầy được chuyện đó . bù lại mua được phần bánh mì sandwich nho khuyến mãi chỉ có 11k5 à :3Xem thêm",11
107,QuyenToan,9/12/2017 7:46,6.8,"Lần nào đi siêu thị cũng ghé đây. thức ăn ngon vừa miệng. Giá dao động tầm 19-25k, này mình ăn bún mộc giá 19k. Không gian thì khỏi bàn. Siêu thị mà hihiXem thêm",11
108,QuyenToan,3/12/2017 8:46,7.6,"Mình ghé đây cũng khá thường xuyên, lần nào cũng ăn này kia,  thấy quầy thức ăn có nhiều món, khi thì bún mộc, bún gỏi già, bún gà, bún thái,... Món nào cũng ngon,  giá dao động từ 19-25k. Không gian thoải mái .Xem thêm",11
109,Trang Ngọc,9/10/2017 11:57,8.4,"Nếu như Lotte làm đồ ăn phần lớn đều không hợp khẩu vị mình thì Big C ngược lại, làm món nào thấy cũng ngon và giá cũng ok nữa. Từ ngày Big C mở khu ẩm thực này nhà mình siêng đi Big C hơn hẳn. Có chỗ mua đồ ăn rồi ngồi ăn luôn quá tiện lợi. Tính tiền cũng nhanh, không có ai kiểm tra phiền phức cả. Không gian này ngồi cũng tương đối rộng rãi, có cuối tuần thì hơi đông. Đồ ăn rất đa dạng, từ đồ ngọt đến đồ mặn, ăn vặt đến ăn no, rồi còn nước, trái cây, kem ... nữa.Xem thêm",11
110,Xuân Phan Huỳnh,20/8/2017 19:10,7.8,"Mình thấy đồ ăn ở Big C nhìn hợp vệ sinh, giá cả hợp lý và cũng đa dạng nữa. Mình thích nhất cơm chiên dương châu ở đây, gọn lẹ cho 1 bữa sáng lười biếng ^^ Các loại bánh ngọt Big C cũng ngon nốt, nhất là muffin và bông lan cuộn.
Big C mở thêm khu vực ăn uống thanh tòan ngay trong siêu thị rất tiện lợi (lúc trước thì không có, khu vực ăn uống nằm riêng ở ngoài). Tuy nhiên mình thấy hơi chật do diện tích siêu thị cũng giới hạn, có hôm khách đông thì chật và đông quá không còn bàn. Cũng có khách ăn xong rác bỏ luôn ở bàn không dọn, các cô nhân viên chưa dọn kịp nhìn không được đẹp (cái này do ý thức của khách thôi ^^)Xem thêm",11
111,Hoang Phuong Do,24/8/2020 22:37,8.0,"Gà bó xôi ngon nhưng giá hơi cao, đảm bảo 1 con ăn 6 người no (3 nam, 3 nữ ốm ăn)Xem thêm",12
112,Tanu Oh,14/5/2018 11:34,8.8,"Hôm cuối tuần rồi, đang học thì giáo viên thông báo chiều nghỉ nên cả bọn là căng não ra đi đâu quẫy cuối tuần. Đắng đo 1 hồi thì lựa chọn Vườn Vú Sữa đi, vừa mát vừa ngon.
Không gian quán thì cũng không có gì đặc biệt lắm, các tum thì làm kiểu như ... à mà thôi. Không khí thì khỏi bàn, ở đây toàn cây cổ thụ nên cực kì mát và trong lành luôn. Gió cứ liu thiu thổi suốt.
Ngoài các món nổi tiếng như gà không lối thoát hay bắp quay lu vào cuối tuần thì món ốc nướng tiêu cũng khá ngon, một dĩa như hình chỉ 40 ngàn mà ốc thì khá nhiều. Nước sốt nướng thơm, vừa ăn nữa chứ.
Khá hài lòng.Xem thêm",12
113,khideo,3/5/2018 15:09,10,Gà bó sôi miền tây gòn thơm  nhìn đã ngon nay đặt về nhà ăn thử ồ ngon thiệt yêu lắm miền tây quê em lại có thêm đặc sản rồi thích lắm cơXem thêm,12
114,Tanu Oh,14/2/2018 15:41,8.4,"Từ khi biết được Vườn Vú Sữa này thì đây là một trong những quán mình thường hay lui tới. Thực ra thì cũng không thường xuyên vì nó hơi xa trung tâm quá, nên phải có mod sung thật sung mới đi.
Mấy lần trước mình có giới thiệu về món bắp heo quay lu và gà không lối thoát ở đây rồi. Nay xin giới thiệu một món khai vị ưa thích không kém của mình là khoai môn chiên nước mắm. Trước tiên một dĩa như hình là 30k, nhìn là thấy giá quá tốt rồi. Khoai ở đây cắt thanh hơi to, nên sau khi chiên xong, bên ngoài giòn nhưng bên trong vẫn mền xốp và giữ được độ ngọt của khoai, nhưng chổ chế biến thành sợi hoặc lát mỏng thì nó chỉ có giòn thôi, mình không cảm nhận được vị khoai của nó. Sốt nước mắm vừa ăn, sền sệt, vị mặn nhẹ và có độ ngọt. Nếu thích béo thì ăn kèm với bơ và đường nhé!Xem thêm",12
115,Trần Anh,2/2/2018 13:50,7.6,"Quán nằm trong 1 con hẻm vừa qua khu dân cư Hưng Phú - Công Trình Tám một chút. Con hẻm đó lúc trước khó đi lắm mà sau này có sửa sang lại cũng dễ đi hơn. Mình nhớ lúc đầu vào quán thì do đường xìn lầy nên hơi dơ. Nhưng sau này đỡ hơn nhiều rồi.
Quán vốn vĩ có tên Vườn Vú Sữa vì xung quanh quán có những túp lều dưới những cây vú sữa to ơi là to, quán bán đồ ăn mình thấy ok, nói đúng hơn là ngon.
Mình đi với bạn gồm 5 6 người gì đó, mình kêu 1 phần trứng gà non, 1 cơm chiên, 1 con gà bó xôi. Mình ưng ý nhất là trứng gà non với gà bó xôi. Gà bó xôi giá tầm 320k, nhưng mình thịt gà ngon, xôi thì giòn giòn mà lại có mỡ hành phía trên nữa, ăn với gà rất hợp luôn. Trứng gà non ăn cũng được lắm mà do mình thích món đó nên thấy ngon, còn bạn mình bảo hơi ngán.
Quán tuy đi buổi trưa nhưng không nóng lắm, không gian cũng rộng thoáng mát. Quán hình như có nhận tiệc nữa đó ^^Xem thêm",12
116,Tanu Oh,30/11/2017 10:38,7.8,"Quay lại quán sau lần đầu trải nghiệm.
Lần này đã biết đường đi nhưng vẫn thấy xa, đi mãi chẳng tới. Nhất là đi lúc trưa, nóng oi ả và chói chang.
Quán vẫn vậy, vẫn yên tĩnh mà thoáng đãng. Vẫn có các chòi nhỏ ở dưới tán cây, cảm giác như vào được phòng máy lạnh sau một hành trình dài với cái nắng ngoài kia.
Nhân viên vẫn phục vụ chu đáo.
Thích nhất món gà không lối thoát ở đây, giá vẫn 320k 1 con. Gà chế biến ngon, nêm nếm hợp khẩu vị, tuy nhiên xôi hơi dày, ăn hơi ngán 1 tí.Xem thêm",12
117,Jeremy AGP,25/11/2017 21:52,8.2,"Để tìm được quán này cũng gian nan ghê, chạy qua khu Nam Long một tí, nhìn bên kia đường có một ""núi"" vỏ xe tải là thấy được bảng hiệu Vườn vú sữa, chạy vào thêm một đoạn nữa mới tới được quán.
Quán rất thiên nhiên, từng tum nhỏ dưới các táng cây lớn, tuy nhiên không thấy cây vú sữa đâu :))
Nhân viên hơi ít, nhưng phục vụ rất nhanh nhẹn. Có giới thiệu đặc sản của quán đến khách hàng.
Hôm nay cuối tuần nên có món đặc biệt bắp bò quay lu. Thịt thấm các gia vị, có mùi của ngũ vị hương nữa. Vị thịt thơm và vừa ăn. Món ăn kèm là dưa chua, dưa không quá chưa, giòn, thơm và vừa miệng. Một phần như hình hình như là 135k.Xem thêm",12
118,Tanu Oh,3/9/2017 20:53,7.8,"Quán hơi khó tìm tí, khi qua khu Nam Long, chạy vài trăm mét là thấy một bãi tập kết vỏ xe ô tô phía bên tay trái là đường vào quán, phía mặt đường có biển hiệu hướng dẫn.
Chạy sâu vào bên trong, quán khá là mát mẻ vì có cây cối Nhiều, tuy nhiên cũng có một khu hơi um tùm ẩm thấp.
Quán xây những tum nhỏ rất đơn sơ, nhưng sạch sẽ, có trang bị cả máy quạt nữa.
Đặc sản là gà không lối thoát, gà thấm vị, nhưng lớp xôi hơi dày nên ăn hơi ngán và ngấy một tí.
Ngoài ra đi cuối tuần được thêm món bắp heo quay lu.
Nhân viên hơi ít, nên đôi lúc khách đông phải đợi một chút, nhưng bù lại thái độ rất tốt.
Bắp heo là 135k, gà là 320k cả con.Xem thêm",12
119,An Phạm,21/7/2017 16:07,7.2,"Hôm bữa mới được dùng thử gà bó xôi ở đây. Gà thả vườn nên thịt tất nhiên là ngon rồi, nêm nếm rất vừa, ăn kèm còn có dưa chua để không bị ngán nữa. Gà nêm vừa rồi nên không chấm thêm cũng được luôn. Phần xôi bên ngoài nhiều lắm, 3 người ăn không hết, phần ngoài chiên rất giòn.Xem thêm",12
120,Dieu Nguyen Thi Thu,17/10/2016 16:39,8.0,"Được dịp xuống CT, bạn dẫn đi ăn quán này. Không gian sân vườnvs mấy chòi tranh thoáng mát. CT mưa nên đường đi hơi bị ướt át chút. Mà trời mưa nên ăn mấy món ở đây khá hợp lí luôn. Có vẻ chuyên gà, mình order phần gà nia 290k, phần trứng non cháy tỏi và 2 cơm chiên. 6 người ăn no nê luôn á. Gà nia hấp dẫn mà chất lượng cũng ok lắm nè, chế biến gà làm 4 loại khách nhau, có thêm phần xôi chiên và gỏi nhỏ. Gà chiên mắm và gà sốt hơi mặn 1 chút. Trứng nón cháy tỏi siêu ngon, cơm chiên tỏi cũng ngon 30k/dĩa. Gà ngon chắc thịt nha. Có dịp lại ghé quánXem thêm",12
121,Diễm Chi,3/12/2018 11:25,7.4,"Được nhỏ bạn giới thiệu quán này có lẩu gà chanh ớt ngon lắm, nên cả bọn cũng nhất trí đến thử.

Từ Nguyễn Văn Linh chạy qua cầu Hưng lợi rồi quẹo phải vòng xuống dưới lòng cầu, đường hơi khó đi, quán cũng khó tìm.
Được cái sân rộng rãi, tha hồ đậu xe, không gian cũng vừa không nhỏ không to.
10h tối bếp sẽ nghỉ nên tụi mình ghé vào gọi một lượt đầy món rồi nhâm nhi đến khuya đều được

Menu quán đa dạng món, giá cũng tầm trung.
Tụi mình 8 người gọi 1 dĩa gỏi xoài khô cá lóc, 2 dĩa khoai môn chiên nước mắm, 1 dĩa mì xào hải sản, 1 dĩa trứng non xào dưa cải, 1 dĩa trứng non cháy tỏi và 1 lẩu gà chanh ớt, tổng cộng hết 5xx no căng bụng, được tặng 2 dĩa ổi.

Chỉ có mì xào là bình thường, còn lại đều ok.
Ấn tượng nhất là lẩu gà đựng trong thau to, ăn cho thoải mái, dễ gắp. Thịt gà vừa ăn, ngon ngọt nước.

Phục vụ ổn chỉ có lúc đầu có bạn nhân viên nữ mang nước chấm, chén đũa ra thì hơi thô cộc xíu. Xa tầm quá thì để xuống bàn rồi tụi mình sẽ tự chuyền cũng được mà.Xem thêm",13
122,Trần Anh,1/12/2018 22:34,7.0,"Quán này nằm dưới lòng cầu Hưng Lợi. Đi từ hướng Big C qua thì vòng xuống quẹo bên phải sẽ thấy quán, quán có vẻ hơi khó tìm vì nằm sâu bên trong. Mình đến quán hôm đó do đi cùng vài người bạn, mình thấy quán thuộc dạng quán ăn gia đình mà hơi khuất phía bên trong, được cái sân rộng rãi để xe lắm, quán có không gian cũng thoải mái chứ không gò bó lắm.
Nhìn 1 lượt menu thấy quán cũng có nhiều món ngon lắm, bọn mình gọi 1 lẩu gà chanh ớt, 1 trứng gà non, 1 dĩa mì xào, đi tổng cộng là 8 người mà mình thấy gọi món cũng nhiều và ai cũng no căng bụng. Bất ngờ với cái lẩu mình thấy có vẻ nhiều lắm, mà bất tiện là do cái lẩu để trong thau hơi to mới được để trên lò, lẩu gà thịt gà cũng dai, nước soup lẩu trong, vị thanh ngon. Còn trứng gà non thì mình thấy cũng khá nhiều, vị nêm nếm ổn. Mì xào thì bạn mình nói cũng bình thường hà, mà giá của quán này có vẻ tầm trung chứ không mắc lắm. Đi 8 người mà chỉ có 500 mấy ngàn vì cũng không dùng bia.
Quán chỉ có khuyết điểm là hơi nóng với bị muỗi, đường vào đến quán hơi bị xấu, mình không có đi wc nên cũng không biết có sạch không ^^Xem thêm",13
123,Phương Trần,5/9/2018 20:36,8.4,"Nguyên đám bạn của mình cứ khoái ghé đây và vẫn trung thành với những món ăn yêu thích của cả bọn. Những món tuy ăn nhiều lần rồi nhưng mỗi lần ăn mình vẫn xuýt xoa và ngon không tả được. Ếch nấu lá quế thơm thơm, cay cay, chua chua nữa, con ếch thì mập, thịt thơm, mực chiên nước mắm tính kêu để ngồi nhâm nhi nhưng đem ra 20s thì hết sạch vì quá ngon. Quán nằm dưới chân cầu Hưng Lợi, phải vào cái hẻm nhỏ, đoạn đường mùa mưa này rất dơ, có nhiều ổ gà nữa mấy bạn đi nhớ cẩn thận nhé. Vị trí không thuận lợi lắm nhưng đã đến ăn thì bạn sẽ mê đấy.Xem thêm",13
124,Phương Trần,30/7/2018 20:00,8.2,"Mình khoái lẩu ếch nấu chua chua và mỗi khi thèm thì đến Tỷ lùn thôi. Quán nằm ở dưới chân cầu Hưng Lợi, đường đến quán cũng hơi khó đi, đường hư nên rất dơ mỗi khi mưa xuống. Quán nhậu bình dân nên không gian là mái lá đơn giản lắm, hơi tối nên muỗi nhiều chút xíu. Mình đi 2 người ăn cái lẩu ếch 118k rất nhiều luôn, ếch mập, nhiều khi nêm chua chua cay nhẹ rất vừa ăn, hôm nay đói nên mình kêu thêm phần mực chiên nước mắm, mực dai, tươi nhưng nước mắm nhiều nên hơi mặn tí xíu. Thêm 2 chai nước ngọt nữa, tổng thiệt hại gần 200k nhé :)Xem thêm",13
125,Phương Trần,16/6/2018 19:59,8.4,"Từ lúc mình biết đến cái quán nằm dưới chân cầu Hưng Lợi, gần như lúc nào đói bụng là mình đều nghĩ đến Tỷ lùn. Mình bị thuyết phục hoàn toàn bởi các món ở đây, khá ngon theo một cách rất dân dã. Lẩu ở đây mình chỉ chấm lẩu ếch quế cay, cơm thì món cơm nào cũng dùng được. Bãi giữ xe cũng lớn lắm nhé. Cô chủ rất dễ thương và nhiệt tình, gần như lúc nào mình cũng thấy chị cười, chị cũng rất lịch thiệp. Cuối mỗi bữa ăn mình thấy quán đều đãi trái cây, tuy nhỏ nhưng để lại niềm vui rất nhiều cho khách.Xem thêm",13
126,Phương Trần,13/5/2018 11:27,8.0,"Quán ở dưới chân cầu Hưng Lợi, hơi khó tìm nhưng vẫn rất đông khách. Mình khoái ăn lẩu ếch lắm, cứ thèm là chạy ngay đến quán Tỷ lùn thôi chứ không cần phải suy nghĩ nhiều là ăn ở đâu. Một cái lẩu như hình cỡ 2 người ăn là vừa, giá chỉ 118k được khoảng chừng 3 con ếch mập ú luôn. Quán nêm nếm rất ngon, vừa miệng, dĩa rau cũng ngon nữa, ăn đã cơn thèm luôn. Mấy chị phục vụ ở quán dễ thương, nhanh nhẹn và chu đáo lắm. Mì ăn thêm thì tính tiền nhé, một gói 5k.Xem thêm",13
127,Phương Trần,3/4/2018 21:25,9.0,"Quán Tỷ lùn, quán ăn khá lâu đời rồi nhưng không phải ai cũng biết tới đâu nhé. Quán nằm dưới cầu Hưng Lợi rồi phải vào thêm con hẻm nhỏ nhỏ nữa. Quán thoạt nhìn rất đơn sơ, mái lá và những chiếc bàn nhôm, không gian hơi tối tối nên dễ bị muỗi chích lắm. Lần này mình với đám bạn ăn lẩu, mà lẩu ở đây ngon nhất là lẩu ếch nấu lá quế, nêm nếm rất đậm đà, ếch nhiều lắm, con mập để nguyên da, phải 3đ ăn mới hết cái lẩu nhé. Giá chỉ 118k thôi mà ăn mệt nghỉ luôn. Có dịp các bạn thử tìm quán và thưởng thức xem có giống mình nói không nhé.Xem thêm",13
128,Phạm Trần Phương Trâm,12/12/2017 21:27,8.0,"Vài người bạn rủ đi họp lớp nên đã quyết định đi. Lúc đầu không biết ăn ở đâu nhưng cuối cùng đã chọn quán này làm điểm dừng chân.
Quán này nằm dưới ngay chân cầu Hưng Lợi, vị trí hơi bị khuất nên khá khó tìm.
Bù lại các món ăn ở đây ngon, rẻ, đặc biệt là các món chế biến từ gà.
Menu khá là đa dạng nên các bạn sẽ có nhiều sự lựa chọn để ăn uống.
Mình kêu 1 đĩa gà xào lăn, ăn rất ngon, thịt gà mềm và rất thơm.
Sẽ ghé lại quán nếu có cơ hội.Xem thêm",13
129,Saruchan Le,19/9/2017 0:21,7.8,"Ai mà lần đầu đến đây theo chỉ dẫn bằng miệng, không có bạn bè dắt lại thì 100% đi lạc )) Quán nằm dưới chân cầu Hưng Lợi nhưng phải quẹo vô 1 đường nhỏ nữa, đến mình còn không biết diễn tả sao nên hay đi lạc dù ăn trên dưới chục lần )) Không gian quán khá rộng và thoáng, không trang trí gì, chỉ là bàn ghế trên nền xi măng và có mái lá che thôi nhưng cũng khá kiên cố. Đồ ăn thì khỏi phải nói, món nào cũng ngon hết. Giá cả cũng bình dân, menu tràn ngập món :))Xem thêm",13
130,An Phạm,13/8/2017 21:03,7.0,"Quán Tỷ Lùn. 
Quán này nằm dưới chân cầu Hưng Lợi, vị trí hơi bị khuất nhưng đồ ăn ở đây ngon, rẻ. Đặc biệt là các món nướng và món gà. Gà ở đây là gà thả vườn nên ăn thịt dai ngon và thơm. Bạn có thể kêu 1 con gà rồi vừa nấu lẩu vừa nướng luôn là tuyệt vời ông mặt trời. Ngoài gà còn các món nướng khác cũng đa dạng lắm nha. Giá cả thì bình dân thôi, làm đồ ăn cũng nhanh nữa. Ăn xong còn được miễn phí 1 dĩa trái cây tráng miệng.Xem thêm",13
131,Phạm Trần Phương Trâm,16/8/2018 0:33,8.2,"Cả gia đình có dịp đi ăn cuối tuần với nhau thì mình có đề xuất quán này. Quán tuy xa nhưng được cái sẵn chạy vào cái răng tham quan chơi luôn :)) nhưng nếu ai không rảnh như mình thì nên chọn chi nhánh ở ninh kiều nhe :3 quán này cũng có nhiều chi nhánh lắm ấy. Như hình thì gia đình mình có gọi thố cơm chiên tỏi, món được dọn lên cũng lâu ấy, nên kêu nước trong khi chờ đợi món. Ngoài ra thì còn có dĩa rau lang luộc nữa, vào nhà hàng mà ăn rau luộc thì mẹ mình nói hơi phí tiền, nhưng đang thèm nên kêu đại. Ăn xong thì mình cũng khuyên các bạn là né rau luộc rau xào ra nhe :)) giá cao mà không gì đặc biệt đâu. Món còn lại là kiểu đại loại cá nấu với dưa cải chua và bắp cải. Món này thịt cá rất ok nhe, không bị bở, mà ăn là biết tươi sống liền :3Xem thêm",14
132,Phương Trần,8/7/2018 21:59,8.0,"Nhân dịp họ hàng về chơi nên mình có dịp dùng bữa tại quán. Lượng khách vào quán cũng khá đông. Mình và gia đình chọn ngồi ngoài sân cho thoải mái. Nhân viên khá đông, phục vụ dọn chén, dĩa, ly nhanh chóng. Chỉ có khi lên món thì hơi chậm. Trong 2 món mình gọi là sò huyết rang muối và ốc hấp tiêu có món cơm, tuy nhiên cơm lên vào lúc gần ăn hết các món. Chắc là quán đang lúc đông khách. Bù lại các món rất ngon, hy vọng trong tương lai quán sẽ phục vụ nhanh chóng hơn.Xem thêm",14
133,Phương Trần,17/6/2018 18:27,8.0,"Nhà mình gần đây nên lâu lâu khi gia đình hội họp đều chọn Cây bưởi 3 để dùng bữa. Quán chia làm 3 gian, gian trong phòng bên trái, gian chính ở giữa, và gian các tum nằm bên phải. Mình thường gọi món cơm rang tỏi, sò huyết dùng chung. Các món dùng rất ngon, cơm khoảng 2 người ăn, sò huyết thì khoảng 3 người ăn. Điều mình không vừa ý là nhân viên phục vụ ở đây hơi chậm, mình lại đây khá nhiều lần nhưng hình như lần nào cũng thế, món nước mình gọi soda nhưng đem ra rất lâu, thời gian lên món thì đưa một món dùng xong bao lâu rồi quán mới lên món mới, như vậy mình sẽ không dùng chung với nhau được. Hy vọng quán sẽ cải thiện hơn trong tương lai.Xem thêm",14
134,Phương Trần,3/4/2018 21:42,8.8,"Mỗi khi có dịp họp mặt gia đình là y như rằng nhà mình lại chọn Cây Bưởi 3 bởi vì nó gần nhà mình, không gian quán rất đẹp, rộng rãi, thoải mái, nhân viên phục vụ nhiệt tình lắm chu đáo và đặc biệt là món ăn khá ngon, hợp khẩu vị của gia đình mình. Mình thích nhất cơm chiên với sò huyết. Cơm chiên nêm vừa ăn, rất thơm, chiên liền nên rất nóng, sò huyết thì mập, tươi, mình thích ăn chín nên nói quán làm chín xíu và đem ra rất vừa ý mình. Mấy món khác chị mình gọi nhưng cũng ngon không kém đâu nhé.Xem thêm",14
135,Saruchan Le,11/12/2017 14:35,7.8,"Mới biết là quán cây bưởi 3 ở tuốt bên này lận, không có người nhà dẫn đi chắc cũng không biết. Quán không gian rất rộng nhưng do đông khách nên thành ra mình thấy hơi ngộp, không thích lắm. Nhà mình ăn mực chiên giòn và cháo bồ câu. Cháo bồ câu nấu với đậu xanh, bằm nhuyễn ra rồi cho vô nồi nên ăn luôn xương, kiểu nhai sực sực, ăn không quen sẽ không ăn được. Được cái nêm nếm ngon, rau tươi ngon. Mực chiên giòn chấm với tương ớt rất ngon, tươi. Phục vụ hơi chậm. Giá cả cũng hợp lý.Xem thêm",14
136,Trang Ngọc,18/11/2017 22:26,8.0,"Hôm trước mình đến quán vào cuối tuần nên quán khá đông, đông đến hơi bất ngờ luôn :D Lần đầu đến Cây bưởi 3 nên không ngờ quán này khá xa trung tâm mà khách đông ghê. Nhân viên đông nhưng cũng tiếp khách không xuể. Nhà mình vô loay hoay cả buổi mới có bàn ngồi. Vào mới kêu được 1 dĩa thịt bò khoai tây và cơm chiên hải sản thì bạn ghi đi mất tiêu rồi nên đành ăn 2 món trước. Giá phù hợp với chất lượng lắm, bò nêm nếm ngon, cơm cũng ok, không quá khô. Nhà mình ăn được 2 món mà đã đợi khá lâu nên về sớm luôn. Lần sau sẽ lại thử món khác.Xem thêm",14
137,Tanu Oh,10/10/2017 20:59,8.6,"Hôm nay được trải nghiệm quán mới, quán Cây Bưởi 3, nói quán thì hơi thiệt, đáng ra là nhà hàng nhưng dùng từ quán quen rồi.
Nằm ở khu đắc địa Quang Trung nên chỉ tầm 7h giờ thôi mà khác muốn full. Không khí tuy hơi ồn ào nhưng rất vui vẻ và náo nhiệt.
Từ bảo vệ cho đến nhân viên đều rất nhiệt tình, vui vẻ. Dạo gần đây thấy các nhà hàng quán ăn quan tâm đến các dịch vụ CSKH, mà đúng ra phải thế vì ấn tượng đầu tiên của khách hàng là nhân viên phục vụ chứ không phải món ăn.
Rất ấn tượng với 2 món ếch chiên nước mắm và ốc nướng tiêu ở đây. Ếch thấm vị, giòn, đặc biệt là da ếch nên ăn rất thích. Ốc nướng tiêu cũng vậy, nước sốt tiêu được nêm nếm rất vừa ăn. Tuy là nhà hàng sang trọng nhưng giá cả thì không quá đắt, chỉ tầm khoảng 100k cho mỗi món, có món dưới 100k và cũng có món trên, giao động tầm ấy.Xem thêm",14
138,Tambourine Tim,6/2/2017 21:20,6.2,"Hôm mùng 6 Khai trương đi ăn với công ty, chiều đó mưa nhưng thấy quán cũng đông. Đồ ăn làm khá ngon mình cực thích món sò huyết vì xào ngon, tươi và con sò rất to mập luôn ấy. Lẩu cá ngát cũng ngon, cá tươi lắm. Nhưng mà phục vụ hơi lơi là. Vì bàn mình ngồi đúng ra là nên cho 3 nia cá chiên xù nhưng mà chỉ có 2 nia, nên ăn không đủ. Với nước đá thấy cũng ko thường gắp vào cho khách. Nhân viên giữ xe trời mưa vẫn rất nhiệt tình.Xem thêm",14
139,Yum Luxe,7/11/2016 15:39,8.6,"Đi khoảng 8h đông full tum, quán rộng nên còn được cỡ 10 bàn ngoài trời. Đồ ăn làm ngon. Gọi bò xào củ hành bò mềm, thấm vị. Củ hành giòn nên hơi cay, nồng. Vịt nấu chao bao ngon, ăn lâu càng ngon hơn, ko tanh, thịt vịt mềm. Đông nên làm đồ ăn hơi lâu, chịu khó đợi.Xem thêm",14
140,Yum Luxe,29/9/2016 16:59,8.6,"Vịt nấu chao nồi chà bá, mình ghét chao nhưng ăn được, ko hôi, vịt mềm chín tới, đậu hũ mềm rất ngon. Rau nhiều. Chả cá thác lác chiên cốm dẹp ngon hết xảy, chả cá dai mà thấm, thơm, giòn, mẵn mẵn ngon phết. Đồ ăn ở đây rất chất lượng.Xem thêm",14
141,Ti,2/10/2019 8:46,3.0,"Vừa ăn tuần rồi. Gọi combo 399k 3 người ăn chỉ uống nước lẩu và bình nước tặng để no mà cũng ko no. Buffet rau nhưng chỉ có mấy loại ăn riếc muốn ngán rau luôn, mà thịt thì có khoảng 5 miếng thịt bò lát cực mỏng, nhúng vô lẩu phải mò kiếm nó đâu rồi. Nói là thịt bò nhưng dai vô cùng như lòng bò thì phải. Khâu phục vụ thì ok vì đem món ra là xong rồi còn gì nữa đâu. Nói chung là giá mắc mà thất vọng quá.Xem thêm",15
142,Lotus Green,20/8/2019 18:59,7.2,"Hôm qua đi quán này với kế hoạch ban đầu là gọi combo lẩu 199k nhưng tới quán, thấy có combo 49k mì xào bò/cơm hải sản + 1 coke nên gọi phần mì vì thấy bình luận khen chê tùm lum, gọi vậy để có không hợp ý thì cũng không quá tiếc. Sau khi gọi món xong, tầm 1-2 phút, nước có, 13-15 phút sau khi có nước, có mì và được xin lỗi là bếp có vấn đề nên hơi lâu; lượng đồ ổn, vị ổn nhưng bò dai (cảm giác dai kiểu vừa do gân vừa do nấu lâu quá) và lạnhXem thêm",15
143,rose nguyen,29/5/2019 18:54,4.0,"Thấy quán trang trí cũg đẹp nên vào ăn thử. Thật sự là mình thấy giá cả đắt, đồ ăn không ngon. Món lẩu nêm nếm rất nhạt, vị không phân biệt dc là lẩu ngọt, lẩu nấm, lẩu hải sản luôn, nó cứ lờ lợ, không rõ vị gì cả. 
Rau thì mang tiếng là tự chọn không giới hạn nhưng thật ra chỉ có rau muống, cải và mồng tơi. Rau muống thì chỉ là phần cọng chứ không thấy lá đâu. Ăn lẩu chủ yếu bắt nhờ rau mà nhìn rau quán để sẵn cho khách là hết muốn ăn.
Tốn gần 400k chỉ vừa ý có 2 ly nước đẹp đẹp để chụp hình chơi thôi. Chứ món ăn thì mình nghĩ qua khu tự chọn của các siêu thị khác gọi 1 phần lẩu 120k-200k ngon hơn nhiềuXem thêm",15
144,Anh Le,19/11/2018 19:44,4.0,"Tệ, ko ngon, đắt tiền, phục vụ tệ
Kêu món lẩu combo 350k, thịt bò nhưng đem ra lòng bò. Đòi gặp quản lí, thì Cửa hàng trưởng ra keu thông cảm, hết phần thịt rồi, đem lòng ra thay, bằng khối lượng. Tôi ko đồng ý, nói nó quá khác hình mà thịt với lòng đâu có bằng giá, CHT nói Hình Ảnh chỉ mang tính chất Minh Họa, lần đầu nghe 1 quán ăn phát biểu như vậy, sau đó bỏ đi luôn mặt kệ tôi. Tí hồi tính tiền ra 450k (tại ăn thêm 2 gói mì và 2 cái trứng)_tại lúc cái lẩu đem ra có mấy cộng phở ko đủ 1 người ănXem thêm",15
145,mai,14/10/2018 13:07,7.2,"Vừa bước vào big c thì sẽ thấy ngay.Quán khá thoáng chỗ ngồi rộng rãi
Về đồ ăn thì cũng ok, ngon nhất là cái chân gà (bá cháy bò chét), khoai môn lắc cũng dc. Nước lẩu vừa miệng, bao rau, hết tới hốt, có điều là hơi hiếm thịt, mần mãi mới thấy 1 miếng. Bia tháp kia thì mình uống dưa lưới thấy ngon chứ cam thì gắt cũng kiểu toàn mùi hóa học
Mà phục vụ cũng hơi lâu à nghen, nhân viên cũng k tận tâm lắm đâu
Giá mỗi người ăn chắc tầm 150k thì đủXem thêm",15
146,tranhuynh0606,2/9/2018 21:31,1.0,"Cách phục vụ rất chậm chạp, không tôn trọng khách. Bàn thì không ai dọn nhân viên lo nói chuyện phiếm bàn đã ăn không an dọn không ai quét đợi cả buổi vào thì lau bàn còn không sạch. Đồ ăn BÌNH THƯỜNG không đặc sắc. Với thái độ phục vụ này thì 1 lần duy nhất trong đời KHÔNG BAO GIỜ quay lại. Lúc mình góp ý thì phục vụ bỏ đi không nghe mình nói hết. Mình ra ngồi ăn lẩu thì sôi sùng sục mà không ai đem ra 1 cái chén mình có yêu cầu 2 3 lần mà cũng ko đem chén đũa raXem thêm",15
147,Phạm Trần Phương Trâm,18/8/2018 7:48,8.2,Lẩu bò sài gòn Vivu nằm trong khuôn viên Big C Cần Thơ luôn. Chỉ cần bước vào cửa từ nhà xe là gặp liền. Chỗ này có không gian tương đối rộng. Do bán đồ ăn nóng nên dễ ám mùi. Chỗ này cũng chạy chương trình khuyến mãi quài luôn ấy. Như lần này mình đi thì thấy có lẩu bò to ụ 149k gì đó. Nhưng mình thì gọi phần cơm và phần thịt nướng ăn cho chắc bụng :3 thêm 1 tháp nước nữa thì vừa no đồ ăn vừa no nước luôn :3 cách bố trí nước trong tháp cũng khá đặc biệt ấy :3Xem thêm,15
148,Trang Ngọc,19/6/2018 23:12,7.8,"Với 1 đứa không ham ăn rau như mình thì chuyện cho free rau thoải mái cũng không được thêm gì, nhưng bù lại mình ưng chỗ này là quán sạch sẽ, menu khá nhiều món bò, mà bò là món khoái khẩu của mình. Đồ ăn có hơi mắc xíu, nhưng nêm nếm ngon, muốn ăn no thì chắc cũng phải tầm 500k cho 3 người. Lẩu ra đồ ăn hơi ít, muốn ăn thêm thì kêu thêm, thành ra tiền 1 nồi lẩu không hề rẻ. Được cái phục vụ cũng ok lắm, không gian ngồi thoải mái.Xem thêm",15
149,Nguyen Jen,3/6/2018 19:42,9.0,"Ăn nhiều lần.
Giá ổn và khá ngon.
Mn lưu ý đưa voucher trước khi order món nha. 
Thường là tặng voucher qua mini game phía cửa ạ.Xem thêm",15
150,Heoheoheo95,3/6/2018 17:44,4.8,"Hihi!! Nói chung là ngon thật. Vừa ăn lắm nhưng cũng không có gì để ăn quạ.   😂 Đau khổ quạ:4 người ngồi xuống hỏi em ấy ""em ơi lẩu ni 299k ăn được bao nhiêu người em?"" ... Em ni trả lời:"" 4 người được ạ"" sau đo món ăn được lần lượt lần lượt đem ra 1 người trong số 4 tên vớt vớt cái nồi lẩu bé tí được vài miếng thịt và duy nhất một cực xương... Chắc 4 đứa e quánh nhau vì cục xương duy nhất ấy do nó gây mất đoàn kết quá! 😂Xem thêm",15
151,Ron Swift,17/11/2018 21:43,7.4,"Sáng cuối tuần mình với mấy đứa bạn hay rủ nhau vô đây uống cà phê dù nhà đứa nào cũng ở quận Ninh Kiều, thích cái không khí ngồi cà phê ở đây. Không gian thoáng mát, thoải mái, bàn nhựa và ghế bố xếp kiểu ngày xưa, sang hay có nhiều người ngồi cà phê đọc báo, sinh viên đi học ghé ngang và phụ huynh dẫn con em, bạn bè cà phê sang. Mình thích uống ở đây là vì vậy, dù đồ uống không có gì đặc sắc, phục vụ cũng không được chỉnh chu, nhưng giá rất rẻ 7k/ly cà phê thì mình cũng không đòi hỏi nhiều về chất lượng.Xem thêm",16
152,Ron Swift,19/9/2018 15:07,7.0,"Quán này thì lâu lâu mình mới đi do quán hơi bị xa, cũng ko có gì đặc biệt cho lắm. Không gian theo kiểu sân vườn, trồng nhiều cây xanh nên rất mát mẻ, chỉ khi có mưa thì mới hơi cực một chút do không có mái che ở trên. Cà phê ở đây là loại cà phê bắp rang kiểu hồi xưa giờ ở tỉnh mình vẫn uống, có hôm thì vừa thơm, có hôm hơi bị khét. Đối diện quán có quán cháo lòng ăn cũng ngon, 13k 1 tô, ngồi bên Tím kêu người ta bưng qua cũng được.Xem thêm",16
153,Ron Swift,18/5/2018 19:12,7.4,"Quán này rộng rãi vậy mà chỉ bán mỗi buổi sáng tới trưa trưa là nghỉ rồi, có lần buổi tối mình chạy ngang tính ghé vào mà quán đóng cửa mất tiêu, còn mấy lần đi buổi trưa thì quán khá  vắng, chắc chỗ này chỉ bán được mỗi buổi sáng thôi. Mấy món nước ở đây chắc cũng không đa dạng lắm, mình nhìn xung quanh thấy toàn uống mấy món cũ cũ như cà phê, lipton, trà đường, rau má, dừa... chứ tuyệt nhiên không thấy ai uống sinh tố. Giá mỗi ly tầm 8k - 15k à, quá rẻ luôn í.Xem thêm",16
154,Ron Swift,17/4/2018 20:09,7.0,"Quán này chỉ đông vào buổi sáng thôi, hầu như là sáng nào cũng đông, mình thấy nhiều nhất là mấy bạn sinh viên Tây Đô. Đồ uống chỉ đơn giản mấy món như cà phê, cà phê sữa, lipton... mình không biết có những món như sinh tố không, tại mình cũng chưa thấy menu của quán bao giờ. Ly cà phê sữa trong này chỉ 10k, cà phê với lipton thì tầm 7k, 8k thôi à, tính ra cũng vẫn khá rẻ so với mặt bằng chung bây giờ. Không gian thoáng mát, rộng rãi, có thể gọi cháo lòng gần đó qua ăn nữa.Xem thêm",16
155,Ron Swift,19/1/2018 23:32,7.2,"Quán này hơi xa trung tâm, lại không thuận đường nữa nên thỉnh thoảng mình có việc gì đi ngang thì mới ghé lại thôi chứ mình cũng ít có thời gian rảnh mà chạy xuống đây ăn sáng, uống cà phê :))
Quán rất rộng, hình như là rộng nhất trong khu này luôn á, buổi sáng mình thấy toàn sinh viên trường Tây Đô thôi, cũng phải do đồ uống ở đây rẻ, mà ngồi lâu vẫn được châm tẩy đá như thường nên mấy bạn đó thích cũng phải. 
Đối diện quán còn có chỗ bán cháo lòng nữa, kêu qua đây ăn cũng được nha.Xem thêm",16
156,Duy @khoa,12/11/2017 15:33,7.4,"Lâu lắm rồi mình mới trở vào quán này ngồi cà phê sáng, tán dóc với mấy đứa bạn trong này. 
Quán vẫn đông y như cũ, buổi sáng mấy bạn sinh viên Tây Đô ghé khá nhiều, nhóm thì đánh bài, nhóm thì ngồi nói chuyện, số ít khác ăn sáng, học bài.. 
Mình hay chọn quán này để cà phê sáng nếu vào khu này, một phần do ngang quán có một quán cháo lòng, có thể kêu họ bưng cháo qua đây vừa uống cà phê, vừa ăn sáng luôn, khỏi khé 2 3 quán bất tiện.Xem thêm",16
157,Duy @khoa,8/9/2017 19:24,7.2,"Buổi sáng quán này phải công nhận là đông vui thiệt, đa phần khách tới đây đều là sinh viên của Đại học Tây Đo, với một số người lao động gần khu này nữa, chứ teen teen cỡ mình cũng hơi ít.
Quán có mặt bằng khá rộng, chỗ để xe chắc cũng để đc cả trăm chiếc chứ ko ít. Quán không có mái che như mấy quán thông thường, mà chủ yếu che bằng cây xanh với mấy cái dù lớn, nên mưa thì hông ngồi được. 
Đồ uống tương đối rẻ, chất lượng cũng khỏi bàn ))Xem thêm",16
158,Duy @khoa,6/8/2017 11:58,7.4,"Chỗ này mà tụ họp hội anh em ra ngồi tán dóc thì êm lắm, tại quán có không gian rộng rãi, cách xa đường lộ chính, mà không khí buổi sáng lại ồn ào, đông vui nữa. 
Nếu đi từ trung tâm, từ đường 3/2 chạy qua cầu Cái Răng, chạy đến chỗ qua lộ đầu tiên thì qua lộ rồi quay đầu lại, đến gần dốc cầu thì thấy có đường rẽ phải > chạy vào tầm 1km là thấy quán nằm bên tay phải luôn, rất dễ nhận ra vì quán khá lớn, buổi sáng xe đậu đông nghịt luôn.
Quán chỉ có vài món cơ ban thôi, giá cũng rẻ nữa.Xem thêm",16
159,Duy @khoa,17/7/2017 11:17,7.4,"Thấy mấy đứa bạn mình cũng hay nói về quán này, sẵn có việc vào đại học Tây Đô nên mình ghé vào thử luôn cho biết.
Quán có không gian rộng rãi kiểu cà phê sân vườn thường thấy ở tỉnh, nhiều khu, buổi sáng rất đông sinh viên ra uống cà phê, gặp gỡ bạn bè, hoặc đơn giản là ra chơi bài...
Đồ uống chỉ có mấy món bình thường như cà phê, lipton, dừa, nước chai.. .thôi chứ không có mấy món pha chế cầu kỳ. 
Giá đồ uống rẻ, tương xứng với chất lượng ở đây.Xem thêm",16
160,Thức,17/6/2017 16:59,7.4,"Quán này nằm hơi xa trung tâm một chút nên mình ít khi nào chạy xuống đây, trừ khi có việc đi ngang rồi ghé qua luôn. 
Quán chỉ bán những món cơ bản như cà phê, cà phê sữa, lipton, dừa.... nên cũng không có nhiều sự lựa chọn, cũng không có nước pha chế luôn.
Không gian siêu rộng, hầu hết khách ở đây là sinh viên trường Đại học Tây đô, thấy đồng phục mấy bạn toàn của trường đấy.
Gần đây cũng có nhiều quán bán đồ ăn, có thể gọi qua ăn, mà toàn quán bưng qua thôi nên cũng không cần cất công đi muaXem thêm",16
161,Nguyễn  Thị Phương Dung,10/11/2018 19:34,7.8,"Quán nằm ngay khu nhà ở Nam Long nên cũng rất đông khách sáng thì cà phê điểm tâm còn đặc biệt trưa thì cơm văn phòng vì cũng rất nhìu công ty văn phòng ở gần đó. Cơm trưa thì cũng phong phú và thực đơn cố định. Trung bình ba người ăn là 100k còn đc kèm đĩa trái cây nữa. Trà đá free.
   Cơm thì bữa ăn sườn kho và cá basa. Cá thì được lấy khúc bụng nên cũng mỡ á vì trưa quá nên hết khúc thịt rồi. Sườn thì được kho khá vừa mặn ngọt, thịt được kho thấm nên cũng khá ngon. Kèm rau, dưa leo và chén soup phải chi thay soup bằng chén canh thì êm hơn. Cơm thì tạm ổn và được nén lại tính ra cũng nhiều khỏi cần thêm cơmXem thêm",17
162,Nguyễn  Thị Phương Dung,7/7/2018 9:37,6.6,"Sáng đi ăn ở đây nói chung không gian rộng,  sân vườn có mái che ngoài ở ngoài. Có phòng lạnh nữa. Sau mưa nên còn ấm ướt nhưng bàn ghế lau khô rồi cũng ok. 
   Menu ăn sáng có nhiều món bún xào,  hủ tiếu,  beefsteak... Giá cũng tạm ok mùi vị thì khá bình thường. Nước sốt beefsteak thì hơi thiên về mặn được cái beefsteak bò để nguyên miếng thì chín tái khá mềm, ngọt nên cắt ăn miếng mềm, còn ngọt thịt. 
    Một chút góp ý là phải kiểm tra rau kèm nhé, ăn có sâu trên lá lun á. Bạn mình ăn phát hiện sâu báo nhân viên, nhân viên đem đi đem lun đĩa rau của mình lun thành ra 1 đi ko trở lại 2 đĩa rau. Ko chỉ mỗi bàn mình những bàn ngồi đó cũng dính... Ko gắt nhưng nên cẩn thận. Cà phê sữa thì vừa ít cà phê mà vừa lạt nữa 
   Beefsteak 45k cà phê 16k... Tổng 61k đánh giá miếng bò thui còn lại đều chưa ngonXem thêm",17
163,Tanu Oh,4/3/2018 22:17,7.4,"Cuối tuần xuống Cần Thơ học, tranh thủ sáng chưa tới giờ, rủ bà chị ở khu Nam Long này ra chơi. Phải nói, sáng cuối tuần đông ghê, lúc mình lại là đã khá đông, ngồi thêm tí là người ngồi kín cả bàn, có nhiều khách thấy đông quá nên chạy bỏ đi luôn.
Nhân viên hơi ít, phục vụ chạy loạn cả lên, nhưng nhìn chung cũng khá nhiệt tình và tâm huyết nên không thể chê trách gì được.
Điểm tâm ngon, mà đói quá, ăn mà quên chụp hình mất rồi. Mình ăn hủ tiếu, nước lèo ngon lắm, kiểu ngọt thịt ấy chứ không phải từ bột ngọt.Xem thêm",17
164,Tambourine Tim,26/2/2018 10:48,7.0,"Khúc đường từ cầu Quang Trung qua tới khu vực Võ Nguyên Giáp có rất ít quán ăn. Mà được ngay quán Đại Cát vừa rộng rãi, không gian đẹp lại đồ ăn rất ngon thì đúng là thích quá nhiều. Qua đây buổi trưa đi tầm 4 người ăn cơm phần giá cũng dễ chịu. Gọi canh, mặn, xào với món nhẹ nữa là ăn ngon với đủ chất cho buổi chiều tiếp sức làm việc. Mỗi phần vậy cũng khá nhiều, món nào cũng ngon. Cực kì thích hải sản xào ở đây, mực rất tươi và to.Xem thêm",17
165,Tambourine Tim,6/2/2018 12:56,7.4,"Quán gần công ty nên hôm nào thèm ăn trưa ngon là tụi mình kéo cả qua đây ăn cơm phần. Mình rất thích không gian của quán vì rộng rãi và mát mẻ. Thức ăn ở đây đặc biệt rất ngon nhe, hầu hết mọi ngườu công ty mình đều thích. Món quen thuộc tụi mình hay gọi là canh chua cá, cá kho tô với rau xào. Đều gọi phần lớn. Bill tính ra giá cũng phù hợp với chất lương. Lúc ăn xong tính tiền cái là nhân viên sẽ dọn chén dĩa ngay, ko để bàn bị lộn xộn.Xem thêm",17
166,Phạm Trần Phương Trâm,19/1/2018 13:23,7.6,"Mình có thầy giáo nhà bên khu Nam Long nên mỗi lần qua nhà thầy nộp bài hay gì đó về là mình với bạn hay ghé quán cà phê đầu đường nhà thầy lắm. Buổi sáng quán này khá đông nhưng gần như không có ai trạc tuổi mình hết, phần lớn là dân văn phòng, khách gia đình là nhiều. Menu quán cũng có nhiều món nước và điểm tâm sáng lắm. Nước giá cũng ok, đồ ăn sáng tầm 30-40k, nêm nếm cũng ngon, hợp khẩu vị mình nhưng tính ra quán hơi xa trung tâm và giá hơi mắc xíu nên bình thường chắc mình ít lui tới.Xem thêm",17
167,Phạm Trần Phương Trâm,9/12/2017 23:02,8.0,"Đi chơi và không viết ăn gì, ăn ở đâu nên đã ghé quán để ăn sáng và sẵn tiện uống cà phê sáng luôn. Quán nắm ở quận Cái Răng và hơi xa trung tâm thành phố Cần Thơ. Không gian quán rộng,sạch sẽ, thoáng mát tại cảm giác thoải mái cho khách hàng. Nhân viên vui vẻ, thân thiện với khách hàng, mình lỡ làm đổ chén nước tương và bạn phục vụ đã vui vẻ lau dọn giùm mình. Menu khá đa dạng về điểm tâm sáng nên có khá nhiều sự lựa chọn cho khách hàng
Mình kêu 1 tô hủ tiếu giò heo và bún xào. Đồ ăn khá ngon, khá hợp khẩu vị của mình.Xem thêm",17
168,Tanu Oh,27/11/2017 15:26,8.8,"Dạo gần đây hay đi Công tác ở Cần Thơ, và ở trong khu Nam Long nên sáng sáng thường ra đây uống cà phê và ăn sáng lắm. Mình thuộc dạng thích quán kiểu sân vườn thiên nhiên nên quán nào có cây là chọn và Đại Cát thì vừa gần lại vừa đủ các tiêu chí của mình nữa.
Buổi sáng quán đông lắm, có hôm cuối tuần là gần full bàn luôn. Một phần có thể do quán sạch sẽ, đẹp, thoáng mát với lại nhân viên phục vụ chu đáo, nhiệt tình. Một phần nữa là do thức ăn ở đây chế biến khá ngon, trông có vẻ vệ sinh nữa, thức uống thì phê chế ngon, vừa uống. Giá khá bình dân so với chất lượng quán đem lại, nước chỉ từ 15 ngàn, đồ ăn chỉ từ 25 ngàn thôi!
Khá ổn!Xem thêm",17
169,Trang Ngọc,16/11/2017 23:13,8.4,"Quán này ngay đầu khu dân cư Nam Long, chỗ bà con mình sống nên cuối tuần cả nhà hay ghé đây ăn sáng. Đó giờ mình không rành khu bên này nên dì dắt đi đâu thì ăn đó. Khá ấn tượng với quán này vì không gian khá rộng, cuối tuần cũng rất đông khách. Menu đa dạng đồ uống và đồ ăn, giá tương đối hợp lý so với mấy quán cà phê sân vườn kiểu này. Thức uống tầm 15-25k, đồ ăn thì tầm 30-40k. Hôm mình ăn là món mì thịt, 30k/tô, nước dùng nêm nếm ngon. cà phê sữa pha cũng ok nữa. Sẽ ghé lại ^^Xem thêm",17
170,Tanu Oh,10/10/2017 21:36,8.0,"Dạo này bên khu Nam Long có nhiều quán mới quá.
Quán này nằm ngay đầu cổng khu dân cư Nam Long. Nếu không biết cứ tưởng là trạm dừng chân của Phương Trang vì nó cũng lấy tông cam và xanh lá để trang trí.
Quán có 2 khu, khu sân vườn và khu phòng lạnh cho khách tùy chọn.
Khu sân vường bên ngoài có mấy cây cổ thụ và mái che nên khá mát, à mát là mấy cây quạt hơi nước công suất lớn nữa chứ.
Nhân viên phục vụ tốt, không có vấn đề gì.
Dừa tươi ở đây không được mới cho lắm, da đã nhăn nheo hết. Khá cũng khá ổn, 20k tùy loại.
Nghe bảo buổi sáng có bán điểm tâm ăn cũng ngon lắm, nên sẽ ghé ăn thử nếu có dịp.Xem thêm",17
171,Timmy Nguyễn,10/7/2020 14:39,7.8,"Điểm đặc biệt quán thiết kế với tone đen, các mày móc và quầy cũng đc làm theo màu chủ đạo, rất nhiều góc để chụp hình sống ảo đẹp lun linh lun linh. Điểm đặc biệt máy ran càfe nằm ngay cửa vào thơm nứt mũi.

Menu có giá dao động từ 50.000₫ đến 80.000₫, ngoài ra tại quầy còn có bánh ngọt cho các bạn lựa chọn, nhân viên nhiệt tình, lịch sự và thân thiện. Chứ món nước mình thấy khá bình thường, không gì đặc biệt lắm...

Quán không gian yên tĩnh, nhạc bật nhỏ nhỏ, vừa nghe thích hợp cho đọc sách và học nhóm.Xem thêm",18
172,Abby Le,1/1/2020 14:55,10,"Mọi người ơi hãy đến với Odin đi nào
 • Thức uống ngon giá học sinh,sinh viên 
 • View thoáng mát 
 • Có Boardgame
 • Wifi mạnh để chiến game
 • Và Dàn nhân viên thân thiện và ông chủ xịn sò ❤️Xem thêm",18
173,Đình Lê,1/1/2020 14:46,10,Thức uống ngon giá học sinh sinh viên view thoáng mát rộng rãi vì có rất nhiều cây xanh và có cả boardgame để chơi cùng bạn bè hãy qua ủng hộ ông chủ đẹp trai cute của quán đi mọi người ❤️Xem thêm,18
174,Phúc Lê,31/12/2019 19:47,9.2,"Quán có không gian thoáng mát, thoải mái. Nước uống rất ok, lại có thêm board game nữa.
A chủ đẹp troai và rất thân thiện
Sẽ ủng hộ quán quài nhaaaaa ☺️Xem thêm",18
175,Ngọc Điệp,31/12/2019 12:54,10,"Quán không gian mát mẻ, rộng rãi... menu đa dạng, nước uống lại ngon, giá thì hạt dẻ lắm nha... Nơi lý tưởng dành cho các bạn học sinh, sinh viênXem thêm",18
176,Lan Vi,31/12/2019 12:31,10,"Không gian được đầu tư chi tiết với nhiều góc sống ảo lung linh. Các thức uống cực kì  hấp dẫn giá cả rất phù hợp cho học sinh sinh viên luôn nhe. Chủ thì dễ thương, nhân viên vui vẻ hiếu khách nữa. Đây đúng là điểm đến tuyệt vời.Xem thêm",18
177,Mr. Béo,30/12/2019 11:49,9.0,"Quán vừa đưa vào hoạt động với mức giá từ 16-35k, khoản giá khá rẻ cho học sinh, sinh viên hoặc dân văn phòng. Quán có cả 2 không gian là phòng lạnh và ngoài trời. Với lối thiết kế đơn giản mix theo style industrial, retro và minimal giúp cho khách hàng có cái nhìn thoải mái, thoáng và ấm áp.Xem thêm",18
178,Rachel Smith,20/2/2022 16:59,7.0,"Đồ ăn ngon, rẻ, chỉ trừ món dồi trường xào dưa cải, dồi trường thì hôi, dưa cải thì chua nên mình bỏ cả dĩa

Lươn um lá cách thơm ngon, béo

Lẩu ba ba nấu chuối mẻ thì ngon khỏi bàn ròi, chuối già cui trong lẩu ăn kèm dẻo ngon

Có điều quán ra món hơn lâu, nhân viên có bạn lúc nhớ lúc quên. Nói chung phục vụ cũng chưa ok lắm.

Ai thèm nc ngọt thì xác định tự mua dô uống nhe, chớ mình hỏi quán nói chỉ có bia với nc suối thoi.Xem thêm",19
179,Rachel Smith,8/3/2018 22:45,6.0,"Ở đây thì nổi tiếng vs đặc sản lẩu ba ba. Vì là quán bình dân nên mình không yêu cầu quá khắc khe chuẩn như nhà hàng.
Nhìn chung mọi thứ ở đây đều khá ổn từ phục vụ cho đến món ăn.
Món lẩu baba nấu mẻ hôm nay mình dùng, theo cảm nhận của mình thì vị hơi chua hơn so vs những lần mình đi trước. 
Mình có gọi thêm cánh gà chiên nc mắm ăn cũng khá ổn, nc sốt gà đậm đà dễ ăn.
Cơm chiên hải sản khô và vs mình thì k ngon cho mấy.Xem thêm",19
180,Linh Lê,25/12/2017 9:41,8.6,"Vào quán hỏi gà bao nhiêu 1 con e nv báo 220k. Mình kêu 1 con làm 2 món lẩu chanh ớt và chiên nước mắm. 
Lúc mang lẩu lên ăn thì thấy thịt gà to dai ngon. Nghĩ trong bụng chắc ngta tính kg 220k/kg. Con này cũng phải 2kg ăn xong tính tiền chắc xỉu :))) 
Ăn xong đưa hoá đơn xỉu thiệt. 2 món. Chỉ 220k. Mà gà to dai đùi to bự chứ ko phải gà nhỏ như những quán khác. 
Ngon rẻ. Quán đông thì đợi lâu. Quán vắng thì lên món nhanh.Xem thêm",19
181,Linh,18/9/2017 21:34,8.6,Phục vụ hơi chậm xíu nhưng nhiệt tình. Giá quá chừng ok cho chất lượng ..... ăn uống quá trời 10 người mà có 590kXem thêm,19
182,Linh,14/8/2017 19:04,8.4,"Quán ở khu vực Cái Răng. Đây là quán ăn gia đình . Phục vụ nhiệt tình nhưng chưa chuyên nghiệp lắm. Món ốc hấp tiêu vừa miệng.  Cá lóc sốt me cực ngon luôn , cá lóc giòn , nước sôt cũng ngon nưa. Lẩu thì thức ăn nhiều vị ok đa dạng các loại rau. Còn cơm rang mình ăn cơm rang dương châu vag cơm rang ca mặn 2 này thì được chứ k ngon lắm... giá cả thì phù hợp. !  Mình nghe nói quán có ba ba nấu mẻ ngin lắm mà vì không biết ăn baba nên không có gọi. Hi.Quán rông rãi thoáng mát! Buổi trưa mình thấy quán khá đông.hihi...Xem thêm",19
183,Linh,14/8/2017 18:32,8.0,"Quán không gian khá rộng, mát mẻ nữa. Nhân viên phục vụ nhiệt tình. Thức ăn thì tươi ngon. Menu rất đa dạng món luôn. Mà giá cả sinh viên nưa. Ở đây mình thấy rất đông nhiều nhóm hop lớp hay liên hoan.Xem thêm",19
184,Rachel Smith,18/9/2016 21:30,6.0,"- Quán là quán ăn gia đình. Giá cả khá hợp lý. Đa số là các món đặc sản.
- Nhân viên nhanh nhẹn, nhưng chưa chuyên nghiệp lắm.
- Các món ăn ở mức chấp nhận đc chứ chưa thực sự ngon!Xem thêm",19
185,Trực Nguyễn,27/8/2016 20:00,7.0,"Được bạn giới thiệu đến quán này, đi taxi hơi xa.
Quán chuyên các món đồng quê như baba , rắn v.v.. lúc mình tới quán rất đông khách. Nhân viên nhanh nhẹn nhiệt tình tư vấn món.
Mình gọi gỏi khô cá lóc trộn xoài, baba giá 150k/ con, mình gọi 2 con làmchiên mắm và lẩu baba.
Món gỏi ăn tạm ổn, hơi nhạt so với khẩu vị mình, khô cá lóc ngon.
Ba ba chiên ăn với mắm me ngon, lạ miệng. Khuyên bạn nào đi ăn với nhóm thì xí trước cái chân, nhiều thịt. Còn đa số là phần mai cứng, ko ăn đc nhiều :))
Lẩu baba ăn kèm với 1 dĩa rau to đủ loại nhìn rất hấp dẫn, nhưng ko đc ngon, nhạt, chắc do ko hợp vị.
Tính tiền 462k cả tiền nước, chia cho nhóm 7 người, hợp lý.Xem thêm",19
186,Hoang Phuong Do,7/12/2018 21:57,8.2,"Có ăn cái chỗ ở dưới kia mới thấy đồ ăn ở chỗ này vẫn hợp với mình hơn. (chỗ dưới kia bữa khác viết sau)
Quán bán các món như bánh cống, bún thịt xào, chả giò, hoặc có thể ăn bún bánh cống, bún chả giò, hình như nghe đâu còn bán thêm rau câu, cà na nữa. 
Quán nằm ngay gần ngã tư chợ nên rất là tấp nập, xe cộ qua lại khá đông, quán thì lúc đông lúc vắng nhưng có điều ít bàn nên chừng 5 người là hết chỗ (có thể qua quán cafe đối diện ăn với uống luôn cũng được).
Xe thì cứ đậu bên quán cafe vô tư rồi đi quaXem thêm",20
187,Hoang Phuong Do,14/10/2018 20:26,8.0,"Ui giùi ui đi vào chợ Cái Răng mà không ghé đây ăn là một sai sót đó nha.
- về không gian: quán cũng nhỏ nhỏ thôi à. Tầm 3 - 4 cái bàn nhỏ gì thôi, đa số mọi người đến đây đều mua mamg về cả. 
- về món ăn: ở đây chắc cũng bán tầm 20 năm rồi, với kinh nghiệm thế thì độ ngon không thể bàn cãi rồi. Bánh cống nóng hổi, vàng rụm mà vỏ ngoài lại giòn tan, nhân ngon lắm nha. Nem nướng thì độ ngon siêu cấp, vị đậm đà, nhìn hấp dẫn vô cùng. Thịt xào không bị khô. Giá cực yêu tô đầy đủ chỉ 20 nghìn.Xem thêm",20
188,Trần Anh,17/9/2018 11:46,7.8,"Chỗ này mình nghe danh cũng lâu rồi mà mình có đi ngang vài lần, thường mình nghe nói buổi sáng chỉ bán từ 6 7h tới tầm 9h hơn hình như là hết bún xào mà chỉ còn bánh cống. Quán này nằm ngay trong chợ Cái Răng, mình nhớ không lầm là gần bưu điện đó, mà buổi sáng quán bán đông dữ lắm nhiều khi mua về ăn thì được chứ không còn chỗ ngồi.
Theo mình thấy ở đây vừa ngon lại vừa rẻ, mình chấm nhất là phần nước mắm, với bánh cống lúc nào cũng được chiên giòn hết, có chả giò ăn kèm cũng ngon mà lần nào mình lại hầu như cũng hết chả giò rồi, bún xào thì bình thường hà mà được cái hơi lạ ăn kèm với bánh cống và chả giò nên thêm phần đặc biệt.
Mình nhớ lúc mình mua có bán lẻ bánh cống nữa, bánh cống ở đây chiên giòn rụm luôn, mà cái vừa ăn lắm không quá to nên cũng không ngán. Quán này bán nổ tiếng trong chợ Cái Răng nên nếu ai không biết đường đi vào chợ hỏi cũng dễ ^^Xem thêm",20
189,Hoang Phuong Do,15/4/2018 22:44,9.2,"Chắc mai mốt ra đây xin làm con nuôi để ăn cả ngày quá, gì mà ngon xuất sắc thế không biết.
Cũng cả 10 mấy năm buôn bán rồi, thế mà cái vị này chẳng lẫn đi đâu được. Tô bún đầy đủ, nào bánh cống, thịt xào, nem nướng rồi chả giò mà có 20 nghìn à. Bánh cống nóng hổi, thơm phức, vỏ ngoài giòn rụm luôn, cắn một miếng là tê tái liền, nem nướng ở đây thì ngon số dách, có cái hơi nhỏ nên ăn hông đã mà thôi. 
Bán 10mấy năm chứ cái quán cũng chỉ có lèo tèo 2-3 cái bàn à, ngoài ra ở đây có nước sâm á nhe, ngon lắm lắmXem thêm",20
190,Hoang Phuong Do,18/2/2018 22:20,8.4,"Chắc không ai ở Cái Răng mà không biết đến món bún bánh cống trứ danh này. Tính đến nay chắc quán cũng hơn chục năm rồi nhỉ. Ăn từ cái thời còn nhỏ xíu mà mẹ hay dẫn đi chợ cùng, quán còn nằm đối diện chùa ông cho đến bây giờ dời sang chổ khác.  Vẫn hương vị đó, ngon xuất sắc. 
Bánh cống vừa chiên ra còn nóng hôi hổi, cắt cái bánh ra mà khói còn bốc lên nghi ngút. Ngon vô cùng, ăn một lần thôi là ghiền luôn. Chả giò cũng ngon, nem nướng thì ngon khỏi bàn luôn.
Giá cho một tô bún đầy đủ thập cẩm thế này là 20k, khá là rẻXem thêm",20
191,Hoang Phuong Do,19/1/2018 21:52,9.0,"Ơn giờ món bún bánh cống truyền thuyết Cái Răng đây nè!
Hông biết tìm đâu ra một quán thứ hai ngon xuất sắc như vầy nữa đây. Ăn từ thời nhỏ xíu xiu đến giờ 20 mấy tuổi đầu rồi mà cô bán vẫn còn nhớ mặt. 
Chắc cũng 20 năm rồi ấy nhỉ, thế mà hương vị vẫn vậy. Bánh cống vừa chiên ra thơm nức mũi, nóng hổi mà lại giòn rụm. Thịt xào vừa chín tới, còn mềm. Chả giò vàng ươm mà lại giòn rụm, cắn một miếng thiệt đã. Nem nướng thì không còn gì bàn rồi. Xuất sắc. 
Giả chỉ 20k cho một tô thập cẩm thế này thôi.Xem thêm",20
192,Hoang Phuong Do,13/12/2017 0:25,7.4,"Ơn giời món bún bánh cống truyền thuyết đây rồi!!!
Ối giời ơi ai mà đi đến chợ cái răng mà chưa ăn qua món này là một thiếu sót lớn vô cùng. Chắc quán này cũng chục năm rồi ấy nhỉ, ăn từ thời còn bé tí đến giờ cơ.
Qua ngần ấy năm mà vẫn đúng cái hương vị ấy không gì thay đổi. Bánh cống nóng hổi giòn rụm, thịt xào thơm lừng, nem nướng chợ cái răng thì ngon khỏi bàn rồi. Ngoài ra còn có chả giò cũng khá là ngon lắm đấy. Ăn vào một miếng là khó mà cưỡng lại được. Giá mới cập nhật là 20k/tô
Cô chủ bán vui tính và hề lắmXem thêm",20
193,Danh Nguyễn,12/12/2017 11:25,8.2,"Cập nhật vị trí...là 69/2 đường Trần Hưng Đạo, ngay sau lưng chùa gì ý và đối diện CLB du lịch quận CR ý.
Về chất lượng thì vẫn ngon đều đều. 20k 1 tô cũng ngon bổ rẻ.Không gian bên chỗ mới cũng không khá khẩm hơn bên chợ mà được cái nó rộng rãi với thoáng mát hơn....Chỗ để xe cũng không có nên đậu đại ngay phía trước xạp bán, ăn xong chắc cũng dong lẹ không là bị hốt lại mệt. Được cái bên chỗ mới có nhiều bàn hơn 1 tí mà cũng chật chội như thường. Nói chung là xuống đây là nên ăn thử cái món này.Xem thêm",20
194,Danh Nguyễn,27/5/2017 18:22,7.6,"Ngon quạ luôn cơ.
Ngoài tít ở gần quận Bình Thuỷ nhìn thấy cái tô hấp dẫn quá chời cũng phải cuốc 1 chuyến xuống Cái Răng ăn thủ cho biết. 1 tô 20k thấy quá chất lượng, một nùi đồ ăn ở trên mặt nhìn là kết rồi. Ngặt cái là không gian chợ nên nhỏ hẹp quá lại không có chỗ để nhiều xe không là dắt theo bầy đàn đi phá đảo cả cái quán. Bánh cống cắn vào thấy nó mềm mềm mà chả biết làm từ cái gì luôn ák, ăn bùi bùi béo béo. Thấy hình hồi đó không có chả giò mà bây giờ còn có thêm chả giò chiên nữa, mà giá vẫn vậy không thay đổi. Còn về nem nướng thì mình có ăn qua 1 lần ở lò trong chợ rồi tuy không bằng nhưng vẫn chất lượng lắm luôn.Xem thêm",20
195,Mèo Ú Điên,22/5/2017 18:45,4.8,"Trưa nay tiện đường đi khám bệnh ở gần chỗ bán bún xào này 
Lúc ngồi đợi tới lượt vô khám lên foody vô tình thấy được mấy bạn review về chỗ bán này .
Nên vừa khám xong chạy lại mua về ăn thử 
Mình kêu 1 phần bún xào đầy đủ mang về
1 phần đầy đủ như vậy là 20k , 1 cái bánh cống được cắt ra , 1 cái chả giò và thịt . Nhưng không có nem nướng như mấy bạn đã ăn viết review . Không biết do hết nem nướng hay do mình mua vào bữa trưa trễ nên không nem nướng thì mình không rõ .
Cái Răng nổi tiếng về nem nướng đó giờ mà không có nem nướng thật tiếc . 
Bún vừa đủ ăn không gọi là quá nhiều . Bánh cống , chả giò và thịt với nước mắm thì vừa ăn .
Chỗ này xa nhà quá nên nào thèm thiệt chắc mới vô mua ăn 😁Xem thêm",20
196,Hoang Phuong Do,19/11/2018 21:42,7.4,"Ố là la quán chơi cái trò gì kì cục ghê dị hà. Em order cà ri dê mà hông cho được cái thố nữa rồi lấy gì mà ăn. Lúc nhận được bịt đồ ăn hết hồn luôn, có phần cà ri, một ổ bánh mì và rau sống. Rồi biết làm sao ăn, ráng hút hết cái ly trà sữa để lấy cái ly ra đựng cà ri ăn đó, quán ác thấy sợ. Bánh mì mềm và hơi dai nha. Cà ri vị đậm đà, nước hơi loãng, ít thịt mà lại nhiều xương, cục xương nào cũng chất lượng, bự chà bá luôn mà có lèo tào vài miếng thịt hà. Giá thì hơi đắt.Xem thêm",21
197,Thanh Tran,24/10/2018 17:55,6.8,"Bún bò cay mà ăn như bún bò kho, buồn ghê nơi, nhưng nhờ có deal giảm giá nên ăn thử. Trình bày sạch sẽ, giao đúng giờ, thịt nhiều.Xem thêm",21
198,Phạm Trần Phương Trâm,19/10/2018 12:01,9.2,"Quán nằm trên đường Quang Trung, chạy thẳng qua cầu Quang Trung nhìn bên tay phải là thấy ngay. Quán trang trí màu hồng khá là nổi bật. Đọc đánh giá trên đây thì thấy không khả quan lắm nhưng giảm giá mình đặt ăn thì cảm thấy hoàn toàn ngược lại. Như hình là tô bún bò cay, bình thường có giá là 35k. Giá không cao chút nào so với chất lượng như vậy. Cọng bún ăn dai, nhỏ, rất thấm vị nước súp. Nước súp ăn vào là biết ngay hầm chung với bò, có thêm bọc sa tế nữa, thơm lắm thơm luôn. Miếng bò thì miếng nào miếng nấy to đùng, lại còn mềm nữa chứ. Quán chăm chút từng cọng rau luôn, sạch sẽ. Một tô như vậy quá xứng đáng.Xem thêm",21
199,Phan Thị Hồng Oanh,14/9/2018 20:19,8.2,Rất rất rất nhiều lần muốn ăn nhưng đọc rivew của các bạn trên đây mình hoàn toàn không giám thử 😂😂 ai dè có bữa now giảm 40%. Tô hủ tiếu dê còn có 27kkkkk. Đối với đứa có đồ sale mà không ăn là có lỗi với bao tử như mình thì biết ngu cũng phải nhào dzô 😂😂 ai dè trời ơi nó NGONNNNNN - chẵn lẻ chửi đứa nào dám báo dỡ để biết bao lâu ko dám đi ăn chớ :v thịt thì nhìu. Hủ tiếu dai. Rau 4-5 loại mà mình biết ăn đc tới 1 loại lậnnnnnn 😂😂 quan trọng là nước súppp. Súpp dê đó mấy má ơi 😱😱 hổng phải súp phở như ngta bán đâu. Và hôm nay khi now hết sale và mình đi nhìu chiện gần đó. Bấm bụng dzô mua đem về. Thấy bác chủ khá ư hiền và nhiệt tình. Tính giỡn hỏi bác còn bán bún bò cay nổi tiếng hông 😂😂 ( vâng! E biết e chướng. Mọi ng đừng la e ) bác nói bác sang quán lại cách đây hơn 1 năm. Hồi đó bác là hủ tiếu dê Hùng Ký của đường Võ Văn Kiệt. Nhưng thấy tên quán này hay bác giữ lại 😶😶😶 chỉ mún hỏi sao bác sang quán mà ko sang tên. Làm tui bao lâu nay không dám ăn thử 😭😭😭😭😭 mua về 45k mà vẫn thấy xứng đáng. Hẹn bác tuần sau bác giảm trên Now con ăn típ nghen 😂😂😂Xem thêm,21
200,Zyn Tóc Xù,21/5/2016 12:10,6.8,"Chưa ăn bún bò cay ở Cà Mau nên ko thể so sánh. Xem như mới ăn món mới lần đầu đi.
Mình chỉ ăn bún bò cay, ko có ăn bánh tằm cay, ko biết vị nó thế nào :( Bún bò cay đúng tên nó là cay, hic. Kêu cay ít mà cũng rất cay 😥 Sợi bún lạ lắm, ko phải bún gạo mình hay ăn đâu. Thịt bò dai, to. 38k thì hơi mắc vì ít xịt à, ăn ko có no. Nhìn chung ko hợp khẩu vị mình lắm hic. Điểm cộng cho việc trần sôi đũa muỗng, rau cũng sạch hehe. Trà đá ko tính tiền, mà kêu mới đem ra 😥Xem thêm",21
201,Trần Toni,14/5/2016 17:03,3.6,"Đầu tiên, phải lại quán lần thứ ba mới ăn đc, quán thường nghỉ bán sớm do hết sớm.

Nói chung cũng ko có gì đặc sắc, đi ăn cho biết, Món bánh tằm gà có một miếng huyết, một viên xíu mại và một khúc thịt gà, giá 45k/tô cũng hơi mắc.

Ăn cho biết zậy thui chứ không muốn ghé lần haiXem thêm",21
202,Minh Cao tuan,13/5/2016 11:05,6.8,Tính lại ăn hủ tiếu dê mà không còn bán nữa gặp ngay quán này. Quán bán không ngon. Mấy bạn cho mình hỏi cái quán hủ tiếu dê ngay chỗ này nó dời đi đâu vậy?Xem thêm,21
203,Hồng Nhung Trần Lê,4/5/2016 17:07,5.2,Xa quê lâu lâu mới được về ăn bánh tầm. Thấy có tiệm ở CT mừng quá ăn thử. Ai ngờ k ngon. Dở hơn mấy bà bán vỉa hè CM nữa giá thì đắt. 😕Xem thêm,21
204,Fall Fin,28/4/2016 20:20,6.4,"Háo hức & vuột mấy lần định đi ăn thử bánh tằm cay - đặc sản Cà Mau tại CT, nhưng chất lượng không như m hy vọng & giá lại mắc, 45 ngàn/dĩa. Xíu mại ăn khá ổn, gà bị hôi ê, thịt cứng, sợi bánh k ngon. Duy nước sốt okie. Quán nổi tiếng ở quê bán món này tuy giá cũng cao nhưng ngon hơn rất nhiều nên thấy xứng đáng. Tô bún bò cay của bạn m càng hụt hẫng hơn, chỉ vài lát thịt & ít bún (y chang sợi bánh tằm bên dĩa của m) mà những 38 ngàn.
Thôi cũng cộng điểm vệ sinh, đũa muỗng chần nước sôi & rau khá ngon mắt.Xem thêm",21
205,Nguyễn Hoàng Gia Bảo,19/7/2023 8:25,10,Cô chủ quán siêu đáng yêuXem thêm,22
206,Nguyễn Hoàng Gia Bảo,19/7/2023 8:23,10,"Làm đồ ăn ngon , ăn quài không ngánXem thêm",22
207,Nguyễn Hoàng Gia Bảo,19/7/2023 8:22,10,"Cô chủ quán vừa xinh đẹp vừa dễ thương 
Anh phục vụ siêu đẹp traiXem thêm",22
208,Nguyễn Hoàng Gia Bảo,19/7/2023 8:21,10,Ăn 1 lần thấy ngon quá ăn ghiền luônXem thêm,22
209,Nguyễn Hoàng Gia Bảo,19/7/2023 8:21,10,Ngon nheXem thêm,22
210,Phạm Trần Phương Trâm,19/10/2018 12:02,8.2,"Quán này vào cũng có thể đoán được là quán chắc cũng lâu đời lắm rồi. Mình có đặt order qua dịch vụ Now một tô mì Nam Vang như hình. Do vị trí của quán cũng khá xa nên lúc giao tới mình cũng nguội bớt rồi. Hâm lại ăn thì sẽ đảm bảo ngon hơn. Một tô như hình có giá 30k, mình nghĩ cũng không cao lắm đâu, giá vậy cũng ổn lắm rồi. Có xương, có thịt, lại còn có thịt bằm, cật các kiểu nữa. Đặc biệt nhất chắc là ở cọng mì. Mình nghe đâu là quán tự vắt mì luôn, ăn đặc biệt dai và chất lượng. Nước súp đậm đà, rau ăn kèm tươi, sạch sẽ.Xem thêm",22
211,Trần Anh,28/9/2018 13:59,7.8,"Thật ra quán này hình như lâu đời lắm rồi thì phải, vì bạn mình từng sống ở trong Cái Răng và bảo rằng quán này bán cũng lâu rồi, còn mình thì chỉ mới biết gần đây thôi. Mình thấy vào dịp trung thu quán có bán thêm bánh pía bánh trung thu nữa mà không biết ngày bình thường có bán hay không.
Quán có menu cũng khá hấp dẫn, có nhiều món lắm, như hủ tiếu nam vang, mì nam vang, nui, bla bla.. Có cả dạng khô và dạng nước luôn. Mình nghĩ với giá 1 tô là 30k thì cũng không cao lắm, vì đồ ăn cũng khá chất lượng, như mì nam vang, có thịt bằm, gan cật, tôm, nước soup lại đậm đà nữa.
Mình nghĩ với giá này thì hợp lý rồi mà nên ăn tại chỗ hơn là mua về, vì ăn tại chỗ sẽ đảm bảo độ nóng của món ăn nữa!
Ngoài ra quán còn có bán bánh canh, bánh lọt, .. Nằm hơi xa trung tâm nhưng bù lại buổi sáng cuối tuần rãnh rỗi có thể vào đây ăn sáng cũng ok ^^Xem thêm",22
212,tranbachvan,19/9/2018 18:22,3.0,"Mình order hủ tiếu nước và bánh lọt trên NOW hôm khuyến mãi 40%.

Thật sự quán quá tệ. Bán món nước đem về mà để nước chung, khi giao tới thì hủ tiếu và bánh lọt nở thừ lừ ra hết ra. 

Đã vậy trong nước còn có miếng cước rửa chén và cọng lông mi. Cũng may mình phát hiện sớm chứ không nuốt miếng cước vô có nước đứt cổ họng.

Chắc quán bán đồ sale đồ rẻ nên không cần biết khách ăn như thế nào, ngon dở hình thức như nào cũng mặc kệ.

Lần cuối cùng order quán này.Xem thêm",22
213,Linh Tr,23/2/2019 20:28,7.4,"Món ăn ngon, giá sinh viên.Xem thêm",23
214,Ron Swift,1/12/2018 21:53,7.4,"Thỉnh thoảng đám bạn mình qua chơi mà đòi đi ăn đồ nướng là mình dắt qua đây liền, mặc dù ăn nhiều cũng biết ngán nhưng nếu để đáp ứng đủ tiêu chí đủ món, tự tay nướng, giá hợp lý, quán đông vui thì Cần Thơ chắc chỉ có quán này với một số ít nữa thôi.
Mình vẫn hay ăn cơm chiên hải sản cho chắc bụng trước, mà cơm sau này ít hải sản quá, lựa ra không được một muỗng nữa. Răng mực thì nhỏ quá chừng, không giống hồi đợt mình ăn ở Vũng Tàu, khó gắp lắm. Cá chiên ngon, nóng giòn, mà dầu chắc đen lắm nên con cá cũng đen thui luôn.Xem thêm",23
215,Thùy Dương,28/11/2018 14:54,9.0,"Lâu lâu vẫn ghé 102 ăn món nướng. Nhưng đồ ăn nêm lúc mặn, lúc vừa ăn hay do khẩu vị mình theo thời gian thay đổi nhỉ? 
Nói chung vào những ngày cạn kiệt tiền mà có hẹn đi ăn thì 102 là quán được ưu tiên so với các quán cùng phân khúc. Giá cả dễ chịu, đi nhóm 3-5 người có sức-ăn-vừa thì gọi chừng 4 món nướng và 1 phần cơm/mì là no lăn lóc rồi.Xem thêm",23
216,Anh Thư Trần,1/11/2018 21:46,9.0,"Đồ nướng ngon lắm, giá cả phải chăng nữa nè. 1 dĩa tầm 65k trở lên mà nhiều đồ ăn lắm nhe,  bàn mình ăn 7 người gần 1 triệu( tiền bia luôn) mà no căn. HihiXem thêm",23
217,Ron Swift,21/10/2018 18:17,7.4,"Tháng nào cũng ăn :)) Ăn mỗi khi thèm đồ nướng, chỉ thỉnh thoảng mới có tiền vào trung tâm thương mại ăn đồ nướng Hàn thôi. Hôm bữa nhóm mình đi 3 đứa, gọi một vú heo nướng sa tế, một mề gà sa tế, một mì xào hải sản, với một cơm chiên hải sản, vậy mà đã no nức bụng.
Cơm lúc rài thấy ít đồ ăn hơn trước, mình lùa quá chừng mà trúng có 1 2 miếng bạch tuột à. Mì xào cũng vậy, ít đồ ăn hơn, chỉ có nêm nếm là vẫn ngon như trước.Xem thêm",23
218,Ron Swift,22/9/2018 12:22,8.0,"Lâu lâu thèm đồ nướng thì tụi mình set kèo luôn ở quán này, thường đi tầm 4 đứa, 400k là ăn no nốc luôn í. Menu nhiều món, nhưng mình hay ăn vú heo nước sa tế, cơm rang hải sản, mề gà, với lâu lâu ăn thêm cá điều hồng chiên xù cuốn bánh tráng nữa. Cơm chiên hải sản lúc rài bị kém chất lượng, ít hải sản, thấy độn bằng rau củ là nhiều. Vú heo thì vừa mềm, nướng lên hơi khét là ăn ngon. Mề gà ăn ngon nhưng nướng hơi lâu một chút.Xem thêm",23
219,Trần Anh,4/9/2018 15:03,8.0,"Quán này lâu rồi mình mới ghé, cũng nằm ở chỗ dưới chân cầu Quang Trung nên tiện đường mình đi hơn mà tại mỗi lần ghé là phục vụ lại bảo hết bàn nên cũng lười. Do đường khúc này có vạch phân chia ra rồi nên khó quẹo qua hơn lúc trước. 
Quán vẫn đông như cũ, hầu như tối nào nếu đi trễ 1 tí là quán không còn chỗ để ngồi, mình với nhỏ bạn hay ghé đây gọi vài món nướng là thường chứ mình thấy hình như 102 chuyên về nướng nhiều hơn là lẩu, hầu như mình không ăn lẩu luôn đó. Mà có lần đi với cả đám mình cũng có gọi thử 1 lẩu cá hồi khá ngon, nước lẩu vừa ăn lắm, lại rất nhiều cá, mà tại lúc đó ăn đồ nướng quá no rồi thành ra món lẩu bị dư.
Giá cả thì mình nghĩ so ra với các quán khác bình dân hơn nhiều, nhưng cũng không quá rẻ. Nếu đi 1 bàn tầm 5 6 người thì cỡ chừng 1 người là 100k, còn nếu nhiều hơn mà không uống bia thì cũng vậy hà. Mình cảm nhận là bên này phục vụ dễ chịu hơn chi nhánh của NVC.Xem thêm",23
220,Ron Swift,17/8/2018 22:33,7.6,"102 Quang Trung là quán nhậu yêu thích của mình từ mấy năm nay, từ lúc biết đến quán tới giờ là hầu như chỉ đi ăn uống và nhậu nhẹt ở đây mỗi khi có dịp. Không gian ngày trước rất sạch sẽ, tươm tất nhưng hiện tại khá dơ và không được ngăn nắp, bị cũ và dơ đi nhiều mà không được dọn dẹo sạch sẽ, đó là điểm trừ của quán. Các món ăn hầu hết đều rất vừa vị, ướp ngon, đặc biệt là các món nướng, menu đầy đủ món từ ăn no cho tới đồ nhắm mồi, ngày trước giá rất hấp dẫn nhưng ngày càng lên giá và đồ ăn cũng ít lại khá nhiều nên mình cũng thấy ít hài lòng điXem thêm",23
221,Hồng Loan,29/7/2018 20:17,5.6,"Mình ord 3 món:
- Tàu hủ non chiên giòn: cũng được không có gì bàn
- Chẳng vừng nướng: mình tự nướng nên lúc mang ra nhìn khá hấp dẫn. Lúc ăn thì hơi thất vọng vì 70-80% bị gân hay gì đó mà dai quá (mình ăn ở các nơi khác không bị dai như vậy), nhiều miếng nhai mỏi miệng quá xá. Vị thì cũng khá ok nhưng mình thấy hơi ngọt, giảm ngọt xíu là quá ngon
- Lẩu cá tầm chua ngọt: bún cho nhiều (hoặc bạn đi chung no nên ăn ít bún) mình ăn hết dĩa bún là no cành hông, thường đi mấy tiệm khác mình ăn ít bún +2 gói mỳ mới ấm bụng. Cá cũng khá nhiều ăn k hết phải bỏ bọc mang về

Về không gian thì đúng kiểu mình thích, rộng rãi thông thoáng. Giữ xe thoải mái

Tổng thiệt hại gần 300k cho 2 ngườiXem thêm",23
222,Phương Trần,29/6/2018 22:35,8.0,"Mình rất hay đến quán mỗi khi có dịp tụ tập bạn bè, quán thường rất đông khách nhất là vào dịp cuối tuần, đi quá trễ có khi không có bàn ngồi. Menu của quán rất đa dạng, gần như mấy món quen thuộc đều có nên rất dễ chọn lựa. Không gian của quán cũng rộng rãi thoáng mát lắm, có nhiều quạt nên nhiều bếp than gần nhau cũng không bị nóng lắm. Thức ăn ở quán theo mình là khá tươi, mới, mình khoái nhất món ba chỉ cuộn kim châm nướng. Nhân viên ở quán nhiệt tình, chu đáo, do quá đông khách nên có bữa phục vụ hơi chậm.Xem thêm",23
223,THITNHAPKHAU 0966993532 TRÂU BÒ GÀ HEO,30/6/2021 14:32,10,NGONXem thêm,23
224,Lộc Trần,10/6/2020 10:11,5.0,"Không gian rộng, thoải mái nhưng vấn đề là đầu bếp nêm có món ngọt món mặn chát, món ăn trong hình để 1 kiểu đem ra chả khác gì mớ hộn độnXem thêm",23
225,Trinh Châu,8/9/2019 17:06,6.0,"Đặt hàng trên Now.vn qua Shoppe App bằng ví Airpay lúc 15h38, giao hàng lúc 16h20
Sò huyết rang muối 55k: sò huyết con nhỏ, rang nửa chínXem thêm",23
226,Mon,23/11/2018 6:40,10,"Bọn mình đi 4 người, vào quán gọi :
+ 400gr tôm nướng muối ớt ( 16 con )
+ 2 phần vua heo nướng
+ 1 phần cơm chiên
+ 1 phần bò cuộn nấm kim châm
+ 5 lon nước ngọt
> Tổng bill 449k . Quá ngon và rẻ 😍
- Không gian thoáng, phục vụ tốt.Xem thêm",23
227,Mon,23/10/2018 17:25,10,"Đồ ăn giá rất rẻ rất hợp với sinh viên...
Vị rất hợp gu mình...
- Nghêu hấp Thái
- Cơm chiên cá mặn
- Bạch tuột nướng sa tế
- Tôm nướng muối ớt....Xem thêm",23
228,Ron Swift,21/10/2018 18:13,7.8,"So về vị trí thì mình thích quán bên cầu Quang Trung hơn, còn về không gian thì mình thích bên chi nhánh này. Không gian ở đây rộng rãi hơn, có vẻ sạch sẽ hơn nữa, nếu tiếp khách hay dẫn bạn bè đi ăn thì đây là một sự lựa chọn tốt.
Nếu đi nhóm 4 người thì ăn chừng 5 món là no rồi. Mình thì hay ăn vú heo nướng sa tế, mề gà, cơm hải sản, nấm kim châm cuộn bò. Đồ ăn một dĩa chừng 45 - 60k nhưng rất nhiều, ướp vừa miệng sẵn, đồ chấm cũng rất ngon.Xem thêm",23
229,Quăn Quăn,19/9/2018 23:46,8.0,"Cuối tuần có dịp ghé qua quán này để ăn uống các kiểu với đám bạn, phải nói quán này đồ ăn cực kỳ ngon giá cả thì cực kỳ hợp lý nên mình thích lắm luôn ấy,
 không gian quán cũng thoáng mát và rộng rãi lắm luôn nhe nên lúc nào quán cũng trong tình trạng đông khách, nhân viên quán chu đáo và thân thiện lắm, đi 2 người ngồi gọi có 3 4 món để ăn thôi mà no sấp mặt được luôn ấy, mà hải sản này nọ của quán cũng tươi ngon lắm luôn nhe, ướp và chế biến cực kỳ ngon luônXem thêm",23
230,Ron Swift,17/8/2018 23:15,7.4,"Mình hơi bất ngờ về khái niệm nướng lẩu bình dân ở quán này: quán có không gian rộng rãi, ngay mặt tiền Nguyễn Văn Cừ nối dài, rất gần với đại học Y Dược, chỗ để xe thì để cả trăm chiêc luôn ấy. Mặc dù cùng chi nhánh, cùng mức giá nhưng mình có cảm giác đồ ăn bên này ít hơn bên chi nhánh Quang trung, cũng có thể để bù lại phần không gian. Món tôm rang trứng muối nhìn ko đẹp mắt lắm nhưng ăn cũng ổn, thơm trứng muối, nhưng thịt tôm không được dai mấy.Xem thêm",23
231,Diễm Chi,19/6/2018 23:10,7.0,"Quán này thường đi ăn với mấy bạn bè thân thiết hoặc trong cty của mình, với đồ ăn rẻ ngon mà cũng chất lượng, phục vụ tương đối ok, kiểu nhân viên đông đúc nên gọi lúc nào cũng có.
.
Không gian thì thoải mái bao rộng rãi, ngoài sân chỗ đậu xe được rất nhiều, dù đông đúc nhất vẫn chưa được xe cho khách, nhưng bảo vệ thì chưa tập trung lắm, hỗ trợ tùy khách ^^
.
Món mình thích nhất là vú heo nướng cũng như ba chỉ nướng, lẩu ở đây không phải điểm mạnh.Xem thêm",23
232,Quăn Quăn,19/6/2018 22:44,6.6,"Hễ có dịp sinh nhật hay liên hoan gì mình cũng hay chọn quán này để hội tụ bạn bè đi ăn hà, mà thật ra mình thấy Phố Nướng 102 đồ ăn thì ngon đó nhưng có nhiều lúc nếu đi đông quá thì lại ăn không đủ, mà xuất sắc của Phố Nướng 102 nhất là nước chấm với lại đồ nướng. 
Mình được bạn giới thiệu thêm cho món kim chi nướng cũng ngon lắm, kim chi không quá cay, nêm nếm vị cũng vừa ăn. 
mà cơm bò băm mới, các bạn chớ nên thử, vì ăn rất ngán, do nên thịt bò y chang làm mỳ ý vậy đó, nên quá xá ngán, thà xào cay bò băm.Xem thêm",23
233,Nhã Thanh ⚛,13/9/2019 16:42,7.2,"Ngoài nướng thì còn có thêm hải sản, giá khá ok.Xem thêm",23
234,Yj,"21/01/2021 19:08:07,",8.4,"Bao tử nấu tiêu ở quán là bao ngon, ăn rồi là thèm. Địa chỉ mới dời về số 11 đường A3 KDC Hưng Phú chỗ gần cầu*** đi vào ngay cổng kế Big C đi thẳng xíu sẽ thấy quán nằm bên tay trái. Mọi người đừng follow map trên Foody sẽ bị lạc nhé 😊😊😊...Xem thêm",24
235,Hoang Phuong Do,"12/11/2018 22:35:50,",8.0,"Lên cơn thèm bao tử nấu tiêu, thấy trên NOW có là đặt ngay 1 phần về mà quất. Không gián quán rộng bá cháy luôn, còn bãi xe có thể để ở đối diện.
Đây là cái lẩu bao tử nấu tiêu loại đặc biệt. Siêu siêu nhiều, phần này phải 5-6 người ăn mới hết. Rau tươi xanh mơn mởn gồm muống, mồng, cải và vài lát mướp.
Nước thanh, vị nhẹ không mặn và ngọt từ xương (vì có hẳn 1 cục chà bá nện luôn), cay nồng nhẹ từ tiêu. Bao tử nấu không quá mềm cũng không quá dai, làm sạch sẽ không mùi. Phèo cũng vậy.
Ngoài ra còn có chả cá tiêu (dai và cay lắm), nấm, HÀNH và đậu phụ rán.
Quán không bán kèm mì hay bún gì cả :v may là nhà còn mấy gói ko là đói....Xem thêm",24
236,Hoàng Huy,"19/04/2018 17:44:40,",7.8,"Hôm nay nhóm tổ chức ăn nhậu nên có đặt món của quán này để ăn, đặt 1 phần lẩu bao tử nấu tiêu đặc biệt để ăn, theo mình cảm nhận thì lẩu của quán ngon lắm luôn ấy, tính ra giá cả cũng không quá cao nhe, rau cải quán cho cũng nhiều lắm luôn nhe, phần nước lẩu mình thấy khá là ngon và đậm đà ấy chứ, 1 phần lẩu giá là 200k nhưng mình được mã giảm giá cả của deli nên cũng tính ra khá là ngợi  nhe lại còn được miễn phí tiền ship nữa...Xem thêm",24
237,jawor 🍃,"15/09/2017 14:32:55,",8.4,"Lẩu bao tử ở đây ngon ơi là ngonnn . Đồ ăn lẩu nhiều , rau thì tươi , bao tử dai giòn , nước lẩu thanh , vừa miệng , ăn vs mì hay miến gì cũng rất ngon . Mẹ vs mình thường đến ăn và gọi lẩu 150k . Ngoài ra , quán còn có rất nhiều món ăn khác , như mì xào , gà chiên nước mắm , ốc... có nguyên cuốn menu dày cho bạn tha hồ chọn lựa 🤗 Mình chỉ mới thử gà chiên nước mắm thui . Đĩa gà nhìn hấp dẫn bắt mắt , vị ngon vừa ăn k quá mặn . Quán này của mấy cô lớn tuổi là chị em vs nhau , tự phục vụ tự chế biến chứ không mướn nhân viên . Phục vụ nhanh nhẹn , lịch sự , có cô khá vui vẻ cũng có cô khá đằm mặt hơi lạnh k nch nhiều . Giá ổn , có dịp sẽ ghé lại 💙...Xem thêm",24
238,My,"29/07/2017 00:56:55,",7.8,"Mình gọi 1 lẩu 120k, 1 lon Coca, 1 suối & ăn 1 phần bún, tổng cộng là 155k. Lẩu 120k mà đồ ăn nhiều ơi nhiều luôn. Gì cũng ngon cả, bao tử ăn đủ độ giòn dai, k mềm quá k dai quá, rất vừa ăn. Không gian quán cũng bình thường thôi k có gì đặc biệt. Sau này có thèm bao tử nấu tiêu sẽ tiếp tục lại ủng hộ quán....Xem thêm",24
239,Quang Võ,"08/07/2017 12:09:03,",10,"BAO TỬ NẤU TIÊU, một món không lạ nhưng khá kén người ăn, mặc dù so độ ngon chưa chắc mì cay, bún đậu,... bì lại nhưng đối với người không thích ăn bao tử thì việc nghe đến tên món cũng là ám ảnh. Nhưng mà hôm qua tình cờ đi ngang Nguyễn Khuyến mua trà sữa đang giảm giá mới nhớ bạn mình nói có quán Lẩu bao tử ở đường này ngon nên cũng tìm ăn thử, đúng là so với 2 quán mình đi trước thì ở đây làm mình hài lòng hơn nước lẩu ngọt thanh hoà quyện, mình cũng khá ít ăn bao tử nên rất thích ăn chả cá và tàu hủ ở đây, các bạn ơi chả cá ngon lắm nhìn là biết làm nhà rồi dai dai trời ơi ngon khó tả lắm tê tê phê phê đầu lưỡi kiểu vậy á, còn về món chính bao tử thì mình không phải dân sành ăn nên thấy nó ngon chứ không biết nói gì hơn, miếng nhỏ vừa ăn. Đặc biệt giá cả cũng rất HS-SV này mình ăn lẩu 120k á, mình có nói đùa ""sao lẩu ngon mà giá mềm vậy cô"" cô cũng nói ""vừa bán vừa cho vậy mới trụ 2 3 chục năm nay con ơi!""
Địa chỉ mình không nhớ rõ nữa 18 hay 20 Nguyễn Khuyến, mình chỉ nhớ quán đối diện trường tiểu học, thêm một điểm cộng là anh giữ xe lịch sự dễ thương, quán không có nhân viên chỉ có mấy dì là chị em chủ quán làm phục vụ mà mấy dì nhiệt tình nhanh lẹ tận tình lắm, cộng thêm quán thoáng mát sạch sẽ nên ấn tượng lắm, sẽ ghé lại!...Xem thêm",24
240,Thanh Yên Đào,"05/11/2015 09:27:07,",7.6,"Quán này có từ rất lâu rồi. Từ lần đầu mình biết đến quán này đến nay cũng đã hơn năm năm. 
Điểm cộng:
+ Lẩu bao tử ăn rất ngon. Vị lẩu rất thanh đảm, nhưng khó mà lẫn lộn được. Bao tử và phèo heo quán làm rất ngon, luộc vừa chín không mềm mà cũng không quá dai. Quán làm kỹ nên không có bị hôi nhé.
+ Quán cũng khá rộng rãi, quán phục vụ theo hình thức quán gia đình, nên nhìn rất ấm cún và sạch sẽ. Toàn bộ nhân viên ở quán toàn là người trong nhà nên ăn cũng có phần yên tâm.
+ Giá cả hợp lý: lẩu 2-3 người ăn là 120k.
Điểm trừ: Chưa phát hiện...Xem thêm",24
241,{{Model.Owner.DisplayName}},{{Model.CreatedDate|dateTimeJson}},"{{Model.AvgRating >= 10 ? ""10"" : (Model.AvgRating|number:1)}}",Xem thêm,24
242,{{Model.Owner.DisplayName}},{{Model.CreatedDate|dateTimeJson}},"{{Model.AvgRating >= 10 ? ""10"" : (Model.AvgRating|number:1)}}",Xem thêm,24
243,,,0,,24
