UserID,User,Review Time,Rating (10),Comment,RestaurantID
1,Loan Mai,28/9/2023 16:38,6.8,"Cabin đã mở rộng thêm không gian, phòng lạnh sạch sẻ.Xem thêm",1
2,heo bé,28/9/2023 15:39,5.0,"Cabin đã mở rộng thêm không gian,phòng lạnh,sạch sẽXem thêm",1
3,foodee_qv6ei1r7,28/9/2023 15:34,5.0,Cabin đã mở rộng thêm không gian phòng lạnh sạch sẽXem thêm,1
4,Như Quỳnh,28/9/2023 15:30,5.0,"cabin đã mở rộng thêm không gian, phòng đẹp, sạch sẽXem thêm",1
5,thanh thùy,28/9/2023 15:27,10,"Cabin đã mở rộng thêm không gian, phòng lạnh, sạch sẽXem thêm",1
6,Lệ Ngọc,28/9/2023 15:18,5.0,"Cabin đã mở rộng thêm không gian, phòng lạnh, sạch sẽXem thêm",1
7,foodee_ea9syx0s,28/9/2023 15:09,10,"Cabin đã mở rộng thêm không gian, phòng lạnh, sạch sẽXem thêm",1
8,Thu Hằng,28/9/2023 14:56,9.0,Cabin đã mở rộng thêm không gian phòng lạnh sạch sẽXem thêm,1
9,nguyễn thị huệ,28/9/2023 14:37,5.0,Cabin mở rộng thêm Không gian phòng lạnh sạch sẽXem thêm,1
10,Minh Thư,28/9/2023 14:21,5.0,"Cabin đã mở rộng thêm không gian , phòng lạnh , sạch sẽXem thêm",1
11,Trúc Mai Dương,9/1/2021 10:22,8.0,"Đá bào Mật Trái cây 20K > Không ngon lắm 
& Pancake Dâu tâyXem thêm",2
12,Nguyễn Thiện Huy,23/12/2020 8:46,1.0,"Lẩu 59k không khác gì tô mì cay mà còn ít topping hơn, giá mắc hơn, thậm chí còn không có trên menu
Kêu thêm bò thêm 40k thì cho ra cái dĩa như vậyXem thêm",2
13,an,5/6/2020 0:20,8.6,"Quán ở bờ kè mậu thân - 3/2, dễ tìm
Đồ ăn ngon, đẹp mắt, sống ảo ok
Giá hợp lý, phục vụ nhanh dcXem thêm",2
14,Cá Tháng 3,31/1/2020 0:46,8.2,"Quán dễ tìm
Chè thảo mộc tuy ko quá đặc sắc nhưng vẫn ngon
Menu quán cũng đa dạng, nhân viên vui vẻ, không thái độ với khách
Điểm trừ là mặt bằng nhỏ và hơi ngộp vì kín mà ko có máy lạnhXem thêm",2
15,Trầnn Bảo,30/6/2019 12:06,3.0,"Khi giao đến bánh bị nguôi ( như là bánh làm sẵn ai mua thì bỏ vào bọc rồi đưa thôi) bánh này chủ yếu ăn nóng hoặc còn ấm thì ngon nhưng cái của mình ăn nó bị nguội thậm chí còn bị lạnh luôn ấy dẫn đến mùi vị không còn được thơm nữa, đây là lần đầu mình mua cũng là lần cuối mình mua ở đây. Cảm ơnXem thêm",2
16,Phương Du Phạm,26/5/2019 21:26,9.4,Ngonnnnnnnnnnn ;3Xem thêm,2
17,Baotran Võ,8/5/2019 18:28,4.8,Chè thảo mộc mình thấy review rất ngon nên dùng thử thật sự thấy qá bình thường k có j đặc sắc . Phần sốt mình tưởng là cốt dừa nhưng hình như nó là kem béo rich hay sữa j đó pha đường và nước ăn vô kiểu như trà sữa mà k có trà v đó 🤧 . Bánh pancake lúc trước mình ăn vỏ bánh thơm ngon nhưng giờ mềm nhũng và mùi k thơm . Kem cũng vậy luôn vị bị xuống cấp nhạt nhẽo. Cả 3 món mình gọi đều ko trên 5 điểm . Trong khi rất nhìu qán mới cạnh tranh thì mình nghĩ mình sẽ ko qay lại:(Xem thêm,2
18,Chinh Đẹp,7/5/2019 20:58,8.4,Ghé quán nhiều lần chỉ để ăn bingsu xoài . 1 phần 3 đứa ăn không hết lun . Sẽ ủng hộ quán dài dàiXem thêm,2
19,Winter Phan,6/5/2019 14:19,8.6,"Đĩa cơm cho đến bánh đều trang trí bắt mắt, giá cả okay, gà nêm nếm khá ngon, nhưng có hôm bị đông lạnh lâu hay do cách sơ chế ko khéo mà lâu lâu ăn có mùi khó chịu. Quán nên để ý vệ sinh thường xuyên hơn phần ghế ngồi hay gối tựa lưng, hoặc các con gấu bông. Mình thấy nó nhào nhĩ và có mùi. 
Nơi gửi xe khá chật, nắng nóng quá nên sắm thêm đồ che yên xe.Xem thêm",2
20,Nguyễn Đào Quỳnh Nhi,5/5/2019 16:31,5.4,"Không gian quán khá là ok, nhân viên phục vụ cũng ổn hơn lần trước mình tới, nhưng mà gọi Đá bào mật, vị bình thường, có điều nho không rửa, không biết mấy trái kia có được rửa không :))Xem thêm",2
21,Mai Chiem,"20/10/2019 23:13:10,",9.8,"Quá tuyệt vời cho một buổi la cà thư giãn cùng bạn bè.
Từ không gian đến những ly nước, những chiếc bánh đều hoàn hảo á mọi người ơi.
Đứng trước quán đã thấy ngây ngất với giàn hoa sử quân tử, vô quán gọi ly trà trái cây mát lạnh bên những giai điệu cổ điển du dương rồi cảm thấy ""iu"" Đồng Hoa mất rồi 😍😍...Xem thêm",3
22,Nhi,"17/09/2019 17:17:53,",7.0,"Cực ngon, chủ và nhân viên thân thiện, cực kỳ thích không gian ở đó 🌸...Xem thêm",3
23,Ngọc Nguyễn,"31/08/2019 17:57:51,",8.4,"Lâu lâu mình mới đi Cần Thơ chơi mà lại lên cơn thèm trà nên đi đến đây thử. Quả không uổng công đi luôn ấy.

Bánh mình gọi 2 loại là panna cotta đào và crepe trà xanh. Panna kết cấu siêu đã, mềm mịn mà không bị bể, lớp thạch đào dày và thơm. Crepe trà xanh tuy không thơm như bên Japanit nhưng không hề bị bể và ăn ngon, ít bị ngấy hơn.
Trà Lê Cam Vàng rất thơm, vừa mở ra là đã nghe thấy mùi ngọt dịu pha chút cam rồi, dù vậy lúc uống không hề ngọt nên em mình cho thêm mật ong vào là bá chấy. Trà Hoa Diên Vĩ lại không thơm rực rỡ như vậy nhưng hậu vị lại đậm đà hơn, mình cho chút xíu mật ong vào thì hoàn toàn hợp và thơm hẳn ra.

Quán có không gian rất đẹp, dễ tìm, nhiều khu vực ngồi theo ý thích và sống ảo. Các chị rất dễ thương, cho thêm quá trời mật ong và đường luôn. 

Giá rất ok cho bánh và cả trà, rẻ hơn nhiều chỗ khác mình từng đi....Xem thêm",3
24,Vi Vũ Ngọc,"22/06/2019 21:47:39,",8.2,"Không gian ở đây rất tốt, bánh cũng rẩ ngon. Mình rất thích bánh Red Velvet ở đây...Xem thêm",3
25,Mai Thảo,"21/05/2019 12:13:58,",5.8,"Không gian mát mẻ. Là nơi trốn nắng buổi trưa. Mát. Thức uống ngon. Có cái giá hơi cao. Nhưng uống rồi lại bị nghiền không gian quán lạ lẫm thích hợp nơi học bài. Đôi khi được nghe vài bạn đánh đàn hát nghe êm tai. 
Nếu bạn đang tìm 1 chỗ yên tĩnh học bài trong phong cảnh ko gian đẹp, mát mẻ thì có thể vào đây. Nhân viên phục vụ tận tình, vui vẻ, nhiệt tình, dễ thương nữa.
Nhưng góp ý nên bổ sung thêm 1 số món trà sữa lại, nó nhạt nhẽo bình thường quá...Xem thêm",3
26,Lê Đan Thanh,"25/01/2019 01:51:15,",8.2,"Quán có không gian tốt, âm nhạc hay, các bạn nhân viên lịch sự. Mình gọi trà hoa cúc và bánh tiramisu. Trà rất ngon! Nhưng bánh thì thì mình ko hài lòng lắm, chỉ tạm tạm....Xem thêm",3
27,Hoàng Huy,"09/12/2018 19:56:24,",8.0,"Quán này lâu lâu mình cũng hay ghé qua quán lắm luôn nhe, nhân viên quán cực kỳ lịch sự và thân thiện lắm luôn ấy, không gian quán thì rộng rãi thoáng mát cực kỳ luôn ấy, nhiều view lắm luôn nhe, mình có gọi 1 ly cà phê sữa để uống cà phê của quán này mình thấy pha chế cũng ngon và hợp khẩu vị lắm luôn nhe vị cà phê thơm lại đậm đà lắm luôn ấy, giá cả cảu quán cũng cực kỳ sinh viên nên quán này mình cũng thường hay liu tới lắm luôn nhe...Xem thêm",3
28,Trang Hậu Huỳnh,"08/12/2018 21:30:31,",7.4,"Trời nắng nóng vào đây ngồi bệt hay ghế tựa dài thì êm lun.
Mình thấy  quán yên tĩnh vậy mà lại mở nhạc to với nghe k êm dịu lắm cần mở những bài ballad hay nhạc k lời thì tuyệt .
Trà thì thơm không cần bàn luôn còn mấy món khác khá nhạt,chắc phong cách thanh đạm nên sữa chua hay cacao đều nhạt.Mấy bạn thích ngọt thì chắc uống không quen.
Bánh ở đây cũng không ngọt lắm nhưng mình thích vậy, cho đỡ mập 😁
Nhân viên nhiệt tình lắm lun,dễ thương nữa. 
Nhiều chỗ view đẹp lắm mà đông nên mình không tiện chụp 😀...Xem thêm",3
29,Nguyễn Lê Kim Ngân,"21/11/2018 13:25:13,",9.0,"Nhìn bình trà chưa uống thôi là đã thấy ngon mắt rồi :)))) làm nhớ tới mấy nhân vật trong phim người đẹp và quái vật, mẹ bình trà - con cái tách :)))
1 bình như vậy 2 đứa uống là tuyệt vờiii, uống hêt nhờ mấy bạn nhân viên châm thêm nước sôi uống tiếp, perfect luôn :)))
Điều mình luôn yêu thích ở quán này đó là khoản Âm Nhạc.
Nhạc nhẹ nhàng du dương tình cảm lãng mạn êm dịu, và đặc biệt là rất sang. Nhạc Pháp với nhạc Anh bất hủ, nghe ko hiểu hêt nhưng thấy rất hay 👍🏼
Phù hợp với học nhóm....Xem thêm",3
30,Kỳ Duyên,"08/11/2018 20:59:07,",10,"Quán đẹp, thoáng mát, nhân viên thân thiện, nhiệt tình, nước ngon, bánh cũng ngon hok thua bánh luôn nhennnn....Xem thêm",3
31,{{Model.Owner.DisplayName}},{{Model.CreatedDate|dateTimeJson}},"{{Model.AvgRating >= 10 ? ""10"" : (Model.AvgRating|number:1)}}",Xem thêm,3
32,{{Model.Owner.DisplayName}},{{Model.CreatedDate|dateTimeJson}},"{{Model.AvgRating >= 10 ? ""10"" : (Model.AvgRating|number:1)}}",Xem thêm,3
33,,,0,,3
34,Trà My,"27/09/2024 13:25:01,",5.0,5 sao...Xem thêm,4
35,vuong,"27/09/2024 11:48:17,",10,Ngon bổ rẻ đẹp đẽ...Xem thêm,4
36,Hồng Trần,"27/09/2024 11:42:40,",10,Đồ ăn ngon sạch hợp vệ sinh giá cả phải chăng...Xem thêm,4
37,foodee_hsr9f2vg,"26/09/2024 12:32:16,",10,"đồ ăn ngon,nhà hàng sang trọng...Xem thêm",4
38,Thuý Vân,"26/09/2024 11:49:46,",10,"Dịch vụ tốt, đồ ăn ngon, sạch sẽ, khóng gian đẹp, rất ưng...Xem thêm",4
39,Nguyên Nguyệt,"26/09/2024 11:40:52,",10,Ok...Xem thêm,4
40,C,"25/09/2024 13:19:54,",5.0,Món ăn ngon...Xem thêm,4
41,Phạm Thị lành,"25/09/2024 13:19:11,",10,Dịch vụ rất tốt rất ok...Xem thêm,4
42,Phạm Thị lành,"25/09/2024 13:00:23,",10,Dịch vụ ở đây rất tốt...Xem thêm,4
43,Bánh canh cá lóc diên sanh Cam lộ,"25/09/2024 11:52:05,",5.0,"Ngon,chất lượng tốt,đáng mua,lần sau sẽ ủng hộ tiếp...Xem thêm",4
44,{{Model.Owner.DisplayName}},{{Model.CreatedDate|dateTimeJson}},"{{Model.AvgRating >= 10 ? ""10"" : (Model.AvgRating|number:1)}}",Xem thêm,4
45,{{Model.Owner.DisplayName}},{{Model.CreatedDate|dateTimeJson}},"{{Model.AvgRating >= 10 ? ""10"" : (Model.AvgRating|number:1)}}",Xem thêm,4
46,,,0,,4
47,Thy Lý,"06/10/2019 16:01:33,",8.0,😍...Xem thêm,5
48,Trúc Mai Dương,"28/08/2019 16:26:55,",9.4,"Oma Hand Bơ là được Free 
Kem tuyết trà xanh...Xem thêm",5
49,Lý Huỳnh,"04/06/2019 16:22:40,",6.6,"Ăn no bể bụng :""))...Xem thêm",5
50,Trinh Châu,"03/03/2019 18:46:49,",8.4,"Đi từ đường Đề Thám rẽ vào đường Huỳnh Cương thì quán nằm bên phải.
Ban đầu mình phân vân giữa socola (38k) hay socola+trà xanh (45k), cuối cùng cảm thấy chỉ cần thêm 7k là có thể ăn được cả 2 loại socola và trà xanh nên chon phần 45k
Tuy 45k hơi mắc nhưng sau khi ăn vào miệng thì cảm thấy nó xứng đáng với cái giá đó
Tiếc là 1 dĩa ít quá ăn hổng đã gì hết (mới ăn chừng chục muỗng là hết rồi).
Ngay cả đám thạch đặt xung quanh kem cũng ngon ghê....Xem thêm",5
51,Rachel Smith,"02/03/2019 22:10:45,",7.4,"- Quán trang trí khá đẹp mắt và hiện đại!
- Phải công nhận quán training các bạn nhân viên rất tốt; nhân viên lịch sự hài lòng từ ngoài cửa cho đến trong quán, dễ thương & ưa nhìn nữa! 
- Các món ăn khá là vừa miệng. Trong hình là kem tuyết vị chuối - sô cô la 38k & trà sữa - việt quốc 45k. Đối với sinh viên khó vượt nghèo như mình thì cảm nhận giá cả hơi cao xíu. Ahihi...Xem thêm",5
52,Gia Bảo,"01/03/2019 02:33:19,",7.2,"Quán rộng rãi,lạng mạn,rất sang trọng.Phù hợp hẹn hò , tụ tập bạn bè.Có nhiều thức uống lựa chọn.Món nào cũng ngon cả..Kem tuyết cũng khá được,nhưng nhanh chảy quá.Không gian quán siêu đẹp siêu dễ thương.Nhân viên phục vụ lanh lẹ,...Xem thêm",5
53,Huyền Nguyễn,"02/02/2019 10:55:00,",8.4,"Kéo team lại thưởng thức kem tuyết
Nhìn decor sang chảnh lại đẹp nữa. Kem tuyết ngon lắm lắm luôn mà cái muỗng hơi daỳ hơi khó ăn xíu
Nhân viên dễ thương...Xem thêm",5
54,Tường Vi,"25/12/2018 17:14:21,",8.2,"Lần thứ ba tới quán, vẫn rất hài lòng. Kem vẫn rất ngon. Mình đang quyết tâm cày hết các món kem của quán đây mà. Đồ chiên vẫn tuyệt như xưa. Chị nhân viên dễ thương cực luôn, luôn nở nụ cười thân thiện. À hôm nay mà Noẻl quán trang trí rất đẹp, Tuyệt vời ông mặt trời 😍...Xem thêm",5
55,Trân Võ,"18/12/2018 12:48:21,",8.4,Bước chân vô quán này tui có thiện cảm ngay ở chỗ nhân viên niềm nở tiếp đãi khách rất chu đáo nha. Đi hai người nhân viên gợi ý chỗ cho ngồi. Mình mà có xài lap nhân viên kiếm chỗ có ổ cắm dùm luôn. Nhiệt tình cực kì. Nước thì ok lắm. Giá phải chăng :)...Xem thêm,5
56,Tường Vi,"04/12/2018 22:07:33,",8.8,"Lần thứ hai trở lại quán vẫn ưng ý như ngày nào. Quán vẫn yên tĩnh và kem vẫn rất tuyệt. Anh chị phục vụ quá là nhiệt tình luôn. Kem ngon, ngọt vừa, topping đa dạng, trang trí đẹp. Có nhiều loại kem mà loại nào nhìn cũng hấp dẫn hết trơn. Riêng đồ chiên cũng rất ngon. Tương chấm hết hồi nào không hay. Không gian quán trang trí rất đẹp, tinh tế, bắt mắt. Không có chỗ chê. Đi buổi tối có đèn nữa là đẹp cực kì. Vẫn sẽ tiếp tục ủng hộ quán....Xem thêm",5
57,{{Model.Owner.DisplayName}},{{Model.CreatedDate|dateTimeJson}},"{{Model.AvgRating >= 10 ? ""10"" : (Model.AvgRating|number:1)}}",Xem thêm,5
58,{{Model.Owner.DisplayName}},{{Model.CreatedDate|dateTimeJson}},"{{Model.AvgRating >= 10 ? ""10"" : (Model.AvgRating|number:1)}}",Xem thêm,5
59,,,0,,5
60,Trúc Mai Dương,16/11/2019 20:26,8.8,"Trà dâu tinh than tre 
Avocado MatchaXem thêm",6
61,Viên Pink,16/4/2019 23:26,7.0,"Không gian khá lãng mạn cho những cặp đôi về phần món ăn thì chất lượng trên trung bình, salad ngon. Nước uống thì hơi tệ tại sao quán nước lại bán đồ ăn ngon hơn thế nhỉ 🤣Xem thêm",6
62,foodee_ab2b6b62,20/3/2019 0:01,10,"Không biết piano của quán có cho khách chơi không. Hay để trang trí.
Mà chơi có ảnh hưởng nhiều tới người lân cận khôngXem thêm",6
63,ngan nguyen,16/12/2018 22:42,9.2,"Vị trí: Khá khó tìm vì dễ nhầm lẫn giữa các con đường nhỏ huhu
Không gian: Trước kia đã tuyệt, sau khi sửa lại thì càng tuyệt hơn. Quán gồm 3 tầng. Tầng 1 có piano nữa, mình cực kì thích. Tầng 2 là thuộc về Board Game, ở đây các bạn có thể đùa giỡn la hét om sòm mà không 1 ai than phiền vì ai cũng như mình thôi :)) đó là lí do khiến tầng 2 trở nên thú vị, đặc biệt là có rất nhiều game phục vụ giải trí 🥰 Tầng 3 cũng là sân thượng, đây là nơi lung linh và đắc giá nhất của Mafa về đêm. Phải nói decor thật sự tuyệt. Thiết kế dạng sân vườn thoáng mát. Ban đêm lên đèn rất đẹp
Phục vụ: Rất ân cần chu đáo với khách hàng. Luôn nở nụ cười với khách. Hài lòng với phong thái phục vụ từ nhân viên cho tới bảo vệ. Ai cũng rất vui vẻ và lịch sự với khách
Món ăn, thức uống: Rất ngon. Rất đa dạng. Ngoài nước ra thì ở đây còn có beefsteak và nhiều món ăn khác. Theo cảm nhận của mình thì beefsteak phần sốt rất ngon, nhưng bò khá dai. Gà chiên thì hơi mặn. Chỉ có salad và khoai tây phô mai là 2 món tâm đắc của mình ở đây nhé🥰
Giá cả: Tạm được, không rẻ cũng không mắc so với 1 ly nước quá chất lượng. Giá của thức ăn cũng vừa phải chứ không rẻ
* Mafa còn nhận làm tiệc nữa nhé. Mình thấy đủ các loại tiệc phục vụ cho nhu cầu của khách hàng. Được trang trí và chuẩn bị rất chu đáo. Không sơ sài như những quán khác. Ở đây còn có phục vụ buffet cho nhóm khách đông nữa nha, rất tiện lợi😍
Tóm lại mình cảm thấy quán này rất tốt, lui tới không biết bao lần mà tới giờ mới review được hic. Các bạn nào chưa tới thì nên tới thử 1 lần sẽ ghiền nha. Còn ai tới rồi thì chắc cũng như mình nhỉ🥰Xem thêm",6
64,Ron Swift,14/11/2018 21:59,7.8,"Ma Fa lúc rài có thêm bánh larve chesee tart nên mình hay ghé đây nghỉ trưa, uống trà, ăn bánh. Hôm mình đi thì quán hơi vắng, có vài bàn à, nhân viên thì vẫn một phong cách như cũ, nhanh nhẹn, dễ thương, nhiệt tình. 
Riêng về không gian thì mình thích Ma Fa vì lúc nào quán cũng chăm chút từng góc nhỏ, thường là chậu hoa, thật có giả có, mấy dịp lễ thì có thêm trang trí theo chủ đề. Không gian quán hơi thiếu sáng thành ra ngồi lâu hơi nhức mắt một chút í.Xem thêm",6
65,Thư Dương,13/11/2018 16:52,7.4,"Phải nói Ma Famille là chốn quá quen thuộc, các món nước ngon độc đáo. Bánh cũng ngon. Tart trứng ngon xuất sắc còn bánh trân châu thì mình came thấy bình thường. Còn ly Avocado Matcha thì mấy bạn mình khen ngon nhưng ly mình thì bơ bị đắng nên ko uống nổiXem thêm",6
66,Nhi Yến,2/11/2018 17:35,8.4,"Mình có viết 1 bài trên foody của Ma Famille và bảo là mình chưa được thối lại 75k tiền thừa, sau đó vì máy mình lag nên đã gỡ app ra và hôm nay mới cài lại thì thấy bình luận phản hồi từ bạn bên MF bảo mình có thể ghé lấy lại tiền thối nhưng bình luận cũng cách đây 17 ngày. Mình rất bất ngờ khi ghé qua để hỏi vì sợ sự việc cũng cách đây 1 tháng mà mọi người còn nhớ và vui vẻ đưa lại tiền thừa cho mình nữa. Điểm 10 sự nhiệt tình và trung thực ❤Xem thêm",6
67,Hoàng Huy,20/10/2018 15:42,8.0,"Hôm nay đi với đứa bạn qua quán này để uống nước, mình có gọi 1 ly trà vải và 1 ly trà tinh than tre chanh dây để uống, theo mình cảm nhận thì nước uống của quán thuộc dạng bán trà này nọ khá là nhiều nên cũng dễ dàng lựa món lắm luôn nhe, giá cả cũng vừa tầm à, nhân viên quán thân thiện nhiệt tình nữa, quán trang trí kiểu vintage nhìn khá là thích mắt nhe, nước uống cũng ổn lắm luôn ấy, vị tà vải chua chua ngọt ngọt nhè nhẹ, sẽ ủng hộ quán dài dàiXem thêm",6
68,Nguyễn  Thị Phương Dung,19/10/2018 23:38,8.0,"Quán có những món nước khá sáng tạo và còn healthy nữa nhất là từ trái cây. Quán cũng hưởng ứng môi trường nên cũng đã sử dụng ống hút tre khi uống tại quán rồi. Chỉ là ly đựng bằng ly nhựa nên nhìn cũng ko mấy đẹp bằng ly thuỷ tinh. Nhưng dù sao vẫn đánh giá cao pha chế nước, trang trí và không gian quán. Những món sinh tố hay đá xay rất ngon và vừa miệng ko quá ngọt, với cũng trang trí đẹp nữa chứ. Hấp dẫn!
   Với vào buổi tối còn lung linh ở dưới và tầng thượng nữa á. Có cả đồ ăn và bánh kem dành cho đặt hàng.Xem thêm",6
69,Nhi Yến,3/10/2018 8:06,8.0,"Mình đến Famille vào tối qua (2/10) tầm 8h15-8h30 và gọi 1 trà sữa Thái, vì mình có hẹn với nhóm bạn nhưng đến sau cùng nên gọi riêng lẽ 1 ly. Lúc đó bạn đứng ở quầy bảo thanh thanh trước nên mình đưa bạn tờ 100k và bạn hỏi mình ngồi ở đâu, mình bảo mình chưa biết vì đi với 1 nhóm bạn ngồi ở trên tầng, sau đó bạn NV đưa mình STT bàn và MÌNH ĐÃ QUÊN MẤT TIỀN THỐI NHƯNG LẠI KHÔNG ĐƯỢC NHẮC ĐỂ ĐƯỢC TRẢ TIỀN THỪA. Mình gọi bạn và đi lên tầng thượng, tầm 10 phút sau thì bạn NV đem nước lên và lấy lại STT bàn NHƯNG KHÔNG CÓ BILL ? Thật sự mình đã đãng trí rồi nhưng bạn lại chẳng nhắc mình. Nếu kiểm tra lại hệ thống có thể thấy bill chưa được xuất ra (hoặc xuất rồi nhưng lại quên đưa mình)
Tại sao lại như vậy ? Quán có thể giải thích giúp mình không 😀Xem thêm",6
70,Trà My,27/9/2024 13:27,5.0,5 saoXem thêm,7
71,vuong,27/9/2024 12:05,10,Ngon đẹp bổ rẻ chillXem thêm,7
72,Hồng Trần,27/9/2024 12:01,9.4,Cà phê ngon nhé mọi ngườiXem thêm,7
73,foodee_hsr9f2vg,26/9/2024 12:40,10,"đồ uống ngon,không gian đẹpXem thêm",7
74,Thuý Vân,26/9/2024 12:26,10,"Không gian đẹp, thoáng mát, nhân viên vui vẻ, nhiệt tìnhXem thêm",7
75,Nguyên Nguyệt,26/9/2024 12:04,10,Ko gian đẹpXem thêm,7
76,Phạm Thị lành,25/9/2024 13:25,9.6,Dịch vụ rất tốt rất okXem thêm,7
77,Huệ,25/9/2024 12:05,5.0,"Không gian thoáng mát rộng rãi, có nhiều loại bánh ngon, nhân viên phục vụ tận tìnhXem thêm",7
78,Bánh canh cá lóc diên sanh Cam lộ,25/9/2024 12:02,5.0,"Ngon,chất lượng tốt,đáng mua,lần sau sẽ ủng hộ tiếpXem thêm",7
79,Nguyễn Chibi,24/9/2024 12:11,5.0,tốtXem thêm,7
80,Kiều Oanh,23/9/2024 13:57,5.0,Dịch vụ tốtXem thêm,7
81,foodee_9wpx7v6t,21/9/2024 12:07,5.0,Quá xuất sắc thật tuyệt vơiXem thêm,7
82,Tú Nguyễn Cẩm,20/9/2024 12:45,10,Cà phê thơm ngon đặc biệt. Mình rất thíchXem thêm,7
83,Nguyễn Dung,15/9/2024 12:09,10,"Quán view đẹp, đồ uống ngonXem thêm",7
84,foodee_l0bqk5v9,15/9/2024 12:04,10,TotXem thêm,7
85,Đinh Thị Na,13/9/2024 12:25,5.0,Rất ngon mình rất thíchXem thêm,7
86,Loan,10/9/2024 12:17,10,"Quá tuyệt vời, một nơi lý tưởng để thư giãn cùng nhóm bạn sau những giờ làm việc căng thẳngXem thêm",7
87,cẩm tú,5/9/2024 12:04,5.0,Dịch vụ tốt món ăn ngonXem thêm,7
88,Nguyễn thị Mến,28/8/2024 12:15,5.0,Lãng mạn cảnh đẹp rất tuyệt vờiXem thêm,7
89,foodee_kk2alv4e,28/8/2024 12:09,6.0,nơi đáng để đếnXem thêm,7
90,lễ thị kim phượng,9/10/2023 17:23,5.0,"Đồ ăn trên băng chuyền tươi ngon,các bạn nhân viên nhiệt tình và không gian thoải mái, sẽ ghé Kichi thêm nhiều lần nữa..Xem thêm",8
91,thơ,9/10/2023 16:10,10,Đồ ăn trên chuyền tươi ngon .các bạn nhân viên nhiệt tình .và không gian thoải mái .sẽ nghé Kichi thêm nhiều lần nữaXem thêm,8
92,Mỹ nguyễn,9/10/2023 9:46,6.0,Do ăn trên chuyền tươi ngon. Các bạn nhân viên nhiệt tình và không gian thoải mái. Sẽ ghé Kichi thêm nhiều lần nữa .Xem thêm,8
93,Thu,8/10/2023 9:44,5.0,Đồ ăn trên truyền tươi ngon Các bạn nhân viên nhiệt tình và không gian thoải mái Sẽ ghé Kichi thêm nhiều lần nữaXem thêm,8
94,Thu Thảo Trần Thị,8/10/2023 9:43,9.8,Rất ngon rộng rãi thoáng matXem thêm,8
95,Nguyễn Thị Yên,7/10/2023 15:22,5.0,Đồ ăn trên chuyền tươi ngon. Các bạn nhân viên nhiệt tình và không gian thoải mái. Sẽ ghé Kichi thêm nhiều lần nữa .Xem thêm,8
96,Thanh Toàn Cửa Sắt,9/12/2021 21:44,2.6,"Số xui hay sao á, thường thì ăn bên lotte, hôm ghé bên đây ăn thì bị mất thiện cảm. Lúc vô 19h mà báo hết lẩu xuyên tiêu, món lẩu khoái khẩu. Rau xà lách xoong thì lại ko thấy chạy, quản lý thì tỏ vẻ kì thị mặc đồ bình dân kém sang trọng, thịt bò thì lại tệ, giống kiểu cấp đông đi cấp đông lại nhiều lầnXem thêm",8
97,Hữu Bằng Lê,29/5/2021 0:05,9.2,Đồ ăn trên chuyền tươi ngon. Các bạn nhân viên nhiệt tình và không gian thoải mái. Sẽ ghé Kichi thêm nhiều lần nữa <3Xem thêm,8
98,haile99,28/5/2021 23:22,10,"Đồ ăn trên line chuyền đa dạng lại tươi ngon, từ bò tới hải sản... không gian sang trọng thoải mái lại còn đc bonus sự phục vụ tận tâm tình của các b phục vụ :)) nói chung là 10/10Xem thêm",8
99,Ngọc Lâm Tiễu,28/5/2021 22:20,10,"Kichi***là nhà hàng có sự phục vụ cực kỳ tốt luôn, thức ăn thì chất lượng khỏi bàn. Giá thì rẻ mà còn có nhiều chương trình khuyến mãi nữa, các bạn nên đến và trãi nghiệm đi nhé. ^^Xem thêm",8
100,Vĩnh Cobra,12/8/2022 21:32,10,"thứ 6,7 có giảm giá thẻ ngân hàng VIB giảm 30%Xem thêm",8
101,foodee_b9878c07,23/7/2022 7:21,10,"Hải sản tươi ngon, thịt bò mềm tan trong miệngXem thêm",8
102,Ngọc Nguyễn,23/7/2022 7:19,10,"Món ăn ngon, nhân viên phục vụ nhiệt tình, thân thiệnXem thêm",8
103,Huy Nguyễn,23/7/2022 7:19,9.8,Nhìn mà thèmmmmm lắm luônnXem thêm,8
104,Tân Việt,23/7/2022 7:19,10,Phục vụ tốtXem thêm,8
105,Lam Võ,23/7/2022 7:17,10,"Đồ ăn ngon, chất lượng dịch vụ tốtXem thêm",8
106,chin,23/7/2022 7:16,10,Pana ngon tuyệtXem thêm,8
107,An Nghiệp,23/7/2022 7:14,10,Món ăn ngon. Nhân viên vui vẻ nhiệt tìnhXem thêm,8
108,Tín,23/7/2022 7:13,10,"Món ăn ở đây tuyệt vời, rất ngon nên trải nghiệmXem thêm",8
109,Lưu Quốc Kiệt,23/7/2022 7:13,10,Ngon lắm ngon lắm luônXem thêm,8
110,Tài Võ,1/6/2019 22:12,8.8,"Ăn ở đây rất ngon, nước lẩu đậm đà . Tuy nhiên còn hơi ít các món ăn, mình thấy không đa dạng cho lắm, chỉ có thịt bò, heo, mực, tôm nhìn có vẻ nhiều nhưng lúc ăn thì thấy không được đa dạng cho lắm, đó là về thịt, còn các món phụ khác như rau, đậu phụ hay tàu hủ ki ăn rất ngon, mới lạ, còn có sushi nữa. Nước chấm thì chỉ có 1 loại nước chấm được mang ra sẵn và nước tương thì nó hơi không được đa dạng, tuy nhiên nước chấm thì vị khá ổn nên chắc không sao. Và còn 1 điều nữa là không có cái gì để đựng xương và giấy dùng rồi như là thùng rác chẳng hạn. Với mình thì giá hơi chát là 199k chưa có thuế và nước. Nhưng vẫn rất hài lòng về độ ngon và thái độ phục vụ của nhân viênXem thêm",8
111,Thịnh NT Nguyễn,22/3/2019 21:35,9.0,"Lần đầu ăn thử nơi mới - Mơi nhưng hương vị cũ vẫn ngon và đậm đà. Ăn Kichi Kichi là vì thích nước lẫy của nó. Cảm nhận nơi mới náy rất thoáng, đồ ăn tươi và phục vụ chu đáoXem thêm",8
112,Quỳnh Như,19/2/2019 21:55,7.6,"Đồ ăn đa dạng, phong phú, có nhiều thứ để lựa, nhân viẻn nhiệt tình, nhanh nhẹn, không gian đẹp, rất ổn.Xem thêm",8
113,foodee_8ff19b76,22/10/2023 13:38,8.0,"Khoảng 13h30, ngày 22/10 . Chúng tôi đi nhóm khoảng 10 người khá đông, được sắp xếp chỗ ngồi tại lầu 2.
-Khi gọi món do khá đông nên suy nghĩ hơi lâu, được 6/10 người gọi món thì bạn nhân viên (tóc nhuộm đỏ đỏ có nốt ruồi ngang miệng) bắt đầu tỏ thái độ, mặt nhăn gằng giọng “DẠ! MÌNH CÒN GỌI MÓN GÌ KHÔNG Ạ!”, oder mì thì “Mấy độ?”, có xác nhận món, không biết bạn ấy có gấp gì không nhưng mà chưa oder xong thì bạn đi rất lẹ, chúng tôi không kêu thì bạn đi luôn rồi. Xin cái để đồ, cặp trả lời “lấy cái gì á”, “cái để đồ á anh”, “LÀ LẤY CÁI GÌ?” “cái ghế á anh”, trông bạn ấy rất cọc không biết quán có hành hạ gì bạn ấy không :)) ( riêng bạn này thôi chứ những lần trước đi thì nhân viên rất oke ) 
- Mỳ cay có độ (1 độ), dầu ớt hơi nhiều hơn lúc trước mặn, dầu với ngấy, riêng bữa nay thôi. Đồ ăn khác vẫn oke.
-Vệ sinh: không quét rác dưới bàn, kể cả bàn khác không ai ngồi, từ lúc chúng tôi vào đến lúc về thì vẫn chưa được dọn
-Không gian đẹp, thoáng mát.
- Chưa fill đồ, bàn chỉ có vài đôi đũa, không có 1 cái muỗng, phải tự đi lấy, giấy được 7 miếng.
*Vẫn tin tưởng quán, vì mấy này cũng nhỏ nhặt thôi, chú ý xíu là được, vẫn sẽ tiếp tục ghé quán trong tương lai <3Xem thêm",9
114,foodee_glfmhie6,9/9/2022 12:58,4.2,"Lúc 12h20 mình có ăn lẩu ở đây sau khi ăn xong mình muốn tính tiền nhưng mình gọi mãi không ai care mình, mình vẫy tay gọi vẫn không ai care, mình thấy có nhiều nhân viên chứ không phải ít, mình vừa kêu vừa gọi vừa vẫy tay khoảng 15p mình bất lực, và phải tự di chuyển lại quầy payment để nhờ bạn trực quầy thanh toán bill, thì mới có bạn lại tt, các bạn pv không để ý đến khách của mình thật sự làm mình thất vọng !Xem thêm",9
115,Cáo Giả Nai,29/7/2022 13:55,2.6,"Phục vụ kém ,, vệ sinh thật sự tệ. Đĩa chứa thức ăn dơ đến nỗi nhìn sơ đã thấy ..chai sữa thì phần miệng chắc cả năm không chùi rửa hay s mà nó bám đen .....nói chung tệXem thêm",9
116,foodee_fa7bd6fb,6/3/2022 16:27,3.4,"Nhân viên chỗ quầy bán hàng mang về quá tệ, khi dễ khách hàng, hỏi không thèm trả lời, gương mặt thái độ khi dễ khách. Sẽ không bao giờ mua mì tại itada đường 3/2Xem thêm",9
117,Nhu  Le,6/3/2022 16:15,3.4,"Nhân viên chỗ quầy bán hàng mang về quá tệ, khi dễ khách hàng, hỏi không thèm trả lời, gương mặt thái độ khi dễ khách. Sẽ không bao giờ mua mì tại itada đường 3/2Xem thêm",9
118,Vân Vân,24/12/2020 10:35,3.4,"mình trộn k dc đẹp lắm, nhưng phần mì 40k dc vài miếg trứg cút và dưa leo ngoài ra ko có j để ăn nữa cả. với giá này thì chất lượg cực kì tệ, sốt tương cũng dở và lạt nhách
sợi mì tương đen to như này ăn k ngonXem thêm",9
119,Thịnh NT Nguyễn,30/3/2020 23:05,9.0,"Quán rất nhiều món để các bạn lựa chọn cho hợp khẩu vị
❤Xem thêm",9
120,foodee_92880181,27/3/2020 18:32,3.4,"Bạn nào không ăn cay được không bên đặt mì cay quán này, hoặc hạ xuống 0,5-1 độ.
Mì thì bằng giá với những quán khác, nhưng chỉ dc 1 con tôm + 3 miếng chả. Thật sự thất vọng.Xem thêm",9
121,Nguyễn Thanh Quân,20/12/2019 11:50,5.0,Đặt hàng 10 lần chắc được tầm 3 4 lần có muỗng đũa . Không note ghi chú là k có cho muỗng với đũa luôn .  hong cho muỗng đũa rồi ăn mì cay bằng tay hả ?Xem thêm,9
122,Kim Ngan Ph,1/11/2019 17:20,1.0,"Mình chẳng hiểu sao bên Trần Văn Hoài thì sạch sẽ & nhân viên rất thân thiện còn bên đây thì ngày càng coi khách ko ra gì. Nhân viên thì bơ bơ, thố đựng mì thì bể hết cả 2 bên vậy mà vẫn đem ra cho khách. Mực tanh, chả cá thì còn sống giống như làm qua loa cho xong và đã nhiều lần như vậy. Ko bao giờ ghé lại lần 2 nữa.Xem thêm",9
123,hà,28/12/2023 11:56,5.0,Món mỳ cay ngon vừa bổ vừa rẻXem thêm,9
124,hanhnhi69,28/12/2023 9:27,10,"Món ăn ngon sạch sẽ , nv nhiệt tìnhXem thêm",9
125,foodee_ny4zrwv4,25/12/2023 11:54,10,Mlem mlemXem thêm,9
126,Nắng Hoa,18/11/2021 20:03,1.0,"Mình vừa đặt xong mở ra ăn phát hiện rất phẩn nộ, mà đã nhở nuốt vô bụng rồi mới hay.
Quán ơi nghỉ sao lại cho thức ăn vô cái tô nhựa rồi làm nóng cho khách ăn. Rất là độc hại cho sức khoẻ người dùng quán à. Mình thường hay đặt mì cay của hệ thống bạn mà nay xin lỗi chúng ta k thuộc về nhauXem thêm",9
127,Siêu Cấp BT,4/11/2020 0:01,8.4,"- Bánh bao kim sa nhân trứng muối ngon, thơm. Bánh bao sầu riêng thì do hấp chín rồi nên không còn mùi thơm nhiều nữa. Recommend bánh bao kim sa hơn nhé.
- Miến trộn cực ngon nha, sợi miến vừa chín, không bị dính bết, có cả thịt lẫn hải sản, thơm mùi nấm đông cô, ăn mê xỉu :))) riêng món này ăn ở đây xong bị nghiện :)) về sau order now về nhà ăn liên tục :))) 
- Gà sốt tương hàn hôm mình ăn không ngon nha, làm bị khô quá trời khô, mình có góp ý lại với quán rồi, hi vọng sẽ cải thiện 😤 trừ phi ghiền quá, không thôi có thể né luôn món này ra :))) vì có mấy món khác cũng ngon mà :)))
- Lẩu kim chi bò thì toẹt dời :)) bò nhúng vừa tới, mềm mềm ăn ngon, nước dùng cũng ổn, ăn với bún là vừa ngon.

Tổng quan hài lòng. Phục vụ dễ thương. Vị trí dễ tìm. Quán decor dễ thương. Giá thành hợp lí vô cùng :))) đi 2 người ăn no mà chưa tới 200k 🙂 hết hồn he 🙂 
Chiều khách nữa nha. Hôm mình đi ăn hơi trễ nhưng mấy bạn vẫn chịu khó chờ mình dùng xong chứ không hối về, ui dễ thương lắm :))Xem thêm",9
128,Winter Phan,12/4/2020 19:44,8.8,"Itada thì bán giá khá rẻ, topping nhiều, nhưng nước dùng khá chua theo khẩu vị của mình. Chưa đậm đà cho lắm. 
Tôm thì có hôm tươi có hôm không được tươi cho lắm.Xem thêm",9
129,Nguyen Phan,13/10/2019 22:04,2.8,"Hôm nay lên ăn, gọi 1 mì + 1 bún
Ngồi đợi đúng 30 phút đem ra 1 tô mì, thêm 10phút sau đó nhắc lại bún vần chưa có, 20 phút sau ra báo HẾT BÚN ! 
Đổi bún sang mì, ko báo trước là phụ thu tới khi tính tiền thì bill ghi PHỤ THU 5 ngàn VÌ ĐỔI BÚN SANG MÌ ! 
Để khách đợi 40’ mới báo HẾT bún, đổi sang mì mà còn PHỤ THU ?! Làm ăn cái kiểu ăn cướp hả ?! Hết từ ban đầu sao ko nói để đợi 40’ mới ra nói hết, rồi chúng mày còn PHỤ THU À ?! 
Mì hải sản bình thường 35k giờ đổi giá 40k mà vẫn ko cập nhật lên menu, xem người ta có chịu ăn hay ko. 
Tô mì ngon bao nhiêu mà 40k ?!!! Có mấy chi nhánh, tưởng làm ăn đàng hoàng, ra như vậy đây.
Quá sợ ! Ăn một lần cho mai sau !Xem thêm",9
130,Hằng Nguyễn,3/8/2019 19:20,3.8,Mình đặt 1 phần như hình mà nỡ lòng nào làm cho mình k có trứng :((((. Mình đặt k khóm chứ đâu phải là không trứng đâuXem thêm,9
131,Cá Tháng 3,23/6/2019 18:13,8.6,"Như hình là mì cay thập cẩm 38K/ phần. Nước dùng hơi mặn so với khẩu vị của mình, nhưng vẫn ngon, topping cũng khá nhiều, hải sản tươi
Quán có người trông xe nên yên tâm, máy lạnh mát mẻ, bàn ghế sạch sẽ
Nhân viên khá thân thiện, ko có thái độ như bên sasinXem thêm",9
132,My Ngoc,17/3/2019 13:21,3.4,"Lúc trước mình hay đặt qua now chi nhánh trần văn hoài thấy khá ok đồ ăn khá là nhiều lần này mình thấy Nguyễn Văn Cừ có giảm giá nên mình thử xem sao ai dè nhận được như thế này đây. Mình đặt 3 phần mỳ 3 phần bò thêm và 2 phần bông cải thêm áp dụng mã giảm với vận chuyển nữa thì tổng cộng mình thanh toán là 120k 
Bò 3 phần 30k thì để chung 1 bịt mình cứ tưởng 1 phần nên tá hoả liên hệ now và nhận được phản hồi là đã giao đủ số lượng mình đặt 
wtf do nhìn bịt bò lúc này k nhiều hơn mấy so với 1 phần bò thêm ở trần văn hoài nên mình hoang mang. 
Còn ở hình là 2 phần cải thêm 10k đó các cậu ạ.
Ai đã sắp và sẽ đặt ở đây thì mình nghĩ nên suy nghĩ lại. Thất vọng vô cùng luôn
Ai muốn ăn mỳ cay ở itada thì mình khuyên nên lại chi nhánh TRẦN VĂN HOÀI ăn vừa nhiều đồ ăn giá lại rẻ cũng là chi nhánh với nhau mà sao khác quá hiccc 
Mì và nước mình k có chụp vào.Xem thêm",9
133,foodee_quocn3yb,28/12/2023 19:38,1.0,lừa đảoXem thêm,9
134,foodee_quocn3yb,28/12/2023 19:20,10,đồ ăn ngon se ủng hộ nhiều lầnXem thêm,9
135,Yến Vũ Bảo,28/12/2023 15:24,4.6,Ngon lắmXem thêm,9
136,An Thúy,28/12/2023 14:31,7.0,Ngon tuyệt vờiXem thêm,9
137,Trang Ngô,28/12/2023 14:28,10,Ngon lắmXem thêm,9
138,Vi Vi,28/12/2023 14:21,10,"Thức ăn tươi ngon, mọi người ủng hộ quán nhé
Mình sẽ ghé nữaXem thêm",9
139,Phạm thị hà,27/12/2023 17:54,5.0,Món ăn ngonXem thêm,9
140,ngo thi ha,27/12/2023 17:49,5.0,Ngon điểm 10 của chất lượngXem thêm,9
141,foodee_m94ptrr5,27/12/2023 16:15,5.0,Món ăn ngon.hợp khẩu vị..Xem thêm,9
142,Hồng Nga,27/12/2023 14:34,5.0,Rất ngonXem thêm,9
143,B Mai Luu,31/10/2019 21:58,6.8,"Trà sữa theo mô hình trà sữa nhà làm cho học sinh sinh viên. Trang trí đơn giản gồm có 2 phòng : phòng ngồi ghế và ngồi bệt. Trừ hai phòng sạch đẹp chứ bên ngoài hơi cũ và dơ.
K nên sớm quá, mình đến lúc 9h chưa nấu xong trân châu và thạch củ năng là hai thứ ngon nhất, k có hai thứ này nhai thiếu thiếu😂 Tụi mình gọi 2 Trà sữa thiên nhiên size S (20k) , ly này có sẵn topping khúc bạch, bánh flan, thạch phô mai. Trà sữa ngon, đậm vị , topping nhiều. Có cái phục vụ k được tốt, bạn nhân viên k nhiệt tình với mình bảo bỏ ít đá mà vẫn cho đá nhiều.Xem thêm",10
144,littletotoro99,7/8/2019 13:43,7.4,"Thích nhất trà sữa Matcha vs củ năng ^^ giá cả hợp lý
Mình ủng hộ Two Ti từ 2017 tới giờ vì trà sữa ngon cực ngon <3 topping ăn cũng đã miệng 
Chi nhánh Two Ti Trần Hưng Đạo cũng gần trường nên tiện mua rồi đi học luônXem thêm",10
145,Anh Lan,21/5/2019 20:44,8.2,"Matcha ngọt gắt, nếu làm nhạt hơn sẽ ngon hơn rất nhiều, khúc bạch thì khỏi bàn cãi, béo ơi là béo, ngon ơi là ngon, à mình còn rất thích thiết kế mới này của Two Ti, sang quá và cầm chắc tay nữa, 10 điểm thiết kế!Xem thêm",10
146,Tiêu Ngọc Bảo Trân,7/1/2019 20:33,8.2,"Gần nhà nên ngày nào cũng uống hết trơn, nhà cùng đường với quán nên ship có 2k thui hehe. Trà sữa thiên nhiên size S chỉ 15k uống muốn no luôn, thơm béo lại nhiều topping. Thấy tên là trà sữa thiên nhiên nên nguyên liệu chắc cũng chất lượng, vì ngày nào cũng uống nhưng chưa ngày nào thấy bụng có dấu hiệu gì :)) 
Có phiếu tích điểm nhưng cứ kêu ship là anh shipper lại mang đến một cái phiếu mới, nên không bao giờ tích được full phiếu cả :(((Xem thêm",10
147,Phạm Trần Phương Trâm,12/12/2018 13:02,8.8,"Sáng sớm đi vòng quanh không biết uống gì, sẵn chạy ngang quán nên vào mua một ly hồng trà để uống. Theo mình đây là một nơi chất lượng cũng như giá cả khá phải chăng. Ly như hình hồng trà với giá 15k của quán. Rẻ hơn so với mấy chỗ khác, full topping luôn. Trà khá thơm, có vị đắng đắng mình rất. Topping khá nhiều, đủ loại luôn như trân châu củ năng, các loại thạch, bánh flan nữa. Nhân viên ở đây cũng khá nhiệt tình và vui vẻ với khách hàng. Nếu có dịp mình sẽ đến để thử nhiều món nữa.Xem thêm",10
148,yuuba,23/11/2018 12:56,8.6,"Bth mua tận nơi có thẻ tích điểm nhưng đặt qua now kh thấy quán cho thẻ nên hơi tiếc 😋 Mình đặt 2 ly trà sữa thiên nhiên 30k như hình nè 😘

Trà sữa chỗ này rẻ nhưng chất lượng khá ngon, trà sữa béo béo, đậm đà và hơi ngọt, uống một tí đá tan ra thì uống đỡ béo hơn, ngon lắm 😋😋😋 Ly 15k quá nhiều topping, nhưng thích nhất là phô mai vs cả khúc bạch. Khúc bạch dẻo mềm, vừa béo vừa thơm ăn rất thích. Trân châu matcha quán làm vừa ăn, ngọt nhẹ, thơm, viên nào viên nấy đều to 😛

Quá rẻ quá ngon 😽😽😽Xem thêm",10
149,Nguyễn Lê Kim Ngân,21/11/2018 14:11,10,"Sữa tươi trân châu đường đen - Best!!!!
Uống món này được kha khá chỗ rồi nhưng mà theo khẩu vị cá nhân thì chỗ này là tuyệt vời nhất. Trân châu khác biệt nhất. (Bạn nó đồn món này ở The Alley cũng ngon mà chưa có cơ hội thử)
1 ly uống tại quán là 32k, mang về thì 27k
Thường xuyên đóng đô khu ngồi bệch, vì rộng rãi thoải mái, dễ học nhóm hay tám chiện :)))
Củ năng của quán cũng best luôn!!!Xem thêm",10
150,Hoang Phuong Do,13/11/2018 13:11,8.0,"Dạo này quán có bán thêm cả bánh mì nữa, ai mà đi trà sữa có bị đói bụng là có ngay bánh mì ăn luôn nha. Với mình thì chổ này quá ư là quen thuộc luôn rồi. Quán thì rộng rãi, mát mẻ, không gian sáng sủa thích hợp đi học nhóm lắm luôn nè. Ngoài được bổ sung thêm món bánh mì siêu ngon thì còn có cả một tủ kem hấp dẫn lắm luôn nè. Trà sữa ở đây nhiều topping khỏi phải bàn luôn rồi, vị béo và ngọt vừa phải. Hai đứa đi kêu ly 1 lít thôi, vừa rẻ vừa uống no nê luôn nè.Xem thêm",10
151,Thanh Tran,24/10/2018 21:17,7.2,"Thích uống tryền thống hơn matcha, dạo này quán có bán bánh mì doner kebab nữa á, uống hồng trà topping với bánh mì là no căng bụng, giá vẫn hssv như ngày nào.Xem thêm",10
152,Nguyễn  Thị Phương Dung,20/10/2018 0:32,8.0,"Hồng trà hay trà sữa thiên nhiên là món hay kêu đi đến quán nhất. Như câu cửa miệng lun ấy vì uống được với món nào topping cũng nhiều nên cũng khỏi mắc công suy nghĩ gì nhiều nữa. 
  Trân châu củ năng của quán làm ngon bọc áo vừa đủ dày và củ năng thì giòn. Còn thạch thì dạng nhà lắm nên cho rất nhiều lun. Thạch thì có thạch dạng rau câu, khúc bạch,... Mà cũng khá nhiều nên uống nước cũng thoải sức ăn lun ấy hehe. Với sizw bình thường quán bán đã bự nên nếu mún uống nhiu thì hãy up size lớn chứ size lớn bự lắm uống nó ghê lun.Xem thêm",10
153,Thúy Anh,17/11/2018 22:34,7.6,"Tối đói bụng đi ngang đây mua ăn thử, hôm nay chỉ có loại thường thôi. Một ổ bánh mì Thổ Nhĩ Kì loại thường giá 15.000 đồng, vỏ bánh mì giòn, ngon giống bánh mì ở Sài Gòn, nhân đầy đủ thịt, xà lách, cà chua, dưa leo, bắp cải. Nói chung là bánh ngon nhưng không có gì đặc sắc.Xem thêm",10
154,lam,24/12/2023 12:47,10,Món siêu ngonXem thêm,11
155,Thu Hằng,21/12/2023 19:23,5.0,Đồ ăn rất ngon nhé mọi ngườiXem thêm,11
156,Thùy Đoan Nguyễn,15/12/2023 19:32,5.0,Đồ ăn rất ngon ạXem thêm,11
157,Minh Nguyễn,14/12/2023 9:22,8.4,"Đồ ăn rất ngon.trang trí rất đẹp mắt 
  Tuyệt vời lắm luôn nha mọi ngườiXem thêm",11
158,Trinh,13/12/2023 10:56,5.0,Ngonnn nhaXem thêm,11
159,Nam Thùy,5/12/2023 16:01,10,Đồ ăn rất ngonXem thêm,11
160,Phan Thuydung,4/12/2023 12:39,5.0,Ăn ngon rất rất ngonXem thêm,11
161,foodee_dhugcxzz,30/11/2023 9:55,10,Đã đặt hàng. Món ăn thơm ngon. Sẽ ủng hộ tiếp ahXem thêm,11
162,Loan Kim,23/11/2023 17:57,5.0,Ngon lắm nha mn nên thửXem thêm,11
163,Lê Mai Anh Thư,23/11/2023 15:29,6.0,Ngon ýXem thêm,11
164,tống gồng,30/8/2023 14:22,5.0,Món ngon đậm đà chất lượngXem thêm,11
165,Quý Quý,3/4/2018 0:43,7.6,"Thich nhât la ăn lẩu o đây nước lẩu vừa ăn, nhân viên vui vẻ nhiệt tình, lâu lâu còn đc tặng rượu hay nước ngọt nữa chứ giá lại mềm hơn so với chuỗi nhà hàng mà vị lại ko hề kémXem thêm",12
166,Tri Nguyen,30/5/2022 19:41,7.0,"This place is very similar to franchised places such as hotpot story. It has a very wide range of options from “all you can eat” buffet to “pay by the dish” option. Customers can choose to sit in the open for a lively atmosphere or the private rooms for more privacy. This place is also very affordable (in comparison to the ones inside the big mall). The servers/employees are very friendly, helpful, and respectful. I definitely will return.Xem thêm",12
167,Tri Nguyen,16/5/2022 15:58,7.0,This place is probably one of the better place in Can Tho city. The price and quality is acceptable. The buffet option is probably a better deal than the by-the-dish one. You can try out this place if you want something other than Kichi Kichi or Manwah hotpot. Definitely will come back.Xem thêm,12
168,foodee_0fed67cb,28/4/2022 20:04,5.0,"Mọi người đã ăn rồi cho em hỏi là cái sốt ""Oppa"" có cay ko ạXem thêm",12
169,Rachel Smith,8/11/2021 19:31,7.4,"Hôm mình ăn mình gọi combo cặp đôi ấm áp 299k, trong combo có súp kim chi, mình thích ăn súp miến hơn nên mình đổi súp kim chi thành súp miến. 🍜

Súp miến thì mình thấy hơi mặn so với mấy lần trước mình ăn, còn lại thì cũng ổn. 

Quán đang xây sửa nên hiện trạng hơi từa lưa xíu 😂😂😂, nên giảm cảm giác ăn ngon của mình, cứ cảm giác xung quang bụi bặm 😷😷😷 tui khổ tui ghê 😅

Các bạn phục vụ dễ thương!!! ❤️Xem thêm",12
170,Rachel Smith,17/8/2021 22:06,9.0,"Đi hông biết nhiêu lần, mà kiếm dữ lắm mới thấy đc vài tấm hình viết review.

Đây là quán Hàn Quốc mà mìn đi nhiều nhất ở Cần Thơ, mê mệt với các món ở đây, mê nhất vẫn là nc chấm ngon toẹt zờiXem thêm",12
171,Bruce Bùi,18/6/2021 19:01,1.0,"Giá cả so với chất lượng quá thất vọng. 700k set lẩu được nhiêu đây, set lẩu đủ 2 người ăn.Xem thêm",12
172,Nguyễn Cao Trí,11/2/2021 23:18,5.2,Vô cùng thất vọngXem thêm,12
173,Kevin,24/7/2020 23:52,9.8,"Lần đầu đi ăn đồ nướng nêm ngon như vậy, giá hơi cao một chút, đồ cũng hơi ít, nhưng trang trí đẹp, nêm nếm ngon, nước sốt đậm đà! Nước uống cũng ngon cực! Nhân viên cũng nhiệt tình!Xem thêm",12
174,foodee_8a0930d7,23/5/2020 10:01,3.4,"Quán phục vụ rất chậm, đặt bàn từ đầu tuần đến cuối tuần đi ăn mà vẫn không có sự chuẩn bị để hơn 20 người chờ hơn 30’ mới có được 1 dĩa kim chi. Không có sự chuẩn bị nhân sự phục vụ
Đồ ăn ít, chọn combo 799k mà còn phải kêu thêm
Điểm tốt duy nhất là nước sốt ngon 
Tôi sẽ không quay lại quán này. Thật sự rất thất vọng
Mong rằng quán có thể cải thiện các điểm này để thu hút nhiều thực khách hơnXem thêm",12
175,Lê Thị Trúc Điệp,17/11/2023 11:15,6.0,Dễ thương thân thiệnXem thêm,13
176,Nhung Hồng,15/11/2023 8:40,8.2,"De thuong, than thienXem thêm",13
177,Nhung Hồng,15/11/2023 8:38,10,"De thuong , than thienXem thêm",13
178,Hoang Quynh,14/11/2023 19:29,10,"Dễ thương, thân thiện 😊Xem thêm",13
179,Yến Nguyễn,14/11/2023 14:54,10,"(dễ thương, thân thiện. 😊 )Xem thêm",13
180,Huệ Mít,14/11/2023 14:39,7.0,Món ăn ở đây rất ngonXem thêm,13
181,Huệ Mít,14/11/2023 14:36,6.8,Món ăn rất tuyệtXem thêm,13
182,Huệ Mít,14/11/2023 14:33,5.2,Dễ thương thân thiệnXem thêm,13
183,Vy Ka,14/11/2023 14:16,9.4,"Ăn quán 1 lần phải giới thiệu thêm cho vài người nữa ❤️ Rất là tuyệt vời ạ , Rất có tâmXem thêm",13
184,Nhâm Nguyễn,14/11/2023 14:13,5.0,"Dễ thương, thân thiện. 😊Xem thêm",13
185,Đinh Hoàng,20/7/2022 21:33,5.0,Ko nhận đc hàng mà sao trừ tiền tài khoản tôiXem thêm,14
186,Trúc Mai Dương,17/2/2021 19:16,8.4,"With  SEVENTEEN 

~~ Trà sữa Trân châu  Size LXem thêm",14
187,Mỹ Huyền,1/1/2021 17:23,5.0,Đặt trà sữa trà xanh thêm trân châu trắng về không có trân châuXem thêm,14
188,Ami Le,22/9/2020 15:37,9.2,"Quán mát mẻ, thơm, nv phục vụ OK, bảo vệ dắt xe cho khách ^^
Giá cả vẫn y như các chi nhánh Gong cha khác thôi nhưng mùi vị theo cảm nhận cá nhân mình thì khác so với trên Sài GònXem thêm",14
189,Trúc Mai Dương,6/2/2020 14:03,10,"I’m Wannable 
With  Ong Seong Wu - Wanna One 
~ Taro Milk Tea ( Size L ) - White Pearl ( Trân châu trắng ) 
Sugar 70% 
Regular Ice 
~ Này là ống hút giấy luôn, uống hơi khó tíXem thêm",14
190,Trúc Mai Dương,22/11/2019 15:02,10,Trà sữa xoài  trân châu đen & trân châu trắngXem thêm,14
191,Cụt ~.~,28/9/2019 17:46,7.6,"Vị trà sữa olong lần đầu tiên của mình là ở Gong Cha năm 2017, giờ uống lại không khác nhau là mấy , em ấy vẫn thơm ngon tới giọt cuối cùng . Gong Cha là thương hiệu trà sữa ""lâu lâu mới uống""  của mình :))). Ngoài ra tớ khá ưng cái túi đỏ có quote câu:""Hãy tái sử dụng để bảo vệ môi trường"". Thông điệp tuy cũ nhưng ko hề cũ , nhựa ko sai nhưng lifestyle dùng một lần xong thì vứt thì rất sai nên uống nước ngon nhưng đừng quên bảo vệ môi trường nhé. À tớ cũng chỉ dùng li của quán lần đầu , lần sau sau nữa thì đem bình cá nhân để khỏi thải nhựa lãng phí 😺Xem thêm",14
192,Winter Phan,18/9/2019 14:35,8.6,"Ở GongCha mình thấy món nào cũng ngon. 
Uống nhiều thì mập + viêm màng túi chứ nếu không thì mình đã uống GongCha mỗi ngày hihi 🥶
Chỉ mong Gongcha mở nhiều Khuyến Mãi giảm giá các thứ nhiều hơn hơn nửa 🥰Xem thêm",14
193,Trúc Mai Dương,30/8/2019 15:12,10,"Thêm một lần nữa đặt ở Grab - giảm 60K. Giao hàng cực kì nhanh 
Matcha Strawberry CreamXem thêm",14
194,Trúc Mai Dương,27/8/2019 17:05,9.6,"Đặt trên Grab Food được giảm 60K 
Gong Cha  with  Kang Daniel - Wanna One 
Sôcôla đá xay Trân châu Trắng - 70% đườngXem thêm",14
195,Trúc Mai Dương,29/2/2020 10:31,10,"Amavo Tea, quá ngonXem thêm",15
196,Trang Thu,21/10/2019 15:20,7.8,"View đẹp, nhân viên thân thiện nhiệt tình, đồ uống ngon nhưng không đặc sắc, giá cả phải chăng, không gian trung bình.Xem thêm",15
197,Lbn,31/5/2019 17:25,6.0,"Nước uống bình thường. Mình uống trà trái cây nhiệt đới thì là trái cây đóng hộp nha. Bánh tiramisu cũng không ngon, lớp bánh thì dai cứng, lớp kem thì nhão chảy.Xem thêm",15
198,Trang Ngọc,19/11/2018 22:24,8.8,"Cứ ghé Amavo là nhắm vào các loại đá xay và các loại cà phê máy thì là khỏi chê rồi. Mới bước vào quán, mùi cafe đã bật vào mũi, thơm nức mũi luôn ấy chứ :3 Như hình là ly đá xay cookie choco :3 Ly lớn luôn nhe 52k, giá tính ra cũng không cao lắm đâu :3 nhưng lâu lâu uống thì được chứ uống nhiều chắc mạt :)) Không gian bên trong quán mát mẻ lắm nhe, trưa mà vào đây nhâm nhi là khỏi chê. Nước uống thì tự phục vụ nè, muỗng, ống hút, e khăn giấy cũng tự lấy luôn :3 nước lạnh tráng miệng luônXem thêm",15
199,Hiếu Minh,13/11/2018 21:35,8.6,"Hôm nay review kèm tấm hình sống ảo đẹp xuất sắc nè, dạo này quán hơi đông kím bàn ngồi ngoài khó như lên trời 😂😂 Thế nên bị đẩy dô trong mà dô trong có cái thích ở trong đó là chụp hình sống ảo đã đời. Mình uống chanh đá xay, ngon lắm mọi người ơi, chanh đá xay nhuyễn hết uống lạnh đã đã, đá tan từ từ trên lưỡi, có lẫn 1 vài vỏ chanh ăn vào thơm vô cùng 
Còn trà sữa Amavo ngon lắm nà nha, thơm sữa, thơm trà, dễ uống lắm. Mọi thứ ít đường thì sẽ thơm và ngon hơn áXem thêm",15
200,Phạm Trần Phương Trâm,7/11/2018 18:53,8.6,"Lần nào lại quán này cũng đều hài lòng. Như hình là các loại bánh Âu tại quán, bao gồm bánh tiramisu, và panna cotta. Bánh tiramisu thì không bàn nữa, ngon, xuất sắc mà lại không ngán nữa. Panna cotta có thể ăn kèm với nhiều loại mứt tự chọn. Như hình là mình chọn mứt việt quất. Panna cotta kiểu giống như yaour dẻo, béo béo, lại có hậu hơi chua nên ăn dễ tiêu hóa. Nói chung rất hài lòng luôn. Các loại bánh thì tầm từ 20k trở lên :3 Có dịp sẽ thử nhiều hơn :3 quán cũng thường xuyên chạy khuyến mãi nên càng thích :3Xem thêm",15
201,Hiếu Minh,19/10/2018 20:33,9.2,"Đi cũng khá lâu nhưng hôm nay mới có dịp đánh giá về món mới của quán. Dạo gần đây Quảng thường bổ sung thêm nhiều loại nước uống khác để khách hàng có nhiều sự lựa chọn cho mình. Hôm nay mình uống thử trà vải làm món mới của quán, một ly chị 42.000, có ngay một ly trà vải siêu ngon, với 3 quả vải tách lấy hột mềm và giòn. Trà vải thơm mùi trà đặc trưng không giống trà túi gói nên mình rất vừa ý ạ. Mình gọi cho bạn mình ly blue sky soda ngon thơm lắmXem thêm",15
202,Phương Trần,8/10/2018 22:02,9.0,"Dù có rất nhiều quán trà sữa, cafe mới mở nhưng mình vẫn cứ thích Amavo như lần đầu tiên mình đến quán. Không gian trên lầu cực kì yên tĩnh, thoải mái, ghế nệm ngồi rất êm, còn ghế cây ngồi nhìn ra cửa kính cũng rất lãng mạn, mình thích ngồi đây và ngắm nhìn mọi người đi dạo phố mua sắm, dễ chịu lắm. Mình chọn món tại quầy phía dưới và làm xong thì các bạn phục vụ đem lên, mình bị khoái nhất là oolong tea ở đây, uống phải một ly thật to mới chịu, giá ly lớn là 48k hơi bị mắc đấy nhưng ngon tuyệt lắm.Xem thêm",15
203,Phương Trần,19/9/2018 22:32,8.8,"Mình cũng thuộc dạng bon chen lắm, rảnh là lại chạy ra hàng quán này nọ, nhất là kiếm mấy quán mới mới. Nhưng lâu lâu vẫn nhớ đến Amavo và vẫn đến đây rất thường. Quán ở ngay gần chợ đêm nên nhộn nhịp lắm, bạn có thể lên lầu ngồi ở phòng kín và ngắm người dân đi mua sắm hoặc là ngồi phía dưới lề đường. Giá nước ở đây thì thuộc dạng mắc nhé nhưng uống rồi thì xứng đáng đồng tiền lắm, mình ghiền nhất là Amavo tea ở đây, thơm vị trà đậm đà lắm thêm chút ít sữa nữa, uống vào dễ chịu vô cùng luôn.Xem thêm",15
204,Phi Phụng Phạm,10/9/2018 0:29,8.0,Lại đây uống mình chỉ uống mỗi trà đào thôi. Ghiền lắmXem thêm,15
205,Trà My,27/9/2024 13:33,5.0,5 saoXem thêm,16
206,vuong,27/9/2024 12:31,10,Ngon bổ rẻ đẹp đẽXem thêm,16
207,Hồng Trần,27/9/2024 12:23,10,Đồ ăn ngon sạch sẽ phục vụ tốtXem thêm,16
208,foodee_hsr9f2vg,26/9/2024 12:41,9.8,Đồ ăn ngon lắm ạXem thêm,16
209,Thuý Vân,26/9/2024 12:29,10,"Đồ ăn ngon, sạch sẽ, nhân viên nhiệt tình vui vẻ, đáng thukngwr thứcXem thêm",16
210,Nguyên Nguyệt,26/9/2024 12:21,10,OkXem thêm,16
211,C,25/9/2024 13:38,5.0,Món ăn rất ngon ahXem thêm,16
212,Bánh canh cá lóc diên sanh Cam lộ,25/9/2024 12:29,5.0,"Ngon,chất lượng tốt,đáng mua,lần sau sẽ ủng hộ tiếpXem thêm",16
213,C,25/9/2024 12:27,5.2,Món ăn ở đây rất ngonXem thêm,16
214,C,25/9/2024 12:25,5.2,Món ăn ở đây rất ngonXem thêm,16
215,Vâng Nguyen,4/11/2023 15:00,5.0,10 điểm cho chất lượngXem thêm,17
216,thienan.fashionkids,4/11/2023 14:29,5.0,10 điểm cho chất lượngXem thêm,17
217,lê thủy tiên,3/11/2023 19:50,5.0,NV nhiệt tình chu đáoXem thêm,17
218,Rose Yến Nhi,3/11/2023 15:20,5.0,10 điểm cho chất lượng 🤩🤩🤩Xem thêm,17
219,Đường Thị Khánh Ly,3/11/2023 10:54,5.0,10 điểm cho chất lượngXem thêm,17
220,Suri Huế,3/11/2023 9:35,10,10 điểm cho chất lượng 🤩🤩🤩Xem thêm,17
221,Cẩm Tiên,2/11/2023 11:22,5.0,10 điểm cho chất lượng 😍😍😍Xem thêm,17
222,Giang Hà,1/11/2023 19:10,10,(10 điểm cho chất lượng🤩🤩🤩)Xem thêm,17
223,Trang nguyễn,1/11/2023 13:52,5.0,10 điểm cho chất lượngXem thêm,17
224,nguyen ha,1/11/2023 12:41,5.0,(10 điểm cho chất lượng 🤩🤩🤩  )Xem thêm,17
225,Kiều  Linh,11/12/2023 1:21,10,"Thích hợp hẹn hò lãng mạn. Mình nghĩ đối với nhà hàng này thì đi ăn vào buổi tối sẽ đẹp hơn. 
Món ăn: mình có gọi các món 
- Lẩu đầu cá hồi nấu mẻ: ăn ok, đầu cá ngon ngậy mà ăn đầu cá uống bia là số dzách! 
- Bò xào củ kiệu: duyệt 
- Gỏi tép trấu đu đủ: vừa phải, không quá ngon 
- Cánh gà chiên mắm: mình thích món này, món này ăn với cơm thì ngon lắm :D đậm đà, thơm. 
- Tôm lóng nướng mọi : tôm khá tươi cộng thêm vị nướng ăn đượccccc. 
- Bia
Nhân viên: dễ chịu Giá cả: mình đi ăn 2 người, hết tổng cộng gần 1 triệu, thấy cũng hợp lý, ăn vừa ngon vừa no.Xem thêm",18
226,Hà Hải,11/12/2023 1:15,10,"Lần thứ hai có dịp tới quán, lần này đi buổi tối, lúc mình đến tầm 7h30 , khách đã khá đông, nhân viên sắp xếp chỗ cho bọn mình nhanh nhẹn lắm. 
Lần này bọn mình gọi món, vì toàn con gái đi ăn nên không ăn được nhiều. Trong các món gọi ra thì mình thích nhất món cá lóc nướng lá sen ướp đậm đà, món tai heo xoài lắc thái ăn cũng ngon nhưng cảm giác hơi nhiều mỡ. Canh mướp thịt bò mùi vị ổn.Xem thêm",18
227,Trương Hồng duyên,11/12/2023 1:08,10,"Hno nhà có giỗ, nên mình đặt cỗ ở đây về nhà luôn để đỡ phải nấu nướng :))) 
Nhà hàng này có dịch vụ delivery đồ về nhà mà 🙂🙂 quá tiệnXem thêm",18
228,Hồ Quỳnh  Vân,11/12/2023 1:04,10,"Thức ăn khá đầy đặn ngon giá cả phải chăng. 
Đoàn mình nhiều trẻ con mà bạn phục vụ tận tình dã man, tư vấn rồi trông các bạn nhỏ, nói chung là 10 điểmXem thêm",18
229,Dang Van hung,11/12/2023 1:02,10,"💋 Trưa nay có lập team qua đây ăn trưa. 
💋 Món ăn: chúng mình gọi khá nhìu đồ. Chia ra ăn 6 người là khá no và còn thừa đó 😂 
❤️ Món tiêu điểm nhất là lẩu gà. Đây là lẩu gà chanh ớt mình nghĩ tầm 4 người ăn, gọi thêm món phụ là vừa.Gà thực sự mềm ngon. 
❤️ Hải sản khói lửa mềm, ngọt thịt, vị ngon và lạ. Ăn ưng nhất trong các món 😌 
💋 Giá cả: Quán để giá khá là vừa. Tầm 150k 1 người thôi ạ. Nên đi đông sẽ dễ thử nhiều món hơn ☺️Xem thêm",18
230,Tung Vu,11/12/2023 0:59,10,"📍Đến đây nhất định phải thử món ngon siêu ngon là cuốn đồng xanh. Món này có cá lóc nướng, bắp heo, bắp bò, tôm luộc, rau, bánh tráng phơi sương. Đảm bảo ăn nghiện cực. 
Nếu đi đông thì có thể cân nhắc gọi thêm nồi lẩu gà 
📍Quán này không gian lịch sự, sạch sẽ lắm. Chủ quán rất nice.Xem thêm",18
231,Huong elyyy Tran,11/12/2023 0:57,10,"Thực đơn đa số là các món dùng nguyên liệu và gia vị***nhưng được thực hiện và bày biện theo cách tinh tế. 
Ở đây có thể nói là "" phiên bản việt nâng cấp "", ăn uống sang chảnh do đc mời thôi. 
Nhân viên phục vụ rất lịch sự và nhiệt tình..Xem thêm",18
232,Hương  Huệ,11/12/2023 0:53,10,"Mình quá ưng cái nhà hàng này luôn, từ không gian cho đến đồ ăn và nhân viên. 
Thực đơn ở đây hầu hết là các món*** cá nướng, củ kiệu xào, canh mướp cua,... toàn các món đậm chất đồng quê, ngon. 
Cách trình bày món ăn cũng kiểu chuẩn không cần chỉnh, bát đĩa hoa văn sạch đẹpXem thêm",18
233,Hương Lan Phạm,11/12/2023 0:52,10,"Không gian đẹp lãng mạn, đồ ăn bài trí đẹp ngon 
Nhà hàng có cả khách tây nên không ồn ào 
Phục vụ cũng rất nhỏ nhẹXem thêm",18
234,Huy Bùi,11/12/2023 0:48,10,"Quán phục vụ các món đặc trưng của***mình, hôm đó bọn mình đến ăn cuốn đồng xanh với 1 vài món gọi lẻ. 
Chẳng biết tại hoàn cảnh hay gì mà thấy mấy món này ngon thế. Món nào cũng trình bày đẹp mắt, cuốn cá đậm vị, bánh tráng mỏng, ăn dẻo, mượt. Nói chung là rất ưngXem thêm",18
235,Hoàng Vần,13/12/2023 23:48,10,"Ok ăn thử... Má ơi bưng cái bánh xèo ra mà hết hồn luôn... Nó bự chà bá lửa luôn @@ 
Bên trong là đủ thứ ngập ngụa luôn :| Nói chung hơi bấT ngờ :)) Bánh ko quá nhiều dầu :)) ngon :3Xem thêm",18
236,Hoàng Hữu Thượng,13/12/2023 23:22,10,"Bánh có vỏ rất giòn, không bị ngấn dầu mỡ như những chỗ khác. Nhân bánh nhiều, đều rất ngọt nhé. Rau nhiều, nước mắm chấm vừa miệng. 
Bàn ghế sạch sẽ, gọn gàng
Nói chung sẽ quay lại ^^Xem thêm",18
237,Yến  Nhi Hoàng,13/12/2023 23:21,10,"Bánh xèo Đồng Xanh đổ rất khéo. 
Vỏ giòn, bột lại không quá mỏng. Nhân đầy đặn, rất đáng giá tiền. 
Đặc biệt vị nước chấm rất hợp khẩu vị, không làm mất đi vị ngon của bánhXem thêm",18
238,Linh Khánh,13/12/2023 23:05,10,"Mình gọi 1 cái bánh chay, lúc bưng ra ôi thôi thấy hợp lý khi 2 đứa chỉ gọi 1 cái, to vật vã hehe. Vị bánh làm vừa ăn, phần vỏ giòn, nhưng hơi bị nhiều dầu đọng lại ở phần trung tâm bánh. But it's okey 👌🏻Xem thêm",18
239,Kiều  Linh,13/12/2023 23:04,10,"Chờ không lâu, bánh xèo đem lên nóng hổi, bánh to đùng á. 
Nước mắm cũng ngon
Cuộn 1 cái vừa miệng, xà lách rau thơm 1 nhúm, bánh xèo có gia vị chấm vô nước mắm. Đúc vào họng giống như dân hảo ăn vậy. Ngon hết chỗ chê.Xem thêm",18
240,Kim Dung,13/12/2023 23:02,10,"Nguyên liệu làm bánh tươi ngon , mình cuốn 4 - 5 lần là no ứ hự rồi . Ba mình cũng hay ăn ở đây nên mới biết mua về đó 😘 . Rau mở bao nghe mùi tươi y như đi chợ vậy đó nha 👍Xem thêm",18
241,Lã Quỳnh  Như,13/12/2023 23:00,10,"Bánh làm tươi mới từ nhân đến vỏ. Thịt và củ hủ dừa rất tươi, khi nào làm bánh mới cho topping vô nên khi ăn sẽ cảm nhận được vị tươi ngọt của thịt vịt. 
Bánh khọt cũng nóng hổi có 2 loại nhân tôm và đậu xanh. Rau thì nhiều, tươi, hết có thể gọi thêm. Rất đông người mua về nhưng riêng mình thì ngồi ăn tại chỗ cho giòn.Xem thêm",18
242,Lê Hương Thảo,13/12/2023 23:00,10,"Bánh xèo 45k 1 cái, 2 người ăn vừa, không no cũng không đói. Rau sạch và nhiều. Lớp vỏ mỏng giòn và ít dầu mỡXem thêm",18
243,Lê Mai  Chuyên,13/12/2023 22:57,10,"Thích nhất là nước mắm, rất ngon và vừa miệng. Cái này làm bánh thêm ngon. 
Bánh khọt béo béo, giòn giòn, bánh khá dày. Ăn nóng đến phút cuối nên rất thích! Rau cũng nhiều nữa.Xem thêm",18
244,linh  đàm boutique,13/12/2023 22:45,10,"Mới ghé quán hồi chiều, bánh xèo bánh khọt đều ngon, nước chấm vừa miệng. Mình đi 3 người chỉ khoảng 100k nhưng no bể bụng. Sẽ tiếp tục ủng hộ quán.Xem thêm",18
245,Vy,8/11/2020 18:01,3.0,"đồ ăn bên vvk vừa dở phục vụ lại kém
làm đồ ăn siêu lâu
phục vụ thì thái độ, mặt như bị bồ đá
không bằng một góc bên mậu thânXem thêm",19
246,Ngoc91b,6/11/2020 13:36,3.4,Mực không ngon như lời đồn. Đặc biệt là nên ăn chậm nhai kỹ cảm nhận con mực rất khác lạ nhé...Xem thêm,19
247,Hoàng Hậu Mai,25/5/2020 14:49,9.4,"Một trong những món mới nhưng lại cực HOT của quán, ai đến quán cũng đều gọi món này bởi độ ngon hấp dẫn của nó. Món này tên DỪA HỎA DIỆM SƠN có giá 119k nhen bên trong thì có tôm nè, phô mai nè, chả nè,... và nhiều món hấp dẫn khác nữa nha.Xem thêm",19
248,h30bonnie,2/11/2019 0:33,6.0,"Món ăn ngon, mình rất thích món mực nướng ở đây, các món khác cũng ko kém, giá cả phù hợp, quán lúc nào cũng đông...vì quá đông nên mình qua pallet 2 vị món cũng ko khác gì..sạch sẽ rộng rãi hơn.Xem thêm",19
249,vnga12,26/10/2019 21:09,9.0,"Hôm nay mình ăn ở Pallet VVK
Không gian rộng rãi, mát mẻ, ngồi thoải mái
Đồ ăn mình gọi gồm:
- Hàu nướng Pallet: món này có sốt ăn ngon lắm, thích hợp cho những bạn thích vị béo, các bạn nên thử nha. ^^ 
- Mì xào tomyum: dĩa mì nhiều, vị vừa ăn, có mực, tôm hơi cay xíu
- Sò điệp nướng mỡ hành và lạp mực ăn cũng okXem thêm",19
250,Trinh Châu,11/9/2019 17:55,6.0,"Đặt hàng trên Now.vn qua Shoppe App bằng ví Airpay lúc 14h, giao hàng lúc 14h36
Tôm sa mạc 89k: 12 con tômXem thêm",19
251,Phi Phụng Phạm,11/1/2019 23:52,7.6,"Đồ ăn ở đây nêm nếm rất vừa vị. Ngon, hợp túi tiền nèXem thêm",19
252,Trần Anh,28/11/2018 11:39,8.0,"Được bạn rủ lại đây ăn tối mà trước đó mình có tham khảo trên foody thấy cũng nhận được nhiều lời khen về món ăn lắm, quán nằm con hẻm 142B Mậu Thân, chạy vào hẻm cũng không xa lắm mà có lần mình đi ngang mấy lần thấy không gian của quán cũng hơi chật nhưng lần này lại thì mình không thất vọng.
Tuy quán hơi nhỏ, không gian cũng không rộng lắm mà được cái là quán sắp xếp các bàn ghế không ngồi san sát nhau nên mình thấy khá thoải mái. Menu mình nhìn 1 vòng thì chỉ có đúng 1 trang thôi nhưng mình gọi 2 món đều ưng ý. Mình gọi 1 món ếch chiên bơ, với 1 món mực nướng, theo mình thấy thì có vẻ quán làm món hơi lâu, khi đem món ra cũng khá thơm, mà đặc biệt món ếch quán chiên giòn rụm nóng hổi luôn, nước chấm ớt xanh cũng ngon lắm.
Về giá cả thì mình nghĩ bình dân, 2 đứa mà tính tổng ra chưa tới 300k nữa, nhân viên thì có vẻ nhiệt tình mà hiền nữa, mà mình thích mỗi 1 bàn có 1 thùng nước đá riêng thì hay hơn.
Có chỗ không gian giữ xe cũng được và có bạn nhân viên dắt xe ra giúp cũng ok ^^Xem thêm",19
253,Thùy Dương,19/11/2018 18:26,9.6,"Lại đến với Pallet:
🍛1 dĩa cơm rang tỏi
🐓1 dĩa chân gà chiên nước mắm
🦑1 mực nia
Và 3 người ăn no quay lăn lóc. 
Cực kì khuyến khích các Bạn đến và gọi các món chiên nước mắm của quán, phải nói là ngon muốn ăn hoài ấy. Cơm rang tỏi và chân gà chiên nước mắm là 2 món luôn phải có mỗi khi mình ghé ăn dù số lượng người nhiều hay ít. Cơm có thể thay bằng mì xào thập cẩm (hải sản + bò) hoặc trên 6 người thì gọi 2 phần cơm rang tỏi lót bụng trước nhé. Cơm rất thơm luôn. Chân gà chiên nước mắm - bất bại - không món nào thay thế được. Và gọi đồ ăn thêm tùy số người đi.
À, gợi ý vài món ngon bổ rẻ để bạn dùng làm mồi nhâm nhi với bia là:
❤️Tủy heo chiên xù (béo béo thơm thơm) 
❤️Dồi trường chiên giòn
❤️Cá trứng chiên giòn
❤️Ớt chiên giòn
❤️Sụn gà chiên nước mắm
❤️Bao tử cá chiên nước mắm
...
Hy vọng hữu ích với bạn ❤️Xem thêm",19
254,Thùy Dương,14/11/2018 18:19,9.6,"Đồ ăn rất ngon, nhân viên nhiệt tình.
Đi nhóm từ 3 người trở lên là ăn no ơi là no mà giá cũng tốt lắm
🦑Mực nướng pataya 69k
🦐Cơm rang hải sản 49k - Nêm vừa miệng, ăn rất thơm và ko cảm giác có nhiềi dầu mỡ như nơi khác. 
🐓Chân gà chiên nước mắm 49k - Món ăn dễ gây nghiện
🌶️Ớt chiên giòn 49k - Món lạ, ớt nhồi chả cá tẩm bột chiên giòn
🥗Gỏi Santom thái hải sản 99k - ngon ngon
🥘Lẩu thái 139k - Đồ ăn nhiều lắmXem thêm",19
255,Tùng Huỳnh,19/4/2021 10:46,10,Hợp lí với giá tiềnXem thêm,20
256,Hồng Cúc,23/3/2021 15:51,9.6,"Đi ăn Buffet ở gogi***tuy là phải đi lên tầng 4 để ăn nhưng mà đổi lại thấy chất lượng dịch vụ va chất lượng món ăn không làm ta thất vọng mọi người ạ,có món thịt ướp sốt thăn gì đó vừa nướng lên là nó thơm phức thịt thì mềm ngoài ra có có món tráng miệng mà mình ăn hơn 10ly đó là pana cota có phần mứt ở nữa. 10đ cho nhà hàngXem thêm",20
257,Nicole .,23/3/2021 13:44,10,🥰📸Xem thêm,20
258,Lê Nguyễn Phương Uyên,23/3/2021 13:29,10,"Ngonn quá ahhhh, ăn bao lần vẫn k hết thèmmm🤪🤪Xem thêm",20
259,Hồng Cúc,23/3/2021 13:21,10,Buffet 259k ở cần thơ thì chỉ có áp dụng tại Gogihungvuong thì phải vừa mát vừa thoải mái để ăn buffet xịn hịn hịn luôn dịXem thêm,20
260,Tùng Huỳnh,23/3/2021 13:19,10,Hấp dẫnXem thêm,20
261,Tùng Huỳnh,23/3/2021 13:18,10,Bf xịn xò free luôn  tráng miệngXem thêm,20
262,Tùng Huỳnh,23/3/2021 13:16,10,Đồ ăn ngonXem thêm,20
263,Lynn1112,11/3/2021 14:06,7.4,Đến vì món mì lạnh nhưng thường xuyên hết mì lạnh 🤣🤣 Lên món chậm và khá lâuXem thêm,20
264,Hồng Cúc,10/3/2021 9:33,10,Cứ 1 tuần phải đi một lần vậy nè rồi chịu sao nổiXem thêm,20
265,Bii Thảo Ngân,22/8/2022 20:08,9.8,"Quán này có nhan viên không trung thực 
Mình vừa mới ăn lúc chiều tại đây 
Mình gọi 4 món thịt.  Nhưng đến khi tinh tiền lại tính 5 mónXem thêm",20
266,Đạt Vĩnh,14/2/2020 10:19,2.2,"Chuyện 2 tuần rồi nhưng mình vẫn muốn phản ánh. Quán phục vụ quá tệ và nhân viên có thái độ gắt gỏng với khách hàng. Trong lịch sử đi ăn các quán chưa bao giờ thấy tệ hại như hôm nay. Phục vụ chậm, có thái độ và lại còn làm lơ bàn của khách mình không thích. Thật sự rất quá đáng.Xem thêm",20
267,Lý Huỳnh,4/6/2019 16:02,7.4,"Thịt nướng ngon, lẩu nhỏ xíu mà giá cao... và đừng nên ăn miếng trộn nha các bạn :)Xem thêm",20
268,Foodee_Quinn,29/4/2019 14:38,6.4,"Thái độ phục vụ của nhân viên tốt, lên món tương đối nhanh khoảng 5-10p. Tuy nhiên, khẩu vị hơi nhạt. Mình gọi 4 món gồm: Tokbokki phô mai, cơm trộn sốt gogi, canh kim chi và salad cá ngừ. Theo khẩu vị của mình thì món ngon trong 4 món theo thứ tự sẽ là Tokbokki, cơm trộn, cuối cùng ngang hạng là canh kim chi và salad cá ngừ. Tokbokki vị ngon, mềm, sốt vừa ăn. Cơm trộn hơi nhạt hoặc do mình ăn salad cá ngừ trước. Salad cá ngừ có sốt vị hơi lạ, mình ăn đầu tiên thấy mặn. Còn canh kim chi theo bạn mình có mùi hơi tanh. 4 món có giá 358k. Nếu bạn đi 2 người và ăn không nhiều thì nên ăn theo món, giá cả không chênh lệch lắm so với với ăn dạng 165k/người.Xem thêm",20
269,dương  vi,16/3/2019 11:38,8.2,Mình cực kì thích món nướng ở Gogi. Rất ngon luôn. Thích sốt chấm và kim chi nhất. Về thịt thì ướp khá vừa ăn. Giá cả hơi cao nhưng mình nghĩ xứng đángXem thêm,20
270,Pinky,11/2/2019 20:43,5.4,"Mình và em trai có ghé Gogi tại Lotte mậu thân vào buổi trưa, đây là lần thứ hai mình ghé! theo nhận xét của mình thì đồ nướng ở đây ngon, xứng đáng với giá tiền. Nhưng về phục vụ thì mình thật sự không hài lòng, đồng ý là quán đông nên các bạn phục vụ không tận tình được, nhưng khách order món, thì dạ cho có rùi thui, mình phải nhắc đến 4 lần, mới có món, thật sự đợi lâu mình hơi nản, có một bạn nữ phục vụ mặt lạnh tanh, mình kêu thì lướt ngang như một cơn gió! Mỗi lần ra được một món mih phải nhắc lại mấy lần, Đây có phải cách phục vụ đặc trưng ở đây k, sao lần nào mình đi cũng bị vậy.Xem thêm",20
271,Hoàng Huy,21/10/2018 14:48,8.0,"Quán này nằm trong lotte luôn nên đi siêu thị ra có dịp ghé qua quán ăn với người bạn, đồ ăn của quán khá là chất lượng nhe, menu mình thấy cũng đa dạng cực kỳ luôn ấy, giá cả có phần hơi cao tý nhưng phải nói là cực kỳ xứng đáng luôn nhe, không gian quán cũng rộng rãi lắm luôn ấy, có điều do mình đi vào dịp cuối tuần nên quán này đông khách cực kỳ nên ngồi đợi có phần hơi bị lâu, nhưng đồ ăn tươi ngon và chất lượng nên mình cũng hài lòngXem thêm",20
272,Phạm Trần Phương Trâm,19/7/2018 22:23,8.0,"Hôm bữa được nhỏ bạn rủ nên vào đây để dùng bữa trưa. Quán nằm trong siêu thị Lotte Mart, chạy ngang đường Mậu Thân là thấy quán ngay à. Không gian rộng, trang trí khá bắt mắt với các bức tranh  về đồ ăn truyền thống của Hàn Quốc. Menu của quán cũng khá đa dạng từ các loại thịt bò, thịt heo, cũng như món ăn như cơm trộn, mì lạnh,... Như hình là một phần Tokbokki của quán, tokbokki mềm, có một lớp phô mai của quán, có vị mặn mặn, nước sốt cay cay, khá thơm. :3Xem thêm",20
273,Mai Trần,14/7/2018 23:30,8.8,"Từ khi gogi có chương trình khuyến mãi dành cho học sinh sinh viên tích điểm, 5 điểm tích lũy được sẽ được giảm 50% combo 449k, tích thêm đủ 10 điểm được đổi free combo 449k. Mỗi lần ăn phần thịt nướng hoặc phần cơm trộn chỉ có 60k cho mỗi phần sẽ được tích 1 điểm. Mình thích ăn set thịt nướng hơn vì set cơm trộn mình thấy lạt quá. Ăn từ Cà Mau tới Cần Thơ vẫn lạt như ko có sốt. Thịt nướng gogi thì ngon nào giờ..bạn nào chưa ăn nên ăn thử nhe.Xem thêm",20
274,Mỹ,2/7/2018 21:06,8.6,"Mình gọi combo 399k , thịt chất lượng nên giá vậy là ok rồi, ướp cũng vừa miệng và các loại panchan mình cũng thích lắm
Phục vụ chậm nhưng lịch sự ^^Xem thêm",20
275,Tùng Huỳnh,26/2/2021 16:04,10,Ngon quáXem thêm,20
276,foodee_dd47575c,12/7/2020 9:14,4.2,Bạn muốn có cảm giác đi xin ăn từng miếng không. Bạn hãy đến gogi. Ăn buphe và được phát cho bạn ăn. Và nhớ là muốn ăn một miếng thì ít nhất bạn phải xin tới 4 lần nhéXem thêm,20
277,Băng,26/1/2020 14:08,2.8,"Mìn chọn Menu buffet 299k. Mà lên món được 1 lần. Không refill Kim chi, nước chấm cho khách. Lên món cực kì chậm. 1 đu không bao giờ trở lại. Có không sao là cho không sao rồi đó.Xem thêm",20
278,gia khánh,24/11/2019 14:38,9.8,"Mình chọn Menu 169k ban đầu thì thấy khá ít đồ ăn nhưng mà ăn rồi thì mới biết nhiều dã man. Đồ ăn thì thôi rồi ngập mặt luôn í
- Về phần BBQ : thịt rất là tươi luôn, thịt ướp thấm gia vị lắm ăn rất là ngon luôn
- Về đồ nóng : mình gọi canh rong biển. 
- Về món ăn phụ : kim chi ở đây siêu đỉnh luôn ngon lắm luôn á, 
Tóm lại thì ok đóXem thêm",20
279,Phương Mỹ,6/11/2019 11:04,9.8,"Ngon thì ngon k ngon thì ngon nhé ☺️☺️
Đồ ăn ngon, nhân viên nhiệt tìnhXem thêm",20
280,Đoan Trần,3/12/2018 9:47,8.8,"Món ăn ngon , phục vụ nhiệt tình dù quán đông , giá cả ổnXem thêm",20
281,Phi Phụng Phạm,9/11/2018 21:43,8.6,Lâu lâu mới ghé định ăn gà với bạch tuột mà gogi đổi thực đơn rồi hiuhiu. Thịt ở gogi ướp là ngon số nhất luôn í. Ăn không đã luôn. Mình đi 2 người gọi 3 4 món cũng 600 mấy. Biết vậy ăn dạng buffet luôn cho đã. Mấy bạn kêu buffet 299k/ người ăn cho thoả thích nhaXem thêm,20
282,foodee_p425ent6,2/11/2018 15:42,9.0,"Đồ ăn ngon, phục vụ ổn, giá chấp nhận đượcXem thêm",20
283,Văn Toàn Phan,2/11/2018 13:06,8.8,"Chắc hẵn mọi người cũng không còn xa lạ gì với quán ăn này - Gogi Một quán nướng mang phong cách Hàn Quốc. Mình đi quán này cũng 3-4 lần. Giá cả thì tương đối  so với mặt bằng chung của người dân Việt Nam nhưng thay vào đó thì chất lượng hoàn hảo. Phong cách của quán rất sang trọng, từ ngoài bước vô có nhân viên chào hỏi rất thân thiện và lịch sự, từ bàn ghế đến đồ dùng điều rất cao cấp. Hôm mình đi thì có chương trình khuyến mãi đi 4 tính 3 cũng khá tiết kiệm nhưng hôm đó mình cảm thấy đồ ăn cũng được cho lắm, màu thịt cũng không bắt mắt như những lần trước mình đi, nói chung lần này đi không ngon miệng cho lắm chắc có lẽ do lúc đó khá đông khách. Nhưng nhìn chung thì đồ ăn cũng an toàn, xuất xứ rõ ràng.Xem thêm",20
284,tomnynguyen,2/11/2018 9:57,9.0,"Địa điểm quen thuộc của toai mỗi khi thèm đồ nướng ăn riết nghiện luôn í
- không gian: rộng rãi thoải mái 
- thức ăn: tuỳ theo menu có giá khác nhau. Thường mình ăn menu 299k và 199k theo mình thì ăn menu 199k là no rồi. Đồ ăn uop ngon, đa dạng
- phục vụ: ok, chu đáo và khoản này là miễn chê
- set up nhanh sạch sẽ nhân viên thay vĩ nướng liên tục
-> xứng đang và hoàn toàn hài lòng vs trải nghiệm ở đâyXem thêm",20
285,Quốc An,"15/02/2024 20:02:24,",1.6,"chuẩn bị đồ ăn quá lâu, mì cay quá ngụi, đồ ăn ko ngon, chất lượng đồ ăn ko phù hợp với giá tiền,…..tệ...Xem thêm",21
286,Karik Nguyen,"24/07/2020 18:08:54,",1.0,"Mì quá dở và loãng, lõng bõng 2 miếng thịt. Bánh bạch tuộc thì tệ, bột không, không có nhân. Hỏi quán có hoá đơn hay không còn chửi khách. Thái độ phục vụ vậy thì bó tay. Chắc chắn là ko có lần 2. Chưa bao giờ đi ăn phải cai quán tệ như vậy! Sao ko có số 0 nên phải đánh số 1!...Xem thêm",21
287,tintphm,"06/05/2020 09:30:35,",3.6,"Trước đây rất hay ăn ở quán này, mình tin là thời điểm còn chủ cũ Sasin là ngon nhất rồi, lại dễ order kiểu không lấy này bù cái kia. Sau này đổi chủ thì chất lượng xuống mạnh, kể cả nhân viên lẫn thức ăn. Nói vậy thôi không biết nói gì thêm nên tính copy đoạn cũ lại nhưng lại sợ mất hay nên đắn đo nhiều quá😆 🤔 để thêm icon cho đủ 100 từ 😆 🤔 😆 🤔 😆 🤔 😆 🤔 😆 🤔 😆 🤔 😆 🤔 😆 🤔  😆 🤔 😆 🤔...Xem thêm",21
288,nghiangonghinh,"04/08/2019 18:06:02,",1.0,"Súp lơ trong mì thì hư hết,đen thui thùi lùi,cá viên thì vừa nhỏ vừa chua,nấm kim châm thì đít đen thui hết cả
Haiz huhuhu,chất lượng quán riết rồi đi xuống quá chừng.....Xem thêm",21
289,Cá Tháng 3,"20/04/2019 17:02:08,",4.4,"Nghe mọi người khen mì cay sasin nhiều nên hôm trc đi ngang qua mình ghé vào ăn thử. Thật sự vô cùng khó chịu và thất vọng về cả thức ăn và nhân viên, ngoài không gian quán đẹp và mát mẻ thì thật chẳng nghĩ ra gì để khen. Mì cay thì tạm ổn, ngoài ra thì bánh bạch tuộc và KimBap ko ra gì cả. Bánh ăn siêu ngán, KimBap thì ko hiểu sao lại chua lè hay là do mình ko hợp:)), trà sữa có được vài hạt trân châu và củ năng ( củ năng mình ko biết để bao lâu r nữa, nó mềm nhũn và khó ăn). Đáng nói nhất là nhân viên quán đông mà vào một lúc mới có người đưa menu, lúc đưa nước ra thì để rõ mạnh lên bàn, kêu tính tiền thì mặt lạnh tanh ko trả lời, chỉ quăng cho cái hoá đơn. Vote 1 ⭐ an ủi :))...Xem thêm",21
290,Kimduyn7386,"13/04/2019 12:33:43,",3.0,"Riết mì cay ăn không khác gì bún riêu hết, mì hàn quốc mà bây giờ để thêm cả ngò gai vào, nước thì quá ngọt và hầu như không còn hương vị đặc trưng của hàn nữa...Xem thêm",21
291,Linh Tr,"20/02/2019 12:20:05,",4.6,"Phần lẩu 2 người ăn, mình có gọi thêm 1 phần tôm và 1 phần mực, nước lẩu hơi nhạt, phục vụ nhanh. Nói chung tạm ổn....Xem thêm",21
292,Ph.Hang,"19/02/2019 09:24:08,",9.0,Lần nào thèm mì cay cũng vào đây ăn. Theo mình nước dùng rất vừa miệng và đồ ăn cũng tươi ngon. Mấy món ăn thêm cũng dùng rất thích và đa dạng nữa. Giá cả lại phải chăng đối với học sinh sinh viên như mình. Nói chung là rất ưng !!...Xem thêm,21
293,Hime Koi,"27/12/2018 22:27:45,",8.8,"Mình rất thích ăn mì cay ở đây nó rất là ngon, đúng giá
Mì cay 7 cấp ở đây độ cay cấp của nó khá là nhẹ so với các quán khác, mình đã ghé đây được 4 lần rồi và mình chỉ mới thử đến cấp 3 thôi nhưng mình sẽ đến thử cho đến cấp 7 xem nó sẽ cay đến mức độ nào để rồi mình sẽ chọn ra cấp cố định mà mình muốn ăn ở đây, ( mình ăn cay cũng không được giỏi cho lắm 1 số chổ mình chỉ dám ăn cấp 1,2 thôi)...Xem thêm",21
294,Da  Beo,"10/12/2018 15:31:45,",7.4,"Mì cay Sasin có không gian rất rộng rãi và trang trí sang, đẹp. Tầng 1 có hẳn 1 tủ lạnh to bán kem. Menu quán đa dạng, có 1 số món mới mà các quán khác không có. Quán cho mình cảm giác được phục vụ đúng kiểu vì không có cảnh chờ mì cay xếp hàng. Mì cay ăn tạm ổn nhưng để gọi là ngon xuất sắc thì chua, vì nước mì thiếu độ đậm đặc, hình như quán sợ khách ăn bị cay nên mì rất ít cay luôn. Thức ăn trong 1 phần mì khá nhiều....Xem thêm",21
295,{{Model.Owner.DisplayName}},{{Model.CreatedDate|dateTimeJson}},"{{Model.AvgRating >= 10 ? ""10"" : (Model.AvgRating|number:1)}}",Xem thêm,21
296,{{Model.Owner.DisplayName}},{{Model.CreatedDate|dateTimeJson}},"{{Model.AvgRating >= 10 ? ""10"" : (Model.AvgRating|number:1)}}",Xem thêm,21
297,,,0,,21
298,Hường Nguyễn,16/4/2019 21:19,8.0,"Nhóm tớ đến quán tầm 20h30, lên món nhanh cơ mà hôm mình đến có chương trình kỷ niệm của shop giá shock gì đó, nhạc ầm ĩ kinh hoàng, đi cả ngày tour mệt nhoài, bụng đói đến quán gặp ngay cả văn nghệ đau tai, bục dạ dày 😢
Nhóm tớ ngồi bàn 19, tớ vừa hồi thì thấy chú quản lý với em phục vụ bảo có bàn ăn trước đấy chưa có trả tiền mà đã đi rồi (quán đông chắc ko kiểm soát nổi), quán thì rộng mà chỗ tính tiền ở đâu đâu ấy thì càng khó vao quát hết quán. 
Thêm nữa tớ gọi món mà em nhân viên không có ghi lại thực đơn bảo em ấy nhớ được (cái này tớ choáng luôn vì lần đầu tiên gặp em nhân viên bá đạo như này). Kết quả là em ấy quên 2 món tớ đặt nhưng muộn rồi tớ cũng buồn bảo lại
-  Về đồ ăn nhóm tớ gọi: 
+1 thạch sùng đút lưỡi (nếu tớ ko nhầm) gồm kho quẹt và cơm cháy. Món này đúng là rất ngon, cơm cháy ăn giòn, ngon lắm, chấm với cái kho quẹt cực hợp miếng
+ 1 ốc nướng tiêu: gia vị của món này ăn ngon nhưng ốc luộc rồi nướng sơ qua nên cũng ko ngon cực kỳ nhưng vẫn là ngon đối với món ốc đồng (tớ dân biển nên ko khoái ốc đồng nhưng món này chế biến hợp miệng)
+1 ếch xào gì đấy kiểu sệt sệt chấm với bánh mỳ: Món này tớ gọi nhầm món vì nghĩ ếch xào là xào khô như ngoài Bắc nhưng lên món nới nghĩ là quán có cả ếch xào khô (đầu tiên nghĩ ếch xào khô ấy chắc là kiểu khô không khốc nên ko gọi). Món ếch xào kiểu sệt sệt này nhóm tớ ăn ko ai ăn quen, lại để cả da ếch mà ướt ướt nữa nên ăn thấy ghê 😭😭. Kết quả là thừa cả đĩa luôn
+ 1 đậu phụ chiên ăn ngon, đậu phụ mềm mịn cực kỳ
+ 1 cá kho quẹt ăn cũng ngon luôn
+ 1 rau thập cẩm luộc
+ 2 lon coca, 1 nước lọc
+ 1 tô cơm trắng to
còn gọi 1 cánh gà chiên mắm và 1 canh gì đấy nữa nhưng bị quên 
GIÁ RẺ BẤT NGỜ. 552k cho 5 người lớn, 1 trẻ em.
Nếu nhạc nhẽo ko ầm ĩ thì cũng ngồi ăn lâu lâu nhưng ồn ào quá nên nhóm tớ ăn như cơn lốc rồi té. Ngồi ăn đúng kiểu tra tấn lỗ tai  😢😢😢Xem thêm",22
299,Thien Le,8/2/2019 12:18,1.6,"Quán thật sự bước vào mình thấy không hài lòng. Đầu tiên, không gian không thoáng mát, mô hôi mình chảy rồng rã. Thứ hai, thái độ nhân viên rất thiếu chuyên nghiệp, bắt khách hàng ngồi đợi với thái độ thờ ơ. Rất tệ!!!Xem thêm",22
300,Nguyễn  Thị Phương Dung,19/10/2018 23:12,8.0,"Quán ăn gia đình ưa thích của mình vừa làm món ngon lại vừa đa dạng món nữa. Giá cả thì phải chăng chưa kể còn có những món tính ra cũng rẻ lại ăn vặt đc lun. 
   Như mấy món khoai tây chiên, cơm cháy kho quẹt  hay tàu hủ sữa,....ăn vặt chờ món chính ngon lắm. Thêm nữa món lẩu cũng khá là chất lượng vừa ngon nữa. Đối với lẩu hải sản thì trưng đồ ăn trong phần nồi chung lun hay sẽ để đĩa riêng tùy món. Hải sản thì tươi ngon, nước lẩu nêm vừa ăn. 
   Nên đi đông để gọi nhiều món hơn vì còn nhiều món miền tây đặc trưng ngon áXem thêm",22
301,Tambourine Tim,1/10/2018 8:21,7.2,"Hôm thứ 6 tuần rồi mới ghé lại quán Chị Tôi. Lúc trước mình tưởng quán chỉ có không gian gần lối vào là cả cái nhà ăn lớn, nếu vậy thì hơi ngột ngạt. Nhưng giờ mới để ý quán còn không gian bên trong với các tum. Người nhà mình chọn Chị Tôi vì bảo thức ăn của quán rẻ,  nhưng tổng thể menu thì thấy giá cũng không hạt dẻ mấy. Mình có gọi ốc hấp tiêu, món này lần này thấy quán làm khá ngon. Món giò heo chiên giòn hơi bị cứng và khô. Cải mầm trộn hơi đắng.Xem thêm",22
302,Nguyễn  Thị Phương Dung,4/8/2018 11:22,8.2,"Lúc dẫn khách hay ăn tiệc lớn thì quán này ổn nhất được cả về món ăn ngon, đa dạng mà còn giá cả phải chăng. Không gian cũng thoải mái đi đông được. Bữa ăn bàn cỡ 20 người lại là nhân viên sắp bàn nhanh lẹ chén đũa đầy đủ mà kêu món, gọi món cũng nhanh làm đem ra nóng hổi. Nói chung chịu tác phong phục vụ của quán này. Với lại ghiền món cơm cháy khô quẹt với tàu hủ sữa chiên giòn ở đây. Cộng thêm món lạ là khoai tay chiên nước mắm vì quán ko có món khoai môn mà có khoai tây à. Mùi vị món cơm chiên dương châu vừa miệng, vừa ăn, ngon, nhiều nguyên liệu và nhất là ăn no nhéXem thêm",22
303,tiên,10/6/2018 12:56,8.0,"Hồi đó lâu rồi có ghé, lúc đó còn sinh viên trong lần đi làm tình nguyện viên được dẫn vô đây ăn. Sau đó mấy năm thì nghe mọi người kể phục vụ ở đây trơ trơ mà thấy ghét lắm. Gần đây nhất mới ghé vì con bạn đòi ăn ở đây thì mình thấy quán khá là ok. Quán lên thức ăn nhanh, phục vụ cũng nhanh, cần gì là đi lấy liền. Về món ăn mình thấy làm ngon á, món cá lóc quay me mới đem ra mình nói là không hấp dẫn nhưng ăn thì ngon lắm á, cá có vị ngọt béo béo bên ngoài có nước sốt me, cuốn bánh trán rau sống chấm mắm nêm, nếu không ăn mắm nêm thì xin mắm me nhe. Chỉ có món bông bí thì mình thấy không ngon bằng những chỗ khác vì phần bột hơi bị nhiều nhìn nó phồng to và đẹp nhưng không ngon cho lắm. Không gian quán rộng rãi, cây xanh đúng chất sân vườnXem thêm",22
304,Tienn_osh,7/6/2018 8:18,5.4,Nhân ngày trẻ em cả gia đình đi ăn mừng :)) lâu ngày ko ghé quán ko ngon như xưa. Cơm rang cá mặn hơi lạt ko vừa miệng lắm. Giò heo chiên thì da vs xương only dai vật vã. Thạch sùng chắc lưỡi aka cơm cháy kho quẹt ko vừa miệng lắm. À quên cơm rang thì nhiều quá nhiều so vs giá 80k ăn no nê luôn mà để cái dĩa hơi nhỏ. Tổng thiệt hại chưa đc 500k cho cả gia đình no nê 😂😂😂 phục vụ ko tốt lắm kêu món mà quên mãi ít người nữa toàn tụ tập nói chuyệnXem thêm,22
305,Hoàng Huy,17/5/2018 9:40,8.0,"Cứ cuối tuần là lại được đi ăn với gia đình, nhà mình khá là thích đồ ăn của quán này vì vừa rẽ lại vừa ngon nữa ấy chứ, đi gia đình khoảng 6 người gọi 3 4 món thôi là ai ăn xong no căng cái bụng hết luôn ấy nhe, gọi món cơm chiên này nọ và phần rau muống ốc, móng tay để ăn ta nói vị ăn ngo vừa miệng lắm luôn nhe, không gian quán thoáng mát cực kỳ luôn, nhân viên lên món cũng mau lẹ lắm nhe, mà cuối tuần thì hơi bị đông kháchXem thêm",22
306,Nguyên-Quỳnh Nguyễn,26/4/2018 15:42,8.6,"Quán nằm gần khu vực Chợ Đêm Cần Thơ, nói tên ai cũng biết, nên khá dễ tìm. Các món ăn tại quán món nào cũng ngon, nêm nếm vừa miệng. Phần ăn nhiều, một phần có thể cho 3-4 người ăn, nên tính ra giá cả không mắc. Không gian quán rộng rãi, thoáng mát, phục vụ nhiệt tình và lễ phép. Menu có nhiều món lạ mà bạn đừng ngại thử. Lần sau, ghé Cần Thơ mình chắc chắn sẽ ghé lạiXem thêm",22
307,Hoàng Huy,16/4/2018 14:27,8.0,"Con bạn từ sài gòn xuống chơi là lại dẫn nó vào quán này để ăn, nó khen nứt nở món cánh gà chiên nước mắm của quán này luôn nên cứ có dịp thì cứ chạy qua đây để ăn à, gọi thêm phần cơm rang và cá trứng để dùng cực kỳ ổn nhe, nếu ăn mà không muốn đồ khô quá thì nên kêu thêm cái lẩu để dùng cho dễ hơn nhe, không gian quán khá là thoáng mát và rộng rãi, dạo này thấy nhiều không gian để ngồi hơn nhiều lắm nhe, đồ ăn ngon nêm nếm vừa miệngXem thêm",22
308,Shawn Nguyen,7/11/2022 21:10,1.0,Tôi mua 1 pizza lúc 9 h tối ( nhà có 3 trẻ đang rất đói) . Tôi biết tiệm đóng cửa lúc 10h tối( tiệm vẫn còn hai bàn khách đang ăn lúc tôi mua pizza) . Nhân viên bảo tôi chỉ bán pizza mang về ( không cho gia đình tôi ngồi) . Với 3 đứa bé vs 1 pizza không có chỗ ngồi nhưng nhân viên vẫn không nói gì. May mắn là tiệm nước kế bên cho gd tôi ngồi. Chưa nếm thử món ăn nhưng thấy đây là cách phục vụ thiếu chuyên nghiệp.Xem thêm,23
309,Hoàng Phụng Nhi Nguyễn,1/4/2021 18:14,8.0,"[ Săn pizza zá 1₫ trên now ] 

Áp dụng thứ 5

PIZZA COMPANY - Siêu thị Senscity

Mua hoá đơn từ 90k
Được mua 1 pizza phô mai tan chảy zá 1₫ (freeship 3km) 

Nhi mua pizza hải sản (nhỏ) 129k 

Cả 2 bánh mặc định làm đế dày , giòn như chiên chứ ko phải nướng , bánh ăn cũng ngon nhắm mà hơi bé nên ăn ko đủ nư của 2 vợ chồng em 😭😭😭Xem thêm",23
310,Uyennn,30/7/2020 16:16,3.0,Đây là bánh mình nhận được hôm nay. Thật không còn gì để nói luôn.Xem thêm,23
311,Như Đào,30/3/2020 23:53,4.2,"Mình ăn ở đây cũng nhiều lần, vì mình thích bánh ở đây, nhưng sự phục vụ của một vài bạn nhân viên thì không ổn lắm, mình đến mua bánh và ăn ở đây thì có 3 thứ là không hài lòng nhất: - thứ nhất: mình đến order mang về 2 cái pizza size M từ 18h và phải đợi tới 19h15’ mới có bánh, trong khi những người vào sau nhưng ăn tại chổ lại có trước, thực sự lúc đó cũng cáu lắm rồi định bỏ về nhưng có bạn nhân viên cười thân thiện nói mình đợi thêm 1 chút rốt cuộc tới 19h15’ mới xong. - thứ 2: Mình cũng đến mua mang về 2 pizza size L (1 hải sản, 1 phô mai) lần này thì không phải đợi lâu nhưng nhân viên lại đưa nhầm pizza hải sản thành pizza thịt, lúc phát hiện ra thì đã về đến nhà rồi, lúc đó tức điên người nhưng chẳng làm được gì. - thứ 3: mình đến ăn tại chổ, order 2 pizza size M, nhưng người đến sau lại có pizza trước.
Nhưng thứ không hài lòng nhất của mình chắc gói gọn vào 3 thứ: Nhân viên thiếu chuyên nghiệp, thời gian chờ bánh quá lâu (tới sau lại có trước), 1 số lần giao nhầm bánh cho khách (giờ nhận bánh mình phải tự vạch ra kiểm tra xem đúng không cho chắc).Xem thêm",23
312,foodee_7626a2ee,15/2/2020 22:44,4.4,"Theo cảm nhận của mình sau khi ăn. Mình cảm thấy mặc dù giá cả có hơi đắt đỏ mà đồ ăn thì cũng được. Nhưng cái mà mình không hài lòng nhất chính là cách phục vụ của 😳""các bạn nhân viên""😳thái độ rất là ""chậm trể""😢, thức ăn đem ra rất trể đến nỗi mình phải ngồi trò chuyện rồi chuyển qua bấm điện thoại để giết thời gian luôn😪😪.. đến khi về vẫn phải chờ thói tiền trong khi mấy bạn nhân viên bận ""tám chuyện"" 🤫🤫với nhau. Mình cảm thấy đồ ăn hợp khẩu vị, khi ăn tại đấy nhưng chính "" thái độ phục vụ "" không chuyên nghiệp của nhân viên khiến mình phải suy nghĩ lại khi dự định ăn tại đây. Mình nghĩ cửa hàng mất đi 1 khách hàng tiềm năng. Mong bạn nhân viên chuyên cần hơn nhé☺️☺️Xem thêm",23
313,Nguyncngvinh9736,23/1/2020 18:59,2.0,"Thấy voucher trên momo hào hứng đi ăn thử nghiệm chất lượng, cảm thấy thất vọng tràn trề. Chỗ ngồi vị trí ổn, thức ăn cũng bth (có thể nói là thua xa pizza hut về pizza và kfc về gà). Giá khá là chát so với chất lượng phục vụ và món ăn quá ít. Đắng nhất là trước khi vào quán có nhận được sự tư vấn của nhân viên trước là vẫn áp dụng đc voucher của momo trên phần combo. Nhưng lúc ra tính tiền thì bảo là không áp dụng chung với ctrinh khuyến mãi khác của quán (tức là phần combo đã giảm 867->699k nên k dùng đc voucher của momo) Lúc mình ra nói thì nhân viên vs quản lý đùng đẩy trách nhiệm với nhau, không có một lời xin lỗi khách và đền bù gì (rất thiếu chuyên nghiệp so với giá tiền mà nhận sự phục vụ của chuỗi nhà hàng lớn như vậy) Nói chung đồ ăn mắc, vị bình thường, phục vụ rất kém, sẽ không quay lại lần nào nữa.Xem thêm",23
314,Uyennn,7/8/2019 21:43,7.0,"Đang chạy chương trình combo bánh pesto hải sản mới, mình đã dùng thử 1 lần và thấy không hợp khẩu vị lắm vì hơi ngọt. Hôm nay mình đến ăn trưa với đồng nghiệp, được bạn nhân viên tư vấn combo này khá nhiệt tình. Mình lịch sự từ chối vì muốn đổi món, nhưng bạn vẫn rất cố lái về món này, dù mình đã order món khác. Tự dưng áp đặt và đôi co với khách như vậy làm mình thấy cũng hơi phiền lòng. Cuối cùng ra bánh thì lại sai order 😂 mình hỏi thì chỉ nói tỉnh queo ‘chị thông cảm’, cũng ko thấy có chút nào lấy làm tiếc hay xin lỗi khách. Nói tóm lại mình thấy nhân viên không được có duyên cho lắm 😂😂
Không gian quán sáng sủa, thoải mái, menu đa dạng. Nhưng chắc lần sau mình sẽ đi pizza hut cho lành.Xem thêm",23
315,Hoàng Diệu,10/6/2019 15:28,5.2,"Cách đây hai tuần, mình ăn tại chỗ phần combo 499k, nhân viên hỏi là có mã giảm giá hay không. Mình bảo không có, khi về nhà mới biết là combo đó chỉ còn 459k. Bình thường nếu ăn ở nơi khác sẽ được nhân viên giới thiệu các khuyến mãi từ đầu và kêu lên web check, chứ không phải kiểu khách không biết là tính full giá thế này.

Được cái ăn hợp khẩu vị nên thôi cho qua. Hi vọng lần sau không bị thế này.Xem thêm",23
316,Moon Sunny,26/5/2019 12:53,5.0,"Thực sự giao hang qua lâu tu 11h30 đến 1h mới co bánh , lan dau ăn đã the này thi khách hàng cảm thấy voi cùng bực bộiXem thêm",23
317,Ngọc Tú,9/5/2019 14:55,8.0,"Tiền nào của đó là đúng , giá cả ổn với chất lượng cao . Bánh nướng rất khéo lẫn phô mai cũng ngon không thua kém gì pizza ngoạiXem thêm",23
318,phan nhan,"03/05/2025 07:44:38,",1.0,"Chả cá thiu, tôm đông lạnh, bở, dở nha mọi người...Xem thêm",24
319,Benjamin T. HUYNH,"01/12/2020 18:47:36,",5.0,"1 phần cũng đầy đủ, không quá nhìu hay ít. Bạn nào không ăn cay được thi order ít cay. 🤩🥳😅...Xem thêm",24
320,Le Duc,"14/09/2020 14:14:42,",1.0,Thái độ NV rất vô duyên.. Nói chuyện như ra lệnh cho khách.. Đặc biệt là nhỏ thu ngân thường xuyên ở đó  nói chuyện rất mất văn hóa.  Quan thuê nó làm nên đóng cửa cho r.......Xem thêm,24
321,Trâm Ngọc,"29/10/2019 17:10:40,",6.0,"Mình ăn ở đây với bạn cũng nhiều lần, bún rất ngon và phục vụ ổn.
Nhưng lần gần đây nhất thì thái độ nhân viên làm mình cảm thấy khó chịu cực kì. Mình ghé quán một mình, lúc vừa bước vào thì một chị ngồi ở bàn thu ngân nhầm mình với nhân viên mới và hỏi tên, ok chuyện sẽ không có gì đáng nói nếu lúc mình bảo mình chỉ đến ăn thôi thì chị này không hề xin lỗi mà la lớn lên ""WHAT THE ***"" trước mặt mình và mấy bạn khách xung quanh. Không thể hiểu được loài người :)...Xem thêm",24
322,Huy Bí,"28/10/2019 12:10:14,",6.8,"- Quán nằm trên đường Ngô Sĩ Liên bên hông của siêu thị Mega Market, chạy tới gần cuối đường sẽ tới được quán. Lúc mình mới ăn lần đầu quán chỉ có 1 bên thôi bây giờ có thêm mặt bằng vừa có chỗ đậu xe vừa để bàn ghế cho khách ăn luôn.
- Quán bên chỗ để xe khá rộng rãi, thoáng mát vì là ngoài trời, còn bên kia ở trong nhà ăn rất nóng dù là ăn buổi tối. Bàn là đá ở trong nhà còn ở ngoài sân là bàn inox khá chắc chắn còn ghế là ghế mủ bình thường.
- Ở đây có 2 loại nước súp là nước súp thái và súp ngọt, ăn kèm là hải sản và có nhiều lựa chon như là mì gói, bún, phở, hủ tiếu. So với giá cả thì ở đây bán đồ ăn nhiều không quá mắc nhưng ăn không no, bún có 1 nhúm chút xíu gấp 1-2  đũa là hết trơn rồi. Chất lượng món ăn thì tùy nguyên liệu: hải sản thì tươi ngon còn đậu hủ chiên thì chất lượng quá dở vì đậu hủ bị hư và ăn vô bở bở như bị để lâu ngày vậy mình ăn 1 lần những lần sau mình không ăn đậu hủ nữa. Món thái có vị chua cay ăn không bị ngán lâu lâu có thể lại ăn 1 lần nhưng vì chất lượng nguyên liệu quá kém nên quán không phải là lựa chọn ăn uống thường xuyên của mình....Xem thêm",24
323,Thy Lý,"06/10/2019 16:03:23,",6.6,😍...Xem thêm,24
324,Mèo .,"01/10/2019 15:59:21,",9.4,"2 phần ăn là 70.000. Mình gọi 2 phần ít cay nhưng vẫn cay hơn những lần trước mình ăn.
-Những điểm thích: nước dùng ngon, phục vụ nhanh, có trà đá free
-Không thích: hải sản chưa được tươi...Xem thêm",24
325,Diễm Khanh,"24/02/2019 10:33:20,",6.2,"Bún ăn cũng ngon, phục vụ cũng khá nhanh. Điểm trừ ở đây là nhân viên có vẻ hơi lạnh lùng, khách gọi món mà mặt không thấy cười, tạo cảm giác không thân thiện. Bàn mình kêu tính tiền trước mà bạn thu ngân lại tính tiền cho bàn kia trước trong khi bàn kia kêu sau mình, xong bỏ vô trong làm nước luôn, mình phải gọi lần nữa mới ra tính tiền....Xem thêm",24
326,Linh Tr,"20/02/2019 12:10:17,",1.0,"Mình ghé ăn hôm sau tết, và 1 phần 50k. 😑...Xem thêm",24
327,Phúc Hoàng,"18/12/2018 22:57:14,",5.8,"Lúc quán mới mở ra mình toàn ăn ở đây, thời gian ban đầu rất ngon, đồ ăn nhiều, vị nước dùng lạ miệng, nhưng càng về sau thì thấy chất lượng ngày càng đi xuống, hải sản đôi khi không được tươi, quán đông nên đôi khi phục vụ chậm, giá cả ok....Xem thêm",24
328,{{Model.Owner.DisplayName}},{{Model.CreatedDate|dateTimeJson}},"{{Model.AvgRating >= 10 ? ""10"" : (Model.AvgRating|number:1)}}",Xem thêm,24
329,{{Model.Owner.DisplayName}},{{Model.CreatedDate|dateTimeJson}},"{{Model.AvgRating >= 10 ? ""10"" : (Model.AvgRating|number:1)}}",Xem thêm,24
330,,,0,,24
331,Trâm Trần,"17/04/2019 12:05:33,",1.8,Lầu đầu mua về ăn còn được. Lần này mua về nhân viên phục vụ quá sức tệ. Mình nói đem về bỏ hộp lại nói không có trong khi lần trước mua về lại có. Mình mua một phần không rau giá lại bán một phần bình thường rau giá đầy đủ. Nhân viên phục vụ đã dặn kĩ lưỡng vẫn vậy thiếu trách nhiệm....Xem thêm,24
332,Hoàng Nhi,"07/04/2019 22:28:14,",5.0,"Nay chạy ngang chợt nhớ lại cái hôm cũng tiện đường nên ghé vô ăn ở đây và ăn một lần xong sẽ không bao giờ ghé lại lần thứ 2. Vì sao ư? Vì thái độ phục vụ của nhân viên quá ư là tệ. So với CN1 thì CN2 quá tệ. 
Thứ nhất, so với CN1 thì bún Thái vẫn ngon nhưng nước lại không được nóng lắm. 
Thứ 2, khi khách hỏi xin chén nước mắm để ăn thì bảo là có nước mắm mà đến khi khách ăn hết tô bún luôn rồi vẫn không mang ra. 
Thứ 3, khi khách kêu tính tiền thì đi ra nhìn một cái rồi quay qua ghi order cho bàn bên cạnh mới vừa vô trong khi lúc đó cái quán rõ là vắng mà mấy nhân viên khác toàn ở bên trong không biết làm gì. (Lỡ mà có khách ngồi gần cửa ăn xong không trả tiền đứng lên đi về chắc còn chưa hay nhỉ! 😏)...Xem thêm",24
333,Thuỳ Như,"04/04/2019 13:33:20,",10,"Mua mang về phần như hình 35k. Nhân xét của mình là nước bún rất ngon, vừa ăn với khầu vị của mình....Xem thêm",24
334,Ngân Kim,"05/03/2019 20:47:56,",2.6,"Chất lượng cực kì tệ. Sử dụng hải sản lâu ngày và chả cá oi thiu để nấu cho khách. Ăn vào chỉ nghe mùi thối. Bỏ 50k ra chỉ để ăn rau với nước dùng, xong thì đau bụng và ói mửa liên tục do ăn đồ ôi thiu. Thực sự thất vọng vô cùng. Bán hàng thì nên có tâm một chút đi. Ngươif ta bỏ tiền ra ăn chứ không phải ăn xin ăn chực gì, một tô cũng phải 35k mà chất lượng như tát vào mặt khách. Không phải mình ăn không phải sức khoẻ của mình nên không quan tâm phải không?...Xem thêm",24
335,Tường Vi,"23/11/2018 17:13:49,",8.0,"Ăn ở đây được vài lần rồi. Đầu tiên bước vô là thấy quán rộng rãi, thoáng mát và sách sẽ. Anh, chị phục vụ rât ư là nhiệt tình, chu đáo. Về món ăn, nước súp đậm đà, nhưng theo mình hơi ít bún một tí. Nước chấm cũng là lạ. Có nhiều nguyên liệu như tôm, thịt bằm, tôm tích, trứng, đậu hũ, mực,... ăn rất thích. Uống thêm ly nước sâm mát lạnh là no căng bụng nha. Sẽ còn ủng hô quán dài dài ạ ♥️...Xem thêm",24
336,Mỹ Linh Nguyễn,"10/11/2018 13:33:51,",8.4,"Mì Thái 

Ăn nửa tháng rồi giờ mới review 

Đồ ăn đầy ú ụ
Ai ăn mì cay chán rồi thì đổi qua mì Thái thử đi 😂
Cũng cay nhưng cay theo một cách khác 

Quán BÚN THÁI 68 này thì nổi tiếng ai cũng biết rồi, nhưng mua qua Now nên cũng không biết nhân viên với không gian quán như thế nào để nói ;;v;;

Có mực ống, bề bề, tôm, chả cá, tàu hủ và một bọc rau chà bá nữa

Nói chung là ai mê ăn cay nên thử nhe mọi người ))...Xem thêm",24
337,Trần Anh,"06/11/2018 09:24:11,",7.8,"Mình nghĩ nếu ăn món này thì nên ghé tại quán ăn nóng và tại chỗ sẽ ngon hơn là mua về, hoặc mua về thì nên về nhà trụng lại hãy ăn, mà thường mình ở ngoài thì ghé ăn luôn chứ không thích mua mang đi quán cà phê. Ở đây do có không gian rộng rãi nè, mà do mới mở nữa thành ra quán cũng không quá đông chật hẹp như bên chi nhánh kia, ngồi lại ăn xong thoải mái hơn.
Quán này cũng đỡ nóng nữa dù chỉ xài quạt chứ không có quạt hơi nước, hay máy lạnh. Mình ăn bún thái hoài nên lần này có ăn thử 1 phở thái và 1 mì thái, lần đầu tiên ăn món này mình thấy cay dữ lắm luôn, sau này ăn quen rồi thấy cũng bình thường hà.
Mà mình thích nước soup ở đây, không quá loãng lại được cái đậm đà, đồ ăn thì tôm, mực hay tôm tít đều tươi, nhất là có thêm miếng chả cá làm tô phở cũng hấp dẫn hơn!
Quán có luôn trên now và có bán luôn cả ngày hay sao đó ^^...Xem thêm",24
338,Phuong Le,"28/10/2018 10:03:22,",3.6,"Hôm nay lần đầu tiên mua mì ở đây nhưng có trải nghiệm không tốt lắm.
Mình lên foody tìm quán ăn sáng thì tìm được quán Bún Thái này review khá tốt nên đặt thử mì đến quán cafe đang ngồi để ăn. Ai dè khi mì đến thì mì không được trụng trước, trong khi nước đã khá nguội rồi nên cảm giác giống như đang ăn mì gói chấm nước súp. Ngoài ra muỗng đũa cũng không cho khách hàng, cũng may là do em mình có kếu tô bún riêu ở quán kế bên nên dùng nhờ được để ăn, không thì không biết ăn làm sao luôn.
Mình bình luận trên đây hi vọng sắp tới quán sẽ chu đáo hơn trong việc phục vụ cho khách hàng đặt mang đi.
Thanks quán....Xem thêm",24
339,Trần Anh,"19/08/2018 00:20:03,",8.0,"Bún Thái 68 khá nổi tiếng rồi thành ra cũng không xa lạ gì mấy đối với mình, chỉ có điều mình đi ăn bên chi nhánh này là lần đầu tiên. Mà hình như địa chỉ để trên microside của foody bị sai thì phải, sao mình thấy quán nằm ở đường Nguyễn Văn Cừ nối dài, gần với hẻm liên tổ 2-3 mà mình cũng không biết sao lại để địa chỉ là 398H NVC nữa.
Quán có vẻ rộng rãi, thoải mái hơn bên không gian ở KDC Metro nhiều lắm, với lại bên đây quán có hẳn 1 bãi giữ xe khá rộng, bàn ngồi cũng là bàn cao nên dễ ăn hơn bên kia. Hình như lâu lắm rồi mình mới ghé ăn lại món này thấy giá có lên tí xíu thì phải. Phở thái, bún thái, hay hủ tiếu đều đồng giá là 35k 1 tô. Mình gọi 2 tô bún thái, cay vừa, mà theo cảm nhận của mình là nước soup nóng, vị cay vừa ăn mà vị cay thanh không quá nồng mùi ớt hay bột ớt. Nước soup ngon ngọt, tuy giá có thay đổi nhưng đồ ăn khá nhiều, với lại tô bún có thêm miếng chả cá chiên khá ngon.
Nhân viên lịch sự, mà quán có vẻ hơi vắng ^^...Xem thêm",24
340,Nhã uyên văn hoàng,"09/08/2018 16:26:49,",8.2,Quán mới mở chi nhánh gần đây nên mình ghé ăn thử. Mùi vị vẫn không đổi so với chi nhánh cũ mùi vị vẫn đậm đà nước dùng thơm mùi khóm chua chua cay cay. Được cái bên chi nhánh này bàn ghế khan trang sạch sẽ và ít đông hơn so với chi nhánh cũ chỗ để xe cũng rộng rãi . Giá cả vẫn không đổi mình gọi bún thái chỉ để tôm tít mà không ngờ quán để tôm tít quá trời tầm hơn 10 con. Nhân viên phục vụ vẫn nhiệt tình và nhanh nhẹn order xíu là có món ăn không cần phải đợi lâu....Xem thêm,24
341,{{Model.Owner.DisplayName}},{{Model.CreatedDate|dateTimeJson}},"{{Model.AvgRating >= 10 ? ""10"" : (Model.AvgRating|number:1)}}",Xem thêm,24
342,{{Model.Owner.DisplayName}},{{Model.CreatedDate|dateTimeJson}},"{{Model.AvgRating >= 10 ? ""10"" : (Model.AvgRating|number:1)}}",Xem thêm,24
343,,,0,,24
344,Ánh Ngọc,2/7/2024 10:36,9.0,"Nhìn thôi đã phát mê rồi, các bạn nên thử một lần, không trải nghiệm thì thôi chứ trải nghiệm một lần là dính luôn ấyXem thêm",24
345,Phạm Trần Phương Trâm,8/12/2018 8:48,8.8,"Đây là lần đầu tiên mình order món chè khúc bạch ở Aurora. Quán này có vị trí khá là xa trung tâm, nhưng được cái rất yên tĩnh và rộng rãi. Như hình là phần chè khúc bạch. Hơn nửa ly 500ml nhưng được cái là đổ ra thì cũng cả tô ấy. Do quán để chung với thanh long ruột đỏ nữa nên khúc bạch cũng hơi đỏ đỏ luôn. Có cái trái vải nên có vị chua chua, khá là lạ miệng. Món này nhìn chung cũng khá là ổn với giá 22k. Menu cũng đa dạng nhiều món, từ đồ ăn đến thức uống :3Xem thêm",25
346,Trang Ngọc,19/11/2018 22:01,8.4,"Quán này nằm trên đường 30 tháng 4, gần cao đẳng Cần Thơ, nên lúc trưa và chiều tối cũng khá là đông nhe, chủ yếu là sinh viên vào đây học bài, tám chuyện hoặc chơi boardgame với nhau thôi. Như hình là mình mua ly chocolate mint đá xay. Ly chocolate đá xay lúc mang về uống hơi ngọt thì từ từ thì vị ok hơn :3 chắc do đoạn đường chạy về bị tan đá :3 lớp kem tươi bên trên béo lắm nhe :3 bánh chocopie thì được nửa miếng thôi à :3 chocolate đá xay là xay luôn cả chocolate luôn ấy, mình ăn thấy có lộm cộm chocolate xay nữa :3 ly giá cũng khá là cao 3xXem thêm",25
347,Phạm Trần Phương Trâm,19/11/2018 12:09,8.8,"Ngoài trừ các loại thức uống pha chế ra thì đồ ăn và ăn vặt ở Aurora cũng ngon không kém đâu nha mọi người. Aurora thì có vị trí khá là xa trung tâm nên thôi cứ giao hàng Now làm tới thôi :3 ở nhà mà còn được ăn ngon nữa thì còn gì bằng. Như hình là phần gỏi cuốn mình order qua Now. Cuốn nào cuốn nấy to ụ, đặc biệt là quán cuốn với thịt khìa thì phải, thịt thơm mà miếng to nữa. Tôm con cũng to luôn, nói chung rất đáng để thử. Tương nêm nếm cũng vừa ăn, không bị quá nhạt hay quá lỏng :3Xem thêm",25
348,Hiimdh,24/7/2018 23:52,7.6,"Uống ở quán vì nhà dì mình ngay sát đó. Có bán cả đồ ăn và uống nhe các bạn, giá thì rất bình dân .Nhân viên quán nhiệt tình, đồ uống thì trung bình nói chung nhưng mà đá xay ngon lắm, khuyên chân thành các bạn đừng ăn bingsu vì đơn giản nó chỉ là trái cây dĩa chấm sữa chua và là điểm trừ duy nhất của quán. Tên quán là Ban Mai nhưng mà các bạn nên đi lúc tối vì đèn quán trang trí rất đẹp, còn sáng thì dòm hơi ớn lạnh hj. Và nếu bạn thích cùng bạn bè đú mấy bài edm kpop usuk thì quán rất phù hợp, còn nếu bạn muốn ôn bài thì có lẽ không nên đến trừ khi bạn muốn vừa học vừa nghe bass đập tưng não.Xem thêm",25
349,Thi Duong,20/7/2018 1:33,7.6,"Quán này siêu gần nhà mình luôn, cạnh bên cao đẳng Cần Thơ nên rất đông sinh viên uống nước. Tuy vậy nhưng giá nước không hề hạt dẻ nha ^^ khá cao á
Mình thì lười uống nhưng siêng ăn nên cứ đặt gỏi cuốn thôi :v Mua một lượt 12 cuốn luôn ăn cho đã thèm. Mà lại rẻ nữa 3k một cuốn to như hình, có đầy đủ rau, tép, thịt.. 
Nước tương đen của quán làm ngon lắm luôn có cà rốt & cải trắng bào sợi và đậu phộng nữa. Chấm gỏi cuốn vào ăn là cực ngon luôn. Nhưng mà cái thịt làm như nào mà hơi bị cứng á. Chỉ có vậy thôi. Còn lại đều ổn. 
Trình bày đơn giản, hình thức sạch sẽ.Xem thêm",25
350,Linh Dương,8/7/2018 15:45,7.2,"Đồ uống ngon, nhất là trân châu, view nhìn ra ngoài của rất đẹpXem thêm",25
351,Thảo  Tròn,8/6/2018 10:58,7.0,"Quán phù hợp với việc học nhóm và tán gẫu cùng bạn bè, nếu bạn nào cần không gian yên tĩnh thì đây ko phải là một sự lựa chọn tốt đâu. Quán mở nhạc khá lớn. Điểm cộng cho quán là pha chế rất ổn, mùi vị khá ngon. Đồ ăn cũng ổn, mình được bạn phục vụ giới thiệu ăn món gỏi cuốn, nhận xét riêng về món này thì khoảng 7/10 điểm.
Điểm trừ lớn nhất của quán là nhân viên phục vụ khá kém. Các bạn ko nắm rõ menu quán, mình gọi trà sữa combo nhưng dặn k lấy các hạt thuỷ tinh, nhưng cuối cùng ra được 1 ly Toàn là thuỷ tinh -_- 
Nhân viên ngồi 1 góc bấm điện thoại, khách lên cũng không biết, bạn mình ngồi cả buổi chẳng thấy ai đến hỏi uống gì. Khi có vài khách nước ngoài đến, có em bé các bạn nhân viên ùa nhau chụp hình selfie với bé đó rất ồn ào và lộn xộn. Khách hàng thì k để ý đến cứ mãi chăm chú vào việc chụp hình cho nhau. 
Hy vọng quán sẽ khắc phục những điểm trên, và đôi khi cũng nên điều chỉnh playlist cũng như volume nhạc cho phù hợp.Xem thêm",25
352,tiên,21/5/2018 18:41,7.8,"Quán này mình có ghé một lần, một mình tự kỷ. Quán gần trường Cao Đẳng Cần Thơ. Hôm đó mình đậu xe trước cửa, ngó ngó mà không thấy bảo vệ đâu mà xe thì đậu kín hết rồi, j cái chút xíu có anh nào đó bên tiệm photo kế bên kêu mình chạy xe vô tiệm photo á. Nhưng mà mình cao quá mình sợ hk dám chạy lên nên anh đó chạy lên giúp.
Ấn tượng với quán này là nhân viên dễ thương và nhiệt tình lắm. Thêm nữa là trang trí đẹp. Mình không thử mấy thức uống khác nhưng cà phê ngon và giá cũng okXem thêm",25
353,Khá trần,20/5/2018 21:23,10,"Không gian quán đẹp, đồ uốn ngon. Rất thích hợp để học bài vi rất yên tỉnhXem thêm",25
354,TM Nguyễn,20/5/2018 18:11,8.2,"Aurora ở số 419 đường 30 tháng 4, sát tiệm photo trường CĐCT, Au lớn mặt tiền nên dễ tìm lắm^^!

Au có bạn giữ xe rất nhiệt tình, vui tính, khách chạy thẳng vào nhà xe bên trong quán luôn.

Au có không gian trên lầu, rộng rãi, thoáng mát. Nhân viên Au dễ thương, lễ phép, phục vụ khá nhanh (khi đông khách sẽ hơi chậm xíu)

Do Au có không gian mở, đa phần là các bạn sinh viên đến để học tập, trao đổi bài vở nên sẽ khá là ồn khi đông.

Ấn tượng ở Au là ở phong cách trang trí bằng kính, toác lên vẻ sang trọng, mát mắt. Ở mé trước có bàn ghế dạng cao cho khách ngồi nhìn được ra đường. 

Như hình là lục trà đàm nhật nguyệt 27k, trà khuấy đều lên khi uống nhé! vị trà ngon, có dâu, hạt chia bên dưới. Menu Au nhiều món, có ăn vặt, có các món điểm tâm với giá tầm trung. Ở Au wifi, máy lạnh rất đã ^^ mấy ngày nắng nóng chui dô quán là mát rượi luôn^^!!Xem thêm",25
355,kulier,13/10/2020 9:53,3.4,"Đặt cacao + bánh mì, quán nói hết bánh mì, đổi lại nước mía mỹ tho, quán ok đổi. 1 hồi điện thoại la um xùm nói đổi tùm lum không hiểu gì hết, tới giao giao 2 ly cacao không có bánh mì, không hỏi lại người mua có đồng ý hay không?Xem thêm",26
356,Trang Nguyen,20/2/2020 4:51,8.2,"Ra đây ăn vặt đúng là số zách rồi 🥳

Mình vô tình mò được chỗ này để thử món nước mía Mỹ Tho có mít và lạc rang bùi bùi. Có 12k/ cốc mà to bự chảng luôn. Món bánh tráng cuốn thị ban đầu thấy sao rẻ thế vì tưởng cuốn thịt dài hoá ra là bánh tráng ướt cuốn thịt băm mộc nhĩ xào rắc hành phi, ăn đậm đà phết. Bánh tép chiên khoai thì giòn thơm, khoai lang bào sợi kết hợp với tép hao hao cách làm bánh tôm Hà Nội á, nhưng chấm cùng tương ớt

Quán nằm trên con phố toàn hàng quần áo, cafe của giới trẻ, sân ngồi rộng rãi mát mẻ mà các bạn phục vụ cũng nhanh nhẹn nhiệt tìnhXem thêm",26
357,Trinh Châu,8/11/2019 18:01,7.0,"Đặt hàng trên Shopee App lúc 15h27, giao hàng lúc 15h52
Bánh khọt tôm 15k: 7 cái, 1/2 con tôm cho mỗi cái, rau xà lách, diếp cá, rau thơm, nước mắmXem thêm",26
358,Trinh Châu,19/9/2019 18:00,7.4,"Đặt hàng trên Now.vn lúc 15h20, giao hàng lúc 16h38
Tép chiên khoai môn 15k: 3 miếng, rau (diếp cá, rau thơm, xà lách), 2 bịch nước chấm
Ốc hấp tiêu15k: 10 con ốc, rau răm, sả, muối tiêu, hạnhXem thêm",26
359,Anh Lan,10/7/2019 22:31,10,"Thực sự chưa bao giờ ăn nhiều món mà món nào cũng ngon như vậy, phong cách làm việc nhanh, đồ ăn thì nóng hổi thơm phức, nước uống tr đất ơi ta nói ngon khinh khủng đặc biệt là chân trâu củ năng, vừa mềm vừa béo vừa thơm, đối với mình đây là nơi làm chân trâu củ năng ngon nhất mà mình từng ăn! Rất đáng để thử, giá sinh viên, món đa dạng, ngon bổ rẻ!
Sẽ ghé quán thường xuyên ~Xem thêm",26
360,Ph.Hang,6/4/2019 16:51,10,Đây là quán sau giờ học mình hay ghé tới nhất. Đồ ăn ngon giá cả lại rẻ phù hợp với học sinh sinh viên tụi mình. Món ăn nổi bật nhất của quán đó là món Bánh trứng thập cẩm với Thập cẩm chiên ăn cực kỳ đã miệng luôn hehe. Còn nước mía thì một ly to bự cực thơm chỉ 12k 1 ly rất rẻ. Sẽ ghé quán dài dài hehe :>Xem thêm,26
361,Hoang Phuong Do,9/12/2018 21:31,8.2,"Quán quen thân thuộc của mình đây. Mỗi lần rảnh rỗi là chạy ra đây ăn hà, ngon xuất sắc luôn í.
Cũng may mắn là sau một khoảng thời gian ăn dầm nằm dề thì cuối cùng cũng càn phá nát hết cái menu rồi.
Ốc hấp tiêu thì đợi hơi lâu xíu, ốc nóng hổi luôn nha. Mà phải đậm đà xíu là siêu ngon luôn. Cơ mà hông biết tại sao ăn ốc chấm muối tiêu nữa. 
Trứng cút chiên bột nóng hổi, giòn rụm luôn. Chấm thêm miếng xốt xí mụi là bao ngon nè 
Nhân viên phục vụ nhanh dễ thươngXem thêm",26
362,Hoàng Huy,8/12/2018 18:47,8.0,"Hôm nay có đặt món của quán này để ăn vặt, menu của quán cực kỳ phong phú luôn nhe, ngồi bấm lựa ra 1 đống hồi nào không hay luôn ấy, giá cả thì cũng vừa phải lắm nhe, mình đặt qua NOW nhân viên giao hàng cũng mau lẹ lắm, giá cả mấy món ăn vặt cũng vừa phải à, ăn nhóm nên chia ra tiền ship cũng ngợi hơn lắm luôn ấy chứ, đồ ăn đem tới chổ vẫn còn nóng hỏi luôn nhe, nên ăn mà thích lắm, món thịt lụi ăn ngon và lạ miệng lắm nheXem thêm",26
363,Phạm Trần Phương Trâm,8/12/2018 14:16,8.8,Thấy quán có món mình chưa thử nên cũng gọi thử ăn xem như thế nào. Menu ở đây được cái mình thấy quán sắp xếp rất hợp lí. Một mặt là đồ ăn còn mặt kia là thức uống nên cũng dễ chọn lựa hơn. Như hình là cacao đá xay và chấm bánh mì. Lúc đầu nghe bánh mì cứ tưởng ổ bánh mì bình thường :3 ai dè đây là bánh mì dạng que như trong hình :3 Nhìn cũng khá là thú vị. Nhưng theo ý kiến riêng của mình thì bánh mì truyền thống giòn giòn xíu thì sẽ ngon hơn :3Xem thêm,26
364,Hiếu Minh,17/11/2018 20:10,8.4,"Quán ăn vặt nổi tiếng của giới trẻ cần thơ chính là ở đây. Đặc biệt là nước mía mỹ tho nhưng mình hôm nay lại uống sữa đậu nành củ năng Cẩm Vân giá 12k full topping hehe 
Mình gọi tép chiên có khoai môn ở dưới sau đó chiên bột rất ngon nhé. Bánh tráng lụi trứ danh cũng có mặt tại đây, cuốn thì to mà nhân thì lại nhiều nên ăn đã luôn. Món cuối là bánh trứng cút phomat ăn ngon muốn xĩu luôn. Đồ ăn giá dao động từ 15-25k nhưng đảm bảo ăn là ghiền luôn đó nheXem thêm",26
365,Sato,7/5/2023 13:17,9.2,"Delicious dishes, kind staff and good mood. Great experience for my stay in Can Tho.Xem thêm",27
366,Nguyễn Thuỷ Nguyên,22/12/2022 15:09,3.4,"Quán hợp với những người muốn sống ảo, ko hợp với mình. Đồ ăn mắc mà không ngon, phục vụ chậm và không niceXem thêm",27
367,Ha Nguyen,25/2/2021 14:27,2.6,"Ăn cơm 2 người với 2 khứa cá basa kho + 1 tô canh chua nước và rau (không cá, do mình oder canh chua cá thác lác, nhân viên nói chỉ còn cá basa, trong khi đã ăn basa kho nên mình không lấy cá nữa)  120k ; 2 quả trứng vịt luôc 20k > tổng thiệt hại 140k. Nhân viên giải thích là 1 phần cơm canh 65k nhưng do không có cá nên trừ 5k. Cả nhà thấy có đáng tiền không, 1 khứa cá trong tô canh chua chỉ đáng trừ 5k. Đến và không bao giờ trờ lại. Quán tính tiền không minh bạchXem thêm",27
368,Tran Tran,18/7/2020 0:02,8.0,"Mình đi 4ng tới hỏi bạn ord có lẫu cá linh không vì muốn thử bông điên điển, bạn ord kêu k có nhưng lẫu mắm cũng có bông điên điển, mình thấy trong thực đơn cũng có nên kêu cái lẫu nhỏ, mà rốt cuộc ra món cũng không có, hỏi thì bạn ord lại kêu chỉ để bỏ trong canh chua thôi. Hơi thất vọng. Bún 1 phần thêm 20k, hơi mắc. 
Về món ăn thì cũng được, tuỳ cảm nhận mỗi người. Gỏi đu đủ kh được ngon. Quán decor xinh, đông nhưng đồ ăn ra khá lẹ, nhân viên nhanh nhẹn. Sau này có dịp gé lại Cần Thơ mình sẽ quay lại thử những món khácXem thêm",27
369,Vy Le,28/2/2020 22:31,9.4,"Lần đầu tiên đến Cần Thơ nên cũng ko biết ăn ở đâu, may search được quán Hồi Đó phục vụ cơm gia đình (người lớn rất thích) nên quyết định thử. 
Ba mẹ mình khen tấm tắc thức ăn miền Tây hợp khẩu vị, rất vui vì các bạn nhân viên dễ thương, giá cả hợp lí. Nếu có dịp sẽ quay lại ❤️Xem thêm",27
370,P Ặ C,10/12/2019 17:38,7.0,"Lâu lâu có dịp đi chơi, được giới thiệu quán ăn này, nói chung thì cái nhìn đầu tiên về quán là cái xưa, view quán là không gian xưa kiểu style nhà cổ, từng chiếc đũa, cái chén, cái tô.. đều giống ngày xưa hết, đũa bằng tre rồi chén sành.. món ăn thì không thể nào chê đâu được, món ăn khá đậm chất miền tây luôn nè, có canh chua, cá bóng kho tộ, rau củ luộc chấm kho quẹt..
Giá cũng ok không quá đắt, ăn xong có luôn chè tráng miệng mỗi chén 10k thui àXem thêm",27
371,Kim,17/10/2019 7:06,7.8,"Mình dẫn bạn lại đây ăn, 2 đứa kêu mấy món mà ăn không hết luôn. Thiết nghĩ nên đi đông thì thử được nhiều món hơn, tuy đông khách nhưng phục vụ tốt, không đợi lâu quá. Giá thì ổn thôi chứ ko rẻ, nếu đi đông thì ngợi hơn, đồ ăn ngon giống như cơm mẹ nấu ở nhà ☺️Xem thêm",27
372,Do Le,31/8/2019 23:49,8.0,"Mới vừa đi ăn với gia đình. Gọi bánh đúc, bánh bột lọc, lẩu thái, nhà mình ai cũng khen ngon, giá phải chăng. Rất đáng để thử, đặc biệt đối với bạn nào thích hoài niệm, cổ xưa, phong cách của quánXem thêm",27
373,daniel ng,25/8/2019 20:36,8.2,"Đến quán từ nơi xa với nhiều háo hức, nhưng chất lượng món ăn quả là thất vọng. Nhân viên phục vụ nhanh, món phục vụ về lượng thì nhiều, giá thấp. Nếu như cân đối lại giữa giá và định lượng, chú trọng vào vị thì tốt hơn.

Bánh tằm bì như sợi bún cọng to, cứng hơn bún, không có vị đặc biệt gì từ bột bánh. Sợi bì khô, vị không thơm, nước mắm bình thường... tất cả làm đĩa bánh có chất lượng dưới trung bình.

Bánh đúc lá dứa cứng, không có độ dẻo, không thơm mùi lá dứa.

2 món này không thể so với chất lượng tại quán chân cầu Kiệu, Q.1, THCM

Rất  nhiều khách tìm đến quán có lẽ vì hiếu kì; nếu quán cải thiện chất lượng đồ ăn sẽ có tên tuổi thực hơn.Xem thêm",27
374,Khanhvan1405,28/4/2019 17:02,7.4,"Gia đình minh được gioi thiệu ghé quán ăn thử
Không gian bÀy trí khá hay, ăn ngon, mát mé
Nên trải nghiệm khi đến Cần ThơXem thêm",27
375,HOA THACH THAO,24/3/2024 4:26,1.0,"Điểm cộng: quán lên món nhanh, nhiều loại rau như lá mận cóc, lá cách, cải xanh...
Điểm trừ: đường xa, giá cao, bánh mau mềm, rau dơ còn sình và con đỉa nhỏ mài đen , hic, ăn xong bị tào tháo dí , sẽ không quay lại.Xem thêm",28
376,Duy Phan Thành,5/1/2024 21:51,5.0,Đặt đồ ăn như thế nào nhỉ ?Xem thêm,28
377,Huy,10/1/2023 15:57,7.2,Không có chỗ đặt món trên app?Xem thêm,28
378,Misandy Nguyễn,28/6/2022 15:20,7.4,"Đường đến quán khá là dằn🥲 nhưng xứng đáng ạ, bánh xèo và bánh khọt đều rất ngon. Bánh xèo giòn, béo nhưng ko bị hút dầu, bánh khọt giòn tới mức vỏ tôm mình cũng nhai luôn được dù mình là 1 đứa ko biết ăn vỏ tôm. Túm lại là xuất sắcXem thêm",28
379,Huy Bí,24/10/2019 21:33,5.4,"- Mình biết chỗ này từ hồi học năm nhất đại học. Quán nằm trên đường Hoàng Quốc Việt, từ cầu Đầu Sấu xuống lộ vòng cung quẹo vô đường Hoàng Quốc Việt chạy khoảng 500 mét là tới, quán đối diện với trường tiểu học An Bình 1.
- Quán nằm trên con đường có thể gọi là kinh khủng, vào mùa mưa đường lở, nước dâng cao mỏi lần chạy qua con đường này đều phải ngán ngẫm, tự hứa với bản thân là sẽ không bao giờ đi đường này nữa. Chạy mà cứ như chơi thú nhúng, cà tưng cà tưng chỉ có 1-2 đoạn là không dằn thôi.
- Quán khá rộng thiết kế kiểu bán cho khách du lịch, rất nhiều bàn và những chiếc ghế mủ.  Quán cực kỳ thoáng mát có đầy đủ quạt ăn không bị nóng.
- Ở đây nổi tiếng nhất là món bánh xèo, có nhân thịt hoặc vịt, củ hủ dừa hoặc thịt heo, đặc biệt nước mắm ở đây pha rất là ngon. Lần đầu mình lại đây ăn rất ngon và phù hợp với giá tiền nhưng giờ lại ăn thấy mắc hơn trước nhiều, thức ăn ít đi mà cũng không ngon bằng lúc xưa nữa. Quán còn có món bánh khọt, ăn khá béo khi để rất nhiều đậu xanh ở trên. Rau xanh rất có nhiều, nhiều loại rau rất lạ mình không biết tên, có lần mình đi ăn ở đây rau còn dính đất, cho 1 sao về chất lượng.Xem thêm",28
380,Phúc,17/6/2019 20:43,9.4,"Đồ ăn ngon rẻ,  Mỗi tội hơi xa một xíu. Nhân viên phục vụ nhanh lẹ, niềm nở.
Thích đĩa rau sống ăn kèm !!!Xem thêm",28
381,EnCore,18/5/2019 11:20,3.2,"Bánh thì ngon nhưng rau thì dơ quá chắc chưa được rửa toàn là sình đất , phục vụ cũng tạm tạm , thái độ ko thân thiện lắmXem thêm",28
382,nhungv8681,25/3/2019 11:55,7.6,"Có 2 loại bánh xèo giá 38 n / cai và 30k /cái  , bánh khọt đặc biệt giá 40k / đìa , bánh khọt đậu xanh 20k
Bánh xèo có nhiều các loại rau , nước chấm bánh ngon , phục vụ nhanh , giá rẻXem thêm",28
383,Hoàng Văn,2/3/2019 10:02,8.4,"Lần đầu ăn thử: bánh xèo rất giòn , nước chấm ngon, có nhiều loại rau để cuốn ăn cùng. Bánh khọt thì ăn hơi ngán tý. Nhìn chung tất cả điều ổn có dịp sẽ quay lại, khuyên mọi người nên dùng thử bánh xèo củ hủ dừa thử.Xem thêm",28
384,Anh Vũ,19/12/2018 16:38,6.0,"Bánh rất thơm, tráng mỏng, vị béo ngầy ngậy của đỗ xanh nguyên vỏ, ở Cần Thơ 4 ngày nhưng ghé 1 qua 2 lần. Rau rất sạch. 
Bánh khọt đậu xanh rất đặc biệt. Quán ko hổ danh tại Cần Thơ.
Mỗi tội địa chỉ tìm hơi khó, có lẽ do ko phải người địa phương nên việc tìm tới địa chỉ ko thuận .Xem thêm",28
385,Taydoland,13/12/2018 14:47,3.4,"Nhìn hình xem
Khác xa 1 trời 1 vực mà 30k
Đói bụng mà thấy Takoyaki hết muốn ăn
Vừa day vừa khô cứng như đồ cũ cho vô lò nướng di nướng lai mấy lần 
Nước sốt thì lạt nhánh
Sót 30k quá, ủng ho hang xom mà ăn chán quáXem thêm",29
386,Vy,28/11/2018 18:16,4.4,"Không phải lần đầu thất vọng về chi nhánh Lê Lai. Lần trước thì về kimpab vị không ngon như mình từng ăn ở omega. Trước đó về mì )). Bạn mình kêu phần mì, thế là tự động làm phần lớn? Ăn k nổi thật, nhưng mình nghĩ nên hỏi khách muốn chọn phần lớn hay nhỏ. 
Hôm nay tới bún thái và nước. Gói gọn trong từ LẠT! Nước được đem ra đầu tiên, mình gọi hồng trà và bạn mình gọi trà sữa, vị tựa như đã uống 1 lần và thêm nước lọc, thật sự lạt. Tiếp đó món chính được đem ra, bản thân mình ăn lạt mà mình húp thử nước dùng đúng chất lạt hơn khẩu vị của mình, bắp đường mà mình cảm thấy như bắp nếp, hải sản ăn cũng được, nhưng hậu sẽ tanh bạn nào nhạy vụ tanh hải sản thì ngừa trước kẹo nha. 
Nói tóm lại chắc chắn mình sẽ không quay lại lần nào nữa.Xem thêm",29
387,Hoàng Huy,21/8/2018 20:57,8.0,"Được foody tặng cho cái code giảm giá tận 100k nên mình có đặt món ở quán này để ăn, phải nói mì cay của quán khá là ngon nhe, mình đặt 3 phần mì để ăn, 1 loại mì cay hải sản và 2 loại mì cay thập cẩm, do không thích ăn tôm nên thay tôm bù chả cá để ăn cho sướng cái miêng, nước mì cũng không quá cay nhe, mì thì gói khá là to ăn mà sướng cái miệng gì đâu á, bò mình thấy không có được tươi cho lắm, nhân viên giao hàng cực kỳ nhanh nheXem thêm",29
388,Tambourine Tim,15/8/2018 19:33,7.0,"Lần này đi Omega Lê Lai mình hơi bị thất vọng. Gọi món mì cay Hải sản mình dặn không để tôm, quán bù chả cá nhưng mà mực thì cực kì ít, tô nhỏ cũng 40K nhưng mì thì ít, rau củ cũng không có nhiều, hơi khô khang với lại nước dùng cũng không đậm đà và ngon như bên 3/2. Quán có món mới là bún, mình thấy sợi bún to giống như bún bò, lại có thêm bắp chuối và rau ăn kèm, thấy đồ ăn thì nhiều hơn so với mì cay, giá mềm hơn tí chỉ 35kXem thêm",29
389,TM Nguyễn,9/7/2018 12:02,7.0,"Omega ở số 53/8 đường Lê Lai. Ome có không gian trệt không lầu, mỗi bàn ăn được chia tách ra tạo không gian khá riêng tư cho khách. Nhân viên phục vụ tốt, làm đồ ăn nhanh.

Như hình là mỳ kim chi hải sản (size nhỏ) 40k. Tô 40k nhưng chỉ có nửa gói mỳ thôi (nhân viên bảo vậy). Mỳ sợi dai, ngon; cá viên được 5 viên, 2 con tôm to, khá nhiều mực, và một số thành phần khác; nước nhiều, chất lượng ổn, nhưng giá hơi chát (tận 40k mà chỉ được nửa gói mỳ); máy lạnh tạm ổn, vẫn còn nóng khi ngồi ăn.Xem thêm",29
390,Bean ahihi,14/6/2018 23:04,1.4,"Thức ăn tạm được.
Nhân viên phục vụ cực kì tệ. Vào gọi món mặt một đống như vô xin vậy, liếc ngang liếc dọc khách( bạn nam).
Không bao giờ ghé lại lần nàoXem thêm",29
391,Kiều Lê,21/5/2018 13:09,5.2,Omêga thì phục vụ dễ thương nhưng riêng cái kiseki lê lai kế bên omêga có cái anh mập phục vụ rất là khó ưa khách vào ăn trả tiền chứ đâu xin xỏ mà thái độ phục vụ như ai ăn hết của dậy nói chung là kiseki phục vụ rất kém lần đầu cũng như lần cuối mình vào quán này ănXem thêm,29
392,Hoàng Huy,16/5/2018 12:16,8.0,"Cứ có dịp rãnh thì hay đặt món của quán này lắm luôn ấy, đồ ăn thì vẫn y cũ giá thì hơi cao hơn tý nhưng nhờ cái được đặt qua NOW nên được vài cái code giảm giá và được miễn phí vận chuyển nữa nhe, đồ ăn thì nhiều và ngon lắm luôn ấy, đặt 3 phần 2 mì hải sản cấp độ 0.5 thay tôm bù chả cá,1 thập cẩm cấp độ 1 cho 3 đứa mà đứa nào ăn xong cũng no sấp mặt luôn, bạn shipper giao cực kỳ đúng giờ nên khá là ưng ýXem thêm",29
393,Baciam❤,13/5/2018 18:00,4.2,"Bên kiseki, kế bên omega lê lai mình thật không thích thái độ của anh nhân viên ở đây, biết là khách khá đông mình vô gọi món thì đc thái độ dửng dưng của nhân viên, thật sự không thích chút nào, kiểu như thái độ bất cần vậy, chắc chắn không quay lại quán này nữa😎Xem thêm",29
394,Thuý Hoà,24/4/2018 13:30,8.0,"Mình đặt món của quán được mấy lần rồi mà làm biếng review cho quán quá nên nay gôm 1 lần hình chụp rồi gửi lên lượt 1 luôn cho tiện, đồ ăn của quán mình thấy khá là ngon và vừa miệng ấy chứ hương vị khá là thơm ngon nhe nước súp của mì cay khá là đậm đà, hải sản thì tươi sống lắm, có thích nhất là chả cá của quán da mình thây tôm bù qua chả cá nên nhìn cực kỳ nhiều và hấp dẫn lắm luôn nhe, nhân viên giao hàng cũng nhanh lẹ nữaXem thêm",29
395,Hải Đăng,26/3/2019 22:02,3.4,"Quán làm ăn rất vô duyên
Đồ ăn thì ko ngon, ko màu sắc lẫn hương vị
Và đặc biệt là NHÂN VIÊN CƯ XỬ RẤT TỆ: thấy ng khác bước vào quán là tụm ba tụm bảy xù xì, mà có phải nói nhỏ sau lưng đâu, má nói ngay trước mặt khách. làm như nói nhỏ lắm,🙂🙂🙂🙂🙂 đéo nghe được á, cười khằng khặc vào khách, má quán như cc.Xem thêm",29
396,Hoàng Huy,21/8/2018 17:28,8.0,"Hôm nay có qua quán này để ăn mì cay với đám bạn, mình thấy không gian quán vẫn y như vậy, giá cả có phần cao lên nhưng so với chất lượng như vậy thì có thể chấp nhận được nhe, nhân viên phục vụ của quán khá là thân thiện và nhanh nhẹn nhe, menu quán dạo này cũng đa dạng hơn nhiều lắm luôn ấy, đồ ăn này nọ cũng làm mau hơn nhiều lắm nên cũng ưng ý cực kỳ luôn nhe, này là phần thập cẩm ấy nên nhìn hấp dẫn hơn mấy phần bình thường nhiều.Xem thêm",29
397,TM Nguyễn,25/6/2018 11:40,6.6,"Omega ở đường Lý Tự Trọng, sát tiệm bánh Đông Á. Chạy từ hướng 3 tháng 2 vào thì Ome ở mé tay phải.

Như hình là mỳ kim chi hải sản 40k mang về. Nhân viên làm đồ ăn khá nhanh, nếu mua mang về thì nhân viên lấy tiền bạn trước : ) đồ ăn sẽ ra sau!

Combo mang về: nước súp và hải sản cho vào 2 bịch riêng, mỳ là nguyên gói như hình. Mỳ sợi ngon, hải sản ok (2 tôm khá to, mực, cá viên to và ngon), riêng nước súp thì hơi ít (đổ vào tô không ngập lên hết mỳ), nước vị mặn, không ngon cho mấy. Một phần vầy 40k hơi chát.Xem thêm",29
398,Hoàng Huy,19/5/2018 10:34,8.0,"Được đứa bạn rũ đi ăn mì cay nên có đến quán này để ăn, gọi 2 phần mì cay hải sản cấp độ 0.5 để ăn, đồ ăn này khá là ngon và giá cả dạo này có phần hơi cao hơn trước nhưng lượng mì cay hay đồ ăn này nọ vẫn y như cũ à nên cũng không đến đây thường xuyên như trước, không gian quán cũng vừa đủ để ngồi chứ không rộng lắm, nhưng sắp xếp bàn ghế sao cứ đối mặt với nhau mà ăn thấy nó hơi ngại ngại sao đâu ấy chứXem thêm",29
399,Tahoangkim,13/5/2018 15:19,1.2,"Nghe đồn ngon, nên hôm qua 2 đứa ghé ăn thử. Trớt quớt. Mì thì ít, nước thì bao la. Vị không ngon, nhạt nhẽo. Trà sữa cũng k ngon. Mình thấy bên omega 3/2 ngon hơn. Đến trước mà nhân viên sắp bàn cho người đến sau, nói thì còn cải ngang, biết sai thì nói chuyện đàng hoàng, còn la lớn tại không thấy, ngồi trong phòng sao quan sát tới ngoài được. Không gian nhỏ, không có cảnh gì ngắm trong thời gian đợi mì ra. Có chỗ ngồi thì khá ổn, nhưng khuôn khổ quá, xếp như vào hộp. Ăn 1 lần ngán, không ghé lần nữa. Địa điểm đi tìm khó thấy, khuất mà không có đèn sáng để thấy nữa.Xem thêm",29
400,Thuý Hoà,24/4/2018 13:31,8.0,"Buổi trưa có ghé qua quán này ăn mì cay với đồng nghiệp phải nói là né giờ ăn rồi vậy mà quán này vẫn cứ đông khách ấy chứ làm ngồi đợi mòn mỏi mới tới lượt mình ăn mới sợ ấy chứ, giá cả 1 phầm là 45k thấy cũng tạm thôi trước thì thích hơn chứ dạo này giá cả lại càng cao nên hơi bị ngán tiền nên lâu lâu đầu tháng mới dám rũ bạn qua quán này ăn cùng thôi, nước súp của mì khá là ngon và đậm đà lắm luôn ấy, nhân viên phục vụ khá nhanhXem thêm",29
401,Hoàng Huy,19/4/2018 14:02,8.0,"Mì cay nơi đây mình thấy khá là ngon ấy chứ, giá cả cũng tầm ngang ngửa mấy quán kia rồi vì thuộc dạng hệ thống nên 1 tô là 45k ấy, mình gọi 1 tô mì cay bò để ăn, theo mình cảm nhận thì đồ ăn của quán khá là nhiều và ngon nhe, sợi mì khá là to và nhiều nữa nên ăn ngon cực kỳ luôn, không gian thì chia theo ô nhỏ tầm 4 người có thể ngồi chung được với nhau trong 1 ô ấy nhe, nhân viên quán nhanh nhẹn và nhiệt tình lắm luônXem thêm",29
402,Phương Trần,3/4/2018 21:31,9.2,"Mì cay Omega Lý Tự Trọng, chỉ nhìn hình thôi là rất rất đói bụng rồi. Mình tới lúc nào quán cũng đông nghẹt khách, có khi phải chờ rất lâu mới tới lượt mình. Nói về độ ngon chắc không cần phải nói nhiều rồi, nước dùng rất vừa ăn, rất đậm đà, hải sản tươi, một tô đầy ắp đồ ăn luôn. Giá có hơi cao hơn xíu so với các quán mì cay khác nhưng chất lượng thì không ai bàn. Quán đang có chương trình giảm 5k cho combo mì kim chi và nước ngọt đấy, các bạn tranh thủ ghé thưởng thức nha.Xem thêm",29
403,HuyUSA,1/4/2018 0:09,8.2,Ăn khá nhiều lần rồi phải đánh giá là ngon đậm đà đồ hải sản tươi ngon. GoodXem thêm,29
404,Hoàng Huy,12/3/2018 15:31,7.8,"Đồ ăn của quán này mình thấy được nêm nếm khá là ngon lại hợp khẩu vị của mình hơn là mấy quán khác ấy chứ, vị mằn mằn độ cay cũng vừa phải lắm nhe, này là mình đi với đám bạn do đi học về nên rũ cả đám qua quán này để ăn gọi 5 tô mì cay đợi tầm 30 phút mới có nhưng khi ăn vào rồi thì thấy thời gian đợi cũng khá là xứng đáng lắm luôn nhe, không gian quán cũng thoáng nhưng không được nhiều bàn cho lắm nên đợi hơi bị lâu týXem thêm",29
405,Anh Tuyet,29/3/2019 20:11,8.4,"Đã ăn thử nhiều lần bên quán ! Mình chủ yếu ăn mỳ cay chỉ để chả cá , bạn mình thì đầy đủ . 
Mỳ ngon,  phục vụ cũng khá nhanh , nhưng có nhiều lúc mấy chị phục vụ thái độ mệt ghê :))) 
Giá cả : 40 k trở lên , trà sữa ở đây cũng tạm được . Quán có 2 tầng lầu đều có máy lạnh  .Xem thêm",29
406,Nhi Tran,24/3/2019 20:11,4.2,"Mì ngon đồ uống ngon nhưng phong cách phục vụ có vấn đề , khách vào quán bỏ ngồi không , đồ ăn bưng ko có thứ tự vào sau có trước vào trước ngồi đợiXem thêm",29
407,Tambourine Tim,25/5/2018 18:33,7.2,"Ở Ô Môn không có quá nhiều địa điểm vui chơi ăn uống cho giới trẻ, nên chi nhánh Omega mở ra ở Ô Môn như là 1 điểm sáng, để các fan vùng huyện của Omega cũng được thưởng thức mì cay nổi tiếng. Vì cùng là 1 hệ thống nên chất lượng mì cay ở đây ko có quá nhiều sự khác biệt so với ở Ninh Kiều, cả trà sữa cũng vậy, nên là đối thủ nặng kí với các quán mì cay gần đây. Vật giá ở Ô Môn cũng rẻ hơn nên mì cay ở đây cũng có vẻ nhiều hơn 1 chút.Xem thêm",29
408,nnnggg1234,30/11/2023 17:12,5.0,Dạ shop có bán bánh bạch tuột không ạXem thêm,29
409,Lynn1112,11/3/2021 14:32,7.6,Ăn vừa miệng. Hơi nhiều chả cá nên lần nào ăn cũng dư. Thịt bò chín tái ăn ko dai.Xem thêm,29
410,Vy Tran,3/6/2020 8:01,10,Mì cay omega super ngon trong lòng của tớ 😂Xem thêm,29
411,foodee_5b36c01a,14/2/2020 11:12,5.8,Thái độ phục vụ cũng tạm dc . mà hôm qua khách đông tại nhân viên giữ xe lèn èn mình đến trước thành đến sau phải ngồi đợi .Xem thêm,29
412,Vy Tran,20/10/2019 23:10,8.8,"Omega chưa bao giờ làm mình thất vọng, ngon khó cưỡng, cay đã quá chừng, ăn là phải size lớn mới đã nhe!Xem thêm",29
413,Hoàng Kỳ Huân,22/9/2019 15:08,8.0,"Không gian thoải mái. Mì hải sản của quán còn chưa đậm đà lắm, vẫn vừa miệng và ngon. Lần đầu đi thì không chú ý bản ở thang máy lắm làm mình tự lội bộ lên tuốt tầng trên :)))) rồi lại phải đi thang máy xuống mà nói chung cũng vui, phục vụ cũng ok nữa không cần phải kêu réo hay gì, làm đồ ăn nhanh.Xem thêm",29
414,Hoàng Nhi,29/8/2019 23:13,8.2,"Những ngày trời mưa lạnh lạnh cứ chạy ra Omega làm tô mỳ cay to bự là ấm bụng liền. Mà đi hết mấy chi nhánh vẫn thích chi nhánh Trần Hưng Đạo nhất. Vì sao ư? Đơn giản là tại không gian siêu siêu đẹp. Mình không nhớ rõ là có tổng cộng bao nhiêu tầng, chỉ nhớ tầng 1 (Cổ Điển) tầng 2 (Hầm Rượu) & tầng 3 (Lồng Chim) thôi. Mà ưng nhất là tầng 3, decor đẹp, sáng và ngồi cũng thấy thoáng hơn 2 tầng kia (Hầm Rượu đèn vàng nên chụp hình không có đẹp). 
Bình thường thì mình cũng như mọi người, ghé Omega cũng chỉ mì cay thẳng tiến. Gần đây thì mình mới để ý menu có món mì Udon nên cũng thử cho biết ai ngờ đâu ngon quá trời. Mì Udon có 2 loại Bulogi & Sari (nhân viên sẽ nói cho bạn biết cái nào là chua cay & cái nào là ngọt, còn mình thì quên mất tiêu rồi!!!). Udon chua cay thì cũng như mì cay 0 độ thôi nên bạn nào không ăn cay được vẫn không sao. Còn Udon ngọt thì mình thấy ăn bình thường. À, còn menu nước thì cũng đa dạng lắm, giá cũng chỉ tầm 25-35k gì thôi. Ăn mì mà cảm thấy cay quá thì mọi người nên uống Yogurt trái cây 25k/ly (thêm trái cây tươi là 5k) hoặc sữa tươi trân châu đường đen là tốt nhất. 
Còn các bạn nhân viên thì cũng tùy bạn mà nói chung mình thấy cũng lịch sự, thân thiện.Xem thêm",29
415,Lý Thảo Kim,5/6/2019 17:43,1.0,"Quán tận mấy tầng mà một tầng hết bàn một tầng mấy tầng kia không thèm phục vụ bắt ngồi chờ, biết chờ đến khi nào. Nhạc thì mở những bài nghe là hết cảm xúc ăn 😑😑😑. Bực bội!!! Dù gần nhà cũng không muốn ghé nữa 😡😡😡Xem thêm",29
416,Kiệt Tuấn,5/12/2018 19:07,3.8,"Quán còn nhiều bàn, bảo vệ đã nói vậy. Nhưng hết chỗ để xe rồi mấy anh chị chắc qua bên chi nhánh 3/2 ăn nha :) ừ thì chỗ đầu tiên là cách xử lý quá kém, thứ 2 là quán nhiều bàn mà nhà xe không bằng cái phòng học? Trong khi đó bên ngoài bãi còn rất nhiều khoảng trống nhưng không biết sắp xếp hợp lý, quá kém!Xem thêm",29
417,Hoàng Huy,13/11/2018 11:04,8.0,"Hôm nay có dịp đi qua quán này để ăn mì cay với đứa bạn, mình gọi 1 phần mì cay bò và 1 mì udon để ăn, theo mình cảm nhận thì mì cay ở đây khá là ngon và vừa miệng nhe, mình gọi cấp độ 0.5 để ăn cho có độ cay cay vừa phải, không gian ở đây rộng rãi lắm luôn nhe, giá cả cũng như mấy quán khác à, nhân viên quán lịch sự và thân thiện lắm, mà có điều món mì udon ăn không được vừa miệng cho lắm, mọi thứ còn lại điều okXem thêm",29
418,Khánh Lê,2/12/2023 4:49,5.0,SdasdXem thêm,30
419,Vy Vy,17/9/2019 14:13,8.6,"Theo tui là ngon ngon ngon , dễ uống ,giải khác khá ok. 
Ngắn gọn v thôi :)Xem thêm",30
420,Ngoc Nguyen,14/12/2018 14:37,8.6,"Mình thường uống Highlands ở vincom hùng vương, uống tại chỗ cũng có, mua mang về cũng có, mà lần  nào cũng hài lòng về chất lượng cũng như cách phục vụ của các bạn nhân viên highlands. Các bạn nhiệt tình lắm luôn, nhiều khi mình gọi điện dặn trước , lát gọi điện hỏi xong chưa các bạn mang ra xe cho mình luôn( nói mình khỏi gởi xe mắc công😍😍)
Đồ uống pha chuẩn vị , ngon , rất hợp với khẩu vị của mình, cho mình uống highlands hoài cũng không ngán . Lần sau chụp hình nhiều hơn😆Xem thêm",30
421,Hoàng Huy,9/12/2018 20:19,8.0,"Lâu lâu thèm món trà xanh đá xay của quán này là mình lại tấp vào quán mua để uống à, quán nằm trên đường lớn nên thuận tiện tới lui lắm luôn nhe, nhân viên quán thì thân thiện và lịch sự lắm luôn nhe, menu nước của quán cũng đa dạng lắm luôn ấy, quán có bán mấy món bánh ngọt và bánh mì mặn để ăn nữa nhe, món trà xanh đá xay khá là thơm nhe, vị trà xanh thơm vừa phải không quá là ngọt nhe, có topping cream ở trên beo béo đã lắm ấyXem thêm",30
422,Nhã Nghiêm,9/12/2018 19:56,1.0,Đặt cafe phin sữa đá mà khi nhận hàng  thì ra cafe đen đá. Mong nhân viên coi kĩ trước khi bán cho khách.Xem thêm,30
423,Hoàng Huy,14/11/2018 20:14,8.0,"Sáng cuối tuần mình có dịp ghé qua quán này để ăn sáng và uống cà phê với đám bạn, mình gọi 1 ổ bánh mì xíu mại và 1 phần phin sữa đá để uống, theo mình cảm nhận thì bánh mì cực kỳ ngon miệng luôn nhe, vỏ bánh mì còn giòn giòn ăn sướng cái miệng lắm luôn ấy, xíu mại cũng vừa ăn, thời gian làm món cũng mau lẹ lắm luôn nhe, phin sữa thì đậm đà cực kỳ luôn ấy, vị đăng đắng với sữa beo béo hòa vào nhau vừa miệng cực kỳ luôn nheXem thêm",30
424,Hoàng Huy,21/10/2018 15:17,8.0,"Sáng sớm có chạy qua quán này mua ly cà phê sữa uống rồi mới vào công ty làm, quán này do mình đi sớm nên khá là vắng khách ấy nhe, menu quán cũng cực kỳ phong phú luôn ấy chứ, giá cả cũng vừa phải không quá cao hay quá thấp, mình gọi 1 phin sữa đá theo mình cảm nhận thì cà phê khá là thơm nhe vị cà phê đậm đà cực kỳ, ở quán có bán mấy món bánh nhìn cũng ngon và hấp dẫn cực kỳ luôn ấy để có dịp ăn thử mới đượcXem thêm",30
425,Phạm Trần Phương Trâm,19/10/2018 15:21,8.4,"Nay thấy quán có khuyến mãi theo chương trình của Foody trên Delivery Now nên đã đặt để trải nghiệm thử. Quán nằm trong siêu thị Vincom Hùng Vương, chạy trên đường nhìn vào là thấy ngay vì nằm ở mặt tiền của siêu thị, không gian cũng giống ở mấy siêu thị kia. Như hình là ly Freeze Chocolate của quán. Đầu tiên mình phải khen là phần trang trí của ly nước khá đẹp :3. Lớp kem bên trên béo béo thơm ngon, lớp chocolate ở dưới có vị đắng đắng và thạch ăn cũng khá ngon :3. Ly như hình bữa giảm giá chỉ còn 39k mà thôi.Xem thêm",30
426,Trần Anh,12/7/2018 14:15,7.6,"Từ ngày Highlands Coffee mở ra quán riêng lẻ không nằm trong các siêu thị đến giờ mà mình cũng chưa có cơ hội đi thử, toàn đa phần là mình đi ở Vincom hoặc Lotte là nhiều. Thường có nhiều quán khi mình uống cà phê hay cà phê sữa xong sẽ bị say cà phê mà hông biết sao với Highlands Coffee thì lại khác. Mình thấy vị cà phê sữa của Highland khá ngon, vị cà phê nhẹ nhẹ, với lại 1 ly cà phê sữa thì có vẻ lượng cà phê không quá nhiều, dễ chiều lòng những khách không quen uống cà phê như mình.
Ngoài cà phê ra thì mình thấy với các món đá xay cũng ổn lắm, bạn mình cực kì thích trà xanh của Highland, mà mình nghĩ nên chọn uống tại quán hơn là mang về, mình uống tại quán sẽ giữ được nguyên vị hơn, mà tính ra giá của Highland không cao, mình thấy vậy là ổn nhất rồi, có những thương hiệu lớn khác giá còn cao hơn nhiều.
 Với thái độ phục vụ thì mình đánh giá tạm, thường thì không vui vẻ lắm, nhiều khi còn tỏ ra khó chịu!Xem thêm",30
427,Khôi Nguyên,6/7/2018 18:44,4.2,"Ủng hộ Highlnd cafe từ khi còn làm việc ở sài gòn vì thái độ phục vụ chuyên nghiệp. Chỉ có Highland ở vincom Hùng Vương này mang đến sự thất vọng. Nhân viên order (đeo kính) thái độ như boss, mua thêm chai nước suối, xin thêm cái ly đá không cho bạn gái thì nói ở đây chỉ 1 chai nước suối 1 ly đá :V. Sẽ quay lại? Never!Xem thêm",30
428,Trang Hậu Huỳnh,4/1/2020 22:52,7.8,"Mình uống trà sen vàng vị cũ thấy ok hơn vị mới hay tại mình thấy có củ năng ngon hơn.😁
Bình thường uống thì đậm vị trà thơm mùi sen, lâu lâu pha hơi ngọt xíu.
Lớp kem thì béo thơm không mặn lắm.Xem thêm",30
429,Thy Lý,6/10/2019 16:02,7.0,😍Xem thêm,30
430,Hoàng Huy,14/11/2018 20:17,8.0,"Mình có ghé qua quán này để mua cà phê sáng vào công ty để uống, mình gọi 1 cà phê sữa để uống, theo mình cảm nhận thì cà phê khá là thơm và ngon nhe, mình mua mang về đến công ty mà vị vẫn còn đậm đà cực kỳ luôn ấy, quán này do mình đi sớm nên cũng không đông khách lắm, nhân viên phục vụ mau lẹ nữa nhe, nhưng do sớm nên máy lạnh chưa mát lắm, nhìn mấy món bánh ngon và hấp dẫn lắm hôm nào mua bánh ngọt ăn thử mới đượcXem thêm",30
431,Nguyễn  Thị Phương Dung,19/10/2018 0:08,8.0,"Ngoài chỉ uống cà phê pin sữa hay đá xay như matcha freeze mà còn cá trà trái cây như trà vải,  trà se vàng hay trà xanh đậu đỏ.. 
 Mà trà sen vàng rất thích vị trà đắng chát công thêm hạt sen, topping và lớp kem trên mặt. Một điều là thích lớp kem này khá ngon. Các món trà thì dùng để thanh nhiệt ại vừa giải khát. Matcha đậu đỏ ngon là vị matcha đậm đặc, còn hạt đậu thì đợt kéo kat. Còn trà vải thì thơm nước cũng ngon mà mùi vải em lại coa cái để ăn nữa. Bên cạnh đó ngoài ở quán thấy thú vị hơn ở nhà nhéXem thêm",30
432,Phương Trần,8/10/2018 22:50,8.4,"Mình rất ít khi đi siêu thị Lotte nên cũng không có ghé hightland trong đây lần nào, hôm nay là lần đầu tiên nhé. Cũng giống như những khu cafe Highland khác, không gian được chăm chút rất kĩ, mọi thứ sang trọng, sạch sẽ lắm, chỗ ngồi cũng dễ chịu và thoải mái lắm. Mình thấy Highland ở Mậu Thân thì đông nhân viên, ở đây thì lại hơi ít nên dọn bàn cũ hơi lâu tí xíu, chứ ngoài ra thì các bạn phục vụ vui vẻ và lịch sự lắm. Trong hình là ly matcha và bánh plan nhé, thơm ngon khỏi phải quảng cáo luôn, tuy nhiên giá hơi mắc nhé.Xem thêm",30
433,yuu TN,8/10/2018 17:22,7.6,"Highlands đã là 1 nơi quá quen thuộc đối với mọi người dù giá cả không phù hợp với sinh viên cho lắm, hôm mình đi quán đang có khuyến mãi combo 1 đá xay size tùy chọn với bánh với giá là 6 mươi mấy ngàn á mình quên rồi😆 nên mình order 1 combo cùng với đó là kêu 1 ly trà sen vàng theo mình cảm nhận đối với đá xay thì không ai bàn cãi về độ ngon của nó rồi ăn kèm thêm với bánh nữa là quá tuyệt còn về trà sen vàng thì mùi trà thơm kèm theo đó là hạt sen bùi bùi cùng với lớp foam beo béo bên trên uống rất là vừa miệngXem thêm",30
434,jenny Jack,28/9/2018 16:22,6.0,"Hôm nay uống freeze caramel rất buồn. mình có nhờ bạn phục vụ xay đặc cho mình nhưng khi ra nước thì lại lỏng. Quán rộng, sạch sẽ và yên tỉnh nhưng cần cải thiện thêm chất lượngXem thêm",30
435,Nguyễn  Thị Phương Dung,6/8/2018 11:26,7.8,"Sáng ăn sáng cà phê ở higlands cũng khá ổn á giá có nhỉnh hơn nhưng ăn khá ngon nhé. 
   Bánh mì làm đẹp mắt, vừa ăn mà lại nóng hổi vì có nướng nữa thành ra ngoài thì giòn mà trong cũng nóng thơm. Lựa ổ nhân thịt heo nói ko đc sang xíu vì ko nhớ tên gọi là gì. Cộng thêm ly cà phê phin ở đây đủ năng lượng rồi á. Cà phê pha đậm cả khi phin sữa vẫn chất vì sữa lại ko ngọt béo lắm vậy mới tỉnh táo nổi. Ăn xong uống ngồi bàn việc cũng đc vì giờ sáng cũng ko quá đông người. Nhất là khúc này lại ít người qua lại nữa.Xem thêm",30
436,Hiếu Nguyễn,24/7/2018 9:17,7.6,"Thèm frezze là mình gọi món này ở hiland, kem khá ổn, thạch rau câu nhiều, múc một muỗng kèm kem nữa là best.Xem thêm",30
437,Diễm Chi,19/7/2018 23:40,8.0,"Hôm thứ 2 đầu tuần đi lotte mart mua sắm đồ dùng sẵn đi uống highlands luôn. Tụi mình có voucher mua combo phin sữa đá + freeze (bao gồm freeze có cà phê hoặc freeze không cà phê) giá 65k (cả hai ly đều là size nhỏ).

Order tại quầy, thanh toán sau đó nhân viên đưa hoá đơn và thẻ bàn, đi lựa chỗ ngồi đợi thẻ bàn chớp đèn và báo rung thì đi lấy món.

Chất lượng cà phê ở highlands thì quá ư xuất sắc rồi, phin sữa đá đậm đà, caramel phin freeze có lớp kem mịn không béo ngấy, sốt thấm kem ngon lắm, lớp nước mát lạnh.Xem thêm",30
438,Minh Trần Ngọc,11/7/2019 8:39,8.4,"Ghé Highlands lần nào cũng chỉ kêu Caramel phin hết không chỉ ngon mà là cực ngon. Vị đậm ngọt vừa vẫn giữ được vị đăng đắng giữa caramel và cacao khá thích tạo cảm giác uống không ngán tí nào uống đến đáy ly vị vẫn giữ nguyên như ban đầu.
Mấy bạn phục vụ vừa dễ thương lại khá thân thiện và chu đáo. 
Không gian quán thì khỏi bàn rồi vì nằm trong khu mua sắm nên mát mẻ lại sạch sẽ là chuyện đương nhiên.
Ps: Phù hợp coffee tán gẫu với bạn bè vào cuối tuầnXem thêm",30
439,Lý Huỳnh,4/6/2019 15:27,8.2,"Uống hơn trăm lần ở đây rồiii,theo bản thân thấy Freeze trà xanh ở đây với Highlands Lotte Mart là pha ngon nhất. Kem cheese béo và ngọt quá trà rất bình thường luôn. Nếu đi HL chỉ nên uống các loại freezeXem thêm",30
440,Gia Bảo,24/2/2019 3:42,8.4,"Uống ở rất nhiều nơi rồi,nhưng là lần đầu uống ở Sense City..Nói chung là ok,mùi vị cũng giống những nơi khác,Nhân viên phục vụ tốt.Mình kêu ly frezee đá xay.uống rất thích,vẫn là món mình hay uống,Bất tiện là phải gửi xe,bạn nào đi siêu thị mua đồ hay gì thì có thể ghé uống,như vậy sẽ hợp lý hơn,điểm trừ của quán là không gian hơi chật,ngồi san sát nhau,có chổ ở trước nhưng buổi chiều tối ngồi thì có vẻ mát mẻ hơn,Không có nhà vệ sinh nên bạn nào ngồi uống lâu thì chắc sẽ khó chịu..Xem thêm",30
441,Trúc Mai Dương,22/2/2019 8:42,9.0,"- Sôcôla đá with Hwang Minhyun & Lai Kuan Lin - Wanna One 
- Trà thạch đào 
- Caramel Phin FreezeXem thêm",30
442,Oc Oc,9/12/2018 12:32,8.4,"Highlands giờ thì quá phổ biến rồi. Nước uống ngon, nhân viên phục vụ vui vẻ nhiệt tình. Lúc nào ghé đây quán cũng đông đúc, nhiều lúc còn ko có bàn trống để ngồiXem thêm",30
443,Hiếu Minh,18/11/2018 11:39,8.4,"Hôm nay quay lại chỗ này sau thời gian oanh tạt trà sữa. Vẫn đông như mọi lần, dù quán mới mở ra đầy nhưng Highland ở đây vẫn giữ phong độ à nhe 
Mình gọi trag vải size S và ly Matcha đậu đỏ size S thần thánh của quán. Trà vải thơm mùi vải lắm, mình hạ đường thấp nhưng mùi siro vải làm cho nước ngọt nhẹ lắm ạ. Còn ly matcha đậu đỏ thì béo, ngọt, bùi bùi khi nhai đậu, mùi hương matcha vẫn rất nồng nàn nha. Mình thích cách phục vụ mà nói chuyện tận tình của mấy bạn nhân viên tại đây lắm luôn . Rất ok cho cách phục vụ nheXem thêm",30
444,Hoàng Huy,14/11/2018 20:12,8.0,"Lâu rồi mới ghé qua quán này uống nước cá gọi 1 ly phin đá để uống, theo mình cảm nhận thì cà phê của quán này phải nói là cực kỳ đậm đà hương vị luôn nhe, không gian quán hơi nhỏ hơn những quán khác nhưng lại cực kỳ đông khách luôn nhe cứ trưa trưa đến đây là đầy bàn chứ chẳng chơi, giá cả cũng vừa phải à chứ không quá đắt đâu nhe, nhân viên quán mình thấy cực kỳ lịch sự và thân thiện luôn ấy, quán có ngoài trời nhưng buổi trưa hơi nóng nên thích ở trong máy lạnh hơnXem thêm",30
445,Đoan Sam,6/11/2018 9:44,8.8,"Mỗi lần ghé Sense City là hông thể nào mà hông lếch qua Highlands Coffee 😆 Thức uống ở đây rất ngon - mấy ac phục vụ nch dth, phục vụ khá chu đáo, không gian thoáng & thoải mái 😊Xem thêm",30
446,Tien Hua,30/10/2018 21:02,7.8,"Đây là lần đầu tiên mình uống highlands, đã nghe nói rất nhiều về freeze của quán, tới giờ mới được thử. Freeze rất đậm đà và ngon ở cả 2 vị chocolate và trà xanh. Chưa kể vừa uống highlands vừa ăn gà lotteria cảm giác sung sướng ;)Xem thêm",30
447,Hoàng Huy,21/10/2018 15:01,8.0,"Buổi trưa tan ca ra mình với đứa bạn có dịp ghé qua quán này để mua ly nước, theo mình cảm nhận thì cà phê sữa của quán cực kỳ ngon luôn nhe, vị cà phê đậm đà lắm luôn ấy, giá cả cũng không cao lắm so với chất lượng như vậy, quán này tầm giờ trưa nên cũng đông khách cực kỳ luôn nhe và ở ngoài trời cũng hơi nóng nên ở quán tránh nóng 1 tý luôn. Nhân viên quán cực kỳ lịch sự luôn nhe, vào quán chào hỏi đàng hoàng lắm luôn ấy chứXem thêm",30
448,Rùa Mặp,22/11/2019 21:58,9.0,"Freeze trà xanh luôn luôn ngonnn
Các loại bánh đa dạng và giá ổnXem thêm",30
449,Nhi,28/5/2019 14:19,9.6,"Mình không ra quán được nên đặt trên foody, đặt 1 ly trà sen vàng với bánh mì gà xé, trà uống thơm lắm với có milkfoam trên béo béo bánh mì cũng ngon lắm luônXem thêm",30
450,Nguyễn Thị Thu Huyền,4/12/2018 13:58,8.6,"Chỉ là trà sen vàng với không gian thoáng vô cùng, nước chất lượng nè
Sen bùi bùi vừa ăn, lớp milkfarm mẵn mẵn hòa quyện trà nè nên thấy cực ngon luôn á nha.
Nhân viên nhận món ok lắm,Xem thêm",30
451,Hoàng Huy,14/11/2018 20:09,8.0,"Cuối tuần mình có dịp ghé qua quán này để uống cà phê, mình có gọi 1 ly phin sữa đá size vừa để uống, theo mình cảm nhận thì cà phê khá là thơm nhe, vị sữa beo béo nhè nhẹ, do là mình đi sớm nên quán lúc này cũng chưa có đông khách cho lắm chứ tầm 10 hơn là thôi rồi muốn kín cả quán chứ chẳng chơi, nhân viên quán mình thấy cực kỳ lịch sự và thân thiện luôn nhe, không gian quán rộng rãi và thoáng mát lắm luôn nhe, sẽ ủng hộ quán dài dàiXem thêm",30
452,Phuoc Hung Nguyen,29/10/2018 1:58,9.0,Không gian rộng.Xem thêm,30
453,Hoàng Huy,21/10/2018 14:56,8.0,"Hôm nay mình có dịp ghé qua quán này để mua nước uống mình có gọi 1 phin sữa vừa để uống, theo mình cảm nhận thì cà phê khá là thơm nhe, vị sữa beo béo vừa miệng cực kỳ luôn ấy, có điều mình uống tý rồi đem về công ty nên đã bị tan 1 tý rồi nhưng hương vị vẫn còn chất lượng cực kỳ luôn ấy, quán này mình thấy lúc nào cũng đông khách nên đợi làm món cũng hơi bị lâu tý nhe, nhân viên quán thân thiện và lịch sự lắm luôn nheXem thêm",30
454,Trần Anh,15/10/2018 21:45,7.8,"Buổi tối mình thường hay tập thể thao ở Vincom XK nên sau khi tập xong có muốn hẹn bạn cà phê thì cũng hay đi ở đây luôn cho tiện chứ khỏi phải đi đâu chi nữa cho xa. Mình cảm giác như Highlands Coffee của Vincom XK thường vắng khách hơn so với các chi nhánh khác, cả nhiều lúc buổi tối mình đến mà dù trễ vẫn còn bàn để ngồi, nhất là ở đây mình chấm được cái có không gian ngoài trời khá êm, nếu đi tối mình cũng thích ngồi ở ngoài hơn, vừa hóng gió vừa ngắm đường phố được luôn.
Dần dần mình thấy các món nước trong menu của Highlands Coffee có vẻ ngon hơn rất nhiều so với trước đây, tại mình cũng từng được thử cà phê sữa đá, trà vải, trà sen vàng, chỉ có điều hôm trước mình có uống matcha đậu đỏ thì lại thấy chưa ưng lắm, vị matcha đậm quá mức cho phép thành ra mình không thích.
Về bánh thì mình chấm bánh mousse với chanh dây phô mai, khá đậm đà và ngon, ở Highlands Coffee cũng có bán bánh mì ăn sáng nữa, lần sau nhất định sẽ thử ^^Xem thêm",30
455,Ron Swift,19/9/2018 15:34,8.0,"Highlands thì một tuần mình đi tới mấy lần, lúc trước hay ghé bên Xuân Khánh, giờ có chi nhánh Mậu Thân vừa gần, vừa dễ gởi xe nữa nên mình đổi qua bên đó nhiều hơn. Hồi lúc đầu uống cafe ở đây ko quen nên dễ bị say, kiểu chóng mặt í, giờ quen rồi nhưng chỉ thích cafe sữa, cafe có vẻ ko bằng. Khách khứa đến đây chủ yếu là dân văn phòng, với gia đình, khách du lịch nữa, chắc cũng do mức giá quá khá cao, ly cafe sữa size S thôi đã 29k rồiXem thêm",30
456,Nguyễn  Thị Phương Dung,17/9/2018 11:42,8.0,"Sáng năng lượng cùng phin sữa đá và bánh mì ở đây. Bánh mì phải nói là khá ngon cùng cách làm cũng hấp dẫn. Nhất là bánh mì bên ngoài giòn nhưng ko quá khô còn đặc ruột và rất mềm. Ăn bánh mì gà xé nên thịt gà cũng mềm nữa. Rau kèm cũng nhiều mà có rau răm là thấy hơi khó chịu rồi đó, ngò thì đc còn ớt thì may quên nhắc còn để trang trí bên ngoài đặng nhìn bỏ ra không là cay xè lun. Ổ bánh mì này 19k mắc nhưng ko đến nỗi nào. Còn phin là kêu cà phê ít nhưng vẫn rất mạnh đáng uống vực dậy tinh thần cho buổi sángXem thêm",30
457,Thanh Tran,24/8/2018 22:31,7.4,"Rủ uống highlands mà đòi đi ăn bánh nhưng dù sao bánh hôm đó cũng rất ngon, đem tới còn nóng hổi luôn, ko biết hấp lại hay là mới nướng ra lo nữa. Freezee bao tuyệt, kem ngon hơn bên món trà sen.Xem thêm",30
458,Trúc Mai Dương,10/11/2020 12:41,10,"Mua 1 tặng 1 
Trà sen vàng Mới  Size M 
Trà thạch đào  Size SXem thêm",30
459,Phi Phụng Phạm,7/9/2019 22:42,6.4,Socola đá xay + trà thanh đàoXem thêm,30
460,Lý Anh Thy,30/4/2019 21:37,9.6,"Mình luôn chọn Highlands là lựa chọn số 1 mỗi khi muốn đi cafe nha, 1 mình hay với bạn bè đều đến HighlandsXem thêm",30
461,Nguyễn  Thị Phương Dung,19/11/2018 23:59,8.0,"Sáng nếu chưa ăn sáng thì coa thế thưởng thức combo cà phê phin sữa đá vs bánh mì nhé. Chỉ tốn 49k nhé là bao gồm ăn sáng no nê cùng ly cà phê tỉnh trí. Nói chứ cà phê highlands uống xong là sáng trưng con mắt lun. Cộng thêm phin sữa đã uống ko và cảm nhận thì thì vị cà phê khá đầm và đắng. Riêng mình khi uống sữa đó có thể điều chỉnh lượng nhiều đá, sữa để phù hợp vs yêu cầu. Mà nếu thịt bánh mì highland chắc chắc sẽ thích bánh mì nhân xíu mại. Xíu mại làm nướng khi đem bánh mì ra nhìn ngon lắm với bánh mì cũng rất giòn nữa chứ. Nhận thấy combo này rất tiện cho những ai vội đi không ăn sáng.Xem thêm",30
462,Hoàng Huy,14/11/2018 20:22,8.0,"Hôm nay được hôm đi làm ca chiều nên mình có ghé qua quán này để uống nước tám chuyện với đám bạn, mình có gọi 1 ly trà đào, 1 ly phin sữa đá và 1 americano để uống theo mình cảm nhận thì trà đào khá là ngon miếng đào vừa miệng, vị trà đậm đà, còn phin sữa đá thì vị đậm đà của cà phê mình ưng ý lắm nhe, không gian bên này cực kỳ rộng rãi luôn ấy, mà mình đi sớm nên cũng không đông khách như mấy quán ở trong trung tâm thương mạiXem thêm",30
463,Trang Ngọc,6/11/2018 23:15,8.4,"Từ ngày Highlands mở thêm chi nhánh ở đường 3/2 thì mình thường xuyên đến hơn do không gian ở đây rộng và tiện đường ghé hơn phải ghé vào siêu thị. Món mà mình thích nhất ở quán phải nói đến món trà sen vàng. Trà sen thanh mát, thường mình sẽ không để lớp milkfoam cho đỡ ngán. Không gian quán dù khách đông nhưng cũng khá thoáng chứ không ngợp. Nếu thích có thể chọn ngồi phía ngoài để mát mẻ và có không gian riêng hơn, tránh ồn ào. Nhân viên phục vụ nhanh, nhiệt tình.Xem thêm",30
464,Thanh Tran,24/10/2018 18:04,7.0,"Highlands 3/2 - tươi tỉnh đầu ngày bằng combo bánh mì cà phê sữa của Highland thì còn chi bằng, hôm đặt còn được giảm giá nữa đóXem thêm",30
465,Trang Ngọc,15/10/2018 20:11,7.8,"Chủ nhật đi Highlands ngồi phải nói là đông đúc lắm luôn. Mình đi giữa trưa tầm 1g mà đã đông như vậy rồi. Nhưng bù lại không gian thoải mái, mát mẻ. Giá cả Highlands thì hồi trước thấy cao, sau nhiều quán mới mở giá còn cao hơn nữa nên giờ thấy cũng bình thường. Món mới trà đào thạch gì á khá ngon. Trung bình 1 ly nhỏ giá 30 mấy 40k/ly. Thích hợp bạn bè gặp gỡ nói chuyện hơn là học hành. Không gian trang trí lịch sự nhưng bàn hơi san sát xíu, không riêng tư lắm.Xem thêm",30
466,Nguyễn  Thị Phương Dung,12/10/2018 0:58,8.0,"Highlands ở ngã tư mậu thân là quán có không gian rộng nhất trong số hệ thống quán ở Cần Thơ. Đến giờ vẫn vào chiều tối là kín mít cả bàn trong và bàn bên ngoài.  Phục vụ ở đây có thể nói là khá tốt vì ngay lúc để xe ở bãi xe đã có nhân viên hỏi thăm đi mấy người rồi set bàn. Nói thêm bãi để xe rộng mà dễ gởi nó tự do chứ ko phải như ở siêu thị . 
    Ngoài mấy món nước bình thường thì cũng hay có bánh được giới thiệu để ăn kèm cũng ngon lắm. Với vì mới nên cả mấy báo nhận nước cũng tốt hơn mới hơn á. Lúc thanh toán cũng nhanh nhận nước cũng mau. Restroom cũng có riêng thành ra tiện lợi vs tạo mình cảm giác thoải mái hơn dùng chung vs siêu thị á. 
   Nước thì cũng ko có gì nói riết cũng nhàm nên review thêm mấy cái rìa rìa về dịch vụ quán này,  nó làm nhanh trên lầu là em lắm lunXem thêm",30
467,Mỹ,28/9/2018 20:38,9.4,"Chuẩn từ bãi gửi xe cho tới chỗ order rồi tới nhà wc luôn, sạch sẽ vô cùng. Nhân viên lịch sự nhiệt tình, không gian quán xinh và máy lạnh thì muốn quéo thích hợp làm việc, có đưa phiếu để khách feedback và quan trọng nhất vẫn là freeze trà xanh luôn đc t yêu nhấtXem thêm",30
468,hagiangvt Nguyen,"10/06/2020 12:23:01,",2.6,"Chuyện là: hôm nay mình order 1 trà thạch đào size S (giá khuyến mãi 1đ) và 1 ly phin sữa đá size M (giá gốc) ở đây mà khi shipper giao hàng thì giao 2 ly đều là size S?!? Mình đã feedback ở phần đánh giá của NOW rồi nhưng không thấy phản hồi từ phía NOW (bình thường NOW sẽ phản hồi lại liền). 
Dịch vụ của NOW dạo này tệ vậy sao?? 
Lỗi của quán thì ít nhất cũng phải bồi thường chứ??? Tại sao không có một lời giải thích chính đáng nào vậy????
Mình bỏ tiền trả đầy đủ bằng Airpay và nhận lại là một ly rẻ tiền hơn.
Nên xem xét lại đi nhé! Không thì mất khách hàng như chơi đấy!...Xem thêm",30
469,{{Model.Owner.DisplayName}},{{Model.CreatedDate|dateTimeJson}},"{{Model.AvgRating >= 10 ? ""10"" : (Model.AvgRating|number:1)}}",Xem thêm,30
470,{{Model.Owner.DisplayName}},{{Model.CreatedDate|dateTimeJson}},"{{Model.AvgRating >= 10 ? ""10"" : (Model.AvgRating|number:1)}}",Xem thêm,30
471,,,0,,30
472,Dương Lê,12/4/2019 18:30,2.6,"Phần bún đậu hôm nay ko vừa ý chút nào. Vừa thiếu rau,  thiếu đậu hũ,  thiếu thịt,  thiếu nước chấm đủ thứ hết. Thì còn gì nữa. Thất vọng về quánXem thêm",31
473,Thiên Nhi,9/4/2019 20:50,6.8,Lâu lâu ghé ăn cho đỡ thèm và vẫn không có trà đá. Không phải không bán nước mà chỉ là không có trà đá thôi. Uống nước sấu thì cũng tạm được.Xem thêm,31
474,Ngoc Nguyen,14/12/2018 13:51,10,"Mình ăn Ba Hiền lần đầu là ở Ngô Văn Sở( bên hông coopmart) , ăn lần đầu là thích luôn, đồ ăn thì hợp với khẩu vị của mình, quán sạch sẽ, mà phục vụ dễ chịu nữa. Từ đó về sau là ăn ghiền luôn.Ăn không biết bao nhiêu lần mà giờ mới review😅😅😅. Thích nhất là lần nào ăn thì hương vị cũng giống như nhau không hề thay đổi. 
Mình đặt mua về mà nhanh lắm nha, mở hộp ra còn nóng hổi luôn.y như ăn tại quán vậy đó. Lan sau se chup hinh nhieu hon, rv lai😁😁Xem thêm",31
475,Da  Beo,11/12/2018 18:49,7.2,"Bún đậu mắm tôm của 3 Hiền là xếp vào dạng ngon nhất ở Cần Thơ, quán lúc nào cũng auto đông. Lớp khách ăn tại quán, lớp khách mua về. Lần trước nhà mình ghé ăn thử đợi có chừng hơn 20 phút, quá chán việc ăn uống mà chờ đợi. Trong hình là phần bún đậu mắm tôm combo 4 người ăn bao luôn nước uống, giá 235k. Ăn combo này sẽ lợi hơn vì nhiều hơn phần đơn đáng kể. Mình rất thích chả cốm và đậu hủ chiên của 3 Hiền, béo bùi và hương vị đặc trưng riêng.Xem thêm",31
476,Nguyễn  Thị Phương Dung,13/11/2018 13:22,7.8,"Quán nhỏ mà cực đông lun được cái là làm món ko quá lâu vs phục vụ cũng ổn nữa. Chỉ là quán hơi nhỏ và ngồi hơi sát nhau quá thui. Dù ko ăn đc mắm tôm nhưng vẫn rất thích món này thay vì chấm vs mắm tôm thì mình xin chén nước mắm mà nhìn ngta ăn trong ghen tị. Ngon nhất là khi ăn tàu hủ vì nó là tàu hủ non mềm và béo nữa. Chả cốm có cốm trộn bên trong á cũng ngon lắm khi cuốn rau và bún. 
   Thích nhất là phần đặc biệt có nem rán, thịt cũng bự hơn so với phần bình thường chứ độ mỏng thì như nhau.Phần đặc biệt 2 người 90k,  phần đầy đủ 2 người 70k
  Ban đầu bốn đứa kêu hai phần mỗi phần cho hai người ăn như hình tính kêu nữa á mà sau đó no quá rồi.Xem thêm",31
477,Đoàn Kim,11/11/2018 15:16,8.0,"Mới ăn hôm qua :)) lúc đó quán đông. Phục vụ và cả bảo vệ rất nhiệt tình. Order hơi lâu do khách đông nhưng chấp nhận được. Về phần đồ ăn thì theo cảm nhận là mắm tôm hơi mặn nhưng kết hợp với tắc khá ngon, rau thì tươi và sạch, đồ chiên vàng giòn đều. Với 1 phần bình thường 2 người ăn thì giá cả là hợp lí và rất no. Đồ ăn có thể chấm 8/10. Còn về phần view quán thì do mang về nên không biết :)) nhưng chắc chắn sẽ ghé thử lần sauXem thêm",31
478,Giang Hà,5/11/2018 13:03,5.0,"Mình khá hài lòng về quán này tuy mình đặt ahip về nhưng vẫn để vào hộp vô cùng lịch sự có 1 số quán thì không được như vậy họ không để vào hộp mà để tràn lan ra ngoài, thức ăn thì cũng ngon nhưng đồ chiên không được giòn lắm mình nghĩ chắc cũng do 1 phần ship về nhưng nói chung thì mình  thấy  ok  và  cũng recommend mấy bạn ăn thử quá nàyXem thêm",31
479,Mỹ,30/10/2018 14:23,7.0,Thấy nhỏ nhỏ ít ít chứ no lắm nha ^^Xem thêm,31
480,Nghĩa Luong,29/10/2018 21:21,6.8,"Ngon, mắm tôm tuyệt đó
Giá cả thì mấy qán kia cạnh tranh hơn nhưng 3 hiền lúc nào cũng đông khách
Mấy đứa bạn có khi tuần nào nó cũng qua đây ănXem thêm",31
481,Trang Ngọc,15/10/2018 22:25,8.4,"Mỗi lần mẹ với mình đi siêu thị buổi chiều tối là hay ghé vô quán này ăn bún đậu. Mẹ mình khá kén quán nhưng ưng mỗi quán này. Thường thì 2 mẹ con sẽ ăn phần đặc biệt 2 người nhưng nay mẹ gọi nhầm phần bình thường nên kêu thêm nem rán và chả cốm. 2 món này cũng ngon nhất trong mâm. Tàu hủ nhiều quá mà không cho khách đổi sang món khác nên nhiều khi phải bỏ mứa lại. Rau xanh, sạch. Mắm tự nêm nếm lại theo khẩu vị nên vừa ăn. Không gian thoáng, bàn hơi sát xíu nên đông thì hơi ồn.Xem thêm",31
482,Thảo Vi,3/6/2022 11:55,5.0,Đặt 2 combo 5 món 2 người nhưng nhận 2 hộp khác nhauXem thêm,31
483,Le Quoc An,1/5/2020 23:46,3.8,"Thái độ phục vụ khách chưa tốt khách hỏi mà trả lời cọc cằng , nhân viên giao sai phần ăn , riêng thức ăn rất ngonXem thêm",31
484,Nguyễn Tú,22/4/2020 11:37,3.6,"Từ trước tới giờ ăn ở quán đã quen. Kỳ này mùa dịch k đi đâu được đặt hàng ship thật thất vọng. Nghĩ sao đặt 2 phần đặt biệt với 1 phần bún chả thịt. Mà ít hơn 2 phần bth với 1 phần bún chả thịt. Rồi 3 phần mà cho 1 trái tắc, đồ ăn thì k ngon bằng mọi lần. Bán buôn mà lòi lõm vậy rồi ai chơi?? Sẽ suy nghĩ còn ăn ở quán không sau lần đặt hàng này.Xem thêm",31
485,Siến Mai,23/1/2020 16:18,5.8,"Thu ngân nói chuyện vừa nhỏ mà vừa nhanh không nghe được chữ nào. Hỏi lại thì quạo quọ với mình, không phải chỉ mình mà còn có chị kia cũng bị y chang. Sẽ không quay lại lần 2 vì thái độ phục vụ quá kém 👎🏻Xem thêm",31
486,Nguyễn Gia Hải,21/8/2019 18:23,8.0,"Đó h chỉ ăn bún đậu ở 3 hiền, thèm là ship, bt thì ng ta nói rau ở đây ko nhiều bằng nơi khác nhưng t thấy vậy là vừa đủ . 2 lần gần đây không biết là tại rau lên giá hay hết rau mà mình kêu phần đặt biệt 1 ng ăn thêm nem ráng ( đó h đi ăn hay shio toàn kêu z) mà có lác đác vài cọng rau, ko có dưa leo luôn, mình ship h ăn trưa ko phải tối nữa.Xem thêm",31
487,Sowon,19/4/2019 19:01,3.6,"Nghe danh quán này nổi tiếng khá lâu nên ghé thử ăn để biết mùi vị như thế nào. Quán lớn, chỗ để xe thoải mái, có nhân viên dẫn trông xe, đồ ăn thì không quá ngon, lại ít xịu, được cái tàu hủ chiên vẫn còn mềm bên trong cũng khá thích, chả cốm thì ăn cứng quá không mùi vị, thịt luộc cũng vậy, bún đặc biệt hơn  những chỗ khác vì nó hơi bở bở bột nhiều, có người ăn quen có người không, với mình thì không quen. Bạn mình ăn 1 miếng đã bỏ luôn. Nước ngọt mắc quá. 1 ly nhỏ xíu vậy mà 14k. Giá cũng mắc mà ăn chả được nhiu. Quán lớn vậy mà đến cái hóa đơn tính tiền cũng không có. Rồi ra nói giá sao trả vậy. Phục vụ thì nói chuyện nhanh như tia chớp chả nghe ra chữ nào. Chán! Không muốn chạm chân tới lần 2Xem thêm",31
488,Thủy Đỗ,9/3/2019 12:59,7.0,"Quán nằm trên tầng 2,bọn mình từ HN ra nên thấy bún đậu mắm tôm ngoài này hơi khác 1 tí.K bán cả mẹt to mà kiểu mẹt nhỏ nhỏ,cũng có chả cốm,đậu,bún,thịt luộc,rau xanh,...ngoàu ra còn có nem chua nữa,bt mình chưa ăn nem chua vs bún đậu bao h.Phục vụ cug được,chắc quán đông nên đợi hơi lâu xíu.Có nước sâm lạnh khá ngon,mấy bác bảo vệ cug dễ tính,thân thiện.Bún ở đây kiểu cắt khối vuông vuông nhỏ nhỏ,hơi khác ngoài HN :)) mỗi ng ăn tầm 50kXem thêm",31
489,Linh Sone,18/2/2019 18:02,8.0,"Lần đầu tiên đi ăn bún đậu mắm tôm, mình kêu phần đặc biệt 2 người ăn no cả bụng, rđi đồ cũng nhanh,nhân viêm dễ thương cực mình xin rau nước chấm,... các bạn đem ra nhanh lắm mà hôm đấy cũng đông. Mình k biết tên mấy món nhưng nào cũng ngon hết, sẽ ghé nưã ạXem thêm",31
490,Heo Ngộm,14/2/2019 19:00,1.0,"18h32, ngày 14/2/2019. Tôi và bạn đến lúc 17h28, order món từ lúc 17h30 đến 18h28 và chưa có 1 món nào, nhân viên thì thờ ơ, lạnh nhạt hỏi 2 lần mà họ cũng chỉ dạ, kêu đợi, đợi hơn 45 phút đem ra được 2 ly nước, 10 phút sau đem được 2 cái chén với 2 đôi đủa. Đủ 1 tiếng, lần lược các bàn bên cạnh đến sau tôi đều có món trước, tôi đã kêu tính tiền và rời đi. Quán đề nghị free 2 ly nước và cho bill giảm giá cho lần sau. Nhưng thú thật tôi k thể chấp nhận cách cư xử với khách như thế. Và hưa sk bao giờ quay lại.
LÀM ĂN KIỂU THẾ CÓ NGÀY DẸP TIỆM SỚM.Xem thêm",31
491,Mỹ,17/12/2018 22:32,9.0,Luôn luôn ưu tiên 3 Hiền ^^Xem thêm,31
492,Donny  Nguyễn,29/12/2020 12:17,8.6,"Về phần không gian thì khỏi chê, mọi góc đều có thể sống ảo. Trang trí bằng nhiều món đồ cổ, hoài niệm. Không gian ấm cúng, gợi cảm giác bình yên nhưng khách đến quán thì không giữ trật tự lắm. Có sân thượng, không gian ngoài trời khá chill.
✅Đồ uống khá ngon. Giá cả không quá cao, trung bình 30k/món. Đặc biệt có những món đặc trưng đựng trong những chiếc ly rất chất gợi cảm giác thời bao cấp.
✅Ngoài đồ uống, quán có menu đồ ăn khá ổn. Đăkc trưng nhất là cơm tấm mẳn (cơm tấm nhuyễn) Long Xuyên. Ngoài ra, còn có cơm phần gia đình trong các niêu rất xinh.
➡Nhân viên khá thân thiện, nhanh nhẹn. Tuy nhiên do khá đông nên chưa phục vụ tốt lắm.
✅Quán còn có các buổi phục vụ nhạc sống, như phòng trà những năm 80 vậy. Rất hay.
✅Giữ xe ở hẻm sau quán, có người trông xe.
Nói chung quán là một điểm đến rất lý tưởng ở Cần Thơ.
⭕Điểm trừ nho nhỏ là do điều hoà bên trong khá yếu nên còn nhiều mùi, quán có phục vụ cơm nên chú ý đee tránh mùi.Xem thêm",32
493,Quỳnh Dương,25/9/2019 13:51,1.0,"Hôm nay mình cùng chị ăn trưa ở đây, cả 2 chị em đều là nhân viên văn phòng nên bọn mình chỉ có 1h để ăn. Vừa vào là nhân viên nhìn không có tí thiện cảm, lúc khách ord món mặt cứ như vừa mất sổ gạo, xong không biết em ấy ord kiểu gì 30p mình mới có đồ ăn, gọi ba món đem ra đúng 1 món, mình hỏi thì cứ trợn tròn to mắt nhìn mình bảo hết rồi. Hết rồi tại sao lúc khách ord ko nói? Đợi nửa tiếng sau mới nói? Điều bực mình nhất ở đây là thái độ nhân viên của quán. Mình đến đây lần đầu tiên và cũng là lần cuối cùng.Xem thêm",32
494,Nguyễn Trương Mỹ Duyên,26/4/2019 20:39,1.0,"Nhân viên ở đây ngày càng tệ nhỉ! Lúc trước thích nhạc ở đây nhưng giờ chắc m khó quay lại vì thái độ nhân viên, mặt mày quạo quọ mà còn tỏ ra khó chịu với khách.Xem thêm",32
495,Tambourine Tim,12/12/2018 22:14,7.8,"Mỗi lần thèm nghe Acoustic là lại ghé 1985. Quán có phục vụ mì cay ăn cảm thấy rất ngon, vị đậm đà và nhiều đồ ăn tươi nữa. Ngoài ra nếu gọi combo mì với soda trái cây thì sẽ có giá tốt hơn. Nếu chỉ ăn mì thôi thì sẽ phụ thu tí tiền nghe nhạc. Mình hay đi ngày thứ, đợt ngay nhóm nhạc trẻ Mộc band. Cảm thấy tinh thần rất thoải mái vì họ vừa hát vừa đánh guitar, nhẹ nhẹ. Không gian 1985 kiểu hơi cổ cổ tí vậy mà hay. Một số góc đẹp đều đã có khách order trước.Xem thêm",32
496,Ron Swift,15/11/2018 21:59,7.8,"Mình lướt facebook hay thấy mấy bài đăng về Cần Thơ, đến Cần Thơ thì chơi gì, ăn gì thì lúc nào cũng thấy quán này nằm trong list các điểm nên ghé khi đến du lịch ở Cần Thơ. Quán nằm ở bờ hồ Xáng Thổi í, đi từ Lý Tự trọng qua cũng được do quán 2 mặt tiền. Bên ngoài quán trang trí theo kiểu vintage, bên trong trưng bày nhiều món đồ cũ như xe 67, xe cúp, rồi tivi trắng đen nữa. Mình nhớ là mỗi tối thứ 7 còn có live music nữa. Giá nước chừng 20 - 30k, xứng đáng với không gian + chất lượng.Xem thêm",32
497,Phạm Trần Phương Trâm,13/11/2018 7:27,8.0,"Bữa quán có khuyến mãi kem này nên đã ghé quán mua về nhà để trải nghiệm thử. Quán này thì quá quen thuộc với người dân Cần Thơ, quán nằm ở đường Huỳnh Cương từ đường Nguyễn Thần Hiến chạy vào là thấy ngay à. Quán được trang trí theo phong cách cổ, vintage khá đẹp với những vật dụng và đồ dùng cổ xưa. Như hình là cây kem milo của quán, đáng ra nó đẹp lắm nhưng tại vì vì chạy ngoài đường nên nó thành vậy. Kem ăn khá ngon, có vị và mùi thơm của milo. Cây như hình có giá 10k áXem thêm",32
498,Đoàn Kim,11/11/2018 15:29,8.4,Gọi là thú vị vì quán có view rất hợp gu mình :)) nó hơi cổ và trang trí rất đẹp. Đồ uống cũng đa dạng khá ngon có thể chấm điểm 9/10. Nhưng đại khái là do view đẹp nên tự khắc đồ uống nó ngon :)) hình như quán có những tiết mục hát nữa nhưng bản thân bị thu hút bởi view ở trên cao hơn nên bỏ lỡ. Còn tự hứa với lòng sẽ dẫn người yêu đến uống nước ở đây khi có dịp và có người yêu. Sẽ còn ủng hộ dài vì quán với mình rất rất dễ thươngXem thêm,32
499,Viên Pink,31/10/2018 12:50,2.4,"Chưa thấy quán nào thái độ nhân viên lại tệ như vậy. Mình đợi mua hộp cơm tấm long xuyên mà cả nửa tiếng chưa mang ra, hỏi thì bảo đợi tí. Chả hiểu chủ quán nghĩ gì khi thuê mấy bạn nhân viên lười biếng như thế, người này tị nạnh người kia chả ai chịu ra tiếp khách. Các bạn lưu ý quán này dùm nhé nếu không muốn rước cục tức vào người.Xem thêm",32
500,Trang Ngọc,19/10/2018 22:51,8.4,"Chộp ngay lúc khuyến mãi mì cay đồng giá 20k là mình đi ăn ngay. Mì ở đây tuy không được xuất sắc cho lắm nhưng với giá 20k thì cũng rất ổn rồi nhe. Thấy các bạn review trên facebook phàn nàn về thái độ phục vụ lâu hay bơ khách gì đó, nhưng mình thấy mì cũng được bưng ra khá là nhanh, các bạn cũng có đứng nói chuyện với nhau nhiều, kêu thì lâu lâu nghe lâu lâu không nhưng thiệt ra cũng không tới nổi :3 nhắc lại tô mì thì nước dùng ok, đúng chất mì cay, đồ ăn cũng nhiều, tô mì hải sản có cả xúc xích xông khói, ăn rất okXem thêm",32
501,Tai Vo,19/10/2018 19:07,8.6,"Trong chuyến công tác Cần Thơ được anh bạn dẫn vào quán này. Phải nói không gian rất cổ điển, nhiều hiện vật trưng bày thuộc thập niên 80-90. Ăn sáng ở đây đa dạng, cơm tấm 1 đĩa to với thịt sườn mềm và chén canh ngọt. Mình có thói quen uống cafe sữa nóng dù đến bất kỳ đâu, cafe thơm. Nhân viên vui vẻ, nhiệt tình!Xem thêm",32
502,Hoàng Nhi,"02/04/2019 20:55:26,",8.0,"Buffet đi 3 tính 2 với mức giá 169k + vài lon Strongbow là đủ chill cho 1 buổi tối hội hợp bạn bè rồi (đi cuối tuần trước mà giờ mới kể kkk ). Phải nói là ăn buffet ở bao nhiêu chỗ rồi vẫn thích King BBQ nhất. Từ mức giá, độ ngon của các món nướng,... đến cách phục vụ điều rất hài lòng. Dù lúc full bàn, hết bàn này đến bàn kia bấm chuông thì các bạn nhân viên vẫn vui vẻ, phục vụ nhanh & chuyên nghiệp. Quản lý cũng rất thân thiện và vui vẻ với khách. 
#ChillWithStrongbow
#Foodie #FoodyCầnThơ...Xem thêm",33
503,Linh Hồ,"12/01/2019 16:57:50,",7.2,"Mình ăn buffet 200k ba chỉ là nhiều bạch tuộc thì bở, nhân viên nói chuyện gọi  k nghe đợi khách  bấm chuông, chỉ có  món tráng miệng là ngon .....Xem thêm",33
504,Phi Phụng Phạm,"11/01/2019 23:48:33,",7.6,"Mấy bạn nào thích ăn cá hồi thì kêu buffet tầm 200 mấy trở lên là ăn đã luôn. Tại mình mê cá hồi. Ăn buffet ở đây vừa sang, vừa sạch, nhân viên phục vụ ổn. Giá cả cũng ok...Xem thêm",33
505,Trần Anh,"05/11/2018 16:44:13,",7.0,"Vào dịp sinh nhật cô bạn mình nên tụi mình 3 đứa chọn đi ăn ở đây, trước khi quyết định chọn ở đây cũng có tham khảo là do có chương trình ưu đãi đi 3 tính 2 từ T2-CN trong khung giờ 10h-22h. Tụi mình thấy áp dụng cũng nhiều chi nhánh King lắm mà do mình có gọi đặt bàn thì ở đây có bàn đúng khung giờ tụi mình đi được nên tụi mình chọn ăn ở đây.
Trong các chi nhánh thì mình thấy không gian của chi nhánh này nhỏ nhất, chiếm diện tích hơi hẹp, bàn ngồi ăn cũng san sát nhau, không được thoải mái.
Tụi mình chọn giá vé 149k chưa bao gồm VAT, và tụi mình được ăn thỏa thích các món trên kệ với có thể gọi thêm các món như soup, hay miến trộn, hay là thịt bò heo để nướng.
Mình cảm giác được là nước chấm ở đây chưa xuất sắc lắm, rau sạch và cứ xin nhân viên là cho, nhân viên cũng có vài người tạm được chứ nói về ok hết thì cũng không hẳn. 
Ăn buffet nên ăn xong là tụi mình lại lăn về ^^...Xem thêm",33
506,Hiếu Minh,"19/10/2018 20:28:24,",8.6,"Lâu lắm mình mới quay lại chi nhánh này, thấy có nhiều điểm thay đổi tích cực lên hẳng. Điển hình là cái giá có thể để nhiều dĩa thịt lên đó tiện lợi và khá tiết kiệm chỗ trống trên bàn, nhân viên bưng thịt ra cũng đỡ cực hơn nữa. Giá vẫn như cũ, đồ ăn trên line có vẻ ít hơn trước nhưng chắc do mình đi 2h trưa nên ít ai ăn nên bếp ít ra đồ ăn. Riêng vêc phần nhân viên mình thấy mấy bạn lễ phép, nhiệt tình và rất chuyên nghiệp . Mình thích bên này vì không gian vừa, không bị ngợp á...Xem thêm",33
507,Nguyễn  Thị Phương Dung,"17/09/2018 12:42:12,",7.4,"Cảm thấy dù ăn menu nào thì món bò ở đây không được ngon dù đã ăn  bên Lotte Mark lun. Bò có vẻ để đông lạnh thành ra vừa mất độ tươi dai vừa mất đi mùi vị bò tươi và màu sắc cũng không hấp dẫn nữa. 
   Ngoài bò ra cũng có heo, gà, rồi hải sản nhưng thật sự cũng không ổn. Đa số lại không ướp và khi nướng đúng là ăn với nước chấm thì ngon hơn nhưng vẫn thiếu vị. Chưa kể món cá là rất khó ăn, cá mềm nhũng, rồi nướng trở tan nát hết. Gà hay heo thì còn đỡ chứ món cá dù nướng nguyên con hay giấy bạc thì cũng fail hết. Có được là mấy món soup kèm thì soup đuôi bà thì uống khá ngon còn lại cũng chẳng ngon lành gì nhất là canh kim chi 😥. Nước có strongbow rồi nhé...Xem thêm",33
508,phương trúc,"21/08/2018 19:11:19,",8.6,"Mình đi ăn Buffet nướng ở nhiều nơi trên đất Cần Thơ rồi nhưng...
Không hổ danh là cái nhà hàng Buffet nướng đầu tiên của Cần Thơ màaa nhân viên chuyên nghiệp, thân thiện, cái gì mà nhân viên hỏi thăm tới ngại luôn ý hiihii.. 
• Món ănnn Ôi cái đặt biệt là cái King bên này đi ăn lần nào củng có canh rong biểnnn, bánh tiramisu nửaaa chứ toàn những món mình mê mẫn từ King BBQ.
• Được cái đi 3 mà tính có 2 à haha ăn no nê tính tiền chỉ 2 người thoaii (Mình nghe nói chỉ có King bên này là áp dụng 3 tính 2 cả vào buổi tối nhaaa các bơnnn)...Xem thêm",33
509,Huy Mamul,"14/07/2018 19:20:29,",8.4,"Thật sự thì quá no. Thịt tươi, cá ngon, khoái cá bơ nhất. Cơ mà bữa nay nhà hàng đông quá mà nhân viên vẫn nhiệt tình, book món cũng nhanh nữa!!!
#cảmơnbạnmómmóm...Xem thêm",33
510,Thảo Ngọc,"10/07/2018 16:14:11,",7.6,"Lần đầu tiên đi ăn ở đây cảm thấy thật tuyệt vời, ngon nhất là món cá sốt bơ nướng này nhe...theo khẩu vị của mình thì nó ngon thật 😍 Đang có chương trình khuyến mãi đi 3 tính 2 cho tất cả menu luôn, mình dùng menu 199k, đi 3 mà tính 2 à vừa rẽ vừa ngon nữa.. Đồ ăn trên line thì luôn được đem lên,.Mặc dù quán có hơi đông nhưng được cái mấy bạn phục vụ rất nhiệt tình, thay vĩ thì thường xuyên, gọi món tuy có hơi lâu 1 chút nhưng nhân viên nói chuyện cũng lễ phép và xin lỗi nên mình vô cùng thích cách phục vụ đây luôn. Cảm ơn King đã cho e và 2 đứa bạn 1 bữa ăn ngon lành 💖  Bạn nào team đồ nướng giống mình thì hãy đến ăn nhanh lên nhe....Xem thêm",33
511,Phương Trần,"10/07/2018 13:20:23,",6.2,"King BBQ thương hiệu đồng hành cùng gia đình tôi,
 Hậu là hôm qua có đền ăn sinh nhật cùng gia đình mà khách đông quaasaaaa . Mới 6h tối thôi mà đả không còn bàn phải đợi cả 1 tiếng mới vào được nhà hàng. Vào đến nơi thì món ăn ra củng khá lâu nhưng củng đành phải chịu vì thấy nhân viên chạy sấp mặt vậy á, nhìn rất là tội luôn. Mình đánh giá cao về dịch vụ ở đây vì biết là ra món chậm nhưng các bạn rất vui vẻ xin lỗi liên tục đến nổi cả nhà mình ngajiiii luôn ý
Nói chung sẻ tìm 1 ngày vắng khách và sẻ tiếp tục thưởng thức, đặt biệt là được cái 3 Free 1 nửa chứ...Xem thêm",33
512,{{Model.Owner.DisplayName}},{{Model.CreatedDate|dateTimeJson}},"{{Model.AvgRating >= 10 ? ""10"" : (Model.AvgRating|number:1)}}",Xem thêm,33
513,{{Model.Owner.DisplayName}},{{Model.CreatedDate|dateTimeJson}},"{{Model.AvgRating >= 10 ? ""10"" : (Model.AvgRating|number:1)}}",Xem thêm,33
514,,,0,,33
515,Trang Ngọc,18/10/2018 21:43,8.2,"Cũng khá lâu rồi mình mới đi ăn buffet do 1 đợt ăn trên Sài Gòn ngán tới giờ. Nay bạn rủ nên 2 đứa đi ăn. 2 đứa ăn chắc cũng khoảng 500k nhưng bù lại chất lượng lắm. Lâu rồi mới được ăn ngon 1 bữa đúng điệu. Dù giá có hơi mắc xíu nhưng được ăn mấy món thịt bò mình thích, với được ăn nhiều món khác nhau nữa, nhiều sự chọn lựa. Đồ ăn thấy tươi, nêm nếm ngon, nhân viên phục vụ chuyên nghiệp, thân thiện. Không gian cũng thoải mái, lịch sự. Sẽ ghé lại.Xem thêm",33
516,Phương Trần,3/5/2018 22:07,8.8,"Bản thân mình phải gom hết lúa hết thóc mới dám vô King ăn một bữa hoành tráng như thế này nhé các bạn. Nhưng mà xứng đáng lắm nha, đồ ăn ngon khỏi bàn cãi, tươi lắm tươi, các bạn ăn nào no thì về nhé, nhân viên vẫn rất vui vẻ và đem đồ ăn ra đều đều luôn. Mấy bạn phục vụ cực dễ thương, trẻ trung mà tâm lý nữa, mình thích bạch tuộc các bạn để ý biết nên đem ra nhiều làm mình ưng bụng lắm. Tiếp tục cày kiếm thêm lúa rồi có dịp ghé ăn nữa nào :)Xem thêm",33
517,Hoàng Huy,19/3/2018 18:14,8.0,"Mình đã thử hết các chuổi cửa hàng của king bbq rồi và thấy bên này là đông khách hàng nhất và dễ hết chổ nhất luôn nên khi qua đây ăn thường phải đi sớm hoặc đi những hôm đầu tuần cho vắng khách chứ đi ngay hôm cuối tuần thì thôi ngồi hơi cực, nhưng đồ ăn thì mình thấy mấy món cũng khá là như nhau và ướp khá là ngon và thấm gia vị lắm nhe, đồ ăn tươi cực kỳ luôn ấy, giá cả cũng khá là đa dạng nên cũng dễ lựa được phần combo phù hợpXem thêm",33
518,Thy Lý,2/11/2017 17:44,8.2,😍Xem thêm,33
519,Nhẫn Nguyễn,17/7/2017 16:23,8.6,"Chụp hết cái menu bbq cho mọi người xem luôn. Không gian sang trọng, phục vụ chuyên nghiệp nhưng khi qua huốt 4h mà vẫn còn ngồi đó ăn thì hơi bị nhân viên lờ đi. Thích nhất là vừa ăn xong thì lại ra món khác, ăn hoài ăn mãi luôn mà vẫn không hết, ăn đến khi vỡ bụng thì thôi :)))Xem thêm",33
520,Nguyễn Thị Thảo,16/11/2023 14:47,9.8,Rất là ngon miệngXem thêm,34
521,Trần Anh,9/4/2018 21:39,8.0,"Quán này bề ngoài nhỏ xíu hà nhưng vào bên trong cũng rộng rãi lắm, quán mới sửa sang lại nên có vẻ ok hơn trước. Bạn mình thích quán này lắm, nên lâu lâu cuối tuần là rủ cả bọn lại đây ăn khuya hà.
Mình với bạn thường ăn lúc tầm tối nên quán cũng sắp đóng cửa rồi bởi vậy khá vắng người, tụi mình xem 1 lượt menu thấy toàn món Hàn, tụi mình kêu cũng tầm 3 4 món gì đó, mình thấy món nào cũng ok, mình bị ấn tượng mì udon xào, với lại bánh mì nướng bơ.
Thiệt là mì udon sợi to mềm, đồ ăn xào kèm cũng khá ngon. Mà nêm nếm của quán vừa ăn lắm, mình cũng có ăn lẩu ở quán rồi, nhưng nếu đi tầm 5 6 người mình nghĩ nên kêu 2 lẩu mới vừa ăn!
Bánh mì nướng bơ ở đây ngon tuyệt, thơm bơ lắm, mà bánh mì nướng không quá khét nhưng lớp bơ trên bánh vẫn chín. Bánh được chấm với sốt mayoner cũng ngon lắm ^^. Béo béo mặn mặn!!
Nhân viên hiền khô, dễ thương lắm!Xem thêm",34
522,Diễm Chi,15/3/2018 15:31,7.6,"Đi hôm sinh nhật đứa bạn, nó chọn quán này vì có nhiều món ăn với không gian cũng ok. Hôm đó trời mưa nên quán cũng hơi vắng khách, không gian cũng rộng, nhiều sự lựa chọn.
Menu nhiều món ăn đặc biệt, BBQ, lẩu hot pot với giá cũng hợp lý.

Tụi mình gọi :
+) 1 lẩu uyên ương 150k: nồi 2 ngăn, nước lẩu vị thuốc bắc vị ngọt và vị cay. Khi ăn cần trộn lẫn hai loại soup thì mới ngon nhé.
.
Còn một món mình khá thích là Mì Udon xào với sợi mình to, ngon, hơi béo nhưng không gây ngán. 
Bánh mì bơ tỏi cũng ok lắm, thơm dậy mùi tỏi luôn, giòn khấu.
Nhân viên phục vụ vui vẻ, tụi mình yêu cầu nhiều thứ nhưng đều nhiệt tình đáp ứng.Xem thêm",34
523,Phương Trần,7/3/2018 21:42,8.0,"Nhỏ bạn bầu bí nên ưu tiên cho chọn quán, nhỏ chọn ngay Toki hot pot & BBQ luôn, nhỏ nói quán làm đồ ăn ngon, sạch sẽ lại còn được ngồi phòng lạnh mát mẻ nữa và thế là ba đứa một mạch tới quán thôi. Quán nằm ở đường Nguyễn Khuyến, giáp với đoạn đường Hoa Viên chuyên ăn uống nên rất dễ tìm. 

Hôm đó tụi mình gọi món lẩu và một phần cơm đúc lò, nghe nói ngon lắm. Mặc dù chờ hơi lâu xíu do quá đông khách nhưng bù lại dĩa cơm đem ra nóng hổi, thơm nức mũi luôn. Dĩa cơm to, nhiều, ba đứa ăn no muốn hết ăn lẩu luôn đấy. Còn lẩu thì thơm lắm, nước lẩu vừa ăn, hải sản rất tươi. Nói chung là tuyệt.Xem thêm",34
524,Kiều Diễm,13/2/2018 14:24,8.0,Chọn Toki Hot Pot & BBQ để tổ chức sinh nhật là một quyết định đúng đắn! Đồ ăn ăn rất ngon. Quán yên tĩnh và nhân viên rất tử tế! Sẽ quay lại lần 2!Xem thêm,34
525,Trần Anh,6/2/2018 13:48,7.4,"Quán nằm trên đường Nguyễn Khuyến. Bề ngoài nhìn quán có vẻ hơi nhỏ, nhưng vào trong thì không gian quán cũng được lắm. Tầng lầu trên của quán có chỗ ngồi phía trong lẫn phía ngoài. Mình thích ngồi bên ngoài hơn, vì thoáng mát và có view cũng ổn lắm. 
Mình đi với nhóm bạn mình gồm 4 5 người gì đó, mình gọi 1 món lẫu, 1 món bò nướng mật ong, 1 sườn nướng coca. Theo mình thì đồ ăn có nhanh, kêu chừng tầm chưa tới 10p là quán đã ra lẫu. Mình thì không ưng món lẫu lắm vì có mùi thuốc bắc. Còn với những món kia mình thấy cũng được. Chỉ có điều giá của quán hơi cao. 
Sườn hay bò ướp cũng hợp khẩu vị mình lắm, mà đồ ăn thì hơi ít. Chắc tại nhóm mình đi cũng hơi đông. Nhân viên cũng dễ thương mà chu đáo lắm ^^Xem thêm",34
526,Tâm Phan,5/2/2018 12:38,8.8,"Ta nói ăn ở quán biết nhiêu lần rồi mà giờ mới rãnh viết review, cứ sinh nhật hay tiệc tùng gì là cứ Toki làm tới. Cũng bởi vì đồ ăn quá ngon, không gian đẹp, phục vụ nhiệt tình, giá cả phải chăng nữa. Đặc biệt quán có món lẩu uyên ương với món tàu hủ khói lửa ngon tuyệt cú mèo, lần nào lại ăn cũng phải gọi 2 món này. Tụi mình đặt bàn trước còn được trang trí tiệc sinh nhật miễn phí nữa. Đến được 1 lần là muốn đến lần sau, các tín đồ lẩu nướng nên ghé thử nhé!Xem thêm",34
527,Chúc Yên,2/2/2018 21:23,9.8,"Hôm rồi mình và cô có vào thử toki. Kêu một lẩu uyên ương và một phần mực nướng, mấy bạn nào có thể chịu được mùi thuốc bắc thì có thể cảm thấy ngon nhưng mình thì cực ghét thế là chả ăn được gì. Mực nướng dai thơm và ngọt, một phần mực như này ăn xong có thể no khỏi ăn lẩu luôn í chứXem thêm",34
528,Hoàng Huy,2/12/2017 12:05,8.0,"Đi ngay hôm sinh nhật của đứa bạn trong nhóm nên có nhờ quán trang trí, ta nói cũng đẹp lắm nhe, nhìn quán trang trí cũng khá là ưng ý, có gọi 1 số món để ăn, do đi không đông nên vài ba món thôi mà no căng cái bụng rồi, quán này chế biến đồ ăn cũng mau lắm ấy chứ, mà đồ ăn nêm nếm cực chuẩn luôn gia vị đậm đà, quán thì thoáng mát nữa, lần đầu ăn món bánh mì nướng bơ hay gì đó thấy khá là lạ miệng nhe nhưng độ ngon thì cực chuẩn luônXem thêm",34
529,Ku Bin,2/12/2017 12:02,8.0,"Quán này là 1 trong những quán mình hay ghé tới nhất luôn ấy chứ, vì giá cả cực kỳ ổn mà lại có nhiều món ăn lắm luôn nhe, nào là từ món nướng tới lẩu rồi có vài món là lạ nữa chứ
Mình nay đến quán gọi 1 phần lẩu kim chi để ăn, do đi có 2 đứa à mà ăn cái lẩu này xong thì thiệt tình no lắm luôn nhe đồ ăn quá trời luôn ấy chứ, mà nước lẩu chế biến ngon cực kỳ luôn nhe, không gian quán trên lầu nên cũng thoáng mát gió trời lắmXem thêm",34
530,Minh Hạnh Nguyễn,28/10/2020 12:24,10,"Mình ở SG nhưng cực thích đồ nướng ở đây. 1 năm cũng ghé mấy lần, đồ nướng nêm nếm ngon, không gian rộng cực kì thoải mái. Giá thành okie lắm nè 😍Xem thêm",35
531,Sơn Huỳnh,6/3/2020 9:46,1.8,Ăn lẩu kim chi mà mình tưởng ăn lẩu gà hầm xả không chứ. Kêu rau khác nhân viên 1 2 nói lẩu kim chi là ăn rau này. Thôi kệ coi như kiến thức mình nông cạn vậy.Xem thêm,35
532,Lê Thanh Thanh,11/11/2019 8:10,3.8,"Hình như bán đắc quá nên không cần bán nữa hay gì á, kêu món sụn gà chiên, ghi order cho đã, 30’ trôi qua vẫn không thấy, mình nhắc thì kêu đợi 25’ nữa vì nãy quên, 30’ sau cũng chứ thấy mình nhắc lần 2 thì bảo nãy bếp đông quá nên bếp không nhận, giờ muốn ăn phải đợi thêm 25’ , làm ăn gì kì cục, mất hứng, ko bao giờ quay lạiXem thêm",35
533,Thi Minh Nhựt,20/10/2019 22:00,1.0,"Mình dô trước, ngồi đợi khoảng 15 phút và đã gọi nhân viên lại gọi món, nhưng vẫn không có ai lại hỏi gọi món gì và dọn chén đũa. Trong khi những bàn sau vào sau mình thì được nhân viên tiếp đón niềm nỡ, dọn chén đũa, đưa menu gọi món. Nhân viên đi ngang thấy bàn mình nhưng vẫn không lại phục vụ, chắc thấy mình ăn mặc bần quá, khi nào rãnh rỗi phục phụ cũng được. Ngồi đợi quê quá phải đứng lên đi về. Không bao giờ trở lại quán Cao Ký nữa.Xem thêm",35
534,Ngọc Linh Nguyễn,26/7/2019 17:55,1.0,"Mình đã ăn cao ký từ mấy năm nay nhưng không bao giờ quay lại đây nữa.
Mình lại quán ăn lúc chiều tầm 5h30 và trời thì chuyển mưa hơi tối. 
Mình có nói “em ơi! Mở đèn giùm chị” tổng cộng là 3 lần với 3 bạn nhân viên. Mình nhận lại là không 1 tiếng ơi, không một lời nào.
Mình hơi bực nên la lớn “em ơi! Mở đèn giùm chị”
Sau đó có 1 bạn mở đèn. Và ngay sau đó có 1 bạn tắt liền và nói “chưa tới giờ mở đèn chị ơi”
Rồi món thứ 2 của mình lên mình mới hỏi bạn nhân viên “ủa, ủa quán em đúng giờ mới mở đèn hả? Khách tối kệ khách luôn”
Rồi đèn mới được mở lên.
Mình đã 3 lần mời quản lý ra nói chuyện mà nhân viên không ai lại nói tiếng nào, không một lời nói gì luôn. Tệ khủng khiếp tệ.
Từ đây về sau mình KHÔNG BAO GIỜ QUAY LẠI NỮA. Chúc bạn nam đó sẽ thành công trong cuộc sống, Chúc quán làm ăn phát đạt khi quản lý nhân viên như vậy. ThanksXem thêm",35
535,Pumpkin Ng,16/7/2019 18:53,9.0,"Mình ăn cháo ếch Singapore, nêm nếm khá vừa ăn. Một phần như vậy giá 35k là quá ok.
Phục vụ dễ thương, thức ăn mang lên cũng nhanh.
Quán có bãi giữ xe luôn mà mình không biết nên chạy vô bãi xe siêu thị gửi rồi mới đi bộ qua.Xem thêm",35
536,Trần Anh,12/12/2018 22:39,8.0,"Mình nghe danh quán này đã lâu, nhưng lần này mới có dịp đi ăn thử, mình đi tổng cộng 10 người, bạn mình có gọi đặt bàn trước và cũng gọi món trước luôn, hình như thói quen của quán là vậy. Mình cũng không biết bạn mình gọi món gì, khi đến thì món nào được ra thì ăn thôi hà.
Mình cũng không có xem menu luôn mà theo mình biết là quán này có rất rất nhiều món mà nên đi đông vì nếu đi 2 người sẽ không được thử nhiều món vậy đâu.
Mình đánh giá về đồ ăn tổng quan chung thì 1 món dao động từ 100k trở lên, và đúng là giá thế nào chất lượng sẽ nhiều như vậy, nêm nếm thì cũng ổn.
Mình chấm chỗ thịt nướng ăn ngon, khoai tây lẫn khoai cao chưa chiên giòn lắm, bánh gạo thì do mình thích thanh cua mà bánh gạo bạn mình gọi là thập cẩm, nước sốt bánh gạo ngon!
Về rau xào nấm cũng ngon mà khá giống đồ ăn chay, nấm to lắm, mà quán có chuẩn bị sẵn rong biển để ăn cùng thịt nướng, nói chung được đó! Đặc biệt kim chi do quán chuẩn bị cay lắm luôn. Quán có không gian cũng rộng mà chỉ chừng vài bàn chứ không đông lắm, nhân viên cũng nhanh nhẹn ^^Xem thêm",35
537,Thanh Tran,11/12/2018 17:40,7.4,"Khá lâu rồi tụi mình mới ghé lại ăn, mà không muốn đợi lâu thì phải gọi điện đặt bàn đặt món trước.
Tụi mình đi 10 người, gọi nhiều món lắm, tính ra mỗi người chỉ khoảng 120k thôi, lời hơn đi ăn đám cưới nữa.
Đồ ăn nêm nếm ok, phục vụ ổn.Xem thêm",35
538,Diễm Chi,10/12/2018 11:14,7.4,"Mới có lương là rủ rê nhau đi ăn ngon liền nè.
Từ đầu khu dân cư 91b chạy thẳng tới gần cuối đường, nhìn bên tay trái có “hội quán 91”, rẽ vào đường đó là thấy quán.
Có nhà đậu xe xéo xéo quán, có bác bảo vệ trông xe.

Quán chuyên các món ăn từ nhiều nền ẩm thực như: Việt Nam, Hàn Quốc, Nhật Bản, Thái Lan, Hồng Kông, Singapore, Châu Âu. 
Menu cũng đa dạng món lắm í.

Đồ ăn cũng nêm nếm vừa miệng.
Phải gọi đặt bàn và đặt món trước.
Đi trên 10 người không phục vụ luôn.
Không đem đồ ăn, thức uống từ bên ngoài vào quán.Xem thêm",35
539,Hoàng Huy,8/12/2018 18:39,8.0,"Trong đám bạn mà có sinh nhật hay tổ chức gì đó thì mình cứ hay rũ rê tụi nó qua quán này để ăn miết à đồ ăn ngon mà nhiều lắm nhe, giá cả tính ra cũng vừa phải lắm luôn ấy, mình hay gọi món lẩu kim chi và bánh gạo cay hải sản để ăn lắm luôn, đi nhóm 5 người mà ăn bao nhiêu đó thôi đứa nào nấy no căng cái bụng chứ chả đùa, quán này cũng mau hết món lắm nên mình hay đặt bàn trước và gọi món trước để khi tới là đem ra luôn cho mau lẹXem thêm",35
540,Trúc Mai Dương,15/1/2021 15:44,7.4,"Trà sữa Bí đỏ, cũng ok!!!Xem thêm",36
541,Hoang Phuong Do,12/12/2018 22:30,7.4,"Quán dạo này đẹp quá xá đẹp luôn nè, sáng sủa, cách bày trí đẹp, có cây xanh lại mát mẻ nữa, nhưng khôgn gian khá là nhỏ. Bù lại với vẻ đẹp đó là giá lại cao ngất, cao hơn ngày trước rất là nhiều luôn nhe. Nhân viên phục vụ khá là nhiệt tìnb và vui vẻ, bảo vệ thì khi có khi không nên đôi lúc hông biết đậu xe ở đâu nữa, có khi ra hông thấy chiếc xe tưởng đâu rồi ai dè dẫn qua tít bên kia
Nước uống có phần ít ngọt hơn, mà vẫn ngọt hơn so với những quán khác, vị trà đậm hơn nhiều rồi.Xem thêm",36
542,Nguyễn Lê Kim Ngân,21/11/2018 13:56,8.6,"Kaori, Tiên Hưởng với Chaitea là 3 chỗ mà mình uống trà sữa vào thì thức tới 3,4 giờ sáng :))))
Kaori yêu thích của mình đã ko còn nữa kể từ khi sửa thành quán mới đẹp đẽ rộng rãi thoáng mát như bây giờ.
Lúc trước thích Kaori vì vị trà sữa rất đặc biệt, nhất là trà sữa caramen.
Được cái bây giờ quán đã sáng sủa phù hợp học nhóm này kia. Mà có cái vặn nhạc hơi lớn, nói chuyện thỉnh thoảng ko nghe nhau.Xem thêm",36
543,Hoang Phuong Do,19/11/2018 21:13,7.4,"Ô kê, fine lắm fine luôn. Sửa quán xong rồi tăng giá chóng mặt luôn hà. 
Quán mới sửa trông khá khang trang, không gian đẹp mát mẻ nữa. Mà hơi buồn là giá tăng chóng mặt luôn hà. Nhớ ngày chưa sửa hình như ly trà sữa có 22 nghìn hay gì hà mà giờ tăng lên cũng 30 nghìn. Mà phải tăng tiền tăng luôn kích thước ly đâu, ly còn nhỏ hơn ngày trước nữa. Ôi đau lòng đứt từng đoạn ruột. Vị trà sữa thì hầu như cũng như thế thôi, vị hơi ngọt và béo ngậy. Chắc mai mốt dọn qua 3/2 luôn.Xem thêm",36
544,Hoàng Yến,3/11/2018 13:48,8.8,"Không gian đẹp, mình hay mua về uống, trà sữa nước uống rất nhiều loại . Mỗi lần lại là mua 1 loại mới để thử. Không gian có trên lầu dưới đất, rất thích hợp học nhóm hoặc họp hội bạn bè cuối tuầnXem thêm",36
545,Phương Trần,7/10/2018 19:40,7.8,"Trà sữa một thời sinh viên của tôi là đây. Lúc học đại học, miễn được ra sớm là bạn bè lại cùng nhau tụ tập ở trà sữa Kaori tám chuyện rồi kể cả những khi học nhóm cũng ra đây nữa. Giờ ghé thì không gian quán và phong cách của quán cũng khác xưa rất nhiều rồi. Không gian giờ được làm lại đẹp, sạch sẽ và sáng sủa lắm, trang trí nhiều cây xanh nên mát mẻ và dễ chịu vô cùng. Về vị trà sữa thì cũng khác trước lắm luôn, giờ có nhiều món mới và đặc biệt hơn. Nhưng mình vẫn thích và nhớ hương vị trà sữa cũ.Xem thêm",36
546,Phương Trần,5/9/2018 21:22,8.2,"Kaori là một trong số ít quán trà sữa đời đầu ở Cần Thơ vẫn còn tồn tại và vẫn được nhiều vị khách yêu thích và em vẫn dành tình yêu đặc biệt cho Kaori. Kaori bây giờ lột xác nhiều, không gian đổi mới hơn, hiện đại hơn nhiều, quán trang trí nhiều cây xanh nên cảm giác rất mát mẻ và thoải mái, ở quán cũng rất yên tĩnh không bị ồn ào. Về nước uống thì có nhiều món mới hơn cho phù hợp với thời buổi nhưng vị truyền thống vẫn còn, nước uống ngon, giá cũng có tăng hơn lúc trước.Xem thêm",36
547,Phương Trần,18/8/2018 13:47,8.4,"Kaori là một trong những quán trà sữa đời đầu ở Cần Thơ vẫn còn tồn tại đến bây giờ. Quán có 2 chi nhánh ở đường Nguyễn Việt Hồng và đối diện cổng A ĐHCT. Mình thích chi nhánh bên đường Nguyễn Việt Hồng hơn, quán mới sửa lại nhìn sáng sủa, sạch sẽ và đẹp lắm, có không gian ghế ở phía dưới và ngồi bệt ở trên lầu. Mình order món tại quầy bên ngoài rồi lát mấy bạn nhân viên đem vô, mình thích nhất món trà sữa oolong ở đây, thơm, béo và ngọt vừa không bị ngọt gắt, uống ghiền luôn.Xem thêm",36
548,RachelT,31/7/2018 15:24,9.4,"Muốn thưởng thức ts hương vị truyền thống thì theo mình kaori là số 1 . Quán gần nhà nên uống thường xuyên và theo quán đã 4 năm . Li ts ko topping thì 23k theo mình thì không đắt mấy  tại uống đáng đồng tiền . 1 điểm trừ là quán ko có size lớn , li của quán cũng hơi nhỏ nên nhiều khi 1 ngày uống tận 2 li mới đủ 😚Xem thêm",36
549,Rachel Smith,25/7/2018 19:58,6.4,"Lần này đến với Kaori mình gọi 1 trà sữa sô cô la và matcha. 
Mình không thích lắm vs trải nghiệm lần này ở tại quán. Mình thích công thức trà sữa sô cô la như lúc trước hơn (không có lớp milk foam làm loãng vị sô cô la, thì mình thích hơn) ngoài ra trên mặt còn có 1 xíu ngũ cốc ăn cũng ok á, nhưng mình thấy k liên quan 😅😅😅
Còn matcha thì vị lạ lắm, k giống vs matcha real mà mình đã từng đc biết.
Nhân viên thì lịch sự ok rồi.Xem thêm",36
550,Tiêu Ngọc Bảo Trân,"01/12/2018 18:08:11,",7.0,"Bình thường chạy ngang thấy quài nhưng không bao giờ ghé vào dù đối diện trường :)) Hôm nay học ra không biết đi đâu nên vào đây thử. Ban đầu nhìn từ ngoài thì thấy không gian khá tối. Vào rồi thì thấy cũng không tối lắm, buổi tối quán dùng đèn vàng nên nhìn hơi mờ mờ ảo ảo 😂 Vì mình hay đọc sách nên phải chi có đèn trắng thì không gian sẽ sáng thích hơn. Mình gọi hồng trà 20k, uống được, vị cũng không đặc biệt lắm. Có 2 chỗ ngồi là ngồi ghế và ngồi bệt, mình ngồi bệt. Nơi có chỗ ngồi khung kính view xuống đường, trang trí đèn ở khung nhìn thơ lắm nhưng chỗ để chân rất dơ. Không phải mỗi chỗ ấy không, chỗ mình ngồi ở phía góc có rất nhiều bụi, như kiểu quét rồi tấp đại vào góc chứ không hốt. Dù mặt sàn khá sạch. Gần trường đại học nhưng không đông và ồn lắm, khá ổn nếu vào đây học bài nha....Xem thêm",36
551,Hoang Phuong Do,"11/09/2018 22:28:40,",7.8,"- về không gian: quán rộng rãi, thoáng mát bàn ghế ngồi khá thoải mái, có chổ ngồi bệt luôn, thích hợp để đi học nhóm hay ngồi đây vừa trà sữa vừa đọc sách. Tuy nhiên nhà vệ sinh thì ở tít dưới lầu, hơi bất tiện. Bãi xe trong nhà nên không sợ mưa nắng.
- về thức uống: trà sữa ở đây giá khá là rẻ, chỉ tầm 20 nghìn thôi. Vị trà sữa khá là ngọt nha, ai hảo ngọt thì có lẽ thích hợp ở đây hơn. Ly thì to tổ chảng uống no bể bụng luôn.
- về phục vụ: nhân viên thân thiện và vui vẻ....Xem thêm",36
552,Hoang Phuong Do,"19/08/2018 22:08:54,",7.6,"Quán này mà để đi học nhóm là xuất sắc luôn nha quý vị.
- về không gian: nhìn chung quán không quá mới mẻ nhưng được cái là không gian rộng rãi, thoáng mát. Ngồi bệt dưới sàn nên cũng tạm ổn đó, thích ngồi hay nằm gì cũng được hết.
- về thức uống: nhìn chung thì đồ uống khá là rẻ, tầm 20 nghìn trở lên thôi. Trà sữa ngọt và béo, ai hảo ngọt thì đây là lựa chọn tốt nha. Trân châu mềm dai và ngon. Mình thích trà sữa caramel hơn, vị lạ lạ và ngon xuất sắc....Xem thêm",36
553,Hiếu Minh,"02/04/2018 16:22:27,",8.4,"Vì quán nằm nghen trường của mình học cho nên bọn mình hay qua đây để học nhóm kết hợp với uống trà sữa giải trí luôn. Không gian quán rất thoải mái vừa có chỗ ngồi bẹp, vừa có chỗ ngồi trên ghế. Nhân viên ở đây cực kỳ dễ thương và dễ chịu ở đa phần là các bạn sinh viên làm thêm cho nên họ rất lịch sự. Quán có bãi giữ xe là toàn bộ tầng dưới và có nhân viên bảo vệ nên rất an toàn. Nước ở đây rất là đa dạng bọn mình thích uống trà đào, nên mình hay gọi món này...Xem thêm",36
554,Thiên Mỹ Nhi,"19/03/2018 16:42:51,",7.2,"Quán gần trường ĐHCT, bước vào rất mát lạnh, nhân viên cũng rất lễ phép, giá cũng tầm thấp thôi. Quán nhộn nhịp sinh viên đến học bài, tán ngẫu đủ loại. Có điều không hài lòng là dạo gần đây nhân viên không hề chăm tẩy cho khách. Ngồi uống cả bữa trời kêu rồi kêu thêm 1 ly nữa mà tẩy không chăm 1 lần dù cạn. Mong quán rút kinh nghiệm...Xem thêm",36
555,Trang Ngọc,"27/11/2017 16:56:59,",7.8,"Kaori là một trong số ít quán gần trường đại học Cần Thơ, có máy lạnh, không gian tương đối thoải mái mát mẻ mà giá cả phải chăng nhất. Hầu hết nước ở đây tầm 20 hơn thôi, không mắc lắm nên qua thường thấy khá nhiều sinh viên đến quán. Quán có chỗ để xe phía bên trong luôn nên cũng tiện. Nhân viên thân thiện, vui vẻ với khách hàng. Nước thì pha chế tầm trung thôi, nhiều món còn hơi ngọt nữa nhưng do thường ghé quán để học nhóm với bạn, cần không gian nhiều hơn là đòi hỏi chất lượng nước uống nên cũng chấp nhận được....Xem thêm",36
556,Rachel Smith,"28/10/2017 20:05:07,",8.0,"Lâu quá đi ăn vs bạn rồi ghé lại đây lun. Không gian ở đây thì sáng sủa hơn bên NVH chút xíu.
Mình và bạn gọi 1 trà đào, 1 trà sữa Kaori & 1 trà sữa Schokolade mang về.
Mua mang về sẽ ít tiền hơn khi uống tại quán.
Nếu mình uống trà sữa Schokolade ở quán thì có giá là 25k nhưng khi mua về thì 24k.
Nhân viên lịch sự. K có gì phải phàn nàn....Xem thêm",36
557,Saruchan Le,"18/10/2017 13:36:26,",8.2,"Quán này đối diện trường đại học Cần Thơ nên ngày thường cũng khá đông sinh viên ngồi học bài. Hôm mình đi là chủ nhật nên hơi vắng. Menu quán khá đa dạng, có thêm mấy món chiên ăn vặt nếu đói nữa. Giá đồ ăn vặt thì tầm 10-15k, còn nước tầm 18-25k, nói chung giá tương đối ok. Không gian trên lầu rộng rãi, bàn ghế sạch sẽ, bày trí đẹp. Bánh bao chiên ăn giòn mà không thơm lắm, không ngọt nữa. Trà đào uống ngon. Phục vụ nhanh nhẹn, vui vẻ. Lần sau sẽ ghé lại....Xem thêm",36
558,Hữu Thuận Nguyễn,"10/10/2017 21:54:21,",9.4,"Lần đầu mình đến quán vs ý định học bài và ý định đó bị phá vỡ 😂😂😂quán tuy bé nhưng cũng rất đông... Không gian tương đối thoáng mát và gọn gàng.
À... Trà sữa mè đen rất ngon 😘😘😘...Xem thêm",36
559,Trần_Thy Trần,"26/09/2017 15:48:04,",7.4,"Đi học ra lại tấp vào đây, không gian đẹp, giá cả cũng ok, nước ok luôn :))). Có điều hơi quán hơi ồn với ai thích yên tĩnh như mình :))...Xem thêm",36
560,{{Model.Owner.DisplayName}},{{Model.CreatedDate|dateTimeJson}},"{{Model.AvgRating >= 10 ? ""10"" : (Model.AvgRating|number:1)}}",Xem thêm,36
561,{{Model.Owner.DisplayName}},{{Model.CreatedDate|dateTimeJson}},"{{Model.AvgRating >= 10 ? ""10"" : (Model.AvgRating|number:1)}}",Xem thêm,36
562,,,0,,36
563,Mon,18/11/2018 15:35,10,"Muốn ăn gỏi khô bò thì chỉ tìm mỗi chỗ này ăn thôi.
Không ngon không trả tiền..:Xem thêm",37
564,Thế Tuấn,16/11/2018 12:36,8.8,"Sau thi văn nghệ của mình là kéo cả lớp ra đây. Thật ra đây là lần đầu của mình ở đây, đó giờ mình có nghe mọi người review nhiều nhưng không có dịp đến. Quán rộng rãi, thoáng mát nằm trong khuôn viên bảo tàng quân khu 9 đường Đại Lộ Hòa Bình. Quán chỉ bán chiều tối và cực kì đông. Mình đi 24 người kêu 24 ly sữa và 20 dĩa gỏi, quán làm tốc độ khoảng 5 phút thôi là có rồi.  Cô chú bán rất nhiệt tình, chú còn dẫn xe cho tụi mình lúc vào và cả lúc ra nữa. Tổng cộng chi tiêu cho bao nhiêu đó của tụi mình là 400 mấy chưa tới 500.000 cho 24 người, cũng khá là ổn.Xem thêm",37
565,Thịnh Tống,16/11/2018 11:58,8.0,"Lần đầu mình đến đây, thấy mọi người đi và đăng bài rất nhiều mà hôm nay mình mới có dịp. Quán nằm trong bảo tàng quân khu, không gian quán ngoài trời nên rất mát, rộng rãi, quán chỉ bán từ sau 17h thì phải. Cô chud bán rất nhiệt tình, sữa và gỏi cũng có rất nhanh khoảng 2-3 phút là có rồi. Sữa có hai loại là nóng và đá tùy khẩu vị của mỗi người mà dặn cô chú làm nha. Nhưng nhìn chung thì uống kiểu nào cũng ngon cả. Gỏi đu đủ ăn rất ngon luôn á vừa miệng và có nhiều bòXem thêm",37
566,Hiếu Minh,19/10/2018 20:43,8.2,Hôm nay dẫn bạn từ phương xa đến đây uống thử sữa đậu nành cần Thơ. Sửa đậu nành ở đây là một đặc trưng ở bảo tàng quân khu chín rồi không ở đâu ngon hơn đâu. Sửa đậu nành ở đây uống là sữa đậu nành nguyên chất luôn không có pha bột như những chỗ khác đâu. Quán này bán hơn 10 năm rồi ở đây ai cũng biết. Quán còn có bán gỏi khô bò nữa vừa cay cay uống một ngụm sữa đậu nành là sức sắc luôn. Giá cũng rất rẻ một ly sữa chỉ có 8000.Xem thêm,37
567,Phương Trần,1/10/2018 23:16,8.8,"Nói đến sữa đậu nành thì với nhiều người là không có gì đặc biệt nhưng nhắc đến sữa đậu nành Bảo tàng thì đó là một nơi phải đến khi bạn ghé Cần Thơ. Quán bán ngoài trời và có từ rất lâu đời ở khuôn viên bảo tàng quân khu 9, không gian ở đây cực kì thoáng mát, dễ chịu, tránh xa tiếng ồn ào của xe cộ. Sữa đậu nành nấu rất béo, thơm và ngon thì không đâu bằng, ngoài ra còn có món gỏi khô bò nữa, ăn nhâm nhi cũng rất ngon. À mình phải nhắc đến mấy chú vừa phục vụ, vừa giữ xe cũng dắt xe cho khách, cực kì nhiệt tình và hiếu khách.Xem thêm",37
568,Phương Trần,18/9/2018 23:44,8.8,"Buổi tối đi dạo cùng với bạn bè mà uống trà sữa hoài cũng chán, tụi mình rủ nhau ghé uống sữa đậu nành, vừa tốt cho sức khỏe lại vừa đẹp da. Không gian ở đây quá thoải mái, ngoài trời thoáng mát, không có nhiều tiếng xe cộ ồn ào. Quán sữa đậu nành này rất nổi tiếng ở Cần Thơ rồi, ngoài sữa đậu nành còn có gỏi khô bò ăn cay cay nữa. Sữa đậu nành được nấu rất béo từ đậu nành mà không pha thêm bất kì thứ gì khác nên dù 9k/ly thì vẫn rất xứng đáng.Xem thêm",37
569,Trần Anh,14/8/2018 12:17,7.6,"Mình thấy quán dọn ra rất sớm, tầm 3 4h là thấy quán đã dọn ra chuẩn bị bán rồi, còn gỏi khô bò thì dọn ra trễ hơn mà mình thấy quán lúc trước đa phần là được vài bàn thôi, sau này quán có để thêm nhiều bàn mà khoảng cách ngồi các bàn với nhau cũng có vẻ thoải mái hơn chứ không san sát nhau cho lắm. Mình thì thích uống sữa đậu nành đá hà, tại mình không có hạp với uống nóng được nhưng mình nghĩ nếu uống sữa nóng sẽ cảm nhận rõ vị đậu nành hơn là đá. 
Nhất là mình hay dặn sữa ít đường hoặc không đường, mà hòa chung với đá sẽ làm sữa lạt hơn nữa, còn nếu uống nguyên vị nóng thì sữa sẽ có vị đậu nành rõ hơn, đặc biệt mình thấy quán chỉ có hương vị đậu nành là nhiều chứ không có thêm mè nữa ^^Xem thêm",37
570,Trần Anh,9/5/2018 11:56,7.4,"Lâu rồi mình với bạn mới ghé đây, thường đi ngang chứ cũng ít khi nào vào uống sữa đậu nành, mà tại hỗm đi mấy quán trà sữa ngán quá rồi nên quyết định tối ghé đây uống sữa đậu nành, ăn gỏi bò vậy. Quán hầu như tối nào cũng đông kín người, mà được cái mỗi lần mình chạy vào đều có cái anh dẫn xe rất nhiệt tình, bảo là cứ để xe ở đó đi, để anh dẫn cho!
Mình với bạn thích uống sữa đậu nành lạnh, ít đường, rồi kêu thêm 2 dĩa gỏi khô bò ở đây, mà thường mình phải dặn ít cay chứ không gỏi khô bò mà thêm ớt vào là cay xé lưỡi luôn. Gỏi ngon có điều hơi ít, gỏi giòn với lại khô bò cũng ngon, cay cay mà nước chấm khô cũng đậm đà lắm.
Sữa đậu nành thì cũng vậy, vị sữa cũng không khác xưa cho lắm, chỉ có giá của sữa đậu nành là thay đổi thôi ^^Xem thêm",37
571,TM Nguyễn,22/4/2018 23:20,8.0,"Sữa đậu nành ở đây có lâu lắm rồi, dân Cần Thơ cũng quá rành sữa đậu và gỏi đu đủ bò^^!!

Quán dọn bán tầm 16h cho đến tối luôn! quán ngoài trời nên chiều nắng có vẻ hơi ít khách, tầm xế xế tí là khách ra vào bắt đầu đông hẳn lên! 

Sữa đậu thơm, vị bùi bùi, có nóng và lạnh, như hình là ly sữa lạnh 9k, kèm theo là 1 ly nước đá tráng miệng! 

Không gian rộng, bàn ghế sắp xếp ngay ngắn, sạch sẽ, cô chú vui vẻ, bán rất mau lẹ, không để khách đợi lâu. 

Quán có bán mang đi nữa!Xem thêm",37
572,Trang Ngọc,19/4/2018 22:56,8.6,"Uống đậu nành chỗ này nhiều lần lắm rồi mà nay mới thử ăn gói đậu phộng rang muối nhỏ, hình như có 5k/bịch hay gì à mà ngon lắm nhe, ăn 1 hơi 2 bịch luôn. Không gian chỗ này thích hợp đi theo nhóm bạn, vừa uống sữa đậu nành vừa ăn gỏi đu đủ hay ăn đậu phộng vậy nè, rồi vừa ăn vừa uống vừa tám chuyện. Do không gian ngoài trời nên mát mẻ lắm, phục vụ cực kì nhanh luôn á. Kêu cái là có sữa uống liền à. Chỗ này bán giá cũng bình dân nên khách đủ mọi độ tuổi luôn.Xem thêm",37
573,foodee_3eb03e98,3/9/2020 20:40,1.0,"mình đến quán nhiều lần chủ yếu uống cà phê, có hôm uống thử trà sữa bobs của quán thấy ngon nên giới thiệu nhiều bạn bè. Hôm nay đến quán hết lon đựng cũng không báo khách, khách đặt 1 ly ít đường, 1 ly đường vừa thì quán làm 2 ly đều ngọt. Mình còn thấy bạn pha chế chung 1 cốc lắc cho cả 2 ly. Nhân viên thì lo nói chuyện đến khi giao ly cho khách còn không nhận ra ly nào ít ngọt. Sau khi mua về thì 2 ly ngọt đến nổi uống không được mà đợt này trà không đậm mà toàn đá .Mình thích quán mới rủ bạn uống thử, quảng cáo quá trời cho quán ai ngờ quán kỳ quá. Lần này sẽ là làn cuối cùng đến quán. Thất vọng từ cách phục vụ đến cách pha chế của quánXem thêm",38
574,Thao,2/8/2020 17:54,8.2,"Tiramisu mềm mịn, béo ngậy. Thêm lớp rế đường bên trên ngon tuyệt vời!Xem thêm",38
575,Nguyen Jen,10/10/2019 10:05,8.0,"Giá rẻ, có topping sẵn, ngon. Đó là lí do tui làm mối của quán tới giờ 🙈Xem thêm",38
576,Hoàng Quang Nhật,25/9/2019 18:06,10,Có sẵn topping mà chỉ có 28k là căng bụng 😍Xem thêm,38
577,Trúc,2/9/2019 12:41,4.2,"Hôm nay vẫn đặt thức uống tại quán qua app, về đến món đá xay Chocolate của mình không có thạch, đến tay nước lỏng le, kem ít không như mọi hôm. Uống quen mấy năm rồi nhưng hôm nay quá thất vọngXem thêm",38
578,Hoàng Quang Nhật,27/8/2019 10:28,9.0,"Đã lên nghe nhạc cực hay, ngồi mệt chán rồi lên chơi game với hội đồng bọn cực vui luôn, mà muốn chơi game nào cũng free hết, yêu quá

Giá nước chỉ từ 20-35 cho cafe và trà sữa
Trà trái cây tuy giá có hơn 7k mà chất lượng thì khỏi bàn.

Quán đang có chương trình sưu tầm sticker đổi quà, mới uống có 2 ly mà may mắn đổi đc một ly nữa uống sình bụng luôn.

Rất đáng tiền.Xem thêm",38
579,Bắc Trương,27/8/2019 10:25,10,"Mọi thứ đều rất tốt, giá hơi nhỉnh nhưng đúng với chất lượng sản phẩm, có các dịch vụ miễn phí như boardgame hay đêm nhạc acoustic!Xem thêm",38
580,foodee_e1l6w7dv,13/8/2019 16:59,3.4,"Mình vừa oder TRÀ SỮA HẠT PHỈ mùi vị cũng ok nhưng hình như là trân châu chứ không phải hạt phỉ, cũng hok có kem luôn hơi hụt hẫn 1 chút không biết mình đang uống gì giống như trà sữa trân châu bình thường.Xem thêm",38
581,Anh Lan,10/7/2019 22:49,8.6,"Khá đã thèm, nhìn không đẹp mắt lắm vì do vận chuyển, nhưng chất lượng thì khá ok, lớp kem béo và thơm không gây ngán ngược lại còn gây nghiện, mát mát, ngon ngon, giúp giải tỏa cái nắng nóng mùa này, cái ly cũng khá cute! Rất đáng mua uống!Xem thêm",38
582,Lý Huỳnh,20/6/2019 8:49,1.8,"Ủa có phải từ khi chuyển đổi mục đích kinh doanh sang boardgame thì chất lượng đồ uống giảm không phanh vậy không? Thiệt sự chứ dở kinh khủng, chỉ uống hết nước chứ kem là bỏ, bạn mình ai ăn thử kem đều công nhận Kafe home pha chế xuống tay rồi. Nước cũng chẳng còn ngon như trước, nhạt nhẽo.Ly lúc trước cao in nhãn mác đẹp và sang giờ ly nhựa này nhìn hụt hẫng vc. Bên phải là ly lúc trước bên trái là ly bây giờ.Xem thêm",38
583,Tường Vy,"02/04/2021 09:31:37,",8.4,Các bạn phục vụ dễ thương. Nước ngon. Không gian tuyệt vời để học tập và giải trí...Xem thêm,38
584,{{Model.Owner.DisplayName}},{{Model.CreatedDate|dateTimeJson}},"{{Model.AvgRating >= 10 ? ""10"" : (Model.AvgRating|number:1)}}",Xem thêm,38
585,{{Model.Owner.DisplayName}},{{Model.CreatedDate|dateTimeJson}},"{{Model.AvgRating >= 10 ? ""10"" : (Model.AvgRating|number:1)}}",Xem thêm,38
586,,,0,,38
587,Cẩm Vân,21/11/2023 14:41,8.0,Rất thíchXem thêm,39
588,Loan Mai,28/9/2023 16:34,6.2,Đồ ăn tươi ngon giá hợp lý.Xem thêm,39
589,heo bé,28/9/2023 15:37,5.0,"Đồ ăn tươi ngon ,giá hợp líXem thêm",39
590,foodee_qv6ei1r7,28/9/2023 15:33,5.0,Đồ ăn tươi ngon giá cả hợp líXem thêm,39
591,thanh thùy,28/9/2023 15:26,10,"Đồ ăn tươi ngon, giá hợp lýXem thêm",39
592,Lệ Ngọc,28/9/2023 15:17,5.0,"Đồ ăn tươi ngon, giá hợp lýXem thêm",39
593,foodee_xigu759i,28/9/2023 15:15,8.8,"Đồ ăn tươi ngon ,giá hợp lýXem thêm",39
594,foodee_ea9syx0s,28/9/2023 15:06,10,"Đồ ăn tưới ngon, giá hợp lýXem thêm",39
595,Thu Hằng,28/9/2023 14:55,8.6,"Đồ ăn tươi ngon , giá thành hợp líXem thêm",39
596,Trần Uyên,28/9/2023 14:53,5.0,"Đồ ăn tươi ngon, giá hợp lý,.Xem thêm",39
597,Dương Thế Huy,21/3/2021 19:02,6.8,"Hôm nay mình ghé có Sushi Sakura tại Vincom Xuân Khánh, khoảng từ 12h40 đến 13h30. Khi ăn xong thì thanh toán bằng thẻ, bạn nhân viên kêu ký tên lên máy mpos, số tiền 655.000₫. Sau đó check gì đó, rồi kêu ký lại lần nữa. Lúc đó điện thoại mình đang sạc và còn nằm trên bàn, còn mình đang ở quầy thanh toán nên không check tin nhắn trừ tiền trên điện thoại. Lúc về phát hiện ra là bị trừ tiền 2 lần x 655.000₫  1.310.000₫ lận. Tá hỏa thì lên mạng tìm ađt của cửa hàng mà không thấy nên lên đây commnent. Nếu bên cửa hàng nhận được commnent này thì vui lòng check lại và báo cho bên cung cấp dịch vụ thanh toán hoàn lại tiền thừa cho mình. Tks.Xem thêm",39
598,anh nguyen,17/6/2020 15:00,3.4,"Hôm nay order 1 ly trà vải thều thêm 1 phần trân châu hoàng kim, thật sự là quá ngọt, uống vào gắt cổ luôn . Nếu bên Chin đọc được bình luận này hãy xem lại và gia giảm lại lượng đường trong nước và toppingXem thêm",40
599,Ngọc Tú,9/5/2019 14:25,5.0,Rất thích uống chin khi ăn đồ ănXem thêm,40
600,yuuba,28/11/2018 22:01,8.8,"Dạo này foody có chương trình khuyến mãi đặc biệt freeship hầu như toàn bộ các quán nên mình cũng tí tởn rủ bạn cùng phòng đặt 2 ly như hình. Mình gọi 1p trà sữa macchiato, bạn mình kêu oolong macchiato về hai đứa nhâm nhi😝 😝 😝

Ấn tượng ban đầu là hình thức dễ thương, đẹp, nhìn thôi cũng thấy ngon 😍 Shipper giao đá riêng qtr nhiều. Lớp kem macchiato để trong hủ nhỏ nhìn gon gàng, sạch sẽ, mở ra thơm lừng mùi kem. Kem béo ngậy, thơm, mặn mặn ngọt ngọt 😝😝😝 Trà sữa và oolong uống cùng quá hợp, trân châu ngon, dai dai, thơm, mình kỵ đồ béo nhưng đồ uống ở Chin quá hợp ý 😍😍😍Xem thêm",40
601,Nguyễn Mai,23/11/2018 11:13,8.2,"Đó giờ mình ít khi uống chin. Hôm nay mình mới mua uống lại. Mình chỉ uống trà sữa ở đây thôi. Ly của em là 20000size M và 28.000 size L có sẵn topping là trân châu và bánh flan. Trà sữa ở chin thì ngon khỏi bàn cãi rồi. Giá ở đây cũng ổn nếu so với lúc trước thì hơi cao, nhưng so với các quán trà sữa hiện tại thì giá vậy là ổn và chất lượng. Nhân viên ở chin rất nhiệt tình, có điều là mình nghĩ lên có thêm dù cho khách vì trời nắng.Xem thêm",40
602,Anh Thư Trần,1/11/2018 22:35,5.0,"Cảm thấy dạo này nhân viên phục vụ rất tệ, topping không còn nhiều như trước nữa. Thất vọngXem thêm",40
603,kimyen1515.,12/10/2018 21:53,1.0,"Từ trước tới giờ mìh hay uống trà sữa ỡ Chin. hôm nay ghé Chin ở CMT8 mua thất vọng vô cùng. Hôm nay tối đườg CMT8 nước ngập thì khủg khiếp r. mìh thấy v mới kêu bạn mìh dựg sát lề đi mìh lội nc dô od cái ra khỏi chạy lên lề, vậy mà bạn nv nử ra oder bảo là chị chạy xe lên lề em mới od. mìh mới ấm ức nói là nc ngập c od dùm e e mua r đi liền. v mà bạn nv đó cũg k hõi mìh uống gì mà chỉ chăm chăm ra nhìn bạn mìh dứg đợi dưới lề rồi vào bản kêu hết ng này ts ng kia kêu bạn mìh chạy xe lên mà cũg k od cho mìh. xog còn dô ns vs thu ngân r cứ đứg dòm bạn mìh quài . mìh thâyơ khó chịu ghê v đó. nhân viên od mà nói câu xanh dờn chị k chạy xe lên lề em k order. Hồi đó giờ tụi bạn mìh hay nói chin pv k tốt mìh đâu tin. nay thì thấy r.Xem thêm",40
604,Phạm Trần Phương Trâm,19/9/2018 16:55,8.2,"Hầu như tháng nào cũng ghé lại đây uống một ly trà sữa hoặc một ly macchiato hết á. Theo mình bạn nên mua buổi sáng vì buổi sáng khá vắng nên dễ dàng mua hơn so với buổi tối đông kín khách. Như hình là ly hồng trà macchiato của quán vì sáng nay mình không muốn uống béo nên đã đổi macchiato thành trân châu củ năng. Hồng trà uống khá thơm và có vị ngọt thanh, topping kèm theo cũng khá nhiều nữa. Buổi sáng ăn sáng và uống thêm ly này nữa là cực no luôn. Một ly như vậy có giá 20k áXem thêm",40
605,Sang Lưu,17/9/2018 17:00,4.2,"Mình vừa mới mua trà sữa ở CHIN về rồi vô tiệm net chơi thì phát hiện đéo có cái ống hút vs muỗng đâu. cái j z trời ko lẽ húp trà sữa, tiệm net chỉ có ống hút nhỏ rồi còn trân châu ko bik ăn bằng cách nào.cảm giác rất là bực.mình hy vọng lần sau các bạn nhân viên bán có tâm xíu. Chin ở THĐ cần thơXem thêm",40
606,An_Naive,17/9/2018 13:47,8.0,"Đây là lần đầu uống trà sữa ở Chin, biết Chin lâu rồi nhưng hôm nay mới có dịp thử hihi.
Vị mình thích là matcha nên mình gọi 1 ly matcha thì đúng 40 phút sau giao hàng tới. Đầu tiên phải khen là vị trà sữa matcha chỗ Chin ngon, toping cũng nhiều, đặc biệt là sương sáo hợp khẩu vị nên mình rất thích ahihi. Tuy nhiên thì trà sữa hơi ngọt mà mình không thích ngọt lắm.
Chin cho nhiều nước đá tuy nhiên vậy vẫn còn ít hơn mấy chỗ khác mình từng uống, nhưng nước đá mình chỉ dùng 1/10 thôi k thể nào dùng hết, thiết kế của ly nhìn vui. Nhìn chung mình khá thích, sẽ ủng hộ Chin tiếp hihiXem thêm",40
607,du,13/9/2018 18:16,5.6,"Mình mới orther 2 ly matcha và machiato
Matcha quá ngọt cần làm đúng với vị matcha chỉ nghe được mùiXem thêm",40
608,Khang Huỳnh,14/2/2022 21:49,7.6,"Tất cả các vị đều ngon. Nhưng, phần đậu đỏ thì chưa được nấu chín ăn không được tròn vị vì cảm giác "" sực sực"" của đậu đỏ chưa chín làm mất cảm giác ngon của ly trà sữa. Mong Chin khắc phục về vấn đề này.Xem thêm",40
609,Hà Hải,1/8/2020 17:59,6.4,Chi nhánh***không đọc kỹ order gì cả :(((( đã ghi chú rõ ràng là ts bạc hà chỉ để khúc bạch và 1 ly ts chỉ để pudding mà cuối cùng vẫn để đầy đủ topping :((( chánXem thêm,40
610,Sơn Nguyên Mai Võ,31/5/2019 19:41,5.4,"Lâu lâu ghé mua ủng hộ mà cảm nhận về Chin lần này rất khác.
Đậu xe trước cửa mà chờ khoảng 5 phút mới có nhân viên đến hỏi trong khi các bạn đang ko tiếp khách nào khác.
Thái độ của bạn nhân viên đến ghi đơn cho mình ko ổn, các bạn khác ok.Xem thêm",40
611,Linh Tr,22/2/2019 21:09,7.0,"Từ ngày Chin có sữa tươi trân châu đường đen, mình đã uống hẳn loại này; đã thử ở nhiều nơi nhưng vẫn thấy Chin hợp vị mình nhất. Riêng trà sữa, thấy nhạt hơn ngày trước.Xem thêm",40
612,QN Duyên,19/12/2018 16:56,4.2,"Chân trâu  quá ít không bằng 1/2 chin Trần Hưng Đạo, lần sau qua Chin Trần Hưng Đạo cho chắc.Xem thêm",40
613,Le Nhat Minh,5/10/2018 20:51,8.2,"Quán ruột, trà sữa truyền thống rất ngon, uống vừa miệng, machiato lúc quán mới ra có hơi mặn tí, sau cải thiện. Mình uống matcha với socola ở đây rồi, socola uống được hơn, matcha chưa ưng lắm, nhưng được cái topping ngập li, mà nên kêu để ngọc trai với trân châu là ok rồi )) topping yêu thích của mình
Vừa rồi mới uống sữa tươi trân châu, đặt qua now ưng luôn sữa tươi. Bonus nhân viên nhiệt tình, friendly nữa :DXem thêm",40
614,Tambourine Tim,19/8/2018 18:24,7.0,"Trà sữa Chin đang là dòng trà sữa giá mềm bán chạy nhất tại Cần Thơ. Đây là chi nhánh thứ 2, có vẻ chưa đông bằng chi nhánh Trần Hưng Đạo. Mọi người thích Chin vì giá mềm, tính ra ly trung bình chỉ 20k nhưng là size lớn và topping nhiều, với hợp khẩu vị của đại đa số. Riêng mình thì ko mê Chin lắm, chỉ thích uống matchiato matcha để ít kem béo thôi chứ trà sữa matcha là mình thấy cứ nhạt nhạt. Với uống cả ly to vậy mình uống dễ no và ngán.Xem thêm",40
615,Phạm Trần Phương Trâm,7/8/2018 23:43,7.8,"Hôm nay thèm macchiato quá và lâu rồi không uống trà sữa Chin nên tiện đường ghé mua uống luôn. Quán nằm trên đường Quang Trung, chưa lên cầu một chút nhìn bên tay phải là thấy quán ngay à, bảng hiệu lớn, sặc sỡ :3. Quán giống như những quán kia chỉ bán theo kiểu take away mà thôi. Nhân viên khá nhanh nhẹn nhưng do đông quá nên không tư vấn nhiều cho khách chỉ chờ và order thôi :3. Như hình là ly trà sữa macchiato của quán, uống cũng khá ổn nhưng có điều hơi ngọt, trân châu mềm ngon, macchiato béo ngậy và ngon :3Xem thêm",40
616,Phương Trần,7/8/2018 20:55,8.4,"Chin dù mở bao nhiêu chi nhánh thì vẫn ùn ùn khách luôn nhé. Giờ Chin có ba chi nhánh rồi, ở Bình Thuỷ, Quang Trung và Trần Hưng Đạo, ai tiện đâu thì ghé mua đó chứ chất lượng y chang nhau hà. Quán tuy đông khách nhưng phục vụ rất nhanh, nhân viên đông nên dễ dàng phục vụ khách không bị bỏ quên, điều này làm mình rất thích. Về trà sữa Chin thì theo mình cảm nhận là ngon, dễ uống, thạch cũng nhiều và ngon, đặc biệt là bánh plan ngon lắm luôn. Một ly chỉ 20k thôi rất xứng đáng.Xem thêm",40
617,Tuyến Lê,30/6/2018 12:54,7.0,"Nay cũng khuya rồi cơn thèm chà xữa đột nhiên kéo tới dồn dập. Bắt buộc phải chạy lên mua. Tầm 10h tối hơn ời. Mua ly Trà sữa truyền thống vì đặc biệt thích topping ở đây. Nhưng trớ trêu thay. Về tới nhà hơi hụt hẩng một tẹo là do có lẽ quá trể rồi nên tiệm hết trân châu với củ năng. Trong ly của mình chỉ toàn rau câu, 1 góc tư  miếng sương sáo đen, một miếng flan trứng bự tổ chảng. 😭😭😭. Lấy muỗng vớt tìm thì chỉ một màu đen đen chấm thêm vàng vàng thôi.. TT
Chỉ là mình nhớ là nếu hết mấy topping đó bạn order sẽ nói để mình suy nghĩ có đổi món ko, trớ trêu cái nữa là không, bạn không đề cập tới. Huhu. 
Nói qua cũng nói lại chắc ko còn full topping nên quán dễ thương đã bù cho quá nhiều như vậy đó. 
Cũng không có gì bất mãn, vì chất lượng thì vẫn như ngày nào, uống cũng hết nên chả có hình luôn 😂😂Xem thêm",40
618,Ngọc Như Huỳnh,28/7/2019 16:58,7.2,"Chin là dòng trà sữa chắc hẳn những bạn tuổi teen ai cũng biết. Hôm nay mình lại đi ngang Chin và kêu mẹ mua cho 1 ly trà sữa như này đây. Hôm nay thì nhân viên ord nước đã nói chuyện lịch sự và tôn trọng khách hơn mấy lần trước, mình hài lòng về điểm này. Trà sữa thì dạo này hơi ngọt quá, làm mình cảm thấy hơi ngán, nhưng bù lại thì topping ở đây lại nhiều ú ụ, ăn rất là đã. Giá cả thì rất chi là rẻ đối với sinh viên, học sinh. Tóm lại lần sau nếu đi ngang qua mình sẽ ủng hộ tiếp.Xem thêm",40
619,Thuỳ Anh,2/7/2019 19:42,4.4,"Hôm nay mình có mua 1 ly Trà Thạch Đào (thấy quảng cáo hot hot). Đi đến chỗ làm mở ra thì thôi rồi có 1 bạn “ruồi”. 
Bản thân thì cũng ko muốn đăng đâu nhưng khá là bất bình vì lần trước cũng mua 1 ly đi làm (trà ôlong) và trà bị chua cũng bỏ nguyên ly....Biết là giá cả sinh viên nhưng cũng phải vệ sinh chứ 😡😡😡😡😡Xem thêm",40
620,lanphuong,22/12/2018 16:02,9.6,"Chin đây ! Chin đây !
Một địa điểm khá là quen thuộc với các bạn nè , hiện giờ Chin đã có mặt ở khắp mọi nơi rồi . Mấy bạn nghĩ gì về Chin nhỉ ? ? ? Riêng mình thì không có gì ngoài khen cả : trà sữa loại nào cũng ngon , topping thì quá trời , giá cả thì quá chi là hợp lí , nhân viên phục vụ có thái độ mến khách ... Mẹ mình là cũng lớn tuổi rồi mà cũng còn có lời khen nữa , lần nào đi ngang qua cũng phải ghé mua hết ă !Xem thêm",40
621,Linh Gia,2/7/2021 22:29,1.0,Mình mua lúc 22h 2/7 lúc đó trễ rồi nên k còn nhiều topping cũng hiểu được. Ban đầu minbf gọi hồng trà macchiato mà hết trân chân nên mình thay bằng củ năng nhưng mà sau đó hết milk foam nên thay bằng ngọc trai. Và đây là li mình nhận được 😀 không thấy ngọc trai đâu mà củ năng thì tí tẹo ăn còn chả thấy như trân châu íXem thêm,40
622,Bảo Trân,15/10/2019 16:18,1.0,Trà thạch đào.... Không có thạch đào cũng không có đào :)Xem thêm,40
623,Yenkhoa Cao,15/5/2019 17:15,3.2,Mình đặt 1 ly matcha macchiato sau đó chị đó đem ra cho mình nhưng mình thấy lạ lạ tại vì mình hay uống chin 3/2 quen rồi. Vặn hỏi lại chị bán thì chỉ nói cái này là matcha macchiato đúng r. Do gấp quá nên mình đi vội cũng k nhìn bill. Khi về nhìn lại trong bill để này là hồng trà. Vã lại uống cũng k ngon vs k có trân châu nữaXem thêm,40
624,Nguyen Monica,15/1/2019 0:50,4.8,We arrived at around 10pm so there was not many options for tea left which is understandable. This is also not the employees’ fault but there is no option for the amount of sugar! The tea is premade and just poured into the cup on the spot. There is also no flavour of tea. I recommend to not get the tradional or matcha. But as a bonus there’s lots of toppings❤️Xem thêm,40
625,Lượng Huỳnh Kim Vạn,19/12/2018 19:28,4.2,Hôm nay mình có đi mua 2 ly trà sữa 1 truyền thống và 1 chocolate . Vì 2 phần này đã Full topping nhưng mình đã gọi thêm topping vì muốn được ăn nhiều hơn nữa nhưng khi mang về nhà thì mới thấy chỉ thấy topping thêm còn những cái topping có sẵn không thấy z ra thì mình đã lỗ. Thật sự rất bùn và giận thật không muốn ghé lại ủng hộ nữa🤬😡Xem thêm,40
626,Gia Nghi,15/12/2018 14:53,8.0,"Mình rất thích uống Chin đặc biệt là Matcha 
Vì mình rất thích ngọt. Thật sự nói trà sữa Chin ngọt hơn so với nhiều loại trà sữa khác nhưng mình thấy ngọt ở đây rất thơm chứ k phải ngọt gắt. Thạch cũng nhiều nữa đặc biệt flan trứng dai ngon. Một ly chưa đá, thạch với trà thôi đã hơn 2/3  ly rồi.
Nhưng Chin ít khuyến mãi quá nếu Chin mà khuyến mãi như mấy trà sữa khác thì thích quá.Xem thêm",40
627,Tambourine Tim,30/11/2018 21:44,7.4,"Lúc trước mình rất là thắc mắc tại sao giữa 1 rừng trà sữa ở Cần Thơ mà Chin lúc nào cũng đông khách, vì với mình thì mình ko thích trà sữa của Chin cho lắm. Và câu chuyện thay đổi khi vào 1 ngày mình uống macchiato matcha của Chin. Chin pha chế phần kem mặn ngon xuất sắc nên mặc dù macchiato không có nhiều topping (chỉ duy nhất trân châu trắng) với kem và trà sữa thì mình vẫn thấy món đó quá hấp dẫn và kiểu bị nghiện nên cứ uống hoài. Với cả giá cũng rẻ hơn các dòng khác chỉ 20-22k ly to.Xem thêm",40
628,Nguyễn Mai,26/11/2018 12:19,7.0,"Lần này ủng hộ tiếp dòng assam macchiato của quán. Lớp macchiato đúng là không ngọt gắt, chỉ béo béo mịn mịn nhẹ. Lớp tr thì có vị đắng nên uống cũng hài hòa hơn. Ly như hình đã có sẵn trân châu trắng.  macchiato size M thì có giá là 30k cho ly 500ml. Ly trà thì được ép miệng cẩn thận nhưng ly macchiato thì lúc về lấy ra mình thấy miệng hủ bị hở  quán nên có băng keo hay giấy bọc thực phẩm gì đó thì sẽ chắc ăn hơn. Cũng do một phần mình bất cẩn, không kiểm tra kĩ nên đã đổ gần hết ra ngoài miệng lyXem thêm",40
629,Da  Beo,15/10/2018 16:08,7.0,"Mới biết Chin mở thêm chi nhánh bên Nguyễn Văn Cừ có thể tiện đường mua hơn là mình bay đến ghé mua uống thử liền. Tiệm nằm ngay mặt tiền cũng rất dễ thấy, diện tích cũng tương đương với chi nhánh bên Trần Hưng Đạo nhưng mình thấy bên này sáng sủa hơn. Mới mở nên cũng không nhiều khách bằng tuy nhiên mình thử gọi các món uống mà mình vẫn hay mua ở Chin lúc trước thì thấy mùi vị cũng ngon không kém, lớp kem vẫn béo thơm và trà sữa pha vừa uống chứ không ngọt quá gắt. Chin lại có giá hợp lí nữa nên luôn được các bạn trẻ chú ý.Xem thêm",40
630,Phạm Trần Phương Trâm,18/8/2018 22:38,8.2,"Nhắc đến trà sữa Chin thì người ở Cần Thơ ai cũng biết hết á :3 Quán nằm trên đường Nguyễn Văn Cừ nối dài, gần với cơm chay Đạt nên khá dễ tìm :3 Quán chỉ bán take away thôi nên những lúc đông thì khách đợi ở ngoài quán khá nhiều :3 Như hình là ly trà oolong macchiato của quán. Uống khá ngon, đậm vị trà :3 Macchiato béo béo, mặn mặn, uống chung với trà ngon lắm, trân châu nhai nhai giòn giòn. Nhân viên vui vẻ, nói chuyện khá thân thiện với khách hàng :3 Ly như hình có giá chỉ 22k mà thôi.Xem thêm",40
631,Rachel Smith,"15/12/2021 13:27:58,",8.0,"Nay mình uống sữa tươi trân châu đg đen, ly nhỏ hơn những loại khác giá 26k, sữa thì k ấn tượng gì mấy đối với mình, vì mình cảm thấy k béo cho lắm, còn trân châu đg đen thì ngon sức xắc nha, rất thơm, trân châu dai mà có vị ngòn ngọt nữa.......Xem thêm",40
632,Rachel Smith,"08/11/2021 19:23:13,",9.0,"Mình ít uống béo nên mình hay gọi trà và từ đó mình cũng mê trà của Chin nhất, trà thạch đào 🍑 rất ngon, ăn kèm thạch đào & miếng đào như hình 🍑🍑🍑
Trà dâu 🍓 cũng thơm và ngon lắm ạ🍓🍓🍓...Xem thêm",40
633,Lynn1112,"11/03/2021 14:33:34,",7.6,20K cho 1 ly full topping là quá rẻ. Tuy nhiên trà ko được thơm chỉ có mùi sữa và các loại vị khác. Hơi ít món để lựa chọn....Xem thêm,40
634,Ha Nguyen,"05/03/2020 13:40:42,",4.2,"5 lần mua gần đây thì có 3/5 lần oder món lúa mạch đều không giao kem béo, không hiểu nổi luôn, lần 1 quên thì thôi lỡ, lần 2 thì cũng bực nhưng chẳng lẽ tốn cuộc điện thoại để mắng vốn sao hay đổ đường quay lại lấy 2 ly kem béo, đến lần thứ 3 lại không nên mới có cái comment này. quá tam...Xem thêm",40
635,{{Model.Owner.DisplayName}},{{Model.CreatedDate|dateTimeJson}},"{{Model.AvgRating >= 10 ? ""10"" : (Model.AvgRating|number:1)}}",Xem thêm,40
636,{{Model.Owner.DisplayName}},{{Model.CreatedDate|dateTimeJson}},"{{Model.AvgRating >= 10 ? ""10"" : (Model.AvgRating|number:1)}}",Xem thêm,40
637,,,0,,40
638,Cao  Thi minh,1/1/2022 13:40,5.0,1 tra sua trân châuXem thêm,40
639,Thủy,22/8/2021 15:20,5.0,Mình huỷ đơn ngày 28/8 2 sữa tươi trân châu đường đen.Xem thêm,40
640,Nguyen Thu,15/11/2020 17:54,7.0,"Trà sữa truyền thống
Lâu lâu uống lại Chin. Cảm giác càng ngày càng ngán vì quá ngọt đườngXem thêm",40
641,vyvy414,6/5/2020 14:11,9.8,Trà thạch đào thêm ngọc traiXem thêm,40
642,Trúc Mai Dương,27/11/2020 20:32,7.0,"BlackFriday 
• Trà sữa Caramel
• Hồng trà MacchiatoXem thêm",40
643,Trúc Mai Dương,19/9/2020 11:41,10,"Mới để ý có CHIN ở gần nhà!!
Trà sữa truyền thốngXem thêm",40
644,Hng4471,22/10/2019 23:46,1.0,"Mình là khách hàng vào quán tối nay (22/10/2019) Mình không hài lòng với bạn nhân viên nhắc nhở mình ""không được chụp ảnh với bất kỳ máy nào"".
Thứ nhất, tầng 2 của bạn không có dấu hiệu cho khách hàng thấy khu vực này không được chụp ảnh, hoặc nhân viên có thể thông báo trước để khách biết quy định ""mới"" này. Mình không nghĩ quán cf như vậy mà lại không cho khách hàng chụp ảnh bằng máy? (Máy mình là Fuji XE2, không phải thợ chụp lấy tiền).
Vấn đề thứ 2 mình không hài lòng là cách nói chuyện giữa nhân viên quán với mình, bạn vừa nói vừa quơ quơ tay như một người chợ búa. Thật khó hiểu cho cách phục vụ của nhân viên quán sang trọng như vậy.
Mình có chụp lại ảnh quy định quán tại cửa ra vào. Mình cần lời giải thích. Cám ơn.Xem thêm",41
645,Phương Dung Nguyễn,3/8/2019 17:47,7.4,"Nhân viên giữ xe khoảng 17:15 hôm nay ( 3/8), trời mưa, xe mình để phía ngoài lề đường đối diện, xe xếp sát nhau và phía dưới xe mình có vũng nước, mình mặc áo mưa đi giầy búp bê. 
Mình thấy khó lấy xe nên nhờ anh bảo vệ dắt xe ra giùm ( mình ko biết quán có bàn  điều kiện này với bên bảo vệ không, hay chỉ hợp đồng trông xe thôi) nên mình nói: nhờ anh dẫn xe hộ em vì trời mua mà có vũng nước nên em xen vào dắt không được.
Anh ấy nói: Tự dắt đi , và quay lưng đi 1 mạch luôn.
Mình hết biết nói ji luôn. Nên tự sắp xe bên cạnh và kéo xe mình ra. 
😂😂😂
Về phần nước uống và phục vụ quán thì tốt, và nhiệt tình.
Mấy anh bảo vệ trước của quán dù không dẫn xe cũng hỗ trợ kéo dãn khoảng cách xe bên cạnh để lấy xe dễ dàng hơn.
Cảm ơn!Xem thêm",41
646,Lan Tường,25/5/2019 15:39,7.0,"Mình nghĩ nên: làm 1 bảng hiệu tròn nhỏ gắn vương ra ngoài, để khi chạy vào hẻm, nhìn là biết quán. Thứ hai nữa là nên bật nhạc vì không nhạc mình thấy buồn :v mình thấy nhiều quán để học bài ngta vẫn bật nhạc bình thường. Ngoài ra, bật nhạc còn tránh một số tiếng ồn của các bàn bên cạnh. Nói chung quán ổn.Xem thêm",41
647,Thanh Ngân,6/1/2019 18:13,1.0,"Nhân viên tệ, quán lắp nhiều camera không biết để làm gì nhưng vào ngồi gần 30 phút vẫn không thấy một ai đến cho mình order. Một lần và sẽ không bao giờ ghé nữaXem thêm",41
648,Hoàng Huy,9/12/2018 20:01,8.0,"Hôm nay mình có ghé qua quán này để ngồi làm bài tập với đứa bạn nên có gọi 1 ly trà đào bạc hà và 1 ly cà phê sữa để uống, theo mình cảm nhận thì cà phê sữa của quán này ngon cực kỳ luôn nhe, vị cà phê đậm đà lắm, sữa thì vừa phải không nhiều quán nên ben béo vừa phải à, trà đào bạc hà thì thơm lắm nhe, vị trà đậm đà lắm ấy, được vài ba miếng đào để ăn kèm nữa nhe, quán rộng rãi view lại đẹp lắm luôn nheXem thêm",41
649,Hoàng Phúc Lê,13/11/2018 20:58,2.8,"Nhân viên phục vụ có thái độ khinh thường, khi dễ khách.Vào bàn ngồi cho đến khi lúc ra về cũng không ai lại order nước .Cứ đi ngang lại dòm dòm, liếc liếc,...😧Xem thêm",41
650,TM Nguyễn,3/11/2018 13:01,7.8,"Fplus (F) - vẫn là nơi hội họp ngày nào của nhiều bạn học sinh sinh viên. Không gian F vẫn như trước, có các tầng và sân thượng. Mỗi tầng là một phong cách trang trí mang dấu ấn riêng biệt. 

Ở F còn là nơi cho bạn học nhóm với số lượng nhiều, F có bàn lớn đủ chỗ ngồi cho bạn luôn ^^ có máy chiếu hẳn hoi! 

Sân thượng có vẻ hợp với xế chiều và tối, có cây xanh, có ánh đèn, chỗ ngồi giúp bạn ngắm được thành phố.

Menu F giá sinh viên. Một ly trà chanh mật ong vầy là 19k, vị ổn, ngọt mát. Nhân viên lễ phép, khá tận tình. 

Xe thì đã có bảo vệ trông coi, bạn yên tâm^^!Xem thêm",41
651,Quyên Khểnh,30/7/2018 11:30,6.2,"F-plus nằm tọa lạc tại 272D, đường 30/4, Q.Ninh Kiều, Cần Thơ ( hẻm cạnh hãng xe ô tô Chevrolet, ngã tư Hưng Lợi 30/4 )
Không gian quán rộng rãi, đặc biệt là tới 4 lầu.. chỉ hơi mệt là leo cầu thang.  Mỗi phòng ở đây thiết kế rất đặc biệt : có rất nhiều phòng sẽ dành cho các bạn hoc tập và để thảo luận trình chiếu slide ( theo mình thấy có phòng đặc biệt để các bạn có thể tụ hộp để thảo luận) . Wifi ở đây rât mạnh và ổn định. Tiếc là ở đây quán lúc nào cũng đông khách ^^ nên mỗi lần vào thường hay hết bàn. 
  Thường mình hay gọi là trà xí muội với gía 19k. Mình rất thích món này. Bên cạnh đó còn có rất nhiều nước khá ngon. Giá giành cho sinh viên. 
Điểm cộng của quán. Không gian và cảnh selfie rất đẹp. Nhân viên rất dễ thương và phục vụ nhiệt tình.Xem thêm",41
652,Nguyễn  Thị Phương Dung,18/6/2018 16:41,8.0,"Quán rộng đẹp thoải mái và có thể học nhóm đc thì Fplus trong list những quán hay ghé của mình. Bên trong phòng rộng mà không gian sáng nên rất tốt lun thêm vào đó Wi-Fi ổn định nữa. Tiếc là quán bàn ghế trên lầu hơi ít chứ kiếm bàn còn nhưng bàn học cao thì hơi ít xíu.  Nước pha chế cũng rất ngon nữa nhé. 
   Đi thường gọi nhất là trà đào hay chút chua mặn thì trà đào xí muội. Thêm xí muội vào nước ngon hơn hẳn lun ý nhất là xí muội tươi chứ ko phải cục kẹo xí muội khô nhé. Đồ ăn vặt cũng có mà ko nhiều thui đói đói ăn vặt cho vuiXem thêm",41
653,tiên,15/6/2018 23:00,7.6,"Thấy mấy bạn review khen quán đẹp, mấy lần tính ghé giờ mới ghé được. 
Đầu tiên là cảm thấy mệt, lội cầu thang lên tới sân thượng luôn mà mệt quá, nóng nên đi xuống dưới ngồi. Tụi mình ngồi phòng cát vì mấy chỗ khác đông quá hông có bàn luôn. Không gian không đến nỗi đẹp lắm như mình nghĩ nhưng vô phòng cát này thấy thích thích, đi trên cát, bị lún dưới cát rồi đi chụp hình sống ảo.
Nhân viên dễ thương lắm nhe. Thức uống được, giá rẻ, ly trà đen milk foam mà có 19k hà. Sinh viên đến đây nhiều có người học nhóm, có người họp mặt bạn bè. Còn có mình đi sống ảo nữa.Xem thêm",41
654,Rachel Smith,13/2/2022 13:35,8.0,"Tổng thiệt hại cho 2 cái bánh flan và 1 ly cafe chỉ 36k, bánh flan vị béo ngọt, ăn kèm cafe cũng ngọt, nhưng sẽ đỡ ngấy hơn

Thấy nhiều người ăn cooktail sữa nên lần sau sẽ thử xem sao!!!
 
Chỗ đậu xe là tiệm sửa xe to kế bên, nên k sợ thiếu chỗ đậu.Xem thêm",42
655,Ami Le,22/9/2020 15:11,9.2,"Vị trí quán nằm ngay vòng xoay, đường rộng thoáng dễ đi lắm nha.
Bánh flan 1 cái đúng nguyên chất luôn, quán để đông hơi cứng nhưng không bị đông cứng ngắc mà hơi mềm do ít nước. > Ngon!
Trái cây dĩa tươi ngon, có cả nho đen :vXem thêm",42
656,Trúc Giang Nguyễn,15/2/2020 6:16,3.8,"Tối qua 14/2/2020 mình có ghé tiệm ăn bánh flan, khi về nhà phát hiện bóp tiền để trong cốp xe bị moi và mất 1 tờ 500k mình để trong bao lì xì. Mình chắc chắn do nhân viên giữ xe của tiệm cạy cốp lấy tiền. Vì trước khi đến tiệm mình đã kiểm tra bóp không có gì khác thường. Nhưng ngay khi về nhà mở bóp ra thì bao lì xì đó bị lật ngược và có vết nhăn ở nắp bao, tiền ko thấy đâu nữa. Hi vọng tiệm làm việc lại với nhân viên, tìm ra người đã lấy tiền của mình và đề nghị trả lại cho mình. Mình chạy xe Grande màu xanh rêu, bóp tiền Vascara màu hồng. Thật sự đi ăn mà bị trộm tiền cảm thấy ko vui chút nào :))))Xem thêm",42
657,Huy Bí,5/12/2019 20:14,8.4,"Cocktail Ngọc Ngân
- Quán nằm trên đường Lê Lợi, từ cầu Ninh kiều chạy xuống ôm vòng xoay vô đường Lê Lợi chạy chút xíu là tới, quán nằm đối diện với khách sạn Mekong Cần Thơ.
- Quán buổi tối khá đông khách, đặc biệt là tối các ngày cuối tuần. Đêm nào cũng đông nghẹt người. Quán rất rộng vì có tới 2 mặt bằng bán, bàn ghế sắp xếp khá sát nhau vào những ngày đông khách ngồi khá chật chội, có khi ngồi sau lưng đụng người khác nữa. Quán có trên lầu nữa, trên lầu cũng có phòng và có khu vực ngoài trời, ngồi ngoài trời trên lầu có thể nhìn thấy đường ở dưới và khách sạn Mekong Cần Thơ. Quán được cái thoáng mát, khách lúc nào cũng đông nên cũng yên tâm về chất lượng của quán không sợ bán đồ cũ.
- Quán phục vụ khá nhiều món ăn, mà đặc biệt mình thích ở đây là Cocktail và bánh flan. Cocktail mình sẽ chọn 1 loại trái cây làm chủ đạo, trong tô sẽ có trái cây mình chọn nhiều nhất, ngoài ra sẽ có thêm những món trái cây khác nữa, mình thì hay ăn cocktail bơ. Bánh flan thì rất cứng chắc quán để trong ngăn đông, bánh flan rất mịn, béo và ngọt kết hợp với cà phê ăn không bị ngán, mình rất thích món này lần nào lại đây mình cũng gọi 1 cái bánh flan. Ngoài ra còn có yaourt, chè, sinh tố, trái cây dĩa, bò cá viên chiên.... Giá cả ở đây rất phù hợp với sinh viên, 1 tô cocktail với 1 cái bánh flan chỉ có 28k thôi, ngồi tám đã đời dẫn bạn gái lại đây ngồi rất thích hợp.

 Thích  Chia sẻXem thêm",42
658,Trúc Trần,22/10/2019 21:33,9.6,"Quán quen thuộc mình hay ăn bánh flan nhất ở cần thơ, quán rộng rãi, phục vụ nhanh , chất lượng tốt rất đáng để thửXem thêm",42
659,Tiên Mỹ,25/6/2019 12:15,5.8,Thích ngồi trên lầu yên tĩnh ngắm cảnh nhấm nháp bánh FlanXem thêm,42
660,Trang Ngọc,19/10/2018 22:50,8.8,"Cứ hễ đến Ngọc Ngân là phải kêu ngay mấy cái bánh flan ăn cho đã thèm. Có lần dẫn thằng bạn đi ăn mà nó nói bánh flan hơi ngọt. Chắc tùy mỗi người mỗi vị, chứ mình ăn thấy rất ổn luôn, bánh bao béo, loại bánh cũng cỡ to, không quá bé như mấy chỗ khác. Với giá 10k mà được cái bánh flan như vậy thì còn gì bằng nữa. Trong menu quán cũng có nhiều món khác nữa, thấy review cũng khá ổn, chắc lần sau sẽ đổi gió trải nghiệm thử :3 À mà lầu trên đã xây xong, không gian máy lạnh, bao hài lòng :3Xem thêm",42
661,Tambourine Tim,16/10/2018 22:03,7.2,"Review món khá hot của 1 quán cũng khá hot : cocktail sữa của flan Ngọc Ngân. Thường thì ăn ở chỗ khác chỉ có vỏn vẹn 1 ly thôi, ở đây làm hẳn tô to oạch cho ăn thả cửa, ăn 1 lần nhịn thèm 1 tháng :)) Tô nhưng vậy ăn sẽ có cảm giác đã hơn rất nhiều, trái cây đa dạng từ mít, thanh long vs cả dâu tây, bông tuyết. Dù có nhiều sữa và khá béo nhưng với lượng trái cây như này cũng ko sợ béo lên nhiều lắm đâu. Cũng có hôm quán không đông khách lắm.Xem thêm",42
662,Phạm Trần Phương Trâm,14/10/2018 23:20,8.0,"Nay thèm bánh flan quá nên đã rủ bà chị đi ăn. Quán nằm trên đường Lê Lợi, kê bên là bánh flan 16 nên cũng dễ thấy lắm. Lúc trước quán sửa nên chỉ có tầng trệt thôi, giờ có thêm tầng lầu với phòng máy lạnh rất tiện nghi. Như hình là phần bánh flan của quán, cái này bự hơn mấy chỗ khác nên giá cũng có thể cao hơn, 10k một cái, nhưng bù lại bánh khá dẻo, mịn và ăn khá ngon. Điều mình không thích chính là nước cà phê hơi ngọt có lẽ quán nên điều chỉnh lại phần này.Xem thêm",42
663,Hiếu Minh,19/8/2018 16:00,9.4,"Quán nằm ở đường Lê Lợi gần vòng xoay Mường Thanh các bạn có thể dễ tìm . Đây là quán ngon nhất về trái cây dĩa, bánh flan và cocktail sữa ở đây. Hôm nay mình thèm cocktail sữa nên ghé gọi ăn. Trong tô có rất nhiều trái cây như mít, thốt nốt, dưa hấu, xoài, sabo, hoàng kim và sầu riêng với sữa đặc là nước dùng của món này 
Một phần vậy là ăn no luôn, mát ruột mát gan luôn ah. Ngoài ra còn có bánh flan làm nên tên tuổi quán này đó ạ . Trái cây dĩa, sinh tố cũng có luôn nha. Ăn ban đêm thì có cá viên chiên nữa đóXem thêm",42
664,Benjamin T. HUYNH,1/12/2020 18:49,5.6,đồ ăn ngon. Nhân viên thân thiện. Rất thích món Mì khô trộn tép mỡ. 😋😋😋Xem thêm,43
665,juniee,29/5/2020 10:38,4.2,"Mình đi vs bạn, bạn mình ăn mì sủi giá 25k khá ok Còn của mình  kêu mì sủi xương, được 2 miếng xương nhỏ xíu hết 45k mình thấy giá khá mắc.Xem thêm",43
666,Trang Hậu Huỳnh,4/1/2020 22:47,7.6,"Mì trộn tóp mỡ có xương với thịt mềm, tóp mỡ mặ mặn ngọt ngọt ăn chung với mì thì ok ăn riêng hơi mặn, sủi cảo vỏ mềm nhân thịt ngọt vừa , ít mỡ . Mình gọi thêm phần sủi cảo là 18k .Mình gọi miến sủi ăn cũng tạm,miến không dai ,nước ngọt thanh không có cảm giác nhiều bột ngọt.  Tổng thiệt hại 75k 1 mì,1 miến,1 sủi thêm 😁Xem thêm",43
667,toriquach,26/12/2018 10:03,9.2,"Sủi cảo A Chảy hẳn là không còn gì xa lạ với người dân Cần Thơ, đặc biệt là giới học sinh - sinh viên.  Mình biết đến quán từ năm 2010, đến giờ đã là 8 năm rồi nhưng mình vẫn hay lui tới.
Chất lượng thì khỏi phải bàn vì đây là một quán đã có uy tín lâu năm :3 :3 
Giờ thì quán đã chuyển sang địa điểm mới là số 38 Nguyễn An NInh, đối diện với khách sạn Minh Nhựt, rất dễ tìm. Không gian quán cũng khá thoáng.
Đây chắc chắn là nơi mình sẽ quay lại thường xuyên.Xem thêm",43
668,Ron Swift,1/12/2018 22:03,7.2,"Hình này là mình chụp lúc quán còn ở địa chỉ cũ, bây giờ dời qua Nguyễn An Ninh rồi, cùng phía với Vita juice, nhưng nằm ở đoạn gần chợ đêm í. Quán mới bên này hình như chỉ bán mang về thôi, đợt mình ghé mua không thấy bàn ghế gì cả. Sủi cảo thì chất lượng vẫn vậy, có điều đợt này nước nguội quá, mới mua chạy ra quán cà phê có chút thôi mà nước nguội thành ra ăn hơi bị tanh một chút. Món này ăn hơi ngán nếu ăn nhiều, có rau thì đỡ hơn.Xem thêm",43
669,Quăn Quăn,19/10/2018 22:04,8.0,"Địa điểm này nay đã đổi sang vị trí mới ở đường nguyễn an ninh, hướng về bến phà xóm chài, đối diện chành xe trọng trinh. Không gian mới rộng rãi hơn, sạch sẽ hơn và sáng sủa hơn. Trong thời gian dời địa điểm khi các bạn lại quán cũ sẽ có người dẫn bạn lại quán mới. Địa điểm thay đổi quán cũng bổ sung thêm menu nữa. Vị đồ ăn thì vẫn vậy, nhưng các bạn sẽ k phải ngồi lụp xụp nưa.
Thậm chí tô cũng mua mới cho các bạn dùng luôn. Đảm bảo đẹp và sạch sẽXem thêm",43
670,Hoang Phuong Do,17/10/2018 22:30,7.8,"Tối mà qua đây ăn là cũng đủ ấm lòng cả buổi tối rồi.
- về không gian: quán cũng không rộng lắm, hơi nóng, ngồi trong hay ngoài gì thì cũng cảm thấy nóng, chắc do khách của quán hơi đông. Bãi xe kế bên hơi chật hẹp một xíu nè.
- về món ăn: ở đây có bán súp cua nè, hoành thánh, sủi cảo các loại, ngon lắm nha. Hoành thánh nhiều nhân, nấu không bị nát nè. Nước dùng ngọt thanh trong vắt, cải ăn kèm khá nhiều. Ngoài ra còn có bán nước sâm các loại. Giá cả thì hợp túi tiền cho sinh viên luôn.Xem thêm",43
671,Phạm Trần Phương Trâm,12/10/2018 19:51,8.4,"Lần này ghé lại mua sủi cảo mới biết là quán chuẩn bị dời đi chỗ khác :)) như hình là một ly sủi cảo nước chung mang về với giá 15k. Nhà mình gần nên dặn nước chung luôn, về nhà cho ra tô là có thể dùng được ngay. Viên sủi cảo to bự, nhân bên trong cũng dai, nhiều nữa. Mang về quán không kèm theo tương xay hay tương ớt nên bạn nào cần ăn phải dặn quán thêm. Một tô 15k có tầm khoảng 6 tới 7 viên. Thấy review súp cua cũng rất ok nên có dịp sẽ thử :3Xem thêm",43
672,Ph.Hang,8/10/2018 16:52,8.0,"Món ăn ở quán này ngon giá cả lại phù hợp, đặc biệt nhất là món mì sủi mà bọn mình hay kêu. Ăn no bụng mà chỉ ngót tầm 20-25k 1 tô đầy đủ như thế này. Cô chủ quán lại dễ thương nữa 😛Xem thêm",43
673,Phương Trần,7/10/2018 20:44,9.2,"Lâu lắm rồi mình mới quay lại quán này luôn hả nè, nhớ hồi trước đi học thêm buổi tối về lúc nào cũng ghé đây ăn hoành thánh hoặc sủi cảo, súp cua với tụi bạn. Bây giờ quay lại quán vẫn y chang vậy không có gì thay đổi hết trơn, quán vẫn đơn sơ, bình dân lắm, không gian ngồi bên ngoài thoáng mát, thoải mái, phục vụ cũng nhanh lắm. Trong hình là mình mua súp cua đem về, nóng hổi, nêm ngon, nhìn rất hấp dẫn, giá chỉ có 10k thôi, ngon mà rẻ nữa.Xem thêm",43
674,amnhac,21/4/2021 10:27,10,Vẫn rất yêu nơi này nhiw thuở ban đầuXem thêm,44
675,clb nhật ngữ,21/2/2021 13:41,10,Không gian và nhạc thích hợp đọc sách... đồ uống thanh !Xem thêm,44
676,Ý,24/1/2021 12:01,10,Tự cảm nhận nha mọi người.. ai thích gió trời hơn gió điều hoà thì nhích nhaXem thêm,44
677,Hữu Dung Vương,11/11/2020 23:25,10,"Bà mèo khá êm ái, sách khá hay và đồ uống ta la khá ổn áp, view còn ổn hơn hẳnXem thêm",44
678,Thuận Đang,31/10/2020 13:05,10,"Ở Cần Thơ mình chỉ uống được ở quán này đồ uống ngon, trang trí đẹp, nhân viên dễ thương, nhiệt tình. Có mấy bé mèo dễ thương lắm luôn. Không gian chill, thoáng mát, nơi checkin siêu vintageXem thêm",44
679,Rang Tờ,28/10/2020 13:45,10,"Buổi sáng, buổi trưa ở đây học bài là ô kê luôn, buổi tối rủ thêm mấy đứa bạn lại chơi ma sói là tuyệt dzời!!!
Ngon từ nước uống tới nhân viên á ( ý mình là nhân viên dethuong á)... Cafe mộc nên vị rất đậm đà, hông uống được cafe thì có thể uống các món hông mặpp như trà sữa hay là mấy món mà Củi tự làm như ""ya - ua "" đá á....
Ở quán còn có mấy con mèo dễ cưng nữa , chảnh có, dễ dãi có luônnn  😂Xem thêm",44
680,Thành Đạt Nguyễn,28/10/2020 13:44,9.2,"Một ly arabica Cầu Đất Đà Lạt với vị thanh chua đặc trưng của hạt cafe, kèm theo không gian bao gió cho một buổi sáng lành mạnh.Xem thêm",44
681,Như Huỳnh,28/10/2020 13:33,10,"Ở Cần Thơ mình chỉ uống được ở quán này đồ uống ngon, trang trí đẹp, nhân viên dễ thương, nhiệt tình. Có mấy bé mèo dễ thương lắm luôn. Không gian chill, thoáng mát, nơi checkin siêu vintageXem thêm",44
682,Như Ý Lữ Ngọc,17/9/2020 13:50,9.4,"Quán nghỉ dịch 1 tháng nên nhớ quá chời nhớ Củi luôn
Mở lại thì có hẳn không gian sân thượng mát lồng lộn luôn
Ngồi sân thượng, đọc sách r nhâm nhi ly cam xí muội :)))Xem thêm",44
683,Hữu Dung Vương,8/9/2020 20:11,9.8,Dễ thương muốn xỉu!!Xem thêm,44
684,Hương Ngọc,10/9/2019 12:59,8.2,"Mình thấy quán ở đây mì cay ngon nha nước súp đậm đà rất hợp khẩu vị,và giá cũng hợp lí hơn một số chỗ khác nha chỉ 38k .Về phần nhân viên cách phục mình cảm thấy rất hài lòng.Xem thêm",45
685,Hừng Trần Ánh,10/9/2019 11:40,9.0,"Theo mình thì quán ở đây mì cay vừa ngon và giá hợp lí hơn một số chỗ khác 38k
Rất hợp khẩu vị với mình và quab trọng là cách nhân viên phục vụ làm mình cảm thấy rất hài lòng!Xem thêm",45
686,Huyền Trần,9/9/2019 22:50,4.0,"Đối với học sinh,sinh viên hay người lớn đều có những sở thích riêng đối với món ăn mik iu thx riêng đối với mì cay thì ko thể nào thiếu đv lớp trẻ....ăn n quán nghe PR rất nhiều quán...và ăn thử thì mik thấy quán này ăn ngon nc sốt đậm đà gia vị cũng vừa miệng hơn. Với giá 38k đv bò hay hsan thì cũng hợp lý..các bn hãy thử và cảm nhận xem mik có nói đúng ko nèXem thêm",45
687,Quang Nguyễn,7/9/2019 22:32,9.2,"-Chỉ với 38k mà có thể ăn được 1 tô như vầy là trên cả tuyệt vời vì mình không ăn tôm nên phải bù chả, ăn xỉu lên xỉu xuống vì cả chất lượng lẫn số lượng . 
-Còn nước thì rất đa dạng và phong phú nhưng không quá mắc phù hợp với đa phần học sinh , sinh viên . 
-Không gian thoải mái , rộng rãi có cả sách với nhiều thể loại thích hợp cho các bạn học sinh , sinh viên gặp gỡ , trò chuyện và họp mặt,.....
-> Muốn cảm nhận tốt hơn thì nên đến ngay và luôn các bạn nhé ❤❤❤ !!!!!!!Xem thêm",45
688,Nguyễn Lạc,7/9/2019 20:57,9.8,"Như một thói quen 🥰🥰
  Hễ thèm mì cay là chạy ngay lại quán . Mì cay rất ngon về  hương vị và nguyên liệu thì bao tươi ngon luôn nhe mn!
  Mì cay đã ngon này quán còn có thêm đồ chiên, khoai tây chiên và cả topping mì cay như ( phô mai trứng , thanh cua, sandwich cá hồi ,...)
  Giá cả thì rất sinh viên nhe mn, có thể chọn combo mì và trà sữa nữa chứ 🤑🤑
  Không gian quán thì thoải mái , yên tĩnh rất thích hợp cho các bạn họp nhóm hay tự học 😊😊😊Xem thêm",45
689,Sơn Hoàng,7/9/2019 19:47,8.8,"Mỳ cay ở đây nước súp rất đậm đà nha. Đb  xúc xích rất ngon,  đồ ăn cũng tươi  nữa.  Không gian đẹp + yên tĩnh. Phù hợp với mấy bạn vô học nhóm. Nhân viên khá nhiệt tình.Xem thêm",45
690,Thảo Ly,7/9/2019 11:51,8.0,"Nghe riview về mì cay ở Vitamin+ lâu rồi á mà nay mới có dịp thử. Nhìn chung thì món ăn vừa miệng, topping nhiều, mấy bạn thích ăn cay dặn thêm 0.5 độ hay 1 độ là vừa rồi á. Không gian quán rộng, phục vụ tốt. Nói chung là quá hài lòng luôn á.Xem thêm",45
691,Loan Nguyen,7/9/2019 0:00,7.6,"Chào mọi người 🤣 chuyện là hôm nọ mình bị thèm mì cay, chạy vài vòng thì không biết ăn ở đâu được :(( rồi nhớ ra ở quán Vitamin+ cũng có phục vụ mì cay và thế là tấp vào luôn 😃

+ Về không gian: Quán khá thoáng mát, thoải mái. Thích hợp cho mọi người tụ tập tám chuyện, hàn huyên nè 

+ Về menu, thức ăn - đồ uống: Menu giá cả rất sanh ziên luôn nha 👍🏻. Mình kêu phần mì trong ảnh là mì chỉ chả và xúc xích í ( Vì không thích ăn tôm ), mọi người có thể dặn nhân viên tuỳ theo sở thích nà 😍

+ Về nhân viên: Nhân viên nhiệt tình và rất dễ thương nữa. Bạn nhân viên bảo vệ thì luôn niềm nở dắt xe cho khách 👍🏻

Nói chung mọi người nên ghé 1 lần rồi sau đó sẽ tốn tiền dài dài vì sẽ nghiện 🤣🤣Xem thêm",45
692,Nguyen99,6/9/2019 21:39,9.2,Ăn nhiều chổ rồi chỉ có nơi đây là đậm đà mà vừa khẩu vị nữa. Thích nhất là mỳ bò ở Vitamin+ 🍜🍜Xem thêm,45
693,Thịnh NT Nguyễn,28/6/2019 0:29,9.2,"Đơn giản vì mình thích thôi
Ps: ngon - giá hợp lý - không gian quen thuộc 😉Xem thêm",45
694,Vy,30/7/2020 10:05,9.2,"Chảo nóng sốt vừa ăn,giá 42k chảo (chưa kèm bánh mì) + 2 viên xíu mại khô toXem thêm",46
695,Lười Ỉn,22/11/2019 16:39,8.2,"Viễn Hưng - 61*** Cần Thơ
Đến với Cần Thơ thì nhất định phải thử quán này nha mọi người, mình cũng tìm hiểu trên mạng thấy có nhiều lời khen nên lần mò đến đây ăn, quán khá đông vì mình đi vào tầm giờ ăn sáng cuối tuần.
Mình gọi 2 bánh mì chảo xíu mại trứng ốp la chỉ có 30k thôi mà ngon lắm, pate ngon cực luôn, sốt cũng rất ngon vừa miệng, nóng hổi, chấm cùng bánh mì giòn giòn ăn rất khác biệt luôn!
Há cả và xíu mại khô ở đây cũng rất ngon, nhân nhiều mà nhìn to, thơm ngon khác biệt lắm, nghe nói món này do chính tay người Hoa làm.Xem thêm",46
696,Trần Thanh Ngân,2/9/2019 5:51,1.0,"Sáng sớm đói bụng đi ngang thấy quán mở cửa, mua 3 phần bánh mì chảo mang về tính tiền là 72k, về nhà mở ra không muốn tin vào mắt mình luôn. Chỉ vỏn vẹn 1 MIẾNG PATE với 1 TRỨNG ỐP LA ở mỗi hộp. Được 3 bọc nước sốt nhưng TOÀN BỘ LÀ NƯỚC TƯƠNG. Cũng là dân Cần Thơ, cũng từng đến quán ăn rồi nên biết phần bánh mì chảo ra sao. Không ngờ 1 lần mua mang về lại đi làm chuyện lừa đảo trắng trợn không màn danh tiếng quán như vậy. Cảnh báo mọi người muốn đến đây ăn nhớ cẩn thận đừng để bị như vậy giống em nha.Xem thêm",46
697,utbinh1509,17/1/2019 7:20,5.0,Mua bánh mì nhét mang đi không khi nào làm đúng yêu cầu của khách 😣Xem thêm,46
698,Đoan Trần,3/12/2018 10:00,8.2,"Có dịp đến Cần Thơ và lần đầu mình đến ăn thử ở đây. Quán vào sáng chủ nhật  đông nhưng món ăn ra nhanh , giá cả bình dân, quán có món xíu mại khô cực kì ngonXem thêm",46
699,Ron Swift,16/11/2018 15:55,7.6,"Quán này là một trong những quán đặc trưng nên đến thử ở Cần Thơ nè. Mình hay thấy các trang du lịch, cộng đồng đăng bài về quán này lắm, vì quán này rất nổi tiếng với móm bánh mì chảo, rồi há cảo do người Hoa làm.
Nếu lần đầu ghé quán thì nên gọi một chảo bình thường, sẽ có trứng ốp la, một viên xíu mại, một viên há cảo hấp, giờ giá 23k hay gì rồi, dĩ nhiên là có sẵn bánh mì. Bánh mì của quán thì luôn giòn rụm, phục vụ lại nhanh nên dân địa phương ở đây rất thích.Xem thêm",46
700,Hoàng Huy,16/11/2018 15:31,8.0,"Hôm nay sáng sớm có ghé qua quán này để ăn sáng, mình có gọi 1 phần bánh mì chảo và xíu mại chén để ăn, 1 phần đồ ăn khá là ngon mà lại nhiều lắm nhe, ăn cũng ngon và vừa miệng lắm luôn ấy, xíu mại mình thấy cực kỳ vừa miệng luôn nhe, vỏ không quá dày và đồ ăn cực kỳ nhiều nên mình ưng ý lắm luôn nhe, không gian quán này cũng khá là rộng rãi ấy, buổi sáng ở đây cực kỳ đông khách luôn nhe, lần nào vào cũng muốn hết bàn hếtXem thêm",46
701,Thế Tuấn,9/11/2018 13:05,9.0,"Đây là lần thứ hai mình ăn bé này quả thật là rất gây nghiện luôn. Đây là bánh mì há cảo Viễn Hưng đường Võ Văn Tầng. Em có giá là 17.000  ngoài ra còn có ổ 12.000 nhưng mình ăn ổ 17.000 mới đủ thỏa mãn. Bên trong bánh mì có khoảng 5 hay 6 viên há cảo, viên nào cũng đầy ấp thịt, thịt thì được nêm rất vừa ăn và hơi ngọt nhẹ tí, vỏ há cảo mỏng. Quán bán rất đông khách nhưng bánh lại có rất nhanh khoảng 2 - 3 phút là xong. Chú bán cũng rất nhiệt tìnhXem thêm",46
702,Quăn Quăn,2/11/2018 15:01,7.8,"Không gian: rộng rãi, tuy nhiên quán đông nên không đủ chỗ ngồi, nói đúng hơn là quán đắt quá.
thức ăn thì bạn ăn phần nào tính phần đó, tính riêng từng phần há cảo, xíu mại, bánh mì, chảo, chứ không có theo phần nên các bạn cứ ăn thoải mái, không cần phải ép mình ăn đâu nha.
Menu: xíu mại, há cảo, chảo trưng gồm pate và xíu mại, chén chấm.
Giá tiền: mình ăn hôm nay là 76k nha
Nhà vệ sinh: mình chưa bao giờ đi nhà vệ sinh ở đây nên cũng không rành.
Hiện tại chỗ này dễ đi nhất là đối diện chi cục thuế ninh kiều.Xem thêm",46
703,Mỹ,30/10/2018 14:12,8.0,"Ngon - bổ - rẻ - nhiều, nói chung là ăn no nê luôn nhưng mà đông quá đông cũng may vừa tới là có bàn tính tiền về nên ăn đc liền ^^Xem thêm",46
704,Trúc Mai Dương,25/12/2019 17:28,7.8,"Giảm 45% 
Không ngon 
Trà sữa Hoa đậu biếcXem thêm",47
705,Phi Phụng Phạm,7/9/2019 22:50,8.0,Trà trái cây + chèXem thêm,47
706,Duong Khoa,22/5/2019 16:45,2.6,"Mình đăt ở đây nhiều lần rồi thấy uống ok 
Nhưng gần đây 2 lần ko đặt đc và hôm nay đặt đc thì nước pha rất tệ 
Ly trà xanh hoa nhài thêm trân châu trắng thì bỏ trân châu đen
Ly trà xanh hoa nhài cream cheese thì như trà sữa
Ko bao giờ mua nữaXem thêm",47
707,Phi Phụng Phạm,21/4/2019 23:57,8.2,Trà sữa - trà trái cây - chè mình uống ở đây nhiều rồi. Nhưng món bánh trứng là lần đầu tiên thử luôn. Vô uống nước mà nghe mùi bánh thơm ơi là thơm chịu không nổi nên order ăn thử. Theo mình thì bánh ăn ngon nhất là lúc vừa đem ra lúc còn nóng á. Thơm nức mũi. Mình ăn loại truyền thống không thêm hương gì cả. Một phần 25000 tầm 2 người ăn. Ngon lắmXem thêm,47
708,Như Trương,25/3/2019 19:28,7.6,"Trà và chè thảo mộc rất ngon, nói chung tất cả đều ok riêng cái wifi, lúc xài được lúc không. Hy vọng quán sẽ khắc phục tình trạng. :(Xem thêm",47
709,Thuỳ Như,24/3/2019 19:13,9.2,"Chè thảo mộc ngon, nhưng hơi ngán thêm phần kem là 10k, còn nước uống bình thường, phục vụ rất lâu. Không gian thoải mái, thoáng mátXem thêm",47
710,Linh Sone,11/3/2019 0:01,8.4,"Quán nằm trên đường nguyễn việt hồng, bảng hiệu bắt mắt mà không gian cũng sang chảnh nữa. Mỗi khi đi trà sữa thì đa số là ghé ở đây. Trà thơm, ngon đậm đà, nhưng ít loại topping thui. Các món kem cheese thì quá tuyệt vời, mình coa thử món chè thêm kem matcha, vừa thơm vừa béo mà k ngậy. Nhân viên ai cũng dễ thương hết. Nói chung là tuyệtXem thêm",47
711,Trinh Châu,8/3/2019 19:55,5.8,"Đi từ hướng Mậu Thân rẽ vào Nguyễn Việt Hồng thì tiệm nằm bên phải.
Quá đông khách, mình đến lúc 15h45 thì trà sữa matcha đã bán hết.
Mua trà sữa trà xanh (đợi 20p) mang về -&amp;gt; ly 39k thì thấy hơi nhỏ và chẳng có màu xanh tí nào, không ngon bằng trà sữa  matcha.
39k giảm 62% thành 15k (nếu up thì thêm 3k).Xem thêm",47
712,Lợi Nguyễn,1/2/2019 13:57,8.8,"Điểm mình thích là quán thiết kế nhìn rất sang trọng và hiện đại. Logo trên ly đáng yêu, vỏ giấy ống hút nhìn cũng hiện đại nữa ngay cả khăn giấy cũng dễ thương. Ly như hình là trà sữa olong trân châu, thơm nhưng theo mình thì vị chưa đậm đà lắm, trân châu rất nhiều, nhai mỏi miệng luôn. Hôm qua ngay dịp km nên giá siêu mềm.Xem thêm",47
713,Orlado Justin Phan,9/1/2019 9:53,9.2,Từ sg về ct uống cho đcXem thêm,47
714,Thảo Nhi,15/12/2019 18:50,10,Dù đi đâu vẫn phải về Lophuong😘 Green milktea vẫn thơm ngon như thếXem thêm,47
715,Thảo Nhi,3/5/2019 17:27,10,"Ngồi đục mưa , nhâm nhi li trà sữa topping xoài ,nghe nhạc ,ngắm mưa còn gì bằng 😂 Nhân viên vui vẻ, nhiệt tình.Xem thêm",47
716,Thảo Nhi,19/3/2019 23:22,8.6,socola caramel thơm thơm béo béo nhưng không ngấy. Hơi nghiện rồi. Nhân viên nhịêt tình 👍👍💕Xem thêm,47
717,Vy Lê,6/3/2019 12:23,8.4,"Sau thời gian chờ đợi cuối cùng trà trái cây đặc biệt cũng về, tuy không giống vị lúc trước nhưng theo mình thấy mình thích vị này hơn. Nhân viên lịch sự, tử tế.Xem thêm",47
718,Phuc Dong,5/3/2019 23:08,8.8,"Trà sữa xanh và trà chanh xí muội rất ngon ,nvien nhiệt tình và dễ thương .Mh uống ở đây lâu rồi nhưng chưa bao giờ thất vọng ☺️💕Xem thêm",47
719,An An,12/2/2019 13:38,6.4,"Mua ở đây 3 lần điều bực mình hết 3 lần..
1.lúc mới ra mình uống rất ngon, bây h không được như lúc trước.
2. Nhân viên tỏ thái độ với mình khi mình nhắc bạn ấy giao nước cho mình. Trong khi mình thấy ly của mình đã làm xong lâu r nhưng bị bỏ quên!Xem thêm",47
720,Huyền,19/12/2018 5:09,7.0,"Nước ngon, giá hợp lí. Góp ý thêm về toping đậu đỏ, vì mình thích nên order bất kì món nào mình cũng thêm đậu đỏ, nhưng ăn mấy lần rồi, của quán bị cứng quá, giống như chưa chín ấy, 1 lần nữa thì ăn vào bị chua. Mong quán để ý hơn.Xem thêm",47
721,Henry,13/12/2018 12:21,9.8,"Nước ngon , giá rẻ , nhân viên phục vụ rất tốt vui vẻ .Xem thêm",47
722,Hoàng Duy Phan,10/12/2018 14:49,9.0,"Nước ngon, nhân viên so dễ thươngXem thêm",47
723,Đình Thi,17/11/2018 13:01,5.0,"Mình mua ở đây 3 lần
Lần 1 rất là ok 
Lần 2 tối thứ 6 mình ord 1 ly + 1 phần trân châu nhỏ nhưng có vẻ như là nhân viên đã quên thêm trân châu cho mình.
Lần 3 thứ 7 mình ord 1 ly đường 75%, bạn nhân viên hỏi mình đá 75 luôn k. Mình trả lời là đá bình thường 100% nha. Mình chạy từ quán đến ĐKTW thì ly trà không còn sót lại 1 viên đá nào cả. Mình để 1 xíu thì nó không còn lạnh gì hết luôn.Xem thêm",47
724,Thông Anh,12/8/2020 13:41,9.6,"Đóng góp sạch sẽ , vị ngonXem thêm",48
725,Vy,29/7/2020 16:43,9.4,"Ngon,nước mắm lạt nên phải chan nhiều,bì chả thịt rất ngon,giá chỉ 18kXem thêm",48
726,yuuba,19/4/2019 11:02,8.4,"Nói tới cơm chay thì quán này quá là nổi tiếng rồi 😝 Chiều mát rủ bạn đi ăn cơm chay đường Đề Thám nha, quán khá đông, hơi nóng, phục vụ liên tục luôn ý. 

Mình gọi 1p cơm xào, bạn mình ăn cơm thố hay cơm chảo gì ấy quên mất tên r 😆😆

Quán làm ăn khá nhanh luôn ngồi xíu là có r. Phải nói là dĩa nào cũng to cũng nhiều, và đặc biệt là thơm. Nhiều rau củ nên ăn k ngán nha.

Cả hai phần đều ngon và đáng để thử 😆😆😆Xem thêm",48
727,yuuba,17/2/2019 9:53,8.6,"Lâu lâu đổi gió kêu cơm chay về ăn nên đặt ở Bách Thảo 1 phần cơm vào và bún chay như hình nè. Giá k quá đắt, vừa túi tiền mà chất lượng k có chỗ chê. 

Cơm xào với mình khá nhiều dầu, tuy nhiên quán nêm nếm rất ngon, nhiều món kèm, có súp rau củ, cơm nhiều đồ ăn, nhìn khá phong phú và thích mắt 😍😍😍

Bún thái chua chua cay cay ăn k tưởng nổi là bún chay luôn, vị quá vừa ăn, bún nhiều, nước nhiều, k uổng tiền. Sẽ tiếp tục ủng hộ 😚😚😚Xem thêm",48
728,Diễm Chi,10/12/2018 15:35,7.8,"Mới đi ăn trưa xong là review liền.
Định đặt trên Now mà cuối cùng đi ra quán ăn luôn.

Tụi mình ghé quán quá giờ rồi nên quán không đông. Bàn ghế gỗ cao, chắc chắn, thoải mái. Không gian thoáng mát, sáng sủa.

Menu các món ăn chay và lẩu chay, thức uống giải khát và trà thảo mộc tốt cho sức khoẻ.

Tụi mình 4 người kêu 6 gỏi cuốn 4k/c, bún riêu 18k, bún thái 20k và cơm thập cẩm 17k.
Đồ ăn ngon, chất lượng, dĩa cơm nhìn đầy ụ luôn.
Phục vụ nhanh nhẹn, lên món rất nhanh.Xem thêm",48
729,yuuba,8/12/2018 13:47,8.8,"Ăn ở đây một lần là ghiền 😋 Hnay quay lại mình or một cơm thập cẩm và 1 cơm xào nhe vì nghe review mọi ng khen quá tr 😋

Hai hộp nặng cực kì, nhiều đồ ăn nhân dịp giảm giá lại còn rẻ nữa. Cơm xào nêm vừa ăn cực luôn có đều cơm trắng cho hơi ít, tuy nhiên đồ ăn rất nhiều, mình đạo rau mà nên ăn bao ngon, cứ nghĩ đang ăn đồ mặn luôn 😂😂😂 Cơm thập cẩm hnay có đậu rồng, rau cải xanh, cải trắng, cà rốt, nấm, đậu hũ,... đầy ụ. Có điều canh hơi lạt nhe còn lại đều ngon cả 😍😍😍

Sẽ ủng hộ dài dài 😘Xem thêm",48
730,yuuba,7/12/2018 14:48,8.2,"Hnay đổi gió ăn cơm chay nên mình gọi 1 phần bún Kim Tiền, 1 cơm chay Bách Thảo và 1 cơm thập cẩm 2 ng ăn sáng trưa chiều luôn 😆😆😆 

Cơm đc giao tới vẫn còn nóng nha, thơm phức, hộp nào cũng đầy đồ ăn nhe, nặng trịch luôn. 

Bún Kim Tiền ăn khá ngon nhe, chả giò nhiều khoai môn, ú nu, có điều nước mắm cho hơi ít. Cơm chỗ này ăn ngon, đầy đủ bì, dưa leo, rau muống, chả tàu hũ với nhiều món chay ngon lắm mà chẳng biết tên 😂😂😂 

Nói chung chỗ này cơm khá ổn, cần cho nhiều nước mắm thêm tí thui 😋Xem thêm",48
731,Hoàng Huy,17/11/2018 14:31,8.0,"Hôm nay mình có đi với đứa bạn qua quán này để ăn chay, gọi 1 phần cơm rang cá mặn, 1 phần chả giò chiên với cơm rang gạo lứt, theo mình cảm nhận thì cơm cảu quán này đúng chuẩn ngon mà rẽ nữa nhe, đồ ăn thì mình thấy chất lượng lám luôn ấy, quán do mình đi buổi trưa và là ngày thường nên cũng không đông khách lắm nên món ăn có mau hơn một tý, nhân viên quán phục vụ nhanh nhẹn và nhiệt tình lắm nhe, sẽ ghé ủng hộ quán thường xuyên hơnXem thêm",48
732,Hoàng Huy,19/10/2018 10:10,8.0,"Hôm nay có đặt món chay của quán này để ăn, phải nói là đồ ăn ngon và chất lượng cực kỳ luôn nhe, giá cả có phần hơi cao so với mấy quán khác nhưng mình thấy cũng xứng đáng cực kỳ luôn nhe, gọi 1 hộp bún kim tiền, 1 phần bún bò huế và 1 phàn hủ tiếu để ăn, theo mình cảm nhận thì đồ ăn ngon lắm nhe, tuy là món chay nhưng ăn ngon miệng lại không dễ bị ngán nữa chứ, nhân viên giao hàng thì nhanh lẹ nữa nên ưng ý cực kỳXem thêm",48
733,Mr Đình Nam,12/10/2018 20:40,7.6,"Mình hay mua bún chay ở đây ăn lắm, thường thì cũng hay ghé quán hoặc mua về, bún chay ở đây ngon, mà đồ ăn cũng nhiều, với giá cả cũng khá hợp lý. Chả giò cũng ngon vừa miệng lắm mà hơi dầu mỡ!Xem thêm",48
734,Quỳnh Nguyên,13/5/2023 7:55,2.6,"Thái độ của CHỦ rất kém, nói chuyện cộc cằn với nhân viên đã đành đến khách cũng y như vậy!? Lúc trước chủ rất ok nhưng có vẻ hiện tại đã đổi chủ nên thái độ rất kì cục. Giờ ko hiếm quán chay nữa đâu nên nếu quán ko cần khách thì cứ tiếp tục như vậy nhé.
<5/2023>Xem thêm",48
735,Tấn Trương Hoài,15/9/2022 20:05,4.2,"Quán đồ ăn thì tạm ổn, nhân viên thì hay thái độXem thêm",48
736,Anh Duy,10/11/2020 19:51,9.8,"Hôm qua có dịp về CTho chơi bạn dẫn đến đây ăn cái lẩu 2 người . Quán có chổ giữ xe rộng rãi lắm nhen, quán thì cao ráo sạch sẽ thoáng mât, thấy quán cũng khá đông khách nhiều người ăn ra vào  nập, anh chủ thấy cungz nhiệt tình vui vẻ, mấy đứa bé phục vụ cũng dễ thương lắm, nước dùng ăn cũng khá ngon thơm , như thoem mùi rau ngò với súp rau củ vậy, có số chả này nọ thích nhất loại chả biên ăn vào có hạt tiêu thơm ngon dai như ăn chả cá thâtn vâyh, đa dạng các loại nấm nè, rau hơi ít nhưng ăn cũng được, dĩa bún nếu ăn nhiều kiêu thêm do hôm qua còn ăn số đồ ăn nữa nên k gọi nhiều món ,nhưng chổ thấy ăn nhanh cũng nhiều món lắm. Nói chung là rất ok ngon 😛😛😛Xem thêm",48
737,Trinh Châu,16/5/2020 8:39,9.0,"- Cơm rang dương châu 22k + mã giảm 20k + phí ship > 17k
Đặt hàng trên Shopee App lúc 11h30, giao hàng lúc 11h41
- Cơm rang cá mặn 22k + mã giảm 20k + phí ship > 17k
Đặt hàng trên Shopee App lúc 17h10, giao hàng lúc 17h32
- Cơm rang hải sản 25k + mã giảm 20k + phí ship > 20k
Đặt hàng trên Shopee App lúc 13h20, giao hàng lúc 13h40
- Hủ tiếu xào 25k + mã giảm 20k + phí ship > 20k
Đặt hàng trên Shopee App lúc 11h28, giao hàng lúc 11h36
- Bánh lọt 20k + mã giảm 20k + phí ship > 15k
Đặt hàng trên Shopee App lúc 14h47, giao hàng lúc 15h
Bánh lọt 20k: 2 cục chả, 2 cục tàu hủ non, 1 bò viênXem thêm",48
738,Trinh Châu,8/4/2020 10:31,9.0,"- Bún bò huế 20k+Mã giảm 20k+phí ship>>>15k
Đặt hàng trên Shopee App lúc 10h23, giao hàng lúc 10h32
- Bún chả kim tiền 20k+Mã giảm 20k+phí ship>>>15k
Đặt hàng trên Shopee App lúc 11h05, giao hàng lúc 11h25
- Bún măng 22k+Mã giảm 15k+phí ship>>>22k
Đặt hàng trên Shopee App lúc 11h31, giao hàng lúc 11h46
Bún măng 22k: 2 tàu hủ non, 2 chả, 1 bò viên
- Bún mắm 20k+Mã giảm 15k+phí ship>>>20k
Bún mắm 20k: 2 tàu hủ non, 2 chả, 1 bò viên
Đặt hàng trên Shopee App lúc 9h32, giao hàng lúc 9h43
- Bún cá 22k+Mã giảm 20k+phí ship>>>17k
Đặt hàng trên Shopee App lúc 17h30, giao hàng lúc 17h43Xem thêm",48
739,Trinh Châu,28/3/2020 10:38,9.0,"- Bò lá lốt 25k + Mã giảm 20k + phí ship >>> 20k
Đặt hàng trên Shopee App lúc 8h27, giao hàng lúc 8h38
Bò lá lốt 25k: 6 bò, 4 cuốn rau bún, rất ngon không cảm giác là ăn đồ chay
- Mì xào giòn 30k + E voucher 30k + phí ship >>> 33.4k
Đặt hàng trên Shopee App lúc 9h11, giao hàng lúc 9h45
Mì xào giòn 30k : cái này đặt hàng ở Bách Thảo 4 đường 30/4
- Cà ri bánh mì 22k + Mã giảm 20k + phí ship >>> 17k
Đặt hàng trên Shopee App lúc 9h17, giao hàng lúc 9h41
- Cơm tấm 18k + Bì cuốn 5k + Mã giảm 25k + phí ship >>> 15k
Đặt hàng trên Shopee App lúc 9h50, giao hàng lúc 10h01
- Bún xào 22k + Mã giảm 15k + phí ship >>> 22k
Đặt hàng trên Shopee App lúc 10h50, giao hàng lúc 11h01
 Bún xào 22k: rất nhiều giá thật hợp ý mình
P/S: 2 lần thứ 7 đặt hàng đều không có Bánh xèo
Thứ 7 không có bò lá lốtXem thêm",48
740,Trinh Châu,20/3/2020 11:08,9.0,"- Bánh tằm xíu mại 20k + E-voucher 20k + phí ship >>> 15.5k
Đặt hàng trên Shopee App lúc 7h28, giao hàng lúc 8h56
-  6 chả giò 30k + Bánh ướt 20k + E-voucher 50k + phí ship >>> 40k
Đặt hàng trên Shopee App lúc 8h54, giao hàng lúc 9h04
- Bún gạo xào 22k + Bì cuốn 5k + mã giảm 25k + phí ship >>> 17k
Đặt hàng trên Shopee App lúc 8h42, giao hàng lúc 9h
Mình order bò bía lứt nhưng hết nên mới lấy bì cuốn theo shippper nói thì bò bía được bán hết rất sớm, nhưng không hiểu sao quán để mở của lúc 9hXem thêm",48
741,Huy Bí,13/10/2019 8:55,7.4,"- Quán cơm chay này khá nổi tiếng ở Cần Thơ, quán lúc nào cũng đông người ăn còn những ngày rằm thì đông nghẹt không có chỗ ngồi luôn.
- Hôm nay mình ăn ở chi nhánh bên đường Mậu Thân, quán ở khúc gần chân cầu Rạch Ngỗng phía bên Lotte.
- Quán sắp xếp ghế hơi chật, ăn không được thoải mái các bàn rất sát nhau. Quán hơi nóng phải lựa những chỗ gần quạt.
- Nhân viên ở đây phục vụ bình thường không có gì phàn nàn.
- Món ăn ở đây cực kỳ ngon, mình lúc trước không bao giờ ăn các món ăn chay. Nhưng mình ăn thử ở đây 1 lần ghiền luôn mọi người ạ. Ở đây có rất nhiều món, nào là cơm, mì, hủ tiếu, bò kho, lẩu, mì cay Hàn Quốc cũng có luôn. Mình lại đây thì hay ăn cơm rang cá mặn, ăn vừa đủ no mà ngon nữa. Nhưng đồ ăn kèm theo cơm thì quá ít, dĩa cơm có 1 miếng gì chiên có chút xíu ăn không có đã gì hết, mình phải gọi thêm 2 cuốn chả giò chiên thêm ăn mới vừa.Xem thêm",48
742,Vinh Hưng,25/6/2019 18:08,1.0,"Đặt món thì không có, giá bán không đúng trên app. Đặt cơm không có muỗng đũa cho khách hàng. Chất lượng đồ ăn không tốt.Xem thêm",48
743,Nhan Van,17/6/2019 19:58,4.6,"Vào quán hết chỗ ngồi, lêo lên lầu thấy còn chỗ nên zo ngồi đại, đi zo thi lạnh teo ms biet la phong máy lạnh. Xong ra tính tiền phụ thu tận 15K @@@Xem thêm",48
744,Rachel Smith,3/1/2022 18:25,8.2,"Bánh mì Hàn Quốc....ngon hơn khi ăn lạnh

🥯🥯🥯🥯🥯🥯🥯🥯🥯🥯🥯🥯🥯🥯🥯

1 cái 3k....trong hình là hộp 20 cái giá 60k ạXem thêm",49
745,yuuba,8/3/2019 20:41,8.2,"Chạy gần bến Ninh Kiều thấy quán bán chè + bánh nhỏ nhỏ xinh xinh nên ghé kêu thử một ly chè khúc bạch với một ly chè thái 💋💋

Ly chè thái đầy đủ món ăn kèm, ngọt nhẹ k quá béo đâu nha. Có dưa gang, mít, thạch rau câu, dừa nước,... Một thứ mình thấy thiếu là sầu riêng tại mình ăn nhiều chỗ chỗ nào cũng có sầu riêng cả 😍😭 

Chè khúc bạch k béo lắm, ngon hơn so với chè thái. Có hạnh nhân, khúc bạch dẻo thơm, nhai bùi bùi mịn mịn 😝🌸🌸Xem thêm",49
746,Duyên Lê,6/11/2018 19:56,7.4,Bánh ngon và giá hạt dẻ lắm nha. Sẽ ghé dài dàiXem thêm,49
747,Trang Ngọc,19/10/2018 22:52,8.4,"Mỗi lần mà thèm các loại bánh ngọt mà sợ mập là đến ngay miss donut là lựa chọn đúng đắn luôn. Các loại bánh đều được làm ở dạng mini nên vừa có thể ăn được nhiều loại vừa không lo về cân nặng nữa chứ. Ngoài ra do vị trí nằm ở bến ninh kiều, chính xác hơn là đường võ văn tần nữa nên quán cũng cực đông vào buổi tối. Như hình là phần bánh mì hàn quốc, kiểu vỏ bánh dai dai và nhân bên trong tựa tựa bánh su. Và một phần bánh bông lan dừa, bên ngoài ra lớp dừa và lớp socola bao bọc lớp bông lan mềm mịn. Giá tầm 3k tới 2x các loạiXem thêm",49
748,Trần Anh,14/10/2018 10:25,7.6,"Lâu rồi mình mới ghé lại quán mua bánh ngọt ăn, thật ra có 1 khoảng thời gian mình kiêng đường kiêng ngọt thành ra cũng ít lui tới mấy quán bán bánh ngọt, rồi do cuối tuần vừa rồi được bung xõa nên mình với bạn xuống đây mua 1 ít bánh ngọt ăn. 
Mà sao mình đi lúc tầm 5h hơn mà thấy quán vắng hoe, cũng không có 1 nhân viên nào đứng ngoài quầy luôn, thấy khách vào mà nhân viên cũng không thấy bóng dáng đâu hết, mình lấy khay chọn bánh như thường lệ thì mới có bạn nhân viên ra mà bạn đó cũng đang soạn bánh cho khách khác hay sao đó.
Mình mua 1 bánh socola gana, 1 bánh nhúng cũng socola luôn, lâu rồi ăn lại thì mùi vị vẫn vậy, mình cũng có mua donut mini nữa, mà mình thấy bánh socola gana ăn thì ngon đó, nó là dạng 1 lớp bánh bông lan socola kết hợp với 1 lớp socola nhưng không tạo cảm giác ngán lắm.
Tính ra tiền bánh của mình chưa tới 20k nữa, rẻ mà lại ngon ^^Xem thêm",49
749,Phạm Trần Phương Trâm,12/9/2018 12:37,8.8,"Mỗi lần thèm bánh ngọt là mình chọn ngay miss donut. Quán này thì menu rất đa dạng luôn, nhiều loại bánh, cứ lấy dĩa và sẽ được tự do lựa chọn bánh mình thích. Giá cả thì tầm 20k tới 30k trở xuống thôi. Bánh nhỏ, dễ ăn, dễ chọn lựa nhiều loại. Như hình là mình chọn bánh quai vạt khóm và bánh socola. Bánh quai vạt khóm ăn ngon, nhân khóm chua chua ăn không ngán. Bánh socola thì kiểu như bánh kem, quán bảo quản lạnh nên về ăn vẫn còn lành lạnh rất lạ miệng. Lớp socola đắng đắng, béo béo rất tuyệt. Giá thì bánh socola 8k, bánh quai vạt khóm chỉ 3k cái thôi :3Xem thêm",49
750,Nhi chan,22/6/2018 21:46,7.8,"chè ngon, thạch cũng rất nhiều cực kỳ thơm mùi sầu riêng nha . Giá cả cũng phải chăng nữaXem thêm",49
751,Phạm Trần Phương Trâm,18/6/2018 23:27,8.0,"Cứ muốn ăn vặt là nghĩ tới quán này. Gì cũng nhỏ nhỏ mà chỉ tầm 3k 4k thôi nên dễ ăn, dễ thử món nữa. Lần này mua thử xiên dâu nhúng socola :3 Lớp socola bên ngoài thì đắng, dâu bên trong chua chua ngọt ngọ :3 Nếu không ăn ở đây thì mình cũng không nghĩ dâu và socola lại có thể kết hợp được như vậy :3 Socola bên ngoài như lớp kẹo, mà hình như phải bảo quản tủ lạnh, nếu không sẽ chảy ra :3 1 xiên tầm 3k thôi, ăn khoảng 2 tới 3 xiên là đã thèm :3Xem thêm",49
752,Hoàng Huy,19/5/2018 10:02,8.0,"Cứ có việc thèm bánh ngọt hay gì thì mình cứ chạy qua quán này để mua à, đồ ăn này nọ thì nhiều thôi rồi đứng lựa món không là cả 1 vấn đề vì món nào nấy trưng bày nhìn hấp dẫn lắm nên cái nào cũng muốn ăn cả không gian quán cũng rộng rãi lắm nhe tận 2 khu lận nhưng mình hay mua mang về hơn là ăn tại chổ, này là bánh mì hàn quốc và bánh su kem ấy, vị ăn ngon ngọt vừa phải lớp kem beo béo ăn ngon mà không dễ ngán nheXem thêm",49
753,Trang Ngọc,17/5/2018 22:48,8.0,"Cũng lâu rồi mới ghé lại quán này, tự nhiên tháng trước chợt nhớ tới, xong là từ bữa đó đến giờ tới đây mấy lần luôn. Bánh ngọt mini là ở đây bán là ngon nhất rồi, ăn nhiều cái không ngán luôn mà giá lại phải chăng nữa. Menu 1001 món luôn, muốn ăn gì cũng có, giá cả hợp lý. Nhân viên phục vụ nhanh nhẹn nhưng không mấy nhiệt tình, nhất là tầm 9-10g sáng. Bánh ở đây cũng không quá ngọt, trừ một số bánh như phô mai Mỹ hay bánh trứng các thứ thì các loại còn lại khá ok.Xem thêm",49
754,TM Nguyễn,28/10/2018 20:20,8.2,"Một quán cafe mang tên của một cung hoàng đạo chắc có lẽ ở Cần Thơ chỉ có một thôi nhỉ^^?! 

Song Ngư cafe - góc quán thân quen với nhiều bạn, với cách trang trí gần gũi, ấm cúng, bên ngoài là tán cây leo rũ xuống mượt mà, quán còn là nơi cho nhiều studio đến chụp ảnh. Menu Ngư đa dạng, có cả bánh tiramisu... Cafe sữa ở Ngư khá ngon^^!

Nhân viên phục vụ nhanh, nhìn chung ổn.

Xe khách để mé sân trước, có bảo vệ trông coi xe nên khách cứ yên tâm. 

Song Ngư ở bờ kè Mậu Thân, đoạn gần đường Nguyễn Việt Hồng.Xem thêm",50
755,Chế Suong,16/6/2018 12:03,7.8,"Thử rất đáng
Rất thích bánh
Chua chua, tan trong miệngXem thêm",50
756,Phạm Trần Phương Trâm,11/6/2018 0:47,8.0,"Bữa nhỏ bạn rủ vô đây học bài vì không gian khá yên tĩnh, thích hợp cho việc học bài. Quán nằm trên bờ kè bên phải Mậu Thân, gần trà sữa A Lắc nên cũng khá dễ tìm. Nói về không gian thì mình thấy, mặt trước của quán khá rộng, quán gồm 1 trệt 1 lầu, được trang trí xung quanh khá nhiều cây cảnh, ngoài ra còn có bảo vệ ở ngoài để trong coi xe nữa, nên khá yên tâm. Như hình là ly yaourt đá của quán, uống cũng ngon lắm, vị chua chua ngọt ngọt khá dễ uống. Giá cả cũng phải chăng, rất phù hợp với sinh viên.Xem thêm",50
757,TM Nguyễn,20/5/2018 10:49,8.2,"Song Ngư ở bờ kè Mậu Thân, bờ kè này dọc theo hướng vào đường Nguyễn Việt Hồng. Từ lộ lớn Mậu Thân chạy vào ngay cái cua là gặp được Ngư^^!

Ngư có mặt tiền khá hoành tráng, có bàn ghế cho khách ngồi hóng gió tự nhiên ở phía trước, xe có bảo vệ trông coi. Ngư chỉ có 1 trệt không lầu, Ngư decor nhiều cây cảnh, hầu như đều là cây thật, ánh đèn lung linh treo ở trên, ngoài ra Ngư còn decor bằng một số tranh ảnh độc đáo rất ấn tượng.

Nhạc ở Ngư rất hay, nhạc trẻ đúng gu của nhiều bạn. Wifi, máy lạnh miễn chê^^!

Menu Ngư nhiều món, có bánh Âu nữa, giá tầm trung, thấy sinh viên, dân văn phòng hay ra đây nhâm nhi nước. 

Nhân viên khá thân thiện, không nét gì nổi bật. Như hình là trà táo 27k, trà vị ngon, có tí vị the the của bạc hà, táo được thái từng lát mỏng, uống rất đáng đồng tiền^^!

Tuy không gian ở Ngư hơi tối nhưng đi để gặp gỡ bạn bè, hàn huyên là tuyệt vời^^!Xem thêm",50
758,thaohuyen274,18/5/2018 19:48,10,"Quán có vị trí đầu bờ kè Mạc Thiên Tích bên phía Nguyễn Việt Hồng.
Không gian bên trong quán đẹp, cổ kính và yên tĩnh. Ngoài ra quán còn có không gian phía ngoài với mấy cái xích đu nhìn thích lắm, mát mẽ. Phù hợp với những dịp hẹn hò bạn bè hay học tập,..
Quán phục vụ đồ uống và các loại bánh Âu, mình thích nhất là trà vải ở đây, đa số những lần ghé quán đều gọi món này. 
Nhân viên phục vụ thân thiện, nước uống được mang ra nhanh.Xem thêm",50
759,Phạm Trần Phương Trâm,7/5/2018 0:54,8.0,"Đây là một quán cà phê có view cũng khá đẹp.
Vị trí: quán nằm trên bờ kè Mậu Thân, cùng phía với trà sữa A Lắc nên cũng khá dễ tìm. 
Không gian: nhìn khá cổ kính, khá yên tĩnh, rất thích hợp để học tập, điển hình như học bài. Có máy lạnh nên khá mát luôn á 
Chất lượng: đồ uống cũng khá ngon, không quá ngọt, hợp với vị của mình.
Phục vụ: khá tốt, vui vẻ với khách hàng
Giá cả: cũng khá hợp lí, hợp túi tiền nhiều người
Các bạn nên ghé thử để trải nghiệm quán.Xem thêm",50
760,Thuý Hoà,24/4/2018 13:41,8.0,"Buổi chiều có ghé qua quán này để uống nước, đi với đứa bạn nên có gọi 1 ly cam vắt và 1 ly trà sữa truyền thống, theo mình cảm nhận thì cam vắt vị chua chua ngọt vừa phải, trà sữa thì thơm và beo béo có trân châu dai dai để ăn luôn ấy chứ,mùi vị cũng không quá là béo nên ưng ý lắm luôn nhe, không gian quán cũng mát mẻ lắm luôn nhưng có phần hơi tối tối vào quán học bài thì có vẻ dễ bị cận sớm lắm luôn ấy do ánh sáng cực kỳ yếuXem thêm",50
761,Phạm Trần Phương Trâm,19/4/2018 23:07,8.0,"- Vị trí: cafe shop Song ngư nằm trên đường Nguyễn Việt Hồng, nhưng nếu đi từ đường Bờ kè Mạc Thiên Tích bên trái, tính từ quán Kohi thì sẽ dễ tìm hơn :3
- Không gian: quán có không gian ấm, yên tĩnh, thích hợp học bài, họp hành các kiểu :3
- Phục vụ: các bạn nhân viên phục vụ cũng nhiệt tình, vui vẻ, lịch sự :3
- Chất lượng: như hình là mình có gọi ly socola đá xay, lớp whipping cream béo ngậy, ngon, kết hợp với lớp socola đá xay tuyệt vời lắm :3
- Giá cả: giá sinh viên, đáng để trải nghiệmXem thêm",50
762,Hoàng Huy,19/4/2018 13:11,8.0,"Nay đứa bạn rũ qua quán này để ngồi tám chuyện đi buổi chiều nên quán mình thấy cũng không có quá là đông khách nhe, không gian quán được gán máy lạnh nên mình thấy khá là mát mẽ ấy, nước uống của quán mình thấy cũng khá là đa dạng nhe, hương vị cũng ok, gọi 1 ly cam vắt và ly cà phê đá, cà phê thơm lắm vị đăng đắng nhè nhẹ, còn cam vắt thì chua chua ngọt ngọt vừa phải lắm luôn nhe, ngoài trước quán có nguyên dàn cây nhìn cực kỳ mát mẽ luôn ấyXem thêm",50
763,Nguyễn  Thị Phương Dung,13/4/2018 9:06,7.6,"Quán thì mình ít đi vì dù ko gian yên tĩnh nhưng cũng ko lý tưởng lắm học bài nhóm lắm. Cafe nhẹ nhàng vs bạn bè thì ok nhe. Mà thấy so vs trước đây thì quán vẫn vậy. Mà bên ngoài đẹp có hàng cây xanh rủ xuống nè. Mà chỉ buổi tối mới ra ngoài uống chứ trưa chiều nắng lắm. Có bói bài tarot mà đó giờ chưa đi ko biết còn ko nữa. 
    Menu thì khá đơn giản cũng nhiều lựa chọn mà uống trà sữa cho dễ dàng. Trà sữa thái thì uống cũng đc có trân châu rồi. Quán chỉ có một khu nên cũng ko rộng lắmXem thêm",50
764,Hoàng Huy,23/8/2018 19:01,8.0,"Quán này mình hay đặt qua NOW để uống lắm luôn, nhe do giá cả mua mang về mình thường nhập code khuyến mãi nên tính ra ngợi hơn uống ở quán nhiều lắm nhe, mà hình này minh chụp cũng lâu rồi nay mới post lên, dạo này thấy quán không còn trên NOW nữa nên cũng có phần hơi bị buồn nhe, nước của quán bán mình thấy khá là hợp lý ấy chứ, mà nước uống lại khá là ngon miệng nữa nhe, trà thái xanh khá là thơm còn món còn lại thơm vị trà có độ chua chua nhẹXem thêm",51
765,Trần Anh,14/8/2018 12:08,8.0,"Thật thì trong số những quán mình hay đi với nhỏ bạn thân mà có thể trầm quán từ trưa đến tối luôn được thì có quán trà sữa O2 này, quán có không gian trên lầu rộng rãi, từng bàn ngồi đều có ổ điện riêng nên thoải mái lắm.
Quán có menu khá hấp dẫn với các món nước, mà mình thì chỉ uống được các loại trà thôi, với lại toàn là dặn không đường, nhưng anh phục vụ ở đây làm mình hơi bất ngờ là vì lần thứ 2 mình đến quán, sau khi gọi món xong mình định bụng sẽ dặn không đường thì anh phục vụ tự hỏi mình là có phải không đường luôn không, điều đó làm mình thấy phục vụ có tâm lắm mới nhớ được khẩu vị của khách hàng ^^
Wifi, máy lạnh ở đây ổn, nên muốn tìm 1 quán ngồi lâu là trà sữa O2 thích hợp nhất ^^Xem thêm",51
766,Thi Duong,19/6/2018 23:27,7.2,"Mình lại tiếp tục order 2 ly trà sữa O2 :))) 
Lần này là matcha và trà đen, cả 2 đều có lớp machiato ạ! Ly vẫn là ly nhỏ, vừa uống. Hình thức vẫn vậy không có gì thay đổi. 
Lớp kem machiato để riêng trong từng hũ nhỏ rồi sau khi mình cho đá vào thì cho kem lên sau. Mặc dù hơi phiền nhưng mình có thể nếm trước vị từng loại trước khi uống. 
Về mùi vị thì quán pha chế vẫn ổn, vị matcha thơm ngọt vừa hợp khẩu vị mình. Trà đen thì đắng ngọt hòa quyện cũng ổn, không quá đắng, có kem machiato nữa thì vừa uống. Topping của quán thì vẫn ngon ạ, pudding và khúc bạch là ok nhất. 
Quán giao hàng nhanh và giá hợp lí.Xem thêm",51
767,Kiệt Nguyễn,14/6/2018 15:34,8.0,"Lâu rồi mới uống lại ly trà sữa o2, giá trà sữa giao động từ 24k - 30k nên cũng thỉnh thoảng gọi một ly trà sữa socola thưởng thức. socola béo béo, ngọt vừa uống nhưng mình thấy giá hơi cao nên mình nghĩ nếu có mấy chương trình đồng giá hoặc giảm giá mình sẽ tranh thủ mua uống nhiều hơn.Xem thêm",51
768,Truchuynh,8/6/2018 12:06,3.4,Tạm topping không ngonXem thêm,51
769,Phạm Trần Phương Trâm,6/6/2018 0:02,8.2,"Thích uống trà sữa chỗ này vì uống cảm thấy cũng khá ngon mà giá cả cũng phải chăng hơn vài chỗ khác. Quán nằm trên đường Xô Viết Nghệ Tĩnh, chạy ngang sẽ thấy bảng trà sữa O2 rất to. Không gian cũng khá rộng, có 2 tầng, trang trí cũng khá bắt mắt. Như hình là ly matcha macchiato của quán. Trà sữa khá thơm, đậm vị matcha luôn, có điều mình thấy hơi ngọt, nhưng bù lại lớp macchiato ở trên khá ngon, béo béo, ngọt ngọt. Hình như mình nhớ ly như có giá là 30k thì phải :3Xem thêm",51
770,Tiên Ánh,2/6/2018 5:02,9.4,"Trà sữa O2 khá ấm cúng, view cũng đẹp, nhân viên nhiệt tình, khá yên tĩnh để học bài. Thức uống ngon, hợp giá cả. Ánh đèn sống ảo thoải mái ))))Xem thêm",51
771,Nguyễn  Thị Phương Dung,19/5/2018 23:50,7.8,"Quán hay khuyến mãi trên deli lắm đồng giá nước 11k nè. Mà thường là trà sữa, trà... Mà ko giao được món Volcano vì có kem nên cũng tiếc ghê. Mà lại uống cũng rất ok sẽ đc bao quán đó kkk. Nhầm bữa đi chỉ có mình ơn tụi này à. Nói chung uống cũng ok vs quán cũng thoải mái đem đồ ăn vào vô tư.
    Quay lại mún volcano thì độc đáo là trà sữa để trong ly có kem là ice cream á để ở miệng ly mà kem cũng ngon nữa khi rớt xuống uống chung trà sữa có vị béo béo của kem trà sữa uống ngon hơn.Xem thêm",51
772,Thi Duong,19/5/2018 22:21,7.4,"Trà sữa O2 lại khuyến mãi và một phút sa đọa mình đã order 2 ly qua Now :)))
Giao hàng khá nhanh và đúng hẹn. 
Mình mua trà sữa Thái đỏ machiato và Trà sữa Chocolate machiato. Ly vừa vừa u ú dễ cưng. Hình thức đơn giản. 
Trà sữa Thái đỏ thì đậm đà và rất thơm mùi thảo mộc, béo béo, vị khá ngon, thêm đá vào là vừa uống. Trà sữa chocolate cũng ngon nữa, thơm mùi chocolate và vị ngọt đắng dễ chịu. Machiato cũng ok, nhiều, béo. Cả hai ly đều có nhiều trân châu, phải mà là trân châu nhà làm thì sẽ tuyệt hơn.Xem thêm",51
773,Thùy Võ,16/5/2018 14:24,7.8,"Mình vừa order trà sữa tại O2 với mấy cái note chỉ để các loại Topping theo yêu cầu, được nhân viên bên Deli gọi báo là do chính sách Deal của O2 nên tất cả đều Full Topping chứ không áp dụng lấy này bỏ kia, nếu vậy thì quán sẽ không đủ Topping để bán cho những ly sau. Thật ra mình order thế cũng ko mong muốn là quán sẽ bù thêm Topping, chỉ muốn lấy những thứ mình có thể dùng để không phải bỏ lại những Topping không uống, vậy thì vừa tiết kiệm cho quán cũng vừa tiện cho mình mà tại sao lại không được nhỉ. Mình uống O2 nhiều lần lắm rồi lần nào cũng note và đều được đáp ứng, chẳng hiểu sao lần này lại như thế. 
Trà sữa ngon và những Topping note theo ly là Topping được mọi người cùng cơ quan thích nên chỉ uống những loại này, ban đầu cũng đặt full Topping nhưng không thích lắm mới note để không phải bỏ thôi. Hy vọng O2 có thể tiếp nhận để làm hài lòng thực khách hơn.Xem thêm",51
774,Trúc Mai Dương,1/12/2019 20:39,9.0,"I’m Wannable 
Offline with Wanna One & Wannable 
Matcha Bạc Hà rất ngonXem thêm",52
775,Trúc Mai Dương,17/11/2019 15:05,9.2,"Cup Holder & Cards  Ha Sung Woon - Wanna One  
Matcha chuốiXem thêm",52
776,Trúc Mai Dương,10/11/2019 14:42,8.0,"I’m Wannable 
Cup Holder & Cards  Park Woo Jin ( Wanna One - AB6IX ) 
Cacao cốt dừaXem thêm",52
777,Duyên Kim,13/4/2019 16:16,4.4,"Không gian quá mới khiến mik rất ngạc nhiên vì đã được cải thiện rất nhiều, rộng ơi là rộng, thích hợp để học nhóm cho sinh viên tụi mình. Menu quán cũng được cập nhật rất nhiều món và được đặt tên rất độc đáo và hài hước. Mik uống heart beat có táo, cam, cà rốt cũng khá ngon, rất ư là thanh mát. Mik cũg thử qa trà vải nhưg cảm giác khá nhạt, trà sữa quán em cũng không đậm đà lắm. Bù lại thì góc sống ảo cũng khá nhiều, đặc biệt là đám mây lung linh tầng 2Xem thêm",52
778,Hoàng Nhi,9/4/2019 21:36,8.0,"Từ lúc quán xây lại mới có dịp ghé. Diện mạo mới này thật sự quá đẹp, quá ấn tượng. Mình ghé quán lúc tối cũng khá đông khách nên chưa kịp lên tầng trên coi view thế nào. Chắc để hôm khác ghé ban ngày để lên tầng trên chụp hình review kĩ hơn. 
Các bạn nhân viên dễ thương, vui vẻ & thân thiện lắm. 
#Chocoxay
#Laminhlanha 
#Foodie #FoodyCầnThơXem thêm",52
779,Lin.ne,5/4/2019 22:08,9.8,"Quán mới xây lại view đẹp, sống ảo hay học bài gì cũng ổn... nước của quán thì ngon khỏi phải bàn rồi!Xem thêm",52
780,Phương Trần,16/10/2018 22:37,8.4,"Quán infini-T trên đường Xô Viết Nghệ Tĩnh, quán có không gian nhỏ nhưng rất ấm cúng và xinh xinh. Mình thường đến đây và đem theo laptop để làm việc, vì không gian ở đây khá thoải mái, mình dễ dàng tập trung, trên lầu thì có đôi lúc hơi ồn do các bạn tới chơi game. Nhân viên ở quán trẻ trung, nhanh nhẹn và lịch sự, có hôm mình ngồi làm việc hơi lâu, các bạn cũng rất vui vẻ. Mình thích trà sữa oolong của quán, quán lắc lên nhìn sủi bọt ngon lắm luôn. Cái ly nhìn cưng cưng, bằng giấy không gây hại cho môi trường nữa.Xem thêm",52
781,Trần Anh,14/10/2018 10:18,7.8,"Đợt hỗm quán có chương trình ưu đãi giảm tới tận 40% qua Now nên cũng thích thú order về uống, mà mình thấy mẫu ly này thì đẹp mà hình như quán chỉ có mỗi loại ly này chứ chưa ra loại nào khác nữa, làm mình muốn chụp hình sống ảo cũng hơi khó.
Về menu của Infini-T Cafe thì mình thấy đa số cũng có rất nhiều món ngon, chẵng hạn như trà sữa oolong, cacao cốt dừa, chocolate mint, bla bla.. Mà về giá thì mình nghĩ vậy là hợp lý rồi nếu được giảm 40% nữa thì đúng là quá ok luôn đó. Mà lúc đầu có nhiều bạn bảo trà sữa order về hơi ít nhưng riêng mình thấy cũng được 1/2 ly rồi bỏ đá thêm là đầy ly rồi nên cũng không tới nỗi nào. Tại vì trà sữa vốn vĩ thơm ngon rồi nên mình cần chất lượng hơn ^^
Ngoài ra món chocolate mint cũng rất ok thích hợp với tín đồ thích mint như mình!Xem thêm",52
782,Diễm Chi,26/9/2018 15:31,7.6,"Infini-T đang giảm 40% nè, mình mong chờ bữa giờ cũng đã khuyến mãi. Vẫn trung thành đặt cà phê cốt dừa và thêm ly ôlong dừa kèm thạch ngọc trai và trân châu sợi.

Cà phê cốt dừa là dạng đá xay mà hôm nay được đầy ly luôn á. Bình thường chỉ được nửa ly hoặc hơn xíu à. Còn ly kia thì lúc shipper giao tới vẫn còn nóng hổi, trân châu sợi cũng ok nhưng chưa bằng toco. Ngoài ra, trà sữa ôlong cũng là một món nên thử, được nhận xét là khá giống với Phúc Long.

Mình có đến quán một lần, hơi nhỏ hẹp, phía dưới ngồi bàn ghế, trên gác ngồi bệt và hơi trầm mờ.Xem thêm",52
783,Phương Trần,8/9/2018 21:52,8.0,"Quán ở trên đường Xô Viết Nghệ Tĩnh, đoạn đường rất đông hàng quán nhưng infini T vẫn bền vững từ nhiều năm nay, nói vậy chứ quán cũng thay đổi nhiều lắm nhé, từ không gian cho đến nước uống, ưng nhất vẫn là sự thay đổi mẫu mã ly mới, nhìn rất ưng và nhiều khi muốn đem về nhà luôn. Không gian ở quán không quá rộng, trên lầu thì mấy bạn hay chơi game nên hơi ồn ào, phía dưới cũng tùy hôm yên tĩnh, có hôm cũng rất ồn và làm mình khó chịu tí xíu. Về nước uống thì rất ngon nhé, mình vẫn thích nhất trà oolong sữa tươi nhé, thơm và đậm đà lắm.Xem thêm",52
784,Duy Nguyen,1/10/2021 19:00,10,Quán bán lại chủ nhật này nhe cả nhàXem thêm,53
785,sang hột,31/7/2020 18:19,2.8,"Chỉ góp ý một số ý nhỏ để quán ok hơn.
- Hôm nay khẩu vị nước sốt hơi mặn
- Quán hơi nhiều ruồi, đậu vào thức ăn 
- Xin quán ớt sắc , quán ok ! Đem ra 1 chén ớt trái xanh sống . 😑😑Xem thêm",53
786,Tuyến Lê,17/6/2020 7:35,10,Không phải 1 bữa sáng thịnh soạn nhưng là 1 bữa sáng đầy chất lượng. ❤Xem thêm,53
787,Thịnh NT Nguyễn,2/7/2019 13:59,9.6,"Quán ngon - chất lượng - phục vụ chân thành
Ps: chuẩn vị 😉Xem thêm",53
788,Ph.Hang,11/4/2019 13:55,10,"Tình cờ biết được quán này, ăn mấy lần mà nghiện luôn. Đồ ăn ngon, chất lượng mà giá cả lại rẻ. Thịt bò ngon, dai vừa với nước dùng vừa miệng. Còn món mì là mình ăn đợt sau, cũng ngon lắm thịt bò bằm nhiều vô kể mà miếng trứng che mất òi :)) Nói chung đồ ăn rất ngon, không chê vào đâu được. Còn về phần không gian quán, mình rất thích đi vào buổi sáng vì có mấy bàn ngoài trời ngồi rất mát cảm giác rất thư thã. Chấm quán 10/10 heheXem thêm",53
789,Ái Hiền,20/12/2018 12:53,8.0,"Bò pate siêu ngon , giá cả lại hợp với túi tiền. Phục vụ nhanh gọn lẹ với nhiệt tình luôn . Đây là quán beefsteak mình thích nhất ❤️Xem thêm",53
790,Trần Anh,4/12/2018 15:32,8.0,"Mình cũng thường ăn sáng ở đây nhưng mà hay đi trễ lắm, có đợt mình vào ngồi rồi thì cũng đợi hơi lâu sau đó thì anh kia nói nghỉ không bán đồ ăn sáng nữa, cũng hơi hụt hẫng mà không biết anh đó nghỉ sao hỏi mình đợi thêm xíu được không để anh chạy đi mua thêm bánh mì về làm cho mình đúng 2 3 phần đồ ăn rồi ngưng nhận khách luôn.
Quán bán đồ ăn sáng khá ok, giá cả thì mình thấy cũng được chứ không rẻ mà được cái là nước sốt của quán này mình ăn nhiều chỗ rồi mà chưa ở đâu được bằng ở đây.
Nói về bít tết trứng pate thì nước sốt của bò bít tết vị đậm đà lắm, nước sốt nhiều, miếng bò bít tết mỏng và dai, chỉ cần dùng dao cắt nhẹ là có thể cho vào miệng, pate gan chưa đặc biệt lắm, bánh mì thì mình đánh giá cũng tạm, không nóng mà giòn, ruột dày.
Còn nói về mì xào trứng hay nui xào trứng thì hơi ngon đó, nui mềm, nhiều, thịt bò xào chung là thịt bò băm sẵn nhuyễn, trứng là trứng gà đã được chiên sẵn, nui ăn hơi dầu nhưng có rau xà lách và vị chua chua nên đỡ ngấy!
Buổi sáng nếu đi sớm rất đông, nhiều khi là hết bàn luôn ^^Xem thêm",53
791,Mon,5/11/2018 11:27,10,"Quán quen - món cũ - vị vẫn bao ngon !!!
Phần như hình :
- Beefsteak - opla - cá mồi : 28k
- Beesteak - opla trứng chính : 24k
- Trà đá : 1k
Tổng thiệt hại : 53kXem thêm",53
792,Mon,5/11/2018 11:21,10,"Quán nằm sâu trong con hẻn nhỏ nhưng lúc nào ghé cũng full bàn và đầy nghẹt xe, có hôm lại trễ tầm 10h là hết bò rồi.
- Giá quá rẻ so với chất lượng
- Bò ngon 
- Phục vụ vui vẻXem thêm",53
793,Thịnh NT Nguyễn,24/10/2018 23:31,9.6,"Món thường ăn khi đến quán
Ps: ăn nhiều quán rồi! Chỉ nơi này là hợp khẩu vị nhấtXem thêm",53
794,Mint,20/2/2018 21:29,7.4,"Đầu tiên là phục vụ dễ thương, khá chu đáo. 
Không gian: Quán tuy không rộng lắm nhưng không tạo cho mình cảm giác chật hẹp hay gò bó. 
Đồ ăn: Lúc mình đến thì quán không đông lắm nên món ra rất nhanh. Mình gọi món mì bò đặc biệt không cay thì vị súp đúng là không cay xíu nào mà còn có hậu ngọt ngọt. À lúc tụi mình đi là đang có chương trình khuyến mãi ăn mì cay thì được tặng 1 ly hồng trà có trân châu nhưng vị trà cứ nhạt sao đó. Ngoài ra mình có gọi thêm trà đào. Trời ơi siêuuuu vừa ý luônnn, chua chua ngọt ngọt uống thích gì đâu luôn ❤️❤️Xem thêm",54
795,Trần_Thy Trần,1/11/2017 23:27,8.0,"Tình cờ ghé đây thôi :) , vô lần đầu thì thấy quán ko lớn lắm nhưng bày trí khá gọn gàng , hơi vắng khách thì phải , thays giá cũng hợp lý , menu cũng có ăn vặt , mì cay nữa :) . Mình uống matcha đá xay , 29k y hình , khá ngon á , phần kem trên ngon tuyệt cú mèo , còn matcha thì hơi ngọt tý , vị béo sữa , khá lạ nhưng uống ngon , bày trí đẹp nữa , nhìn khá hấp dẫn , sẽ ghé để thử món khác :))Xem thêm",54
796,Hấu Dưa,18/8/2017 12:01,10,"Quán này lúc thấy có giảm giá ghé qua nay đi với  nhỏ bạn nó rủ qua ăn nên qua làm tô mì thập cẩm  có xúc xích ,tàu hũ trứng ,chả cá, chả bò , bắp, kim chi , đặc biệt là dùng xúc xích đức :)) , lười chụp mì lắm nên có ly nước sống ảo thôi :))Xem thêm",54
797,Mai Nguyễn,11/7/2017 10:11,7.6,"Lâu lắm rồi mới uống lại trà sữa ở đây, matcha béo ngậy nếu ai không thích béo sẽ không hảo món này đâu, còn khẩu vị của mình thì mình kết món này, vừa béo béo ngọt ngọt thơm hương vị trà xanh. Quán nằm gần đại học y dược cần thơ nên cũng tiện cho các bạn ở gần đo ́nếu muốn ghé thưởng thức trà sữa và các món khác như mỳ cay 7 độ chẳng hạn. Mình mua mang về vì không có thời gian thưởng thức tại quán, mà không gian của quán cũng khá nhỏ, có máy lạnh mát rượi có thể vào đây chốn những ngày nắng nóng.Xem thêm",54
798,Trần Thị Thi Thơ,29/6/2017 15:39,7.2,"Quán nằm đối diện trường Đại học Y dược Cần Thơ luôn nên rất dễ tìm, chắc khách chủ yếu là sịn viên nên giá cả cũng hợp lý, không quá mắc. Mình kêu ly trà đào giá 20k uống cũng ngon. Quán có mấy cái bàn cao cao nhìn dễ thương. Không biết quán có lầu không nhưng nhìn không gian ở tầng trệt hơi nhỏ. 
Nhưng thích quán đầu tư vào ly sành hơn là ly mũ vì khi uống ly sành mình có cảm giác uống ngon hơn. Nói chung chất lượng của quán cũng oke, lần sau có dịp sẽ ghé nhéXem thêm",54
799,Nguyễn Ngọc Như Như,14/3/2017 14:56,9.0,"Quán đối diện trường ĐHYD CT nên dễ dàng tìm thấy. Đã thử mì cay ở đây, giả rẻ hơn quán khác vị cũng khá đặc biệt. Nước uống cũng thử trà sữa và pudding cũng ok. Nay mình mua về 1 ly matcha. Vị đậm đà, nhanh gọn lẹ. Check mã foody giảm 10-20% luôn ak.
Sẽ quay lại.Xem thêm",54
800,Trang Huỳnh,7/3/2017 22:07,6.4,"Đi lại đây muốn mòn quán luôn r dời chỗ mới tuy hơi xa cũn gán lếch lại ưng được cách nấu mì ngon có bắp. Nhưng có mấy lần mình lại thì k còn mì đi sáng 9h mà 10h mới có giá có lên chút từ hồi têt n vẫn ăn đều đều.
Không gian thì OK học tại đó cũn đc.Xem thêm",54
801,Hien Tramy,2/3/2017 21:36,8.6,"Quán nằm trên đường Nguyễn Văn Cừ nối dài, khá là dễ tìm. Không gian quán tương đối rộng, trang trí đơn giản. Hôm đó mình gọi trà sữa 2 ngăn được tự chọn hương và topping nữa nên mình chọn trà sữa socola với 2 loại trân châu trắng và đen. Trà sữa uống ngon,vị ngọt và béo vừa phải nên không bị ngán. Ngoài ra, mình còn gọi thêm 1 phần đồ chiên giá 20k nhưng mà đồ ăn hơi ít. Quán còn có chương trình giảm giá E-card 20% áp dụng cho nước uống và có phục vụ mì cay giá 35k/ 1 tôXem thêm",54
802,Duy @khoa,19/2/2017 9:40,7.6,"Hồi trước có mấy lần ghé đây mà chỉ uống nước thôi. Giờ ghé lại đây để ăn thử mì cay vì nghe đưa bạn nó khen quán này làm mì cay ngon lắm nên cũng tò mò đến ăn thử, vì không ăn được cay nhiều nên chọn độ cay ít thôi, nước súp thơm vị vừa ăn lắm. Sợi mì hàn quốc to mềm ăn ngon. Thịt bò với hải sản còn tươi mới. Nói chung là ăn thấy ok đúng như đứa bạn quảng cáo luôn. Giá cả ngang tầm so với mấy quán mì cay khác. Nhân viên phục vụ lịch sự. Lần sau sẽ ghé lạiXem thêm",54
803,Thanh Tran,13/1/2017 2:32,7.6,"Quán giờ mất đi chi nhánh cũ rồi, nhưng vẫn nhớ hương vị ngon của mì cay tại quán.
Mình vẫn thích chi nhánh 2 hơn chi nhánh 1 trên Nguyễn Văn Cừ.
Chi nhánh 1 nhìn hơi tối tối, không hợp với mình, với bà chị mình thì ok.
Mì cay của quán giá rẻ hơn những quán mì cay, nhưng vị ngon cũng ok lắm, có bắp nên vị ngon ngọt thanh thanh, nay có thêm lẩu nữa nhé.
Riêng món bánh mới của quán mình vẫn chưa có cở hội thưởng thức, sẽ sớm ghé qua checkin cái nồi lẩu 99k của quán (không nhớ chính xác nhiêu nữa)
Quán vẫn còn Ecard 10%-20% đó.Xem thêm",54
804,Sky Blue,19/7/2018 19:05,7.8,"Chắc mình đến ko đúng khung giờ mở cửa của quán hay sao ấy nên tới thì quán đóng cửa nên lần này đặt qua Now cho yên tâm. Mình chọn tàu hũ truyền thống và tàu hũ sương sáo bánh lọt.
Tàu hũ và đá để riêng, ko quá ngọt nên ăn đỡ ngán, nói chung là mình thích. 
Lần sau sẽ tiếp tục thử các món khác 😙Xem thêm",55
805,xuân khai,15/6/2018 11:18,4.4,"Ăn lạ miệng cũng ngon nhưng giá hơi chát .
Quá có 3 bàn nhưng mình đợi hơn 30 phút mới có ăn :((Xem thêm",55
806,Nga Đào,28/4/2018 23:54,6.0,"Quán này bán lâu lắm rồi nè. Mình ăn từ hồi còn học đại học đến giờ già chát luôn. Rất thích tàu hủ ở đây kết hợp nhiều loại topping ăn đã miệng luôn. Thích nhất là tàu hủ mát bánh plan với đậu xanh, sương sáo, mủ gòn, mủ trôm, nhãn khô, hạt é và bánh plan bao béo mịn. Thích hợp cho những bạn mê đồ ngọt. Quán phục vụ tàu hủ trong 1 cái tô và kèm theo 1 chén đá riêng để khách tự bỏ đá theo ý thích. Hôm nay lễ ghé quán đóng cửa mất tiêu rồi chắc chủ quán đi chơi lễ.Xem thêm",55
807,Khả nghi võ,24/3/2018 10:58,10,Siêu ngon luôn nè lại rẻ nữa rất nhiều loạt tàu hủ luôn nhìn bắt ghê 😋😋Xem thêm,55
808,Nhi_PCY .,19/3/2018 22:16,7.8,"Nay mình đi hơi sớm hay sao ấy mà quán hơi vắng. Cảm giác vẫn như lần đầu là tàu hủ quá ngon, chân châu ăn vẫn thích hơn nhiều quán :))Xem thêm",55
809,SunBi,27/2/2018 17:35,7.0,"Quán cũng khá ngon, không gian vừa đủ, giá cả hợp lí... Tiếc là hbữa chụp đc mấy tấm mà s giờ còn đc mỗi 1 tấm này thôi, uổn qá đi à... m.n xem chén tàu hũ thôi, đừg soi đến e mần chi nha😂😆Xem thêm",55
810,Nhi_PCY .,25/12/2017 22:33,8.8,"Lần đầu tiên được ăn tàu hũ mà bỏ đá thế này nên hơi lạ miệng 😁 😁. Giá thì bèo tô thì to tàu tàu hũ thì nhiều nữa 😁. Nhìn menu đủ loại cái hoang mang luôn, k biết thử cái gì. Thích socola nên kêu thử, trồi nó ngon dã man luôn, chân châu dai vừa dể ăn lắm. Nhân viên thì dể thương mà thấy toàn nam k à 😜 😜. Thử ghé nha mấy man đi 1 lần là nhớ hoài luôn đó chèn. Đc cái địa chỉ dể kím ngay mặt lộ luôn 👏 👏 👏Xem thêm",55
811,Tambourine Tim,16/10/2017 17:23,6.8,"Quán mở lâu lắm rồi, nhưng mà các món tàu hủ ở đây vẫn chưa có dấu hiệu hạ nhiệt đâu. Tại tụi mình đi hơi tối tí hà là qua menu hết trơn rồi còn có vài hương thôi. Tàu hủ sương sa sương sáo ăn cũng thanh ngọt, đậu xanh béo ngon. Mình có để ý lúc chị nhân viên chế biến thì chị ấy dùng nước cốt dừa đóng hộp, ơ mình tưởng là quán tự chế biến cơ chứ. Giá thì thấy cũng bình dân từ 12-15k / phần. Phục vụ thì lâu quá chừng luôn.Xem thêm",55
812,baoanh1907,10/10/2017 20:49,7.8,"Được hôm nghỉ buổi tối với nghe gian hồ đồn thổi nên ghé thử. Quán hơi nhỏ, nhân viên thân thiện, tàu hủ khá ngon nhưng chén tàu hủ mũ trôm của mình hơi nhạt, tàu hủ truyền thống của bạn mình thì ngọt.Xem thêm",55
813,Phạm Trần Phương Trâm,10/10/2017 2:29,8.0,"Có mấy đứa bạn suốt ngày cứ ""nghiện"" tàu hũ nên cứ rủ đi ăn quài. Quán nằm trên đường Mậu Thân gần Gym Anh Thông nên rất dễ tìm. Không gian quán thoáng mát tạo cảm giác thoải mái cho khách hàng. Nhân viên thân thiện, luôn mỉm cười với khách. Các món tàu hũ của quán rất đa dạng ăn kèm với bánh flan, trân châu hay hạt sen. Như hình là tàu hũ cà phê ăn kèm với bánh flan. Vì mình là người rất thích uống cà phê nên khi nhìn thấy cà phê mình đã chọn ngay. Nhìn chung ăn rất ngon và hợp khẩu vị của mình nên mình rất thích!Xem thêm",55
814,Diễm Khanh,2/10/2019 23:43,5.0,"Tô này có giá 65k, nói chung là nhiều, có thịt, cua, tôm, huyết, .... Nhưng sao mình cảm thấy nước có vẻ hơi bị đặc quá, ăn vị cũng bình thường, không nổi bật lắm, giá thì so với sinh viên mình cảm thấy hơi đắc, nhưng vì ăn được cũng nhiều nên thôi cũng đáng, bán giá vậy mới duy trì được cái hồ cá chứ. Quán nhìn sang trọng nhưng mình đi bao nhiêu lần vẫn cảm thấy quán khá vắng khách. Nếu có dịp mình sẽ ghé ăn lần nữa 😁Xem thêm",56
815,Bảo Ngọc Nguyễn Hoàng,23/12/2018 17:20,10,"BROS Cafe hay gd mình còn gọi là cafe cá koi. Quán nằm ở một vị trí cực kì dễ tìm trên đường Mạc Thiên Tích, quán decor theo phong cách Nhật Bản rất là Nhật Bản😂. Mình đến vào lúc 7h mấy gần 8h sáng mà quán cũng đã khá đông, mặc dù chỉ mới thứ 6. Bãi giữ xe của quán của không rộng lắm,tầm 20 chiếc xe còn lại là để ngoài đường kẻ. Bước vào quán có 3 khu vực, 1 bên là phòng lạnh,một bên ngồi trong chòi kiểu ngồi dưới đất và ngồi ngoài sân, thẳng vào bên trong thì có một hồ cá Koi khá lớn, 2 năm trước khi mình đến thì cá cũng còn hơi nhỏ, lần này quay lại thì cá đã lớn rồi,con nào con nấy núc ních rất đẹp. Menu của quán đa dạng,có nhiều món chưa thấy quán nào có. Giá thì khá đắt, một phần bò beefsteak vào khoảng 89 nghìn, mẹ mình gọi bún đầu cá. Cái đầu cá thật sự bự và chất lượng mng ạ, đây là món mới của quán có giá 55 nghìn. Hầu hết mng đều khen bánh canh ở đây rất ngon mà mình chưa có dịp thử qua,hẹn một ngày khác vậy😂😂. Mọi thứ ở quán đều rất hài lòng và vừa ý mình, về thức ăn và cả nước uống. Mình có gọi 1 ly trà đào nha đam, miếng đào bự lắm mng ạ,nhai rất là đã miệng và còn có nha đam sựt sựt rất là hợp luôn í. Beefsteak miếng thịt khá dày,ngang tầm giá 89k nên không đòi hỏi gì thêm, mà có đều là nó không có được nêm chỉ nếm được vị bơ với nước bò tiết ra thôi, miếng bò nó dai dã man-chắc là để lên bếp hơi lâu. Mình cũng gọi thêm 1 phần khoai tây chiên, chiên hơi quá thời gian nên nó khô và hơi bỡ tí, lúc ăn vào mình lại còn tưởng là khoai lang ấy chứ. Đĩa salad tính ra cũng khá chất lượng,rau được trộn dầu giấm khá đều tay,có thêm hành tây,hành tím,bắp cải tím nữa. Nhân viên ở quán hầu như túc trực bên mình😂, vì mình gọi nước xong bảo là ăn xong hãy đem lên, chỉ cần ngẩng mặt lên nhìn là sẽ có nhân viên tươi cười niềm nở chạy đến ngay, khi vừa ăn xong là nhân viên đã nhanh chóng đến và hỏi mình xuống dĩa được chưa để dọn dẹp bàn rất hài lòng, thái độ nhân viên ở quán thì thật sự là phải rate: 10/10 luôn ấy . Vừa ân uống vừa ngắm cá Koi lượn trên mặt nước dưới không gian hài hoà,đẹp đẽ thì cungc tương đối là quá ổn cho một ngày cuối tuần rồi phải không mng???:DXem thêm",56
816,Nguyễn  Thị Phương Dung,20/10/2018 1:52,7.6,"Chủ yếu là đi ngắm cảnh và thư giãn cuối tuần. Mà cá ở đây nhiều, nhiều màu và kích cỡ á. Quán view đẹp lại có hồ nước nên rất mát mẻ. Với lần trước đã uống rồi nên giờ vào cuối tuần tranh thủ rủ bạn bè người thân có thể uống cà phê ăn sáng ở đây hay chỉ uống cà phê thui. 
   Mà nhìn menu trung bình các món giá khá cao mà phục vụ cũng rất chậm nữa. Chưa kể ly cà phê sữa mà vị có chút đắng nhưng lạt ko được đạm đà nên uống nó lợ lợ á . 
   Với chủ nhật thì gia đình cũng dẫn con mình do vậy cũng có ngịch ao cá xíu,mà nói chung chỉ cần theo dõi để bé ko té hay pháXem thêm",56
817,Quế Anh,6/9/2018 8:47,8.0,"📌Quán nằm ở đường 3/2 ngay bờ kè đối diện cổng B - ĐHCT. Mình đi buổi tối nên hơi vắng khách, không gian khá thoáng, muốn ngồi bệt hay ngồi ghế đều có nhưng hơi tối vì chủ yếu là đèn vàng. Mình ngồi ngoài trời, kế bên có hồ cá Koi, nếu đi ban ngày có vẻ sẽ thích không gian này hơn.
📌Mình ăn bánh canh tôm tít, mới nhìn thôi đã muốn ăn liền, màu sắc bắt mắt, bày trí đẹp. Một tô như hình là 45 nghìn (bình thường), còn có tô 65 nghìn (đặc biệt). Tô thường có 6 con tôm tít, 1 quả trứng cút, nấm và huyết. Nước súp đặc biệt làm sệt sệt, rất vừa ăn, ăn bánh canh nước súp sệt vậy mới ngon. 
📌Tôm tít tươi, con nào con nấy đều đều chứ không có chuyện con to con nhỏ nhé. Bánh canh hơi mềm, đưa vào miệng tan ngay, hơi bở, sợi bánh nên dai dai một chút sẽ hoàn hảo hơn. 
📌Ăn món này nên đi buổi sáng, đảm bảo vừa đủ no nhé, tại chợt hứng nhớ tới nên tối đi chơi r ghé vào luôn, tối quá nên hình không sắc nét lắm. 
👍Nói chung là ngon, xứng đáng đồng tiền bát gạo.Xem thêm",56
818,Phan Phan,31/7/2018 10:34,5.0,Bánh canh quá ngonXem thêm,56
819,RachelT,30/7/2018 23:53,4.0,"Mình lại quán ăn với bạn và có ord 2 phần bánh canh tại thấy hình hấp dẫn và có nhiều bạn khen ngon . Mình ord 1 bc tôm tích và 1 cái hải sản đặc biệt . Mình đã bỏ hết nguyên tô vì bánh canh thì bở , ko dai. Cua và tôm thì hôi mùi đã cũ như kiểu bỏ tủ lạnh . Cũ đến nổi khi mình ăn thì nó đắng và hôi nên mình đã nhả ra 😠😠 tôm tích thì không tươi . Nước súp thì bình thường.. thiệc tình bữa ăn sáng đó gần 200k chứ ăn mang tức thêm vào bụng !Xem thêm",56
820,Phạm Trần Phương Trâm,17/6/2018 1:31,8.0,"Quán này chắc cũng có tiếng ở Cần Thơ lắm, quán nằm ở bờ kè Mạc Thiên Tích, từ 3 tháng 2 chạy vào đường bên tay trái cỡ 50m là thấy quán ngay à. Quán có không gian cực kì rộng luôn, trang trí khá đẹp mắt. Bước vào như bạn đang đứng giữa 1 nơi mang màu sắc thiên nhiên với hồ cá rộng. Như hình là một phần bún của quán, nước dùng được nêm nếm ngon ngọt, vị khá vừa ăn. Sợi bún to, mềm, xương khá to, thịt nhiều. Giá hơi cao nên các bạn cân nhắc trước khi đến quán trải nghiệm nhéXem thêm",56
821,Khá trần,21/5/2018 17:54,8.6,Quán đẹp. Không gian OK. Thực đơn phong phú. Nước uốn ngon nhưng cafe sữa tại sao lại đắng đến thếXem thêm,56
822,tiên,20/5/2018 14:47,7.4,"Quán này cũng dễ tìm nhưng phải nhìn kỹ sợ chạy qua mà không hay. Thích nhất là mấy con cá, cưng hết biết, có mấy con lớn thiệt lớn nhìn là chỉ muốn nhảy xuống ôm nó. Quán này cũng rộng, may mắn là mấy lần mình ghé đều được ngồi phía ngoài dễ dàng nhìn mấy em cá. Nước uống ngon nhưng giá hơi cao. Quán này có bán đồ ăn sáng luôn ấy. Lâu lâu có em út hay bạn bè lên thăm mà buổi sáng thì mình hay dẫn đến quán này vừa ăn sáng vừa nói chuyện đàm đạo.Xem thêm",56
823,foodee_da6a005e,17/5/2018 10:00,8.0,"Bánh canh cua ngon quá. Sáng ăn bánh canh cua, uống trà đào cam sả ngon tuyệt vời.Xem thêm",56
824,an,5/6/2020 0:50,9.8,"Matcha siêu ngon. Về ct là phải ghé uống. Ở ct là đi uống miết. Vẫn ngon dù bao năm tháng, vẫn ghiền từ hồi cấp 3 đến giờ, cũng sắp ra trường đt rồi. 
Combo matcha + rong biển sấy. Ngồi nhâm nhi, tám mỏi miệng, ngắm phố phường. 
Bao ngon bao rẻ luôn
Quán ruột của tui đó chờiXem thêm",57
825,Trúc Mai Dương,19/4/2019 7:10,10,"Lúc đầu còn không biết Matcha là gì, khúc bạch là gì. Nhờ Matcha J mới biết được và bắt đầu dấn thân cuồng Matcha 
- Trà sữa Matcha Khúc bạchXem thêm",57
826,Thế Tuấn,18/11/2018 20:22,8.6,"Trước khi đi học tranh thủ ghé ngang rinh một ly matcha, ly trong hình là 10.000, theo bản thân mình thì là rẻ. Matcha J bán trước giờ vẫn thế, chất lượng thì tăng và giá cả không hề thay đổi trong khi các quán khác giá cao nhưng chất lượng lại không có. Matcha ở đây rất đặc trưng chỉ cần uống 1 ngụm hay hửi mùi thôi là đã biết của matcha J. Không gian quán nhỏ, tối dọn bàn ra ngoài thích hợp ngồi ngắm xe cô và trò chuyện. Chị chủ quán thân thiện và nhiệt tình.Xem thêm",57
827,Hoang Phuong Do,16/11/2018 21:56,7.8,"Ui chà nhắc tới là lại thòm thèm cái vị matcha ngon lành cành đào này rồi. 
Ly matcha không chỉ 10 nghìn mà thôi, ly nhỉ đó nha, uống hông có đã gì hết hà. Ngon xuất sắc nè. Vị thơm nức mũi, khá là ngọt nên để tan đá xíu nha mọi ngưòi. Vị matcha khá đậm đà  cảm nhận có một xíu muối nữa thì phải, tại có vị hơi mặn. Ngoài ra còn có khúc bạch cũng khá là ngon nha. Quán tương đối rộng rãi và thoáng mát, chủ quán vui tính lắm nha. 
Nhắc tới là thèm, chắc bữa nào ra uống nữa quá.Xem thêm",57
828,Thế Tuấn,9/11/2018 16:29,9.0,"Trước giờ mình đã từng uống matcha ở rất nhiều quán, nhưng quán mình ấn tượng và vị đặc trưng nhất vẫn là ở Matcha J. Matcha rất thơm, ngọt nhẹ khi uống vào và loang ra ở cả khoang miệng không có cặn bột matcha hay ngọt gắt như các quán khác. Matcha ở đây uống là nhận ra ngay luôn. Chị chủ ở quán rất dễ thương, nhiệt tình và rất thân thiện. Giá của túi mình uống là 20.000 ngoài ra còn có ly 10.000 và muốn ăn thêm topping thì thêm 5.000 nữa. Ở đây chỉ có 1 loại topping duy nhất là khúc bạch thôi à nhưng mà khù bạch cũng rất là đặc trưng kh đâu sánh bằng luôn.Xem thêm",57
829,Thịnh Tống,21/10/2018 20:16,10,"Mình đã từng uống rất nhiều chỗ nhưng chỉ có matcha ở đây là vừa ý mình nhất. 
Trong hình là túi zip 20.000 gần đầy cả túi lận. Quán còn có ly 10.000 nữa và nếu muốn có thể gọi thêm topping là khúc bạch 5.000. Matcha ở đây rất riêng mà chỉ cần ngửi mùi là biết, matcha thơm, ngọt nhẹ nhưng khi uống vị ngọt loan đều cả cuống họng luôn. Ngoài matcha thì còn có chè khúc bạch, khúc bạch ở đây cũng gọi là đặc sản luôn đó mọi người. Giá cả cũng rất sinh viên nữa. Không gian quán nhỏ thích hợp ngồi tán rẫu ngắm nhìn xe cộ buổi đêm. Chị chủ cũng rất là nhiệt tình luôn.Xem thêm",57
830,Phương Trần,12/9/2018 22:26,8.4,"Quán trà sữa tiên phong về matcha ở Cần Thơ nè, lúc quán mới mở thì đông quá trời đông luôn. Bây giờ thì vắng khách hơn do hàng quán mở ra ngày càng nhiều, khách hàng có rất nhiều sự lựa chọn mới. Tuy vậy nhưng matcha J vẫn có khách đều đều nhé, không gian ở đây vẫn vậy, ngồi ngoài lề đường mát mẻ, thoải mái vô cùng. Mình đến đây trước giờ uống duy nhất một món, matcha khúc bạch, béo béo thơm thơm, ly không quá to rất vừa uống, giá là 15k. Ngoài ra quán còn mấy món khác nghe bạn mình khen cũng ngon lắm, có đồ ăn vặt nữa.Xem thêm",57
831,Phương Trần,3/8/2018 23:05,8.4,"Lâu lắm rồi mình mới quay lại đây, nay vô tình đi ngang nên ghé qua, định bụng thử xem hương vị có còn như cũ không. Vẫn chỗ để xe quen thuộc, vẫn những bàn cốc, ghế cốc đặt ở những vị trí quen thuộc. Mình vẫn nhớ mùi vị của ly Matcha ngày trước, ngọt ngọt, béo béo và đầy khúc bạch, uống một lần sẽ nhớ mãi hương vị này. Mùi vị lần này vẫn không đổi khác. Lượt khách có vẻ giảm bớt so với lúc trước. Mình để ý quán có phục vụ thêm món trà đào, có lẽ lần sau sẽ nếm thử xem sao.Xem thêm",57
832,Hoang Phuong Do,12/7/2018 22:24,7.8,"Cũng lâu lắm rồi chưa có ghé ở đây nhỉ, hôm nay có dịp đi ngang nên ghé làm một túi mang về.
- về không gian: quán tương đối nhỏ thôi, nhưng nhìn thấy ấm cúng và thoáng mát. Cũng có bàn ghế ngồi lại uống đó.
- về thức uống: mình gọi một túi như hình, giá khá rẻ chỉ có 25 nghìn thôi, mà hai người uống mới hết lận. Vị matcha thơm thơm beo béo, vị ngọt vừa phải, khúc bạch hơi cứng nhưng lại béo ngậy. Nhìn chung khá là ngon và hợp khẩu vị.
- về phục vụ: vui tính và thân thiện.Xem thêm",57
833,Hiếu Minh,15/4/2018 18:28,9.0,"Trà xanh danh bất hư truyền lại đây, trà xanh cực kỳ ngon và nổi tiếng cần Thơ. Trong ly có khúc bạch tầm bốn đến năm miếng, mỗi ly giá 15.000 nhưng ăn rất xứng đáng. Quán nằm ngay mặt tiền đường Hùng Vương và bảng hiệu chớp đen rất sáng nhưng các bạn có thể tìm kiếm quán cách dễ dàng. Quán bắt bàn ra lề đường nên có không gian rộng rãi thoải mái lắm, quán chủ yếu bán take away nên mua đi cũng khá đông. Quán còn có bán rong biển cháy tỏi tuyệt cú mèo luônXem thêm",57
834,Vy,28/7/2020 22:04,9.2,"nêm nếm vừa ăn,chủ nhiệt tình,chu đáoXem thêm",58
835,Nguyễn Lê Quốc Thịnh,24/11/2018 16:57,8.4,"Thỉnh thoảng có dịp cùng mấy anh đồng nghiệp đi ăn chay. Có ghé thử quán Cường. Menu đa dạng, giá rẻ. Khách đông nhưng phục vụ cũng rất nhanh gọn nhe. Chất lượng món khá ổn. Chỉ là 1 phần cơm 15k chưa đủ no lắm với mình, tới buổi xế là hơi đói rồi. Nếu được thì quán nâng lên phần lớn hơn tí và giá 20k thì chắc vừa lắm luôn. Bạn nào thích các món nước thì quán cũng có luôn, nhiều món lắm.Xem thêm",58
836,Tambourine Tim,16/10/2018 21:28,7.2,"Hổm ăn chay, thèm bún bò Huế chay nên ghé Cường làm tô bún bò 15k. Các món khác thì không so sánh, nhưng món bún bò của Cường ngon hơn hẳn so với các quán chay khác. Nước soup ngon, hợp khẩu vị của mình và cực nhiều đồ ăn. Ngoài bò viên (vị hơi đậm mùi công nghiệp) ra thì thức ăn nào cũng ngon. Với cả giá chỉ 15k / tô thì đúng quá rẻ. Chỉ trừ khi ngày Rằm quán full thôi chứ hầu hết là thấy nhân viên phục vụ thao tác nhanh lẹ lắm.Xem thêm",58
837,sống để ăn,14/10/2018 15:11,2.6,Sáng mua đồ ăn tưởng nóng ngon ai ngờ đồ bị thiu là s quán chay j kì vậy quán chay mà bán cũng có tâm xíu đi chứ k ngon cug phải sạch sẽ chứ bạn làm vậy ai ủng hộ nữa ( hủ tiếu bò kho)Xem thêm,58
838,Phạm Trần Phương Trâm,9/10/2018 1:05,7.8,"Hầu như tháng nào cũng ghé chỗ này ăn 1 đến 2 lần hết á. Quán này nằm ở đầu đường Hoa Viên, chạy vô cái thấy quán liền à. Không gian cũng khá rộng nhưng mình khuyên bạn đừng đi vào các ngày lễ hoặc ngày rằm vì không có chỗ ngồi. Như hình là tô bún bò huế của quán. Đặt tô xuống mùi thơm bay lên y chang tô bún bò huế thịt luôn á, nhưng đây chỉ có các đồ chay thôi :3. Đồ ăn khá nhiều, nước ngon ngọt, vị vừa ăn. Tô như hình có giá 15k á.Xem thêm",58
839,Trần Anh,12/9/2018 11:43,7.8,"Mới vừa qua tháng 7 âm lịch trong năm, cái tháng mà mình nghĩ ai nấy đều sợ, vì thế những ngày trong tháng cũng hay lãng vãng tìm chỗ ăn chay. Vừa rồi ngày cuối cùng trong tháng chuẩn bị bước qua tháng 8 âm lịch mình có ghé quán ăn tối. Quán đông mà nhân viên chạy mệt luôn với lại ăn vào những ngày này thì mình ngồi đợi cũng hơn 15p mới có ăn, vì đa số là những bạn khác ăn lẩu thì nhiều, có mình gọi 1 phần cơm nấm, 1 dĩa cơm thập cẩm, với 1 tô bún riêu.
Theo mình thấy cơm nấm hơi mặn hơn so với mấy lần trước, nhưng bù lại nấm rơm rất nhiều, ăn rất đã, vì mình cũng khá thích nấm. Còn cơm thập cẩm thì đủ món, mình có thể tự chọn hoặc quán sẽ chọn sẵn cho mình. Bún riêu nóng, nước soup ổn chứ chưa đậm đà, rau với chả cũng nhiều, ở đây nêm nếm gia vị cũng vừa phải chứ không quá tay.
Nhân viên đông mà quán có bán mấy đồ chay để mua về làm cơm ăn như sườn non, mì chay, bla bla.. Giá thì có vẻ hơi cao vì đồ cũng chất lượng ^^Xem thêm",58
840,Foodee_nancy167,8/9/2018 23:39,9.2,"Mình vô tình ghé quán trong một lần đi tt ở bệnh viện ĐKTP. Quán khá rộng rãi, thoáng mát. Nhân viên nhiệt tình, thân thiện. Hôm đó mình có gọi món bún Thái phải nói là món này rất ngon, nước dùng đậm đà nhưng rất vừa phải, chút chua chua, cay cay. Món này xứng đáng là món MUST TRY á. Mình sẽ ghé ủng hộ quán dài dài :)))Xem thêm",58
841,Phạm Trần Phương Trâm,8/9/2018 23:23,8.8,"Lâu lâu đổi gió không ăn mấy món nước nữa thì chuyển qua gỏi cuốn cũng ok lắm nhe :3 một cuốn có 3k à mà ăn cực ngon. Thì là đồ chay nên không hấp dẫn bằng đồ mặn, chỉ có rau giá các kiểu, bún và bì chay thôi nhưng ăn cũng ngon không kém đồ mặn đâu. Đặc biệt chỗ là tương xay ăn kèm cực ngon, đậu phộng dưa chua đủ cả :3 lâu lâu đổi từ đồ mặn sang đồ chay ăn thử cũng không thất vọng đâu :3 một người ăn cỡ 2 tới 3 cuốn là no rồi :))Xem thêm",58
842,Ron Swift,19/8/2018 12:29,8.0,"Mình đi ăn ngay vào ngày đầu tháng 7 âm, ngày mà người ta ăn chay nhiều thành ra quán đông dễ sợ, ra vào nườm nượp luôn. Do ăn mấy món nước của quán nhiều rồi nên đợt này mình ăn cơm thử cho biết. Cơm cũng nhiều món mà tên y như món mặn, coi một hồi rối mắt, mình chọn luôn cơm nấm kho tiêu. Thố nấm cũng nhiều lắm luôn, vừa có nấm vừa có tàu hũ nữa, vị cũng như thịt kho vậy, ăn với cơm dẻo ngon vô cùng )) Phần cơm 25k có cả chén canh, rau, cơm dẻo, tính ra cũng hợp lýXem thêm",58
843,Phạm Trần Phương Trâm,18/8/2018 22:19,8.0,"Lâu rồi mới ghé quán cơm chay này để ăn vì được đám bạn rủ :3 Đồ ăn ở đây đa dạng lắm và mùi vị cũng như tên gọi cũng giống như các món mặn từ cơm niêu đến các món bún như bún xào, bún bò, đến các món phở bò, phở xào và có cả các món mì nữa :3 Tô trong hình là tô bún bò huế của quán, khi bạn phục vụ đặt tô xuống bàn thì mình cứ tưởng đồ mặn vì nhìn khá giống. Tô bún ăn khá ngon, mùi vị thơm lừng, nước dùng được nêm nếm khá ngon ngọt :3Xem thêm",58
844,Rachel Smith,15/12/2021 12:52,8.0,"Hôm nay mình ghé mua 1 lẩu kim chi 110k. 

Hương vị vẫn ngon như cũ, trong lẩu có những đồ ăn gì thì các bạn xem hình nha, mình đã chụp đầy đủ ròi á !!!

Mình thích nhất là mỳ gói của quán ăn cùng lẩu rất hợp, mỳ dai dai ...

Nước lẩu nêm nếm đậm đà, quán còn cho thêm nc chấm & kim chi nữa.Xem thêm",59
845,Rachel Smith,17/8/2021 19:10,9.0,"Món Hàn giá sanh diên, nêm nếm rất ngon, đa số các bạn sanh diên Cần Thơ đều biết tới quán này.

Ở đây món hàng khá đa dạng từ nướng cho đến lẩu, cơm và mì nữa.Xem thêm",59
846,Trúc Mai Dương,12/2/2020 20:01,10,"May mắn chơi game trúng được Free 
Lẩu Tokbokki thập cẩmXem thêm",59
847,foodee_iosfi9v1,21/12/2019 10:28,10,Món ăn của quán ngon tuyệt Phục vụ ở đây cũng rất nhiệt tình và ra đồ ăn cũng nhanh Giá cả cũng khá rẻXem thêm,59
848,Linh Trần,12/12/2019 16:16,4.2,"Kêu thanh toán 3 lần mới có người ra thanh toán , hoán đơn tính tiền sai tí nữa mất tiềnXem thêm",59
849,Knhi Đinh,27/11/2019 1:48,7.6,"Đồ ăn ngon. Kimchi có hôm ngon có hôm
ngọt quá, đồ ăn cũng vậy. Nhưng với giá như vậy thì vị tương đối ổn ! 

Mọi người thường đến ăn lẩu nhưng mình thích đến gọi các món lẻ, vừa được nhiều món mà bằng giá tiền 1 nồi lẩu 😄 

Mình hay ghé quán ăn mì tương đen ( sốt tương đen là loại bột, chứ kf loại tương đen xào) , chân gà ( nên thử nha, ai ăn cay được hãy kêu nha ) , canh kim chi, miến trộn, cơm trộn,...Xem thêm",59
850,Lê Thanh Thanh,16/10/2019 22:18,4.6,"Nv dễ thương, ông chủ dễ thương, mà đồ ăn thì quá ngọt, mặc dù mình là người miền Tây mình ăn ngọt mà mình ăn ko nổi luôn, ngay cả kim chi cũng ngọt nữa, nếu ông chủ có đọc đuọc cmt này thì mình nghĩ anh nên điều chỉnh lại cách nấu 😬Xem thêm",59
851,Kiều Trang,5/10/2019 13:59,7.2,"Quán trong hẻm nhưng cũng dễ tìm, không gian cũng thoải mái, giá cả cũng khá hợp lý, nhân viên phục vụ cũng tận tình, đồ ăn vừa miệng, nhưng mì này thì hơi mặn với dầu mỡ nên hơi ngấyXem thêm",59
852,An Lộc,8/9/2019 12:33,2.8,"Đặt 3 phần ăn, nhưng cơm thì không chín, không kèm theo muỗng đũa để ăn, không kèm theo giấy lau.
Món ăn không ngon.Xem thêm",59
853,Phi Phụng Phạm,7/9/2019 22:52,8.0,Ba chỉ heo nướng tương ớtXem thêm,59
854,Hồng Trần,28/9/2024 10:47,10,Sạch sẽ thoáng mátXem thêm,60
855,Thuý Vân,27/9/2024 13:05,10,"Điểm đến tuyệt vời
Sạch sẽ, tiện nghi, chu đáoXem thêm",60
856,Bánh canh cá lóc diên sanh Cam lộ,26/9/2024 10:42,5.0,"Ngon,chất lượng tốt,đáng mua,lần sau sẽ ủng hộ tiếpXem thêm",60
857,foodee_3fuoe4an,25/9/2024 10:44,5.0,"Nhà hàng rộng rãi,  nhân viên nhiệt tình , có nhiều món ăn ngon để lựa chọn akXem thêm",60
858,Phạm Thuy,24/9/2024 11:02,5.0,Dịch vụ tốtXem thêm,60
859,foodee_u4ac0mka,24/9/2024 10:46,10,"Không gian thoáng mát,phục vụ tốt có dịp mình sẽ trở lạiXem thêm",60
860,foodee_bug6o362,24/9/2024 10:42,10,"Phòng rộng , sạch sẽ, phục vụ tốtXem thêm",60
861,foodee_7moycndw,24/9/2024 10:40,5.0,Phòng sạch sẽ thoáng mát dịch vụ tốt nhân viên nhiệt tìnhXem thêm,60
862,Nguyễn Thị Hương Lan,22/9/2024 10:53,5.0,TốtXem thêm,60
863,Lethinghia,22/9/2024 10:48,5.0,Nơi đáng đếnXem thêm,60
864,THITNHAPKHAU 0966993532 TRÂU BÒ GÀ HEO,30/6/2021 14:30,9.8,NGONXem thêm,61
865,Diễm  Hoàng,9/12/2018 21:00,8.8,"»Đặt 2 mì cay bò 0.5, đồ ăn đựng trong hộp, mì còn trong bọc nên rất gọn, sạch sẽ nữa. Nước nhiều, 0.5 không có cay cho lắm, vị vừa ăn. Một phần có: 5 viên chả, xúc xích cũng nhiều, cỡ 4 lát bò, còn bông cải xanh + kim châm, ăn no luôn.
»Phần 40k có thêm khuyết mãi nên ăn ở nhà cũng ok, đồ ăn thì cũng như ở quán.Xem thêm",61
866,Phương Trần,16/10/2018 23:32,7.4,"Quán ở đường Lê Lai, gần chỗ quán rau má đậu đi vào chút xíu là nhìn thấy quán. Quán có vẻ khá bí mật nhưng khách biết đến cũng rất đông, mình vào trong là bị choáng bởi lượng khách luôn. Có những thứ mình rất thích ở quán, thứ nhất quán sử dụng bếp từ rất sạch sẽ và không phải xin thêm cồn hoài lại rất mau sôi lẩu, thứ hai, không gian rộng rãi, được ngồi máy lạnh rất thích, thứ ba được chọn nước lẩu và thức ăn theo ý thích của mình. Về món ăn thì nước lẩu khá ngon nhưng chưa có gì đặc biệt lắm, hải sản tươi, chả thơm. Điều không thích là bất kể cái gì kêu thêm cũng tính tiền kể cả một tí nước lẩu thêm và vài cọng rau.Xem thêm",61
867,Phương Trần,8/9/2018 21:43,7.2,"Quán lẩu Kiseki ở đường Lê Lai, từ quán rau má đậu bạn chạy vô chút xíu sẽ nhìn thấy. Bên ngoài nhìn quán hơi âm u không mấy ấn tượng nhưng vào bên trong thì cũng khá đẹp, nhất là đường đi lên quán, được trang trí bằng cây xanh giả nhưng nhìn mát mẻ và sáng sủa lắm. Không gian quán rộng, có nhiều dãy bàn, ăn lẩu trong phòng máy lạnh nên cũng mát mẻ chứ không bị ngộp. Về món lẩu thì mình thấy tạm được, không đặc biệt lắm. Mọi thứ ngoài món bạn gọi ban đầu đều phải tính tiền thêm, cái này thì mình ok nhưng nước lẩu xin thêm cũng bị tính tiền thì mình không ưng lắm.Xem thêm",61
868,Phamdachoang,9/8/2018 19:00,5.0,Nv ở đây kêu hoài bơ khách ko thèm để ý. Còn bắt đợi lâu mà đến cuối buổi cũg ko mag raXem thêm,61
869,meomeo,9/8/2018 16:18,8.4,"hôm qua mình có đến Kiseki ở, đến hơi sớm nên đợi tầm 11h mới có lẩu ăn. mình đi bảy người gọi set lẩu 4 và đồ ăn thêm. mình cứ nghĩ là đồ ăn trong set sẽ ít nên mình gọi thêm hơi nhiều, ai dè đồ ăn quá trời 7 đứa mà ăn không xuể. không gian quán cũng rộng rãi sạch sẽ, phục vụ cũng rất nhiệt tình. gọi nhiều mà tính tiền ra có 151k thành ra mỗi đứa có mấy chục ngàn mà no căng bụng. nhất định có dịp sẽ lại đến Kiseki.Xem thêm",61
870,Phương Trần,7/8/2018 22:19,8.6,"Kiseki nằm ở đường Lê Lai, đối diện với Omega nên rất dễ tìm. Không gian quán có nhiều khu rất đẹp, rộng rãi lại sáng sủa nữa, đường đi lên được trang trí bằng cây cỏ nhân tạo nhưng cũng rất đẹp và ấn tượng. Mình đặc biệt ấn tượng với quán là sử dụng bếp từ chứ không phải bếp gas hay lò than nên ăn trong phòng lạnh mát mẻ, không bị hôi gas, hắc nóng hay phải xin cồn hoài. Về món lẩu thì nước dùng ngon lắm, đồ ăn thì mỗi thứ một ít có giá sẵn hết trơn, bạn thích gì chọn đó nên ăn rất ngon và vừa ý.Xem thêm",61
871,Thi Duong,20/7/2018 2:15,7.0,"Đây là lần thứ hai mình ăn ở quán này. Quán này ấn tượng với mình bởi nước mì cay nấu rất ngon. 
Lần này mình ăn món mì cay hàu phô mai vì nghe tên lạ lạ, ăn thử cho đổi gió. 
Shipper mang đến cho mình phần đồ ăn chưa nấu. Vậy là phải lăn vào bếp nấu mới được ăn. Vì cái hộp đựng khá nhỏ nên phải nấu và ăn mì trong cái thố đất của mình lớn hơn. 
Mì mình nấu vừa đủ thời gian nên còn dai dai. Nước mì thì ngon lắm mà thơm mùi phô mai cực kì luôn, béo ngậy nữa. Hàu thì không nhiều lắm nhưng cũng khá. Thêm bông cải xanh và nấm kim châm thì vừa ăn luôn. 
Có điều nước mì kimchi cay quá cay không ăn nhiều được dù rất muốn húp hết nước :( 
Mình thấy mì này ngon hơn mì hải sản hay mì bò nữa.Xem thêm",61
872,Dang Khoa nguyễn,1/7/2018 18:32,10,2 người ăn cái lẩu 99k đủ no và ngon.Xem thêm,61
873,Phương Trần,17/6/2018 19:20,7.6,"Phải nói lâu lắm rồi mình không lại đây, vậy mà khách vẫn đông như ngày nào. Để xe bên ngoài, sau đó bạn sẽ đi qua các bậc cầu thang được trang trí cỏ nhân tạo dẫn vào khu vực quán, điểm cực kỳ riêng biệt không lẫn vào đâu được. Menu quán trình bày 2 loại lẩu gọi tóm gọn là lẩu có sẵn và lẩu tự chọn, có sẵn như hải sản, tự chọn thì bạn tự quyết định mình muốn dùng món gì thì gọi luôn, ngoài ra quán còn cho bạn tự lựa chọn nước lẩu nữa. Quán dùng bếp từ đun nấu, mình thích điều này vì không phải mắc công gọi thêm cồn. Các món ăn rất ngon, khi kêu thêm món nào thì quán đưa dĩa ra kèm món được bọc trong giấy bọc thức ăn, lịch sự và sạch sẽ. Lưu ý là quán sẽ tính thêm tiền rau thêm và nước lẩu thêm nhé, nước lẩu cũng tính thêm tiền thì mình không ưng lắm.Xem thêm",61
874,Nguyễn  Thị Phương Dung,19/11/2018 23:33,7.6,"Cũng lâu lắm rồi mới quay lại đây nướng quán nướng bếp than nên khói lắm lúc bước vô dã khói bay mịt mù rồi. Được cái là đồ nướng ướp sốt ngon và cùng một loại cho các món nướng. Nướng kéo thì đồ ăn đỡ bị két và cũng ngon nữa tính ra thì ăn đồ nướng khói có cái ngon riêng của nó. Có sụn heo, ba chỉ, bò, mực là đã kêu thì thấy sụn nướng xong ăn rất giòn với có chút béo của mỡ thì ăn ngon cực. Khi ăn đồ nướng thì kèm nước chấm xanh xanh hay dùng để ăn nướng, hải sản là ngon đúng điệu lun. Còn có xúc xích đậu bắp đề ăn thêm.    Một cái nữa là ở quán ai vào kêu món thì tự đánh dấu vô sau đó đồ ăn được gom chung một cái đĩa đi ra....Xem thêm",62
875,Mỹ,30/10/2018 14:31,8.0,Nướng là chỉ muốn tới đây thôi ^^Xem thêm,62
876,Tambourine Tim,19/10/2018 22:08,7.8,"Mình hơi bị ấn tượng tí bởi tên Sửu Ca của quán :)) Quán này hình như là quán quen của nhiều bạn sanh viên. Quán có món đặc trưng riêng là Chén trứng phô mai, 1 chén vậy chỉ có 10k thôi mà đủ thứ từ trứng tới xúc xích, bắp, ruốc sấy, dầu hành... chấm với mắm me hợp lý quá rồi. Đồ nướng với cả lẩu của quán chất lượng ok, độ tươi ngon của thức ăn ổn và nhiều. Giá cả thì phải vừa túi tiền nên mới là lý do khiến các bạn ủng hộ nhiều.Xem thêm",62
877,Phạm Trần Phương Trâm,11/9/2018 10:24,8.6,"Quán Sửu Ca nằm trên đường Mạc Thiên Tích, đường đối diện với cổng B trường đại học Cần Thơ. Nằm cùng phía với các shop quần áo ở đầu đường như 1992 và tò mò. Hộp như hình là trứng chén. Một chén như vậy là 10k, đầy đủ xúc xích, bắp mĩ, ruốc, hành phi các kiểu luôn. Phần bánh đó sẽ ăn kèm với mắm me, mắm me quán làm ngọt ngọt chua chua rất dễ ăn. Do khách order xong quán mới nướng nên đợi hơi lâu, nhưng bù lại bánh tới tay thì nóng hổi, về đổ ra ăn vẫn còn nóng :3Xem thêm",62
878,thaohuyen274,18/5/2018 19:39,8.6,"Sửu Ca là quán nổi tiếng với món chén trứng, mình không thích món đó nên thường không có gọi hihi. Các món nướng ở đây giá hợp lí với sinh viên, thịt được ướp rất vừa khẩu vị, nước mía của quán cũng ngon. Nhân viên phục vụ nhiệt tình.Xem thêm",62
879,Như Ý Huỳnh Thái,20/4/2018 23:34,9.0,"Sửu ca là một quán quá quen thuộc đối với sinh viên Cần Thơ rồi nhỉ 😁 thích nhất ở quán là nước mía, chén trứng và đặc biệt hem thể thiếu là nước chấm me siêu ngon mà tới giờ tui chưa đi được quán có hương vị giống vậy hết á huhu. Ăn đồ nướng mà chấm cái này là tuyệt vời ông mặt trời luôn í. Đi Sửu Ca nhớ phải thử món chén trứng nhen, trứng cút được nướng trên bếp than kèm với ruốc, bắp, xúc xích và cả phô mai nữa cơ mà chỉ 10k thui. Nước mía ở quán chỉ 8k mà ly to đùng luôn, vị ngọt thanh của mía và vị chua nhẹ của hạnh tạo nên một ly nước mía tuyệt vời.Xem thêm",62
880,Nga Đào,7/4/2018 2:56,7.0,"Nhắc Sửu Ca là liên tưởng ngay đến những chén trứng nướng thơm ngon, 1 chén trứng nào là trứng cút, xúc xích, phô mai, ruốc sấy, bắp hạt, mỡ hành chan thêm mắm me là hết xấy con bà bảy. Lúc đầu ăn món này thấy quán cho mỗi chén nước chấm mắm me 2 cái muỗng tưởng cho dư ai dè không phải, vì chén trứng  rất nóng nên khi ăn phải dùng 1 cái muỗng làm trụ giữ cái chén yên vị còn 1 cái muỗng múc đồ ăn. Bánh mì bơ đường của quán thì không ngon lắm, bánh mì nướng không được giòn rụm, ăn bị dai, bơ đường phết trong bánh mì ăn rất ngán.Xem thêm",62
881,Saruchan Le,19/11/2017 23:49,8.2,"Sửu Ca là quán bán đồ nướng đông sinh viên nhất mà mình biết :)) Lần nào lại thấy quán đông kín, phần lớn là mấy bạn sinh viên trẻ trẻ là nhiều, chắc do ngay bên bờ hồ gần trường đại học lại bán giá cực kì sinh viên nên đông các bạn trẻ lại ủng hộ. Nhân viên phục vụ khá nhiệt tình, menu cũng đa dạng mấy món nướng và ăn vặt khác, có điều hình như tất cả đều ướp chung 1 loại nên thấy mùi vị rất giống nhau. Giá phù hợp túi tiền, không gian cũng thoáng.Xem thêm",62
882,Nguyễn  Ngọc,16/11/2017 16:21,7.0,Mấy hôm trước sinh nhật nhỏ bạn ghé đây ăn mà giờ mới review. Bữa mình đi khoảng 5h chiều hôm đó trời mưa nên mình thấy chưa có khách. Mình gọi một số món như mực nuớng bò nuớng mề gà cánh gà nướng súc xích đậu bắp nữa tổng hết 217k. Đồ ăn mình thấy khá tươi và cũng nhiều nhưng đối với mình thì đồ ăn hơi mặn. Với lại rau ăn kèm chỉ có vài miếng dưa leo với ít rau răm. Điều đó mình không thích vì mình khi ăn đồ nướng phải có nhiều rau.Xem thêm,62
883,Trần_Thy Trần,10/11/2017 12:21,7.6,"Lại đây hoài , thèm đồ nướng là cứ lại đây :)) , nhưng khoái nhất vẫn là nồi phá lấu , ăn lạ miệng khá ngon , 1 nồi hai người ăn vừa đủ , 49k :)) . Có thể kèm bánh mì hay mì gói :) . Nc mía đây cũng ok , chua chua uống ko ngán :) . Phục vụ nhanh nhẹn , ko gian bình thường thôi , hơi nhiều muỗi :)) . Mình kêu thịt bò nướng , 49k luôn , thịt ướp vừa miệng , ngon , giá cả cũng hợp lý :))Xem thêm",62
884,foodee_6448ubpi,23/7/2024 13:44,6.0,TốtXem thêm,63
885,leewong hao,22/4/2022 18:42,8.0,"Quán bán khá ngon, nước sâm rễ bí đao uống ngọt và mát nhéXem thêm",63
886,tina Trang,7/11/2020 12:58,5.8,"Nay xuống Cần Thơ ăn cưới nên cũng dò xem coa gì ngon dưới này thì hầu hết bài nào cũng có quán nem nướng này nên ghé ăn thử. Quả nhiên là rất đông, ng ra ng vô liên tục. Mình thấy dân bản địa như đi đây cũng nhiều, thấy phụ huỵn đưa con đi học ra ăn á. Bọn mình 3 ng lớn 1 em bé kêu 3 phần nem nướng 60k/phần, 6 cuôn chả giò 6k/cái, 1 sữa đậu xanh, 1 sữa bắp, cà rốt ép với dưa hấu ép hết tổng 266k thì tính ra ko rẻ. Nem ăn cũng ok có điều nước chấm dở quá, kiểu tương đen pha với dấm chứ ko phải tương đậu như trên SG, chả giò giòn mà nhân nhiều khoai lâm nên hơi ngán. Sữa đậu xanh ngon nè. Nhân viên thì lúc nhớ lúc ko nhưng ko đến nổi quá tệ như mọi ng nói trên này. Xe đậu đc trc tiệm hoặc quanh đấy. Kêu nem phần thì ăn dạng cuốn với bánh hỏi nha, còn kêu tô thì có đủ chả giò với bì nữa nha. Mà túm lại là mình thấyko xuất sắcXem thêm",63
887,vanbanh,9/11/2019 12:25,2.8,Nhân viên cực kì bất lịch sự. Tự tính tiền sai mà làm như lỗi của khách hàng. Rất là bực mình luôn. À đồ ăn cũng chẳng hề ngon như trên mạng qc.Xem thêm,63
888,Phúc Nguyễn,15/4/2019 10:28,1.0,Nhân viên kênh kiệu đi ăn mà làm như đi xin ăn nó vậy. Đã vậy đồ ăn còn mắc môi trường dơ bẩn nữa.Xem thêm,63
889,Nấm Nấm,14/4/2019 13:38,2.2,"Thấy review nổi tiếng ở Cần Thơ nên vào ăn thử
Siêu dơ, từ sàn nhà đến đồ ăn chén dĩa và cả lọ ớt, bọt nổi lềnh phềnh kêu tại có dấm
Món ăn dưới trung bình, hơi mặn
Dịch vụ thì lâu thôi rồiiiii
K hiểu mọi ng kêu chỗ này nổi tiếng kiểu gì, bùn quá Cần Thơ ơiXem thêm",63
890,Nguyễn Trung,1/3/2019 8:54,4.2,"Hôm qua mình có chuyến du lịch Cần Thơ, và có dịp trải nghiệm món nem nướng, mình nghe nhiều bạn đánh giá quán này phục vụ kém, không tốt, nhưng khi đến quán và ăn thử thì đúng là phục vụ kém thật, nói chuyện với khách ko thân thiện, cọc lốc, ko đầu ko đuôi, nhưng mình thấy quán vẫn đông khách, vì đồ ăn cũng tạm ổn và nằm ở vị trí đắc địa.Xem thêm",63
891,Trần Châu,10/2/2019 11:55,2.8,"55k cho một dĩa nem nướng mà chất lượng không xứng đáng với giá tiền, nem bị bở rau không được tươi, nhân viên phục vụ quên order khách. Quá mắc và sẽ không bao giờ quay trở lại.Xem thêm",63
892,Minh Nhi,9/2/2019 7:41,1.0,"Mình đi ngay dịp Tết nên đông là điều đương nhiên. Mình ko phàn nàn j cả. Mình order 6 phần, 10 cuốn chả giò vs 6 mủ trôm. Nv bảo còn 5 mủ trôm thôi nên thông cảm lấy 1 sữa đậu xanh dùm. Mình cũng ok lun. 
Lần đầu gọi món lên đủ, chờ tầm 10’. Đag ăn thì thấy chưa no nên gọi thêm 4 phần cộng 2 dĩa bánh hỏi ko. Gọi lần 1 thấy nv cũng có báo lại bếp nên mình đinh ninh ghi order ròi. Lát thấy mấy bàn vô sau order thì lên món bt trong khi phần thêm của mình ko thấy đâu. Nhắc lần 2. Chờ thêm 15’ vẫn ko thấy đâu. Đến khi mình hét lên thì nv mới lật đật bưng tới cho mình. Pv thì đa số là người già, chưa ăn xong đã ra dọn dẹp. Còn dĩa chả giò đợi từ đầu mùa tới cuối mùa ko thấy hơi hám, hỏi lại thì kêu hết chả giò ròi. Trong khi những bàn vô sau mình vẫn nhận order bt. QÁN BÁN ĐỒ ĂN MÀ PHONG CÁCH LẠ LÙNG QÁ nên sẽ ko baoh qay lại và cũng sẽ nhắn nhủ bạn bè mình né xa qán này ra.Xem thêm",63
893,Anh Vũ,18/12/2018 23:18,9.0,"Tưởng món ăn chơi nhưng thực  ra ăn no kềnh, do quán cho đầy đặn, nem cuốn kèm bánh hỏi,thơm phức. Mắm chấm rất thơm, rau sạch sẽ. Sẽ quay lại khi có dịpXem thêm",63
894,foodee_e53af718 Nguyễn thuỷ,11/11/2023 14:46,5.0,Hết chỗ chêXem thêm,64
895,foodee_91843521,11/11/2023 14:05,9.2,Hết chỗ chêXem thêm,64
896,foodee_5029b5fd,11/11/2023 13:56,10,Hết chỗ chêXem thêm,64
897,foodee_uikqmfjr,11/11/2023 13:35,5.0,Hết chỗ chêXem thêm,64
898,Hạnh Béo,11/11/2023 13:09,9.8,Hết chỗ chêXem thêm,64
899,Phương Lê,11/11/2023 12:59,5.0,Hết chỗ chêXem thêm,64
900,0974636080,11/11/2023 12:56,10,(hết chỗ chê)Xem thêm,64
901,Nguyễn Huyền,11/11/2023 12:48,10,Dịch vụ ok. Có dịo sẽ ghéXem thêm,64
902,Triệu Thị Thương,11/11/2023 12:38,5.0,Hết chỗ chêXem thêm,64
903,Thu Trang,11/11/2023 12:37,5.0,Hết chỗ chêXem thêm,64
904,Nguyễn Thị Thu Huyền,20/7/2018 11:26,8.6,"Uống khá lâu luôn rồi á nha
Nhân viên nhanh nhẹn, vui vẻ lắm nha
Nước decor đẹp, uống lại ngon 
Không gian được trang trí đẹp lắm mà nhiều phong cách nữa nè bao chụp hình luônXem thêm",65
905,Nguyễn  Thị Phương Dung,20/7/2018 0:19,7.8,"Quán giờ không thuận đường nên ít ghé chứ dạo trc chỗ thường xuyên sống ảo trầm quán á. View đẹp và màu sắc thoải mái nữa. Nước ngon và cũng yên tĩnh hơn bên đường 3/2. Đi uống ở cả hai quán mình điều chọn món thường là matcha latte vì ở đây làm ngon có chút lạt matcha nhưng nước lại ko ngọt đường. Uống lạnh hoặc nóng. Mà lạnh sẽ có kèm đường lỏng còn nóng thì là bịch đường cát. 
    Dù nhỏ nhưng ban công cũng chứa đc 4 người mà nếu ngồi ngoài tách biệt bên trong thấy cảm xúc liền. Chỉ là dạo này hay mua thui. Ở trên thì khá đẹp còn dưới thì nhẹ nhàng vs coa bàn đông ngườiXem thêm",65
906,tiên,29/5/2018 21:44,7.4,"Nhiều lần muốn ghé quán này rồi mà giờ mới có cơ hội. Quán hơi nhỏ để ý kỹ mới thấy. Không thấy chỗ đâụ xe không biết làm sao thì anh bảo vệ kêu để đó và ảnh tự xử.
Gọi món và thanh toán tại quầy, nhân viên mang nước lên sau. Về phần nước uống thì thấy capuchino không vừa uống theo khẩu vị mình, không biết do pha chế hay nước đá tan mà nước nhiều lắm với có xíu đá hà.
Không gian quán có nhiều chỗ để sống ảo nhe chỉ có điều cảm thấy quán hơi nhỏ, nói lớn tiếng chút là cảm thấy bị ảnh hưởng tới người khác. Nhân viên phục vụ ok.Xem thêm",65
907,Hoàng Huy,17/5/2018 15:44,8.0,"Quán này phải nói là không gian cực kỳ đẹp nên mình khá là thích khi qua quán này ngồi, nên cứ rũ rê đám bạn qua đây để uống nước ngồi tám chuyện hay làm bài tập lắm luôn nhe, không gian bên này mình thấy có phần hơi nhỏ hơn là bên đường 3 tháng 2 nên bên này thì đi ngồi tám chuyện hoặc học bài 1 2 người thì ok chứ học nhóm thì qua quán bên đường 3 tháng 2 sẽ tiện hơn thoải mái hơn nhe, nước uống mình thấy từ giá cả cho tới chất lượng điều như nhau hết nheXem thêm",65
908,Nguyễn  Thị Phương Dung,14/5/2018 17:18,8.0,"Quán view đẹp và nước uống cũng khá ngon nữa. Thích nhất là ngồi đâu cũng có thể chụp hình đc kkk. Quán thấy đẹp nhất là khi ở trên lầu,  view trên lầu ai lên là mê lun á. Bàn ghế,  background đều rất hợp và đẹp. Mà dưới lầu thì rộng rãi thích hợp ngồi nhóm nói chuyện to to thì ở dưới ok nhé. Cả team sống ảo đem nước ra là thi nhau chụp chẹt cho đã rồi mới uống á. Quán pha chế ngoài pha ngon ra còn trang trí khá đẹp nữa. Matcha Latte khi uống nước vẽ rất xinh uống chút đắng chút ngọt của đường ban đầu uống ko hơi khó uống nhé. 
   Ban công trên lầu cũng đẹp mà trời nóng thì ko ra đường phải tối tối thích hơnXem thêm",65
909,Thuý Hoà,16/4/2018 15:09,8.0,"Quán này giống như không có gốc chết luôn ấy chứ, cứ mỗi lần đi qua quán uống nước thì lại cứ chụp cả tá tấm hình để up à, mà quán này cũng ổn lắm, mình đi vào quán buổi chiều với đứa bạn thấy quán cũng khá yên tĩnh, menu nước cũng khá là đa dạng nhe, thấy thức uống cũng ngon lắm giá cả hơi cao nhưng thấy cực kỳ xứng đáng với số tiền bỏ ra phục vụ khá là tốt và chu đáo, trên lầu do nắng buổi trưa nên chiều đến vẫn có vẻ hơi bị hầmXem thêm",65
910,Hoàng Huy,16/4/2018 15:06,8.0,"Quán này phải nói khá là ưng ý nhe, view cực kỳ đẹp luôn nên mình cũng thích lắm nhưng dạo này quán có vẻ vắng khách hơn là quán bên đường 3 tháng 2 chắc có vẻ hơi xa với thấy buổi trưa nắng nóng hơn bên 3 tháng 2 nhiều, mà bạn nào thích yên tĩnh thì có thể ghé qua quán để dùng nước và tự học bài thì cực kỳ chuẩn luôn nhe, ly cà phê cappucino dạo gần đây không có vẻ hình gì luôn ấy chứ, hơi thất vọng tý mùi vị cà phê vẫn thơm ngon nhe có độ beo béo nhẹXem thêm",65
911,Trần Cường,24/1/2018 0:11,7.8,"Không gian đẹp, đồ uống ổnXem thêm",65
912,Dung Lê,20/1/2018 13:24,7.4,"Quán không gian cũng tạm ổn 
Nằm trên đường xô viết nghệ tĩnh, biển hiệu khá nhỏ nếu sơ ý sẽ không thấy 
Nước uống cũng bình thườngXem thêm",65
913,Hoàng Huy,15/1/2018 15:58,8.0,"hôm nay buồn buồn nên đi ên ghé quán 3 ba nè, quán nhỏ nhắn nhưng nhiều góc để chọn và mình chon ngay bàn có cây cẩm tú cầu để so deep luôn nè, Gọi món tại quầy với mấy bạn xinh đẹp và đợi mấy bạn đem lên khá nhanh nha, Món nước hibicus không còn lạ gì nhưng vị ở CÔ BA đặc trưng hơn với thủy tinh hibicus nha. Quán trễ trễ khá động nên tranh thủ đi sơm để chọn được chỗ ngồi đẹp và thoải mái nha, chắc sẽ ghé lại quán nè, Món ngon lắmXem thêm",65
914,Vân Anh,20/10/2020 14:36,1.0,"Quán làm quá chậm. 6 ly nước mà gần 1 tiếng đồng hồ. Trong khi quán tới Cty mình vào giữa đường Trần Đại Nghĩa, chỉ khoảng 300m. Thời điểm mình oder là 13:40 trời thì ko mưa, nước thì ko ngập, giao thông bình thường.

Đồ uống thì món này hết, món kia hết. Trân châu lớn, nhỏ gì cũng ko còn. Vậy quán bán cái gì? Thái độ nhân viên khi đổi món thì như không muốn bán hàng vậy. Nếu không phải vì tội anh shipper thì huỷ đơn rồi. Không có lần thứ 2 với chi nhánh TVK, quá kém!Xem thêm",66
915,Trúc Mai Dương,11/12/2019 18:06,9.0,Trà sữa Trà xanh  trân châu đen & flanXem thêm,66
916,Thuỳ Như,24/3/2019 18:59,10,"Trà ngon, giá ổn, không gian thoải mái, mát mẻ, phục vụ nhanh. Hài lòngXem thêm",66
917,Hiếu Minh,13/11/2018 20:47,8.6,"Lần đầu tiên mình đến Tiên Hưởng chi nhánh ở Trần Văn Khéo , vì nghe nói quán mới sửa lại khang trang và đẹp hơn hồi xưa nhiều lắm. Mình cũng cảm thấy không gian khá rộng, thoáng và thích chỗ này. 
Mình gọi một trà sữa ngọc bích và trà ngọc bích hương lài tỉ lệ đường 50% vì mình không thích uống ngọt lắm. Nhưng ngược lại bạn sẽ nghe được vị trà rõ hơn và nếm được vị trà rõ hơn. Trà ngọc bích đặc biệt rất thơm nên các bạn uống ngọt quá thì sẽ mất vị ngon của trà đấyXem thêm",66
918,Nhã uyên văn hoàng,20/10/2018 15:35,8.8,"Lâu nay chỉ toàn uống Trà Tiên Hưởng ở chi nhánh Mậu Thân nay có dịp nên mình ghé chi nhánh ở Trần Văn khéo.
Do nằm phía bên Trần Văn Khéo hơi thưa dân cư nên quán ở đây vắng khách hơi ở bên Mậu Thân do đó nên khi đến order mua về cũng nhanh chóng hơn. Quán mới nhìn khang trang hơn và view cũng đẹp menu thì giống nhau và mùi thức uống vẫn vậy. Trà sữa vẫn có mùi thơm trà nhẹ độ béo vừa phải không quá ngọt. Trà thì vẫn đậm và thơm. Thích nhất món trà giảm mỡ puer với giá 30 nghìn thơm mùi hoa cỏ ngọt thanh. Nên có cơ hội sẽ đến quán lần nữaXem thêm",66
919,Da  Beo,16/6/2018 8:53,7.2,"Dạo này có lộc ăn hay sao mà mới hôm trước đi uống trà sữa bên chi nhánh bên Mậu Thân thì hôm nay lại được mời trà sữa mua của chi nhánh bên này. Hôm nay uống hình như thấy không còn độ béo như trước nữa và hơi ngọt quá, giống kiểu trà sữa mình tự pha ở nhà là bỏ trà vào sữa đặc có đường khuấy lên. Nhưng mà để đá vào đợi tan ra một hồi thì uống sẽ vừa miệng. Nhắc nước đá mới nhớ ly để nước đá to thật, hèn chi nó lâu tan ra dễ sợXem thêm",66
920,Quyên Phương Lê,17/5/2018 19:57,6.6,"Sau bao ngày chìm đắm trong ts trà xanh thì hôm nay mình thử trà sữa Ceylon. Theo cảm nhận của mình thì ngon nhưng hơi ngọt , không biết đúng không nhưng cảm nhận được vị của hạt sen, trân châu thì ngon khỏi bàn cãi rồi.!!👍👍Xem thêm",66
921,Tiên Xingmi,15/5/2018 10:13,9.0,"Ngày nắng nóng đi ngang Tiên Hưởng là phải gọi ngay ly yêu thích Trà sữa hạt dẻ size M 30% đường double trân châu lớn và 1 phần trân châu nhỏ :""> hoành tờ ráng trân châu luôn ))
hạt dẻ thì béo ngọt nên mình dặn để đường như vại là vừa uống luôn, bên chi nhánh này vắng khách nên đợi nhanh có lắm xDXem thêm",66
922,Da  Beo,18/4/2018 20:57,7.6,"Tín đồ của trà sữa chắc hẳn là biết đến thương hiệu này ở Cần Thơ rồi.Theo mình thì Tiên hưởng nổi tiếng bởi một lí do duy nhất đó là trà sữa ngon thuộc hàng top ở Cần Thơ, chỉ thua mỗi Gong Cha thôi. Món trà sữa mun cực kì ngon luôn nhe, mùi thơm, vị ngọt đậm đà còn thêm trân châu mềm nữa là còn gì sánh bằng.Tuy giá có hơi cao nhưng mà một ly uống đáng tiền, nhiều và chất lượng. Mỗi lần ghé là thấy khách ở đây đông hà, có khi phải chờ lâu mới mua được.Xem thêm",66
923,kty93,20/3/2018 21:44,9.6,"Hôm hổm đi ngang nên ghé mua về uống. Được cái ở đây kh đông bằng ở Mậu Thân nên làm nước cũng nhanh lắm, kh phải đợi lâu. Có anh nv kia ord đẹp trai lắm nà ((:
Hình dưới là hồng trà ceylon vr ts lúa mạch 😍
Hồng trà uống cũng được , có vị hơi giống giống lipton ấy , ts thì ngon khỏi chê thơm thơm , thích thích , mình gọi trân châu nhỏ nên cảm thấy nó nhìu vô cùng :> 🔥💚
Ở đây kh để ý là chạy qua luôn ý, khuất khuất vô trong vr lại bị cái cây ngay đó .... à mà thôi trà sữa ngon là được 🖤Xem thêm",66
924,foodee_4rszhnbf,13/9/2021 10:53,4.4,"Mua trà sữa để dành uống, kêu để k đá, mà để đá hết trơn, ai uống cho nỗi 3 ly, bực mình hết sứcXem thêm",66
925,khang,10/11/2020 21:47,7.4,"Cỡ 21h20 10/11 em có qua gọi món súp bắp non với súp rong biển mang về, lúc em ăn thì thấy miếng gà trong súp rong biển có mùi hôi, còn bên súp bắp non thì không có vấn đề gì, mong anh chị kiểm tra xem đồ ăn trong tiệm có bị thiu không. Em cảm ơn ạXem thêm",67
926,Anh Tuyet,16/10/2020 14:04,9.2,"Đã ăn của Lê Trang rất rất nhiều lần không đếm xuể, cơm thì ngon khỏi bàn, phục vụ, đóng gói đều không có gì chê.
Lê Trang có nhiều chi nhánh lắm nha mn :*** Mậu Thân, 30/4,***tháng 8, Ba tháng 2. Mn có thể tìm thấy Lê Trang một cách dễ dàng nè🥰
Giá thì sẽ có : 6k-35k.
Có nhiều loại cơm gà cho mn lựa: cơm gà sốt thái, chiên xù, nướng tiêu xanh, nướng tỏi,... ngoài ra còn có cơm thêm, canh rong biển, canh rau củ, rau thêm, trà chanh,...
Nhân viên lên món nhanh, gọn gàng , sạch sẽ , ăn mặc chỉnh, nhìn rất chuyên nghiệp
Mình thích nhất ở Lê Trang là khâu đóng gói, đóng gói rất thông minh, sang trọng, sạch sẽ, ăn xong vứt hộp vào bọc cho vào thùng rác rất gọn không phải bọc kém vệ sinh, lu bu như các loại cơm khác.👍
Nhân viên thì chu đáo, mang ô cho khách, dễ thương lắm ạ
Cơm gà nhiều gà tuỳ ngày tuỳ chi nhánh, ổn nhất đó giờ với mình là*** 3/2 và***Tháng 8. Gà nhiều, ngọt ngọt của sốt thái rất ngon, cơm vàng cũng dễ ăn, không khô không nhão kết hợp với gà ngon. 👍 ăn xong ghiền luôn á 
Quân còn hay có chương trình khuyến nữa nên mn có thể theo dõi để nắm thêm thông tin nhé. 
Nhược điểm mà mình nghĩ duy nhất của quán là sự không đồng đều giữa các chi nhánh: có khi mình mua bên chi nhánh này thì nhiều chi nhánh kia thì ít, mà không phải một lần mà là nhiều lần đúng chi nhánh.m đó luôn 🥰 mình có phản ánh thì bộ phận chăm sóc khách hàng có thiện chí xin lỗi và có nhắc nhở sửa đổi 👍Xem thêm",67
927,Cường Nguyễn,4/3/2020 14:05,4.2,"Hôm nay ngày 04.03.2020, vào lúc gần 14h tôi có ghé cửa hàng để một phần cơm gà sốt Thái, nhân viên nữ, đeo bao tay dài màu xanh biển nói với tôi rằng: “ăn gì?”, “25 ngàn”, “giữ dù” với ánh mắt không hề thiện cảm. Tối nghĩ có thể có là do thời tiết khá nóng, kèm theo việc phải đeo khẩu trang khiến bạn ấy như vậy. Tôi đã ăn ở rất nhiều chi nhánh khác, dù nắng hay mưa các bạn nhân viên khác đều không nói chuyện với tôi như thế, nhưng bạn nữ này lại khác. Và cuối cùng, tôi vẫn được cơm gà sốt Thái nhưng lại không có tương ớt như mọi lần khácXem thêm",67
928,MrDee16,11/2/2020 21:15,7.6,"..Phần ăn khi ship đến vẫn còn nóng, đóng gói kỉ đẹp. Nhìn khá bắt mắt, ngon, có tí hơi buồn là cơm hơi nhạt không ấn tượng lắm. Có dùng kèm vs nước tương shop cho nhưng vị nước tương lấn mạnh k cảm nhận dc vị khácXem thêm",67
929,Dần Trần,8/11/2019 19:32,8.2,"19g:20p ngày 8/11/2019 nhân viên không sài tiền cũ.
Lại trước thì đưa sau
Có món rồi đùa giỡn không chịu ra món
Còn lại đều quá ok
Nhân viên quá tệXem thêm",67
930,Mèo .,8/11/2019 8:27,10,"Mình ăn bên NVL vài lần, cơm ít hẳn nên hôm nay mình đặt bên F8 MT. Có vẻ cơm nhiều hơn thật sự, nếu có điều kiện mình sẽ mua 2 hộp, 2 nơi cùng 1 lúc để k phải so sánh chủ quan. 

Soup mới ra gồm có rong biển (siêu nhiều), 4 cục thịt gà 2x3cm (không có nhỏ đâu hé). Soup kết hợp giữa vị rong biển và vị canh có chút tiêu của***nên ăn rất hợp khẩu vị

Chưa thử món soup, hãy thử nhéXem thêm",67
931,barbie Nk,25/10/2019 16:01,10,"Cơm gà sốt thái
Gà chiên xù( không cơm)
Soup gà rong biển
Dưa chua thêm
Ăn thử món soup gà ngon lắm ạ..hương vị đậm đà 😘😘
Mưa gió bão bùng mà shipper vẫn giao hàng đúng giờ 💛Xem thêm",67
932,barbie Nk,9/9/2019 17:52,10,Cơm gà nướng tỏi ❤Xem thêm,67
933,Trinh Châu,13/8/2019 11:15,9.0,"Đặt hàng trên Now.vn qua ví airpay lúc 10h39, giao hàng lúc 10h49
Cơm đùi gà xối mỡ giá cũng 18k mà chưa chắc đã được cái đùi to như trong hình
Cho nên còn chờ gì nữa mà không mua ngay trong lúc còn khuyến mãi.
Lần sau mình sẽ thử gà chiên xùXem thêm",67
934,barbie Nk,22/6/2019 14:36,10,Gà ngon sạch sẽ cơm vẫn còn nóng😘Xem thêm,67
935,Nghi,20/1/2023 10:23,4.2,"Mình lại trước thì lại đưa cho người lại sau trước, nhân viên thì cà rỡn với shipper nói đến thì xin lỗi, xem lại nhân viên của quán điXem thêm",67
936,Powrd Dnc,25/9/2020 22:31,8.2,21h15p ngày 25-9.2020 tôi có mua 2 hộp com gà sot thái và 1 phần cơm thêm giá 56.000d nhưng chỉ có 1 phần có gà còn phần kia không có gà...... mình rất mong bên phía bạn có một lời giải thích sớm nhất có thể số dt của mình 0563009874 ( cái này mình góp ý chỉ mong quán xem lại thoi chứ không có ý khieu khích mong chủ quán bỏ qua cho bạn nhân viên nam )..Xem thêm,67
937,Minh Minh,6/2/2020 19:47,1.0,"Lần đầu tiên ăn thấy miếng gà chiên bị sống luôn ☹️☹️☹️
Đang đói bụng ăn tới miếng cuối cùng mới phát hiện
Tức á trờiXem thêm",67
938,Nguyễn Nguyễn,13/10/2019 19:57,7.2,"Quán rất gần chổ mình. Lâu lâu mình hay ghé mua để ăn trưa. Cơm gà 25k nhiều cơm nhiều gà và rất ngonn. Phần súp rong biển siêu thích và vừa miệng mình. Tuy nhiên phần salad mình không thích sốt của quán cho lắm. Quán thường đông khách nên nhân viên cũng không ân cần lắm, nhưng vẫn lịch sự.Xem thêm",67
939,Mèo .,1/10/2019 15:49,10,"Độ ngon của món này thì hót hòn họt rồi. Salad ăn kèm rất ngon (mình k chụp) mà trong cơm cũng đã có sẵn ít rau bắp cải sẵn rồi. Ngoài chất lượng món ăn còn có cả chất lượng dịch vụ, từ hộp cơm giữ nhiệt, đũa đến khăn giấy cũng được trong bọc nhỏ rất chi là lịch sự

# không hài lòng: mình cảm thấy dạo này cơm hơi ít. Chị Trang ơi chị có nghe thấu lòng em!!!Xem thêm",67
940,Ngọc Như Huỳnh,30/9/2019 16:23,8.0,"Hôm nay đi học về không có gì ăn thế là mình mua cơm gà Lê Trang về ăn cho tiện. Dưới hình là combo cơm gà phile chiên xù với salad cầu vồng, mình mua phần này cho đỡ tốn chi phí. Cơm thì vẫn ngon nhưng mỗi tội hơi khô xíu, còn gà thì vẫn giòn và ngọt nên ăn rất vừa miệng. Salad thì đương nhiên ngon nhất :)). Phần cơm còn có khăn giấy và tăm khi ăn xong có thể xé ra lau, rất tiện. Nói chung, nếu mai mốt muốn ăn cơm thì mình có thể đến cơm gà Lê Trang, ăn rất tiện.Xem thêm",67
941,Tran Mai,4/9/2019 11:59,9.4,"Giao hàng đúng giờ, anh giao hàng dễ thương, nhiệt tình. Cơm ngon, gà chiên cũng ngon ❤️Xem thêm",67
942,Kim Ngân,31/7/2019 11:49,10,"Đặt 2 hộp gà sốt thái và gà phile chiên xù, 1 hộp 25k, hộp sạch khăn giấy muỗng đũa tăm đầy đủ. Ship nhanh, tốt, cơm cực ngon luôn, gà sốt thái không cay ăn mềm ngon cực. Gà phile rất ngon.Xem thêm",67
943,Kiều  Trần,18/6/2019 12:07,7.6,Cơm gà sốt Thái 25k có muỗn đũa và khăn ướt combo qa tiện.... cơm mềm. Gà đậm vị ..ngon.. vừa miệng..k qa cay đv ng k ăn cay như mh... đặc biệt cái hộp như vậy mh rất thik và an toàn thực phẩm còn bve cơm còn nóng ấm khi mở ra ăn và khi hâm nóng lại..pv nhanhXem thêm,67
944,Mai Thảo,15/5/2019 11:51,9.0,"Cơm trưa tại chỗ làm vừa ngon miệng, hợp túi tiền. Ăn xong rồi cũng có thể giữ vệ sinh sạch sẽ do hộp đựng tiện lợi gọn gàng. Có cả đũa ăn và khăn giấy. 
Đùi thì nướng mềm ngon. Mình ko thích đồ chiên, nên mình thích đùi gà nướng tỏi. Có vẻ bị nghiện rồi.
Nhân viên giao hàng thì dễ thương và đúng giờ
Lại còn có cả combo tiết kiệm. Rau ngon có cả sốt tưới lên rau nữa.
Nhân viên trả lời trên online cũng rất nhanh không phải chờ đợi lâu nữaXem thêm",67
945,Trần Quang Khánh,15/12/2019 9:45,8.2,"Ăn cơm gà Lê Trang lâu rồi mà vẫn thích hương vị của tiệm... Nay tiệm còn cho ra lò món Soup gà vừa ngon vừa tốt cho sức khoẻ nữa chứ... Hộp đựng bằng nhôm giữ nhiệt rất là lâu, cơm vẫn nóng và ngon nhé... Theo khẩu vị của mình thì cơm hơi khô, còn lại gà rất ngon và đậm đà... Nhân viên bán hàng dễ thương, nhiệt tình cực kỳ nhe m.n... Sẽ tiếp tục ủng hộ ❤️
Chấm điểm: 8.5/10Xem thêm",67
946,Thanh Dat Le Nguyen,30/11/2021 14:28,1.0,"Nhân viên làm việc chậm chạp, lề mề. Khách tới trước nhưng phải đợi, trong khi người tới sau thì được lấy cơm trước. Nếu phải đợi thì nhân viên phải thông báo cho khách là đợi trong bao lâu, đằng này lại không có.Xem thêm",67
947,Nguyenphat194,9/1/2021 10:04,9.0,"Mình toàn đặt trên ứng dụng now, shopee . Còn foody chưa đặt bao giờ...
Món này ngon nhất, thích ăn cơm này nhiều hơn vì mình không đủ tiền mua nó hàng ngày...
Gần nhà thì shiper nói là super ship...
Giao hàng rất nhanh...
Cám ơn..
Mình đặt cho ngày hôm sau, chừng nào đủ tiền mình đặt nháXem thêm",67
948,Nhã Huỳnh,23/7/2020 12:15,4.6,"12h trưa đứng ngoài nắng mua cơm, gia đình 4 người 2 xe chỉ có 1 cây dù. Nguyên chi nhánh chỉ có 4 cây dù, nhiều người đứng ngoài trời nắng không có dù. Order trước nhưng biết bao người lại sau mua rồi đi mấy lượt vẫn chưa tới mình. Thái độ nhân viên vẫn rất tốt nhưng mình thấy hình như chi nhanh thiếu người hay sao mà phục vụ rất chậm.Xem thêm",67
949,Ngân Thanh,8/11/2020 17:16,3.0,"Mình thấy bình thường mình mua ở những chi nhánh khác đều có cơm vừa đủ ăn. Nhưng 2 lần mình mua ở chi nhánh***nối dài đều thấy cơm cho rất ít, không bằng 2/3 những chi nhánh khác nữa ý. Những lần mình mua đều là vào tầm trưa chiều chứ không phải lúc khuya mà hết cơm á. Mình chưa ăn hết 1 miếng gà mà đã hết cơm rùi :))Xem thêm",67
950,Phạm Trần Phương Trâm,12/12/2018 22:33,9.2,"Quán này là quán quen nên có món mới là chị nói với mình ngay. Hôm lại mua 2 hộp như hình, chị có nói là có thêm bún thịt xào chả giò, mà lại trễ quá nên hụt ăn :)) Chả giò chị bán khá là nhanh, rất mau hết, nên bạn nào chưa ăn thử được như mình thì tranh thủ ghé lại sớm sớm tí. Hôm mình đi thì tầm 9h sáng hơn. Hộp của mình dặn chị để ít bún thì chị để thêm thịt và rau nên ăn không lo mập luôn :3 đi ăn mấy quán thì chỉ cần người bán có tâm và nhiệt tình như vậy thôi :3Xem thêm",68
951,Ron Swift,8/12/2018 11:54,6.8,"Sáng mình hay ghé đây ăn bánh mì bò kho, đây là chỗ mình ăn bò kho mà ưng ý nhất, vẫn chưa tìm được quán thứ 2 ổn hơn quán này. Một phần bò kho kèm bánh mì hoặc bún, phở, hủ tiếu là 15k, rất rẻ, khá ngon. Tuy nhiên mình ăn lần đầu là năm trước, thịt nhiều hơn, giờ một tô chỉ khoảng 3-4 miếng thịt. Khuyến khích nên ăn với bánh mì, vì những món khác còn ít thịt hơn, hơi ngán. Bún xào 12k/tô, rất rẻ, cũng ngon nhưng do mình không thích ăn bún xào lắm nên ít gọi.Xem thêm",68
952,Trần Anh,26/11/2018 11:53,8.0,"Được hôm buổi sáng dậy sớm thành ra mới ăn sáng sớm, mà quán này là 1 trong những sự lựa chọn của bạn mình, vì bạn mình bảo ở đây có chị chủ dễ thương lắm, lúc nào cũng vui vẻ nhiệt tình.
Mình đến đây tầm 8 9h sáng mà thấy quán cũng có vẻ rất đông, ở đây ngoài món bún xào thì mình thấy còn có phở, bánh mì bò kho, hủ tiếu bò kho. 
Quán tuy nằm trong con hẻm nhỏ đường Huỳnh Cương nhưng bên trong không gian cũng nhiều bàn lắm, mình ăn 1 hủ tiếu bò kho, còn bạn mình thì ăn bún xào.
Thấy vậy đó chứ 1 tô bún xào chỉ có 12k còn hủ tiếu bò kho chỉ có 15k. Mình thấy giá vừa rẻ lại chất lượng nữa, bún xào thì không có chả giò cũng không có gì đặc biệt nhưng được cái nước mắm vừa ăn với tô bún cũng khá nhiều, luôn được chị chủ xào thịt mới nóng hổi mỗi khi khách gọi.
Còn hủ tiếu bò kho thì thịt bò mềm, chỉ có thịt bò chứ không có gân, lại nhiều rau, sợi hủ tiếu dai, 1 tô nước soup nóng lại nhiều nữa.
Chị chủ vui vẻ lắm, ăn riếc quen mặt nên mỗi lần đến là chị hay bảo đợi xíu có liền hà em ơi ^^Xem thêm",68
953,Trang Ngọc,19/11/2018 22:05,10,"Quán này đúng là bao rẻ bao ngon luôn nên tháng nào mà không ghé ăn là không chịu nổi luôn ấy chứ. Bún xào thì lần nào cũng tô 15k mới no mới đã thèm, mà nếu đã là bò kho thì cứ thay đổi ăn cho đã miệng luôn. Từ mì, bánh mì, hủ tiếu, bla bla cái nào cũng ăn chung với bò kho đều ổn cả. Như hình thì món yêu thích nha :3 mì gòi bò kho luôn. Bò thì được tầm khoảng 5 miếng :3 sẽ có kèm theo trà đá free và dĩa rau sống sạch sẽ và cực tươiXem thêm",68
954,Bảo,19/11/2018 13:10,7.4,"Chạy mấy vòng mới tìm được hơi mệt nhưng gặp dc chị chủ quán dễ thương, mình mua 1 hộp bún xào 15k dc chị giới thiệu thêm món chả giò ăn cũng khá ngon, nước mắm nhiều, nói chung là okXem thêm",68
955,Phạm Trần Phương Trâm,7/11/2018 19:15,9.0,"Quán này cũng được coi là quán quen :3 chất lượng giá cả xuất sắc nhưng có cái không gian quán khá là hẹp, với nóng nữa, nên bạn nào mà khó tính xíu là sẽ không thích điểm này. Mình cũng không thích chỗ chật với nóng nhưng gỡ lại chị quá nhiệt tình, mỗi lần lại chị đều niềm nở, vui tính làm mình cũng dễ chịu hơn. Tô bún xào mình thường ăn tô 15k, nhưng đương nhiên vẫn có tô 12k, ít hơn nhưng cũng không phải quá ít. Nhưng khuyến khích ăn 15k, đảm bảo xứng đáng giá tiền, ăn cho đã :3Xem thêm",68
956,Trang Ngọc,19/10/2018 22:51,9.2,"Thiệt chứ từ lúc biết quán này tới giờ hầu như ngày nào cũng lại quán ủng hộ. Chị chủ xào tô bún không chỉ bắt mắt mà vị còn rất ngon và đặc biệt, không lẫn vào đâu được. Quán tuy nhỏ, nầm trong con hẻm kế bên quán cafe Emi đường Huỳnh Cương, nhưng được cái có chất lượng, giá cả lại bình dân nên mình thấy lúc nào cũng đông, bán không kịp tay luôn. Tô bún xào hoành tráng khỏi nói, vị nêm nếm, thịt thà đều tươi, không có mùi cũ. Trà đá kèm theo free, chị chủ thân thiệnXem thêm",68
957,Nhã Thanh ⚛,16/10/2018 8:50,7.4,"Hộp bún xào đầy đủ vầy mà chỉ có 15k, mình hay mua lên văn phòng ăn chứ ở quán chật với nóng lắm. Thịt xào mềm, nhiều bún, ăn một hộp no tới trưa luôn.Xem thêm",68
958,Phạm Trần Phương Trâm,10/10/2018 19:42,8.4,"Nay thèm bò kho quá nên ghé quán của chị ăn :3. Quán chị thì lúc nào cũng đông khách hết nên nhiều lúc phải đợi để có đồ ăn. Như trong hình là một tô phở bò kho cực ngon và cực nhiều của quán. Đặt tô xuống là mùi thơm cứ lan tỏa ra, hình như anh chị bán cỡ 9h là hết bò kho rồi :3 nên lúc nào cũng ráng tranh thủ lại sớm để kịp ăn. Bò mềm, không quá dai, nước bò kho ngon ngọt, đậm vị. Tô như hình có giá 15k mà thôi, nếu các bạn đến chỗ khác có thể lên đến 20-25k.Xem thêm",68
959,Ron Swift,19/9/2018 10:51,7.6,"Quán này bán ngon mà rẻ nữa nên mình hay đi ăn, hầu như là tháng nào cũng ghé mấy lần luôn í, lần thì ăn mì gói, lần thì ăn bánh mì, lâu lâu ngán quá thì chuyển qua ăn hủ tiếu hoặc bún xào cho đỡ ngán. Nếu bạn nào khó tánh thì có thể đánh giá không gian quán chưa tốt lắm, cũng đúng vì quán ko hề đầu tư cho không gian, quán nhỏ hẹp, hơi cũ nữa. Điểm mạnh của quán thì chỉ có đồ ăn chất lượng, nhiều thịt, anh chị chủ vui vẻ thôi.Xem thêm",68
960,TM Nguyễn,8/9/2018 8:25,6.8,"Mì cay GangNam (GN) ở số 40 đường Nguyễn Khuyến, GN ở ngoài mặt tiền luôn.

GN có không gian trệt và lầu, trên lầu là bàn dạng ngồi bệt, decor khá đơn giản, điểm nhấn là những hoạ tiết màu sắc trên tường. GN làm mát bằng máy lạnh và quạt, nên bạn yên tâm chuyện nóng nực ời nhen^^!

Trong hình là kim bắp 25k. Dĩa vầy được 12 khoanh, khoanh nhỏ hơn so với các quán khác, nếp và chà bông hơi cứng, khô; nước chấm vị khá ngon. Nhìn chung món kim bắp này tạm ổn, có nước lạnh kèm theo cho mỗi bàn ăn.

Trên lầu GN có nút nhấn gọi nhân viên cũng rất tiện lợi.Xem thêm",69
961,Phương Trần,2/8/2018 23:02,8.2,"Quán mì cay trên đường Nguyễn Khuyến, xéo xéo trường Ngô Quyền. Không gian phía dưới của quán đơn giản nhìn không ấn tượng lắm nhưng trên lầu được trang trí dễ thương hơn, đẹp hơn nhiều, đây là chỗ các bạn trẻ có thể sống ảo trong lúc chờ đợi mì. Mì một tô 35k vẫn chưa lên giá như mấy quán lớn, hải sản tươi, nhiều, không quá cay, nếu mình không ăn được cái gì thì có thể đổi thành cái khác nên mình cảm thấy dễ chịu lắm. Có điều là nước dùng chỉ ở mức tạm được chứ chưa đậm đà lắm.Xem thêm",69
962,Hân Hân,1/8/2018 13:59,9.4,"Thực sự là đồ rất tươi và mới.
Tuy nhiên nước mỳ nhạt, k đậm đà. Sợi mì mục và không dai lắm
Ord 1 độ mà không cay
Nước nó cứ lờ lợ sao í, mà mua về 1 bọc nước lênh láng, ăn xong còn cả tô nước í.
Có ai xem ngày ấy mình đã yêu không nào !!!Xem thêm",69
963,Nguyễn  Thị Phương Dung,17/7/2018 17:38,7.6,"Mì cay gangnam ăn chỗ này cũng thỉnh thoảng vài lần cũng ko thường xuyên lắm nhưng cũng ko quá gây thất vọng gì. So với mặt bằng chung của các quán mì cay thì chỗ này cũng chấp nhận được về mùi vị và giá cả.  
Không gian không quá rộng, phục vụ lại hơi bị chậm xíu đợi mì nhưng kêu nước thì lại nhanh. Mì bưng ra còn nóng, nếu mì hải sản thì tươi ngon tôm mực đầy đủ lắm luôn. Tô mì thập cẩm với giá tầm 35k or hơn xíu nếu kêu thêm gì đó thôi, nước súp không quá cay, dễ ăn. Có thể ăn 0.5 or 1 độ là vừa rồi áXem thêm",69
964,Phạm Trần Phương Trâm,17/6/2018 1:17,8.0,"Bữa thằng bạn thèm mì cay nên nó đã rủ mình lại đây ăn. Quán nằm trên đường Nguyễn Khuyến, kế bên là mỳ ý chung cư nên khá dễ tìm, có 1 bảng hiệu cũng khá lớn. Quán trang trí bằng các tranh vẽ tường rất ngộ nghĩnh đáng yêu và khá là bắt mắt luôn á. Menu đa dạng không chỉ có mì mà còn có các loại nước uống và đồ ăn khác như Yaourt hay trà sữa hay bánh gạo nữa. Như hình là tô mì cay thập cẩm không độ của quán, ăn khá ngon, có vị cay cay của ớt bột và vị chua của kim chi, sợi mì dai, ngon. Nấm và đồ ăn cũng nhiều :3 Tô như hình có giá 35kXem thêm",69
965,Chang Chang,9/6/2018 12:57,7.6,"gần trường nên lăm le đi lâu rồi nhưng bây giờ mới có dịp ghé.
decor quán không có gì đặc biệt lắm. từ ngoài nhìn vào hơi giống salon 1 tí, được cái là không gian rộng rãi, nhưng hơi cũ với ""hoang tàn"" ý. tớ sợ nhất là cái sàn gỗ vì nó yếu khủng khiếp, đt người khác rung cách mấy chục mét mà tới đây vẫn cảm nhận được. mong quán tìm cách sửa chữa sớm 😞
về mì thì ăn ngon. hải sản làm không có mùi tanh, thịt bò khá ngon :)) đồ ăn nhiều, ít mì và nước, rất ưng tuy không dậy mùi mì như omega và những quán khác. nói chung về đồ ăn ổn. điểm trừ là menu ít món quá ah.

nhân viên thì không có gì để phàn nàn trừ lúc đầu đem lên tớ cái thìa rửa chưa sạch còn dính hành... nhưng sau đó đã đổi lại tớ cái thìa khác ngay lập tức.Xem thêm",69
966,Phương Trần,6/6/2018 23:00,8.0,"Quán có vị trí thuận lợi là nằm trên tuyến đường ăn uống Hoa Viên – Nguyễn Khuyến, và món mì cay cũng là độc nhất trên đó. Không gian khá rộng, trên tầng có chia nhiều khu, nói là khu nhưng không phải chia tách rõ ràng, các khu khác biệt về bàn ngồi, vật liệu lót sàn…nhìn chung quán tạo được không khí thoải mái cho thực khách. Món mì khá ngon, hải sản chắc thịt. Quán có vẻ khá cũ kỹ. Điểm đặc biệt của quán nằm ở các bức họa trang trí sáng tạo, hình vẽ dễ thương, dễ dàng tạo thiện cảm nơi thực khách.Xem thêm",69
967,Nguyễn  Thị Phương Dung,14/5/2018 16:53,7.6,"Mì cay Gangnam cũng gắn thử nhé đồ ăn nhiều mà cũng vừa miệng nữa. Mỗi chỗ có cách nấu riêng nên mình sẽ ko so sánh đâu. Quán mặc dù ko đông lắm nhưng mình thích vì quá đông lại phục vụ chậm hơn giờ là ok rồi. 
   Đối với mì thập cẩm có  xúc xích, bò , chả cá, mực, bông cải, nấm nhìn tổng thể tô mì siêu hấp dẫn nhé chưa kể góc máy chụp cũng đẹp rõ nữa kkk. Nước soup vừa nếu ko ăn quá cay thì vừa miệng chua chua cay cay dễ ăn lắm. Mì hải sản cũng ngon nữa có tôm thay vì bò,  còn mì bò thì bò lại khá nhiều nhéXem thêm",69
968,Phương Trần,12/5/2018 11:26,7.6,"Quán nằm trên đường Nguyễn Khuyến, nhìn bên ngoài thì không có gì nổi bật hết nhưng quán vẫn rất đông khách nhé, mình là một vị khách cũng khá trung thành với quán. Vẫn thích ghé Gangnam mỗi khi thèm mì cay. Những lần trước đa số mình chọn ăn mì hải sản thôi, hôm nay vui vui nên mình ăn mì bò. Mình hơi thất vọng xíu vì mì không được nóng nên bò nó không chín, mình ăn cảm thấy hơi tanh, thế là bỏ luôn nguyên tô hic. Hy vọng quán đọc được review chân thành này của mình và điều chỉnh để phục vụ khách được tốt hơn.Xem thêm",69
969,Thuý Hoà,7/5/2018 15:26,8.0,"Đồ ăn ngon giá cũng ổn lắm, sẽ ghé quán thường xuyên hơnXem thêm",69
970,Phương Po Bo,6/7/2020 21:53,9.0,"Nay mưa gió lạnh lạnh lại ghé quán quen. Làm một chiếc bò nướng ngói thì ấm phải biết. Bò thì thơm ơi là thơm, tẩm ướp rất vừa miệng. Cuốn với rau sống bánh tráng ăn kèm nước chấm thì phải gọi là đỉnh. Nước chấm thì ngon khỏi bàn cãi luôn. Mấy bạn phục vụ thì nhiệt tình lắm kêu cái là có ngay. Vẫn cứ ghé dài dài.Xem thêm",70
971,Foodee_Quinn,30/4/2019 13:06,6.6,"Quán có món bò nướng ngói ngon, rẻ. Nước chấm là điểm nổi bật của quán. Phục vụ nhanh nhẹn. Điểm trừ duy nhất của quán là không gian nhỏ hẹp, chỗ để xe chưa thuận tiện. Phần mình gọi là 2 phần: 1 phần cho 2 người và bonus thêm 1 phần cho 1 người.Xem thêm",70
972,yuuba,21/2/2019 19:28,8.4,"Quán nằm trong hẻm nhưng đông khách cực, tụi mình ghé quán lúc 5h là full hết chỗ r 😭 Chạy một vòng quay lại may ra tranh chấp sấp mặt ms có chỗ là đủ hiểu quán hấp dẫn cỡ nào 💋💋💋

Như hình là phần bò nướng ngói 70k thêm ly pepsi 10k nha. Một dĩa bò khá nhiều luôn, bên dưới có đậu bắp nữa nhe. Bò nhiều ăn no nóc, gói lại vs rau, bún, đậu bắp, củ hành, dưa leo,..., r chấm miếng nước chấm đậu phộng là siêu ngon luônnn 😍😝🍤🍝🍝🍝 

Tuy nhiên hơi nóng và chật chội, còn lại đều ok hết 💚💚💚Xem thêm",70
973,Hiếu Minh,13/11/2018 21:30,9.2,"Bò nướng ngói ở đây rẻ nhất Cần Thơ chưa ai soan ngôi đâu nha. Mấy bạn có tin là 65k thôi à quá nhiều bò luôn, có phủ mè bên trên nướng trên ngói xèo xèo thơm lắm luôn. Bò nướng xong gói với bún chấm với mắm nên, thơm thơm mùi đậu phộng . Nướng đậu bắp, hành tây thơm ngào ngạt luôn á. Bò mềm, ngon ngọt tới cục cuối cùng 😂😂
Mắm nêm làm khá vừa ăn luôn, mình xin tận 2 chén vì ăn ngon nên ăn nhiều ehhee 
Mấy bạn gọi phần bò thêm cũng có luôn chỉ 40k à 😍Xem thêm",70
974,Da  Beo,19/8/2018 13:49,7.4,"Cù lần là quán bò nướng ngói khá phổ biến ở Cần Thơ. Và tấm để nướng thức ăn thì chính xác là ngói chứ ko phải là tấm inox. Quán khá đông các bạn sinh viên đến ăn. Mình thấy 1 phần 2 người ăn 65K giá rất hợp lý. Thấy bò cũng nhiều, 2 người ăn vừa đủ no, ướp rất vừa ăn. Nước chấm cũng được pha chế vừa vặn để chấm kèm bò và rau bún. Mình thấy quán nên đầu tư trang trí hơn tí tạo cho khách cảm giác đúng là không gian để thưởng thức món ăn ngon.Xem thêm",70
975,Thư Anh,19/8/2018 0:37,8.6,"Bò nướng ngói ở đây ngon, bò không được gọi là nhiều vì phía dưới độn nhiều đậu bắp nhưng bù lại thì rau, bún... thêm miễn phí nha. Vị trí quán cũng dễ tìm. Nhân viên của quán nhiệt tình, thân thiện.Xem thêm",70
976,Tambourine Tim,4/8/2018 22:30,6.6,"Quán bò Cù Lần này cũng nhỏ nhắn thôi nhưng khá nhiều khách tới. Lần nào tối mình đi cũng thấy quán gần như full. Bò quán ướp sẵn đậm đà và khá tươi, bưng ra tự nướng một tí là thơm ngon nức. Nước chấm của quán pha ngon, cuốn rau bò chấm rất hợp khẩu vị. Gọi phần bò 2 người ăn 65k cho lời, giá cũng khá nhẹ nhàng, khách ở đây đa số là các bạn sinh viên. Tuy nhiên mình thấy quán không được sạch sẽ cho lắm, quán nên cần chú ý hơn nếu mở rộngXem thêm",70
977,Quế Anh,22/7/2018 0:38,7.4,"- Nghe review khen quán lâu rồi nhưng giờ mới có dịp ghé ăn.
- Quán lên món khá nhanh, không phải đợi lâu. Mình đi hai người, gọi hai phần một người, thấy không no lắm nên gọi thêm một phần hai người nữa mới no. Thịt bò dai mềm, ướp gia vị vừa ăn, cuốn thêm bún rau, chấm với nước chấm đúng ngon, thịt nướng lên tới đâu thơm tới đó.
- Vừa được ăn ngon mà giá lại bình dân, gọi nhiêu đó với chai 7up mà thiệt hại có 145 nghìn.
- Không gian quán hơi nhỏ nên hơi hầm, được cái ngon nên thấy quán đông lắm.
👍 Ai chưa ghé thì mình khuyên nên đến thử nha, nhất định mình sẽ ghé lại.Xem thêm",70
978,Phạm Trần Phương Trâm,9/6/2018 12:51,8.0,"Bữa chạy ngang mùi thơm lan tỏa thèm quá nên hôm nay ghé quán ăn luôn. Quán nằm trong hẻm 108 đường 30 tháng 4 cùng hẻm với mờ ắm, lẩu Tomyum nên  dễ tìm lắm. Quán nhìn chung không gian cũng không nhỏ lắm, nhìn khá thoáng mát, sạch sẽ. Nay không biết là quán đông quá hay là hết than hay sao á đồ ăn với than lên chậm hơn thường lệ. Nhưng bù lại, bò khá nhiều, nước chấm mặn mặn ăn khá ngon, rau ăn kèm cũng nhiều nữa. Phần như hình là phần 2 người có giá 65k mà thôi. :3Xem thêm",70
979,kim phượng Nguyễn,29/5/2018 21:46,9.0,"Lần đầu ghé quán này luôn 
Quán khá nhỏ, nhưng được cái sạch sẽ 
Wi-Fi của quán yếu, không truy cập được luôn, khách cũng khá đông nên đợi hơi lâu tầm 15 phút mới lên món 
Mắm nêm khá ngon, bún cho nhiều nhưng k có cắt ra nên hơi khó cuốn
Thịt nướng lên thơm nừng nựng hà, cuốn vs rau bún chấm vs mắm nêm khá ngon luôn 
Sẽ ghé quán ủng hộ tiếp!!!!Xem thêm",70
980,vu.huong89,15/7/2024 15:13,10,"Nhà hàng có vị trí đẹp 10 điểm, món ăn ngon 10 điểm,  phục vụ nhiệt tình 10 điểm, nói chung là Ok giá cả phải chăng. Không gian đẹp 10 điểm.Xem thêm",71
981,Thu Nguyen,24/2/2020 10:38,8.2,Mjk cũng khá thích pizza nên hay mua ăn và cảm thấy pizza hut ngon hơn so với những chổ khác. Bánh nóng và mềm. Đế ko dày ko mỏng vị phù hợp với mjk. Nếu chưa thử các bạn có thể thử xem vì ko phí tiền đâu.Xem thêm,71
982,Nguyễn Nguyễn,15/10/2019 22:26,8.2,"Mình đi ăn sinh nhật ở quán. Quán trang trí đẹp và thoải mái, có đều quán nhỏ thật. Mình gọi 1 pizza mặt trời. Pizza ngon, vừa đem ra ăn là thích nhất. Nhân viên dễ thương lắm 😘. Tại mình có đem bánh kem theo nên phải mượn dĩa của quán, mà mấy bạn nhân viên vẫn vui vẻ nhiệt tình.Xem thêm",71
983,Xuyen Bảo,8/12/2018 13:12,8.6,"Mình bị nghiện pizza ở đây, khuyến mãi mua 1 tặng 1 nên tinhd ra giá cũng khá rẻXem thêm",71
984,Thy Lý,6/10/2018 9:07,7.6,😍Xem thêm,71
985,Quăn Quăn,19/9/2018 23:29,8.0,"Ói đến Pizza Hut thì khỏi phải bàn cải rồi. Hình như là thương hiệu chuổi Pizza đầu tiên ở Cần Thơ, nằm ở tầng 1 Big C. Tới giờ, Cần Thơ đã có nhiều hiệu bánh Pizaa khác từ chuỗi thương hiệu đến những hiệu bánh riêng ở Cần Thơ nhưng Hut vẫn có 1 lượng khách riêng, 1 phần vì bánh và 1 phần chắc do lượng khách đi Big C.
Cơ sở vật chất ở đây không còn mới nữa nhưng nhìn chung vẫn chấp nhận được, sạch sẽ. Nhân viên phục vụ tốt, chuyên nghiệp. nhưng lần này mình đến đây thấy nhân viên thì ít, kiểu nhưu quán sắp đóng cửa, không có tinh thần luônXem thêm",71
986,Tambourine Tim,19/8/2018 21:39,7.6,"Salad cá ngừ của Pizza Hut là món đáng để thử lắm, kết hợp của rất nhiều loại rau củ thêm phần sốt vừa ăn, bổ dưỡng và đẹp da. Cái này gọi combo sẽ có và giá cũng mềm hơn. Pizza hải sản hình hoa là pizza ngon nhất rồi. Chọn đế dày để tạo cảm giác bánh béo và mềm hơn. Pizza xúc xích nướng với phần đế mỏng ăn ngon nhưng chỉ có 1 nguyên liệu chính là xúc xích thôi nên ko quá đặc sắc, món này có thể là gu củ mấy bạn mê fast food và ko thích rau.Xem thêm",71
987,Truong Tang,17/7/2018 21:28,7.8,Pizza phô mai béo và bánh phô mai cuộn cho khẩu vị lạ miệng hơn. Chesse mềm và thơmXem thêm,71
988,Mai Trần,17/7/2018 16:16,7.4,"Mình đã ăn pizza hut bao nhiêu lần rồi nhưng lần này thì quá thất vọng, hay mình xui hay sao. Mình đặt hàng qua delivery thì giao tới cho mình là hai cái bánh đen thui, khẹt nghẹt, mình nhìn mình chả muốn ăn luôn. Ăn bao nhiêu lần pizza hut rồi thấy ngon nên mới ăn, lâu lâu vẫn gặp khét hay đen đen tí thui, nhưng mình cũng tạm chấp nhận được nhưng lần này mình rất bực bội mong mấy bạn làm bếp xem lại nếu có lỡ làm ra cái bánh như vậy thì cũng xem xét làm lại cái khác chứ như vậy mà đem cho khách ăn sao.Xem thêm",71
989,Hoàng Huy,16/7/2018 15:31,8.0,"Hôm nay mình có đặt bánh pizza qua Now.vn, mình gọi 1 phần bánh nhỏ để ăn, theo mình cảm nhận thì bánh giao tới nơi còn nóng hỏi luôn ấy, hương vị và nhân bánh cũng khá là đa dạng lắm luôn nhe, mình thấy ở đây hay có mấy chương trình khuyến mãi lắm, vỏ bánh pizza không quá dày hay quá khô ăn rất là vừa miệng không có dễ ngán như phần bánh đế dày, lớp phô mai cũng nhiều lắm nên nhìn khá là hấp dẫn lắm luôn ấy, nhân viên giao hàng nhanh nhẹn và thân thiện lắmXem thêm",71
990,Rachel Smith,16/2/2022 11:58,8.0,"Rằm tháng giêng nên k có chưng trình 1 tặng 1, mà thay vào đó là mua 1 bánh cỡ vừa or lớn tặng 1 bánh pizza phô mai nhỏ có thể ăn chay đc và 1 chai nc ngọt 1,5l.Xem thêm",71
991,Hằng võ,30/12/2021 12:05,5.0,Cho em xin menu đi ạXem thêm,71
992,Rachel Smith,1/12/2021 15:33,9.0,"Hôm nay mình chọn 1 pizza hải sản sốt tiêu đen, size lớn, viền phô mai. 🍕🍕🍕

Bánh đc nêm nếm khá vừa ăn, nên k cần sốt tương cà cũng ngon lắm.

Thời gian đợi bánh cũng k lâu lắm khoảnh 20 đến 25 phút thoi....

Không gian quán trang trí khá gọn và ấm cúng.Xem thêm",71
993,Trúc Mai Dương,8/1/2021 10:44,8.6,"Đem Pizza Hut tới Hoà An
Mua 1 tặng 1 > Pizza Hải sản & Pizza Tôm xốt Bơ TỏiXem thêm",71
994,Tien,6/4/2020 13:53,1.4,"Mình đặt mua pizza chỉ để phô mai. Mình chụp hình này sau khi mình và gia đình ăn được 2 miếng. Và vì quá dở, quá thất vọng nên mình phải review cho mọi người biết để tránh ạ. 2 miếng đã ăn chắc được vài giọt phô mai nha mọi người :)
Cái này ko phải nướng khét nướng khô nha. Mà là tiệm quá tồi và keo kiệt khi để lượng phô mai cộng lại còn ko đủ phủ hết 1/4 cái bánh. Nghĩ sao khách hàng phải trả 200k cho 1 cái pizza như thế này? Làm ăn gì mà quá trời gian dối luôn.Xem thêm",71
995,Hong Ngoc Le,17/1/2020 12:06,4.0,"Tối qua mình đặt bánh chẳng thà không giao thì nói thẳng không giao, đàng này nhận đơn hàng xong đợi 1 tiếng mấy không thấy đâu. Điện thoại lại hỏi thì nói đơn hàng bị hủy, yêu cầu biết lý do thì được trả lời là để kiểm tra lại sẽ báo liền ,cuối cùng có ma nào gọi đâu.Xem thêm",71
996,Lam Nguyễn,25/5/2019 13:48,4.2,"Đế phồng ăn rất giòn thơm, bánh size nhỏ 1 người ăn no. Gia vi nêm có hơi nhiều muối một chút. Đế bánh hơi nhiều dầu. Thái độ phuc vụ ổn.Xem thêm",71
997,Phi Phụng Phạm,22/2/2019 2:06,8.8,"Mình ăn combo loại 2-3 người ăn. Tầm 300 mấy. Được 1 pizza vừa,1 salad, 1 mì ý, nước ngọt rèill. Salad, mì ý có thể đổi qua món khác như súp,... combo này 2 người ăn không hết đâu ạ. Tầm 3-4 ăn cũng vừa. Hôm bữa mình ăn 2 người ăn không nổi luôn áXem thêm",71
998,yuuba,17/2/2019 8:19,8.2,"Chạy ngang đường Nguyễn Thái Học thấy Pizza Hut để bảng mua 1 tặng 1 to đùng nên ghé vào, có điều quán chỉ áp dụng cho mang về thui nhe hơi buồn 😭😭

Mình vs bạn mình gọi 1p pizza như hình hơn 100k, 1 salad dâu tây nữa tổng 149k, nước ngọt đc lấy tùy ý nha 😝

Pizza do mình chọn đế mỏng nên ăn khá ngon k ngán, hình thức đẹp mắt, nêm chuẩn, thịt xông khói ăn ngon cực nha, phô mai béo béo, ăn k ngán thực sự 🌻🌻🌻 Salad dâu tây ướp ổn, ăn kèm vs pizza đúng ngon, dâu tây tươi, salad tươi, chua ngọt vừa phải nói chung ưng lắm nha 🌸🌸🌸Xem thêm",71
999,Ngô Anh Tú,27/11/2018 9:56,5.0,Có pizza nấm chay koXem thêm,71
1000,Rachel Smith,3/1/2022 18:18,8.0,"Mình mua bánh theo chương trình 1 tặng 1 kèm 1 chai nc ngọt 41k

Mình viền phô mai 1 cái bánh vừa giá viền bánh lớn và bánh vừa cũng khác nhau

Hôm nay mình mua 1 pizza hải sản sốt tiêu đen và chọn tặng kèm bánh hawaiii 🍕🍕🍕Xem thêm",71
1001,Tín Đạt,10/3/2020 19:02,3.4,"Há cảo quá tệ, quá nhiều bột và da. Làm vậy là không tốt trong việc bán hàng. Tệ.Xem thêm",72
1002,Hana Trần,30/3/2019 0:06,5.0,"Qua cần thơ chạy vòng vòng không biết ăn món gì ???mở foody lên thì thấy món há cảo này nhìn thấy hấp dẫn quá,cmt cũng nhiều toàn khen thôi nên quyết định ăn thử .chỉ 20k/phần 5 viên gồm nhân thịt ,tôm bánh ăn mềm ,dẻo ,dai dai rất ngon miệng.Nước chấm cũng rất vừa ăn có thêm rau râm ăn cùng không bị ngán .bánh bao thì thôi khỏi nói bao ngon luôn nhìn đẹp mắt nữa.chị chủ quán nhiệt tình ,đẹp ,dễ thương nữa.hẹn lần sau có dịp chắc chắn sẽ ghé ủng hộ nữa .món ngon tuyệt vời ăn chơi mà no thiệtXem thêm",72
1003,NancyLa,2/3/2019 17:48,8.0,"Chị chủ dễ thương. Há cảo ăn hợp vị em. Nhờ nước chấm tuy chưa thật sự ngon lắm nhưng tăng thêm phần ngon cho há cảo. Cục tròn bự là cục ngon nhất đó. Nói lần nữa, c chủ thiệt rất dễ thương luôn. Em ăn phần 14 viên luôn cho đã miệng. Dù đã mua lúc nãy tại quán phần 10 viên rồi nhưng vì ngon quá nên ai cũng thích.
Giá cũng k hề mắc nhé, vừa túi tiền cho các bạn học sinh luôn.Xem thêm",72
1004,ĐT Phg Nhi,23/1/2019 15:46,7.6,"Tình cờ chạy ngang đường Nguyễn Việt Hồng, thì thấy xe bán há cảo, hoành thánh, bánh bao,.. này. Mình ghé mua 1 phần há cảo đủ loại hết 20k gồm 5 viên đủ màu sắc và hình dạng. 
- Xe bán hàng rất đáng yêu với đủ loại há cảo, hoành thánh, bánh bao đủ hình dạng và màu sắc, thu hút người mua
- Chị chủ dễ dương, buôn bán niềm nở
- Há cả thì vỏ mỏng chứ không quá dày, nhân nhiều, tuy nhiên nếu 1 mình ăn phần 5 viên thì sẽ bị ngán. Nước chấm có vẻ chưa đặc sắc lắmXem thêm",72
1005,lhmttam,15/1/2019 18:11,8.6,"Mình đặt online qua Foody 1 phần hoành thánh, 1 phần há cảo và 1 phần bánh bao vì thấy khá nhiều bình luận tốt về quán. Và khi nhận được thức ăn, thật tuyệt vời, còn trên cả mong đợi của mình. Hoành thánh chiên 30k 10 cái to thật to, giòn thật giòn, chỉ nhai thôi là đã sướng cả tai lẫn miệng rồi. Há cảo thì khỏi nói luôn, nóng hổi thơm phức, thịt và bột đều mềm, rất vừa ăn. Về bánh bao thì còn bốc hơi như mới hấp vậy, mở hộp ra là tỏa hương ngay, nhưng bánh bao kim sa hơi ngọt so với vị giác của mình, không biết có phải do ăn há cảo nước tương trước đó ảnh hưởng vị giác không. Nhưng tóm lại là ngon, nóng hổi, hợp túi tiền nên chắc chắn mình sẽ tiếp tục ủng hộ quán.Xem thêm",72
1006,Nguyễn Thị Thu Huyền,4/12/2018 17:06,7.8,"Bánh bao kim sa cực kỳ ngon luôn nha.
Há cảo thịt nhiều nữa á
Banh bao xá xíu vừa ăn nữa
Thiệt chứ cực kỳ thích món ở tiệm luôn áXem thêm",72
1007,Phạm Trần Phương Trâm,18/11/2018 22:57,8.6,"Thèm xíu mại khô thì giờ mình chỉ cần cầm điện thoại lên và order qua Now thôi nè :3 order tầm 14h là khoảng 30p sau là có rồi :3 giao hàng và xác nhận đơn cũng nhanh luôn. dạo này làm như cô chủ mở bán sớm hơn nên muốn ăn cũng dễ hơn :3 như hình là mình order phần xíu mại khô, thấy 5 viên vậy thôi chứ ăn 1 mình là no luôn. Nếu bạn nào ăn mạnh thì có thể ăn kèm với bánh mì, bao ngon, kiểu dimsum vậy là hoàn hảo rồi :3 hộp như hình có giá là 20k, mỗi viên 4k thôi :3Xem thêm",72
1008,Thế Tuấn,16/11/2018 12:41,8.4,"20 người nhưng muốn ăn thật rẻ mà chất lượng thì nên ăn gì ??
Bọn mình có 200.000 để mua phần ăn cho 20 người và mình quyết định mua ở há cảo hong kong. Đúng ra là 37 viên há cảo nhưng chị tặng mình thêm 3 viên nữa là 40 viên luôn. Giá của mỗi em là 4.000, phần há cảo của mình 40 viên giá là 150.000, tiếp đến là hoành thánh chiên chỉ có 25.000 10 miếng, há cảo hay hoành thánh gì ở trong đều rất nhiều thịt luôn. Tổng của mình là 40v há cảo 20 miếng hoành thánh chiên 200.000 cho 20 người là quá ổn. Chị chủ cũng rất nhiệt tình và thân thiện luônXem thêm",72
1009,Thịnh Tống,15/11/2018 23:30,8.2,"Lâu rồi mới có dịp ghé quán. Quán chỉ là một xe bán nhỏ thôi à nhưng rất đông khách luôn. Lúc mình lại là đã hết 1 mẻ há cảo rồi và mới nấu lại 1 mẻ mới. Há cảo ở đây rất to, nhiều thịt, nước sốt chấm há cảo cũng rất ngon chỉ có 20.000/ hộp/ 5 viên. Ngoài há cảo ra còn có bánh bao hình thú cực kì đáng yêu. Và có cả hoành thánh chiên nữa chỉ có 25.000 cho 10 bé, hoành thánh cũng nhiều thịt kh kém gì há cảo đâu, ăn kèm với tương ớt là hết sảyXem thêm",72
1010,yuuba,29/10/2018 17:52,8.6,"Ngày mưa gió mà anh shipper vẫn rất chăm chỉ, dịch vụ chăm sóc khách hàng tốt, mình vừa đặt đã được gọi duyệt đơn hàng ngay 😍 Mình đặt một hộp há cảo 6 viên với 1 hộp xá xíu. Vừa nhận được chưa mở hộp ra đã thơm nức mũi. Nước chấm ngon, nhân gói kĩ, hành phi thơm, ăn vào quá thischh 😋😋 Ngày mưa lạnh lạnh cắn miếng há cảo thơm mềm v còn gì bằng. Hai hộp hai đứa ăn vẫn đủ no. Vẫn tiếp tục ủng hộ há cảo Hong Kong ở chỗ này 💘💘💘Xem thêm",72
1011,Rachel Smith,3/1/2022 19:22,7.8,"Phần trong hình là 139k bao gồm 1 hamburge tôm 🍔🦐🍔🦐🍔🦐 + 3 miếng gà rán 🍗🍗🍗  + 1 phần khoai tây chiên🍟🍟🍟 & 2 ly Pepsi 🥤🥤🥤

Tiệm còn bán bánh trứng 4 cái 50k nữa 🥯🥯🥯🥯Xem thêm",73
1012,Trúc Mai Dương,19/9/2019 18:17,10,"Gà rán  with  Lai Kuan Lin & Park Ji Hoon - Wanna One 
Giảm 50%Xem thêm",73
1013,Minh Trần Ngọc,16/7/2019 15:06,8.0,"Khá là lâu KFC mới có chương trình khuyến mãi giảm tận 50% khi mua từ 3 miếng gà trở lên kéo dài tới tận tháng 8 lận nữa chứ thiệt là hạnh phúc làm sao áp dụng vào thứ 3 - 4 -5 hàng tuần nhé.
Đi hai lần vào hai khoảng thời gian khác nhau
Buổi trưa đông lắm nhe dù đông nhưng nhân viên vẫn cố gắng phục vụ chu đáo tác phong nhanh nhẹn
Buổi xế chiều thì thoải mái hơn quán vắng khách nên càng cực kì nhanh luôn vô chưa được 7’ là mang về rồi
Còn về phần gà thì chắc hẳn ai cũng biết ngon hơn các nơi khác mình đã ăn qua
Luôn ủng hộ KFCXem thêm",73
1014,Mibu Aki,20/6/2019 17:12,8.6,"Gà rán là ngon nhất trong các tiệm, đáng tiền. Tương cà, tương ớt cũng rất đặt biệt. Bánh trứng cũng rất đáng thử. Nhưng mà khoai tây chiên không được giòn lắm :(Xem thêm",73
1015,Nguyễn tài,13/5/2019 14:13,6.6,"Vừa rồi có đi vinmark nên ghé, có không gian ổn nhưng khách xung quanh kém lịch sự quá, gây ồn và phiền mà còn lại là giáo viên cơ chứ, về bên ngoài món gà truyền thống không cay không được ngon lắm, không được giòn và nóng, nhưng được điểm cộng là thịt gà khá ngon và tươi, giá hơi cao hơn so với các quán khác. Nhân viên phục vụ cũng không niềm nở lắm thái độ không tốt lắm. Vị trí cửa hàng cucng khá bất tiện nếu có quay lại thì mình sẽ sang cửa hàng khác trong chuỗi.Xem thêm",73
1016,Phạm Trần Phương Trâm,12/12/2018 0:44,9.2,"Nhân dịp đá chung kết đợt đi của Vietnam, chạy ngang Vinmart thấy mọi người xôm quá, có cả màn hình TV rộng ngay đó luôn. Thấy vậy nên tấp vài vừa ăn gà vừa coi đá banh thì còn gì bằng :)) KFC chỗ này không rộng nhưng được cái view rất ok, nhìn ra khúc đường 30 tháng 4 đông đúc nhộn nhịp. Gà ở đây, tuy giá cao hơn bên ngoài nhưng cao hơn không nhiều, bỏ thêm mấy ngàn mà được ăn phần gà chất lượng thì ngại gì. Lớp bột vỏ bên ngoài thấm luôn cả vào trong da gà, đứa không ăn được như mình còn thích da gà ở đây :3 10đ cho KFC :3Xem thêm",73
1017,Ron Swift,2/12/2018 20:18,8.2,"Mình rất thích ăn gà ở KFC, cơ bản là do gà ngon, mà chương trình khuyến mãi nhiều nữa, khách cũng ít khi đông nên được phục vụ nhanh hơn.
KFC chi nhánh Vin Mart có view khá đẹp, ngay trung tâm nữa thành ra vừa ngồi ăn vừa nhìn xe cộ cũng khá ổn. Combo  3 miếng gà giá chỉ 55k, chỉ áp dụng vào thứ 5 hàng tuần thôi, ly pepsi thì 18k size lớn. Gà có thể chọn ức hoặc cánh tùy sở thích. Ngày khuyến mại khách hơi đông nên hay bị hết gà, bù lại đc ăn món nóng, mới.Xem thêm",73
1018,Hoàng Huy,13/11/2018 11:41,8.0,"Mình cực kỳ ưng chuỗi cửa hàng kfc nên mình cứ có dịp là lại vào đây để ăn miết à, gọi 1 phần combo 3 miếng gà và 1 ly nước để uống theo mình cảm nhận thì do mình đi buổi trưa nên quán cũng khá là đông khách nhe ngồi đợi hơi bị lâu 1 tý, mà đồ ăn mình thấy khá là ngon và vừa miệng mình nên đợi 1 tý cũng ok, không gian quán mình thấy cũng rộng rãi lắm nhe, menu quán cũng đa dạng lắm luôn ấy, nhân viên lịch sự nữa chứXem thêm",73
1019,Bảo Ngọc Nguyễn Hoàng,4/11/2018 7:55,10,"Thứ 3 hàng tuần KFC đang có chương trình mua 3 miếng gà chỉ 55k. Giá bth cho mỗi miếng gà đã là 30 mấy nghìn, cực kì tiết kiệm cho những bạn thích KFC mà lại kh có nhiều điều kiện luôn nhé. Có khuyến mãi nhưng chất lượng gà vẫn rất tuyệt vời, da gà được tẩm bột cực kì giòn rụm, lớp da giòn được tẩm bột rất vừa miệng, đúng với slogan của quán: ""vị ngon trên từng ngon tay"" khi mà bạn cầm gà lên ăn😂😂. Mình mua thêm 1 phần khoai nhỏ nữa có giá là 14k. Tổng cộng cho 3 miếng gà và 1 phần khoai chỉ 69k mà thôi😍😍. Mng nên tranh thủ đến KFC vào ngày t3 để dùng khuyến mãi nhé!!Xem thêm",73
1020,Quăn Quăn,19/10/2018 21:57,8.0,"Kfc ngày càng thể hiện được sự mới mẻ trong menu hơn, có rất nhiều món để chọn, như cơm trộn rong biển ăn với gà chiên xù, cơm trộn ăn với gà quay, các món cơm trưa như gà quay tiêu, gà teriyaki, còn thêm mùi vị lá chanh, rồi gà lắc phô mai đủ các kiểu nên đôi khi ăn cũng đỡ ngán. Đây là phần bugger gà chiên cay, ăn cực đã tại rất lâu rồi không đi ăn. Nhân viên có cô nhân viên siêu cao, mình cao 1.68m mà còn đứng dưới tay bạn ấy, thật nể. Nhân viên phục vụ linh sựXem thêm",73
1021,foodee_713723cd,11/6/2022 21:54,6.4,Đi lúc 8h40 mua kem sl nhiều mà lúc đó kem chưa đông nv hẹn 20p nữa ngồi đợi ròng 20p đi vô nv bảo ngưng bán rồi hẹn mai ủa v hứa 20p chi cho ngồi chờ????Xem thêm,73
1022,Khang Nguyễn,21/3/2021 12:08,2.6,Mình là khách thường xuyên đến kfc nhưng hôm nay mình đến ordel món lúc 11h43p đợi đến 12h vẫn chưa nhận được món trong khi khách vào sau lại được ưu tiên làm món trước. Còn rất nhiều khách phía sau đến trước nhưng k đc ỏdel. Mình chưa đánh gía món ăn ngon thế nào nhưng mình thấy thái độ phục vụ như vậy làm mình rất không hài lòng. Mình hi vọng sẽ k gặp lại tình trạng thế này nữaXem thêm,73
1023,Trang Ngọc,19/8/2018 22:07,8.0,"Bữa đi siêu thị đi ngang chỗ này thèm gà quá nên ghé vào ăn luôn. Quán nằm trong siêu thịt Big C, đối diện với cà phê Trung Nguyên Legend. Không gian quán khá rộng và có cả view để có thể nhìn được ra bên ngoài nữa. Như hình là một miếng gà của quán, hình như là phần ức gà thì phải. Mình ưng nhất là lớp bột bên ngoài của quán, ăn giòn tan luôn. Gà bên trong là gà không tẩm ướt gia vị vì vậy cần chấm một loại tương ớt hay tương cà gì đó mùi vị sẽ ngon hơn và đỡ ngán.Xem thêm",73
1024,Ron Swift,17/8/2018 22:53,7.8,"Đối với món gà rán thì KFC luôn là lựa chọn số 1 của mình, trừ khi các brand khác như Lotteria có khuyến mãi khủng hay giảm giá,…vị của miếng gà và loại bột áo bên ngoài của KFC làm mình rất thích, có vị vừa ăn. Mình thích nhất là gà giòn cay, vị cay cay ăn không ngán. Mình ăn một miếng là no luôn, thường hay gọi ức, cánh với đùi thì hơi ít thịt. Không gian ở KFC BigC thì to, với cả có view nhìn ra ngoài nên vui hơn bên Vin mart, tiện mua sắm.Xem thêm",73
1025,dorii,27/6/2018 18:29,1.0,"Đặt combo 3 đùi gà với 3 cánh mà chỉ có 2 đùi+ ứt và 3 phần cánh gà thì chỉ được 1/2 cánh... 
> tệ. :(Xem thêm",73
1026,Thái Nghiêm,18/6/2018 13:55,1.0,Đã có địa chỉ nhưng vẫn không biết đường và tự ý hủy đơn hàngXem thêm,73
1027,Phạm Trần Phương Trâm,16/6/2018 4:02,8.0,"Bữa thèm gà quá sẵn đi siêu thị big C nên đã ghé quán để dùng bữa luôn. Quán này nằm bên trong siêu thị dễ tìm lắm. Không gian cũng khá rộng, trang trí cũng giống các cửa hàng khác của nhãn hàng KFC. Như hình là 2 miếng gà chiên của quán, ấn tượng đầu tiên của mình là mặc dù mình đi mua đồ, quay trở lại thì miếng gà vẫn nóng :3, gà cắn vào giòn tan, ăn ngon lắm á. Mình ăn 2 phần là no luôn nhưng chỉ tiêu tốn 70k mà thôi :3. Phục vụ thì khá tận tình và chuyên nghiệp.Xem thêm",73
1028,Truchuynh,8/6/2018 20:44,5.0,Gà k. NóngXem thêm,73
1029,Rachel Smith,23/5/2018 16:26,7.0,"Đi siêu thị nên sẵn mình ghé mua KFC về cho mấy đứa nhỏ nhà mình lun. 
Phần mình mua là 239k. Gồm 5 miếng gà vảy bắp, ăn cũng khá là miệng, thơm mùi phô mai xíu.
Khoai tây không biết là do mang về hay sao mà k đc giòn cho lắm, mình thấy khá là mềm.
Pepsi của KFC uống khá là ngon lun ^^
Combo này bao gồm 5 miếng gà vảy bắp, 1 khoai jumbo, 3 pepsi.Xem thêm",73
1030,Hoàng Huy,19/5/2018 13:39,8.0,"Mỗi lần đi siêu thị ra thì hay qua đây để ăn lắm luôn, tuy quán hơi vắng nhưng vẫn ok nhe, đồ ăn ở đây thì chất lượng nào giờ rồi đi với đứa bạn gọi có 2 món à mà theo dạng combo nên nhiều lắm luôn ăn mà no muốn sấp mặt ấy, giá cả có phần hơi cao so với mấy quán gà rán khác nhe vì chất lượng ở đây cũng được đảm bảo và đồ ăn cũng ngon hơn nên cũng thấy xứng đáng, nhân viên phục vụ chu đáo và thân thiện lắm nheXem thêm",73
1031,Thiên  Nga,22/6/2022 14:55,4.6,Ướp sốt không đậm vị không ngon bằng KFC 30.4. Bình thường thì mình đặt bên 30.4 nhưng hôm nay trên menu không có món này. nên đặt bên lotte. tưởng chỗ nào thì cũng vậy nhưng không phải vậy 😑Xem thêm,73
1032,Phạm Trần Phương Trâm,8/5/2018 23:51,8.0,"Bữa nhỏ bạn rủ đi ăn nên tiện đường ghé quán luôn.
Vị trí: quán nằm trong đường Hoảng Trọng Hoàng, chạy vô một chút nhìn bên trái sẽ thấy quán ngay.
Không gian: rộng lắm luôn, trang trí cũng khá đẹp nữa, khá thoáng mát, không gian đa phần yên tĩnh nên khá thích hợp cho việc học tập hay họp nhóm.
Chất lượng: như hình là một phần đồ ăn của quán, ăn ngon lắm, mình rất thích.
Giá cả: hợp lí, rẻ hơn mấy chỗ khác một chút
Nếu có dịp các bạn có thể ghé để trải nghiệm thửXem thêm",74
1033,Hoàng Huy,12/4/2018 13:41,8.0,"Mình có đi với bà chị đến đây để ngồi uống nước, thấy giá cả của quán khá là ổn nhe, mà menu nước cũng khá là đa dạng ấy nên cũng ưng ý lắm luôn, quán có nhiều khu vực để ngồi lắm, mình lựa chổ ngồi gần cây xanh cho mát mẽ, mà hình như quán có máy lạnh nữa nhe, nhưng do lâu rồi không ghé nên quên mất tiêu đành ngồi ở ngoài gần về rồi mới để ý đến chổ đó, chắc kỳ sau sẽ rút kinh nghiệm lại, nhân viên phục vụ của quán vui vẻ và thân thiện lắmXem thêm",74
1034,Thuý Hoà,12/4/2018 13:38,8.0,"Mình thấy mọi người đến quán này hay ăn mì cay lắm luôn nhưng nay đi với đứa bạn buổi trưa nên chuyển qua uống nước, thấy quán buổi trưa ở đây khá là mát mẽ nhe, mình với đứa bạn có gọi 1 ly chanh muối đá, và 1 ly chanh nóng để uống, nước uống mình thấy cũng khá là vừa miệng ấy chứ, nhân viên của quán cũng vui vẻ và thân thiện lắm nhe, buổi trưa nên mình thấy quán cũng không đông khách lắm, được vài bàn ngồi ở quán à, được cái cây xanh nhiều nên mát hơnXem thêm",74
1035,Phạm Trần Phương Trâm,7/4/2018 22:24,8.0,"Vị trí: cố đô cafe nằm trên đường Quản Trọng Hoàng. Phía trước đoạn đường đó có mấy tiệm điện thoại với điện máy cũng lớn lắm nên cũng không quá khó tìm đâu
Không gian: quán có không gian khá lớn, nghe nói lâu lâu có aucostic nữa :3 
Phục vụ: nhân viên phục vụ cũng chuyên nghiệp, lịch sự, thân thiện lắm :3
Chất lượng: như hình là mì cay hải sản :3 mình có dặn không tôm bù chả :3 với 0 độ thôi :)) ngon :3
Giá cả: 1 tô mì cay vậy 30k thôi à :3Xem thêm",74
1036,Trang Ngọc,7/3/2018 13:02,7.6,"Nhờ bạn mình ở trọ gần đây mới biết tới quán này có bán mì cay, chứ bình thường dễ gì tìm vào đây, lại càng không nghĩ quán có món này. Bề ngoài nhìn giống cà phê sân vườn hơn. Quán khá vắng, không gian thoáng mát, nhiều cây cỏ, phục vụ cũng ok lắm. Tô như hình là mì cay không độ, để khá nhiều chả cá và bò viên, nêm nếm cũng ok chứ không thể bằng những quán mì cay mình đã ăn trước đó. Được free bình trà đá nữa. Có dịp sẽ vào uống nước ở quán.Xem thêm",74
1037,Phạm Trần Phương Trâm,5/3/2018 10:37,8.0,"Vị trí: cố đô cafe nằm trên đường Quản Trọng Hoàng, thuộc đường 3 tháng 2 luôn, nằm kế bên cây xăng, gần cơm chay Đạt :3  quán tính ra cũng dễ tìm lắm, chỉ cần chạy vào đường đó là thấy ngay. 
Không gian: quán được trang trí kiểu cây cỏ, mang phong cách thiên nhiên nên tạo cảm giác mát mẻ, thoáng mát lắm. 
Chất lượng và giá cả: như hình là mình gọi món mì cay kim chi bò, không độ. Có bò viên, thịt bò, xúc xích đồ nữa. Nêm nếm ăn cũng tạm được :3Xem thêm",74
1038,Hànn Hànn,13/11/2017 17:11,5.0,"Lần đầu đến Cố Đô Cafe thì dẫn nhỏ bạn theo thưởng thức nhạc acoustic vào dịp cuối tuần
Nhìn chung quán bán nhiều loại thức ăn, phục vụ cũng nhanh chóng
Đồ ăn cũng như thức uống nhanh ra
Giá cả okXem thêm",74
1039,Hien Tramy,1/10/2017 17:06,8.0,"Mì cay của Cố Đô rất ngon. Không gian quán rộng rãi, sạch sẽ, thoáng mát. Cuối tuần có nhạc ascoutic thư giãn. Nhân viên phục vụ chưa được nhanh nhẹn chu đáo lắm. Quán chưa có bãi để xe cho khách. Về đồ ăn thì rất ngon. Nước súp mì cay ngọt, đậm đà nhiều đồ ăn và tươi ngon. Giá cả hợp lí, mỗi tô mì cay 35k.Có dịp sẽ quay lại quán.Xem thêm",74
1040,Huynh Phan,1/10/2017 16:50,7.2,"Mỳ cay ở Cố Đô mình ăn nhiều lần rồi. Đồ ăn rất ngon, nước súp ngọt và thơm ngon. Hôm đó rằm mình nghe nói Cố Đô có bán mỳ cay chay nên đến ăn. Nhưng mà khi bưng đồ ăn ra, mình hoàn toàn thất vọng. 2 tô mỳ cay chỉ có vài cọng rau muống, cải và kim chi. Khi mình gọi phục vụ và hỏi có đồ ăn gì không thì phục vụ mới vào trong và đem ra 1 chén tàu hủ với nấm. 2 tô mỳ chỉ có như vậy thôi giá 25k một tô. Sau lần đó mình thất vọng về quán này vô cùng. Rằm năm ngoái mình có ăn mỳ cay chay ở đây rồi rất nhiều đồ ăn và rất ngon. Không hiểu sao lần này chỉ có rau. Hy vọng quán cải thiệnXem thêm",74
1041,Hoàng Huy,14/9/2017 15:38,8.0,"Lâu lâu qua quán này ăn hoài hà vì quán khá là gần nhà mình lại có đồ ăn ngon lắm
Nay mình đi với 2 đứa cùng phòng, gọi 3 tô bún thái và 1 phần xiên que xúc xích, 1 phần xiên que cá viên, 1 phần xiên que bò viên. Theo mình cảm nhận thì bún thái ăn ngon lắm, độ chua chua ít hà, hải sản tươi lắm luôn, có nhiều chả nữa nên ăn thích lắm, đồ chiên xiên que ăn cũng ok lắm nha
Quán này cũng thoáng mát lắm, nhân viên vui vẻ và thân thiện lắmXem thêm",74
1042,Hoàng Huy,18/5/2018 16:26,8.0,"Có đặt đồ ăn ở quán này để ăn trưa phải nói đồ ăn ngon giá cả lại hợp lý nữa nhe, menu quán cũng khá là nhiều món nên cũng dễ lựa đồ ăn lắm luôn ấy, nay mình dặt 1 phần sushi chiên và 1 phần cơm trộn hàn quốc, theo mình cảm nhận thì sushi chiên ăn khá là ngon nhe phần chà bông cũng khá là nhiều nước sốt cũng nhiều nên dễ gây ra vị mặn lắm luôn ấy, còn cơm trộn thì ăn vừa miệng lắm luôn nhe, đồ ăn nhiều và tươi lắm luôn ấy, trứng còn lòng đỏ chiên vừa tới nên ngon cựcXem thêm",75
1043,Thuý Hoà,24/4/2018 13:25,8.0,"Đi buổi trưa tới quán này để ăn với đứa bạn đi có 2 đứa à nên gọi 1 vài món để ăn thôi, công nhận do trời nắng nóng hay sao mà người ta ít ra đường ấy nên thấy quán cũng có phần hơi vắng khách, quán ở đây có máy lạnh nên cũng mát mẽ lắm nhe, đồ ăn của quán mình thấy cũng ngon lắm ấy, được chế biến vừa ăn, có phần sushi chiên thì vị hơi mặn tý chắc do vị của chà bông ấy, nhân viên quán lịch sự và thân thiện lắm nheXem thêm",75
1044,Hoàng Huy,18/4/2018 18:36,8.0,"Hôm nay tự nhiên thèm đồ ăn của quán này nên thế là lên deli đặt món mì sốt mechanic và mì cay hải sản để ăn, vừa có code giảm giá mà lại còn được miễn phí tiền ship nữa nhe, mì sốt mechanic của quán khá là ngon ấy mình thấy được nêm nếm khá là đậm đà sợi mì khá là to, đồ ăn cũng nhiều lắm, món mì cay thì nước súp khá là nhiều và vừa miệng độ cay cũng vừa phải lắm nhe, hải sản khá là tươi ngon, nhân viên giao hàng khá là nhanh nhẹnXem thêm",75
1045,Trần Anh,2/4/2018 10:39,8.0,"Quán nằm ở cuối đường Phạm Ngũ Lão, đường mới xây nối với con đường có thể dẫn qua đường dưới cầu rạch ngỗng thì phải. Quán cũng dễ tìm lắm, với lại do quán nằm trong khuất hẻm nên có vẻ yên tĩnh hơn so với các quán khác. Vậy mà tụi mình đến tầm tối 7 8h thấy quán cũng không quá đông khách, chắc do cuối tuần nên nhiều người thích ra đường hơn là trầm quán.
Quán cũng rộng, có cả tầng phía trên, mình thì ngồi phía dưới vì cả đám thích ngồi bệt hơn. Quán có nhiều món nước cũng dạng như trà sữa, cà phê, đá xay, .. Mà song song đó mình thấy có nhiều món ăn vặt lẫn ăn no giá khá ok nè!
Tụi mình đi 6 người, ngoài kêu nước uống ra thì còn có mấy món như bánh gạo, sushi, mình thấy đồ ăn nóng hổi với lại món nào cũng có vị đặc trưng hết.
Mình thấy đá xay uống ổn, nhưng đồ ăn nhiều khi có chậm hơn nước uống, nên nhiều khi ra đợi đồ ăn lên tụi mình uống cũng gần hết. Quán có nước trà là trà bạc hà, lạ hơn so với nhiều chỗ là trà đá.
Nhân viên khá nhiệt tình với chu đáo nữa, wifi mạnh ^^Xem thêm",75
1046,Thanh Tran,24/3/2018 23:39,7.0,"Mình thấy quán này có mì ngon nè, nhiều đợt chương trình mì cay với trà sữa giá ưu đãi mình có ghé quán thưởng thức, đi quán này ăn mì cay đỡ bị chen chúc và lâu lắc, hương vị cũng rất ok, nhưng mà bạn mình có bảo hôm nó ăn không ngon, mình nghĩ chắc một phần không giữ được bếp ổn định, hy vọng lần tới ghé lại được mì ngon. Trà sữa mình không chấm điểm cao ^^, giá nước ok.Xem thêm",75
1047,Hoàng Huy,18/3/2018 15:55,8.0,"Mình hay đặt món của quán này để ăn lắm luôn ấy, do quán có menu khá là đa dạng mà giá cả cũng vừa phải lắm luôn nhe nên mình khá là ưng ý đối với quán này, mình hôm nay đặt đồ ăn tối với đứa bạn, 1 phần mì, 1 phần cơm cuộn, 1 phần sushi chiên và 1 phần trứng cút nướng để ăn. Ăn có 2 đứa gọi bao nhiêu đó món ta nói ăn no đi muốn không nổi luôn ấy chứ, giá cả cũng không quá cao nhân viên giao hàng lại nhanh chóng nữa chứXem thêm",75
1048,Diễm Chi,15/3/2018 10:25,8.2,"Cả nhóm muốn tìm một chỗ chơi uno mà vừa có bàn rộng và đồ ăn vặt luôn thì đây cũng là gợi ý hay.
Nằm trên đường Phạm Ngũ Lão, không gian tầng dưới và tầng trên khá rộng. Lúc mình đi là tầng dưới còn có ngồi bệt nên giờ không biết còn không. Có chú trông xe và đưa phiếu nên yên tâm.
Menu các loại thức uống đa dạng, đặc biệt, các món mì cay, ăn vặt với giá cả hợp lý.

Thức uống khá ngon, vị ngọt thanh, hợp khẩu vị.
Đồ ăn cũng ngon, nêm nếm vừa miệng.
Quán cũng có bài uno và xếp gỗ, tụi mình chơi hơi ồn nhưng cũng không ảnh hưởng.
Nhân viên phục vụ điềm tĩnh và nhiệt tình.Xem thêm",75
1049,Tấn Đạt Trần,22/2/2018 17:50,7.8,"Buổi trưa cùng mechanic. Quán có menu cũng khá đa dạng và hấp dẫn. Team mình hôm ấy order trà và nước ép. Giao hàng cũng nhanh chóng lắm. Chỉ sau một khoảng thời gian chờ đợi là được thưởng thức những ly nước ép và sinh tố ngon lành. 
Nước ép chanh dây khá ngon, sinh tố việt quất cũng khá lạ , sữa chua cam tươi vị chua ngọt cũng khá tuyệt. Nhìn chung giá cả ở đây cũng dao động khoảng 18k - 30k thôi nên thấy cũng hợp lý.
Có dịp sẽ ủng hộ quán tiếp.Xem thêm",75
1050,Haku Yen,6/2/2018 12:53,8.2,"Lần thứ 2 mình ghé tới quán để thử món mì cay, phải nói là cực kì thõa mãn, mì nhìn hấp dẫn, nước súp nêm vừa ăn, đồ ăn nhiều và chất lượng, trà sữa cũng ngon, ngọt vừa và béo, nói chung đang thèm 2 món này và ăn ở đây cảm thấy thõa mãn vô cùng, sẽ lại ghé nữa để thử các món khácXem thêm",75
1051,Hoàng Huy,29/1/2018 14:32,8.0,"Mình thấy dạo này quán này được deli free ship khi mua hàng thanh toán qua airpay nên cũng thế là đặt ăn hoài hà, mình hôm nay đặt món mì kim chi hải sản cấp độ 0.5 và thay tôm bù chả cá với 1 phần sushi chiên để ăn, ta nói ăn 1 mình thôi mà 2 món này được free ship nên đỡ cực đỡ ra ngoài đường nữa sướng cực kỳ, đồ ăn thì nhiều lắm luôn ăn xong mà no căng cái bụng chả đi đứng gì nổi luôn
Nhân viên giao hàng cũng nhanh nhẹn và nhiệt tình nữaXem thêm",75
1052,Yên An,19/3/2021 13:08,4.0,"Các món ăn ở đây ngon, đa dạng. Nhưng chủ quán lại nạt nộ khách hàng. Mình ăn cơm cháy, nhưng mình không ăn ruốc và đậu phộng với mình mua về nên muốn mỡ hành để riêng. Mình đợi chủ quán chiên cơm cháy xong thì mới nói vì sợ dặn sớm cô quên. Nhưng cô nạt nộ lại mình, nói mình sao không dặn sớm, ở đây cũng chỉ có chà bông, mỡ hành thôi. Ủa? Mình ăn biết bao nhiêu lần, kg lẽ kg biết có cả con ruốc với đậu phộng. Mình kg thích món nào thì mình dặn kg để món đó thôi. Tóm lại, lúc đó thái độ của chủ quán thiếu điều muốn trèo lên đầu mình ngồi luôn. Có cô ốm ốm, bán phụ thì rất hiền, dễ thương. Còn cô mập là chủ quán thì đôi khi có cơn, quạo sảng.Xem thêm",76
1053,chuka,11/5/2020 6:02,1.0,"Lần mình lại quán khi quán đã lót lại nền gạch. Trước khi vào mình hỏi rất lịch sự rằng mình có thể mang giày vào được không, và một ông lớn tuổi nạt thẳng vào mặt mình là ""bộ mày không thấy lót gạch hay sao mà hỏi câu đó"". Mình thề là mình đứng hình luôn, và đi về ngay lập tức. Rất lâu sau đó mình mới quay trở lại một lần nữa, lần này mới khoảng 5h chiều, chưa kịp vào thì bên trong đã có tiếng vọng ra là ""quán này chỉ mở đến 6h, ăn lẹ rồi về thì hả vô chứ không được ngồi lâu"". Cái gì vậy trời!!! Mình cũng đi về ngay lập tức, trước khi về còn được ông nội kia liếc như đi ăn xin nữa chứ, dù mình không làm gì luôn á. Sống 20 mấy năm mình chưa gặp chỗ nào phục vụ tệ đến mức chạm đáy như vậy, từ ngoài vào trong không còn từ nào để có thể diễn tả. Mình nghĩ đồ ăn ngon, kinh doanh được thì nên gìn giữ cái lộc đó, chứ không cần khách như vậy thì ai biết được mấy hồi. Đâu có cao quý, ngon xuất thần đến nỗi khách phải đi xin ăn, vì thời buổi này có rất nhiều sự lựa chọn khác cho khách hàng rồi mấy ông mấy cô ạ.Xem thêm",76
1054,ngoc hien,25/10/2019 17:21,1.0,"kính thưa bà dì chủ quán, xưng con kêu dì là đã rất văn minh và kiềm nén sự bức xúc rất nhiều, tụi con vào ăn là trả tiền chứ không phải ăn chực ăn xin mà dì chửi hơn là con dì đẻ ra nữa, trời hôm nay mưa trắng xóa luôn nên tụi mình ngồi lại quán trú mưa cũng bị dì ấy nói là ""nay mưa quán đóng cửa sớm nghỉ bán"" với thái độ dằn mặt :) rồi thấy vậy thì thôi tụi mình cũng đứng lên ra cửa quán định đứng lại thêm tí nữa vì mưa khá lớn thêm sấm sét nữa, cũng lại là dì ấy và lần này không dằn mặt nữa mà đuổi trực tiếp luôn, đồ ăn thì ở mức trung bình không hẳn là cao lương mỹ vị mà với thái độ này lần đầu cũng như lần cuối lại đâyXem thêm",76
1055,Trinh Châu,12/10/2019 11:39,7.6,"Đặt hàng trên Now App lúc 10h41, giao hàng lúc 11h
Lúc đầu order Xôi chiên thập cẩm 15k và chà bông gà 15k nhưng quán không bán chà bông gà nữa
3 cái Xôi chiên thập cẩm 15k: mỡ hành, pate, con guốc, cải xá bấu, rất giòn và ngon
3 cái Xôi chiên pate 15k: pate, chà bông, rất giòn và ngonXem thêm",76
1056,Nghĩa Luong,19/9/2019 21:02,7.0,"Vẫn chất lượng như ngày nào quán buổi chiều rất đông tầm 5h có khi hết món, có món da heo với xôi chiên thấy cũng nhiều bạn ăn lắm, ở đây cũng có bán bánh tráng tỏi bơ với muối chấm trái cây cũng đặc sảnXem thêm",76
1057,Gấu My,21/8/2019 11:57,1.0,"Ai ở Cần Thơ thì ít nhiều cũng biết chỗ dì Lan này và mình cũng là một người từng lại ăn rất nhiều ở đây, cũng là 1 khách khá thân thuộc. Tuy nhiên, hôm nay mình thật sự rất thất vọng về chỗ này. Chuyện là thế này, mình và bạn mình sáng nay lại quán ngồi ăn và uống như mọi khi. Khi vừa mới đậu xe lại tại quán, mình để xe theo phía bên hông chỗ nhà dì Lan, phía trước còn 1 phía xe nữa nên mình đậu phía sau xe đó cho ngay hàng, không ngờ khi vừa bước dô quán thì có 1 dì dáng hơi tròn người ra la tụi mình nói rằng "" Tại sao đậu xe k biết xít vào trong, đậu giữa đường vậy, đậu vậy muốn xe khác nó tông à. "" Nghe thật vô lý vì mình chỉ đậu theo hàng. Mình cũng k nói gì im lặng và đậu xe lại. Và trong lúc dời xe lại, dì Lan lại tiếp tục nói vô đây ngồi ăn thì chỉ cho ngồi 1 tiếng rồi đi, quán này rất đông k ngồi lâu đc đâu. Dì Lan nói câu này là do bạn mình nói tụi con ngồi tám hơi lâu chút nha. Rồi mình cũng bỏ qua và gọi món. Mình thì thích bánh tráng trộn nên món đó đương nhiên phải có, sau đo mình gọi nước. Mình thấy trên quán có dán menu để là ca cao sữa 10k và trà sữa nhiều hương nên mình chỉ hỏi có cafe sữa k thì dì đó lại nói ""em gái ra quán cf đi"". Mình nghĩ đến lúc k thể nào chịu đc nữa nên mình đã đi. Câu chuyện này mình muốn chia sẻ lại các bạn vì mình cảm thấy rất buồn cũng như là thất vọng về 1 người chủ như vậy cho vơi bớt thôi. Và từ đây trở về sau, mình sẽ k bao giờ ghé lại chỗ này nữa dù chỉ 1 lần. Chỉ mong rằng, dì đó sẽ suy nghĩ lại về những việc mình đã làm vì khi buôn bán kinh doanh phải luôn học thuộc 1 câu rằng "" khách hàng là thượng đế"".Xem thêm",76
1058,Hạnh Nguyên Nguyễn Thị,13/7/2019 15:26,7.2,"- Quán nằm gần trường Trung học cơ sở Thới Bình.
- Không gian chỉ để vừa bốn cái bài, mỗi bàn bốn cái ghế, tuy hơi nhỏ nhưng sạch sẽ và yên tĩnh, thoải mái.
- Món da heo chiên giòn rất ngon, hình như đây là món bán đắt của quán thì phải.
- Đây là lần đầu tiên ăn tại quán nhưng mình rất hài lòng và sẽ ghé lại.Xem thêm",76
1059,Mai Thảo,28/5/2019 17:35,7.6,"Bánh tráng cuốn 10k, giá rẻ bao ngon, có nước sốt vị ngon mà lạ nữa, đặc sắc . có xoài non, khô, dai dai không có mềm mà cũng không có khô lắm. Vừa ăn vừa miệng. 
Bữa mình bận đi làm ko có đi lại mua đc nên đặt trên foody đem lại giao. Giới thiệu được mọi ng ăn món ngon. Ai cũng khen lạ miệng. Vậy là mình cũng thấy vui có uy tín chút. Lần sau sẽ tiếp tục ủng hộ dài dài. Mong rằng vẫn còn ngon mãi như vậy ạ! :) :)Xem thêm",76
1060,Na Ti,12/5/2019 12:57,5.0,Không ngờ dì lan giờ nỗi tiếng như vậy hihi nhớ lại lúc học thới bình luôn chạy ra dì uống ts chắc cũng mười mấy năm rXem thêm,76
1061,Hoang Phuong Do,7/12/2018 22:04,7.8,"Ở đây chuyên bán các món ăn vặt đủ thứ loại luôn như da heo chiên giòn, xôi chiên thập cẩm, trà sữa, dừa tắc, sâm...1 đống thứ kể k hết mà món nào món nấy ngon đều hết
Đặc biệt thích nhất là da heo chiên, lần nào cũng ăn 1 dĩa (giá 30k) giòn rụm mà còn ngập mỡ hành. Nay thèm xôi chiên với cơm cháy nên kêu thêm ăn nữa (mỗi món 15k)
+ Xôi có nhiều loại nhân, nếu không biết ăn gì thì cứ ăn thập cẩm, còn không ăn được pate nhớ dặn trước bỏ ra
+ Cơm cháy topping khá giống da heo nhưng có thêm đậu phộng và không có nước chấm, chấm với nước chấm của da heo cũng ngon lắm nha
Không ăn được cay nhớ dặn trước vì cái vị cay ở đây khá bá đạo.
Xe đậu sát vách bên ngoài, vì đường đang nâng cấp nên khá bụi bặm.Xem thêm",76
1062,Diễm Chi,28/8/2018 11:01,7.8,"Hôm chủ nhật vừa rồi, hai đứa chọn quán cà phê nào ngồi lâu mà yên tĩnh thoải mái và có ổ điện. Cuối cùng chọn Kaffeine vì cũng gần nhà thờ, chiều đi lễ luôn cho tiện.

Bạn mình bảo quán mới thay đổi không gian, tầng trệt giờ mở ra kiểu quán cóc, tầng trên thì có thay đổi một tý và thay máy lạnh thành quạt. Cũng chọn được chiếc bàn dài để làm việc cho lap.
Mình định uống trà mà hết rồi, nên thôi uống đại món này: Mocha Frappucino 32k, đá xay mát lạnh, bạn béo uống Cà phê sữa 22k vị cũng ok.
Sau khi đi xuống tính tiền thì mới thấy một số loại cà phê Ý được ghi trên bảng mà không có trên menu, hơi tiếc, nhưng thôi để dành cho lần sau ghé.Xem thêm",77
1063,Diễm Chi,19/8/2018 21:43,7.8,"Quán này hồi đó giờ mình đi không nhiều lắm nhưng lần đầu mình đi ấn tượng cực tốt đến giờ vẫn ko có gì thay đổi, có không gian mới là mình chưa ghé lại chụp choẹt thôi. Nhân viên khá nhẹ nhàng, nhỏ nhẹ và lễ phép nữa. Điểm trừ duy nhất là không gian hồi đó hơi bé, giờ trông thoáng hơn rất nhiều ùi. ở đây ngoài đi học bài thì tụi mình còn đi chơi game nữa đó, chơi uno.

Đồ uống thì mình khá ưng bụng các vị trà nóng của quán, một số món chocolate cũng hấp dẫn cực.

Ảnh cũ giờ moi ra review sẽ sớm đi checkin ko gian mới!Xem thêm",77
1064,Phạm Trần Phương Trâm,19/8/2018 17:37,8.4,"Chỗ này cũng là 1 trong những chỗ có không gian đặc biệt dễ chịu. Giờ lại thiết kế thêm vụ cửa kính trong nữa nên nhìn ra bên ngoài từ trên cao như vậy rất là thích luôn. Bên dưới thì không gian mở, như kiểu cafe ghế đẩu nhỏ vậy á. Như hình là ly cookies đá xay. Đá xay ở đây thiên về vị ngọt nếu không có cafe xay chung. Bánh cookie được xay nhuyễn chung với phần đá xay và nửa cái bánh dùng để trang trí trên bề mặt nữa :3 Ly đó thì tầm 3x nhưng đáng tiền :3Xem thêm",77
1065,Hoang Phuong Do,12/8/2018 22:24,8.0,"Đây là một trong những quán khá là mới, tuy nhiên theo mình khá là ổn đó chứ, từ không gian cho đến thức uống.
- về không gian: không gian quán rộng rãi, thoáng mát. Cách bày trí của quán khá là bắt mắt và lạ vì những miếng gạch sắp xếp một cách vô tổ chức trên tường, có treo nhiều cây cảnh.
- về thức uống: menu quán khá nhiều món để lựa, từ trà cho đến các món khác. Theo mình đánh giá thì trà ở quán khá là ngon, nhiều hương vị lạ miệng, uống chung mật ong khá ngon. Các món nước khác cũng ô kê. Giá tạm ổn.Xem thêm",77
1066,Nguyễn Thị Thu Huyền,20/7/2018 11:03,8.2,"Quán này làm việc bao chất với bàn rộng lắm nè mà thấy hợp sáng với trưa chứ đôi dành cho mấy cặp hoặc nhóm vào đây chơi.
Nước được decor đẹp mắt và khá ngon luôn.
Nhân viên dễ thương, nhanh nhẹn lắm nhaXem thêm",77
1067,Hoang Phuong Do,11/7/2018 22:42,8.2,"Thấy quán cũng lâu rồi mà giờ mới có dịp quay trở lại.
- về không gian: hình như quán mới sửa lại đôi chút, rộng rãi hơn, sáng sủa hơn, mát mẻ hơn. 
- về thức uống: khá là nhiều món để chọn, từ món nóng đến món lạnh, từ ly đơn cho đến nguyên set. Nếu đi cùng bạn bè thì kêu set cũng tốt, vừa sẽ chia nhau uống, vừa có bánh ăn. Trà ở đây khá là ngon, uống cùng mật ong chứ không phải đường, tuy nhiên vị sẽ hơi lạt một xíu. Nếu so giá cả thì sẽ hơi đắt hơn so với ly nước mà bạn nhận được.Xem thêm",77
1068,Hoang Phuong Do,15/6/2018 19:30,8.6,"Từ lúc quán mở đến nay chắc đi được đôi lần. 
- về không gian: quán có kiểu trang trí khá đẹp, hơi cổ xưa xíu. Nhìn chung cũng rộng rãi và mát mẻ lắm. 
- về thức uống: menu dày cọm ngồi lựa cũng mệt mệt. Chủ yếu là các món trà, nếu đi tầm 3-4 người thì có thể kêu set, vừa được thưởng thức trà, vừa có bánh hoặc mứt ăn. Các loại trà ở đây được mix có hương vị khá lạ miệng nhưng lại rất ngon. Giá thì cũng hợp lý
- về phục vụ: nhân viên thân thiện và vui vẻ.Xem thêm",77
1069,Kiệt Nguyễn,14/6/2018 15:47,8.4,"Quán này nổi tiếng với những món trà, trong đó trà hoa là một trong những lựa chọn tuyệt vời của mình vì trà nóng với khói nghi ngút này giúp ngủ ngon hơn. View quán cũng khá đẹp để sống ảo đây, nhưng quán hơi nhỏ, không gian này thích hợp để đọc sách và dành cho những bạn thích yên tỉnh.
Ngoài ra, cũng có view ngắm đường phố cho các bạn nữaXem thêm",77
1070,Phạm Trần Phương Trâm,4/6/2018 19:43,8.0,"Được voucher kaffeine cũng lâu rồi mà chưa review đợt đi trải nghiệm thức uống mới :3 Như hình là choco volcano nhe :3 mình thấy trong menu cũng lâu rồi, nhưng mình thường uống ice blended và frappucino nhiều hơn, lần này gọi thử choco volcano thì mình thấy món này cũng khá ok :3 Kem phía trên là kem sầu riêng, có rắc thêm bột socola, phần này ổn :3 nhưng bên dưới là kiểu cacao đá, nếu là cacao đá xay thì ổn hơn :3 trình bày đẹp mắt, quán được trang trí đẹp :3 nói chung là ổn, chỉ có phần đó mình nghĩ cần phải cải thiện :3Xem thêm",77
1071,Hoàng Huy,17/5/2018 17:36,8.0,"Quán này nằm kế bên nhà nên mình cứ hay chạy qua quán này để uống nước với ngồi làm bài xuốt à, mà từ lúc quán làm lại tới giờ chưa có dịp quay lại nữa, này là mình gọi 1 ly cà phê sữa đá để uống, giá cả ở đây mình thấy cũng khá là rẽ nhe nhân viên quán thân thiện và nhiệt tình lắm, nước uống ở đây cũng đậm đà và chất lượng lắm luôn ấy chứ, với lại không gian quán cũng yên tĩnh nên mình thích hay qua quán là vậy, sẽ ủng hộ quán lần nữaXem thêm",77
1072,Ngọc Trâm Lê Thị,27/9/2018 11:50,7.6,"Điều đặt biệt của quán cũng chính là tên quán. Gáo Dừa- tất cả những thức uống ở đây đều không sử dụng ly, tách hay những loại chai lọ thủy tinh như những quán khác, mà thay vào đó là Gáo Dừa, nét đặc trưng không lẫn vào đâu được. Nước uống cũng khá đa dạng (trong ảnh là trà chanh). Mỗi lần lại đây, mình rất hay ăn đồ chiên vì tương chấm ở đây rất ngon và có kèm cả dưa chua cũng ngon không kém. Quán thích hợp cho hội ăn vặt tám chuyện xuyên lục địa 🤣Xem thêm",78
1073,Trang Ngọc,19/8/2018 22:45,8.0,"Nghe nói bánh tráng cuốn ở đây ngon lắm nên đã ghé quán để trải nghiệm thử. Quán nằm trên đường Lê Lợi, xéo xéo Mường Thanh. Không gian cũng khá rộng và thoáng mát. Bánh tráng cuốn ăn ngon lắm, trang trí cũng đẹp ghê luôn với 2 cuộn bánh tráng ở 2 bên và một dãy trứng cút ở giữa. Nhân ở bên trong ăn khá ngon có xoài trong đó nữa. Ăn chung với sốt Mayonaise ngon khỏi chê luôn. Ngoài ra có phần trà đá tặng kèm nữa. Phần như hình có giá chỉ 12k mà thôi.Xem thêm",78
1074,Phạm Trần Phương Trâm,7/8/2018 7:08,8.0,"Hôm nay thèm dừa tắc nên đến quán này uống luôn vì nghe nói khá ngon. Quán nằm trên đường Lê Lợi, nằm kế bên là bánh flan Ngọc Ngân nên khá dễ tìm :3. Không gian quán cũng khá rộng, nhìn đơn giản nhưng khá thoáng mát và sạch sẽ. Menu ăn vặt đa dạng với nhiều loại khác nhau như trà sữa, đồ chiên, bánh tráng. Như hình là ly dừa tắc của quán, uống cực kì ngon luôn, có cái của dừa và thạch, ăn khá ngon, có thêm mùi của trái hạnh nữa. Ly như hình có giá 12k mà thôiXem thêm",78
1075,Hien Pham,5/8/2018 22:33,9.6,"Đồ ăn ngon, nước uống ngon, giá cả hợp lí, làm nhanh nữa vì mình chờ 15ph là có đồ ăn rồi. Mình gọi phần combo 30k mà  đồ ăn kèm có kim chi, hoành thánh,...
Rất thích quán luôn. Khi nào có dịp về Cần Thơ mình sẽ ghé ủng hộ quán liềnXem thêm",78
1076,Nguyễn  Thị Phương Dung,18/6/2018 9:44,8.0,"Quán bán đồ ăn vặt vừa nhiều loại nhiều món chủ yếu là đồ chiên và đồ uống. Với việc bán theo món thì thấy quán rất ok, món nào thì giá đó do vậy cỡ 50k - 60k là ăn đc 3-4 món rồi. Đi nhóm thì kêu 1 phần thập cẩm 30k,  thêm đồ chiên như ốc nhồi, hồ lô,... Mà còn có những món quán tự làm cũng ăn rất ngon luôn. 
   Đồ uống cũng nhiều loại có dừa tắc, chè khúc bạch... Mà vui là ông chủ vui vẻ nhân viên cũng nhanh nhẹn nữa. Vào kêu 3-5 phút là đã có rùi,  đem ra trước trà đá trong lúc chờ nữa áXem thêm",78
1077,Nguyễn  Thị Phương Dung,16/4/2018 21:17,8.0,"Lâu lâu thèm ăn vặt là ghé đây à địa chỉ tin cậy bao ngon rẻ và cực no nhé. Nước thì ko biết cái gì ngon cứ đồ ăn là mún hết cái menu lun rồi đặc biệt là đồ chiên. 
    Thích nhất là phần thập cẩm 30k-40k-50k  ít da hoành nhưng nhiều cá viên, bò, chả cá da, có cả tôm nữa ăn rất thích và chiên cũng vừa lửa nữa. Kế tiếp là món hải sản mayo... Này chỉ riêng quán có thui và ngon khó cưỡng lun, bên ngoài lớp bột áo có bánh giòn giòn xung quanh, bên trong là sốt mayonnaise khi ăn chấm vs tương ớt ...ngon tuyệt á.  Cung ko quên kêu món khoai tây chiên ráo dầu nữaXem thêm",78
1078,Nguyễn  Thị Phương Dung,15/3/2018 21:53,8.0,"Ăn thường xuyên chỗ này vì vừa rẻ vừa ngon nữa mà món nhiu tha hồ lựa có cả đồ ăn vặt như bánh tráng nữa.  Với bán đồ ăn theo món mình thích hơn vì chọn đc món thích ăn thì ăn đc nhìu hơn nữa. 
   Vào ngồi là coa trà đá sẵn free lun, rồi dưa chua này kia hết thì xin nữa vẫn ok. Ngồi chờ cũng ko lâu. Mà đồ chiên thì đầu tiên là kêu phần thập cẩm sau đó là những món như hải sản may, rồi ốc, tôm, hồ lô, hay khoai tây chiên.... Bánh tráng cuốn có trứng  cút cũng ok lắm ngheXem thêm",78
1079,Trang Ngọc,11/3/2018 22:54,8.4,"Tháng nào cũng ghé Gáo dừa mấy lần. Ở đây được cái đa dạng món, món nào cũng ngon mà giá phải chăng nữa, có thể hẹn hò bạn bè vừa ăn vặt vừa tám chuyện. Nay mình vẫn gọi món dừa tắc quen thuộc và chè. Chè không ngọt lắm nên ăn không sợ mập. Không gian quán cũng khá thoải mái, thoáng mát. Quán phục vụ nhiệt tình, nhanh nhẹn, không phải đợi lâu. So với lúc còn bên mặt bằng cũ thì quán hơi vắng khách một chút. Chắc chắn sẽ còn quay lại quán hoài hoài.Xem thêm",78
1080,Trang Ngọc,8/2/2018 17:55,8.6,"Quán này phải nói xứng đáng là quán ăn vặt hàng đầu Cần Thơ luôn :)) Thấy menu đa dạng mà mỗi lần lại cứ như thấy món mới hoài hoài, kiểu không ngừng bổ sung menu vậy. Đồ ăn thức uống thì rất chất lượng, ít có món nào mình gọi ra mà không hài lòng, chỉ có chê hơi ít thôi :D Giá cả thì lúc nào cũng bình dân, cầm theo 100k đi 2 người là ăn uống no nê. Mấy bạn phục vụ ở đây chủ yếu là nam nhưng khá khéo léo, vui vẻ, nhiệt tình.Xem thêm",78
1081,Phạm Trần Phương Trâm,19/1/2018 0:15,8.2,"Nhắc đến mấy quán ăn vặt mà mình thích nhất thì phải kể đến Gáo dừa. Quán này không gian tuy không rộng lắm nhưng cũng thoáng mát, sạch sẽ, nhân viên dễ thương, thân thiện. Menu quán đa dạng món lắm, có cả đồ ăn no lẫn ăn vặt luôn. Nay mình ăn chè khúc bạch thấy cũng ok lắm, tô chè nhiều, không ngọt lắm, mấy viên khúc bạch thì beo béo. Bạn mình thì ăn một món chè khác, có nước cốt dừa, bạn mình nói cũng ổn, không ngọt lắm, hợp với khẩu vị nó. Quán còn free tẩy đá nữa.Xem thêm",78
1082,Hoàng Phụng Nhi Nguyễn,3/3/2020 19:16,5.0,"Trà sữa Min Chef những năm trước nổi tiếng lắm, trên fb là mua ỳ đùng, sau đó qua foody. 

Lần 1 mình thất vọng là trà sữa đào bị chua ê (sữa bị lợn cợn tách hẳn với đào uống bị ê kì lắm phải bỏ nguyên ly) 

Lần 2 là sau 2 năm quay lại, tháng 3/2020 quay lại mua trà sữa nhưng hết nên đành mua matcha, ly sữa ko còn in logo gì hết chỉ là ly thường, nắp đậy ko kín đổ sữa tùm lum, trong sữa có tóc. Đang mùa dịch bệnh mà thấy cảnh vậy nản hết sức nản. Ly 30k mà ko chất lượng như trc. Thà mua mấy thương hiệu khác. 

Mình ko nghĩ trà sữa Min Chef sẽ còn đông khách hay trụ lại được lâu. Thấy tiếc cho một tên tuổi một thời...Xem thêm",79
1083,Trinh Châu,10/7/2019 13:34,6.0,"Đặt hàng trên now.vn lúc 9h15, giao hàng lúc 9h35
Mình yêu cầu không để topping và đá: trà sữa matcha được khoảng 180ml
Bỏ thêm topping thì được khoảng 335mlXem thêm",79
1084,Ph.Hang,17/1/2019 10:35,9.0,Trà hoa cúc size L nước uống ngọt thanh lại có nhiều topping kèm theo dẻo dẻo dùng rất thích. Giá cả thì quá rẻ cho một ly như thế này 💓 Uống bao nhiêu lần cũng không biết chán 😚Xem thêm,79
1085,Phuc Nguyen,20/12/2018 22:48,2.8,"Nghe review dữ lắm nên lần đầu uống Sữa Tươi TC Đường Đen của MinChef. Uống tới trân châu tưởng đâu mới ăn thịt nướng hôi khói, trân châu mềm nhũng, có mùi và vị khét. Sữa thì dùng TH True Milk vị bình thường thôi. Không xứng đáng được cho là Bestseller.Xem thêm",79
1086,Lợi Nguyễn,14/12/2018 22:34,8.2,"Thèm sữa tươi trân châu đường đen nên rủ bạn lại đây thử. Thiết kế ly rất dễ thương, trẻ trung. Sữa thơm nhẹ, beo béo, trân châu dai vừa, vuông vuông, thơm mùi socola. Phục vụ nhanh tay. Nghe nói có món mới hôm nào sẽ ghé thử ^^Xem thêm",79
1087,Hiếu Nguyễn,10/12/2018 11:09,7.6,"Thấy quán có món mới nên ghé thử, một phần chè khúc bạch như hình giá 30k bao gồm: khúc bạch các loại, các hạt gì cứ như ngọc trai, hạt chia, hạt hạnh nhân. Các viên khúc bạch mùi vị hơi nhẹ nhàng, dẻo vừa miệng.Xem thêm",79
1088,Nguyễn Thị Thu Huyền,3/12/2018 20:21,7.0,"Thạch tràn ngập và ngon
Nước đa dạng nữa nè.
Thích nhất sữa tươi trân châu đường đen nhe, sữa tươi k đường với trân châu dai vừa, ly chà bá có 20kXem thêm",79
1089,Phạm Trần Phương Trâm,19/11/2018 12:27,8.0,"Chạy ngang trà sữa min chef sẵn đang thèm sữa tươi trân châu đường đen nên mình ghé vào mua luôn. Sữa tươi trân châu đường đen của quán được cái là ly nào mua mang về cũng còn nóng hổi, trân châu ăn là biết nhà làm, hình vuông vuông chứ không phải tròn, trân châu ngọt mà béo lắm nhe, sữa tươi vị nhạt nên hòa quyện chung với nhau cực kì hợp luôn ấy. Ly trà sữa được ép nắp nên không sợ đổ :3 Quán này chỉ bán online hoặc mang đi thôi, không có không gian hay chỗ ngồi gì hết :3 Giá cả cũng phải chăng :3Xem thêm",79
1090,Hoàng Huy,13/11/2018 12:03,8.0,"Hôm nay ở văn phòng mình có đặt món sữa tươi trân đường đen của quán này để uống, theo mình cảm nhận thì sữa tươi của quán có độ beo béo vừa phải lắm nhe, trân châu quán cho ta nói cực kỳ nhiều luôn ấy, mà giá cả cũng vừa phải à nhe, trân châu dai dai ăn mà sướng cái miệng lắm luôn kìa, nhân viên giao hàng cũng mau lẹ lắm luôn nhe mình đặt rồi hẹn giờ giao, thấy giao cực kỳ đúng giờ luôn ấy chứ, sẽ ủng hộ quán thường xuyên hơn nữaXem thêm",79
1091,Phạm Trần Phương Trâm,18/10/2018 16:29,8.4,"Trà sữa Min Chef cũng khá là nổi tiếng, mặc dù chỉ là quán nhỏ, order hoặc mang về thôi. Menu của quán cũng đa dạng. Như hình là ly trà hoa cúc ngọc trai 700ml có giá là 30k. Lần trước có code giảm 50% nên thành ra ly chỉ có 15k thôi, chứ nếu với giá bình thường thì mình nghĩ nên order ly 500ml để có cơ hội thử nhiều món trong menu. Ly trà hoa cúc ngọt thanh, nên mình cũng khá là thích, topping nhiều, ăn cũng đã miệng. Mình thích nhất là trân châu củ năng ở đây, rất đáng để thử :3Xem thêm",79
1092,Trang Anh,16/11/2023 15:29,5.0,10 điểm ko có nhưngXem thêm,80
1093,Thư Phạm,28/10/2023 13:38,8.0,"Quán ngon, dịch vụ tốt, rẻ. Xứng đáng dc đông khách 🥰 thiếu nước chấm hải sản; thiếu xôi xoài và tôm sống sốt Thái nữa là hết ýXem thêm",80
1094,Nguyen Thu,13/12/2020 13:46,6.8,"Cơm chiêm hải sản tiêu đen
Giá hơi đắc hơn 50 ngàn 1 phần được 2 con tôm 2 miếng mực. Cơm và sốt tiêu đen vị okXem thêm",80
1095,Hoàng Nhi,7/9/2019 0:30,7.8,"Từ lúc quán dời từ đường Hoàng Văn Thụ về Nam Kỳ Khởi Nghĩa (kế bên HongKong 68) mới ghé ăn lại. Dời về đây có mặt bằng rộng rãi nên không gian cũng rộng, thoáng & sáng hơn nhiều. Với cũng có nhiều khách du lịch nước ngoài ghé ăn. 
Menu chắc cũng như cũ, mà không biết có phải do trước thỉnh thoảng mình mới ghé ăn nên không để ý hay sao mà lần này ngồi lướt coi kĩ menu mình mới thấy giá thành tương đối hơi cao. Về chất lượng món ăn thì mình thấy cũng ok đó. Chỉ là hôm nay phần thịt trong cơm chiên hơi bị mỡ nên ăn khá ngán & nêm nếm hơi quá tay một chút, với cả rau xào trong mấy món mì xào lúc nào cũng sắc miếng bự quá nên hơi khó nhai. 
Cô chủ vẫn luôn vui vẻ, nhiệt tình và đặc biệt rất hiểu tâm lý mấy khách mà chọn món lâu như mình.Xem thêm",80
1096,Matthew KwanYin,1/9/2019 18:49,1.0,"Chưa thấy quán nào nó bán chém khách cắt cổ như quán này. Đặt 1 phần gỏi đu đủ hơn 21k thấy hết hồn luôn, có một chút xíu đu đủ và rau, duy nhất 1 con tôm nhỏ xíu và hết! Cơm dương châu xá xíu thì thịt vừa cứng vừa dai cơm thì quá lửa cơm nhiều thịt ít 1 phần gần 50k! Bán không có tâm vậy chắc chủ quán mau giàu lắm! Tôi thì ăn một lần và say good bye luôn :)))Xem thêm",80
1097,Lam Nguyễn,30/8/2019 20:04,7.0,"Quán nhiều khách nước ngoài đến ăn, phục vụ nhanh, không gian thoáng. Nhân viên thái độ lịch sự. Đồ ăn được, khá nhiều cho một người.Xem thêm",80
1098,Trang Ngọc,18/10/2018 21:11,8.6,"Cứ mỗi lần muốn ăn lẩu là nghĩ liền đến Tomato Pad Thái liền luôn. Anh, chị chủ rất thân thiện và nhiệt tình. Quán bây giờ cũng thường xuyên có khách nước ngoài đến. Hôm mình ghé mưa nên vắng chứ bình thường có mấy hôm không có chỗ ngồi luôn. Lẩu 2 người ăn chỉ 83k, có 2 gói mì hoặc 1 dĩa bún. Kêu thêm nước nữa thì tính ra tầm 100k ngoài là có nồi lẩu ngon lành. Đồ ăn tuy không nhiều nhưng tươi, chất lượng. Quan trọng là nồi lẩu được nêm nếm vừa miệng. Bàn ghế chén đũa sạch sẽ.Xem thêm",80
1099,Hoàng Nhi,7/10/2018 20:30,7.2,"Lâu lâu đổi khẩu vị với những món ăn kiểu Thái cũng là một ý hay. Đi từ đường Xô Viết Nghệ Tĩnh hướng lên cầu Ba Khía thì quẹo phải qua đường Hoàng Văn Thụ, chạy thêm xíu nữa là thấy quán ngay. Quán tuy hơi nhỏ nhưng sạch sẽ, chỗ ngồi vẫn thoải mái. Quán không trang trí gì nhiều, chỉ có cái bảng menu to đùng ở trên tường. Mình cũng không thấy quán có nhân viên gì, chỉ thấy có mỗi chị chủ quán vừa order vừa bưng món lên cho khách và 1 anh đầu bếp nhưng chị chủ quán rất vui vẻ, nhiệt tình và lên món nhanh cho khách. 
Về món ăn thì menu ở đây rất đa dạng luôn. Nào là cơm, mì, lẩu,... cho các bạn lựa chọn đã luôn. Bình thường khi nghe đến món Thái chắc nhiều người thường nghĩ món Thái rất là cay và chua nhưng ở Tomato thì không nhé. Các món ăn như Pad Thai, mì xào hải sản kiểu Thái, mì xào bò kiểu Thái,... được nêm nếm rất vừa miệng, hợp với cả những bạn không ăn được cay nhiều. 
Bạn nào mà lâu lâu ngán cơm muốn thử một món ăn nào đó vừa ngon vừa lạ miệng lại no bụng thì nên ghé Tomato - Pad Thai 🍗🍛🍝Xem thêm",80
1100,Phạm Trần Phương Trâm,19/8/2018 7:03,8.2,"Quán này cũng thuộc dạng các quán lẩu yêu thích của mình. Chỗ này menu rất đa dạng luôn, từ cơm, mì, tới lẩu nào cũng ok hết. Giá cả thì bình dân, chỉ có không gian là hơi nhỏ, nếu đông quá sẽ cảm thấy khó chịu. Đương nhiên vào đây mà ăn lẩu là khỏi chê luôn ấy. Cả dĩa đồ ăn hoành tráng, rau cũng được rửa sạch sẽ lắm :3 nước lẩu thì nêm nếm cũng vừa ăn, chua chua cay cay. Mình thấy người ta khen gà ở đây cũng nhiều nên chắc có dịp sẽ thử xem như thế nào :3Xem thêm",80
1101,Phương Trần,30/7/2018 22:54,8.0,"Mình ăn cay cực dở nhưng được cái ai rủ ăn gì là đi ngay thôi. Ban đầu nghe tên quán có liên quan đến thái là mình nghĩ rất cay, khó ăn lắm nhưng khi thử rồi mới thấy, vừa ăn chứ không cay lắm, vị nêm nếm cũng lạ lạ lắm nên không có bị ngán. Không gian quán không rộng lắm nên có bắt mấy bàn ngoài lề đường ngồi rất mát, quán trang trí xung quanh bằng cái menu rất to, có chụp hình món ăn nữa nên nhìn là thấy hấp dẫn liền. Cái lẩu trong hình cho 2 người 83k, e theo mình là ok đấy.Xem thêm",80
1102,Trúc Vân,15/7/2021 23:09,3.0,"Thái độ nhân viên tệ, báo cho chủ quán cũng ko giải quyết triệt để mà còn thái độ lại với khách. 3 bạn nv đều ko tốt, có camera nhưng chủ quán chỉ xem rồi thôi chứ k bảo họ xin lỗi đàng hoàng (chỉ 1 người xin lỗi), chủ quán cũng bảo gửi camera cho mình làm bằng chứng nhưng nửa tháng rồi vẫn im, mình nt hỏi seen luôn k thèm trả lời. Xem thường khách hàng cực kỳ!!!Xem thêm",81
1103,Qua Mạnh Mẽ,11/7/2021 8:42,1.0,"Sáng nay mua bánh canh Việt giò heo mà giò bị hôi, cứng thật cứng. Mùa dịch mà buôn bán như vậy không thể chấp nhận. Quá tệ!!!Xem thêm",81
1104,Tien,10/7/2020 22:16,8.8,"Mình đang đợi mua bánh canh đem về thì trời đổ mưa lớn. Bạn phục vụ đưa đồ ăn xong thì cứ kêu mình đứng xích vô trong lo mình bị ướt. Mình thì ngại sợ choáng chỗ để xe của quán nên chỉ nép nép ko bị ướt là đủ rồi. Còn bạn ý thì nhiệt tình một mực kêu hoài dễ thương dễ sợ luôn :))
Bánh canh ngon, thơm, rất vừa miệng. Nói chung mình rất hài lòng từ chất lượng đến sự nhiệt tình của quán.Xem thêm",81
1105,Trinh Châu,7/3/2020 16:50,8.0,"- Bánh canh cá lóc 25k +Mã giảm giá 25k + phí ship >>> 15k
Đặt hàng trên Shopee App lúc 8h57, giao hàng lúc 9h5
Bánh canh cá lóc 25k: 3 miếng cá lóc, bánh canh, xà lách, rau huế, hành phi, tiêu, ngò gai
- Bánh canh chả cá 20k+chả cá thêm 10k+Mã giảm giá 30k + phí ship >>> 15k
Đặt hàng trên Shopee App lúc 9h38, giao hàng lúc 9h46
Bánh canh chả cá 20k+chả cá thêm 10k: 10 lát chả cá, bánh canh, xà lách, rau huế, hành phi, tiêu, ngò gai
- Bánh canh mực 30k+chả cá thêm 10k+cá lóc thêm 15k+Mã giảm giá 30k + phí ship >>> 40k
Đặt hàng trên Shopee App lúc 9h47, giao hàng lúc 9h55
Bánh canh mực 30k+chả cá thêm 10k+cá lóc thêm 15k: 5 lát chả cá, 2 miếng cá lóc, 6 miếng mực, 2 cục tàu hủ chiên, bánh canh, xà lách, rau huế, hành phi, tiêu, ngò gai
- Bánh canh cá lóc 25k +cá lóc thêm 15k+Mã giảm giá 30k + phí ship >>> 25k
Đặt hàng trên Shopee App lúc 9h42, giao hàng lúc 9h49
Bánh canh cá lóc 25k +cá lóc thêm 15k: 7 miếng cá lóc, bánh canh, xà lách, rau huế, hành phi, tiêu, ngò gaiXem thêm",81
1106,Thy Lý,6/10/2019 15:59,7.4,😍Xem thêm,81
1107,barbie Nk,10/9/2019 19:33,9.6,"Bánh canh thập cẩm đặc biệt 40 k
Có đủ loại giò heo ,thịt,mực, nghêu, ốc móng tay, cá lóc, huyết.;chả cá...1 tô cực nhiều,thêm nhiều rau với nước.😙Xem thêm",81
1108,barbie Nk,22/7/2019 17:56,10,Bánh canh hải sản 😘😘😘Xem thêm,81
1109,Thy Lý,9/6/2019 22:18,7.4,Bánh canh hải sản 30kXem thêm,81
1110,Châu Phúc,17/5/2019 22:30,2.8,"Mình và gia đình sẽ không bao giờ quay lại đây ăn nữa. Phục vụ thật sự vô cùng tệ. Mình đi cùng ba mẹ và em trai, lúc vào quán thì quán khá vắng, chỉ có ba bàn đang ngồi ăn. Có nhân viên ra ghi menu cho nhà mình. Trong lúc chờ đợi đồ ăn lên thì có 4 nhóm người lần lượt vào quán (vì mình ngồi đối diện cửa ra vào và chán quá quan sát xung quanh nên thậm chí mình nhớ rõ thứ tự của các khách vào sau như thế nào luôn). Ngồi đợi một hồi thì NV bưng được 2 đĩa rau và 1 bình trà đá ra. Các bạn có tưởng tượng được không, mẹ mình ngồi lặt hết cả một đĩa rau to mà đồ ăn vẫn chưa lên. Thôi thì cứ cho là phục vụ chậm chút, nhưng cái đáng giận ở đây là gia đình mình ngồi đợi rất rất lâu và nhìn NV lần lượt bưng đồ ăn cho các bàn vào sau trước mà không thèm ngó ngàng gì đến nhà mình. Mẹ mình gọi NV lại hỏi sao vào trước mà đợi nãy giờ vẫn không có đồ ăn thì thái độ các bạn NV rất tệ, chỉ dạ dạ dạ cho qua chuyện, sau đó tiếp tục phục vụ các bàn đến sau!!! Thậm chí mẹ mình đã ra tận quầy nấu bên ngoài để hỏi xem như nào thì câu trả lời vẫn chỉ là dạ dạ dạ, thậm chí NV quản lý (bạn áo trắng) chỉ đổ thừa tại máy sót bill??? Nếu mà máy sót bill vậy chẳng lẽ gần chục NV trong quán là để làm cảnh? Các bạn không nhìn ra được ai vào trước vào sau sao? Vậy cho hỏi nếu máy móc trong quán bị hỏng hóc thì quán nghỉ kinh doanh luôn à? NV có được training trước khi vào làm không vậy? Nếu mọi chuyện dừng lại ở đó thì mình đã không bức xúc như vậy. Điều quá đáng nhất là thậm chí đến cuối cùng NV bưng được mỗi MỘT tô duy nhất, gia đình mình quá bức xúc kêu tính tiền tô đó và bỏ về mà từ đầu đến cuối NV trong quán (gần chục người) KHÔNG MỘT NGƯỜI NÀO ĐỨNG RA NÓI MỘT TIẾNG XIN LỖI. Mình và em mình ra dắt xe còn có một bạn nam chạy theo nhìn ngó liên tục. VÀ CHẤM HẾT. Gia đình mình đã rất lịch sự, không hề lớn tiếng la mắng và đã cho các bạn quá nhiều thời gian và cơ hội. Chỉ cần một tiếng xin lỗi thôi thì mình đã bỏ qua. Nhưng không. Các bạn có tin được không thậm chí khi nhà mình trả tiền NV còn quên mất không thối tiền dư lại, phải đợi đến lúc ba mình nhớ ra và quay lại lần nữa đòi. Còn NV quản lý thì từ chỉ đứng ra đổ lỗi cho cái máy xong rồi xách xe biến mất. Nói thật đây là cung cách phục vụ TỆ NHẤT mình từng gặp luôn đó. Chắc chắn sẽ không bao giờ quay lại Bánh Canh Việt lần nào nữa. Quá hãi rồi. Uổng cho câu slogan nghe thật kêu của các bạn: ""Khách hàng là chén cơm manh áo."" Cho cười chút nha. À bình luận này không có ảnh kèm theo đâu, có được ăn đâu mà có ảnh.Xem thêm",81
1111,Trang Hậu Huỳnh,18/4/2019 15:05,7.0,"Bánh canh không đặc biệt lắm,không tệ nhưng ăn xong là quên luôn không nhớ nó thế nào, bánh cũng không dai,nước vừa ăn,phần thập cẩm có cá,chả,tôm .Ăn lần rồi thôi 😂Xem thêm",81
1112,Artemis N,21/11/2020 2:20,4.2,"Mình và bạn cùng đi ăn phần 5 món theo cảm nhận về món ăn thì ngon, đồ ăn chất lượng. Nhưng khi trả tiền thì bạn nhân viên lại tỏ thái độ khiến mình rất bức xúc, mình đang vừa lấy tiền trong ví ra, chưa kịp cầm ra để đưa cho bạn đó thì đã bị giựt một phát làm mình giật bắn mình :( còn khi trả tiền thối thì bạn cứ như đưa bố thí vậy. Mong quán xem lại cách hành xử của bạn nhân viên. Chứ mình thấy thất vọng vô cùng với thái độ coi thường khách như vậy.Xem thêm",82
1113,Ron Swift,14/11/2018 14:55,7.4,"Vị trí: quán nằm phía đối diện Đại học Cần Thơ, đoạn gần với đường Lê Bình í. Mặt tiền bảng hiệu quán cũng lớn nên khá dễ tìm, bán từ sáng đến chiều luôn. Quán này thì mình thích đi ăn sáng hơn do sáng trời mát, ăn món này đỡ nực nội. 
Nhân viên quán hơi chậm chạp, lúc tụi mình ngồi ăn là chỉ có 3 bàn mà phải tới 15 phút mới ra món. Phần bò số 3 của quán nhiều đồ ăn, gồm thịt bò, trứng, pate, xúc xích nữa. Rau trộn hơi chua nên khó ăn, đã bao gồm luôn ly pepsi.Xem thêm",82
1114,Ron Swift,21/10/2018 18:24,7.2,"Cần Thơ thì nhiều quán bò né lắm, như bò né A Hỷ bên Trần Hưng Đạo nè, hay bò né kim chi bên Mậu Thân, rồi hệ thống 3 Ngon nữa. 3 Ngon thì có nhiều chi nhánh, bên 3/2, bên Mậu Thân, với bên 30/4 nữa. Bên 3/2 này thì rộng rãi hơn nên mình thích đi ăn, cũng vì sợ vào mấy chỗ chật chội bị bám mùi của món này thì khổ. Mình ăn một phần thập cẩm gồm trứng, pate, xúc xích, bò gồm luôn cả dưa chua với pepsi. Đồ ăn ở đây thì ngon nhưng nhiều dầu mỡ, với không có nước sốt để chấm nữa.Xem thêm",82
1115,Phương Trần,1/10/2018 23:07,8.2,"Thấy hệ thống bò né 3 ngon mở rầm rộ nhưng vốn không thích món này nên mình chưa ăn thử lần nào. Hôm nay nhỏ em đòi ăn nên 2 chị em đi ăn. Quán ở đường 3/2, xéo quán cafe Pha Lê, không gian quán cực kì rộng, ngồi ngoài trời nên rất thoáng và thoải mái. Nhân viên phục vụ đa số là mấy bạn sinh viên nên nhanh nhẹn và nhiệt tình lắm. Mình gọi phần này nhớ không lầm là thập cẩm 2, có thịt bò, trứng 2 cái, pate, xúc xích, chả lụa nữa, có rất nhiều đồ ăn nên thịt bò hơi ít lại, nêm nếm cũng vừa ăn lắm.Xem thêm",82
1116,Ngọc Trâm Lê Thị,27/9/2018 22:07,7.2,"Trên ảnh là 1 phần bò truyền thống 25k (gồm bò, trứng ốp la và pate gan) ăn kèm với salad (quán trộn salad với cà rốt cắt sợi, kèm xíu ớt, hình như là trộn với giấm ăn thì phải haha, mình cũng không rõ nữa nhưng rất ngon và mọi thứ đều rất sạch sẽ). Bánh mì mềm mại không khô cứng (1 phần là 1 ổ bánh mì thôi nha) và 1 ly pepsi. Điểm trừ duy nhất chính là hôm nay quán không có nhân viên coi xe, nên lúc ra thì xe hơi lộn xộn và mình không có đường cho xe lui ra luôn. Nên nhỏ bạn mình phải tự dời xe của khách khác. Còn lại mọi thứ đều ok.!Xem thêm",82
1117,Đăng Khoa Huỳnh Lê,17/6/2018 21:44,8.2,"Mình khá là thích món mỳ gà da giòn của quán, nhưng mới đi hôm trước quán bảo là không còn bán nữa - đành ngậm ngùi ăn đỡ bò né.
Hi vọng là quán sẽ bán lại mỳ gà.Xem thêm",82
1118,Lê Trần Quyết Tâm,12/6/2018 14:57,7.6,"Bò né 3 ngon - Đường 3 tháng 2 Cần Thơ

Lần đầu tiên được bạn giới thiệu đi ăn bò né ở đây, cảm giác ban đầu thì hơi ngờ ngợ sợ không ngon, bước vào xem menu chọn món, thì chọn thử mì gà

Đợi hơi lâu, tại quán quên phần mì gà phải nhắc thì nhân viên mới nhớ. Nhân viên làm nhanh tay, mì nóng hổi có liền, mì gà rất ngon, da giòn, tươi.

còn phần bò né của bạn mình là combo 2, rất hấp dẫn hơi tiếc vì không gọi thử, lần 2 đến chắc chắn ăn thử món bò nướngXem thêm",82
1119,Hoang Phuong Do,11/6/2018 21:43,7.6,"Chiều biết ăn gì đây? Thôi ăn nhẹ nhàng với bánh mì thôi vậy.
- về không gian: quán rộng rãi, thoáng mát, bãi xe trước quán, có nhân viên coi và phụ dẫn. Trong quán có hồ cá nom cũng vui mắt, ngồi trong quán mà nghe tiếng xèo xèo cũng đã tai lắm.
- về món ăn: bưng cái phần đồ ăn ra mà còn nóng như lúc trên lò, dầu còn sôi ục ục, xèo xèo nghe sướng rơn. Bánh mì thì nóng hổi, giòn tan, phần đồ ăn là no cả buổi tối luôn. Rau ăn kèm chua chua ngọt ngọt. Có free pepsi. Giá thì hợp lý cho một buổi chiều nhẹ
- về phục vụ: nhanh và vui vẻXem thêm",82
1120,No Name,11/6/2018 14:34,7.4,"Nói chung là lần ăn ở đây , thấy chất lượng khá tốt nên mình có thiện cảm ở chỗ này hơn vài chỗ ba ngon khác , phần đồ ăn thì không chê được rồi 
thứ nhất là thịt ở đây khá dai và ăn rất thấm vị rất thích
phần topping như là trứng với xúc xích rất đã ăn tưới với rất thích :3
Nhân viên thì nhiệt tình với nhanh nhẹn , làm việc cực hiệu quả
Không gian thì rộng rãi thoải mái  ăn uống , với không sợ ẩm mùi xung quanh :3Xem thêm",82
1121,Thuy 🟢,24/5/2018 10:44,9.8,"Rất thích ăn bò né ở đây vì đơn giản là nó ngon và hợp vốn khẩu vị của mình hihi
Một phần như hình thì chỉ có 35k mà ăn rất đã miệng, thường thì mình sẽ kêu quán cho thêm bơ nhiều nhiều vì rất thơm. Cộng thêm quán có không gian thoáng mát và rộng rãi, nhân viên làm việc cũng rất mau lẹ không phải chờ đợi món quá lâu.Xem thêm",82
1122,Vũ Nguyễn,23/6/2020 16:22,8.4,"Mình chưa từng ăn bánh ở đâu mà ngon như Cake house, bánh khi giao đến cho mình vẫn còn nóng, giòn và thơm. Bánh bông lan không bị hôi mùi trứng, vị ngọt vừa đủ, phần topping đa dạng. Bánh su kem cũng rất giòn và tuyệt, mình ưng ý nhất topping của cả 2 loại Ụ w U. Ấy vậy mà giá vô cùng hời luôn, rẻ hơn tất cả mọi chỗ trước đó mình mua. Thật sự chưa bao giờ mua bánh ở đâu mà ưng ý như shop, mong shop ngày càng phát triển
Luv uuuXem thêm",83
1123,Trần Anh,14/10/2018 10:07,7.2,"Giờ tiệm bánh không còn bán ở đường Mậu Thân nữa, giờ quán chuyển sang dạng online rồi, mình cũng có theo dõi page bên FB thì thấy quán hằng ngày hay update hôm nay có món bánh gì, và có cả luôn SĐT để gọi ship. Mình hay gọi trực tiếp SĐT để kêu ship lắm, mà menu thì thường cũng có mấy loại bánh như lúc còn bán tại quán.
Bánh su kem, bánh tart trứng, có bánh bông lan cuộn cũng khá ngon, mà ngon nhất vẫn là bánh bông sốt phô mai trứng muối. Nhiều khi mình mua ngay lúc bánh mới ra lò là còn nóng hổi luôn, mà mình thấy hầu như là ship ở đoạn đường nào và giá bao nhiêu cũng tính tiền ship hết. Đợt hỗm mình order tiền bánh cũng gần 200k mà vẫn tính ship mình 10k chứ không được free ship.
Mình thích bánh su kem ở đây, kem nhiều mà vị trà xanh ngọt béo hơn vani, ngoài ra bông lan cuộn hạt điều cũng ngon lắm, bánh bông lan là dạng bánh socola. Mong quán sẽ sớm mở lại ngồi tại chỗ để mình còn lại quán nhâm nhi ^^Xem thêm",83
1124,Trần Anh,26/5/2018 11:48,7.8,"Đợt hỗm hôm cuối cùng mình lại quán mua bánh thì có nghe chị chủ bảo là sắp tới quán sẽ ngừng đóng cửa sửa chữa 1 thời gian, nhưng vẫn luôn có bán online, và nếu hôm đó quán có làm bánh gì sẽ update lên fanpage trên facebook. Nghe cũng hơi buồn buồn vì lâu lâu mình cũng hay thường xuyên ghé đây mua bánh mang về mà ít khi mình ngồi lại, vì không gian thì đẹp chỉ là có điều quán hơi buồn.
Bạn mình bị ưng món bánh mì Hàn Quốc ở đây, bánh nhỏ xíu hà mà bên trong ngập ngụa kem luôn, có 2 vị là vani với matcha, mà bạn mình thích ăn vani hơn, vị vani cứ như sữa đặc, thơm béo lắm, còn matcha thì không quá nồng, cũng khá ngon, hình như mix 2 vị cho 1 hộp 10 cái là 40 hay 45k gì đó mình quên rồi, bánh trứng ở đây cũng to mà ngon xuất sắc luôn hà ^^Xem thêm",83
1125,Thanh Ngan,2/5/2018 9:36,7.2,"Nghe nói tiệm bánh Cake House đã mở lâu rồi và được yêu thích lắm. Nằm sát bờ hồ nhưng biển hiệu khá mờ nhạt, không gian quán nhỏ xinh và giản dị. Đến 2 lần đều là mua bánh mang về, đúng như mô tả, mở cửa ra là nghe thơm nức mùi bánh, cảm giác rất ấm áp. Thấy có các bạn trẻ, có cả gia đình dắt theo con nhỏ đến nữa. Đây có lẽ là một nơi tuyệt vời để lưu giữ ký ức tuổi thơ.
Đã thử qua bánh su kem 2 vị, gọi là bánh su nhưng nó lại không giống bánh su thông thường, vỏ bánh giòn và nóng hổi, nhân kem hơi lỏng, vị trà xanh ngon hơn. Bánh tart trứng rẻ và mềm giống kiểu của KFC, nhưng mùi chưa ổn lắm. Cupcake sốt trứng muối có phần bông lan mịn ơi là mịn, sốt phô mai, chà bông và trứng muối đều vừa ăn.
Chất lượng tốt so với giá, bánh mang về để một lúc vẫn còn hơi ấm.Xem thêm",83
1126,Trần Anh,9/4/2018 21:50,7.8,"Quán nằm trên đường Mạc Thiên Tích, vừa chạy vào chưa tới 20m là thấy quán bên trái nếu đi từ hướng Mậu Thân qua. Quán bây giờ đa số là để mua về chứ ít có kháchh ngồi lại trầm quán lắm. 
Mà mình theo dõi thì hầu như hôm nào quán cũng có làm bánh mỗi ngày để bán hết, quán có nhiều loại bánh ngọt lẫn mặn hấp dẫn vô cùng, ngoài ra quán còn có những món ăn vặt nữa. Trong đó mình chấm nhất là cơm cháy khô gà này, 1 hủ vầy là 70 75k mà cơm cháy được trang trí trong hủ cũng chừng cỡ 500g đó. Mà cơm cháy giòn rụm ăn kèm có khô gà lá chanh cũng thơm lắm. 
Cơm cháy không quá cay đâu, nhưng khô gà với cơm cháy mình thấy cũng nhiều lắm.
Ở quán cũng có bán khô gà riêng nữa, mà hình như 100g 35k thì phải. Quán còn bán bánh mì Hàn quốc nhân kem vani với trà xanh cũng ok lắm ^^Xem thêm",83
1127,foodee_q1gyd7aw,8/2/2018 19:29,8.0,"Bánh Biscotti ở Cakehouse làm hài lòng mình lắm, lát cắt mỏng, đầy hạt và nho khô. Bánh ngói giòn, vị ngọt thanh kèm hạnh nhân thơm bùi ăn rất ngon. Kẹo nougat ăn béo dịu thêm hạt nên ăn ko ngán, cứ bóc lủm miết. Từ lúc ăn bánh ở đây chưa bao giờ thất vọng về chất lượng và cách phục vụ. Làm khách hàng thân thiết hoài luônXem thêm",83
1128,Ku Bin,7/11/2017 20:46,7.4,"Những lần trước mình đều mua bánh mang về, chứ chưa bao giờ ngồi lại hết, lần này mình ghé quán và ngồi lại thử. Vào dịp mùa trung thu nên quán cũng có làm bánh trung thu hay sao đó, thấy quán có trưng bày ra 1 số bánh trông cũng hấp dẫn lắm.
Mình kêu 2 trà sữa, 1 bánh trứng, 1 chè. Theo mình thì trà sữa khá ngon, béo béo, trà sữa không ngọt lắm. Bánh trứng thì thơm khỏi chê rồi, bánh cũng có lớp ngoài giòn, lớp trứng phía trong béo nguậy luôn.
Quán thì nhỏ, nhưng trang trí khá đẹp, nhất là lúc nào cũng nghe mùi thơm của bánh cả!
Phục vụ hiền, hơi chậm nhưng cũng tạm ok.Xem thêm",83
1129,Ku Bin,25/9/2017 13:29,7.2,"Quán nằm trên đường Mạc Thiên Tích. Mình nhớ hồi đó quán mới mở là cũng khá nổi nhất nhì ở Cần Thơ vì quán có nhiều món bánh ngọt, trang trí đẹp, lại mới nữa. Nhưng sau này dần dần ở Cần Thơ có quá nhiều quán mới hơn nên mình thấy quán khá vắng. Với lại quán có những loại bánh có sẵn mà ít lắm, chỉ có khi nào gọi hỏi trước hoặc đặt trước thì mới có đầy đủ thôi.
Mình hay mua bánh trứng với bông lan trứng muối sốt phô mai ở đây. Bánh trứng thì mình ăn cũng nhiều rồi, còn bông lan trứng muối sốt phô mai thì bông lan khá mềm, sốt phô mai với trứng muối mặn mặn có chà bông mà cũng không nhiều.
Mình thấy menu có nhiều món mà không biết có còn bán kem không, để lần sau lại mình gọi thử ^^Xem thêm",83
1130,Ku Bin,2/9/2017 12:08,7.0,"Mình biết quán này lâu rồi, từ lúc quán mới mở là đã thích mua bánh ở đây nhưng sau đó ít ghé lại. Quán có tông màu hồng dễ thương. Quán bán rất nhiều loại bánh ngọt, bánh mặn,.. Thường thì quán sẽ làm sẵn để bán, còn với một vài loại bánh thì phải đặt rồi mới lên lấy được. 
Hôm trước mình có ghé lại mua 2 cái bánh trứng, 1 hộp bánh bông lan sốt phô mai. Nhưng mình lại mua thì đợi cũng hơi lâu.
Theo mình thấy thì bánh trứng cũng được, giá 1 cái là 9k. Bánh có lớp vỏ giòn bên ngoài, bên trong là trứng nhưng mình thấy không béo cho lắm. 
Quán cũng nhỏ hà mà trang trí đẹp, có điều hơi cũ, mà bù lại bước vào quán nghe thơm phúc mùi bánh luôn ^^Xem thêm",83
1131,Quỳnh Trương,15/8/2017 21:58,5.4,"Kêu ship, không đến quán ăn, bánh vị ngon, 2 lớp dày ăn đáng, đây là loại bánh bông lan sốt trứng, có 2 loại 35k và 60k, mình gọi 60k + tiền ship 5k, khá ok, shipper cũng ổn, nhưng mình muốn trứng băm nhỏ ra, sốt trứng ngập bánh thì trông đẹp mắt và ngon hơn.Xem thêm",83
1132,Thảo Trần,3/8/2020 19:54,6.4,"Đồ ăn menu 189k có đủ món ăn vừa thịt vừa đồ mặn. Không gian rộng rãi nhưng sẽ bám mùi vào quần áo. Và một điểm trừ đối với mình là quán bắt nhạc vinahouse, nhạc sến nên ngồi ăn không thoải mái lắm :(Xem thêm",84
1133,Ly Ly,4/2/2020 12:19,7.8,"Mình đi hôm mùng 6 Tết. Quán đông, khi mình đến hết chỗ. Tuy ngồi chờ nhưng có nhân viên đến hỏi. Nhân viên thân thiện, rất dễ thương. Món ăn ngon, hải sản tươi. Đáng đồng tiền lắmXem thêm",84
1134,Mỹ,3/12/2019 21:57,9.0,"Hôm mình đi cuối tuần khá đông nhưng phục vụ vẫn tốt lắm, nhân viên lịch sự lễ phép, thay vỉ châm nước chấm liên tục, gọi món rất nhanh là có đồ ăn, hướng dẫn cũng nhiệt tình nữa. Đồ ăn đa số thì ok nhưng mà canh rong biển nhạt quá nhạt luôn, nhạt hơn thằng người yêu tui nữaXem thêm",84
1135,Thy Lý,4/10/2019 16:16,8.2,❤️Xem thêm,84
1136,Huynh Nhu Ngoc,17/8/2019 18:15,4.4,"Đây là lần thứ 4 bọn mình đến ăn. Thật sự rất thất vọng với quán ngày hôm nay. Nhân viên mặt như đưa đám, gọi một món rất nhiều lần mới có, nhiều lúc nghe khách order nhưng giả vờ ko nghe ko thấy, lúc đem đồ ra mặt như chúng mình giật hết cả tiền. Đồ ăn lên món rất chậm. Bạch tuộc thì thối.Xem thêm",84
1137,Nhi Nguyễn,30/6/2019 23:53,8.2,"Mình ăn phần buffet, đồ ăn rất ngon, không gian quán rất đẹp nhưng hơi khuất. Phục vụ cực kì tận tình, giới thiệu từng món ăn đưa ra lời khuyên đối với từng món. Còn nhắc nhở về việc ăn bao nhiêu gọi bấy nhiêu. 
Vì mình thấy các bạn phía dưới comment :"" Ăn không hết bắt ăn hết mới chịu dọn hoặc phải trả phí thức ăn thừa "" . Mình nghĩ các bạn nên xem trước khi đến ăn hoặc nghe lời khuyên từ phục vụ, chả ai thái độ với các bạn khi các bạn làm đúng cả, quy định là thế không ăn hết thì trả thêm phí là đương nhiên, muốn không trả phí thì tốt nhất nên đến các quán khác ! 
Riêng mình, mình thấy quán đẹp sạch sẽ phục vụ tận tình niềm nở giá cả phải chăng nên mình ok ghé lại thôi.Xem thêm",84
1138,bbbbbb2,15/4/2019 22:18,1.0,"Đồng ý quán đông nhưng một vài bạn nhân viên cư xử rất tệ vs khách , nói chuyện vs khách mà mặt khinh khỉnh xong còn dọn bàn rất mạnh tay như dằn mặt mình í ? Có gì cần gọi chờ rất lâu xong các bạn nhân viên mỗi lần mình gọi các bạn nghe nhưng đều bơ đi ord món thì mình đang nói cứ toan bỏ đi như đang gấp dữ lắm vậy. Nhân viên niềm nở nhiệt tình thì cho dù đồ ăn k ngon hơn chỗ khác nhưng ngta vẫn thích mà ghé lại lần sau chứ làm ăn như v chả đuổi khách đi. Khá là bực. Mới vào mình muốn gọi hết các món ăn thử ,riêng mì tương đen nó rất dở ăn nhạt không có vị gì mì còn cứng và bở nên mình k tài nào ăn hết được , vậy mà lúc thanh toán nhân viên còn nhắc nhở mình : “nữa ăn k hết thì đừng gọi “ với thái độ khá lồi lõm , ok ạ từ nay em không ghé nữa thank you anh , mà đặc biệt anh nhân viên này từ lúc mới bước vào đã cục cằn với khách , quán các bạn ở xa đồ ăn thì tạm mức trung bình nay quán lên giá ok quán đông lên giá cũng k nói gì nhưng thái độ nhân viên không thấm nổi và thức ăn ngày càng đi xuống thì xin lỗi mình không muốn quay lại nữa ạ .Xem thêm",84
1139,Thy Lý,22/2/2019 0:21,8.4,159k/ngườiXem thêm,84
1140,nguyen5553,27/1/2019 16:41,1.0,Nửa tiếng muốn quỳ lạy nhờ đổi vĩ nướng đến mức muốn quêXem thêm,84
1141,Su Nguyễn,20/11/2018 2:49,9.0,"Quán này rất thích hợp đối với mình,mình là fan của BÒ và mình được bạn mình giới thiệu lại đây,lần đầu lại là thấy rất thích chỗ này rồi,không gian thoáng mát,chỗ ngồi thoải mái không bị chật hẹp, đồ ăn ngon từ BÒ mà sang HẢI SẢN cũng đều ngon,đồ ăn tươi nữa,từ lúc được bạn mình giới thiệu là mỗi lần thèm BÒ là xách mông đi ăn liền,với sức mình ăn thì BÒ ăn bao nhiêu cho đủ,nên mình chọn loại hình buffe nên ăn BÒ cho đã, điểm trừ là đôi lúc thì được trái cây,đôi lúc không được trái cây,nhưng không sao,mình lại chủ yếu là ăn bò mà,hihi...mình khuyên các cậu nếu ai có sức ăn khỏe như mình thì nên chọn loại hình buffe nha,mình thì thường ăn loại 159k...và loại buffe nào cũng được tặng free 1 lon nước ngọt hết nha...!Xem thêm",84
1142,Phương,4/10/2019 15:40,5.0,"Em order An Viên rất là thường xuyên luôn. Nhưng mà càng ngày topping càng ít dù là order trên Now hoặc mua trực tiếp, vị trà sữa hôm thì đậm, hôm thì nhạt, hôm thì bị chát. Hiuhiuhiuuu buồn quá điiiXem thêm",85
1143,Cụt ~.~,22/9/2019 9:50,7.6,"Mua trà sữa lần đầu ở An Viên ko dễ dàng đối vs mình ( hơi mù đường). An Viên qá bé mắt mình thì qá kém cứ thế 3 lần xách xe đi thì lần thứ ba mới tìm thấy( nghiệt duyên chưa:))). Trà của An Viên khá thanh và thơm vị trà nên uống cảm giác ko bị ngọt ngấy và qá béo.  Topping An Viên thì có củ năng , trân châu tím loại nhỏ? , rau câu, tiếc là toàn topping t ko thích :))), t chỉ say mỗi trân châu đen . Điểm cộng khá bự cho cuộc hẹn lần sau vs An Viên là nhân viên dễ thương, chu đáo, đưa nc cho khách xong còn ko quên nhắn gửi uống liền để ko mất ngon nhe, đổ đứ đừ .Xem thêm",85
1144,Ngọc Tăng,14/9/2019 17:47,9.2,"Trà sữa thơm, giá cả hợp lí, tiện đường đi học và đặc biệt là trân châu siêu ngon luônnnnXem thêm",85
1145,Poohostnn,9/8/2019 20:19,9.4,"Mình cực kì thích thức uống của quán cả cách làm việc và giải quyết vấn đề nữa,cực kì  quan tâm khách hàng luônnn. Milktea của quán có vị thanh của trà nên ít tạo cảm giác ngán nếu bạn nào thích trà thì nên uống thử nhe cộng với vị béo mặn của kem phô mai là siêu đỉnh luôn !!! Mình vẫn sẽ ủng hộ quán dài dài vì mình rất thích kem phô mai của quán❤️❤️Xem thêm",85
1146,Phương Phie,14/7/2019 12:47,9.4,"Xuống Cần Thơ chơi một ngày mà order trúng quán ok dễ sợ. Giá rẻ, ly to, bao bì siêu xinh, có sẵn thạch. Có điều nếu biết thạch ít như vậy thì đã kêu thêm rồi. Trà mixberries hơi chát, nhưng mà không bị ngọt, hên quá. Thái Nguyên đào sữa gì đó vị lạ lạ, cũng ngon, không bị béo quá. Để đá riêng nữa, giao hàng nhanh, rất chu đáo. Nếu mà quán chuyển sang ống hút gạo thì tuyệt vời. Highly recommend nha <3Xem thêm",85
1147,Quynh Nguyen,15/4/2019 20:25,8.0,"Lần nào đến cũng order 1 ly trà olong đào chanh dây để thêm trân châu, chỉ có 20k mà uống no luôn, rất  thích món nàyXem thêm",85
1148,Quynh Nguyen,10/3/2019 19:49,4.2,"Thấy mọi người review trà olong sữa tươi quá trời nhưng không hợp khẩu vị của mình, trà có vị đắng, không thấy vị sữa 😢😢Xem thêm",85
1149,Tấn Lợi,22/12/2018 12:24,9.6,"Now đang có khuyễn mãi Giảm 40% hóa đơn
tớ đã order un 4ly và kq là chỉ cần thanh toán 73k thôi các cậu ạ
ngon hk tưởng và Quá RẻXem thêm",85
1150,Trang Ngọc,12/12/2018 23:17,8.2,"Nghe nhỏ em đồn quán này có viên trân châu củ năng lớn lắm nên tò mò ghé mua thử. 1 ly tầm 16-27k nhưng khá ngon, mình uống trà hoa nhài cam sả, khá thanh mát, không quá ngọt. Mua thêm 5k topping củ năng nữa là ra được 1 ly như hình. Củ năng không to như mình nghĩ do nhiều bột áo bên ngoài, với cả không có nhiều viên lắm. Quán phục vụ theo kiểu take away nên pha chế nhanh chóng, khách không phải đợi lâu. Menu cũng nhiều món, giá cả phù hợp túi tiền.Xem thêm",85
1151,Hoa,12/12/2018 21:29,9.6,"Mình có được coupon miễn phí ship nhờ đi hội chợ phức hợp CONTAINER - JAM không những thế còn được giảm 30k tổng hóa đơm nên tranh thủ ord thử. Nghe danh bạn ấy đã lâu nay có dịp Uông thử thì ôi thôi ngon ngoài sức tưởng tượng. Thơm mùi trà,  ngọt nhẹ chứ không gắt. Lớp kem béo gậy và đặc biệt là trân Châu làm nhà vị ăn thích cực luôn í. Topping cũng nhiều nên không có gì phải nói cả. Có điều vị sôcôla mình uống thấy còn hơi đắng xíu mà bạn mình nói do mình không quen nên vậy. Nhân viên thì nhiệt tình và dễ thương lắm ạ.Xem thêm",85
1152,Nguyenphat194,14/4/2022 20:33,10,"Trà sữa rất ngon. Có vài món thì trên 30k . Nên có đặt toàn do chị mình đặt 2 đứa cùng uống. Trà sữa an viên đầu tiên là uống loại trà đen, thứ 2 là matcha sữa tươi. Rất ngon. Vài món khác chưa đặt. Rất thích quá này. Thạch thì giống ivy tea nhất á! Đây là do cảm nghĩ của mìnhXem thêm",85
1153,Anh Lan,16/7/2020 16:32,9.0,"Mãi mới có dịp mua, mình mua thử trà đen- sữa tươi, tuy không ngọt lắm nhưng nghe được hương thơm của trà nhé, nói chung mình thuộc tuýp thích trà sữa ngọt xíu mà quán làm không béo lắm, ly trà sữa full topping vừa đủ ăn, rau câu và trân châu củ năng thơm và ngon cực kì luôn, mà tự nhiên uống thử rồi ghiền luôn, nơi đây thích hợp cho ai có tín đồ thích trà sữa nhưng không thích ngọt á nhen, còn ai thích ngọt thì thử ôlong - sữa tươi, và điều đặc biệt nữa là, nhân viên cực kì cực kì hiếu khách và thân thiện luôn á, sẽ ổng hộ quán tiếpppXem thêm",85
1154,Thuận Phát Nguyễn,8/9/2019 1:13,9.0,"Nay là ngày thứ hai từ bữa khai trương, quán thiết kế đẹp, thoáng và có phần hiện đại hơn so với chi nhánh đầu. Mình chọn Trà sữa trà đen Oolong full topping,.được tặng thêm một ly trà đào rất là thơm và đậm vị kèm theo một voucher giảm 30% cho lần mua sau. Phải nói là bạn nhân viên cực kì nhanh nhẹn, nhiệt tình và tư vấn đầy đủ cho mình, dù mình chỉ mua có một ly. Điểm 10 cho chất lượng và thái độ.Xem thêm",85
1155,Nhật Trường Huỳnh,20/2/2023 22:45,3.0,"Sinh tố mới mua về bị chua còn bị lên men nữa, giống như làm để sẵn mới kêu cái có liền và uống bị chua mua ly lớn 25k mà bị hư, ghé hồi 22g15 về tới nhà 10 phút mà sinh tố thành nước, làm ăn gì kì vậy trời mới mua luôn. 20/02/2023Xem thêm",86
1156,foodee_ifio70e5,28/8/2022 14:07,4.2,Sinh tố saboche bữa nay bị hư rổi nha bạn ơiXem thêm,86
1157,Đường Ninh,18/6/2021 13:56,1.0,"Dở nhất trong các món sinh tố mình từng uống
Sinh tố dâu như quên để sữa, chua lét
Mua 4 ly ko ai uống đc
DỞ DỞ DỞ DỞXem thêm",86
1158,Tường Vy,15/3/2021 14:30,3.4,Hầu như ngày nào mình cũng uống. Nhưng giờ có lẽ lượng khách đông nên thức uống làm nhanh hoặc làm sẵn nên uống không còn ngon như trước. Mình rất thích uống rau má ở đây. Nhưng giờ mình mua mấy lần lần nào uống cũng bị đau bụng. Giờ mình uống những loại khác thôi nhưng thấy vị khác xa ngày xưaXem thêm,86
1159,Benjamin T. HUYNH,1/12/2020 18:51,5.0,Sinh Tố Bơ ngon. Nếu đi vào cuối tuần sẽ rất đông 😋Xem thêm,86
1160,Như Pichu,28/5/2020 10:26,3.0,"Những lần trước chỉ order buổi tối, hôm nay ghé vào buổi sáng nên không có ng đứng đợi order, có 2 chị trong quầy mình kêu 2-3 tiếng vẫn không nghe, đến khi nghe quay lại thì tỏ thái độ. Mình hỏi “giờ này có bán chưa chị” chị “gật đầu”. Xong mình order ép rau má, chị đó thái độ trl “hết rau má rồi”. Thái độ rõ ra mặt luôn chứ. Đó h ngày nào cũng uống mà hnay đang mệt order xong rõ bực !Xem thêm",86
1161,Ngọc Hân,31/8/2019 20:56,4.2,"Mấy nay mình uống toàn là mùi sữa đặc ko à, ngọt mà ngán lắm á. Lúc trước uống chất lượng hơn nhiều. HaizzXem thêm",86
1162,Linh Tr,23/2/2019 20:23,6.0,"Menu quán đa dạng, mỗi lần mua đã có món trong đầu rồi đến quá nhìn thấy menu cũng phân vân 😂
Quán đông khách buổi tối, nhưng phục vụ cũng khá nhanh. Giá từ 15-20kXem thêm",86
1163,Thịnh Tống,18/11/2018 19:18,8.0,"Quán nằm ở đường 3/2 cạnh bên quán là tiệm rửa xe, mình đi ngang buổi tối thì hầu như ngày nào cũng rất đông khách, vì mình không thích chờ lâu nên ghé mua vào buổi sáng. Các cô bán ở đây nhiệt tình, làm nước nhanh, giá nước cũng rất rẻ luôn khoảng mười mấy ngàn 1 ly thôi à. Ly nước cũng nhiều, ngoài sinh tố còn có nước ép, các loại chè hay trà sữa nữa. Quán có không gian để ngồi lại nhưng hơi nhỏ nên đa số mọi người mua mang đi. Nếu có đi ngang đường 3/2 thì mọi người nên ghé mua thử.Xem thêm",86
1164,yuuba,15/11/2018 18:00,8.2,"Lần thứ 2 trở lại quán với hi vọng tìm được món ưng ý và lần này món khá ưng. Mình order 1 chè thái 15k và 1 nước ép chanh dây nhé. 

Quán vẫn đông như mọi khi nhưng cô chú anh chị làm nhanh lắm đợi xíu là có. Nước ép chanh dây chua ngọt quá ngon 😍 Chanh dây của quán khá tươi, vị nguyên chất, chua vừa phải ấy. Còn chè thái thì khá nhiều, topping chất đống, hạt đác, mít, xoài, đậu phộng, dưa gang, thạch, củ năng đủ cả, vị béo vừa phải ăn rất ngon. Có cái lần này ly chanh dây bị dây nước ra sàn nhà nên lau hơi cực thui 😂😂😂Xem thêm",86
1165,Hương Nhài,4/10/2023 10:29,5.0,Không gian rộng rãi view đẹpXem thêm,87
1166,Đặng Quốc Thái,31/3/2019 10:58,2.8,"Ngày 31-3-2019. Quán cafe không kết nối đc wifi, báo nhân viên thì thờ ơ. Không khắc phục, cũng chẳng thấy lời giải thích nào. Vô cùng thất vọng. Mình và all các bạn mình sẽ ko bao giờ ghé quán này lần nữa.Xem thêm",87
1167,48Phil,4/1/2019 11:59,4.2,"A year ago the place was packed at lunchtime.  Now, only a handful of people go.  You have to wait for the security guy to get off facebook before you get a ticket. The menu is very poor and the food is worse. Then you have to get out past the security guy again. HopelessXem thêm",87
1168,Hoang Phuong Do,11/12/2018 14:17,8.0,"Chiều mát qua đây ngồi ngắm cá với cho cá ăn là hết sảy con bà bảy nha. Hồ cá gì mà bự ghê vậy á.
Hơi bị thích không gian ở đây, rộng rãi, thoải mái cuối tuần lại còn có ca nhạc. Mà ban đêm xuống là bao muỗi luôn nha, ngồi đập mõi tay luôn, cho dù có đốt nhan muỗi cũng vậy à.
Nước uống thì tạm ổn, giá cả cũng phải chăng. Cà phê sữa thì sữa hơi bị nhiều nên béo với ngọt lắm luôn.
Nhân viên phục vui nhiệt tình và dễ thương lắm luôn nè.Xem thêm",87
1169,Hoang Phuong Do,12/11/2018 21:29,8.0,"Lâu lâu cũng phải chịu khó ăn sang một bữa, nói vậy thôi chứ được bạn rủ vô đây nè. 
Không gian quán rộng rãi và thoáng mát, ban ngày nên cứ phải chui rút vô phòng máy lạnh cho mát mẻ nè. Bãi rộng rãi và có nhân viên bảo vệ dẫn phụ.
Ở đây ngoài các món nước thì còn có cả đồ ăn sáng nữa. Nhìn chung thì khá là ngon, thịt nhiều nè, được nguyên cục to bự nữa chứ. Nước uống vừa miệng, không ngọt quá.
Nhân viên phục vụ tạp ổn, nhưng không quan tâm khách nhiều lắm, hơi lơ là.Xem thêm",87
1170,Hoang Phuong Do,5/10/2018 21:41,8.2,"* họp nhóm hay ngồi tâm sự thì qua đây là hết sảy con bà bảy nha.
- về không gian: quán rộng rãi thoáng mát. Có hồ cá thơ mộng nữa nè. Không ian phòng máy lạnh cũng tạm ổn. Mà ban đềm thì ngồi bên ngoài muỗi chích quá xá luôn nha. Bãi xe trong quán nè.
- về thức uống: hầu hết những món uống ở đây giá cả khá phải chăng, món nào cũng có nè. Sinh tố mãn cầu vị hơi ngọt xíu, phải chi ít sữa ít đường xíu là ngon rồi.
- về phục vụ: vui vẻ và nhiệt tình.Xem thêm",87
1171,Hoang Phuong Do,15/9/2018 22:40,8.0,"Lâu lâu đổi gu đi cà phê sang chảnh một bữa, chứ trà sữa hoài cũng ngán.
- về không gian: quán rộng rãi, thoáng mát. Có phòng máy lạnh và ngoài trời luôn nha. Mà đi ban đêm ngồi ngoài trời là chịu luôn, muỗi chích quá xá, đập bẹp bẹp hoài mà không hết luôn. Cơ mà có hồ cá, dễ chịu lắm.
- về thức uống: ở đây thì có luôn cả đồ ăn sáng nữa. Thức uống thì hầu như món nào cũng có. Sinh tố mãn cầu theo mình thì hơi bị ngọt xíu, phải chi để vị chua tự nhiên của mãn càu thì ngon hơn.Xem thêm",87
1172,Hoang Phuong Do,18/8/2018 21:36,8.2,"Nhân một ngày trời khá đẹp nên chui vào đây trò chuyện hàn huyên với đám bạn bè.
- về không gian: quán có không gian rộng rãi và thoáng mát, ngồi gần hồ cá khá vui, vừa uống nước vừa ngắm cá bơi. Tuy nhiên về tối thì muỗi quá xá luôn, ngồi đập mỏi tay. Wifi quá tệ không bao giờ vô được.
- về thức uống: các món ở đây khá ngon, vừa miệng lắm. Sinh tố mãn cầu hơi ngọt xíu, cách trang trí khá đẹp, nhìn chung giá cả cũng không quá đắc.
- về phục vụ: nhân viên phục vụ vui vẻ và tận tình.Xem thêm",87
1173,Phạm Trần Phương Trâm,28/7/2018 19:28,8.2,"Như hình là ly đá dâu sữa :3 với giá tầm 2x :3 giá ở thủy mộc khá nhỉnh hơn các quán cafe khác nhưng chất lượng ổn, xứng đáng với giá tiền. Điểm nổi bật, và làm mình hài lòng tới tận bây giờ là nhân viên và không gian. Mỗi khu vực ngồi sẽ có 1 bạn nhân viên order riêng, không để khách kêu hay đợi chờ gì cả. Mình thích chỗ ngồi vòng quanh hồ cá chép, rất mát mẻ. Nhắc lại món đá dâu sữa thì pha rất hợp ý mình luôn. Ăn cái dâu đã miệng lắm :3 chỉ tiếc là không ăn đậu phộng mà quên dặn :)) hoàn toàn xứng đáng với số tiền mình bỏ ra :3Xem thêm",87
1174,Chanh dây,15/7/2018 15:06,8.4,"Tổng Bill 158k
Sinh tố dừa - sinh tố xoài cảm nhận ngon, đậm vị sữa đặc,  st xoài thơm mùi xoài lắm, cảm thấy chưa đc thõa mãn vị giác lắm.  7 điểm
Bít tết thì nước có vị đậm đà, dùng với bánh mì thì ngon, bánh mì đặc ruột, không thơm, mềm mụp mụp kiểu như nó là bánh mì đặc ruột mềm hơi cũ á, thịt bò mềm nhưng không ngọt và tươi, rau thì không được tươi. 6 điểm. 
Bò kho thì cực thịt bò chọi bò,  bò lỗ đầu, thịt bò ngon, mềm mụp, cảm nhận riêng là nó không giống bò tươi, cà rốt mới được nấu chín bỏ vô và nước được thêm nước bên ngoài vô chứ không phải nấu từ 1 nồi bò kho ra, vì nếu từ 1 nồi ra thì sao bò mềm mụp mà nước nhạt không đậm đà(chủ yếu) và cà rốt không ngấm vị được( có thể do cục cà rốt quá bự, đem chọi trâu, trâu phún máu) 6.5 điểm.
Chanh và bạn đi vào 8h30 sáng chủ nhật nên full bàn, phục vụ không kịp thở nên khâu dọn dẹp, phục vụ và nấu nướng rất không êm, nhưng Chanh từng đi nhiều lần nên hiểu và không nỡ trách.
Quán view cực đẹp, thích sống ảo cực kỳ và cũng phù hợp với cf ăn sáng gia đình, bạn bè. Quán có hồ cá to ơi là to, có thể cho cá ăn nữa á, có khi miếng bánh mì khách thả cho 🐠 ăn mà nhìn lộn, tưởng đâu con cá bơi ngược không đó, mặt xanh lè như trái Chanh luôn )))
Quán này đồ ăn nước uống chất lượng tầm trung, giá thành tầm cao mà được cái view và là quán kỳ cựu lâu năm ở Cần Thơ và 1 số đặc thù riêng của quán nên quán luôn có khách ra vào đông mỗi ngày đặc biệt đông đúc vào cuối tuần.
Chia sẻ kn xương cốt: Nếu muốn ăn sáng cf ở đây vào cuối tuần thì phải đi sớm giành bàn đẹp, còn cỡ 9h thì 1 là mua đồ ăn ở ngoài vô uống nước thui,  may mắn thì còn bàn đẹp nhé hoặc 2 là chạy ngay đi ạ, đừng có tiếc nuối mấy con cá mà miễn cưỡng ở lại như Chanh ))) 
Còn những ngày thường thì đi trễ vẫn còn bàn đẹp sống ảo câu like nhé.Xem thêm",87
1175,Kiều Trang,29/9/2019 13:04,7.4,"Giá cũng khá ô kê, ăn cũng no nữa, quán cũng dễ tìm, không gian quán cũng thoáng, ăn xong có nước tắc để rửa tay nữa, phục vụ tận tình 
Chịu ^^Xem thêm",88
1176,Phạm Từ Mỹ Linh,1/9/2019 20:08,10,"Lần đầu ghé do người em giới thiệu. Nhìn chung giá cả sinh viên, món ăn ngon, nêm nếm đậm vị miền Tây. Mình ăn ở cơ sở 2 đường Mạc Thiên Tích. Nhân viên thân thiện, không gian rộng, thoải mái. Chủ quán dễ thương, nhiệt tình.
Mình sẽ quay lại lần tiếp theo!Xem thêm",88
1177,Tài Nguyễn,8/7/2019 21:33,5.2,Tụi mình lại quán ăn khác nhiều món như k món nào ngon. Ốc Hấp Tiêu rất mặn ghẹ thì nhỏ xíu k có thịt và còn nhiều món khác. Còn nhân viên thì phục vụ tốt.Xem thêm,88
1178,Foodee_Quinn,30/4/2019 13:32,7.0,"Quán có giá cả như tên quán: hạt dẻ. Thái độ phục vụ tốt, có cả rửa tay sau khi ăn, chỗ đậu xe nếu đi giờ cao điểm sau 17g thì hơi bất tiện. Đa số món có vị phù hợp với khẩu vị người miền Tây là ngọt. Mình gọi 4 món là sò huyết rang muối ớt, sò lụa xào lá quế, ốc bươu hấp tiêu, trứng cút lộn rang me và một 7-up. Bạn nên gọi món 1 lượt nhé, để không bị cụt hứng ăn uống. Hay do mình không đi ngay cao điểm nên bếp chưa khởi động nhanh nhở?Xem thêm",88
1179,Quyên Hoàng,22/12/2018 18:26,7.0,Ăn ở đây nhìu lần rồi. Đặt trên now được giảm giá giao đến tận họng. Vừa rẻ vừa ngonXem thêm,88
1180,RachelT,15/12/2018 5:05,9.0,"Quán bán rẻ mà ngon. Đồ ăn ra nhanh , khách không cần đợi lâu nè.. quang trọng là đồ ăn tươi , nhân viên vui vẻ 😙Xem thêm",88
1181,Hoang Phuong Do,13/11/2018 21:49,7.6,"Thèm cua thèm ốc thì đi đâu ăn bây giờ, vừa rẻ lại vừa ngon thì chỉ có ở đây thôi nè. 
Quán bán đủ thứ món, nghêu sò ốc ghẹ gì có đủ hết trơn. Hải sản muốn ngon là phải tươi, hải sản mà không tươi ăn sẽ biết liền. Đặc biệt ở đây là hải sản tươi lắm nha, thịt ngọt ngon, chế biến kĩ càng nè. Một phần cũng khá là nhiều và giá thì y chang như tên quán, cực kì hữu nghị luôn nè.
Không gian cũng tương đối rộng rãi và dễ tìm. Chạy ngang là thấy quán liền.Xem thêm",88
1182,Nguyễn Thị Thu Huyền,12/11/2018 14:49,7.8,"Lập team ace ăn ốc
Quán đông nhiều bàn nên ok nè.
Món nhiều và ốc móng tay ngon lắm nha
Mực hấp gừng thì là mực baby luôn nhaXem thêm",88
1183,Ron Swift,17/10/2018 17:51,7.4,"Quán này lúc trước cũng nhỏ, giờ mở rộng thêm căn kế bên nên cũng đỡ chật được một chút. Quán nằm ở đoạn giữa giữa đường Xô Viết, đi từ Hòa Bình vào thì quán bên tay trái. Tính ra đồ ăn cũng hổng rẻ lắm, một dĩa từ 25k - 60k nhưng số lượng đồ ăn trong dĩa hông nhiều, chỗ này thì ăn được nhiều món thôi chứ ăn đã thèm thì tốn cũng nhiều í. Sò huyết mập, tươi, cái nước me ăn đã miệng nhất là có tỏi thơm nữa. Càng ghẹ thì có cái tươi cái hôi, ốc cà na cũng vậy.Xem thêm",88
1184,Hoang Phuong Do,9/10/2018 21:24,7.8,"* lâu lâu thèm món ốc thì cứ nơi này thẳng tiến, vừa rẻ lại vừa ngon nữa.
- về không gian: không gian quán rộng rãi, thoáng mát, nhìn chung cũng khá là sạch sẽ, nhiều bàn ghế. Tuy nhiên bãi xe lại nhỏ hẹp thành ra thiếu chổ để xe. 
- về món ăn: cái tên thế nào là giá cả thế ấy, siêu rẻ siêu hạt dẻ luôn nha. Các loại ốc tươi, ngọt, nêm nếm đậm đà vừa ăn. Đủ loại nước chấm để lựa chọn. Ngoài ra quán khá chu đáo khi trang bị thêm thau nước chanh để rủa tay
- về phục vụ: nhanh nhẹn và vui vẻ..Xem thêm",88
1185,Rachel Smith,13/2/2022 13:48,7.0,"Quán nằm chỗ hẻm phía trước là vịt nướng Ân Ký  mình hay mua phía đg Đề Thám (Hoa Viên), chạy vào xíu sẽ thấy quán nằm bên tay trái.

Bánh cống đc chiên áo nhiều lớp bột nên giòn. Nhân có tép nhỏ phía trên, đậu xanh, thịt, hành lá, ăn kèm với rau diếp cá, rau thơm, rau xà lách và rau cải đắng sẽ đỡ ngấy, chấm cùng nc mắm có dưa cà rốt & củ cải trắng.

Tổng thiệt hại cho 4 cái bánh 🍪(64k) và 1 lon sting 🍓 2 tẩy đá🥤là 80k, vị chi 1 cái là 16k 😂Xem thêm",89
1186,Ami Le,22/9/2020 15:06,8.6,"Mình đi du lịch có ghé ăn thử món bánh cống Cô Út, gọi 2 cái ăn vừa đủ nha mọi người,
Bánh theo cảm nhận cá nhân mình thì hơi mặn, nên ăn với nhiều rau sẽ ổn. Rau tươi và xanh, sạch. Chỗ ngồi bàn cao ráo vệ sinh thoáng mát. 
Bạn nào đi du lịch Cần Thơ thì nên thử nha mn ăn cho biết ^^Xem thêm",89
1187,Trí Huỳnh,15/5/2020 17:35,5.0,Now dạo này làm ăn kiểu j mà coi bên foody thì quán mở cửa còn qua now đặt thì để quán đóng cửa kêu chọn quán khác. Ship gì riết ko cập nhật quán xá. Làm ăn mắc chán!!!Xem thêm,89
1188,Anh Lâm,8/5/2020 14:39,4.6,"Bánh thì tạm.
Nhân viên thì quá tệ.
Nhưng càng ngày càng mắc, cứ vài tháng đi ăn thì lên giá. Mọi khi giá xăng lên thì giá bánh lên không nói gì, bây giờ giá xăng giảm giá bánh cũng lên ???
Mới hồi tháng 3/2020 đi ăn 14k nay tháng 5/2020 lê giá 16k nhưng cái bánh nhỏ hơn thấy rõ.Xem thêm",89
1189,Kita,27/3/2020 19:17,7.8,"Bánh nóng - ngon chất lượng
Mỗi người ăn tầm 2 cái là ổn rồi nhé.
Rau tươi xanh/sạch
Không gian rộng rãi rất sạch sẽ. Địa điểm cũng dễ tìm, thuận lợi - ở trung tâm.
14k/cái bánh Cống
7k/cái chả giò chiên
Các loại nước sâm,... 10k/chai.

Tuy điểm trừ là nhân viên không được vui vẻ thân thiện lắm. Mình nghĩ là “Thái Độ Chung” của các “Hàng Quán Bán Có Khách” ở Cần Thơ. Thấy đi nơi nào bán Đông Đúc - khách khứa nhiều đều mang thái độ này. Chán nhỉ.

Nhưng mình chắc chắn sẽ quay lại nếu có cơ hội đến Cần Thơ lần nữa.Xem thêm",89
1190,Lam Binhphat,14/4/2019 20:23,3.0,"Cách phục vụ quá tệ, nghe đồn bánh ngon nên mới từ Sài Gòn lên hôm nay đã vội tìm tới. Ngồi ngay chiếc bàn cạnh một rổ rác to?? chưa biết đồ ăn ngon cỡ nào mà vào ngồi lúc 19h30 hơn 10 phút không ai hỏi, chặn 2 - 3 cô nhân viên đều quay lưng làm ngơ. Gọi 2 lần bà chủ mới chịu bán.. Kêu thêm nước thì càng chả ai thèm bán, toàn gật đầu rồi bỏ lơ. Kiểu này chắc chả thọ được lâu.Xem thêm",89
1191,Thủy Đỗ,9/3/2019 23:30,7.0,"Quán này thấy có vẻ nổi,mọi ng rv chấm điểm cug cao nhưng nhà mình ăn k hợp lắm :(.Quán rộng,phục vụ tương đối nhanh.Lần đầu ăn bánh cống nên mình thấy cug tạm ổn,1 bánh tầm 12-13k có cả thịt và đậu xanh,mình k thích ăn đậu nên ăn k quen lắm. ăn bánh này phải kèm với rau k thì sẽ ngấy và nhanh chán,mỗi ng nên ăn tầm 1-2 cái là ổn.Nhà mình có ăn thêm chả giò dế nữa nhưng mình thích ăn theo kiểu ngoài Bắc hơn.Uống nha đam ngonn.Xem thêm",89
1192,Pinky2047 Nguyễn,11/8/2018 11:55,7.8,"Lần đầu ăn bánh cống luôn. Nhận xét đầu tiên là bánh ngon, giòn. Vị trí trung tâm TP. Cần Thơ gần công viên trung tâm luôn. Quán bán thêm món nước sâm, nước mát và chả giò rế... 
Bọn mình đi 3 người ăn bánh bánh là vừa đủ no. Dành bụng để ăn món khác.
Nếu có cơ hội ghé ngang Cần Thơ thì mọi người nên dùng thử nhé.
Cô chủ quán chỉ cho chụo hình chứ không cho quay phim công thức gia truyền nhá.
Giá cả cũng phải chăng. Rau thì tươi ngon đúng chất miền Tây..Xem thêm",89
1193,Trang Ngọc,14/5/2018 22:11,8.2,"Bánh cống chỗ này tháng nào mình cũng ăn, mà sao ăn hoài cũng không ngán. Chỉ có mấy bữa lại tầm 7g mấy hết bánh nên hụt ăn hoài. Nay lần đầu ăn thử món chả giò luôn vì thấy mấy bàn gần bên kêu nhóc hết trơn. Ăn rồi thấy vỏ giòn thiệt mà nhân ít, nhân hao hao nhân bánh cống vậy á, với hơi nhiều dầu mỡ, chắc ăn thử 1 lần cho biết thôi. Bánh cống thì luôn ngon, kiểu công thức gia truyền, bán lâu đời rồi, nên không có gì để chê hết. Bánh làm tới đâu bán tới đó nên nóng giòn, thơm phức.Xem thêm",89
1194,Trang Ngọc,13/4/2018 13:15,8.0,"Mỗi tháng cả nhà mình đều đặn mua về hoặc ghé đây ăn vài ba lần. Món này là món ghiền của mẹ nên 2 cha con được ăn ké suốt. Chỗ này có tiếng nên bánh bán cũng nhanh hết, tốt nhất là đi trước 7g30 cho chắc ăn là còn bánh. Bánh 12k/cái, lúc nào cũng trong tình trạng cháy bánh nên toàn được ăn bánh mới ra lò, giòn rụm, thơm lừng. Rau cũng tươi và khá nhiều dù chỉ kêu có 2 bánh. Nước mắm nêm vừa ăn, dưa chua ngon. Lúc mình lại quán khá đông khách, có cả khách nước ngoài.Xem thêm",89
1195,Mỹ Phụng Lâm,10/11/2019 21:33,3.2,Mình mua ly olong đào giá km 15k ord thêm trân châu trắng 10k tổng bill 25k mà về uống k có hạt trân châu nào ? Lúc ord thì thái độ nhân viên hơi khó chịu khi khách mua hàng giảm giá . Mong hệ thống xem lại . Tự nhiên mất oan 10k 🙂Xem thêm,90
1196,Trúc Mai Dương,1/11/2019 12:00,8.6,"In School 
Sandwich kẹp & Trà sữaXem thêm",90
1197,Trúc Mai Dương,26/10/2019 11:41,10,Trà sữa khoai môn 10K + Trân châu trắngXem thêm,90
1198,Foodee_90974859,29/5/2019 14:35,3.8,"Trà sữa nói chung cũng ok, không gian quán đẹp, rất thích cái không gian của quán. Các thứ đều ok trừ ý thức của nhân viên.
Nhân viên mà để đồ của mình tại bàn, rồi ra bàn ngồi luôn trong khi khách ngồi kế bên. Một quán trà sữa mọi thứ đều tốt vậy mà ý thức nhân viên không có. Thái độ thì hửng hờ với khách. Đem nước ra cho khách mà kiểu như thái độ lắm, không nói được một tiếng rồi đi một nước luôn.
Nhân viên nói chuyện, ăn uống tám chuyện các kiểu còn lớn tiếng hơn khách trong quán. Có khi cứ tưởng khách là nhân viên còn nhân viên là khách ấy chứ... lần đầu tiên cũng là lần cuối cùng đến quán, cho dù có thích không gian quán thế nào đi nữa mà nhân viên kiểu đó thì thôi em xin từ giã cho lànhXem thêm",90
1199,Thanh,1/5/2019 18:20,2.4,"Mình đi tầm 14h 1/5/2019, khách trong quán rất yên tĩnh, điều kiện quán tốt, còn nhân viên nói chuyện um sùm,vừa ăn xoài vừa đánh bài còn chửi thề, haizz, thật rất ức chế!Xem thêm",90
1200,Diễm,1/5/2019 18:10,2.2,"Quán nhìn từ ngoài vào trông khá ổn, vào mới thấy thật tệ, trà đào vừa chua vừa chát, nhân viên quán thì tụ tập đánh bài vừa nói chuyện la ó vừa chửi thề nói tục, không hẹn gặp lại...Xem thêm",90
1201,Ny Chan,5/4/2019 14:36,5.0,Nhân viên quán rất ồn. Quán đang có khách mà mấy bạn nhân viên cứ nói chuyện lớn tiếng cười giỡn lớn rất ồnXem thêm,90
1202,Van Thao,18/3/2019 20:05,3.8,mình ord ly trà quan âm thêm flan nhưng quán không có để flan cho mình.Xem thêm,90
1203,Winter Phan,4/3/2019 19:24,9.0,"Hãy mua ts gấu cho gấu bạn uống, để gấu nghiện ts gấu, gấu mập như con gấu, gấu chửi gấu....gấu..., rồi gấu lại uống ts gấu 😌
À, ts truyền thống ngon nhen. 👌Xem thêm",90
1204,Ngan,1/2/2019 20:26,7.2,"Vì quán hay có khuyến mãi nên mình có cơ hội thử qua nhiều lần. Thích nhất có lẽ là trà sữa oolong, vị trà không quá đậm, độ ngọt vừa phải, dễ uống. Trân châu mình thử qua cả trắng và đen, theo mình thì thích trắng hơn, nhai giòn giòn vui vui, dai vừa thôi chứ không như kẹo cao su đâu :>. Quán nhỏ, nhưng cũng có view sống ảo, có bé gấu to đùng vào ôm selfile thì hết ý. Thấy quán hay có mấy anh chị vào học bài nên khi muốn tụ tập chơi bời cũng không dám ghé vì không gian nhỏ không có phòng riêng, chỉ ghé khi đi 2 người hay mua mang về. Nhân viên phục phụ ổn và chuyên nghiệp.Xem thêm",90
1205,Anh Lan,16/7/2020 16:38,9.6,"1 phần 15k, mình ăn hai phần mới đủ thêm 1 ly trà sữa nhỏ 8k nữa là bao no, nhân viên nhiệt tình và nhanh nhẹn lắm luôn! Với giá như v là quá rẻ luôn ý!!Xem thêm",90
1206,Trúc Mai Dương,1/6/2020 11:26,9.4,Combo HotDog & Trà Sữa  PANDA HAMBURGER  20KXem thêm,90
1207,Chè Chang Hi,9/1/2023 21:43,5.0,Mình muốn đặt bánh ship đến Trà NócXem thêm,91
1208,Phạm Trần Phương Trâm,10/12/2018 11:09,9.0,"Trong mấy tiệm bánh ở Cần Thơ mà mình từng thử thì tiệm này có vẻ nổi bật hơn hết. Tiệm nằm trên đường Đề Thám, chạy ngang là mùi thơm nứt mũi luôn ấy. Như hình là mình thử bánh sâu kem ở đây. Bánh thì 15k/ cái. Bánh thì quán làm sẵn nhưng có người order quán mới bơm kem vào. Lớp kem bên trong giống như của bánh choux nên rất dễ ăn luôn. Bánh bên ngoài mềm, xốp, nói chung không có chỗ nào chê. Ăn một mình cả ổ cũng không ngán luôn. Quán còn rất nhiều loại bánh, hứa hẹn sẽ thử.Xem thêm",91
1209,Nhi Yến,2/11/2018 11:12,8.2,"Bánh đa dạng và giá cả phải chăng, tiệm bánh nằm ngay con đường huyết mạch của dân ""sành ăn"" trên đường Hoa Viên. Mình mua 1 flan, 1 tart trứng và 1 bánh bông lan trứng muối, xử trong vòng 1 nốt nhạc. Trong đó bánh flan tuy ko có cafe rưới lên kèm nhưng khá thơm mùi trứng, để lên ngăn đông và rưới thêm cafe là tuyệt lắm nha mà mình xử đơn giản nên ăn vậy thôi, tart trứng lớp ngoài giòn, lớp trong mềm và thơm nhẹ mùi trứng, tựa như mùi bánh flan còn bông lan hơi bị ngon ấy. Bông lan thơm nhrj kết hợp trứng muối mặn mặn béo béo, chà bông cũng vậy. Cho 9 điểm !Xem thêm",91
1210,Hoang Phuong Do,19/9/2018 22:59,7.8,"Thiệt lòng là mỗi lần chạy ngang đây phải hít một hơi thật sâu tại quá thơm mùi bánh, thơm nức mũi chịu không nổi luôn hà. 
Tiệm bánh cũng khá lớn, khách mua đông nườm nượp trông thấy mà vui. Hai cái tủ kính chất đầy bánh dòm là thấy chất lượng rồi. Bánh nào cũng có mà bánh nào cũng ngon hết á. 
Bánh bông lan chà bông mềm mịn, lúc lắc được luôn, nhiều chà bông và bơ nên béo ngậy hà. Bánh su to ụ, lớp vỏ giòn bao bọc phần nhân kem béo béo ngon xuất sắc. Giá thì khá rẻ.Xem thêm",91
1211,Phi Phụng Phạm,13/9/2018 12:41,8.2,Quán ở vị trí cũng khá dễ tìm. Quán ở đường Đề Thám. Nếu từ Đại lộ Hoà Bình chạy vô là bên tay trái. Kế quán chay Cường. Tiệm để phía trước 2 cái tủ thôi nhưng nhiều loại bánh lắm luôn.  Bánh bông lan trứng muối 50k. Bông lan mềm mịn ngon ơi là ngon. Thêm trứng muối với chà bông là tuyệt vời luôn. Mình còn mê bông lan plan 28k ở đây nữa. Mấy bạn thử đi. Sẽ bị ghiền đó. Mình đã ghiền rồi hihiXem thêm,91
1212,Trần Anh,4/9/2018 14:30,7.8,"Tiệm bánh này lâu lắm rồi mới ghé lại mua, thật thì đi ngang lần nào cũng liếc ngang xem có bán không mà mất đi 1 thời gian tiệm bánh dường như đóng cửa để sửa sang gì đó, thành ra giờ lâu rồi mới quay lại mua bánh ăn này. Không hiểu sao tiệm bánh toàn mấy chị lạ lạ không biết có thay đổi chủ không nữa, nhưng về phần chất lượng thì mình thấy cũng vẫn vậy chứ không thay đổi nhiều cho lắm.
Mình mua 1 ổ bánh bông lan matcha hạnh nhân, mùi matcha nhẹ hà không quá nồng, bông lan mềm mà vị matcha khá ngon, thoang thoảng nhẹ nhẹ, mấy lần trước ăn bánh bông lan socola rồi nên lần này muốn thử matcha, matcha giá có cao hơn 1 xí so với bánh socola mà bù lại cũng vẫn ok lắm luôn nè. 
Mấy bạn nhân viên có hơi lạ mặt mà lại được cái vui vẻ hơn nhiều, có chú kia bán bánh cũng dễ thương lắm ^^Xem thêm",91
1213,Hoang Phuong Do,19/8/2018 22:13,7.8,"Mỗi lần chạy ngang đây là thơm không chịu nổi luôn, phải tấp xe ghé vào mua ăn cho bằng được.
Tiệm bánh cũng khá là lớn, khách ra vô đông đúc nườm nượp luôn. Đậu xe đôi lúc chật cả đoạn đường ấy chứ. 
Quá xá bánh để lựa luôn, bánh ngọt, bánh mặn bánh gì gì cũng có. Giá cả lại khá là rẻ nha.
Bánh xu phần kem sánh đặc, béo ngậy nha. Bánh trứng vỏ giòn giòn và thơm phưng phức mùi trứng, thêm vị béo béo nữa chứ.
Bánh dứa thì xuất sắc nha, bánh mềm vị không quá ngọt, phần dứa nhiều và trung hòa lại vị bánh. Ngon vô cùngXem thêm",91
1214,Ngân Yoong,21/6/2018 22:18,5.8,"Lúc mua đã sợ bánh mì bị bở bột do cũ rồi, đã hỏi nhân viên bánh mới phải không, nhận được câu trả lời ""bánh mới ra trong ngày á em"", ok tin tưởng vậy!
Và rồi về mở cái bánh ra cắn miếng đầu tiên đứng hình luôn 😖 bánh mì cũ như cái cách mà Lumos Trần Hưng Đạo từng làm với mình 2 lần, thôi từ nay chừa mấy chỗ bán bánh mì phô mai này ra cho đỡ mất tiền mà méo xứng đáng vầy nữa 🙂!!!
Ngoài lề thì nhận xét là Tart trứng ở đây ngon, nhưng muốn chuẩn nóng giòn thì nên liên hệ với Cake house sẽ êm hơn. Còn bông lan trứng muối cũng rất tuyệt, chuẩn ngon - rẻ 🌸 duyệt được mỗi cái này 😹Xem thêm",91
1215,Khavy18,21/6/2018 21:24,7.2,"Quán nằm ở vị trí tương đối thuận lợi để tìm (￣▽￣) ~~~ Phục vụ tốt,giá cả khá rẻ ( ✌︎'ω')✌︎ 🌸 ❤️ :"">
Hôm nay tớ mua một cái bánh donut với hai cái bánh trứng ăn tối /// v /// donut bánh khá to nhưng hơi mềm ;; w ;; ~ nếu giòn tí sẽ ngon hơn Ọ v Ọ... 
Bánh trứng thơm :""> nhân béo ngậy (*ﾟ∀ﾟ*) <3 dòm xinh lắm a ~ ❤️😂🌸
Bánh trong quán khá đa dạng :"">> đặc biệt là các loại bánh ngọt ╰(*´︶`*)╯♡
> Sẽ đến quán lần nữa 🍀🍀Xem thêm",91
1216,Phạm Trần Phương Trâm,18/6/2018 21:00,8.0,"Mỗi lần chạy ngang sông yến là cầm lòng không nổi thiệt chứ :3 Gì đâu mà làm bánh thơm phức, bay ra tới ngoài đường làm chạy xe mà bụng cứ réo vào mua. Thường thì ăn bánh su thôi, nhưng lần này mình thấy có bánh rán kiểu doraemon, hỏi anh bán thì ảnh nói có nhân là socola nên mua ăn thử luôn. Vỏ bánh mềm, thơm sữa, ngọt ngọt rất dễ ăn, cộng với socola bên trong đắng đắng thì tuy là bánh nhân ngọt nhưng ăn không bị ngấy :3 Một cái như hình thì chỉ 7k thôi.Xem thêm",91
1217,Lăng Hưng,22/4/2018 16:05,7.0,"Không gian quán khá ấm cúng.
Giá nước hơi cao nhưng rất ngon, chất lượng wifi tốt.
Quán yên tĩnh, chổ ngồi cũng khá thoảng mái.Xem thêm",92
1218,Khanh Ngoc,15/4/2018 0:47,9.4,"FRESH COFFEE đã dời qua hẻm 15 Trần Văn Hoài rồi, chạy tới cuối hẻm quẹo phải lại thấy ngay, tuy hẻm đang sửa chữa nhưng quán cũng rất dễ tìm 😆
Không gian quán mới khỏi chê mọi ng ơi, rất thoải mái và siêu siêu đẹp, vừa sang trọng lại thoáng đãng nhờ có giếng trời, ánh sáng tốt để học bài nè
Quán nổi tiếng với sự yên tĩnh để tập trung làm việc và học bài, quán mở nhạc rất hay và ko quá lớn ( đó là lí do mình trung thành vs fresh) 👍👍
Giá cả hợp lí và Matcha siu ngon, mình thấy ở fresh có coffee và matcha là những món ngon nhất, matcha có độ đắng vừa phải và béo nguậy không ngọt gắt như các quán khác 😍Xem thêm",92
1219,Hai Khuu,15/4/2018 0:36,5.0,Coffee Fresh hiện đã dời về hẻm 15 Trần Văn HoàiXem thêm,92
1220,Phạm Trần Phương Trâm,15/1/2018 5:58,8.0,"Đây là lần đầu tiên mình đến Coffee Fresh để ủng hộ. Quán nằm trên đường Mạc Thiên Tích, cùng 1 phía với các quán như Song Ngư, Vitamin+ và Maison de mia :3 quán cũng khá đầu tư về phần trang trí, khá là ấm cúng và tạo cảm giác dễ chịu. Ngoài ra, quán còn có không gian chơi nhạc acoustic nữa. Các band nhạc sẽ đến và giao lưu :3 Như hình là ly cà phê sữa, và cà phê đá. Thức uống cũng không có gì đặc biệt. Mình chỉ ấn tượng với không gian ở đây :3Xem thêm",92
1221,Saruchan Le,11/12/2017 15:42,8.0,"Dù đã lâu không quay lại quán nhưng quay lại thì cảm giác vẫn rất thân thuộc, không thay đổi gì nhiều. Nay mình đổi khẩu vị, uống thử match. Vẫn là cảm thấy các loại trà ngon hơn. Giá thức uống ở đây phần lớn đều hơn 30, có món cũng tầm 40k nhưng chất lượng rất ok. Không gian có nhiều loại ghế để lựa chọn, có thể ngồi ghế lười hoặc sofa, hoặc ghế dựa bình thường. Nhân viên cũng khá vui vẻ. Chú giữ xe là người mình thích nhất trong số nhân viên quán, chú rất thân thiện.Xem thêm",92
1222,Trang Ngọc,9/12/2017 16:03,7.8,"Cũng khá lâu rồi mới quay lại quán này, không gian trong này rất yên tĩnh và thoáng mát. Thích nhất là nghe nhạc buổi tối cuối tuần, dàn âm thanh ở đây rất hay, mấy bạn hát cũng hay nữa. Món mình hay uống khi ghé đây thường là trà đào, sau này đổi qua coffee sea salt này, thấy khá lạ miệng, uống ngon, béo béo. Quán order ngay quầy rồi trả tiền luôn nên nhân viên thường ở trong quầy, ngoài lúc bưng nước ra thì cũng không làm phiền khách lắm. Giá cả ở đây hơi mắc chút nhưng được cái đồ uống chất lượng.Xem thêm",92
1223,Khanh Ngoc,1/9/2017 3:12,9.0,"Quán yên tĩnh cả khi đi buổi tối, phát hiện điểm cộng ở Fresh là có trang bị đèn bàn cho các bạn học, không gian thoáng mát, tinh tế, mê mệt giàn nhạc và cái sân khấu vô cùng. Đêm nhạc mình đi cũng khá đều đặn vì bị mê mệt cái dàn nhạc cụ này đây ❤️❤️nhân viên rất thân thiện và lịch sựXem thêm",92
1224,Trang Ngọc,27/7/2017 0:26,7.8,"Lâu rồi mới vào lại Coffee Fresh. Nước uống từ trước giờ mình không đánh giá cao lắm, trừ một số món đặc biệt như Seasalt cream coffee, nước mơ, hồng trà sữa. Nay mình giảm cân nên chỉ uống cam ép thôi :)) Giá thức uống thì muôn đời nay vẫn khá đắt nhưng bù lại mình vào đây vì thích không gian yên tĩnh, mọi người trong này cũng nói chuyện nhỏ nhẹ, lịch sự hơn, không có quá nhiều nhóm nhốn nháo, thích hợp học tập, tâm sự :)) Có điều vẫn thích đèn sáng hơn xíu, buổi sáng hoặc chiều á, vì những chỗ phía trong nắng không rọi vào được nên học cũng thiếu sáng.Xem thêm",92
1225,Khanh Ngoc,4/7/2017 17:12,8.6,"Quán theo phong cách cổ điển, trong rất sang trọng và bắt mắt, không gian nhiều góc khác nhau cho khách 👍👍rất yên ắng để nghỉ ngơi giờ trưa
Nước uống ngon hơn những lần trc nhiều 😍
Nhân viên thân thiện lắm, nhiệt tình nữa
Sẽ ghé thăm vào những lần sau nữa, các chương trình âm nhạc cx rất đặc sắc, đa dạngXem thêm",92
1226,Ron Swift,23/5/2017 7:34,7.4,"Quán này nằm trên đường bờ kè mậu thân với đường 30/4. Hồi trước cũng có đến quán rồi nhưng mà thường chỉ đi ban ngày thôi nên nay đổi sang ban đêm mục đích là để nghe nhạc, thường thì tối cuối tuần từ thứ 6 đến chủ nhật, mỗi đêm sẽ là một chủ đề nhạc khác nhau. Hôm mình đi là thứ 6, nghe nhạc ascoutic thì phí bao gồm cả nước luôn đồng giá là 80k. Nhạc ở đây chất lượng í, nước thì uống tạm được thôi chứ không phải ngon xuất sắc, nhân viên phục vụ lịch sựXem thêm",92
1227,Trúc Mai Dương,24/4/2020 10:47,10,Cà phê sữa Bọt giá 1KXem thêm,93
1228,Trúc Mai Dương,29/11/2019 13:31,10,Trà sữa Oolong HongKong trân châu MiniXem thêm,93
1229,Trúc Mai Dương,18/9/2019 16:04,9.4,Cacao Sữa bọtXem thêm,93
1230,Hân Trịnh,26/8/2019 13:16,3.4,"Đặt trên app là ca cao sữa bọt nhưng lại giao ly ca cao như hình, nước đá là nước đá ở nhà bỏ vào:)))Xem thêm",93
1231,Sue Cheriee,3/6/2019 10:00,8.2,"Lần nào đi Cần Thơ cũng phải ghé vì chưa thấy ở đâu bán giống. Hai món mình luôn gọi và thích nhất là cà phê bọt sữa và sữa tươi trân châu đường đen. Cà phê có lớp kem vị cà phê ở trên cùng rất thơm, vị cà phê đậm hoà quyện với kem ngon lắm nha. Sữa tươi trân châu đường đen có phần sữa béo và ngọt vừa không bị gắt, thơm đường đen, trân châu có ngày ngon có ngày hơi fail nhưng tổng thể vẫn xịn. Giá cũng rẻ nha, quán ngay bến Ninh Kiều tiện mua, nhân viên dễ thương không gian cũng được mà mình thấy rối quá.Xem thêm",93
1232,Linh Tr,21/2/2019 21:37,5.0,Không gian đẹp.Xem thêm,93
1233,Trúc Mai Dương,16/2/2019 14:02,9.0,"- Sữa Tươi trân châu Đường đen 
- Cà phê sữa bọt
- Bánh trà sữaXem thêm",93
1234,Hoàng Lâm,9/2/2019 19:09,10,"Quán được ko gian đẹp, cà phê bọt làm ngon, giá cả phải chăngXem thêm",93
1235,Trúc Mai Dương,23/1/2019 13:49,9.0,Ôlong SữaXem thêm,93
1236,Yến Ngọc Trần,31/12/2018 1:23,9.0,"Như mọi người thấy, trong hình là cà phê sữa bọt và sữa tươi trân châu đường đen. Quán này quá nổi tiếng bởi cà phê sữa bọt nhỉ... Lớp kem bọt cà phê ở trên rất mịn, sệt không lỏng như mấy chỗ mình từng uống, ăn không hơi bị ngon nhưng sẽ không đúng vị khi mình chỉ ăn không, hôm đó mình ngồi nhâm nhi hết phân nửa rồi mới khuấy lên, phải nói khi kem bọt hoà vào cà phê sữa ra một vị rất lạ và đặc biệt ngon, thơm nữa, nhưng có lẽ hơi ngọt so với đứa ăn ít ngọt như mình...Giá cả thì rất ổn cho món này...
Còn sữa tươi trân châu đường đen ở đây thì thơm, trân châu mềm rất ổn (vì mình thử có chút xíu à)
Quán còn bánh trà sữa trân châu nữa, bánh mềm thơm, kem với trân châu cũng ngon lắm nhaXem thêm",93
1237,Kaylee Lưu,9/5/2018 14:52,7.4,"Lâu lắm rồi mới uống lại trà sữa của Lục !! Lúc trước quán nằm đối diện công viên Lưu Hữu Phước, giờ thì tọa lạc ngay giữa khu chợ nhộn nhịp trên đường Huỳnh Thúc Kháng. Không gian khá nhỏ, để được vài ba cái bàn bé xinh trên vỉa hè này, chủ yếu là phục vụ take away hay ship đi thôi.
Trà sữa thơm, độ ngọt vừa phải, siêu thích khúc bạch của Lục luôn ấy, viên nào cũng to ụ, có đủ 3 loại dâu, trà xanh và truyền thống nha!!!❤
Ly size nhỏ như này có giá 15k, khá ổn so với chất lượngXem thêm",94
1238,Kim Ngọc Đoàn,23/12/2017 11:09,5.0,Rong biển tuyệt hôm đặt còn đc giảm 50k chưa ghé quán nên k biết không gian thế nào matcha cũng khá noong nhiều topping nhưng rong biển thì hơi nhạt và hình như bị cháy quá nên có vị đắng còn lại thì ổn giá cả phải chăng.  Sẽ cố gắng sắp xếp thời gian ghé quán để thưởng thức không gian quán. Foody giao hàng nhanh chất lượng 30p là đến phí ship cũng rẻ nên sẽ thường xuyên đặt trên foody không cần ra khỏi nhà mới mua được. Chúc quán sẽ thêm nhiều món và dsông kháchXem thêm,94
1239,Tiên Ánh,30/11/2017 18:34,8.0,"Trà sữa matcha Lục đúng hương vị matcha, ngon, hơi béo, khúc bạch béo ngon.
Giá cả cũng ok
Nênnn thử !!Xem thêm",94
1240,Foodeenow,19/10/2017 21:06,8.0,"Trà sữa matcha hương vị thơm béo, đặc biệt khúc bạch nhiều, khúc bạch có hương sữa dâu thơm lừng. Ly nhỏ 15kXem thêm",94
1241,Sharon Jin yan,10/10/2017 18:25,9.4,"Mua 2 ly nhờ shipper mang tới. Ngon và béo. Chỉ có điều dùng đá tinh khiết rất mau tan ra và làm trà sữa bị nhạt.
Còn lại mọi thứ đều okXem thêm",94
1242,Hoàng Yến,9/10/2017 19:19,7.4,Vì có voucher nên lết lết đi mặc dù làm biếng lắm haha. Ra mua matcha uống. Nghe nhiều người nói ở đây uống ngon lắm nên thử. Matcha ly nhóc khúc bạch luôn nha. Khúc bạch béo vừa phải mềm mềm tan tan trong miệng. Có điều là matcha hơi ngọt so bới khẩu vị của mình nên mình không thích lắm. Chắc do tuỳ khẩu vị mỗi ngườiXem thêm,94
1243,Hân Bá,8/10/2017 16:37,9.6,"Đi học thì cả nhóm thèm trà sữa nên quyết định đặt Deli giao hàng. Tan học thì trà sữa đến nơi. Đặt 8 ly nhưng không có thời gian nên chưa chụp check in hết được, chỉ chụp được nhiêu đây thôi. Theo mình thì trà sữa ngon, đậm, đúng vị matcha. Thạch khúc bạch thì rất là ưng, beo béo, dai dai chỉ muốn ăn hoài. Do ở xa quán nên phí tiền ship hết 35k rồi. May mà có mã giảm 50% nên đỡ được phần nào. Shipper thân thiện, vui vẻ, dù giao không nhanh lắm như những lần trước nhưng đến nơi có nói do số đơn đặt đông nên cũng rất thông cảm.Xem thêm",94
1244,nhinguyn5086,4/10/2017 15:03,10,"Khúc bạch tại đây là chỗ mà mình cảm giác là ngon nhất cần thơ, béo mềm dẻo vừa phải, rất thơm vị sữa. Nói chung là tuyệt vời
Phần trà sữa thì vị sữa tươi rất vừa miệng, đậm vị matcha , đặc biệt ko có mùi bột béo. Đây là điểm mình ưng ý nhất ở đây. 
Ở đây có cả 1 bờ kè có thể bắt ghế ra đó ngồi rất ok.Xem thêm",94
1245,Ngọc Mai Trần Thị,24/9/2017 10:13,7.4,"Quán chủ yếu bán buổi tối, chỉ bán trà sữa matcha và topping là khúc bạch thôi. Matcha thơm ngon, khúc bạch cũng ngon nhưng so với chổ mình thích thì chưa đậm, chưa thơm vị phô mai bằng. Phục vụ nhanh, giá cũng rẻ, ly nhỏ chỉ 15k thôi. Túi zip thì 20k. Nhưng quán để đá hơi nhiều nên mang về nhà thì vị trà đã loãng. Nếu có thêm trà sữa truyền thống thì mình thích hơn.Xem thêm",94
1246,Yến Nhi,31/7/2017 15:07,8.8,"Được nhỏ em kéo tới đây uống vì ẻm thích uống matcha lắm. Mình thì không hão matcha nhưng cứ đi coi sao. Quán dạng ngồi lề đường nhìn xe chạy với tám chuyện cũng vui )) Vị matcha uống cũng tạm được thơm matcha, khúc bạch mềm mềm béo béo. Nhân viên cũng nhiệt tình, nhanh nhẹn. Một ly khoảng 15 18k gì đó mình thấy cũng không rẻ mà cũng không mắc 😂 vì không hão uống nên không đánh giá tốt được chất lượng như thế nào so với những chỗ khác nhưng thấy mọi người thích nên chắc giá rẻ đây.Xem thêm",94
1247,THITNHAPKHAU 0966993532 TRÂU BÒ GÀ HEO,30/6/2021 14:32,9.6,GOODXem thêm,95
1248,Ken Pham,26/10/2020 8:11,2.8,Chất lượng món ăn và nhân viên quá tệ không được như trước đâyXem thêm,95
1249,Trinh Châu,27/11/2019 16:34,9.0,"Đặt hàng trên Shopee App lúc 15h31, giao hàng lúc 15h56
Bún bò xào 35k: 1 hộp đầy vung (nhiều bún, nhiều thịt), ăn 1 hộp là no căng
Ngon và chất lượng, rất đáng tiền.Xem thêm",95
1250,Huong Nguyen,7/9/2019 16:22,7.6,"Thịt bò mềm, siêu ngon, ăn phở hay bò trần đều tuyệt
Cái lẩu bé xinh, nước ổn, vì thịt bò tươi ngon nên ăn gì cũng thấy ngon, rau ít loại nhưng tươi
Bò lá lót ăn không hợp khẩu vị lắm nên thấy bình thường, ko ngon như lời đồn
Nếu có dịp ghé CT, sẽ lại vào ăn bò trần Sìl MỳXem thêm",95
1251,Trinh Châu,6/4/2019 10:29,7.4,"Từ đường Phan Đình Phùng rẽ trái vào Hãi Thượng Lãng Ông thì thấy quán nằm bên phải (quán rất lớn, bảng hiệu màu vàng rất to) rất dễ tìm.
Bún bò xào: Lát bò dày nên xào tái, ăn thấy rất mềm và nêm nếm cũng vừa miệng.
Chính vì bò xào tái nên khi ăn + tưởng tượng làm mình bỏ lại 1/3 số thịt bò > tiếc ghê!!!!!!
Lần sau ghé mình sẽ yêu cầu cắt lát bò mỏng và xào chín.
Cùng 1 lượng thịt bò mà cắt lát mỏng thì khi trải đều lên tô bún thì trông nó có vẻ nhiều thịt hơn, đúng không!!?Xem thêm",95
1252,Hân Dương,19/10/2018 13:44,7.4,"Quán nằm ở đường Hải Thượng Lãng Ông , đường cũng dễ tìm và dễ đi lắm.

Không gian quán rộng lắm nha , như trải dài từ trước tới sau luôn 😂 , như chia ra mấy khu lận í
Sìl Mỳ thì chuyên về các món bò , mình và nhóm bạn ghé thử có gọi lẩu bò , bò nướng, nêm nếm vừa miệng  lắm, bò cũng nhiều nữa nhưng mà ăn nhanh quá nên quên chụp hình tiêu rồi ))) 
Nhân viên lịch sự dễ thương(đa số là sv), còn bà chủ thì mau lẹ vui vẻ lắm 👍🏻
Sẽ quay lại nếu có dịp.Xem thêm",95
1253,Trần Hiểu,15/7/2018 21:15,5.6,"Nhờ foody mình tìm được địa chỉ này,  mình đến được 3 lần.  Nhìn chung thì quán làm ngon giá hợp lý,  vấn đề là rau rửa không sạch lắm, dơ nhất là lần ghé gần đây nhất.Xem thêm",95
1254,Ong Thanh TU,7/7/2018 18:26,5.0,Ngon và giá cả hợp lýXem thêm,95
1255,Hoang Phuong Do,19/6/2018 22:40,8.0,"Chiều mưa rơi nhẹ nhàng mà ăn 1 cái nồi lẩu nóng hổi như thế này là ấm lòng lắm luôn á.
+ Không gian: trong nhà thì có hơi cũ kỹ nên trông hơi dơ tý, với lại cũng rộng với nhiều bàn, bãi xe cũng nhiều chỗ
+ Vệ sinh: tương đối tạm ổn, không phải nhà hàng nên vấn đề này có thể cho qua, chén đũa cũng sạch là ổn.
+ Món ăn: 1 nồi lẩu ăn 1 đống thịt luôn giá cũng rẻ nữa, ăn xong là no ứ hự. Chưa kể tới rau ăn lẩu nhiều cực kỳ. Mà ăn hết nước lẩu được châm thêm free luôn nhaXem thêm",95
1256,Hiếu Minh,14/6/2018 10:52,8.4,"Mình rất thích ăn lẩu bò ở đây, bởi vì đây là cơ sở tự làm thịt bò luôn chứ không có qua tay trung gian nên thịt bò ở đây rất là ngon, tươi nhất là bò viên viên rất to thịt bò bên trong khá nhiều chứ không có nhiều bột như những chỗ khác. Lẩu bò ở đây khá là nổi tiếng cho nên rất là nhiều khách du lịch và người địa phương đến đây ăn. Giá một lẩu là 150.000 đến 200.000/ lẩu thịt rất là nhiều, các bạn có thể kêu để thịt không hoặc là kêu đầy đủ thì có đồ lòng của bò luôn. Riêng mình thì không thích ăn lòng bò nên mình kêu một lẩu chỉ để thịt, gân và viên thôi. Phở gọi thêm giá 10.000Xem thêm",95
1257,Nguyen Thu,11/11/2020 19:07,6.8,"Trà xanh và Trà sữa matcha
11.11 khuyến mãi nên đặt qua Now 2 ly không topping 37k
Trà xanh 100% đường uống không khác gì trà Bảo Tín pha ít đường
Trà sữa matcha tạm ổnXem thêm",96
1258,foody,30/4/2020 17:00,1.2,"khuyến mãi mình order về cho cả nhà uống, để đá riêng, dù km thì cũng phả làm đúng như bình thường mới gọi là km, đằng này gian dối đặt sz L mà chỉ được 1/4 li, mua 3 li mà pha chế vầy đây, 1 thương hiệu lớn mà làm ăn gian dối khách hàng thật ko chấp nhận được, cạch mặt, ko bao giờ ủng hộXem thêm",96
1259,khưu mộc vũ,26/4/2020 6:06,6.2,"Lần đầu mua cho con trà sữa tocotoco, được 4 mã giảm giá (2 shopee, 2 tặng từ ví momo) mình đến sencity cần thơ Đại lộ Hoà Bình, do nhu cầu mua thêm 2 ly nên mình hỏi nhân viên bán hàng hướng dẫn cách quét airpay để được giảm 40k, nhân viên nói tự kh lên shopee tìm voucher ở đây nhân viên không có nhiệm vụ và trách nhiệm hướng dẫn kh tìm, mình dẫn chứng bên gà rán lotteria nếu có chương trình km thì nhân viên hướng dẫn kh làm, cô nhân viên bảo gà rán là gà rán bên e toco la toco không liên quan à a. Mình giận xanh cả mặt về liền điện thoại trực tiếp phản ánh cô NV bán hàng này với thái độ phục vụ khách hàng thiếu sự chăm sóc chu đáo, sau đó cũng được sự lắng nghe và thấu hiểu của cấp trên đối với thái độ cô NV này mình cảm thấy cũng nguôi ngoai đi sự tức giận này, cô NV này mình thấy trên bảng tên là Hai Duyên.Xem thêm",96
1260,Winter Phan,19/4/2020 20:18,8.8,"Lâu lắm rồi, cũng gần 2 năm rồi mới uống lại Toco toco, mọi thứ có vẻ khác nhiều, từ bao bì ly size L có phần cute hơn 😀 cho đến vị trà sữa, lần này mình dùng thử Okinawa thì có vẻ ngon lắm, không béo không ngán. 
Buồn nhiều vì nhân viên không đọc kĩ thông tin oder, mua thêm gần 10k tiền trân châu đường đen mà không bỏ vào.
Buồn xíu vì mùi của trà sữa truyền thống ngậy quá, nghe rõ mùi sữa tươi hà lan, hay mùi bột béo sao ấy, ngán quá ngán luôn. 
Trân châu truyền thống mềm dẻo có vẻ hơi thiếu độ dai.
Biết vậy không oder mấy đồ lạ lạ, chỉ mua trà sữa hokaido ở đây thôi, cho an toàn. 
Thôi lâu lâu muốn đổi vị thì uống lại chứ vẫn chưa hài lòng lắm. Mong toco toco xem xét cải thiện nếu thấy mình ý kiến hợp lí.Xem thêm",96
1261,Anh Lan,27/6/2019 21:15,8.0,"Lần nào cũng uống nhưng lần nào cũng quên review, Toco mình chỉ uống mỗi món này đến nghiện luôn, cái ly thì chanh xả, lớp kem thì béo béo, pudding vừa ăn không ngán, rất đáng tiền nhá!!!!Xem thêm",96
1262,Hạ Tiên,17/5/2019 12:09,4.4,Chất lượng hôm nay quá tệ. Hoàng Gia kem phô mai lúc trước uống còn có xoài và đào. Hôm nay chỉ có siro. Kem phô mai thì hôm nay quá mặn.Xem thêm,96
1263,Trúc Mai Dương,9/5/2019 7:18,7.6,"Giảm 30% 
- Trà sữa PandaXem thêm",96
1264,Thuỳ Như,24/3/2019 19:11,10,Trà sữa bạc hà và trà sữa panda. Nước ngon cực <3 Phục vụ rất nhanh rất hài lòngXem thêm,96
1265,yuuba,17/2/2019 9:03,8.0,"Được dịp Toco có deal giảm giá nên chơi lớn đặt 2 ly trà sữa như hình, bình thường thì k dám mua vì giá khá chát so với sinh viên. 

Mình đặt 1 trà sữa trân châu truyền thống vs 1 ly gì nữa ấy quên mất r vì uống khá lâu h ms nhớ ra để reivew 😂😂😂

Ly trà sữa khá nhiều, cầm chắc tay. Brand lớn nên vi trà sữa tất nhiên cũng ngon và chất lượng r, k quá béo đâu nha, trân châu ngọt và dẻo. Ly kia thì uống khá thanh mát nhe 💋Xem thêm",96
1266,Kim Ngân,31/1/2019 23:44,9.2,"Mình rất thích trà sữa kem chess của quán nhất là chocolate chess và matcha chess uống ngon cực kì, để thêm trân châu nữa là hết xảy. Nhân viên phục vụ tốt, nhanh vào oder xong ra ngồi 3 phút là có ngay, ly mình uống mọi lần là size vừa. Đặc điểm của quán mình cực thích là chocolate với matcha vị cực đậm, nhìn màu thôi cũng biết, trân châu to, mềm, dẻo, dai, ăn rất ngon. Mình rất rất hài lòng, cảm thấy các bạn nên oder tại quán thay vì oder ship đến nhà thì tốt hơnXem thêm",96
1267,Hi Tien,5/12/2023 11:41,10,Rất ngonXem thêm,97
1268,Phạm Khánh Trang,2/12/2023 12:11,10,Sushi rất ngon ạ. Vừa miệngXem thêm,97
1269,Bảo Nghi Hồ Ngọc,30/11/2023 11:43,10,"Đồ ăn ngon, không gian sang trọng,phục vụ nhiệt tìnhXem thêm",97
1270,Diệp Ngọc,28/11/2023 11:41,10,"Món ăn ngon ,phục vụ tốt 👍 rất tuyetXem thêm",97
1271,Thuý Nguyễn,23/11/2023 12:11,10,Rất ngon và tuyệt vờiXem thêm,97
1272,Jenny Thỏ Đế,13/11/2023 14:56,10,Hài lòngXem thêm,97
1273,foodee_0f489bf8,13/11/2023 14:36,10,Hài lòngXem thêm,97
1274,Thu Nguyễn,13/11/2023 14:35,5.0,Hài lòngXem thêm,97
1275,foodee_8z1jn227,13/11/2023 14:30,5.0,Hài lòngXem thêm,97
1276,Quý Nguyễn,13/11/2023 13:21,10,Hài lòngXem thêm,97
1277,Nguyen Phan,25/11/2019 8:13,3.6,"Mặt thằng chủ quán ghé được 2 lần vẫn hằn hộc, côn đồ. Mới đậu xe bước vô, quán ko có khách chỉ có thằng chủ quán ngồi dán mắt lên máy, ko thèm nhìn tới khách, cho tới khách bước vào ngồi xuống vẫn ko ngẩn cái mặt lên được, tới khi khách kêu thì trả lời “cái gì, ăn gì kêu đi”. Kêu món mà mặt nó hầm hầm kiểu sắp đánh người vậy! Bưng rổ bánh mì ra quăng lên bàn chứ không phải là để xuống bàn. Như dằn mặt khách vậy. Nhìn mặt thôi đã thấy có vẻ côn đồ rồi, cử chỉ lời nói còn cọc cằn thô lỗ kiểu đó nữa. Đồ ăn mắc chứ đâu phải rẻ, người ta vào ăn trả tiền chứ không phải cho không đâu mà đem cái bản mặt như vậy ra bán. Ngon tới đâu bán đắt tới đâu mà làm cái kiểu cách đó thì có mà để dành ăn chứ bán được cho ai!Xem thêm",98
1278,Thy Lý,6/10/2018 9:07,8.0,😍Xem thêm,98
1279,Chế Suong,22/9/2018 11:12,8.4,"Địa chỉ: mậu thân dễ tìm
Món ăn: ngon, hợp khẩu vị, lần này ăn thử mì 35k khá bất ngờ vì chất lượng, y như hình quảng bá, mì dai, rau ăn chhung cũng dễ nữa
Bánh mì dai, ngon, đặc ruột 3k thêm
Bò né ăn rồi ngon “xức xắc”

Thấy sạch sẽ, có giữ xe
Nước đậu lạ lạ thơm thơm hay pepsi

Sẽ quay lại nhiều lần
Giá cả tương ứng chất lượng
Quán bán tới khoảng 22h hơn luônXem thêm",98
1280,Phạm Trần Phương Trâm,12/9/2018 0:38,8.0,"Nay được thằng bạn dẫn đến chỗ này ăn vì lâu rồi không ăn ở đây. Quán nằm trên đường Mậu Thân đối diện với nhà trẻ 2 tháng 9 nên cũng khá dễ tìm. Không gian quán ấm cúng, được trang trí với các bức tranh về các món ăn trong quán cũng như các hình phong cảnh. Như hình là phần bò né kim chi của quán. Quán có 2 chỗ thu hút khách chính là chén kim chi thêm cũng như có bắp ở trong phần bò né tạo cho phần bò có vị ngọt, đặt xuống là mùi thơm bay ngất ngây luôn, bò mềm ngon, vị vừa ăn ngoài ra còn được tặng thêm một ly nước mát nữa.Xem thêm",98
1281,Nhã uyên văn hoàng,9/8/2018 13:31,8.4,"Ăn ở quán khá lâu rồi nay mới review.
Quán nằm trên đường mậu thân gần trà sữa moon và trung tâm anh ngữ gia việt.
Quán có bảo vệ giữ xe không gian phía trước hơi chật ít chỗ đậu xe. 
Ấn tượng về quán có lẽ là bò né được ăn kèm kim chi. Là một tín đồ cuồng kim chi thì không thể nào bỏ qua được quán này.
Mình gọi phần bò né kim chi có giá 25k đã bao gồm bò, trứng, bắp,phần kim chi và 2 ổ bánh mì ăn kèm. Quán còn tặng ly nước đậu giải khát cho mỗi phần ăn. Mấy nhân viên order nhanh nhẹn và thân thiện. 
Mình Khá thích đến quán và sẽ ủng hộ quán nhiều hơn nữa.Xem thêm",98
1282,Tiên Tiên,31/7/2018 17:08,10,😋Xem thêm,98
1283,Nhã Thanh ⚛,13/7/2018 18:00,7.2,"Đồ ăn ở đây hơi bị ngọt, bù lại kim chi vừa ăn, chua chua cay cay ăn khá bắt vị với bò né. Quán nằm ở mặt tiền nên dễ kiếm, chỗ để xe thì hơi nhỏ. Phần bò né 23k ăn cũng vừa no.Xem thêm",98
1284,Trúc Nhi,21/6/2018 18:34,7.2,"Mấy hôm trước đọc trên 1 review có nhắc đến quán nên vào hôm chủ nhật có đến quán ăn thử món mì khô màu xanh nhìn lạ mắt của quán, cơ mà tới nơi thì chủ quán bảo hết rồi ;( bèn gọi thử món bò né kim chi ra ăn thử, lúc đem ra thấy phần trong dĩa hơi ít ( như hình), 1 ổ bánh mì với 1 phần nhỏ kim chi được mang ra thêm. Ăn cũng khá ngon nhưng mà ít quá nên chưa đủ no, thấy trên hình nhiều bạn chụp đồ ăn khá nhiều, chắc phần đó mắc hơn của mình. Quán khá nhỏ và sạch sẽ, mong là lần sau đến quán sẽ có món mì khô cho mình :)Xem thêm",98
1285,An Phạm,13/6/2018 20:52,7.4,"Bò né ở đây ngon, rẻ, kim chi ngon, nước đậu thanh mát. Bò lúc lắc thịt mềm.Xem thêm",98
1286,Kiều  Trần,2/6/2018 10:27,7.2,Quán nhỏ nhưng pv chu đáo..1 phầm bò né kim chi 25k bonus 1 ly nc đậu... vị vừa ănXem thêm,98
1287,Trúc Mai Dương,18/6/2020 17:54,10,"Xôi Đùi Gà Chứng Múi + Hồng Trà 
Hồng Trà siêu thơmXem thêm",99
1288,Trúc Mai Dương,11/5/2020 11:23,10,Trà sữa trân châu  10KXem thêm,99
1289,Trúc Mai Dương,10/5/2020 11:30,10,Trà sữa trân châu  10KKKKXem thêm,99
1290,Kiên Trung,10/4/2020 17:15,9.6,"quán này nguyên cái menu món nào cũng ổn áp hết nha mọi người , ổn áp hơn là món dừa non , bữa uống quên chụp nay mua ly trà sữa nên chụp thay thế vậy )))
chủ quán vui tính nhiệt tình lắm nhe mọi người , có dịp nên mua uống thửXem thêm",99
1291,Anh Quân Ngô,10/4/2020 16:34,8.6,"Tại Ty Thé, đây là một trong những món mình thích và thường xuyên uống nhất tại quán. Đây cũng là một trong những đặc trưng riêng mà ít có thể tìm ở đâu trên Cần Thơ này.

Lớp #Dừa_Non xay nhuyễn với #Sữa tạo cảm giác ngọt bùi khi vừa tan trong miệng và bạn thích thú khi nhai. Điểm nhấn của món đến từ lớp #Cacao phủ lên phía trên khiến cho thức uống đậm đà hơn. Cuối cùng là không thể thiếu #Đậu_ Phộng và #Thạch_Dừa nhai rất thú vị.

Nhân viên dễ thương và chu đáo, đặc biệt là ông chủ rất thân thiện với khách hàng. Chắc chắn sẽ quay lại lần sau!Xem thêm",99
1292,Nghĩa Đào,10/4/2020 16:30,8.6,Ly dừa non matcha này của quán thiệt sự là ngon và lại trông đẹp mắt nữa. Giá cả thì quá vừa túi tiền sv. Thật sự là 1 quán phải ghé qua nha mnXem thêm,99
1293,Huệ Nguyễn,10/4/2020 15:54,8.4,Giá hợp lí mà phải chờ hơi lâuXem thêm,99
1294,Nhật Quang,10/4/2020 15:51,8.2,Vita c khá dễ uống vừa miệngXem thêm,99
1295,Anh  Quân,9/3/2020 21:07,1.6,Nhân khuyến mãi 1 tặng 1 mà nhận lại là 1 ly dừa non nhạt nhẽo và 1 ly đường đen trân châu cứng và cũng chả ngon. Khuyến mãi mà bán đồ cặn bã như thế thì đừng khuyến mãi nữa nhe quán. Không bao giờ order 1 lần nữa !!Xem thêm,99
1296,Trung Thanh,1/3/2020 23:58,5.2,Đã lâu lắm rồi kể từ khi tăng giá các món mới uống lại bên Tythe nhưng nhận lại thì vẫn là 1 sự thất vọng vô cùng . Order 1 ly dừa non chocolate với 1 sữa tươi trân châu đường đen . Món dừa thì phải nói là tan nhanh và không còn đặc sệt như trước còn món sau thì trân châu cứng và thô . Đặc biệt là thái độ anh nhân viên đô con da hơi ngăm trong quầy tỏ ra thiếu thân thiện với khách . Trước đó nhà mình có mua mấy lần và cũng phàn nàn tương tự . Mong quán xem lại thái độ anh nhân viên và chất lượng các món .Xem thêm,99
1297,Nhi Hồ,19/11/2020 12:28,9.8,"Dạo quanh bến Ninh Kiều vào buổi đêm thì mình phát hiện ra hàng xôi này. Mọi người xếp hàng đông lắm nên cũng vào mua ăn thử. Xôi ngon và dẻo, topping cực kì nhiều: thịt gà, trứng cút, trứng chiên, lạp xưởng, đồ chua,... thêm nước xốt đậm đà nữa. Một hộp xôi như hình mình mua có giá #20K quá chất lượng luôn nè.
💫Xôi gà Hữu Phước
💫24 Phan Bội Châu, quận Ninh Kiều, Cần Thơ
💫17:00-23:00
💫10,000-30,000VNDXem thêm",100
1298,Lười Ỉn,22/11/2019 16:40,8.2,"Xôi Gà Hữu Phước - 24*** Cần Thơ
1 hàng xôi bán từ chiều cho đến đêm, tầm tối tối là đông lắm, chỉ là 1 hàng xe đẩy nhỏ thôi mà đông khách lắm.
1 hộp xôi lòng mề gà đầy đủ như này mình nhớ đâu tầm 20k hay 30k thôi. Hộp xôi này phải 2 người ăn mới hết ấy. Lòng mề gà nêm nếm vừa miệng, xôi dẻo thơm, gà xé thịt ăn hơi bã, trứng gà non ăn ngon ơi là ngon, nước sốt ngon thơm.
Mình hay ăn ở xe đẩy số 2, anh bán hàng thân thiện vui tính lắm, mình bảo cho thêm trứng, anh ý cho mà không lấy thêm tiền luôn <3Xem thêm",100
1299,Phạm Trần Phương Trâm,8/12/2018 12:49,8.0,"Cũng mấy tháng rồi chưa ăn xôi gà ở đây và hương vị vẫn vậy. Quán nằm ở chợ đêm Ninh Kiều, còn hay được người dân gọi với cái tên là chợ đêm Hàng Dừa. Quán có đến 2 xe ở khu vực này và mình thường chọn xe số 2. Như hình là 2 hộp xôi 10k của quán, đồ ăn ở đây khá nhiều và so với giá 10k ở chỗ khác thì khá rẻ. Thịt gà tơi, mềm, trứng chiên không quá mặn, củ cải muối ăn cũng khá ngon. Còn 1 điều mình thích nhất ở đây đó chính là vị nước sốt ngon ngọt và vị thơm của mùi hành trong đó nữa.Xem thêm",100
1300,Thanh Tran,24/10/2018 21:30,7.6,"Lâu quá hổng ăn thì ăn lại mới ngon, phải ớt cay cay tý thì mới ngon ko thì ngán lắm, giá món này chỉ 15k khá mềm, học sinh sinh viên người lớn ai ăn cũng no đứ đừ. Mình thì thích ăn vừa gà vừa xá xíu, mà mua nhiều lúc sợ ông chủ hổng dzui ổng la chết, vì đòi hỏi kkkkk (chưa từng bị la thấy mặt ông chủ hơi khó thôi)Xem thêm",100
1301,Nhã Thanh ⚛,16/10/2018 8:55,7.8,"Mình thấy mấy trang du lịch, ẩm thực hay đưa Xôi gà Hữu Phước vào top các quán nên ăn thử ở Cần Thơ, mà thấy xôi cũng chưa xuất sắc lắm, hộp nhỏ mà 15k rồi, thịt gà cũng nhiều, 2 trứng cút.Xem thêm",100
1302,Hoang Phuong Do,9/10/2018 21:42,7.8,"* đi bến Ninh Kiều mà hông ghé qua đây ăn một lần là tiếc lắm luôn đó nha.
- về không gian: quán nằm trong đường hàng dừa, khá là dễ kiếm luôn nha, quán cũng khá nổi bật và thấy khách cũng đông hơn những quán còn lại.
- về món ăn: bình thường thấy ngon vô địch thủ mà hôm nay lại thấy có mùi hơi thiu thiu nhẹ, chắc tại nhằm bữa. Hộp xôi 15 nghìn khá nhiều, hai đứa ăn mới hết hộp xôi. Nước xốt khá ngon và đậm đà. Phần cải ngon lắn nha.
- về phục vụ: nhanh nhẹn và vui vẻ.Xem thêm",100
1303,Hiếu Minh,18/9/2018 14:07,8.4,"Đi đâu xa về cũng ghé đây mua 1,2 hộp về nhà ăn cho đã thèm. Mình nghĩ đây là món xôi mà chỉ có Cần Thơ mới có và hương vị ngon đến vậy. Xôi gà được khìa rồi xé tơi ra, có lạp xưởng, củ cải ngọt ngọt, trứng cút và trứng nữa. Nước sốt thì đậm đà vừa ăn. Chú bán cũng vui vẻ lắm. Xe này khá đắt, và mình ăn cũng khá lâu rồi tới giờ hương vị vẫn ngon lắm. Một hộp giá 12k 15k 20k hộp có xương ức và trứng non thì giá cao hơn. Nhưng hộp 15k bình thường cũng ngon nhức nhói rồi ạXem thêm",100
1304,Ron Swift,17/9/2018 20:13,7.8,"Nói về xôi gà thì khu chợ đêm hàng dừa này có vẻ là tập trung nhiều xe nhất, theo mình biết thì có xôi 08, xôi 16, với xôi chú Phước nữa. Lúc đầu mình hay ăn xôi 08, sau này mình thích ăn bên hữu phước hơn.. Hộp bình thường mình hay ăn thì 15k, đồ ăn cũng vừa thôi chứ không nhiều lắm so với mức giá đó. Điểm mình thích nhất ở đây là có thể dặn lấy trứng kho hoặc trứng luộc, cơ bản mình ưa ăn trứng kho hơn do bên trong ngon hơn.Xem thêm",100
1305,Phạm Trần Phương Trâm,12/9/2018 0:33,8.0,"Bữa thèm xôi quá nên đã ghé chỗ này để mua đem về nhà ăn. Chỗ này thì ai ở Cần Thơ cũng biết hết rồi :3. Xe xôi nằm ở chợ đêm Hàng Dừa, hình như có tới 2 xe xôi Hữu Phước lận nên mua xôi cũng đỡ phải chờ đợi hơn. Như hình là hộp xôi với giá 15k của quán, xôi khá thơm, dẻo và ngon. Đồ ăn khá nhiều, gà mềm, ngon không có mùi như mấy chỗ mình mua khi chỗ này không bán. Mình thích nhất là cái nước sốt, vị ngọt ngọt và có mùi thơm của hành trong đó. :3Xem thêm",100
1306,Hoàng Huy,7/9/2018 15:22,8.0,"Hôm nào khuya mà đói bụng hay này kia thì chỉ biết chạy qua quán này để mua xôi ăn à, mà xôi ở đây bán cực kỳ đắt khách luôn nhe, xôi khá là ngon và dẽo ấy chứ, thịt thà này nọ cũng nhiều lắm luôn nhe, 1 hộp 15k mà ăn xong ta nói no muốn căng cái bụng luôn ấy, không gian quán bán tuy chỉ là xe đẩy bình thường nhưng lúc nào cũng đông, mình thấy chiều cở 5 giờ là bán tới tận khuya luôn nhe, thịt gà được xé nhỏ ra làm không quá khô nheXem thêm",100
1307,nhựtttt,13/6/2020 23:29,10,"Nhạc hay , đồ ăn ngon, phục vụ chu đáo 🤪Xem thêm",101
1308,lê văn mỹ,21/8/2019 17:34,10,"Phục vụ khá nhiệt tình, dễ thương, món ăn nhanh, ngon, đồ uống đa dạng... Nói chung đây là địa điểm để giải tỏa stress sau giờ làm việc căng thẳng.Xem thêm",101
1309,Ron Swift,9/12/2018 20:04,7.8,"Vuvuzela giờ không còn vui như lúc trước vì nhạc update chậm quá, mấy tháng quay lại mà vẫn chơi mấy bài nhạc cũ. Nhìn chung khách tới đây cũng văn minh, lịch sự, chủ yếu chơi cho vui chứ không tới bến như các bar, pub khác thành ra mình chơi ở đây cũng yên tâm.
Đồ ăn thì giá cũng cỡ như mấy nhà hàng khác như Gogi, Crystal Jade thôi, nhưng đồ ăn ở đây ngon xuất sắc luôn. Khoai tây miếng bự cỡ ngón tay nhưng bên ngoài vẫn giòn, bò lúc lắc thì mềm mịn, nhiều bò, chấm với muối tiêu chanh là hợp.Xem thêm",101
1310,Hiếu Minh,18/11/2018 12:40,5.8,"Vuvuzela dạo này mình ít đi lí do nhạc nhẽo nói thật như mở dĩa, thời buổi nào rồi mà còn chơi Idm năm 2016, giờ là người ta chơi GHouse Trap này kia. Nên giờ khách vuvu sang pub khác chơi hết là đúng rồi, chỉ toàn khách du lịch chỉ biết ở đây mới vào thôi, chứ bạn bè mình biết chơi hoàn toàn bỏ Vuvu hết. Xây lại đẹp, rộng, đồ ăn cập nhật menu liên tục mình đánh giá cao nhưng cái hồn của Beer Club là nhạc đấy quản lí ạ ;((( Mình tiếc cho thời hoàng kim của Vuvu lắm, hồi ấy tuần nào cũng đi, giờ rủ mình cũng chán vào. Đang cao hứng vào nghe nhạc xong muốn đi về thì còn gì cuộc chơi nữaXem thêm",101
1311,Nguyễn  Thị Phương Dung,19/10/2018 7:27,7.2,"Dạo trước vuvu còn vui chứ giờ dịch vụ có hay hơn nhưng nhạc với không khí không được sung như trước. Nhất là nhạc phải nói là ko chê gì nhưng cũng nên làm mới nhạc nền đi cập nhật các bài hot hiện giờ để người nghe đỡ chán chứ xiu sao đi lại nghe beat cũ của lần trc cũng hơi chán. 
   Còn nữa đồ ăn thì có lẽ cũng nhiều món mới, menu giới thiệu nhiu món lắm mà lại ko có khoai tây chiên. Vì ko có món ăn kèm ăn nó chán gì đâu, mấy lon khoai tây chiên kia lại là bánh mình ko thích lắm. Còn món xúc xích thì vị chưa ngon mà ăn với phô mai nên cũng tùy người ăn quen hay ko quenXem thêm",101
1312,La Thành Đạt,9/10/2018 17:34,9.4,"Món ăn ngon, thức uống đa dạng, nhạc hay thêm nữa là nhân viên tận tình chu đáo còn gì bằng nữa chứ 😋Xem thêm",101
1313,Vĩnh Cobra,5/10/2018 21:18,10,"DJ đẹp trai, đánh nhạc hay
Món ăn đa dạng phong phú 
Có nhiều loại bia ngon 😋😋😋😋Xem thêm",101
1314,Trần Tuấn Đạt,5/10/2018 21:11,10,"Không gian đẹp, môi trường lành mạnh,quản lý _ nhân viên nhiệt tình vui vẻ,...
Đồ ăn ngon, thức uống chất lượng,...Xem thêm",101
1315,Nhã Thanh ⚛,17/9/2018 15:46,7.4,"Vuvu Can Tho ngoài chơi nhạc ổn thì khoảng đồ ăn cũng rất ngon. Phần bò sốt tiêu xanh có vẻ hơi lạt 1 chút, nhưng vừa đủ để dùng kèm nước chấm. Bò mềm, tiêu nhiều nên khá cay.Xem thêm",101
1316,Nguyễn  Thị Phương Dung,8/8/2018 8:50,7.4,"Sau khi sửa chữa lại thấy thay đổi đáng kể lun khúc phía sau rộng hơn đẹp hơn với nhà vệ sinh cũng phù hợp hơn nữa lúc trc tối hù à giờ sáng sủa sạch đẹp nữa. Dãy ghế phía sau làm mới cũng thích hợp đi đông hơn, làm tiệc sinh nhật này kia. Mà khúc trên gần quầy bar loa lại ko tốt lúc nghe đc lúc không rất khó chịu nhé. 
   Đồ ăn thì menu nhiều món, mà lại ko có khoai tây chiên thành ra ăn mấy món này xúc xích, thịt, hải sản ko đc hợp bụng cho lắm. Uống bia cũng ko đc nhìu vì đồ ăn lình sình nữaXem thêm",101
1317,Ngọc Mỹ,19/9/2021 11:50,5.0,Dạ cho em hỏi tiệm bánh đã nhận đặt bánh lại chưa ạ?Xem thêm,102
1318,Ngọc Diệu Nguyễn,17/9/2021 22:49,8.2,Mình muốn đặt bánh kemXem thêm,102
1319,btunguyen,10/9/2021 19:24,5.0,sao đặc bánh được?Xem thêm,102
1320,Truong Cam Tu,29/8/2021 10:27,9.2,Có bán bánh kem hông shopXem thêm,102
1321,Ngọc Trần,14/8/2018 12:09,6.8,"Không gian tiệm khá ấm cúng và có nhiều mẫu bánh lựa chọn, cách trưng bày cũng dễ chọn mẫu
Được cái mình chọn cả mẫu ở ngoài hay trên mạng mẫu nào cũng làm được
Đặt 1 cái bánh 3 tấc giá 435k mẫu sẵn có của tiệm, mà chỉ ăn được lớp kem,lớp kem khá ngon, còn lớp bánh bông lan thì quá khô, bời rời ra ăn không nổi, lớp nhân bánh bông lan vị chocolate ở trên hơi khó ăn!
Đây là lần đầu đặt bánh nên cũng không biết do mẫu đặt hay do cái bánh nào cũng có lớp nhân vị chocolate nên không sao còn bánh khô là điểm trừ lớn nhất của bánh
Hi vọng lần sao tới đặt bánh không như vậy nữa!Xem thêm",102
1322,Thi Duong,19/7/2018 23:39,7.2,"Nay mình đi mua bánh sinh nhật ở tiệm bánh Đức Thành đối diện chợ Xuân Khánh nè. 
Bước vào bên trong tiệm là không gian ấm áp và rực rỡ màu sắc của các loại bánh. Nhân viên thì niềm nở đón tiếp. 
Không biết có chương trình gì không mà mình mua 1 bánh kem sinh nhật 205k được tặng ổ bánh bông lan nhỏ nhỏ ^^ 
Bánh kem sinh nhật của tiệm đa dạng về mẫu mã, kích thước, giá cả. Mình chọn bánh có nhiều chocolate và trái cây trông rất hấp dẫn. Anh nhân viên viết chữ lên bánh khá dễ thương. Tiệm tặng kèm dao và nến cho mình luôn. 
Bánh kem nhỏ tặng kèm thì ăn thơm sữa tươi và mềm mịn lắm.
Dịch vụ tốt.Xem thêm",102
1323,Hoàng Huy,14/5/2018 19:42,8.0,"Tiệm bánh kem của quán này phải nói làm ngon cực kỳ luôn nhe, do quán cũng có khá là lâu đời rồi nên chất lượng này nọ mình cũng thấy yên tâm lắm nhe, giá cả đồ ăn này nọ mình thấy cũng vừa phải lắm tầm từ 100k đến 200k là được rồi, ở quán dạo này có bán mấy món bánh rau câu nhìn cũng ngon cực kỳ luôn nhe, không gian ở đây trưng bày nhiều bánh nhìn hấp dẫn và dễ lựa chọn lắm nhe, mà có bạn phục vụ hơi bị khó chịu tý, mong quán cải thiện lại thái độ phục vụXem thêm",102
1324,Hoàng Huy,14/3/2018 19:25,8.0,"Bánh kem của chổ này thì chắc mình không cần phải nói nhiều rồi, của hàng này phải nói là có khá là lâu rồi, mình cũng hay ghé qua đây để mua bánh kem lắm nhe, nhất là món bánh kem rau câu mới có gần đây, phải nói là khá là ngon miệng nhe mà món này ăn thì đỡ dễ ngán hơn nhiều so với món bánh kem truyền thống cực kỳ luôn nhe, mình mua 1 ổ bánh như hình có giá từ 250 - 300k nhe, tùy loại khác nhau, và còn được tặng cho ổ bánh nhỏ nữaXem thêm",102
1325,Thy Lý,3/2/2018 3:59,7.6,😍Xem thêm,102
1326,Hoàng Huy,1/2/2018 13:32,8.0,"Trong team minh hôm nay có sinh nhật nên mình có ghé qua cửa hàng này để mà đặt bánh, bánh của cửa hàng này khá là phong phú nhe, nhìn mấy cái ổ bánh kem nhìn trang trí khá là bắt mắt và hấp dẫn, nhưng ở đây chủ yếu là mấy món bánh sinh nhật truyền thống thôi chứ, không có mấy loại bánh âu hay gì đâu nhe, bánh cũng ngon lắm trang trí cực kỳ ưng ý mình nhe, nhân viên tư vấn khi mình đặt bánh cũng khá là nhiệt tình và kỹ lưỡng nữa chứXem thêm",102
1327,Trúc Mai Dương,26/7/2020 9:16,9.0,"Này là Expresso Double Shot  Expresso Doppio không đá, không đường ( đương nhiên là sẽ siêu đắng )Xem thêm",103
1328,Ngânn Kim,29/5/2020 6:37,8.6,"2 ly này là mình oder trà sữa Ming, trà sữa bên Ming thì tạm tạm đối với mình 2 anh nhân viên và bảo vệ mình thấy phục vụ rất tốt, tận tình mà dễ thương nữa nha mình ❤️Xem thêm",103
1329,user user,13/2/2019 12:21,4.6,"Vào quán tối 28 tết, ko có khách nên rất thoải mái, quán trang trí đẹp, tạo cảm giác ấm cúng, nhân viên lẫn bảo vệ đều vui vẻ. Mình gọi latte nóng 30k, ko phải dân sành nên khó đánh giá nhưng uống ok, trang trí có sáng tạo do dùng thêm caramel. Recommend for everyone to try.Xem thêm",103
1330,tiên,6/1/2019 0:35,7.6,"Một quán trang trí khá đẹp nằm ngay đầu đường 30/4 giao với Mậu Thân, đối diện chợ Xuân Khánh.
Không gian phía dưới ấm cúng, phía trên lầu cảm giác hơi sáng. Các bạn sinh viên hay đến đây học bài vì không gian khá yên tĩnh so với những quán khác.
Nước uống tạm ổn, lúc quán mới khai trương mình uống capuchino thấy giá ok nhưng không nhớ hương vị. Gần đây có thử trà đào thấy cũng như mấy quán khác, yaourt dâu thấy hơi nhạt còn bạn mình thì kết món yaourt việt quốc quán này nhưng mình chưa thử.
Nhân viên dễ thương, nhiệt tình, anh giữ xe cũng vậyXem thêm",103
1331,Trúc Mai Dương,2/1/2019 7:35,10,"22/12/2018 
Cup Holder Lee Dae Hwi - Wanna One 
- Trà sữa Matcha 
- CappuchinoXem thêm",103
1332,Trần Anh,28/11/2018 12:01,8.0,"Quán nằm ở mặt tiền đường 30.4 đối diện với chợ Xuân Khánh luôn, nhìn bề ngoài quán có chỗ để xe hơi bị chật, đến quán sẽ được bạn nhân bảo vệ dẫn xe cho, gọi món và thanh toán ngay tại quầy luôn cũng tiện lắm.
Mình đến quán chủ yếu vì đọc review thấy quán có không gian yên tỉnh và có chỗ thích hợp để học bài nên đã ghé đây, quán có không gian bên dưới và cả trên lầu nữa, mình chọn ngồi bên trên và có bàn để đèn cho mình tập trung học luôn nên khá là thích.
Về nước uống nhìn chung mình thấy giá cũng tầm trung, không quá cao cũng không quá thấp, mình uống trà chanh dây ít đường, theo mình thì pha chế cũng tạm ổn, vị chanh dây không đặc biệt lắm được cái là vị trà đậm đà chứ không loãng. Còn bạn mình uống cà phê sữa cũng khá ngon, mà quán phục vụ khá tốt, mỗi bàn đều có sẵn ống hút, muỗng và khăn giấy cho khách hàng.
Quán bật nhạc cũng nhẹ nhàng và hay ^^Xem thêm",103
1333,Quăn Quăn,19/11/2018 22:53,8.2,"Một ngày nắng đẹp mình đến với Ming để được uống cà phê sữa trong cái ly trắng đẹp nhưng lại bị nhốt ở trong không được ban công ngồi tắm nắng sống ảo chỉ được ngồi ở trong nhà hưởng máy lạnh hoy. xin lỗi chứ cà phê của ming làm say mất rồi. dù ăn sáng rồi nhưng uống xong là muốn lật luôn. cảm giác như mình không còn có thể uống cà phê được rồi hay gì á. các bạn có thể đến ming để thưởng thức cà phê ở không gian bên dưới, và ngồi học bài ở không gian phía trên.Xem thêm",103
1334,Nghĩa Luong,29/10/2018 21:26,6.6,"Có bãi xe là hơi nhỏ thôi.. chứ quán ok, nhẹ nhàng điềm đạmXem thêm",103
1335,Hiếu Minh,29/10/2018 20:34,8.0,"Trời mưa vào đây ấm áp lắm ạ. Vì đèn vàng, vì không gian nhỏ xin, và vì cách trang trí đẹp ạ . Hôm nay lại ghé quá để test món mới đó là trà sữa matcha một trong những món đặc biệt của quán. Dù đã nổi từ lâu nhưng matcha vẫn là thức uống khá ngon và truyền thống. Mình gọi ly trà sữa matcha 30.000 thôi ạ, đường hạ thấp nhất nên vị matcha bật lên rõ lắm, không ngọt lắm, nhưng dễ uống và thơm ạ. Ít đường nhưng vẫn có vị ngọt thanh của sữa uống sẽ thích lắm ạ, 10 điểm nhéXem thêm",103
1336,Hiếu Minh,19/10/2018 18:48,8.6,"Quán trà sữa này nằm ở mặt tiền đường 30/4 
 đối diện chợ Xuân khánh các bạn có thể dễ dàng tìm kiếm được. Quán có bãi đậu xe và các bảo vệ. Thiết kế của quán rất là tây. Không gian quán cực kỳ đẹp, đèn vàng rất ấm áp. Nhân viên ở đây rất là dễ thương và lịch sự, mình mới đến quán có hai lần thôi mà nhân viên để nhớ mình uống trà sữa ít đường rồi. Mình thích ở đây lắm, bánh cũng rất ngon và nhiều loại, mình uống trà sữa Olong với bánh tiramisu kết hợp rất tuyệt vờiXem thêm",103
1337,Na Tây,13/12/2021 22:16,4.0,Hôi khói qá nha shop ơi. Bt ăn rất ngon nay thất vọng lắm luôn áXem thêm,104
1338,Diễm Khanh,13/3/2019 15:34,7.8,"Mình là khách quen ở đây, kêu riết mà cô bán biết mình lại sẽ chỉ ăn chả cá dây với bò viên, đậu bắp chiên sống, không da hoành, để hành tây luôn. Đồ chiên rất ngon, phải nói theo mình là ngon nhất Cần Thơ luôn. Nhắc đến vẫn thấy thèm, mình sẽ ăn ở đây dài dài 😙😚Xem thêm",104
1339,Diễm Chi,11/12/2018 11:24,7.6,"Đói bụng mà đi uống trà sữa, nên sau đó tụi mình đã đi ăn đồ chiên ở đây.
Quán đã dọn qua chỗ mới đối diện chỗ cũ, nhưng chỗ cũ vẫn xếp bàn ghế và cho để xe, chắc phòng hờ khi bên kia quá đông, chỗ này đang làm đường nên cũng hơi bụi.

Lúc mình vào cũng không đông lắm, mình ngồi phía ngoài cho mát mẻ. 

4 loại nước chấm và cải chua, rau răm để sẵn trong hộp, vừa ngồi xuống bàn là đem ra ngay.
Tụi mình 3 người kêu phần 50k, hoành thánh chiên mỏng giòn ngon nên kêu thêm phần hoành thánh nữa, cô chỉ tính 5k, bất ngờ luôn ấy.
Cô bán nhiệt tình, xởi lởi.Xem thêm",104
1340,Quăn Quăn,19/11/2018 20:28,6.8,Lâu lâu ghé linh cá viên để ăn vặt thì mình vẫn khuyên các bạn rằng đồ chiên nên ăn ít thôi. Nhất là muốn ăn lại đây ăn là độ phủ phê của món là không còn gì để nói luôn. Quá xá rẻ và nhiều. Đi ăn  có nhiu đây mà thiếu điều muốn nghỉ ăn cơm luôn chứ chẳng vừa. Không gian quán thì đỡ hơn nhưng vẫn cứ dơ dơ sao á. Cái bàn dán menu thật xuất sắc. Vì vừa ăn vừa đọc menu là muốn kêu thêm rồi. Lại khỏi phải làm mất làm dơ menu. Phục vụ nhanh chóng. Vui vẻ. Nhân viên không có. Đa phần là người nhà nên cũng rất bình dân.Xem thêm,104
1341,Hiếu Minh,18/11/2018 12:10,8.6,"Ăn sấp mặt là có thật ở đây nhé. Chị linh cá viên chiên bán siêu ngon, siêu rẻ. 40k hai người ăn muốn lòi bản họng luôn thật sự 
Mình thích ở đây vì có nhiều loại tươnh, tươnh đen, tương ớt, tươnh xả, tương me và cả dưa chua bắp cải ngon lắm, dùng để ăn kèm nên không bao giờ bị ngán 
Chị có đủ đồ ăn từ cá viên, bò, chả cốm, trứng cút, hoàng thánh, chả cá dài, tôm chiên , nói chung đủ thứ hết á
Gọi cá viên còn có thêm hoành thánh chiên tặng free và đậu bắp chiên cũng free luôn. Quán ở mặt tiền Le Lợi nên gió thổi mát mẻ lắm luôn ạXem thêm",104
1342,Nguyễn  Thị Phương Dung,16/11/2018 7:13,7.0,"Từ hồi quán dời qua đối diện thì thấy có  chỗ ngồi nhiều hơn vs ko còn ngồi ngoài lề đường nữa. Nhưng phía trc làm đường nên có nước là sình lầy liền. 
   Mà đồ chiên ở đây ko hấp dẫn mình lắm bằng dưa chua và nước chấm. Nước chấm ngon, tương đen, tương ớt rồi kèm xả nên kêu đồ chiên ăn kèm mà mấy món như chả giò, chả cốm thì chấm rất ngon lun. Mà giờ bá ít đồ ăn quá tính ra một phần 20k thì mỗi thứ 1 miếng à vs chủ yếu là da hoành chiên. Mà đồ chiên cũng chiên bị quá lửa nên nó hơi chai và màu ko đc đẹp lắmXem thêm",104
1343,Nhã uyên văn hoàng,20/10/2018 4:38,9.2,"án đồ chiên này  nổi tiếng lâu nay rồi muốn ăn đồ chiên là đến đây. Và đặc biệt chỉ thích ăn nơi đây thôi. 
Phần nước chấm ở đây đặc biệt hơn những chỗ khác đó là có nước chấm me, tương ớt, tương đen sền sệt thêm chút sa tế tạo mùi vị khó quên. 
Đồ chiên được ăn kèm với dưa chua và vài lá rau răm ăn rất vừa miệng. 
Đến quán thì mình phải tự lại quầy order trước và cô bán cũng rất nhanh nhẹn nên không phải đợi lâu. Không gian thoáng mát có 2 phía ở 2 bên lộ nên lúc nào cũng còn bàn trống. Giá cả thì cũng rất sinh viên nên lựa chọn ăn đồ chiên ở đây là số 1Xem thêm",104
1344,Trần Anh,14/10/2018 10:12,7.4,"Lâu lâu cũng hay thèm cá viên chiên ăn vặt lắm mà tại thường mình thấy đồ chiên Linh mở cửa cũng sớm nên nếu thèm thì chạy xuống ăn luôn chớ khỏi mắc công phải mua về. Mà quán mở sớm chứ cũng phải đợi bếp dọn ra mới có đồ ăn, nên chắc ăn nhất là đi lúc 3h hơn để khỏi phải đợi lâu.
Mình thấy đồ chiên cũng Linh bây giờ thay đổi nhiều, có rất nhiều món mới chứ không đơn thuần chỉ có cá viên hay bò viên nữa, mà mình thấy nên kêu thập cẩm dạng thích ăn nào dặn cái đó chứ đừng gọi thập cẩm lộn xộn thì sẽ có những cái mình không thích ăn như tàu hủ!
Mình thấy về rau cho nhiều, tương thì hơi bị ít, mỗi lần ăn lúc nào cũng phải xin thêm. Tương đen với tương me ngon, tương ớt thì cũng dạng tương bình thường thôi. Mà cá viên chiên ở đây riếc lên giá quá, mình nghĩ đi 3 4 người nên gọi phần 100k mới đủ ăn, vì đa số thấy da hoành thánh với đậu bắp là nhiều. Nhân viên cũng vui vẻ hơn lúc trước rồi ^^Xem thêm",104
1345,Phạm Trần Phương Trâm,14/10/2018 0:01,7.8,"Nay thèm đồ chiên quá nên rủ đám bạn mua về nhà ăn chung cho vui. Quán nằm trên đường Lê Lợi kế bên quán Tri Kỷ nên cũng khá dễ tìm. Không gian giờ được nâng cấp nên khá rộng và mát mẻ. Như hình là phần đồ chiên của quán, nhìn khá nhiều, thoáng nhìn sẽ tưởng là từ 30-40k nhưng thật sự phần này chỉ 20k mà thôi. Trong đó có chả giò, tôm viên, cá viên, bò viên, chả ốc...  Dưa chua của quán giòn, bắp cải không bị hăng có vị chua chua, cay cay, ăn với đồ chiên khá hòa hợp mà còn giúp giảm độ ngán nữa.Xem thêm",104
1346,Hoang Phuong Do,14/9/2018 21:44,7.4,"Bữa nào mà họp mặt bạn bè là kéo nguyên đám ra đây ngồi ăn cho rẻ nè.
- về không gian: quán cũng tương đối rộng rĩa và thoáng mát, nhìn chung thì sạch sẽ. Bàn ghế ngồi thoải mái.
- về món ăn: mình thì hay kêu phần thập cẩm để được ăn nhiều thứ lộn xộn hơn. Hai đứa đi ăn kêu tầm 30 nghìn thôi là no ứ hự rồi. Khá là nhiều luôn á nha. Nước chấm thì xuất sắc rồi, gồm cò bốn loại hòa quyện lại với nhau, ngon ơi là ngon. Dưa chua cũng ngon luôn.Xem thêm",104
1347,yuuba,17/2/2019 8:11,7.2,"Đi dạo Sense City xong ra bắt gặp tiệm trà sữa bé bé xinh xinh 😍 Như hình thì mình gọi trà sữa truyền thống thêm khoai dẻo nha, giá chỉ 23k thì phải. 

Trà sữa chỉ ở mức độ ổn thôi nha, trân châu khá ngon, dai dai ngọt ngọt. Nhiều topping ăn kèm lạ miệng, đặc biệt khoai dẻo một cục to oạch nhai cho đã miệng nha 😝😂😂 

Chị nhân viên phục vụ khá ok nếu k nói là hơi k thân thiện mấy, bù lại logo ly trà nhìn đáng iu 💋Xem thêm",105
1348,lanphuong,11/1/2019 15:33,9.4,"Trà sữa Huyền Lê ( She's Tea ) đây ạ ! 
Nghe danh đã lâu rồi mà bữa thứ 3 vừa rồi mới có dịp thưởng thức ! "" NHƯ LỜI ĐỒN "" rất tuyệt vời . Trà sữa mình dùng là Trà Sữa việt quất , độ ngọt và béo rất vừa , chỉ có điều mình đi đường hơi xa nên đá chảy một ít , và đặc biệt nhân viên phục vụ dễ thương , làm nước rất nhanh chóng không phải đợi lâu . Mình rất ưng nhé ! 
Quán tọa lạc trên đường Ngô Văn Sở, bên trái siêu thị Sense City..Xem thêm",105
1349,Bình Kim,9/9/2018 21:02,2.6,"Mua 2 ly trà sữa, bảo để đầy đủ topping. K trân châu thôi. K bik do bạn nữ ghi nhận k đúng, hay do mình nói bạn khó hiểu.🙄 mà về mở ra toàn thạch rau câu thôi. Củ năng của mị cũng k có😂😂
K mua lần thứ 2.Xem thêm",105
1350,Phương Trần,8/6/2018 19:55,9.0,"Hôm nào chờ rước thằng cháu đi học ở nhà văn hóa thiếu nhi mình cũng ghé Huyền Lê mua cho bằng được một ly để uống. Quán ở trong nhà văn hóa lúc nào cũng đông khách nhưng mấy bạn nhân viên đông nên phục vụ nhanh, mấy bạn cũng rất dễ thương, chu đáo với khách. Ly trong hình mình uống là hồng trà chỉ để hạt sen. Hồng trà thơm nhưng hơi lạt tí xíu, còn hạt sen thì mềm mềm, bùi bùi ngon lắm. Giá chỉ 20k rất hợp lý nên mình cứ ghé hoài thôi :)Xem thêm",105
1351,Trần Anh,9/5/2018 12:09,7.6,"Lâu lâu thì ghé uống tại quán, còn không thì ghé mua về uống chứ mình thấy không gian của quán cũng nhỏ xíu hà, quán chỉ có tầm chừng 2 3 cái bàn, nếu khách đông thì mình thấy mua về uống cho thoải mái hơn nhiều.
Quán giờ chỉ còn 2 chi nhánh, 1 bên ở nhà văn hóa thiếu nhi, 1 bên ở xô viết nghệ tỉnh, mà bên xô viết nghệ tỉnh cũng y hệt như bên này, cũng không có không gian rộng cho lắm, phải chi quán có thể có không gian ngồi lại cho khách hàng trầm quán thì hay biết mấy ^^
Quán có nhiều loại trà sữa, mình thấy trà sữa nào cũng hấp dẫn, vì 1 phần topping của quán ngon mà mình chỉ chấm phô mai tươi, với khúc bạch hà còn trân châu hay các loại thạch khác thì mình không thích lắm. Quán có update thêm trà sữa Phúc Long cũng ngon không kém, với các loại trà của quán cũng ok lắm nè ^^Xem thêm",105
1352,Bít Tết,24/3/2018 23:35,5.0,"Lâu rồi mới uống she's tea lại, menu mới có trà sữa full 10 topping và mình chỉ muốn góp ý như sau, mình rất thắc mắc tại sao she's tea có các loại topping ăn rất ngon như phô mai tươi, khoai dẻo, củ năng, ngọc trai rất đa dạng thế nhưng khi gọi 1 ly full 10 topping thì lại không có :), uống mà thất vọng vô cùng, tính sơ sơ 10 loại thì có đến 6 7 cục toàn là rau câu,  flan mole thì 2 vị, khúc bạch 2 vị và trân châu 😢kêu ly 10 topping vì muốn được ăn đủ vị mà thế này thì thật không muốn dùng lại, khi mà những loại topping ngon lại không có mặt trong đây mà chỉ thaya toàn rau câu từ phomai, thạc dừa cho đến mùi trà xanh, vải,...😢😢😢Xem thêm",105
1353,Mr Đình Nam,16/3/2018 19:59,8.0,"Mình chỉ uống duy nhất 1 loại là trà sữa phô mai, cũng có 1 size hà. 18k mà phô mai béo béo kèm trà sữa vừa uống lắm. Không thích hợp cho những bạn không thích béo ngọt.Xem thêm",105
1354,Hiếu Minh,13/3/2018 20:22,8.4,"Mình uống trà sữa Huyền lê cũng khá lâu từ lúc bán trên mạng tới bây giờ đã ra được hai chi nhánh lớn. Mình đi chơi tiện đường hay ghé vào nhà văn hóa thiếu nhi để uống trà sữa của Huyền lê. Trà sữa ở đây rất là ngon đồ béo cực kỳ thích, thạch cũng rất là đa dạng. Ngoài trà sữa ra thì còn rất nhiều loại trà ví dụ như trà trái cây, soda và rất nhiều loại Toppinh đặc trưng của Huyền Lê. Huyền lê còn có Trà Phúc Long rất giống Sài gòn nữa đóXem thêm",105
1355,Ngọc Phạm,12/3/2018 16:34,7.0,Chuyến này quán đổi menu mới. Bình thường hay uống trà sữa phô mai tươi nên chuyển qua uống trà sữa việt quất thử. Vị cũng ổnXem thêm,105
1356,Tấn Đạt Trần,23/2/2018 17:40,8.0,Có dịp thử trà sữa truyền thống tại đây. Trà sữa cũng ngon lắm mọi người ạ .Giá cả thì hợp lý lắm có 20k một ly thôi. Menu cũng nhiều loại trà sữa lắm. Chắc lần sau thử thêm nhiều món khác nữa .Xem thêm,105
1357,Diễm Chi,19/4/2018 23:09,7.6,"Lâu rồi mới đi ăn ở đây, ăn chung với bạn H, đồ ăn ở đây món nào cũng phù hợp để ăn tại chỗ, bữa H mua về phần cơm chiên trứng về ăn ngán muốn xỉu, sau đó rút kinh nghiệm là ăn trong chảo nóng mới ngon, nhân viên phục vụ nhanh gọn lẹ, thức uống ở đây ngon nữa nên mình cũng hay ghé chỉ để mua đồ uống, dạo này đỡ nhiều ùi, do trà sữa mọc lên như nấm nên uống trà sữa trên now cho tiện.
.
Quán sẽ có ngày nghỉ cố định, bạn nên ăn trước giờ trưa, trưa quán hay tạm nghỉ hihiXem thêm",106
1358,Hoàng Huy,4/3/2018 12:30,8.0,"Hôm bữa ăn cơm của quán được 1 lần thế là nghiện luôn tới bây giờ luôn ấy, giá cả cũng không quá cao so với mặt bằng ở cần thơ đâu nhe, vì quán này khá là nổi tiếng và lâu đời rồi nhe, quán này mình đi tầm 9h hơn rồi nên cũng hơi vắng khách cơm cảu quán thuộc dạng cơm rang nên khá là thơm ngon nhe, cơm trứng mà có nước sốt của bò để ăn nên cũng ưng ý lắm vị khá là vừa miệng không quá mặn hay ngọt
Quán còn nhiều món khác nữa nhe, thấy phong phú lắmXem thêm",106
1359,Như Khánh,3/2/2018 22:20,7.2,"Mình ghé đây ăn sáng cũng vài lần rồi do beefsteak ở đây có nước sốt khá ngon. Lần này, em mình ăn beefsteak, còn mình ăn thử cơm gà xối mỡ, phải nói là nhìn thì bắt mắt mà ăn không ngon, gà chiên sẵn rồi, khách gọi là chiên lại, lớp ngoài không giòn mà cứng, có mùi khét, thịt trong ăn vị nhạt, nếu ướp mặn thêm tí hoặc có nước sốt ăn kèm thì ổn hơn, tổng thể món Cơm gà xối mỡ là khô, nguyên đùi gà to, do mùi vị không ngon nên ăn mau ngán. Nói chung là ghé đây chỉ nên thưởng thức Beefsteak hay nui xào bò là ngon.Xem thêm",106
1360,Hoàng Huy,26/1/2018 17:51,8.0,"Quán này phải nói là có lâu đời lắm rồi nhưng đồ ăn và chất lượng được giữ nguyên lắm luôn nên mình cũng khá là thích ở quán, mình hôm nay đi học về có dịp ghé qua quán để ăn sáng, nói sáng chứ cũng đã 9h mấy 10h hơn mất tiu rồi, phần bò bít tết cực kỳ hấp dẫn luôn nhe, miếng bò khá là to dĩa rau ăn kèm cũng hấp dẫn và bắt mắt không kém âu nhe, nước sốt thì ngon lắm mà lại nhiều nữa chứ bánh mì chấm mà không hết nước sốt luônXem thêm",106
1361,Hoàng Huy,15/1/2018 16:50,8.0,"Lâu lâu được hôm sáng sớm siêng năng chay ra tuốt khúc đường phan đình phùng lận, mình đi với đứa bạn gọi 1 phần cơm rang trứng và 1 phần bò bít tết để ăn, theo mình cảm nhận thì quán này đúng chuẩn ngon luôn ấy chứ, giá cả có tầm hơi cao hơn mấy quán khác 1 tý nhưng đồ ăn cực kỳ ngon miệng luôn nhe, bò miếng vừa đủ ăn nước sốt thì đậm đà hương vị gì đâu á, rau cải trộn ăn chung với bò bít tết cũng nhiều, có điều quán nó hơi nực do không có quạtXem thêm",106
1362,Diễm Chi,9/1/2018 23:56,8.0,"🍴Quán này mở lâu rồi, thường thấy khách Tây hoặc cuối tuần các gia đình dẫn con cái đến ăn.

🍴Không gian sạch sẽ, ngăn nắp, bàn ghế tạo sự thoải mái. Menu đa dạng đồ ăn và các loại thức uống có thêm ly 1 lít.

🍴Cơm chiên trứng 17k: giá quá rẻ, trình bày hấp dẫn, được 2 trứng luôn, cực kỳ béo.
     Cơm gà xối mỡ 25k: cơm ngon, miếng gà to, ướp vừa, da giòn, thịt mềm.
    Chanh dây mật ong 15k: tốt cho sức khoẻ, vị ngọt, thơm.
Đôi khi cũng ghé mua cà phê sữa 1 lít mang đi, ngọt vừa, không gắt, đá tan ra vẫn ngon, không bị nhạt.

🍴Phục vụ ok.
Dạo này đi ngang thấy đóng cửa hoài, không biết còn bán không?!Xem thêm",106
1363,Ku Bin,25/11/2017 14:54,8.0,"Quán này ta nói có lâu đời lắm rồi, nên chất lượng cũng khá là ok nhe, mình nay đếm quán ăn 1 phần cơm bò xào tiêu đen, phải nói rằng cơm ăn ngon lắm thích nhất là phần thịt bò được để riêng trong 1 cái chảo nhỏ riêng, nước sốt cũng khá là nhiều ăn ngon mà hấp dẫn cực kỳ luôn ấy chứ, giá cẩ hơi cao nhưng so với chất lượng như vậy cũng ok lắm rồi
Quán này cũng rộng và lớn lắm nhe, nhân viên thì lớn tuổi rồi nên vui vẻ và thân thiện lắm luônXem thêm",106
1364,Hoàng Huy,25/11/2017 14:46,8.0,"Lâu lâu cũng hay chạy qua quán này để ăn lắm, nhưng nay do có việc nên chỉ mua mang về thôi, mình gọi 1 phần cơm rang trứng mua mang về, giá cả 1 phần như vậy khá là ổn, rau cải cho quá trời nhiều luôn nhe, mà cơm là loại cơm rang nên ăn ngon cực kỳ ấy có điều hơi khô tý, nhưng có nước sốt bò chan vào ăn kèm cực kỳ ổn, có miếng trứng chiên to to nữa tính ra cũng ok chứ không đắt hay rẽ sẽ phfu hợp với ai thích ăn trứng hơn nheXem thêm",106
1365,Vy Lê Nguyễn,16/10/2017 22:54,8.6,"Trong các quán đã từng ăn thì mình thấy beefsteak ở đây ngon nhất với miếng thịt dày, mềm, thấm gia vị, nước sốt thì nhiều và vừa miệng, kèm thêm salad nữa. Ở đây cũng có xíu mại bò cực ngon, kèm phô mai beo béo mằn mặn nữa. Ngoài ra còn có món cơm rang ăn với vò lúc lắc nóng hổi, ối giồi ôi ngon lắm. À ngoài ra quán còn có các món nước ly 1lít mà giá siu yêu luôn. Có rau má sữa, trà vải đầy trái vải phía trên, à cà phê sữa cũng ngon nữa. Nói chung món nào ở đây cũng ngon, ahihi.Xem thêm",106
1366,Chú mèo con,15/10/2017 15:07,7.4,"Lâu rồi mới ghé lại đây, cơm trứng có 17k hấp dẫn lắm, cơm rang vàng mà thêm cái ốp la nữa chứ.
Cơm thì không phải chủ đạo của quán, của quán thì phải ăn steak dù chưa xịn như nhà hàng nhưng cũng ổn, phục vụ chu đáo tận tình.

Thức uống ngon, mình đã thử qua cafe 1 lít, thường này mình mua về nhà còn trà vải thì mới uống lần đầu ok ok.
Cơm gà của thằng bạn mình thì thịt mềm, không có sốt nhưng vừa ăn với tương ớt với cơm rang vàng, thêm chút nước tương là ổn, đáng tiền.Xem thêm",106
1367,Rachel Smith,6/5/2018 21:26,6.4,"Mình gọi phần này là special tokbokkicho 2 ng, món này ăn cũng khá là ngon. Có chả cá, xúc xích, đậu hủ, tôm,...
Gồm có miến và 1 miếng mỳ. 
Ai chưa biết thì nên ăn thử...
Nc thì là trà đào và hồng trà chanh dây, thấy cũng k đặc biệt gì mấy 😂😂😂Xem thêm",107
1368,Phượng Nguyễn,18/4/2018 18:58,9.4,"Không gian quán phải nói là siêu đẹp và thoải mái 😘
Mình ghé lần đầu mà kêu 3 món ăn thử rất là đúng Hàn Quốc luôn 😍
Ông chủ của quán thì ôi thôi khỏi bàn , không biết tiếng việt nên nói tiếng Hàn rồi cười cười dễ thương ghê , nhiệt tình , thấy hết nước lẩu là cho thêm rồi nêm nếm lại cho vừa ăn cho tụi mình nữa 👏
Lát sau còn bonus thêm 1 tô mì trứng + kim chi nữa chứ... 
Ăn no căng bụng luôn, sẽ ghé lại ủng hộ chú chủ quán dễ thương ❤❤❤Xem thêm",107
1369,Trang Ngọc,17/4/2018 22:37,8.4,"Hôm mình lại vẫn thấy quán ghi tên Host nhưng nay lên review kiếm hoài không thấy quán này, ai ngờ đổi tên thành Arirang rồi. Quán này bán đồ ăn Hàn ngon lắm, ông chủ là người Hàn Quốc chính hiệu luôn, cực kì thân thiện, vui vẻ, hay tặng đồ ăn thêm cho khách đến ăn lắm nhưng không nói được tiếng Việt :D Các món nước của quán cũng đa dạng nhưng pha chế hơi ngọt, không có gì đặc biệt lắm. Bù lại giá cả phải chăng, không gian cũng rộng rãi, thoải mái lắm, có thể ngồi trầm quán.Xem thêm",107
1370,Thư Đoàn,14/4/2018 11:15,7.8,"Ông chủ dễ thương, tận tâm. Nước lẩu vừa miệng!Xem thêm",107
1371,Ny Pom,8/4/2018 20:29,5.0,"Món ngon khá vừa miệng, ông chủ dth thân thiện👍Xem thêm",107
1372,Hanh Lam,7/4/2018 19:48,9.4,". Đây là nơi các bạn phải đặt chân đến 1l . Qán không chỉ tốt ở sự đa dạng về món ăn , đồ uống mà còn cả về cách lịch sự và ấm áp đối với khách hàng . ( rất thích cách phục vụ khách ) một chủ qán lại tận tình phục vụ đồ ăn thức uống và tham khảo ý kiến nhận xét của khách rất hiếm thấy ở Cần Thơ . Giá cả nước phải chăng trà sữa matcha 25k có cả bánh plan thạch và cả trân châu . Qán thực sự sạch sẽ . View đẹp . Hứa hẹn tụi bạn mình con tới đây dài dài . :3Xem thêm",107
1373,Thao Pham,5/4/2018 12:08,7.0,"Thấy giới thiệu trên foody nên đi ăn thử. Mình gọi một trà sữa Host với món gà giòn. Đặc biệt thích nước chấm của quán, chế biến kiểu Hàn rất ngon và lạ miệng. Nhân viên nhiệt tình, mình còn được tặng thêm cơm cuộn ăn thử nữa. Tiếc là ngon quá nên mình xử hết rồi, không chụp đưa lên khoe được.Xem thêm",107
1374,Huyền Võ,5/4/2018 11:50,10,Quán ăn Hàn Quốc Airang phục vụ chu đáo mà thức ăn cũng ngon nửa. Nhóm mình đi 4 người kêu 3 mì cay Hàn với 1 cơm cuộn cá ngừ ăn cũng rất vừa miệng. Nếu bạn nào không quen ăn vị Hàn thì không nên kêu mì cay tại chú chủ nấu theo hương vị hàn nên hơi mặn. Còn lại đều ok hết luôn. Ăn xong chú khuyến mãi thêm 2 phần gà rút xương sốt cay nửa ngon mê ly 🤗🤗🤗. Mà chú chủ quán người Hàn không biết nói tiếng Việt chỉ được cái nhiệt tình dễ thương lắm luôn 🙂🙂🙂. Nói chung view quán đẹp mà món ăn rất ngon nên mọi người cũng nên thử đến thưởng thức các món ăn của quán ẩm thực Hàn Airang. 🤗🤗🤗🤗Xem thêm,107
1375,Phương Trần,22/3/2018 21:40,8.0,"Thấy quán được nhiều bạn quảng cáo quá nên mình quyết định ghé thử để tự trải nghiệm. Quán nằm ở một con hẻm ở đường Lý Tự Trọng, hẻm này đối diện hẻm vịt nấu chao, chạy vô chút xíu nhìn bên phải là thấy quán ngay. Ấn tượng của mình là mấy anh phục vụ thân thiện, nhiệt tình và đẹp trai nữa. Quán không quá rộng nhưng không gian ấm cúng và thoải mái, nếu hôm nào đi mà ngay lúc khách đông quá thì hơi ồn. Quán phục vụ khá nhiều món cả ăn và uống nữa, mình mới chỉ uống nước thôi, nước khá ngon, vị trà thơm, lần sau đến nhất định mình sẽ thử đồ ăn của quán.Xem thêm",107
1376,Trang Ngọc,19/3/2018 23:22,8.8,"Quán này lâu lắm rồi mình mới ghé lại, đã đổi chủ là ông chủ người Hàn rồi nha mọi người. Chú khá là dễ thương, nhiệt tình, thân thiện với khách dù nói không được tiếng Việt. Đặc biệt là chú làm đồ ăn ngon nữa. Phần ăn như hình là phần kimpap chú tặng khi mình gọi 1 ly trà sữa. Ăn uống say mê quá nên quên chụp ly nước luôn :)) Dù nước có pha chế bình thường đi chăng nữa nhưng đồ ăn cực ngon, phần chú bán hình như chỉ 29 hay 35k gì đấy mà 10 viên lận chứ không phải chỉ 5 viên như phần tặng. Có dịp nhất định mình sẽ ghé.Xem thêm",107
1377,Nhân Đặng,20/9/2019 12:19,3.4,Gọi cơm ship qua Now đặt 10 phần mà 1 phần chỉ có cơm trắng thiếu đồ ăn vì đồ ăn để luôn trong hộp nên không kiểm tra trước được nên chịu luôn. Lần nào gọi giao cơm số lượng nhiều cũng bị thiếu đồ ăn không biết quán có kiểm tra trước khi giao cho khách chưa???Xem thêm,108
1378,Noname07,16/1/2019 12:56,1.0,"vô mua cơm, đọc tên món, ngón tay chỉ vô món ăn luôn mà cô bán cơm con mắt nhìn lên mái nhà, ờ ờ biết rồi, cuối cùng làm lộn cơm, bán cho vui hay sao á! cái tâm để quên ở nhà hay rớt ngoài đường rồi không biết.Xem thêm",108
1379,Long Lê Nguyễn Hoàng,7/12/2018 16:30,4.2,"Cơm không nhiều. Gà rán từ lâu chất thành đống. Sàn nhà và bàn ăn dơ. Hũ nước mắm không đậy lại, dơ có ruồi. Cốc uống nước rửa không cẩn thận. Thái độ nhân viên phục vụ như cha thiên hạ.Xem thêm",108
1380,Trần Anh,4/12/2018 16:02,7.0,"Đọc nhiều review và mình thì đang thèm cơm phần nên đã quyết định đến quán cơm tấm này ăn thử, quán nằm ở đường NVC nối dài, nếu đi từ hướng ĐHYD lên phía cầu rạch ngỗng 2 thì quán nằm bên tay phải đó. Quán có không gian rộng và có người trông xe nữa.
Mình vào lúc đầu cũng định gọi cơm gà nhưng sau đó mình thấy gà được nướng lâu rồi còn thịt mới nướng thành ra mình kêu 2 dĩa cơm sườn nướng chả. Theo mình thấy miếng thịt ướp hơi ngọt, cơm vừa chứ không nhiều, có bì sẵn, miếng chả chưa ngon lắm, 1 dĩa như vậy có giá 20k, mình thấy không rẻ. Mà khuyết điểm nhất là nước soup của canh rất mặn, hình như nêm với muối chứ không còn nêm với hạt niêm nữa. Quán cũng đông lắm mà mình thấy phục vụ toàn nam, ít nữa, thành ra cũng nhanh nhẹn lắm!
Hy vọng lần sau có dịp thử cơm gà của quán!Xem thêm",108
1381,Sowon,3/12/2018 16:36,6.4,"Ăn từ cái hồi chân ướt chân ráo lên đây đi học. Hồi đó quán còn bán dĩa cơm sườn 13k ăn no bá cháy. Hồi đó mê quán lắm giờ đỡ nhiều ròi. Đặc điểm quán là đồ ăn hơi mặn. Khá ngon nhất là cơm sườn. Đến nay thì quán tăng giá đến chóng mặt dĩa cơm 17k. Hết rẻ rồi. Lần mình mua cơm thịt kho trứng 20k mà toàn cho mỡ không làm mình rất khó chịu. Nhân viên phục vụ thì tùy bữa, vui buồn ngẫu hứng nói chung là quán bình dân nên cũng không đòi hỏi gì nhiều. Nhưng điều làm mình bực nhất là lúc mình mua hộp cơm mang về mà chờ hoài không thấy hồi tiền. Lúc hỏi thì vẻ mặt ư chi không quan tâm luôn. Giờ thì lâu lâu lười đi xa quá mới ghé mua ăn thôi.Xem thêm",108
1382,Phúc Hoàng,28/11/2018 20:13,6.8,"Cơm giá bình dân, nước mắm ngon, nhưng thịt nướng hơi bị khét, còn món gà kho sả ớt nhiều khi là thịt gà nướng bán ế rồi đem ra chế biến lại. Nói chung với sinh viên thì ăn tạm được.Xem thêm",108
1383,Hoang Phuong Do,19/11/2018 21:04,7.6,"Phải chi quán này gần nhà xíu là được ăn ngon mỗi ngày rồi, vừa rẻ lại ngon nữa nè.
Không gian tương đối rộng rãi, bàn ghế cao ráo. Tuy nhiên lại khá là nóng luôn, cảm giác hơi ngộp thở luôn á. Với lại quán cũng khá là đông nữa.
Có nhiều loại cơm với nhiều tầm giá khác nhau, tùy thuộc vào nhu cầu của khách hàng nè. Điều khá lạ ở đây chính là trà đá miễn phí nhưng khách tự phục vụ, muốn uống bao nhiêu cũng được, tự lấy đá tự rót nữa. Cơm khá là ngon nha. Thịt nhiều vị đậm đà.Xem thêm",108
1384,Thanh Tran,24/10/2018 22:05,7.2,"Trước mười mấy ngàn giờ đã lên tầm 20k, mà hộp của mình là thêm trứng nữa nên 2x lận, được bạn gấu mua cho nên ko biết chính xác cơ mà ngon, mua ăn sáng ăn no lòi cành!Xem thêm",108
1385,letam,22/10/2018 14:57,2.6,"Nghe thấy nhiều bạn khen lại ăn thử,ai ngờ thịt thì nướng đen thui,lạp xưởng hôi dầu,tóm lại chỉ ăn được vài miếng là bỏ luônXem thêm",108
1386,Trang Ngọc,19/10/2018 0:20,8.0,"Nay nhỏ em rủ nên đến quán này để ăn sáng luôn. Quán nằm trên đường Nguyễn Văn Cừ nối dài, đối diện với quán mỳ cay Tea Top, chạy trên đường là thấy ngay à. Không gian quán cũng khá rộng gồm 2 gian nhà, rất sạch sẽ và thoáng mát. Như hình là phần cơm sườn của quán, không có bì vì mình không ăn bì mặn được. Cơm mềm, dẻo và thơm, thịt ngon, được tẩm ướp vị đậm đà, nước mắm vị vừa ăn. Nước soup ngon ngọt, có củ cải trắng và cải đỏ nữa. Đĩa như hình có giá 17k.Xem thêm",108
1387,Dung,24/4/2022 11:45,8.6,Mỳ trộn sauce bò bằm rất ngon ạhXem thêm,109
1388,Dung,21/4/2022 23:33,8.8,Mì trộn sốt bò bằm quá ngon. Ăn đến hết tô mà ko ngán lunXem thêm,109
1389,Nguyễn Trọng Nhân,20/12/2021 11:44,3.4,Mình đặt hộp mì ý mà bên trong không có miếng thịt bằm nào. Chỉ một ít mì và miếng phô mai phía trên. Quá thất vọng.Xem thêm,109
1390,Tuyết Trương,26/10/2021 15:36,4.2,Mình đâu có gấp ăn đâu mà nỡ lòng nào :(((Xem thêm,109
1391,LongGUni,26/9/2021 10:28,7.8,HamburgerXem thêm,109
1392,Dung,16/9/2021 10:51,5.0,Hamburger M.Y.OXem thêm,109
1393,LongGUni,11/9/2021 10:52,8.2,Cơm trộnXem thêm,109
1394,LongGUni,7/9/2021 11:24,7.8,Mì ýXem thêm,109
1395,LongGUni,3/9/2021 9:22,8.0,SalafXem thêm,109
1396,LongGUni,29/8/2021 9:12,7.8,Cơm curry sauceXem thêm,109
1397,Trang Ngọc,19/10/2018 12:21,8.2,"Bữa lướt Now thấy quán có giảm giá trên dịch vụ nên đã đặt để trải nghiệm thử các vị trà sữa khác của quán vì lâu rồi cũng không uống. Quán nằm trên đường Lý Tự Trọng đối diện với công viên Lưu Hữu Phước luôn, không gian khá mát mẻ, thích hợp để ngồi tán gẫu với bạn bè. Như hình là ly sô cô la trân châu đường đen của quán. Lớp đường đen khá ngon, trân châu mềm, dẻo. Nước sữa tươi sô cô la uống cũng tạm được, không quá ngọt. Ngoài ra bịt rong biển ở quán ăn cũng khá ngon á nhe.Xem thêm",110
1398,Phạm Trần Phương Trâm,19/10/2018 12:06,8.4,"Bạn nào muốn có cả trà sữa ngon và background hợp lí thì trà sữa chất ở đường Lý Tự Trọng là lựa chọn tốt nhất rồi nhe :3 như hình là trà sữa truyền thống chất, mình order ly lớn qua now thì cộng thêm 5k nữa là tổng cộng cho ly như hình là 25k. Nhiều topping cực kì luôn, ấn tượng là bánh flan truyền thống và trân châu củ năng, rất đáng để thử luôn. Quán có dấu tick xanh verified nên đặt qua Now và trả tiền bằng air pay được giảm 15k ship, nên thành ra không trả ship luôn :3Xem thêm",110
1399,Diễm Chi,17/10/2018 11:13,7.6,"Hình như ở Cần Thơ thì chỉ có quán này bán dừa dầm Hải Phòng. Mình thì chưa ăn của Hải phòng nhưng xem hình, clip thì thấy sánh mịn, còn đây thì hơi lỏng. Nhưng mà vị thì vẫn khá ok, thơm dừa lắm, có cả hạnh nhân rắc trên nữa.

Hôm rồi đặt chè thảo mộc, dừa dầm và chè dừa phủ cacao. Mình tưởng quán làm nhầm món chè thảo mộc thành món khác vì không thấy khoai dẻo đâu hết mà giờ mới biết ""rau câu dừa thay cho khoai dẻo"". Và chè dừa phủ cacao là món ok nhất.Xem thêm",110
1400,Phương Trần,7/10/2018 22:46,8.0,"Chiều tối chơi tuần mình bị tụi bạn rủ rê ra công viên Lưu Hữu Phước chơi, thế là tụi mình quyết định ghé Chất mua sữa tươi trân châu đường đen đem theo uống lấy sức tập thể dục giảm cân. Không gian quán ngồi ngoài lề đường nhìn xe cộ qua lại chắc thích lắm đấy, chị chủ quán chạy ra bán luôn, nói chuyện dễ thương lắm. Sữa tươi trân châu đường đen của quán quả thật rất ngon, trân châu thơm đường đen, sữa thì không quá ngọt, khuấy lên là rất vừa. Bạn mình uống trà sữa chất nói là hơi ngọt nhưng cũng rất ngon nhé.Xem thêm",110
1401,Hoàng Huy,19/9/2018 14:31,8.0,"Hôm bữa được mấy đứa bạn rũ rê uống món sữa tươi trân châu đường đen cảu quán này nên cũng mua thử, mua thêm món bơ dầm và dâu dầm gì đó để ăn, theo mình cảm nhận thì sữa tươi khá là thơm nhe có độ beo béo vừa phải lắm luôn ấy, trân châu còn nóng hỏi luôn nhe, vị ngọt vừa phải à nên mình ưng ý cực kỳ nhe, món bơ không bị đắng như 1 số nơi khác nhe, dâu cũng chất lượng lắm nên cũng yên tâm, nhân viên quán giao hàng nhanh nhẹn lắm nheXem thêm",110
1402,Nhã uyên văn hoàng,19/9/2018 11:59,9.2,"Dạo này thấy món dừa dầm nơi đây khá hot nên mình đến uống thử. Mình gọi món dừa dầm và sữa tươi trân châu đường đen với giá 25 nghìn. Với sữa tươi trân châu đường đen thì sữa hơi không béo và có phần hơi ngọt. Còn phần dừa dầm thì dừa sợi được được pha với sữa kèm lớp dừa sấy phía trên. Lớp phía trên ăn giòn giòn rất lạ và được áo bên ngoài một lớp đường ăn rất ngon. Phía dưới phần sữa hơi béo nên uống vào ít có mùi dừa và vị hơi bị ngọ
t quá. 
Theo mình đánh giá thức uống và giá nơi đây ổn. Để trải nghiệm thì cũng là một lựa chọn không tồi.Xem thêm",110
1403,Phương Trần,9/9/2018 12:25,7.8,"Quán trà sữa chất ở đường Lý Tự Trọng, bên hong công viên Lưu Hữu Phước, quán trang trí đơn giản lắm, không quá rộng nhưng nhìn cũng thoáng mát và sạch sẽ. Mình thích tận hưởng không khí ngoài trời nên hay ngồi ngoài lề đường để nhìn ngắm xe cộ qua lại. Tới đây mình hay uống sữa tươi trân châu đường đen và hôm nay đổi món nhé, uống thử trà sữa mầm cây, nghe tên lạ và cũng khá là hấp dẫn. Ly trà sữa đem ra nhìn ngon quá, ở trên có lớp cacao và một mầm cây nhỏ nhìn dễ thương. Trà sữa thì khá béo, ngọt thêm vị cacao này trộn lẫn nữa thì hơi ngọt quá so với sở thích của mình nên mình uống không hết nổi 1 ly.Xem thêm",110
1404,Trang Ngọc,14/8/2018 0:39,8.2,"Không phải lần đầu uống trà sữa của Chất nhưng đó giờ toàn uống ở xe trước cổng Chùa không à. Lâu rồi không uống nên mới biết quán dời qua đây luôn. Có quán hẳn hoi, ngồi phía dưới nhìn được ra công viên nữa, thoáng mát, sạch sẽ lắm. Trà sữa trân châu đường đen đó giờ mình ít uống nhưng nghe mọi người khen món này ở Chất ngon nên uống thử. Công nhận ly 25k mà to đùng, phần này không lẽ 2 người uống 1 ly mà ngồi quán thì kì chứ quá nhiều trân châu luôn. Uống cũng ok lắm, ngọt vừa.Xem thêm",110
1405,Nhã uyên văn hoàng,9/8/2018 1:34,7.8,Biết quán mới mở ở đường lý tự trọng nên có dịp mình ghé thử. Không gian quán khá ô kê có trên lầu và phía trước ngồi ngoài vỉa hè nhìn ra công viên. Đa số khách đến đều thích ngồi phía ngoài. Menu quán khá đa dạng mấy bạn nhân viên khá thân thiện và nhanh nhẹn order xíu là có nước. Về phần nước hôm mình đến có vẻ hơi gấp nên đường với trà sữa k đều mình uống phần lạt phần dưới ngọt. Ly to đùng 20k đủ topping nên điểm cộng cho quán phần này. Mọi thứ khá ổn rất đáng để trải nghiệm.Xem thêm,110
1406,Phương Trần,7/8/2018 23:27,8.8,"Mình uống sữa tươi trân châu đường đen ở rất nhiều quán rồi, mỗi quán có mùi vị khác nhau và có đặc trưng riêng nhưng riêng cảm nhận của bản thân và cậu bạn đi cùng thì vẫn thích sữa tươi trân châu đường đen của Chất nhất. Vị trà sữa thơm, béo vừa, ngọt ít khi khuấy trân châu và đường đen lên thì hoà chung vào rất vừa miệng, độ ngọt vừa, lại thơm thích lắm. Một ly ở đây giá là 25k nhưng một ly rất to, trân châu quá nhiều uống vào no lắm luôn, nếu được thì quán để ít ít lại, ăn vừa đủ sẽ thấy ngon hơn.Xem thêm",110
1407,Trúc Mai Dương,17/4/2019 8:51,8.0,Trà sữa bánh flanXem thêm,110
1408,Bùi Ngân,28/5/2018 12:19,8.4,"Tối qua test thử Sữa tươi trâu châu đường đen của quán, chỉ 19k. Vị sữa tươi vừa uống, không quá ngọt. Trân châu rất ngon, ngọt, thơm vị của đường đen. 
Mình đi lúc mưa còn lăm răm, vừa ghé quán thì chị nhân viên đã chạy ra liền. Nước làm khá nhanh. Trong lúc đứng chờ làm nước, lấy tiền thừa, mỗi lần chị chạy qua đều nói : Xin lỗi!. :) Mặc dù mình chờ có tí xíu. 
Có thể nói, mình khá hài lòng về quán, trước kia đã mê trà sữa rồi, giờ có thêm sữa tươi trân châu đường đen này nữa thì càng mê hơn.Xem thêm",110
1409,foodyuser_b8449bf8,28/5/2018 9:12,8.6,"Test ""SỮA TƯƠI TRÂN CHÂU ĐƯỜNG ĐEN"" Tại Chất!
-Sữa pha từ THtruemilk nguyên chất 100%, trân châu mới ra lò, đường đen sánh kẹo đặc trưng!
Ngoài ra view quán be bé nhưng có 1 mảng tường trang trí thạch cao đầy tính nghệ thuật và chuẩn selfie nhen mấy chế! Quán đã có nhiều năm kinh nghiệm vs 3 chi nhánh rồiXem thêm",110
1410,Trang Ngọc,17/5/2018 12:47,8.0,"Tháng nào cũng uống ở đây mấy lần mà lười review tại review hoài :)) Phần lớn là mình mua mang đi ra công viên uống vì chỗ này ngay chùa, nhiều khi cũng ồn tiếng chuông này nọ. 1 ly trà sữa truyền thống 20k khá to và nhiều topping, đủ loại luôn mà topping nào thấy cũng ok, trà sữa pha ngon, không quá ngọt. Menu bây giờ đa dạng lắm, thấy khô gà cũng muốn ăn mà lỡ mua cái bánh pizza to nên không ăn thêm nữa. Quán làm nước cũng khá nhanh nên không phải chờ lâu.Xem thêm",110
1411,Phạm Trần Phương Trâm,17/5/2018 6:34,8.0,"Bữa thèm trà sữa nên ghé quán này để uống luôn.
Vị trí: quán nằm trên đường Đại Lộ Hòa Bình, nằm trước chùa Phật Học, kế bên là trường Trung học cơ sở Chu Văn An nên chạy ngang quán là thấy liền, hình như 14h là quán mở rồi.
Không gian: quán vỉa hè, chỉ đặt khoảng vài bàn cho khách ngồi, khá thoáng mát và thoải mái.
Chất lượng: như hình là ly trà sữa milk foam của quán, uống cũng khá ngon, trà sữa không quá ngọt còn ly milk foam thì béo ngậy luôn, ly như hình có giá chỉ 25k mà thôi.Xem thêm",110
1412,Tấn Đạt Trần,15/5/2018 16:08,8.0,Tình cờ thấy quán có bán khô gà trên deliverynow nên mình cũng lẹ lẹ đặt về ăn thử nè.Đặt môt lươt 3-4 bịch luôn ăn một lần cho đã thèm.Shipper giao hàng nhanh chóng và thân thiện lắm nha. Mình đặt khô gà cay về mở ra thơm lắm luôn. Khô gà không quá cứng rất vừa ăn và cay cay the the đã lắm. Ăn một bịch lại muốn ăn bịch tiếp theo á.Đứa bạn mình ăn lần đầu ở đây nó cũng khen quá chừng. Chắc sẽ ủng hộ quán dài dài luôn nè. Hy vọng quán có nhiều chương trình ưu đãi cho khách hàng hơn nữa nha.Xem thêm,110
1413,Phạm Trần Phương Trâm,8/4/2018 10:11,8.0,"- Vị trí: trà sữa chất có khá nhiều chi nhánh ở Cần Thơ. Lần này mình có ghé ủng hộ chi nhánh ở đại lộ hòa bình :3 quán nằm ngay trước chùa cũng khá nổi tiếng ở Cần Thơ là chùa phật học :3
- Không gian: quán thuộc quán vỉa hè thôi :3 nhìn chung cũng thoáng mát, thoải mái :3 vị trí ngay đại lộ hòa bình nữa nên đông đúc nhộn nhịp lắm 
- Phục vụ: bạn chủ bán cũng vui vẻ nhiệt tình lắm :3
- Chất lượng: như hình là ly hồng trà macchiato mình kêu tại quán. Hôm đó hết trân châu nên vẫn chưa có dịp thử trân châu của quán. Nhưng nhìn chung còn lại đều ổn.Xem thêm",110
1414,TM Nguyễn,5/4/2018 18:55,8.0,"Vị trí: xe trà sữa Chất ở sát vách tường chùa Phật học, của cô bán rất thân thiện, nhiệt tình với khách. 

Không gian bán vỏn vẹn 1 chiếc xe và vài chiếc bàn ghế, thế nhưng lại được rất nhiều bạn trẻ biết và tìm đến ^^ vì nước cô làm rất ngon!! Ly to, như hình là trà đào (chỉ miếng đào, không thạch) vị ngon, giá lại rẻ ^^

Chất cũng có mặt trên Deli của Foody, bạn có thể yên tâm nằm nhà và order cho shipper mang tới ^^ cô rất vui tính, có dịp hãy ghé ủng hộ cô ^^Xem thêm",110
1415,Tiên Xingmi,18/3/2018 19:22,6.6,"Ly này giá 20k. Mình mua bên phía nguyễn thái học có dì bán. Ly sao ko thấy in tên quán nhờ. Dì dễ thương. Mình ko ăn trân châu củ năng mà quên dặn. Lát sau nhớ dặn thì dì bảo là để làm ly khác 😂😂😂 dù mình nói khỏi. Hiu hiu so kindddddd. Topping có trân châu, khoai dẻo khá nhiều, thạch phô mai, thạch cà phê, thạch nhân nho khô, khúc bạch, khúc bạch phô mai mặn mặn, sương sáo, khá nhiều ấy chớ. Ngon hơn 1 tỷ lần so với chin. Trà sữa béo sữa lắm ko thích lắm bỏ đá tan bớt mới vừa uốngXem thêm",110
1416,Hoàng Huy,18/3/2018 11:57,8.0,"Chổ này cũng là cùng hệ thống của quán chất bên nguyễn khuyến ấy chứ, nên cũng có thể đặt trên deli nhe mình với đám bạn cùng nhau đặt món quán này nên cũng đỡ được tiền ship ấy kkk, gọi 1 ly trà trái cây, 1 ly trà sữa matcha và 1 ly trà sữa thái đỏ để uống, nước uống của quán đúng chuẩn ngon mà rẽ luôn nhe nên khá là khoái ấy, nước thì ngon mà lại được nhiều thạch để ăn lắm, trà sữa thái đỏ thơm cực kỳ luôn nhe, nhân viên giao hàng nhanh nhẹn lịch sự lắmXem thêm",110
1417,Quyên Phan,18/7/2020 11:43,1.0,Không biết món bún mọc này đặc biệt không có rau hay là quán bán tiết kiệm không 1 miếng rau không 1 miếng chanh ớt :)Xem thêm,111
1418,Bích Ngân,16/6/2019 17:09,5.0,"Quán này mình ăn nhiều lần rồi và rất ngon nhe . Nhưng nhiều lúc không ra quán ăn được đành lên Now đặt về ăn , nhưng tiếc là Now chưa cập nhật món BÚN CHẢ Hà NỘI . Mong Now sớm cập nhật thêm món đó nhé , mön bun cha ngon lamXem thêm",111
1419,Mỹ Linh,10/6/2019 16:10,1.0,"Từng ăn bún thang ở Hà Nội. 
Thấy Cần Thơ cũng quảng cáo bún thang Hà Nội nên đi ăn thử. 
Cảm nhận quá tệ. 
Quán đem tô bún ra cảm nhận đó là bún và chả chứ không phải bún thang.  Cả tô bún chỉ có bún, chả và 1 ít thịt heo luộc. 
Thật ra không hy vọng sẽ như ở Hà Nội nhưng ít ra hình thức phải giống. Cái này không giống từ hình thức đến mùi vị. 
Quá tệ cho quán để là đặc sản. Mất hết cả ý nghĩa 2 chữ đặc sản.Xem thêm",111
1420,Trang Lê,25/12/2018 11:55,9.8,"Mình ăn nhiều quán hà nôi, vẫn cảm thấy quán này là ngon nhất, goi tô bún chả hà nội, tô to chất lượng, rau cho thêm miễn phí. thịt ngon xuất xắc, cục nào cũng to chà bá lửa, thịt viên cực ngon, vị đậm. Mình order chị giao tận noi không lấy ship!
Sẽ ủng hộ dài lâuXem thêm",111
1421,Trần Anh,28/11/2018 11:45,8.0,"Quán này mình biết cũng lâu rồi, lúc mà quán chưa dời về bên VTS này, mình cũng có vài lần ghé quán ăn bún đậu mắm tôm, mà sau này ăn bún đậu ngán rồi nên cũng ít lui tới quán. Đợt hỗm do mình thèm mấy món bún của quán quá nên có ghé.
Thấy không gian bên đây cũng được lắm nha, rộng rãi, thoải mái, quán có bán trái cây phía trước nữa, hình như là cam với hồng giòn thì phải. Mình đến quán tầm 6 7h, thấy chỉ có chị chủ với 1 chị lớn tuổi phụ hà, mà chị chủ cũng nhanh tay lắm, mình gọi 1 tô bún riêu cua ốc lớn, có giá là 35k. Vừa gọi món chưa tầm 10p nữa là chị chủ đem ra rồi, bún riêu cua ốc có nước soup hơi loãng, không mặn như vị của miền nam, mà lại có vị chua chua không gây ngán, nước soup ít mỡ cái này mình chịu, bún riêu cua ốc nên riêu cua cũng to đùng với lại thêm trong tô còn có ốc được lãi ra sẵn nữa. Đặc biệt mình chấm nhất là miếng chả, khá dày và ngon, vị chả ngon chứ không xen lẫn vị bột không. Mình thấy giá 35k cũng không quá cao, ngon và no bụng. Quán có mì quảng nữa lần sau mình sẽ lại thử xem sao ^^Xem thêm",111
1422,Phương Nguyễn,22/11/2018 20:52,8.0,"Chị chủ quán dễ thương, gọi 2 suất bún đậu vs bún chả đc khuyến mãi dĩa cam Vinh tráng miệng ❤️... thật sự mình ít khi ăn mà viết bình luận lắm, mình ăn ở đây nhiều lần r từ lúc còn bên hẻm 86 lý tự trọng, mình thường ăn nhất là bún đậu, giá cả thì hơi đắt 1 chút 45k/phần nhưng phải nói là đồ ăn với rau sống, bún các thứ nhiều lắm nha, một ng ăn k hết. Mắm tôm nêm vừa miệng k quá ngọt như các quán khác (chắc vì mình là ng bắc nên hợp khẩu vị). Đồ uống cũng đa dạng, mình thích uống nước sấu vs nước mơ nhất. Còn các món ăn khác cũng ngon nữa nha, có bún chả, bún nem cua bể, bún mọc... toàn đặc sản Hà Nội thôi, nhắc tới lại thèm, mình sẽ còn ủng hộ quán dài dài hehe...Xem thêm",111
1423,Duy nguyễn,29/10/2018 16:04,8.6,"Mì quảng nhiều đồ ăn , bún chả và bún đậu hương vị khá ổnXem thêm",111
1424,Hoàng Huy,21/8/2018 13:18,8.0,"Lâu lâu cũng hay đặt món của quán này để ăn lắm luôn nhe, gọi 1 phần mì quãng 1 ly trà cúc và 1 bánh gạo cay để ăn, mì quãng ăn kèm với bánh đa nhe, rau cải này nọ quán cho khá là nhiều luôn ấy chứ, mình hay đặt món quán Now lắm luôn ấy vì hay có chương trình khuyến mãi với giao tận nơi còn được miễn phí tiền ship nữa nhe, nhân viên giao hàng cực kỳ nhanh và thân thiện luôn ấy chứ, giao hàng lúc nào cũng sớm hơn dự kiến hếtXem thêm",111
1425,Thông Anh,6/7/2018 7:52,5.8,Bún chả và chả cá lã vọngXem thêm,111
1426,Nhã Thanh ⚛,12/6/2018 11:03,7.0,"Phần bún chả ở đây cũng nhiều, 2 đứa nếu ăn ít là vừa đủ no luôn, mà giá 40k thì cũng hơi cao so với 1 phần ăn. Chả ngon, bún nhiều, rau tươi.Xem thêm",111
1427,Trúc Mai Dương,1/12/2020 15:18,9.0,Kem xôi Trà xanhXem thêm,112
1428,yuuba,27/2/2019 14:55,8.0,"Học CT lâu r h mới có dịp đi ăn kem xôi huyền thoại, quán mình đi kế khoa Kinh Tế của trường nha. Nghe đồn kem xôi cũ bị dời về ktx mất r.

Mình gọi kem xôi trà xanh, bạn mình ly nước ép dưa hấu như hình tổng 23k giá khá ok nha. 

Kem xôi ăn khá được, nhiều, ăn no lắm nhưng có điều kem k đc xịn, kêu kem vị trà xanh ăn vào k giống miếng nào, ngọt gắt ấy. Ly dưa hấu ổn, k gian thoáng mát, mấy chị phục vụ khá dth 🍝Xem thêm",112
1429,Trang Ngọc,18/10/2018 22:13,8.4,"Từ lúc ra trường đến giờ mới có dịp quay trở lại trường để ghé quán quen. Khá bất ngờ khi biết quán này được dời vào ký túc xá khu A luôn rồi. Muốn vô mình phải gửi xe. Vô lúc 5g chiều thì hết kem xôi rồi nên đành ngậm ngùi uống cà phê kem còn nhỏ em thì ăn kem sầu riêng. Thức uống khá hợp khẩu vị mình, menu cũng đa dạng, giá cả sinh viên lắm. Không gian bây giờ ngoài không có máy lạnh thì thấy không thua quán trà sữa nào. Sinh viên đến uống cũng khá đông.Xem thêm",112
1430,Phương Trần,17/10/2018 21:23,8.0,"Mình ra trường cũng khá lâu rồi nhưng vẫn rất nhớ cái thời đi học, chiều nào học ra cũng đi ăn kem xôi rồi mới chịu về nhà. Hôm qua, tụi mình lại rủ nhau về lại trường, quán kem xôi cũ không còn nhưng phát một quán mới ở ký túc xá khu A, bạn vô đây ăn phải gửi xe nhưng yên tâm bạn sẽ được giảm giá vào ly kem nhé. Trong hình là ly kem xôi dâu, xôi mềm xốp rất ngon, kem có vẻ hơi ngọt xíu. Ở đây đa số là các bạn sinh viên nên giá rất bình dân, chỉ từ 8-10k một ly thôi.Xem thêm",112
1431,Hoang Phuong Do,9/10/2018 20:53,7.6,"* ai mà học ở Đại học Cần Thơ chắc là quá quen với quán này rồi nhỉ.
- về không gian: quán rộng rãi, thoáng mát. Nhiều bàn ghế nữa nè. Kế bên có bán luôn cả đồ ăn nên không sợ đói đâu nha.
- về thức uống: từ khi đổi chủ đến giờ thấy đồ uống tệ hẳn ra. Hông có món nào vừa miệng hết, chỉ được món trà sữa là tạm ổn.
- về phục vụ: phần này là chê nhiệt tình luôn. Những lúc khách đông phục vụ chậm không nói, đằng này có mấy đứa ngồi trong quán mà đợi hơn 15 phút chưa có nước. Mệt ghêXem thêm",112
1432,Trang Ngọc,19/8/2018 1:22,8.0,"Bữa quán có chương trình ""ăn 3 tính tiền 2"" nên đã rủ đám bạn vào đây. Quán nằm trong ký túc xá khu A trường đại học Cần Thơ, bạn phải gửi xe ở bãi xe đầu cổng A và đi bộ khoảng 100m mới đến được tới quán. Không gian quán nhìn chung cũng khá rộng, thoáng mát. Như hình là ly đá xoay sô cô la của quán, uống cũng tạm ổn nhưng có điều hơi ngọt, lớp kem béo béo. Ngoài ra còn một số món khác trong chương trình như kem bơ, kem bánh flan. Đặc biệt là quán sẽ trả tiền gửi xe cho mình nếu mình gửi xe ở bãi xe trước ký túc xá.Xem thêm",112
1433,Quế Anh,10/8/2018 16:02,8.0,"Ngẫu hứng học xong trời mưa nên tấp vào thử luôn vì nghe giới thiệu nhiều nhưng chưa có dịp ghé.
Quán nằm trong khuôn viên ktx A nên phải gửi xe phía ngoài cổng ktx rồi đi bộ vào. Quán rộng rãi, mát mẻ, giá cực sinh viên, menu nhiều món, mình với bạn mình có gọi flan kem, với kem bơ, thấy pr hai món này nhiều, nhìn hình cũng hấp dẫn nốt. 
Bánh flan kem bày trí hấp dẫn, bánh flan dẻo nhưng vị hơi nhạt, được cái kem ngọt bù qua sớt lại, hai viên kem trong hình hương vani với socola, mình nghĩ nên tăng độ béo với ngọt của flan xíu sẽ ngon hơn. Kem bơ thơm, siêu nhiều, uống no nê, giá chưa tới 20k cho một món uống
Ăn xong nhân viên lịch sự hỏi mình đi mấy xe để gửi lại tiền giữ xe ngoài bãi. Tầm chiều 4h là quán đông nhưng không ồn ào, cứ học xong buồn miệng thì có thể chạy qua đây.Xem thêm",112
1434,Phạm Trần Phương Trâm,7/8/2018 23:28,8.0,"Nay nghe nói quán có chương trình mua 3 tính tiền 2 nên đã vào quán để trải nghiệm vài món mới. Quán nằm trong kiến túc xá khu A trường Đại học Cần Thơ nên các bạn phải gửi xe thì mới vào được, đi bộ từ cổng vào một chút nhìn bên tay phải là thấy quán ngay à. Không gian quán khá rộng, sạch sẽ và thoáng mát lắm. Như hình là 2 phần kem bánh flan của quán, có 2 viên kem và một cái bánh flan. Kem có vị vani và socola, kem hơi ngọt nhưng được bù lại bằng nước cà phê đắng nên giảm đi độ ngọt của kem, phần bánh flan cũng khá ngon :3Xem thêm",112
1435,Minh Thư Lê,11/7/2018 23:22,9.2,"Thực sự thì đi Kem Xôi không biết bao nhiêu lần từ ngoài Chính Trị cho đến KTX A thì chất lượng vs giá cả của quán luôn làm hài lòng mình ☺️
Các món của Kem Xôi luôn hút mắt mình và giá cả thì đậm chất sv giao động từ 7-18k
Tuy là phải gửi xe và đi bộ 1 khoảng nhưng mà ngắn hà và quán bao luôn tiền gửi xe 😂
Hiện quân đang khuyến mãi menu mới ăn 3 tính tiền 2: Sữa chua dâu, sữa chua chanh dây và bánh flan. Giá gốc thì 15k/món
Nói chung là sẽ còn ủng hộ quán dài dài 😘🌸Xem thêm",112
1436,Phạm Trần Phương Trâm,9/7/2018 18:19,8.8,"Tối đi học về ăn trong căn tin xong, ghé qua chỗ này ngồi học bài đồ luôn. Quán nằm trong khuôm viên của kí túc xá khu A nhe. Quán rộng lắm. Nhân viên phục vụ nhiệt tình. Rất thích điểm này. Chế độ chăm sóc khách hàng của quán cực tốt luôn nhe. Như hình là ly kem socola của quán. Kem đắng đắng có vị béo và ngọt nhẹ, nên ăn không bị ngấy. Có kèm theo thạch socola nữa :3 rất ok luôn ấy :3 giá thì rẻ bèo 1x thôi, vì đối tượng chủ yếu là sinh viên rồi :3 menu đa dạng, rất đáng để thử.Xem thêm",112
1437,Hoàng Huy,16/11/2018 16:47,8.0,"Hôm nay đi làm về khuya nên mình có ghé qua quán này để mua ổ bánh mì để ăn, bánh mì của quán này ăn ngon miệng lắm luôn ấy, do là đồ chiên bên trong nên khá là lạ so với những nơi khác nhe, đồ ăn nhiều lắm, ăn không bị ngán nữa có điều quán này đứng đợi làm món hơi bị lâu do quán này tối đến cực kỳ đông khách luôn ấy chứ, đa phần là sinh viên đến ăn không à, ở đây mình ít khi ăn  tại chổ lắm vì bàn ghế ít với nhỏXem thêm",113
1438,Hoang Phuong Do,6/11/2018 21:27,7.8,"Cũng lâu ơi là lâu rồi mới có dịp ghé tạc ngang đây để làm một dĩa đồ chiên nè.
- về không gian: quán bán buổi chiều tối, nằm trước cửa của trường giao thông gì quên rồi ấy nhỉ. Cũng khá là dễ tìm nè, quá cũng tương đối đông khách.
- về món ăn: đồ chiên ở đây bán khá là rẻ, chỉ có 5 nghìn một xâu thôi. Ai muốn ăn gì thì xuống lựa để sẵn lát cô chú chiên cho nè. Ngoài ra còn có bánh mì nữa nha mọi người. Hai đứa lựa tầm 40 nghìn thôi mà ăn muốn xỉu dị hà. Đậu bắp với hoành thánh cũng nhiều nữaXem thêm",113
1439,Diễm Chi,19/10/2018 21:36,7.4,"Đồ chiên - không còn lạ lẫm, nhưng chỉ có nhiều loại xiên mới làm mình quá kích thích nên mua post review thêm. Nay có loại cá chả cuộn trứng ăn khá là lạ, cảm giác của mình là ngon mà ngon chưa đã, chắc do chả chưa được nhiều vị cá.
.
Một xiên 3 viên ăn hấp dẫn cực, mình nhét bánh mì thì mặc dù ăn liền nhưng trứng đã áp đảo toàn bộ vị vỏ bọc bằng chả bên ngoài.
.
Ngoài ra có thêm nhiều xiên khác nữa mình cũng không có hỏi nên chẳng biết tên. Bạn mình nói 3h sáng vẫn còn bán đó, bạn nào mà thức khuya đói, mà ko biết ăn gì có thể ghé qua đây dùng bữa ấm bụng trời khuya, giá sinh viên dễ chịu.Xem thêm",113
1440,Hoang Phuong Do,8/10/2018 22:54,7.6,"* úi giùi ui, mấy khi được bữa khí hậu mát mẻ mà ra đây ngồi ăn đồ chiên thì còn gì bằng nà.
- về không gian: nằm ở trước chổ trường giao thông vận tải thì phải, khá là dễ tìm nha. Quán cũng tương đối rộng rãi.
- về món ăn: thấy cái xe để đồ ăn thôi là chất lượng rồi nè. Siêu nhiều món luôn. Mỗi xâu chỉ tầm 5 nghìn thôi. Hai đứa đi ăn tầm 30 nghìn thôi là được một dĩa đầy nhóc ăn thỏa thê luôn rồi nè.
- về phục vụ: vui vet và nhanh nhẹn.Xem thêm",113
1441,Phạm Trần Phương Trâm,1/8/2018 12:46,8.0,"Thấy review ở quán này rất tích cực nên tụi mình cũng tìm đến trải nghiệm thử xem như thế nào. Điểm đặc biệt của quán là cho mình tự do chọn lựa, rồi sau đó sẽ tính tiền sau :3 mình lựa được 5 xâu, mỗi xâu 5k :3 chỉ có xâu chả trứng cút là 8k nên phần y như hình là 28k :3 Gồm có xâu cá viên, bò viên, chả giò, chạo ốc, và chả trứng cút. Da hoành thánh và đậu bắp sẽ được tặng free. Nước chấm không đa dạng nhưng ăn ổn. Dưa chua ăn kèm chua chua cũng giúp cho đồ chiên ăn không bị ngán :3Xem thêm",113
1442,Thanh Tran,24/6/2018 22:20,7.2,"Nay thều thào nói không ra hơi mà ông chủ vẫn khó tính :/ nhưng bánh mì ngon nên bỏ qua. Nay thấy thêm mấy xâu lạ lạ nhưng mình nghĩ bụng không hợp với bánh mì nên thôi!

Ngoài ra thì mình hay ăn bánh mì trứng cút với bánh mì chả giò, gợi ý các bạn thếXem thêm",113
1443,Hoàng Huy,16/5/2018 17:31,8.0,"Quán bánh mì này phải nói cực kỳ ngon luôn ấy, mình hay đi qua quán này để mua đồ chiên mà ăn lắm luôn nhe giá cả cũng khá là sinh viên nên nhiều bạn đến quán này để ăn lắm luôn ấy chứ, không gian quán khá là thoáng mát nhe, cũng có vài bàn ghế để ngồi ăn tại chổ lắm nhưng mình thì thường mua mang về là chủ yếu à, đồ ăn thiết nghĩ nên lựa chứ nhờ quán lựa giùm thì không ngay mấy món mình thích nhiều đâu nhe, quán hơi đông nên đợi hơi lâuXem thêm",113
1444,Hoàng Huy,3/4/2018 15:07,8.0,"Đồ chiên ở đây phải nói là dân sinh viên ở gần đường Nguyễn Văn Linh này ai cũng biết hết rồi đồ chiên thì nhiều mà giá cả lại sinh viên lắm luôn, nên mình thấy mấy bạn sinh viên hay qua đây để mua ăn lắm nhe, nhìn dẫy đồ chiên mà đa dạng lắm luôn kìa ngồi lựa hồi muốn sỉn mới được món luôn vì cái nào nhìn cũng hấp dẫn và bắt mắt muốn mua hết ấy, ở đây có cho đồ chua để ăn kèm nữa nhe thấy ngon và độ chua vừa phải lắm nước chấm cho cũng nhiều nên chấm không sợ thiếuXem thêm",113
1445,Thuý Hoà,3/4/2018 15:02,8.0,"Phải nói rằng cứ thèm đồ chiên là lại chạy qua đây để ăn à, mình thì ít mua loại bánh mì đồ chiên lắm mà chỉ toàn mua đồ chiên không để ăn à, ở trọ với đứa bạn nên cứ mua về 2 đứa lại ăn sấp mặt mà lần này mua ít à có 20k thôi không dám mua nhiều vì sợ ăn không hết ấy chứ, giá cả thì xâu hình như là 5k ấy qua tết lên giá rồi nên mua được 4 xâu nhưng có thêm đậu bắp và da hoành thánh vào nữa nên cực nhiều nheXem thêm",113
1446,Bò Viên Chiên,1/4/2018 9:14,7.2,"Xâu 5k,xúc xích 8k.
Đồ chiên ở đây ngon lắm,chiên vừa tới,không bị khô.
Đồ chua ăn kèm làm ngon.
Tương ớt vừa miệng không bị mặn.Xem thêm",113
1447,h30bonnie,2/11/2019 0:44,5.6,"Quán không gian đẹp, thức uống đa dạng
Phục vụ chưa chuyên nghiệp lắm
Mình ủng hộ quán từ lúc khai trương cũng nhiều lần dan ban be den rồi nhưng quyết định ko đến quán nữa.Xem thêm",114
1448,Ngân,20/2/2019 10:49,10,"- Đầu tiên khi bước vào quán cái làm e thích nhất là bãi đậu xe rộng rãi, đậu được xe máy và cả oto. Ở Cần Thơ tìm một quán nước có sân rộng rãi như vậy sẽ không nhiều. 

- Tiếp theo là quán có nhiều khuôn viên để khách lựa chọn. Có sân vườn và cả phòng lạnh. Em có bước vào phòng lạnh, full bàn, đành lặng lẽ bước ra sân trên 😥. 

- Em thích nhất ở đây món Trà_Sữa_Trân_Châu_Đường_Đen
Vị không quá ngọt, không quá béo, đặt biệt là trân châu nhiều, mềm, gặp đá không bị sượn.
Ai là Fan của TSTCDD thì chắc chắn sẽ không  làm bạn thất vọng.Xem thêm",114
1449,Trần Anh,13/11/2018 17:35,7.6,"Mỗi lần chọn quán cà phê thì quán này cũng hay nằm trong danh sách của mình, chỉ tiếc là có lúc mình đến quán trễ thì lại không có bàn, mà như vậy nhân viên cũng để cho mình ra về chứ không tìm cách nào khác. Mình nhớ hôm đến lần đầu cũng vậy, những lần sau cũng vậy, nếu là 1 quán khác sẽ có cách hay hơn là kêu mình ở lại đợi tí xem sao hoặc là cho mình vài cái ghế ngồi đợi cũng được.
Về phần không gian thì mình nghĩ buổi sáng nên ngồi phía ngoài trời, buổi tối nên ngồi bên trong phòng lạnh, phòng lạnh có không gian bàn dài cũng thích hợp để làm việc nhóm lắm, bên trong có lúc đang yên tỉnh thì có 1 số bạn chơi game mở loa ngoài nên cũng hơi phiền
Mình thấy nước uống của Le Café cũng ổn, giá ok mà pha chế cũng không tệ, quán hay mở nhạc nhẹ, máy lạnh cũng êm lắm. 
Mình thấy có lúc có vài mẫu của shop quần áo vào đây chụp hình nữa vì quán đẹp thật mà ^^Xem thêm",114
1450,Nguyễn  Thị Phương Dung,19/10/2018 8:07,8.0,"Ăn sáng hay cà phê ở Le cũng khá êm vì đa phần cuối tuần ngủ dậy trễ thành ra ghế quán ăn lun. Món ăn cũng đa dạng với cũng có nhìu món nước như hủ tiếu, bún hay ốp la, bò né này kia. Bún cá ăn thử thì thấy cũng tạm ổn, để trong nồi lun nên nước khá nóng chưa kể cũng giữ nhiệt tốt nữa. Dù ko chuyên món này nhưng mùi vị và nước soup nên vừa ăn ko đậm đà đặc trưng lắm thui. Có kèm theo đĩa rau mà chỉ có bắp chuối và rau đắng dù ko thích ăn mấy loại rau này lắm, phải chi thêm giá thì tốt cho mình hơn. Ngoài ra có ốp la chảo ăn cũng khá ổn lắm đợt trc đã ăn rồiXem thêm",114
1451,Ron Swift,13/10/2018 16:19,7.6,"Quán này hồi khai trương cũng hot lắm luôn nè, mặc dù chỉ là quán cafe sân vườn kết hợp phòng lạnh, điểm tâm bình thường thôi. 
Không gian chia ra nhiều phân khu rõ ràng, trời đẹp thì có thể ngồi ngoài sân vườn cho mát & sáng sủa, trưa nắng thì vào phòng lạnh ngồi, còn tối thì ngồi ngay khu gác gỗ nhìn ra view sân vườn. Thức uống không phải thế mạnh của quán, ly matcha mình uống hơi ngọt, với cảm giác ít matcha quá thành ra vị nhạt nhạt. Phần bò lúc lắc của mình hơi mặn, khét nữa.Xem thêm",114
1452,Nguyễn  Thị Phương Dung,6/9/2018 8:40,8.0,"Sáng ăn lành và thư giãn khi đến đã ở đây không gian mở, có cây xanh nước và rất mát nữa. Thích không gian mái che trong nhà hơn phòng lạnh hay bàn ngoài trời. Với buổi sáng cũng ko nóng bằng buổi trưa, còn có quạt lạnh nữa. 
   Bữa giờ uống trà xoài vì tươi trà trái cây dễ uống, giải khát nữa. Mà xoài thì có vẻ để tủ lạnh nên bị thâm, màu ko tươi lắm nhưng bảo quản tốt nên vị còn đc. Trà thì có lắc chung nên nó đục hơn trc đây mình uống chắc do đổi cách pha chế hay gì. Mà giá cũng ok 29kXem thêm",114
1453,Ron Swift,28/8/2018 14:57,7.2,"Le Cafe là một trong số ít những quán đáp ứng được nhiều tiêu chí của mình, bao gồm không gian sân vườn để thư giãn, hóng mát, hoặc khu phòng lạnh để học bài/ tiếp khách/ gặp bạn bè. Ngoài sân thì có hồ cá, nhiều cây xanh, tiểu cảnh nhưng bày trí khá gọn gàng chứ không bị lung tung, rối mắt. Đồ ăn cũng nhiều món lắm nha, nhưng theo cảm nhận của mình thì ko xuất sắc lắm, mọi thứ đều ở mức trung bình, duy chỉ bày trí, không gian quán là mình đánh giá cao.Xem thêm",114
1454,Trang Ngọc,19/8/2018 22:41,8.0,"Quán nằm trên đường Mậu Thân, quán cũng khá lớn, dọc theo hường chạy từ Mậu Thân sang cầu rạch ngỗng. Menu của quán cũng đa dạng, giá thì cao hơn các chỗ khác, nhưng bù lại không gian cực kì sang chảnh luôn. Tha hồ selfie sống ảo các kiểu. Tụi mình đi 3 người, gọi được ly trà đào, cafe đá xay và cam vắt :3 Mình thấy trà đào uống rất hợp khẩu vị, miếng đào cũng to, ăn nhai giòn giòn. Chỗ này tuu to tuy đông vậy nhưng cũng có không gian khá là yên tĩnh, nhạc nhẹ dễ chịu :3Xem thêm",114
1455,Phạm Trần Phương Trâm,18/8/2018 7:58,8.2,"Chỗ này giá cả khá cao hơn so với nhiều quán cafe bình thường , nhưng được cái không gian rất tuyệt luôn, mát mẻ, sạch sẽ. Nhân viên chuyên nghiệp dễ thương. Bên ngoài trang trí như kiểu đường phố thời ""cô ba sài gòn"" ấy :3 sống ảo là khỏi chê luôn nha. Mình đi uống cafe sáng nên kêu cafe sữa pha phin :3 sữa được để sẵn trong đáy ly luôn, còn cafe trong phin sẽ chảy xuống từ từ :3 Do cafe nước đầu từ phin nên cafe này đúng đậm, nguyên chất luôn. Giá thì tầm khoảng 2x. Nhưng nếu bạn nào không uống cafe đậm thì gọi nhiều sữa cho chắc ăn :3Xem thêm",114
1456,Trần Anh,14/8/2018 11:51,7.4,"Đối với bạn mình thì quán cà phê này là quán cà phê mang lại cảm giác như ở Đà Lạt vậy, có không gian cổ kính mà kết hợp vintage thành ra trời lạnh lạnh rồi phong cảnh nữa làm cứ tưởng đang thức dậy ở Đà Lạt không hà.
Thật thì mình thấy cách trang trí cũng tạm ổn, nhất là quán có không gian rộng nên thành ra nếu muốn ngồi ngoài trời hay phòng lạnh đều có nhiều sự lựa chọn hơn thôi. Bên trong phòng lạnh được trưng bày mấy món đồ cổ cũng cưng lắm.
Về phần nước uống và giá của nước thì mình thấy tạm chấp nhận được, về pha chế mình thấy hơi chậm, chắc do hôm mình đến đông khách quá hay sao đó mà ngồi đợi cũng tầm lâu mới có nước uống. 
Mình đánh giá là quán có tolet khá sạch, mà bên trong phòng lạnh cũng khá yên tĩnh, rất thích hợp để mang laptop ra ngồi làm việc ^^Xem thêm",114
1457,Thanh Dat Le Nguyen,5/7/2021 13:47,1.4,"Mình kêu 1 tô bún bò nhỏ để đầy đủ, mà lúc bưng ra thì không có khoanh heo.Mình cũng có hỏi bà chủ quán là sao tô của con không có để khoanh heo, thì chủ quán trả lời là nghe không rõ. Thôi kệ, đành bấm bụng ăn luôn, 1 lúc sau thì  bà chủ quán bưng ra tô khoanh heo, mà trong khi đó thì mình không có kêu thêm. Nhưng lúc tính tiền thì lại tính tiền thêm.
Từ khi biết đến chỗ này hay ghé đây ăn, nhưng từ đây về sau là bye luôn.Xem thêm",115
1458,Ngọc Tú,5/8/2019 10:41,6.8,"Nước dùng ngọt , ăn rất noXem thêm",115
1459,Ngọc Tú,30/5/2019 18:46,5.4,Tô đặc biệt này ăn đồ ăn thôi cũng no căng bụng . Mà cộng bún thì cộng bún thường chứ khôg phải cộng bún bòXem thêm,115
1460,Phúc Hoàng,29/11/2018 21:44,6.6,"Cùng với Huỳnh Châu thì đây là quán bún bò mình hay ăn nhất ở Cần Thơ nước dùng ngon ngọt, thịt nhiều, không gian sạch sẽ, mát, phục vụ nhanh, giá cả hơi cao nhưng tương xứng với chất lượng và danh tiếng của quánXem thêm",115
1461,Mon,18/11/2018 15:33,9.2,"Trời lạnh lạnh ghé quán kêu 1 tô đầy đủ có khoanh.
- Giá 45k...
Bao no và ngon ấm bụngXem thêm",115
1462,Ron Swift,28/10/2018 15:56,7.8,"Mình thích ăn bún bò lắm luôn, mà Cần Thơ thì chỉ có quán này là nổi tiếng bán xưa giờ, mấy quán nhỏ nhỏ thì mình không dám ăn vì sợ dở :))
Bún bò Vĩ Dạ thì giá hơi cao, hôm mình đi trời nắng quá nên mua về phòng ăn luôn, ở quán nóng quá nóng. Mình dặn chỉ để thịt thôi nên tô của mình nhìn hơi ít đồ ăn. Nước súp ở đây thì cực kỳ đậm đà, lúc mình tới mua thì quán đang vớt mấy cục sả bự ra nữa, hèng chi nước súp quá ngon.Xem thêm",115
1463,Thanh Hân,6/9/2018 17:25,8.4,"Mình về Cần Thơ mới đây, cũng đã thử nhiều quán bún bò rồi. Vì mình mê bún bò lắm lắm. Được bạn dẫn đi quán bún bò này là ưng liền, vị nước soup khá giống với vị ở Sài Gòn mình hay ăn, thơm mùi thơm đặc trưng của Huế, nhưng được biến tấu để phù hợp với hương vị của người dân Miền Tây. 

Mình cũng hông nhớ giá bao nhiêu, hình như 40-45k hay sao ý, thịt nạm bò nhiều, mềm, dai dai, miếng thịt còn chút gân nên ăn hoài không ngán. Nước dùng khá ổn, nêm thêm ít mắm ớt là bắt miệng liền. Mình chấm 9/10đXem thêm",115
1464,Trang Ngọc,14/8/2018 0:29,8.0,"Quán bún bò huế Vĩ Dạ cũng có tiếng ở Cần Thơ khá lâu rồi, lúc nào lại cũng thấy quán đông kín khách. Mình ăn hoài vẫn thấy ngon, không ngán. Dù giá cả có hơi cao 1 xíu nhưng bù lại chất lượng, nước dùng nấu ngon, đậm đà, rau ăn kèm sạch và tươi. Quán đông nhưng phục vụ tương đối nhanh, tận tình, free trà đá nữa. Mình thường ăn tô nhỏ, giá 40k thấy cũng no lắm rồi. Không gian cũng nhỏ thôi nhưng sạch sẽ. Quán cũng có bán các loại bánh Huế nữa.Xem thêm",115
1465,joavh,11/8/2018 22:49,8.8,"Cũng lâu rồi không ghé quán. Hôm sáng thứ 7 có dịp đi ngang và cơn thèm bún bò Vĩ Dạ thế là mình vào ăn..
Gọi 2 tô lớn chân giò heo đầy đủ. Nhìn thôi là đã thấy hấp dẫn rồi các bạn ơi. 
Một tô chừng 2 cái chân giò và 1 khoanh giò. Rồi chừng 5 miếng thịt nạc bò lớn. Nước ở đây ngon không chê vào đâu được vì nó ngọt của vị bò cùng với hương thơm của hành để ở trên. 
Mình thích nhất là chả quế. Ăn còn cho thêm 1 cây chả quế vào nữa bao ngon luôn. Điểm đặc biệt ở quán là không có tương ớt mà chỉ có tương đen. Mà tương.đen ở đây bạn biết không nó thơm ngon và có mùi vị lôi cuốn và kích thích vị giác kjnh khủng. Mình bị nó mê hoặc luôn rồi đó. Húp đến hết nước trog tô luôn. Lúc mới bưng tới lo ăn nên không có chụp nên ăn rồi mới chụp nè.
Quán có thêm cái quạt hơi nước lớn nên không gian mát hơn. Rồi có gắn tivi mghe nhạc ban sáng đúng chất huế luôn á.
Nói chung lâu lâu có cơ hội lại ăn xứng đáng đồng tiền bát gạo.Xem thêm",115
1466,Nam Tuan,27/7/2018 16:23,4.0,"Mua bán kiểu gì.mình mua về 180k cho có 1 bịt tương xay,xin thêm 2 bịt mặt quạo quá.các bạn có mua về,thì nói mua thêm 1 bịt tương xay nhe,không thôi bửa nào nó chửi cho 1 bửa.Xem thêm",115
1467,Vy,29/7/2020 18:17,8.6,"Nhiều đồ ăn có cả hột vịt lộn....,giá 35k, hấp dẫn và đông kháchXem thêm",116
1468,lâm vũ,26/1/2019 18:06,3.6,"lần đầu tới cần thơ muốn ăn bún mắm tìm trên foody thấy mọi ngừoi khen nên tới ăn thử, quán khá đông, nước lèo nấu rất nhạt ko rõ vị mắm gì cả, so với những quán m ăn ở sài gòn thì quán này m cho 4 điểmXem thêm",116
1469,Hoang Phuong Do,7/12/2018 21:51,8.0,"Ghiền bún mắm ở đây lắm mà tại ngược đường ngược lối nên cũng ít khi nào có dịp vào đây ăn lắm. 
Bún mắm ở đây có tiếng ai cũng biết rồi, chắc bán cũng hơn chục năm rồi hé. Nhớ hồi nhỏ được mẹ dắt đi ăn ở đây nè.
Tô bún chất lượng lắm nha, nhiều bún nhiều rau lẫn nhiều thịt. Rau dân giả đủ thứ loại, còn có cả bông điên điển nữa nè. Nước dùng vừa phải, đậm đà không quá nồng mùi mắm. Giá thì 25 nghìn một tô, cũng khá là hợp lý luôn rồi nè.Xem thêm",116
1470,Phúc Hoàng,27/11/2018 17:32,7.0,"Quán này quá nổi tiếng ở CT rồi, vị trí dễ tìm, khách đông nghẹt nhưng phục vụ nhanh. Hồi mấy năm trước 1 tô rất chất lượng, đồ ăn nhiều, nhưng giờ mình thấy ăn 1 tô cũng chưa thấm vì đồ ăn ít hơn trước nhiều ( cũng dễ hiểu vì vật giá leo thang mà), nước lèo cảm giác không ngon như trước nữaXem thêm",116
1471,Hoang Phuong Do,9/11/2018 20:48,8.0,"Chắc mọi ngưòi cũng đã quen với quán này lắm rồi há. Chắc quán cũng chục naqm hơn rồi nhỉ, ăn từ thời còn bé xíu xiu được mẹ dẫn ra đây ăn nè.
- về không gian: quán rộng rãi lắm luôn nè. Quá xá bàn ghế nên chẳng sợ hết bàn đâu. Có điều là quán có phần hơi nóng xíu. Bãi xe rộng rãi. 
- về món ăn: úi cha cha tô bún hấp dẫn dễ sợ chưa nè. Nước dùng thơm, đậm đà. Rau là đầy ấp và tươi rói luôn. Thịt nhiều nữa chứ. Ăn một tô là no cả nửa ngày rồi. 
Thấy quán đông thế chứ làm đồ ăn siêu nhanh luôn nha.Xem thêm",116
1472,Hoang Phuong Do,14/10/2018 20:30,7.8,"Ai ghiền món bún mắm thì chớ nên bỏ qua quán này nha, siêu siêu ngon luôn nè.
- về không gian: quán rộng rãi, mát mẻ, nhìn chung cũng khá sạch sẽ. Nhiều bàn ghế nên cũng không sợ hết bàn. Bãi xe rộng rãi thoải mái.
- về món ăn: tô bún đầy đủ có cả trứng vịt lộn chỉ 25 nghìn. Vị bún đậm đà, không quá nồng mùi mắm. Thịt heo quay miếng dày và to. Cá đã được gỡ sẵn, miếng cá to. Rau khá nhiều, còn có cả bông điên điển, hấp dẫn lắm nha. Ngoài ra có bán nước sâm.
- về phục vụ: phục vụ nhanh nhẹnXem thêm",116
1473,Mỹ Linh Nguyễn,11/10/2018 22:29,7.4,"Bún Mắm 173 
Đối với sinh viên năm nhất ở Cà Mau mới lên thì món bún mắm này khá là lạ với em 😂
Ở dưới toàn ăn bún mắm có thịt cá thôi, lên Cần Thơ gặp tô này em há hốc mồm 3s mới bắt đầu ăn 😂 

Bún mắm có thịt quay, hột vịt lộn, chả cá và một đống rau, hơi ít bún 

Giá một tô như vầy là 30k 

Em là đứa không thích ăn rau, mà tô này nhiều rau nên cũng hơi ba chấm với em 🤣  Toàn lựa đồ ăn với bún ăn không, đống rau còn nguyên kkkXem thêm",116
1474,Trần Anh,28/9/2018 13:54,7.6,"Ai cũng nói ở Cần Thơ có nhiều quán bún mắm lắm nhưng mình lại lười phải lên tìm quán mới nên thành ra hễ đi ăn bún mắm thì cứ ghé đây thôi, hy vọng sắp tới mình sẽ tìm được 1 quán bún mắm mới ngon và giá cũng ok như ở đây.
Quán này mình chấm phần không gian nhất, vì rộng rãi và nhất là chỗ để xe, thoải mái lắm luôn, 1 tô bún mắm cũng có khá nhiều topping chẵng hạn như thịt heo quay, cá lóc, chả, bla bla.. Đặc biệt ở đây có các loại rau mình không thích ăn, mà mỗi lần cho dù mình có dặn đừng để rau đó thì quán cũng quên hà, thành ra nhiều khi mình gọi đại rồi đem ra thì đưa qua cho tô của bạn mình!
Chả trong bún mắm ở đây ngon, chiên khô ráo không dầu mỡ lắm, nước soup của bún nóng, mà vừa ăn, nếu thêm nước mắm nữa là mặn, mình đã thêm 2 trái hạnh mà vẫn thấy còn mặn.
Mỗi lần đến đay ăn bạn mình đòi phải thêm hột vịt lộn mà mình thấy hơi kì kì nên chả bao giờ kêu thêm ^^Xem thêm",116
1475,Hà Leng,7/8/2018 11:08,6.4,"📍 Quán bún mắm khá nổi tiếng ở Cần Thơ, nằm mặt tiền đường dễ tìm. Gửi xe trước quán.
Không gian bên trong cũng rộng rãi. Ngồi bàn ghế thấp nhé.
Tuy nhiên là rác hơi nhiều do không được trang bị thùng rác. 🙄

🍽 Ở đây có 2 loại là tô bình thường và tô có hột vịt lộn nha.
Tô bình thường thì có thịt quay, thịt cá và nhiều chả cá )))) Bún mắm ở đây k có mực, tôm, cà tím như bình thường mình ăn 🙄 Hôm mình đi ăn tầm 8h30, không biết có phải do quán bán hết rồi hay không nữa.
Nước lèo cũng k có nhiều mùi mắm, ăn ban đầu không thấy gì, nhưng ăn về sau thì mặn lắm luôn.
Rau ăn kèm có bông điên điển, rau đắng, nhiều giá, rau muống bào, cây súng trộn lẫn với nhau.
Nói chung mình ăn k thấy ngon ...

💰 Giá 30k/tô như hình.
Nhân viên bình thườngXem thêm",116
1476,Kiều  Trần,6/8/2018 20:53,7.2,Quán 173 ăn vài lần... bạn khen ngon vi đậm đà 1 tô 30k đặc biệt.. rau tứ tung... không gian rộng thóang.. quán đông nhưng pv rất nhanh. Có nc trà free hoặc order nc sâm và nc mía tùy thích..pv vui vẻXem thêm,116
1477,foodee_a87f7d9e,4/9/2022 19:46,7.2,Có sâm dừa hạt đác kh vâyXem thêm,117
1478,Trúc Mai Dương,24/4/2019 14:05,10,"- Sâm Dừa 
- Sâm Dừa Bạc HàXem thêm",117
1479,Nguyễn Thị Thu Huyền,3/12/2018 20:26,7.0,"Sâm dừa 10k, chỉ 10k nè nhe
Ngon ngọt nhẹ. mát lạnh luôn á nha
Dừa non vừa ăn nên k có quá khô đâu,
UỐng mát lạnh, đã lắmXem thêm",117
1480,Thế Tuấn,9/11/2018 13:11,8.6,"Đặc sản Cần Thơ - Sâm dừa Bà Sáu
Theo mình biết thì xe sâm của ông và bà có từ rất lâu  rồi, mình cũng có dịp uống nhiều lần nhưng hôm nay mới có thể viết review. Xe sâm nhỏ ở cổng nhỏ của nhà văn hóa thiếu nhi cạnh trường tiểu học Lê Quý Đôn. Tuy chỉ là một chiếc xe nhỏ đơn sơ nhưng lại rất đắc khách mua. Thường buổi trưa tầm 11 - 12h là khách rất đông và mình chờ lâu mới có nước, một phần do ông bà lớn tuổi là điều khó tránh. Về nước thì ly của mình là 10.000  nhưng cực kì ngon, có cả cái dừa và nếu ai kh ăn cái dừa thì nói bà, bà sẽ để hạt ê vào thay. Nếu ai chưa uống thì nên uống thử 1 lần trong đờiXem thêm",117
1481,Thanh Tran,24/10/2018 22:39,7.2,"Mình không phải mối ruột của sâm dừa nhưng lâu lâu vẫn uống vì ngon mà, nhưng sâm dừa bà sáu thì mới uống nha, chủ nhật không phải bà bán, uống chả ngon. Cùng chỗ nhưng cuối tuần có người khác ra bán á.Xem thêm",117
1482,Hoàng Huy,21/10/2018 14:24,8.0,"Cuối tuần mình hay chạy qua quán này để mua sâm dừa uống lắm nhe, trời trưa mà uống miếng sâm dừa cái ta nói mát trong người dễ sợ luôn ấy, mình mua 2 ly sâm dừa giá cả chỉ có 10k 1 ly thôi à cực ky hợp túi tiền luôn ấy chứ, sâm dừa có thêm hột é và vài ba miếng cái dừa để ăn kèm nữa nhe, thấy ngon cực kỳ luôn ấy, ly nước cũng khá là to và nhiều nước nhe, có điều ở quán bán cũng tùy hôm lắm nên mình đi buổi trưa tới chiều mới thấy bánXem thêm",117
1483,Thịnh Tống,31/8/2018 19:10,9.0,"Sâm dừa ở đây siêu nổi tiếng, đặc sản ở Cần Thơ, người Cần Thơ chắc hẳn ai ai cũng biết rồi. Sâm dừa ở đây siêu ngon, ngọt vừa phải, và thơm nhẹ. Hai ông bà cũng rất hiền, vì đã lớn tuổi rồi nên đôi lúc làm cũng hơi chậm một tí, mình đi tầm 11h30 lúc đó khách cũng khá đông nhưnh cũng cở 5 phút là có được ly sâm siêu ngon rồi. À còn có một cái bình mà ong bay xung quanh mình cũng kh biết là bình gì. Có dịp quay lại sẽ hỏi ông bà. Nhưng chắc chắn sẽ quay lại.Xem thêm",117
1484,Thaongcha,17/8/2018 0:03,8.8,"Nghe tên sâm dừa mình cứ nghĩ là nước sâm bỏ thêm cơm dừa vào ko có gì đặc sắc nên cũng ko muốn thử cho lắm. Nhưng mà sau khi đã thử rồi thì mình phải nói là toẹt vời. Sâm dừa ko chỉ có nước sâm mà còn có cả nước dừa và cơm dừa. Vị ngọt thanh, lạ. Cơm dừa non, mềm ko bị cứng. Uống 1 ly lại muốn uống ly thứ 2. Thích hợp uống lúc trời nắng cũng như trời mưa 😂. Điều làm mình tiếc nhất là ko mang món này về Sài Gòn được mà lại uống lúc sắp về mà còn vừa mới ăn no nứt bụng. Tiếc quá là tiếc. Nhưng sẽ thử món này mỗi khi tới Cần Thơ 👍👍👍Xem thêm",117
1485,Trang Ngọc,10/8/2018 22:23,8.4,"Món nước uống quen thuộc của tuổi thơ là đây :3 Bây giờ đi làm ban ngày rồi, lại làm xa trung tâm nên mình ít có dịp ghé mua uống như hồi trước. Lâu lâu trưa có về sẽ tạt ngang mua 1 ly đem về, thường thì mình không để hột é. Sâm dừa 1 ly 10k nhưng ly khá nhiều, có cả cái dừa nữa, uống thanh mát lắm. Sợ ngọt thì để tan đá xíu nữa uống là ok. Xe này dạo gần đây ít thấy cô chú lớn tuổi bán nên thấy thiếu thiếu, dù vẫn hương vị ngày xưa.Xem thêm",117
1486,Trần Anh,13/7/2018 8:49,7.2,"Nhớ hồi đó cô chú của sâm dừa nổi tiếng này là 2 người lớn tuổi, bán sau lưng cái mái che đợi xe buýt của trường tiểu học Lê Quý Đôn. Mình nhớ lâu lắm rồi, lúc đó mỗi lần uống còn vài cái ghế để ngồi nhâm nhi cùng bạn bè.
Sau này sâm dừa được nhiều người biết đến hơn, và 2 cô chú đó cũng dời vào phía trong nhà văn hóa thiếu nhi để bán, xe sâm dừa cũng mới hơn trước và giá của sâm dừa cũng thay đổi. Từ 2k đến 5k rồi bây giờ là 1 ly 10k. 
Mà sau này mình ghé mua không gặp 2 cô chú nữa mà là cái chị nào bán đó, có 1 thời gian mình uống thấy sâm dừa ngọt gắt quá nên không uống nữa, gần đây mới mua lại mình thấy ổn hơn, ly sâm dừa cũng nhiều, cái dừa cũng ngon. Trời nắng gắt mua xong uống là thấy mát mẻ hẳn. 
Và mình cũng phát hiện là sâm dừa có mặt trên cả now ^^Xem thêm",117
1487,Tien,6/4/2020 14:07,8.2,Bánh ngon và vừa ăn lắm luôn á. Bạn bán bánh cũng dễ thương nữa. Chất lượng và phục vụ đều tốt. Mọi người ai chưa ăn thì ăn thử nha. Sẽ ko thất vọng đâu nè.Xem thêm,118
1488,Hoàng Nhi,9/7/2019 20:04,7.8,"Bánh bông lan ở tiệm cô Vân lúc nào cũng ú ụ như cái tên ""Tiệm Bánh Cô Vân Ú"" vậy đó. Ở Cần Thơ mà nghe ai đó nhắc về bánh bông lan hay bông lan trứng muối là mình luôn nghĩ ngay đến tiệm cô Vân Ú đầu tiên. Bánh bông lan thì mềm, các loại sốt ngọt vừa lại beo béo ăn cực kì ngon mà giá lại rất ok luôn. Ví dụ như 1 ổ bông lan 3 sốt (mini - 35k) thôi là no căng bụng rồi. Bạn nào ăn ít thì 2 người 1 ổ bánh còn được.Xem thêm",118
1489,Lợi Nguyễn,30/1/2019 12:00,9.0,"Bánh phô mai trân châu -> bánh thơm, cốt bánh mềm, phô mai béo béo hình như làm từ phô mai con bò cười, trân châu mềm mềm, dai dai -> chất lượng đáng để thửXem thêm",118
1490,Lợi Nguyễn,20/1/2019 11:01,9.6,"Tiệm bánh ở đường Nguyễn Thị Minh Khai, đi đường bên hong chợ Xuân Khánh chạy qua cầu một chút nhìn bên phải là thấy. Đây là món bánh bông lan 3 sốt khô bò ngay dịp km nên chỉ 20k/1 bé.
Phải nói là bánh ở Cô Vân Ú thật sự ngon. Bánh bông lan mềm mịn, cực thơm. Sốt phô mai mặn mặn, béo béo kết hợp với sốt bơ ngọt ngọt và sốt trứng muối mặn nhưng vẫn lẫn vị béo rồi thêm vài miếng khô bò, tuyệt vời luôn mọi người ơi. Ai muốn tăng cân hay hảo ngọt thì đừng bỏ lỡ nhé ^^Xem thêm",118
1491,Vanessa Ngân,18/12/2018 16:19,8.2,Hôm nay khuyến mãi nên mua về ăn thử . Bánh mềm có vị ngọt nhẹ ăn chung với sốt mằn mặn bao ghiền luôn :-3Xem thêm,118
1492,SonThanhNgan,18/12/2018 13:17,7.6,"Hôm nay mình mua một ổ bánh ngay dịp khuyến mãi nên giá chỉ có 59k tính luôn cả tiền ship. Anh shiper giao hàng khá nhanh và dễ thương. Nghe tiếng bánh tiệm Cô Vân Ú ngon lâu rồi nhưng h mới được ăn. Sốt phô mai bánh béo béo, mặn mặn dễ ăn vô cùng, còn sốt trứng muối thì vừa thơm lại béo đúng vị. Sốt kết hợp với bánh bông mềm mịn thì quá tuyệt vời. Mua ăn lần một thì sẽ mua thêm lần hai và lần n nữa ạ!!! Bánh quá ngon.Xem thêm",118
1493,Phạm Trần Phương Trâm,12/12/2018 13:03,9.4,"Lâu rồi mới ăn lại chỗ này á. Từ lúc mà dời địa điểm qua bên này thì đây là lần đầu tiên mình mua của tiệm về ăn. Tiệm mới dời lại đường Nguyễn Thị Minh Khai, kế bên là một chỗ bán đồ đi phượt nên cũng dễ tìm. Hiện tại quán đang kinh doanh chung với một quán cà phê nên có cả chỗ cho khách có thể ngồi lại ăn nữa :3. Như hình là một cái bánh ổ chữ nhật 3 sốt của quán. Vẫn hương vị ngày bánh rất mịn và thơm, mình thích nhất là sốt phô mai ăn chung với bánh bông lan cực ngon luôn. Phần như hình có giá 83k á.Xem thêm",118
1494,thạch,9/12/2018 17:48,8.6,Delivery bán 38 mua tại chỗ có 35Xem thêm,118
1495,Nguyễn Thị Thu Huyền,3/12/2018 20:37,7.0,"Bánh nhà cô vân ú là đây
Sốt tràn ngập luôn.
Phô mai bự chảng để kèm
4 loại sốt cho bạn thưởng thức
Giá hấp dẫn nữa men ơi
Ú theo bánh luônXem thêm",118
1496,Winter Phan,27/11/2018 14:34,6.0,"Hôm nay KM nên nhà mình đặt Vân 1 ổ 3 sốt, 1 ổ khô bò. Hương vị vẫn ngon, bánh còn mềm mịn hơn mọi khi luôn, nhưng 2 ổ giống nhau quá, ko có 1 nhúm khô bò để phân biệt như mọi khi, tuy là có khô bò bên dưới bánh nhưng có vẻ không nhiều như mọi khi mình mua ko có KM. :(( 
Mong Vân khắc phục chỗ này là okay, nếu mình ko mua nửa chỉ là mình mập quá ko mua chứ không phải bánh không ngon hihiXem thêm",118
1497,Thịnh Tống,27/10/2018 18:06,10,"Tiệm bánh Cô Vân Ú đã quá nổi tiếng với mọi người rồi mà đến bây giờ mình mới có dịp thử. 
Lúc đầu mình tính mua bánh trân châu cơ nhưng mà bánh hot quá nên hết sạch trơn rồi nên mình mua bé bánh này. Bánh có giá là 35.000 gồm 3 loại sốt, bánh cũng có tên là bánh  bông lan 3 sốt luôn. Ba loại sốt đều có vị đặc trưng riêng, béo nhẹ, ngọt nhẹ, thơm và rất nhiều sốt, không hề ngấy. Cốt bánh bông lan cũng rất mềm nữa. Bánh không thích hợp cho các bạn giảm cân đâu nha, ăn vô là ghiền luôn đó, điển hình là mình đây :<Xem thêm",118
1498,Rachel Smith,17/8/2021 22:24,8.0,"Đừng ai dại dột xa vào mê hồn trận như tui....

Ăn là ghiền, rồi biết bao giờ ốm đc.😂Xem thêm",118
1499,Tín Trần Đình,30/1/2019 17:52,8.6,"Quán làm đồ ăn rất ngon, nóng giòn, thịt có độ mềm vừa phải, nói chung là mọi thứ đều rất tuyệtXem thêm",119
1500,Trần Anh,12/12/2018 23:15,7.8,"Mình ghé đây ăn lúc tối nay, quán này có vẻ vắng hơn so với những chi nhánh khác mà bù lại quán có không gian ngồi cũng êm lắm, đặc biệt là lần này mình vào quán thì được nhân viên ra dọn bàn và hỏi ngay là mình gọi món gì. Mình gọi 1 phần ốp la 5 món nhưng không lấy trứng, vì do ngán trứng nên không muốn lấy trứng. Với 1 phần né số 2.
Theo mình thì những chi nhánh bò né củ 3 ngon có 1 đặc điểm chung đó là quá nhiều dầu mỡ, ăn xong mình cảm thấy khó tiêu lắm, nhưng bánh mì lúc nào cũng ngon, nóng giòn cầm muốn bỏng tay.
Mình thấy chả với xúc xích ăn tạm, mà bò ở đây mềm lắm, thịt bò ướp rất đậm đà! Rau trộn hơi ít phải nói là quá ít luôn đó nhưng trộn ngon. Ăn sẽ đỡ gây ngán hơn nhiều.
Quán có cho free 2 ly pepsi nữa! Không gian thoáng mát không rộng nhưng không nóng lắm!Xem thêm",119
1501,Hoàng Huy,14/9/2018 11:20,8.0,"Hôm rồi có chạy qua quán này để ăn sáng rồi mới chạy đi học nhe, menu quán cũng thấy đa dạng lắm luôn ấy, đồ ăn nhiều lắm nhe, giá cả cũng tùy phần nữa nên cũng dễ dàng lựa chọn lắm luôn ấy, không gian quán mình thấy cũng nhiều bàn ghế lắm luôn nhe, nhân viên làm món cũng mau lẹ lắm mình gọi 1 phần bò né số 2 để ăn, mình thấy phần này là đầy đủ món nhất luôn ấy nên ăn ngon mà nhiều lắm luôn ấy nhe, bánh mì mềm ngon mà lại nóng hỏi luôn ấyXem thêm",119
1502,Phạm Trần Phương Trâm,8/9/2018 22:07,8.8,"Lâu lâu thèm bò né thì 3 ngon cũng là 1 lựa chọn hoàn hảo nhe. Mình đi 2 người, gọi 2 phần né 1, gồm bò, trứng và pate, nhưng bạn mình không ăn pate gan nên chỉ có trứng và bò thôi :3 mỗi phần sẽ được tặng free ly pepsi, chắc được khui để sẵn đêm ga không nhiều, uống lợ lợ. Điểm cộng cho quán là bánh mì nóng hổi, giòn, ăn chung với bò né thì ngon khỏi chê. Bò cũng được không đến nổi bò vụn như nhiều chỗ. Rau trộn giấm vừa ăn. Phần như hình mỗi phần 25k :3Xem thêm",119
1503,Hà Leng,27/8/2018 21:46,6.8,"📍Quán mở cả ngày, từ sáng tới tối luôn.
Mặt tiền dễ tìm, chỗ ngồi cũng vừa phải k nhiều. 
Không gian nóng, dễ bị ám mùi đồ ăn lắm luônnnn 😒 

🍽 Phần mình gọi là phần số 2. 
Gồm có thịt bò, trứng ốp la, pate, chả lụa, xúc xích, ... kèm luôn bánh mì, salad và nước ngọt nữa.
Mình có ăn hệ thống này trên SG rồi, và chỗ này ở CT cũng k khác là mấy. Nói túm lại là ăn được.

💰 Giá 35k, ăn cũng no
Nhân viên bình thườngXem thêm",119
1504,Thy Lý,28/7/2018 16:15,7.8,😍Xem thêm,119
1505,Văn Vy,22/7/2018 23:18,8.6,"Đây là lần thứ 2 mình đi ăn bò né 3 ngon ở đường 30/4. Lần này thì mình ăn phần bò né quanh lửa hồng, mình thấy cũng không khác gì phần beefsteak hoàng gia lần trước mình ăn, có cái phần này là bò né nên thịt được cắt nhỏ ra. Mình cực thích ăn pate của quán luôn, quá ngon. Thịt bò thì cực mềm, rất vừa miệng. Lần nào chạy ngang quán cũng ngửi được mùi thơm nực nồng hết. Điểm trừ là phần nước ngọt tặng kèm ít ga quá, mình thấy như kiểu bị pha với nước.Xem thêm",119
1506,Văn Vy,14/7/2018 22:42,9.0,"Lần đầu tiên đi ăn thử bò né ở 3 Ngon. Đó mình chạy ngang thấy đông quá tính ăn thử mà giờ mới có cơ hội, quán có nhiều chi nhánh ở Cần Thơ lắm. Hôm nay mình ăn thử beefsteak hoàng gia 55 nghìn, quá ngon luôn, lúc đem món ra còn sôi ùng ục, có tận 2 trứng, pate rất ngon, beefsteak mềm, vừa ăn, có cái thịt xông khói mình không thích cho lắm. Bạn mình thì ăn phần bò né 2 37 nghìn cũng khá ngon. Nói chung mình thấy giá cả hợp lý, ăn no nóc luôn. Còn có thêm 2 phần salad trộn để ăn kèm, chua chua rất ngon. Hôm nay quán còn có chương trình tặng kèm nước ngọt nữa. Điểm trừ nho nhỏ của mình là quán không có tương cà còn lại thì quá tuyệt vời, đồ ăn quá ngon.Xem thêm",119
1507,Trần Anh,25/6/2018 13:51,7.8,"Đây là lần đầu mình thử bên chi nhánh này, quán nằm gần trà sữa Yuly, nếu đi từ hướng Trần Văn Hoài qua thì quán nằm bên tay phải luôn. Quán có không gian đẹp hơn bên chi nhánh MT mà mình thấy quán có vẻ nhỏ hơn. Có chỗ giữ xe cũng rộng lắm. 
Mình ăn bò né với có gọi thêm 1 phần xúc xích, mình thấy cũng giống hệt nhau hà chỉ có đều khác ở chỗ quán này sử dụng nước tương với loại tương ớt khác, mà bên này lại cũng không có tương cà nên chỉ có tương ớt thôi, tương ớt lại có vẻ hơi bị cay. 1 phần như vậy cũng được tặng nước ngọt kèm rau, mà quán này nhân viên hơi lơ là với khách. Mình vô ngồi đợi cũng tầm chừng 15p rồi thì nhân viên mới lại hỏi gọi món, trong khi quán cũng đâu có đông lắm đâu!Xem thêm",119
1508,Da  Beo,1/6/2018 9:02,7.4,"Bò né 3 ngon là ngon nhất trong những chỗ bán bò mình từng ăn. Hồi đó kiểu mê ăn beefsteak cực kì luôn, nhưng mà từ lúc ăn bò né cái hết mê beefsteak chuyển qua mê bò né (dù thực ra cũng ko liên quan lắm). Bò né 3 ngon làm rất đậm đà, thường mình chỉ ăn kèm tương ớt chứ ko thêm nước tương nữa đã đủ ngon để chấm kèm bánh mì, bánh mì đặc ruột có phần vỏ giòn. Salad trộn chua ngọt ngon. Mỗi khách đều được free 1 coca uống kèm giải khát.Xem thêm",119
1509,Kiet,13/1/2022 0:48,1.0,"quán này nhân viên có một người nói giọng Bắc nói giá tiền phải đưa cái mồm vô lổ tai khách hét lớn, rất chi là ấn tượng!

tệXem thêm",119
1510,Mỹ,7/3/2019 21:44,7.0,"Gọi 2 Né 2, mọi thứ đều ổn trừ nem, tệ kinh khủng ○Xem thêm",119
1511,lenhat0812,13/2/2019 13:54,10,"3 ngon ở đây chuẩn 3 ngon luôn, đồ ăn ra nhanh phục vụ thì nhiệt tình, đã thử nhiều quán thấy ở đây là ngon nhất luôn, vị vừa miệng ai ăn đậm có thể thêm nước tương cho ngon hơn, ủng hộ quán dài dàiXem thêm",119
1512,An No,4/1/2019 16:22,3.4,I ate in this place a few times. First two times everything was fine. But last time I got food poisoning. I had bad stomachache and fever for the whole day. I guess products weren’t fresh.Xem thêm,119
1513,Tambourine Tim,30/11/2018 21:36,6.6,"Nếu mọi người cho rằng chuỗi cửa hàng thương hiệu nhượng quyền chắc chắn có chất lượng thức ăn y như nhau thì không hẳn nhé. Mình đã ăn ở 3 ngon đường 30/4 rất nhiều lần và rất thích. Nhưng nay ghé bên Mậu Thân thì ko ưng lắm. Đây là phần bò số 1 không trứng, đem ra là mình thấy ít hơn hẳn so với bên 30/4, cả về bò và pate luôn. Về hương vị thì ok, tuy nhiên vẫn có cảm giác ko bằng bên 30/4. Được 1 điểm hơn là ở đây có thêm tương cà.Xem thêm",119
1514,Trần Anh,7/10/2018 18:13,7.6,"Mình hay đến đây ăn vào tầm chiều tối, quán này hình như đang thiếu nhân sự hay sao đó thấy người đứng làm món là 1 cô lớn tuổi, và phục vụ chỉ có 1 bạn nữ hà. Mà quán cũng đông nên mình thấy đợi khá lâu mới có đồ ăn. Thường đến đây mình hay gọi bò né rồi có thêm xúc xích, mà mình để ý là bò né ở đây nêm nếm vừa ăn nhưng nếu thêm nước tương nữa là sẽ thành mặn, bánh mì thì lúc nào cũng nóng giòn hết mà bánh mì đặc ruột khá thơm và ngon. 
Rau được trộn với giấm mà vị rau trộn chưa tới lắm, còn thiếu thiếu gì đó, vị rau trộn có vị chua chiếm nhiều hơn vị ngọt thành ra rau mà ăn với bò né còn đỡ chứ ăn không là chua lắm luôn đó. Mỗi 1 phần lúc nào cũng được free nước ngọt hết nên không gọi nước thêm cũng được!Xem thêm",119
1515,Nguyễn  Thị Phương Dung,6/10/2018 0:32,7.4,"Cũng rất lâu mới ghé ăn lại bò né ở đây, tính ra cũng còn thích món bò vì khá vừa ăn và cũng được lắm dù thịt bò thật sự không được nguyên miếng và độ dai. Nhưng bò vẫn đảm bảo tươi, mềm vì miếng bò cắt nhỏ nên việc lấy dao cắt gần như ko có làm mà sài nĩa là chủ yếu. Được cái là vào quán đem ra sẵn sẽ là nước ngọt, rau trộn và bánh mì bơ đã đc nướng nóng. 
   Còn khi đem bò ra thì bò nóng hổi, sốt sôi xèo xèo, trường thì chín tới, bò thì chín tới. Bánh mì chấm sốt là ngon và cũng khá no vs phần ăn nàyXem thêm",119
1516,Hoàng Huy,14/9/2018 11:25,8.0,"Bò nó của chổ này ăn ngon lắm nhe, đồ ăn cũng nhiều lắm ấy, mình đi với đứa bạn nên gọi 2 phần bò né số 2 để ăn, phần bánh mì của quán ăn ngon lắm nhe, vỏ bánh mềm và ngon lắm, ăn bò né còn được 1 ly nước ngọt miễn phí nữa nhe, rau trộn của quán ăn nhiều lắm ấy, bò nhiều nữa nhe, có điều quán hơi nóng tý do không được nhiều quạt cho lắm bàn ghế cũng khá là sạch sẽ nhe, nên mình ưng ý mấy quán bò né ba ngon lắm luônXem thêm",119
1517,Hoang Phuong Do,14/6/2018 22:23,7.2,"Tối tiện đuoengf chạy ngang đây mà cũng sẵn bụng đói nên thôi kéo dô ăn luôn.
- về không gian: nhìn chung quán cũng rộng nhưng không bằng những chi nhánh khác, nhưng cũng đủ lớn và thoáng mát.
- về món ăn: thấy chổ nào cũng như nhau, bánh mì thì nóng giòn rụm luôn, rau ăn kèm thì trộng chua chua dễ ăn. Phần bánh mì thì được free pepsi. Phần ăn đó đủ làm một bữa tối no nê. Giá thì hợp lý luôn, có 18k à. 
- về phục vụ: ra món nahnh, làm nhanh và vui vẻXem thêm",119
1518,Trần Anh,5/6/2018 14:03,7.8,"Mình thấy bò né 3 Ngon tuy là giá có hơi cao so với nhiều quán thật, nếu muốn ăn đầy đủ hết các món thì ít nhất 1 phần cũng là 30 hoặc 35k, mà mình chỉ thích đại loại như trứng, thịt bò, xúc xích thôi chứ chả với nem nướng thì mình cũng không ưng cho lắm. Mà mình thấy bò né 3 ngon có 1 đặc điểm khác với các quán khác là khi gọi rau thêm cũng tính thêm 3 hoặc 5k, còn có những chỗ là free rau thêm luôn ấy, mà rau ở đây trộn xà lách ngon thôi chứ cà rốt thì mình thấy không hợp cho lắm.
Về phần mình chấm xuất sắc nhất chắc là bánh mì của quán, bánh mì nóng giòn mà do quán có chuẩn bị sẵn chỗ để hâm nóng bánh mì lại nữa. 
Thịt bò được ướp vị rất vừa ăn, với có pate gan ăn cũng ổn lắm, được free coca cola với lại 1 ăn phần như vầy là no nóc luôn đó ^^Xem thêm",119
1519,Trang Nguyen,19/2/2020 21:56,7.4,"Bữa trưa đầu tiên của hai vợ chồng ở Cần Thơ 😍

Từ đầu hẻm đi sâu vào 1 chút (qua quán Thành Giao nha các bạn), bữa nay mình đi quán vắng lắm, có mỗi 1 gia đình đang ngồi

Phải công nhận thịt vịt được nấu rất mềm, dày thịt và thấm gia vị. Mấy món ăn kèm có váng đậu, đậu rán miếng, nấm  được chuẩn bị sẵn mình thấy chưa ưng lắm vì cảm giác không tươi. Nước chao nhúng rau muống ăn siêu cuốn

Trưa nóng ăn món này hơi cực nhưng ngon thì biết làm sao. Hai đứa no lặc lè gọi thêm 2 lon coca hết 245kXem thêm",120
1520,Bup,9/5/2019 13:03,6.0,"Lẩu vịt nấu chao có giá 120k và 150k và ..... giá món lẩu bán không kèm theo bún, chĩ có rau (những nới mình đã từng ăn là có kem theo bún) mà ở quán này phải mua thêm. 
Khi kêu vịt nấu chao nhân viên sẽ đem ra cái lẩu và rau, và kèm thêm dĩa bún, 4 gói mì tôm, tàu hủ, bắp non, núm,.... khách lạ vô không biết mà dùng những dĩa đó là tính 15k. Còn nếu không ăn thì không tính tiền dĩa đó.Xem thêm",120
1521,Trang Ngọc,12/11/2018 11:05,8.4,"Cũng khá lâu rồi mình mới ghé lại quán Cẩm Tú này. Phải nói dù không ghé lâu nhưng ăn lại vẫn thấy ngon, đậm đà, đồ ăn cũng nhiều nữa. Mình thích nhất quán này trong mấy quán bán Vịt nấu chao do phục vụ tốt và nêm nếm rất vừa miệng. Rau tươi xanh luôn. Không gian quán có sửa chữa lại so với lúc mình ghé cách đây chừng 1 năm. Lần này mình chọn đi ăn tầm giữa trưa nên quán không đông lắm, ăn uống khá thoải mái. Quán chuẩn bị món ăn cũng nhanh nữa.Xem thêm",120
1522,Nguyễn  Thị Phương Dung,16/9/2018 14:21,7.4,"Bữa đi ăn đông cũng hơn 20 người mà lại lúc gần 10h đem nữa chứ mà quán vẫn còn bán và ko thấy chuẩn bị dọn dẹp gì hết. Chắc quán bán khuya đc á, mà đồ ăn đem ra mau như mấy món kèm bún, mì, tàu hủ, bắp này kia... Còn chén thì lần nào cũng chậm và đem ra gần như là sau cùng, và cái rổ rau. Vịt nấu chao quán này làm vịt màu cũng đỏ nâu theo mà vịt rất nhiều, thịt chủ yếu nhất là mỗi nồi lẩu cũng có 2 cáu đùi hết á. Ít khi nào thấy đầu cổ xương mà chủ yếu là phần nhiều thịt à. Mà thích nhất là lẩu có tàu hủ ki, khoai ngon lắmXem thêm",120
1523,Ron Swift,19/8/2018 12:13,7.8,"Vịt nấu chao thì mình ăn nhiều nhất ở quán này, trong cùng hẻm 1 Lý Tự Trọng thì có tới 2 chi nhánh của quán lận, chỗ nào đông hơn thì mình chạy qua chỗ còn lại ăn cho thoải mái. Không gian trong nhà mà lại là quán lẩu, không có máy lạnh thành ra nóng lắm luôn ý. Mình để ý thấy đa số các quán đều nấu chao đỏ, cá biệt có ngoài Thành Giao là chao đen thôi. Thịt ở đây cục bự lắm, cái lẩu 120k mà nhiều thịt, thịt mềm, đồ bổi cũng nhiều nữa. Mấy cái đồ ăn linh tinh mà bỏ ngoài dĩa nhỏ thì ăn là tính tiền thêm 10 - 15k 1 dĩaXem thêm",120
1524,Ron Swift,12/7/2018 23:05,7.4,"Lần trước có voucher của quán nên có ghé ăn thử, thấy cũng được nên mỗi lần muốn ăn vịt nấu chao là mình ghé đây luôn chứ làm biếng thử quán khác sợ không ngon bằng. Vị cũng khá ổn, không xuất sắc lắm nhưng cũng vừa ăn. Được cái so với mình, mình thấy nồi lẩu chất lượng, thịt nhiều, mềm và cũng ngon. Mấy món linh tinh trên bàn đều tính tiền riêng, kể cả nấm, chỉ có rau là free. Mình đi sớm nên quán chưa đông lắm, ngồi cũng thoải mái, tối khách vào đông nên hơi ngộp.Xem thêm",120
1525,Ellen Tiền,16/3/2018 23:43,7.8,"Lần đầu đến Cần Thơ, được bạn giới thiệu đặc sản Vịt Nấu Chao nên ghé quán ăn thử. Ấn tượng đầu tiên là quán khá sáng sủa và sạch sẽ, nhân viên cũng nhiệt tình. Mình đi 2 người nên kêu nồi lẩu nhỏ, sau đó nhân viên bưng ra mấy món ăn kèm, ăn gì tính nấy. Nồi lẩu vừa bưng ra nhìn hết hồn, bự chà bá luôn, cỡ này 4 người ăn còn đủ. Nước vịt ăn cũng ổn, thịt vịt cũng vừa phải, ko quá dai. Tụi mình ăn nồi lẩu, thêm bắp non và tàu hủ ki, 1 chai 7 up tổng cộng hết 175k, no banh. Quá ổn cho một buổi tối 😋Xem thêm",120
1526,Tanu Oh,14/2/2018 16:30,8.4,"Được bạn mời đi ăn vịt nấu chao, và biết ngay là nó sẽ chọn Cẩn Tú. Nó là fan ruột của Cẩm Tú từ thời có 1 cơ sở mà giờ thành 2-3 cơ sở rồi. Món vịt nấu chao ở đây có tiếng thì khỏi bàn cải rồi, muốn sang thì lại Thành Giao, muốn bình dân thì vào sâu bên chút tí, điển hình như Cẩm Tú này đây.
Có nhân viên trông dắt xe nên cũng khá an tâm. Nhân viên phục vụ vui vẻ, nhiệt tình. Lần nào ăn cũng thế, chưa hề bị nhân viên tỏ thái độ. Lẩu ở đây trung bình từ 120k, tùy lượng người ăn mà thêm bớt, họ rất vui vẻ, đừng lo lắng gì, không biết cứ hỏi giá. Rau khá nhiều, còn có các món bổ trợ thêm, luu ý là ăn thêm cái gì tính tiền thêm cái đó, không có đi kèm lẩu nhé, kể cả bún và mì, ngoại trừ rau thôi! Chúc các bạn ăn ngon miệng!Xem thêm",120
1527,Nhí Nhố,27/1/2018 22:26,7.0,"Quán rất đông khách, lẩu nhiều ăn ngon giá hợp lí, quán phục vụ ok.Xem thêm",120
1528,Ron Swift,20/1/2018 18:41,7.0,"Nghe mọi người nói lẩu vịt nấu chao thì phải vào Thành Giao ăn, mà mình có thử một lần rồi, thấy không ngon lắm mà giá thì lại cao nữa. Tình cờ hồi đợt đổi được voucher của quán này rồi đi ăn thử, giờ mỗi khi thèm vịt nấu chao thì mình luôn chọn ở đây. 
Nguyên con đường toàn mấy quán bán vịt nấu chao thôi, quán này nằm hơi sâu một chút. Có bãi giữ xe riêng nên cũng đỡ, mà lúc nào cũng đông. Nồi lẩu nhiều thịt, cục nào cục nấy to tướng, mà mềm chứ không bị cứng.Xem thêm",120
